# EDCF-Shield (our method) results,,,,,,,,,,,,,,,,,,,,,,,,,,,,,,,,,,,,,,,,,,,,,,,
# MCC DECREASES with attack% (Eq 3.4 mobility camouflage),,,,,,,,,,,,,,,,,,,,,,,,,,,,,,,,,,,,,,,,,,,,,,,
method,scenario,key_type,atk_key_type,atk_count,atk_pct,cycle,row_type,time_s,TP,TN,FP,FN,Accuracy,MCC,F1,Precision,Recall,DetRate_pct,PDR_pct,ch_load_pct,CFSR,PAIR,CDR,EML_trusted_ms,EML_bypass_ms,EML_safe_ms,SO_V2I_bytes,SO_RSU2BC_bytes,MCR,CCR,BLP_throughput_tx_s,BLP_merkle_ms,BLP_multisig_ms,KRP_rekey_ms,KRP_demote_ms,label,detected,hmac_valid_pct,delta_tm_rate,gamma,eps_topo,d_prop,eta_c,phi_v1_net,phi_v2_net,phi_v3_net,n_vehicles_active
EDCF-Shield,v2a,FALCON1024+HMAC-SHA512+AES256GCM+DKG4of7,STOLEN_KEY,0,0,1,CYCLE,2,2000,0,0,0,1,0.5,1,1,1,0,100,0,0,0,1,0,0,0,76,1448,0,1,0,0,0,0,0,benign,0,1,-100,1,0,0,0,0,0,0,200
EDCF-Shield,v2a,FALCON1024+HMAC-SHA512+AES256GCM+DKG4of7,STOLEN_KEY,0,0,1,CUMULATIVE,2,2000,0,0,0,1,0.5,1,1,1,0,100,0,0,0,1,0,0,0,76,1448,0,1,0,0,0,0,0,benign,0,1,-100,1,0,0,0,0,0,0,200
EDCF-Shield,v2a,FALCON1024+HMAC-SHA512+AES256GCM+DKG4of7,STOLEN_KEY,0,0,2,CYCLE,4,2000,0,0,0,1,0.5,1,1,1,0,100,0,0,0,1,0,0,0,76,1448,0.5,1,0.25,2,0,0,0,benign,0,1,-100,1,0,0,0,0,0,0,200
EDCF-Shield,v2a,FALCON1024+HMAC-SHA512+AES256GCM+DKG4of7,STOLEN_KEY,0,0,2,CUMULATIVE,4,4000,0,0,0,1,0.5,1,1,1,0,100,0,0,0,1,0,0,0,76,1448,0.5,1,0.25,2,0,0,0,benign,0,1,-100,1,0,0,0,0,0,0,200
EDCF-Shield,v2a,FALCON1024+HMAC-SHA512+AES256GCM+DKG4of7,STOLEN_KEY,0,0,3,CYCLE,6,2000,0,0,0,1,0.5,1,1,1,0,100,0,0,0,1,0,0,0,76,1448,0.5,1,0.3333,2,0,0,0,benign,0,1,-100,1,0,0,0,0,0,0,200
EDCF-Shield,v2a,FALCON1024+HMAC-SHA512+AES256GCM+DKG4of7,STOLEN_KEY,0,0,3,CUMULATIVE,6,6000,0,0,0,1,0.5,1,1,1,0,100,0,0,0,1,0,0,0,76,1448,0.5,1,0.3333,2,0,0,0,benign,0,1,-100,1,0,0,0,0,0,0,200
EDCF-Shield,v2a,FALCON1024+HMAC-SHA512+AES256GCM+DKG4of7,STOLEN_KEY,0,0,4,CYCLE,8,2000,0,0,0,1,0.5,1,1,1,0,100,0,0,0,1,0,0,0,76,1448,0.5,1,0.375,2,0,0,0,benign,0,1,-100,1,0,0,0,0,0,0,200
EDCF-Shield,v2a,FALCON1024+HMAC-SHA512+AES256GCM+DKG4of7,STOLEN_KEY,0,0,4,CUMULATIVE,8,8000,0,0,0,1,0.5,1,1,1,0,100,0,0,0,1,0,0,0,76,1448,0.5,1,0.375,2,0,0,0,benign,0,1,-100,1,0,0,0,0,0,0,200
EDCF-Shield,v2a,FALCON1024+HMAC-SHA512+AES256GCM+DKG4of7,STOLEN_KEY,0,0,5,CYCLE,10,2000,0,0,0,1,0.5,1,1,1,0,100,0,0,0,1,0,0,0,76,1448,0.5,1,0.4,2,0,0,0,benign,0,1,-100,1,0,0,0,0,0,0,200
EDCF-Shield,v2a,FALCON1024+HMAC-SHA512+AES256GCM+DKG4of7,STOLEN_KEY,0,0,5,CUMULATIVE,10,10000,0,0,0,1,0.5,1,1,1,0,100,0,0,0,1,0,0,0,76,1448,0.5,1,0.4,2,0,0,0,benign,0,1,-100,1,0,0,0,0,0,0,200
EDCF-Shield,v2a,FALCON1024+HMAC-SHA512+AES256GCM+DKG4of7,STOLEN_KEY,0,0,6,CYCLE,12,2000,0,0,0,1,0.5,1,1,1,0,100,0,0,0,1,0,0,0,76,1448,0.5,1,0.4167,2,0,0,0,benign,0,1,-100,1,0,0,0,0,0,0,200
EDCF-Shield,v2a,FALCON1024+HMAC-SHA512+AES256GCM+DKG4of7,STOLEN_KEY,0,0,6,CUMULATIVE,12,12000,0,0,0,1,0.5,1,1,1,0,100,0,0,0,1,0,0,0,76,1448,0.5,1,0.4167,2,0,0,0,benign,0,1,-100,1,0,0,0,0,0,0,200
EDCF-Shield,v2a,FALCON1024+HMAC-SHA512+AES256GCM+DKG4of7,STOLEN_KEY,0,0,7,CYCLE,14,2000,0,0,0,1,0.5,1,1,1,0,100,0,0,0,1,0,0,0,76,1448,0.5,1,0.4286,2,0,0,0,benign,0,1,-100,1,0,0,0,0,0,0,200
EDCF-Shield,v2a,FALCON1024+HMAC-SHA512+AES256GCM+DKG4of7,STOLEN_KEY,0,0,7,CUMULATIVE,14,14000,0,0,0,1,0.5,1,1,1,0,100,0,0,0,1,0,0,0,76,1448,0.5,1,0.4286,2,0,0,0,benign,0,1,-100,1,0,0,0,0,0,0,200
EDCF-Shield,v2a,FALCON1024+HMAC-SHA512+AES256GCM+DKG4of7,STOLEN_KEY,0,0,8,CYCLE,16,2000,0,0,0,1,0.5,1,1,1,0,100,0,0,0,1,0,0,0,76,1448,0.5,1,0.4375,2,0,0,0,benign,0,1,-100,1,0,0,0,0,0,0,200
EDCF-Shield,v2a,FALCON1024+HMAC-SHA512+AES256GCM+DKG4of7,STOLEN_KEY,0,0,8,CUMULATIVE,16,16000,0,0,0,1,0.5,1,1,1,0,100,0,0,0,1,0,0,0,76,1448,0.5,1,0.4375,2,0,0,0,benign,0,1,-100,1,0,0,0,0,0,0,200
EDCF-Shield,v2a,FALCON1024+HMAC-SHA512+AES256GCM+DKG4of7,STOLEN_KEY,0,0,9,CYCLE,18,2000,0,0,0,1,0.5,1,1,1,0,100,0,0,0,1,0,0,0,76,1448,0.5,1,0.4444,2,0,0,0,benign,0,1,-100,1,0,0,0,0,0,0,200
EDCF-Shield,v2a,FALCON1024+HMAC-SHA512+AES256GCM+DKG4of7,STOLEN_KEY,0,0,9,CUMULATIVE,18,18000,0,0,0,1,0.5,1,1,1,0,100,0,0,0,1,0,0,0,76,1448,0.5,1,0.4444,2,0,0,0,benign,0,1,-100,1,0,0,0,0,0,0,200
EDCF-Shield,v2a,FALCON1024+HMAC-SHA512+AES256GCM+DKG4of7,STOLEN_KEY,0,0,10,CYCLE,20,2000,0,0,0,1,0.5,1,1,1,0,100,0,0,0,1,0,0,0,76,1448,0.5,1,0.45,2,0,0,0,benign,0,1,-100,1,0,0,0,0,0,0,200
EDCF-Shield,v2a,FALCON1024+HMAC-SHA512+AES256GCM+DKG4of7,STOLEN_KEY,0,0,10,CUMULATIVE,20,20000,0,0,0,1,0.5,1,1,1,0,100,0,0,0,1,0,0,0,76,1448,0.5,1,0.45,2,0,0,0,benign,0,1,-100,1,0,0,0,0,0,0,200
EDCF-Shield,v2a,FALCON1024+HMAC-SHA512+AES256GCM+DKG4of7,STOLEN_KEY,0,0,11,CYCLE,22,2000,0,0,0,1,0.5,1,1,1,0,100,0,0,0,1,0,0,0,76,1448,0.5,1,0.4545,2,0,0,0,benign,0,1,-100,1,0,0,0,0,0,0,200
EDCF-Shield,v2a,FALCON1024+HMAC-SHA512+AES256GCM+DKG4of7,STOLEN_KEY,0,0,11,CUMULATIVE,22,22000,0,0,0,1,0.5,1,1,1,0,100,0,0,0,1,0,0,0,76,1448,0.5,1,0.4545,2,0,0,0,benign,0,1,-100,1,0,0,0,0,0,0,200
EDCF-Shield,v2a,FALCON1024+HMAC-SHA512+AES256GCM+DKG4of7,STOLEN_KEY,0,0,12,CYCLE,24,2000,0,0,0,1,0.5,1,1,1,0,100,0,0,0,1,0,0,0,76,1448,0.5,1,0.4583,2,0,0,0,benign,0,1,-100,1,0,0,0,0,0,0,200
EDCF-Shield,v2a,FALCON1024+HMAC-SHA512+AES256GCM+DKG4of7,STOLEN_KEY,0,0,12,CUMULATIVE,24,24000,0,0,0,1,0.5,1,1,1,0,100,0,0,0,1,0,0,0,76,1448,0.5,1,0.4583,2,0,0,0,benign,0,1,-100,1,0,0,0,0,0,0,200
EDCF-Shield,v2a,FALCON1024+HMAC-SHA512+AES256GCM+DKG4of7,STOLEN_KEY,0,0,13,CYCLE,26,2000,0,0,0,1,0.5,1,1,1,0,100,0,0,0,1,0,0,0,76,1448,0.5,1,0.4615,2,0,0,0,benign,0,1,-100,1,0,0,0,0,0,0,200
EDCF-Shield,v2a,FALCON1024+HMAC-SHA512+AES256GCM+DKG4of7,STOLEN_KEY,0,0,13,CUMULATIVE,26,26000,0,0,0,1,0.5,1,1,1,0,100,0,0,0,1,0,0,0,76,1448,0.5,1,0.4615,2,0,0,0,benign,0,1,-100,1,0,0,0,0,0,0,200
EDCF-Shield,v2a,FALCON1024+HMAC-SHA512+AES256GCM+DKG4of7,STOLEN_KEY,0,0,14,CYCLE,28,2000,0,0,0,1,0.5,1,1,1,0,100,0,0,0,1,0,0,0,76,1448,0.5,1,0.4643,2,0,0,0,benign,0,1,-100,1,0,0,0,0,0,0,200
EDCF-Shield,v2a,FALCON1024+HMAC-SHA512+AES256GCM+DKG4of7,STOLEN_KEY,0,0,14,CUMULATIVE,28,28000,0,0,0,1,0.5,1,1,1,0,100,0,0,0,1,0,0,0,76,1448,0.5,1,0.4643,2,0,0,0,benign,0,1,-100,1,0,0,0,0,0,0,200
EDCF-Shield,v2a,FALCON1024+HMAC-SHA512+AES256GCM+DKG4of7,STOLEN_KEY,0,0,15,CYCLE,30,2000,0,0,0,1,0.5,1,1,1,0,100,0,0,0,1,0,0,0,76,1448,0.5,1,0.4667,2,0,0,0,benign,0,1,-100,1,0,0,0,0,0,0,200
EDCF-Shield,v2a,FALCON1024+HMAC-SHA512+AES256GCM+DKG4of7,STOLEN_KEY,0,0,15,CUMULATIVE,30,30000,0,0,0,1,0.5,1,1,1,0,100,0,0,0,1,0,0,0,76,1448,0.5,1,0.4667,2,0,0,0,benign,0,1,-100,1,0,0,0,0,0,0,200
EDCF-Shield,v2a,FALCON1024+HMAC-SHA512+AES256GCM+DKG4of7,STOLEN_KEY,0,0,16,CYCLE,32,2000,0,0,0,1,0.5,1,1,1,0,100,0,0,0,1,0,0,0,76,1448,0.5,1,0.4688,2,0,0,0,benign,0,1,-100,1,0,0,0,0,0,0,200
EDCF-Shield,v2a,FALCON1024+HMAC-SHA512+AES256GCM+DKG4of7,STOLEN_KEY,0,0,16,CUMULATIVE,32,32000,0,0,0,1,0.5,1,1,1,0,100,0,0,0,1,0,0,0,76,1448,0.5,1,0.4688,2,0,0,0,benign,0,1,-100,1,0,0,0,0,0,0,200
EDCF-Shield,v2a,FALCON1024+HMAC-SHA512+AES256GCM+DKG4of7,STOLEN_KEY,0,0,17,CYCLE,34,2000,0,0,0,1,0.5,1,1,1,0,100,0,0,0,1,0,0,0,76,1448,0.5,1,0.4706,2,0,0,0,benign,0,1,-100,1,0,0,0,0,0,0,200
EDCF-Shield,v2a,FALCON1024+HMAC-SHA512+AES256GCM+DKG4of7,STOLEN_KEY,0,0,17,CUMULATIVE,34,34000,0,0,0,1,0.5,1,1,1,0,100,0,0,0,1,0,0,0,76,1448,0.5,1,0.4706,2,0,0,0,benign,0,1,-100,1,0,0,0,0,0,0,200
EDCF-Shield,v2a,FALCON1024+HMAC-SHA512+AES256GCM+DKG4of7,STOLEN_KEY,0,0,18,CYCLE,36,2000,0,0,0,1,0.5,1,1,1,0,100,0,0,0,1,0,0,0,76,1448,0.5,1,0.4722,2,0,0,0,benign,0,1,-100,1,0,0,0,0,0,0,200
EDCF-Shield,v2a,FALCON1024+HMAC-SHA512+AES256GCM+DKG4of7,STOLEN_KEY,0,0,18,CUMULATIVE,36,36000,0,0,0,1,0.5,1,1,1,0,100,0,0,0,1,0,0,0,76,1448,0.5,1,0.4722,2,0,0,0,benign,0,1,-100,1,0,0,0,0,0,0,200
EDCF-Shield,v2a,FALCON1024+HMAC-SHA512+AES256GCM+DKG4of7,STOLEN_KEY,0,0,19,CYCLE,38,2000,0,0,0,1,0.5,1,1,1,0,100,0,0,0,1,0,0,0,76,1448,0.5,1,0.4737,2,0,0,0,benign,0,1,-100,1,0,0,0,0,0,0,200
EDCF-Shield,v2a,FALCON1024+HMAC-SHA512+AES256GCM+DKG4of7,STOLEN_KEY,0,0,19,CUMULATIVE,38,38000,0,0,0,1,0.5,1,1,1,0,100,0,0,0,1,0,0,0,76,1448,0.5,1,0.4737,2,0,0,0,benign,0,1,-100,1,0,0,0,0,0,0,200
EDCF-Shield,v2a,FALCON1024+HMAC-SHA512+AES256GCM+DKG4of7,STOLEN_KEY,0,0,20,CYCLE,40,2000,0,0,0,1,0.5,1,1,1,0,100,0,0,0,1,0,0,0,76,1448,0.5,1,0.475,2,0,0,0,benign,0,1,-100,1,0,0,0,0,0,0,200
EDCF-Shield,v2a,FALCON1024+HMAC-SHA512+AES256GCM+DKG4of7,STOLEN_KEY,0,0,20,CUMULATIVE,40,40000,0,0,0,1,0.5,1,1,1,0,100,0,0,0,1,0,0,0,76,1448,0.5,1,0.475,2,0,0,0,benign,0,1,-100,1,0,0,0,0,0,0,200
EDCF-Shield,v2a,FALCON1024+HMAC-SHA512+AES256GCM+DKG4of7,STOLEN_KEY,0,0,21,CYCLE,42,2000,0,0,0,1,0.5,1,1,1,0,100,0,0,0,1,0,0,0,76,1448,0.5,1,0.4762,2,0,0,0,benign,0,1,-100,1,0,0,0,0,0,0,200
EDCF-Shield,v2a,FALCON1024+HMAC-SHA512+AES256GCM+DKG4of7,STOLEN_KEY,0,0,21,CUMULATIVE,42,42000,0,0,0,1,0.5,1,1,1,0,100,0,0,0,1,0,0,0,76,1448,0.5,1,0.4762,2,0,0,0,benign,0,1,-100,1,0,0,0,0,0,0,200
EDCF-Shield,v2a,FALCON1024+HMAC-SHA512+AES256GCM+DKG4of7,STOLEN_KEY,0,0,22,CYCLE,44,2000,0,0,0,1,0.5,1,1,1,0,100,0,0,0,1,0,0,0,76,1448,0.5,1,0.4773,2,0,0,0,benign,0,1,-100,1,0,0,0,0,0,0,200
EDCF-Shield,v2a,FALCON1024+HMAC-SHA512+AES256GCM+DKG4of7,STOLEN_KEY,0,0,22,CUMULATIVE,44,44000,0,0,0,1,0.5,1,1,1,0,100,0,0,0,1,0,0,0,76,1448,0.5,1,0.4773,2,0,0,0,benign,0,1,-100,1,0,0,0,0,0,0,200
EDCF-Shield,v2a,FALCON1024+HMAC-SHA512+AES256GCM+DKG4of7,STOLEN_KEY,0,0,23,CYCLE,46,2000,0,0,0,1,0.5,1,1,1,0,100,0,0,0,1,0,0,0,76,1448,0.5,1,0.4783,2,0,0,0,benign,0,1,-100,1,0,0,0,0,0,0,200
EDCF-Shield,v2a,FALCON1024+HMAC-SHA512+AES256GCM+DKG4of7,STOLEN_KEY,0,0,23,CUMULATIVE,46,46000,0,0,0,1,0.5,1,1,1,0,100,0,0,0,1,0,0,0,76,1448,0.5,1,0.4783,2,0,0,0,benign,0,1,-100,1,0,0,0,0,0,0,200
EDCF-Shield,v2a,FALCON1024+HMAC-SHA512+AES256GCM+DKG4of7,STOLEN_KEY,0,0,24,CYCLE,48,2000,0,0,0,1,0.5,1,1,1,0,100,0,0,0,1,0,0,0,76,1448,0.5,1,0.4792,2,0,0,0,benign,0,1,-100,1,0,0,0,0,0,0,200
EDCF-Shield,v2a,FALCON1024+HMAC-SHA512+AES256GCM+DKG4of7,STOLEN_KEY,0,0,24,CUMULATIVE,48,48000,0,0,0,1,0.5,1,1,1,0,100,0,0,0,1,0,0,0,76,1448,0.5,1,0.4792,2,0,0,0,benign,0,1,-100,1,0,0,0,0,0,0,200
EDCF-Shield,v2a,FALCON1024+HMAC-SHA512+AES256GCM+DKG4of7,STOLEN_KEY,0,0,25,CYCLE,50,2000,0,0,0,1,0.5,1,1,1,0,100,0,0,0,1,0,0,0,76,1448,0.5,1,0.48,2,0,0,0,benign,0,1,-100,1,0,0,0,0,0,0,200
EDCF-Shield,v2a,FALCON1024+HMAC-SHA512+AES256GCM+DKG4of7,STOLEN_KEY,0,0,25,CUMULATIVE,50,50000,0,0,0,1,0.5,1,1,1,0,100,0,0,0,1,0,0,0,76,1448,0.5,1,0.48,2,0,0,0,benign,0,1,-100,1,0,0,0,0,0,0,200
EDCF-Shield,v2a,FALCON1024+HMAC-SHA512+AES256GCM+DKG4of7,STOLEN_KEY,0,0,26,CYCLE,52,2000,0,0,0,1,0.5,1,1,1,0,100,0,0,0,1,0,0,0,76,1448,0.5,1,0.4808,2,0,0,0,benign,0,1,-100,1,0,0,0,0,0,0,200
EDCF-Shield,v2a,FALCON1024+HMAC-SHA512+AES256GCM+DKG4of7,STOLEN_KEY,0,0,26,CUMULATIVE,52,52000,0,0,0,1,0.5,1,1,1,0,100,0,0,0,1,0,0,0,76,1448,0.5,1,0.4808,2,0,0,0,benign,0,1,-100,1,0,0,0,0,0,0,200
EDCF-Shield,v2a,FALCON1024+HMAC-SHA512+AES256GCM+DKG4of7,STOLEN_KEY,0,0,27,CYCLE,54,2000,0,0,0,1,0.5,1,1,1,0,100,0,0,0,1,0,0,0,76,1448,0.5,1,0.4815,2,0,0,0,benign,0,1,-100,1,0,0,0,0,0,0,200
EDCF-Shield,v2a,FALCON1024+HMAC-SHA512+AES256GCM+DKG4of7,STOLEN_KEY,0,0,27,CUMULATIVE,54,54000,0,0,0,1,0.5,1,1,1,0,100,0,0,0,1,0,0,0,76,1448,0.5,1,0.4815,2,0,0,0,benign,0,1,-100,1,0,0,0,0,0,0,200
EDCF-Shield,v2a,FALCON1024+HMAC-SHA512+AES256GCM+DKG4of7,STOLEN_KEY,0,0,28,CYCLE,56,2000,0,0,0,1,0.5,1,1,1,0,100,0,0,0,1,0,0,0,76,1448,0.5,1,0.4821,2,0,0,0,benign,0,1,-100,1,0,0,0,0,0,0,200
EDCF-Shield,v2a,FALCON1024+HMAC-SHA512+AES256GCM+DKG4of7,STOLEN_KEY,0,0,28,CUMULATIVE,56,56000,0,0,0,1,0.5,1,1,1,0,100,0,0,0,1,0,0,0,76,1448,0.5,1,0.4821,2,0,0,0,benign,0,1,-100,1,0,0,0,0,0,0,200
EDCF-Shield,v2a,FALCON1024+HMAC-SHA512+AES256GCM+DKG4of7,STOLEN_KEY,0,0,29,CYCLE,58,2000,0,0,0,1,0.5,1,1,1,0,100,0,0,0,1,0,0,0,76,1448,0.5,1,0.4828,2,0,0,0,benign,0,1,-100,1,0,0,0,0,0,0,200
EDCF-Shield,v2a,FALCON1024+HMAC-SHA512+AES256GCM+DKG4of7,STOLEN_KEY,0,0,29,CUMULATIVE,58,58000,0,0,0,1,0.5,1,1,1,0,100,0,0,0,1,0,0,0,76,1448,0.5,1,0.4828,2,0,0,0,benign,0,1,-100,1,0,0,0,0,0,0,200
EDCF-Shield,v2a,FALCON1024+HMAC-SHA512+AES256GCM+DKG4of7,STOLEN_KEY,0,0,30,CYCLE,60,2000,0,0,0,1,0.5,1,1,1,0,100,0,0,0,1,0,0,0,76,1448,0.5,1,0.4833,2,0,0,0,benign,0,1,-100,1,0,0,0,0,0,0,200
EDCF-Shield,v2a,FALCON1024+HMAC-SHA512+AES256GCM+DKG4of7,STOLEN_KEY,0,0,30,CUMULATIVE,60,60000,0,0,0,1,0.5,1,1,1,0,100,0,0,0,1,0,0,0,76,1448,0.5,1,0.4833,2,0,0,0,benign,0,1,-100,1,0,0,0,0,0,0,200
EDCF-Shield,v2a,FALCON1024+HMAC-SHA512+AES256GCM+DKG4of7,STOLEN_KEY,0,0,31,CYCLE,62,2000,0,0,0,1,0.5,1,1,1,0,100,0,0,0,1,0,0,0,76,1448,0.5,1,0.4839,2,0,0,0,benign,0,1,-100,1,0,0,0,0,0,0,200
EDCF-Shield,v2a,FALCON1024+HMAC-SHA512+AES256GCM+DKG4of7,STOLEN_KEY,0,0,31,CUMULATIVE,62,62000,0,0,0,1,0.5,1,1,1,0,100,0,0,0,1,0,0,0,76,1448,0.5,1,0.4839,2,0,0,0,benign,0,1,-100,1,0,0,0,0,0,0,200
EDCF-Shield,v2a,FALCON1024+HMAC-SHA512+AES256GCM+DKG4of7,STOLEN_KEY,0,0,32,CYCLE,64,2000,0,0,0,1,0.5,1,1,1,0,100,0,0,0,1,0,0,0,76,1448,0.5,1,0.4844,2,0,0,0,benign,0,1,-100,1,0,0,0,0,0,0,200
EDCF-Shield,v2a,FALCON1024+HMAC-SHA512+AES256GCM+DKG4of7,STOLEN_KEY,0,0,32,CUMULATIVE,64,64000,0,0,0,1,0.5,1,1,1,0,100,0,0,0,1,0,0,0,76,1448,0.5,1,0.4844,2,0,0,0,benign,0,1,-100,1,0,0,0,0,0,0,200
EDCF-Shield,v2a,FALCON1024+HMAC-SHA512+AES256GCM+DKG4of7,STOLEN_KEY,0,0,33,CYCLE,66,2000,0,0,0,1,0.5,1,1,1,0,100,0,0,0,1,0,0,0,76,1448,0.5,1,0.4848,2,0,0,0,benign,0,1,-100,1,0,0,0,0,0,0,200
EDCF-Shield,v2a,FALCON1024+HMAC-SHA512+AES256GCM+DKG4of7,STOLEN_KEY,0,0,33,CUMULATIVE,66,66000,0,0,0,1,0.5,1,1,1,0,100,0,0,0,1,0,0,0,76,1448,0.5,1,0.4848,2,0,0,0,benign,0,1,-100,1,0,0,0,0,0,0,200
EDCF-Shield,v2a,FALCON1024+HMAC-SHA512+AES256GCM+DKG4of7,STOLEN_KEY,0,0,34,CYCLE,68,2000,0,0,0,1,0.5,1,1,1,0,100,0,0,0,1,0,0,0,76,1448,0.5,1,0.4853,2,0,0,0,benign,0,1,-100,1,0,0,0,0,0,0,200
EDCF-Shield,v2a,FALCON1024+HMAC-SHA512+AES256GCM+DKG4of7,STOLEN_KEY,0,0,34,CUMULATIVE,68,68000,0,0,0,1,0.5,1,1,1,0,100,0,0,0,1,0,0,0,76,1448,0.5,1,0.4853,2,0,0,0,benign,0,1,-100,1,0,0,0,0,0,0,200
EDCF-Shield,v2a,FALCON1024+HMAC-SHA512+AES256GCM+DKG4of7,STOLEN_KEY,0,0,35,CYCLE,70,2000,0,0,0,1,0.5,1,1,1,0,100,0,0,0,1,0,0,0,76,1448,0.5,1,0.4857,2,0,0,0,benign,0,1,-100,1,0,0,0,0,0,0,200
EDCF-Shield,v2a,FALCON1024+HMAC-SHA512+AES256GCM+DKG4of7,STOLEN_KEY,0,0,35,CUMULATIVE,70,70000,0,0,0,1,0.5,1,1,1,0,100,0,0,0,1,0,0,0,76,1448,0.5,1,0.4857,2,0,0,0,benign,0,1,-100,1,0,0,0,0,0,0,200
EDCF-Shield,v2a,FALCON1024+HMAC-SHA512+AES256GCM+DKG4of7,STOLEN_KEY,0,0,36,CYCLE,72,2000,0,0,0,1,0.5,1,1,1,0,100,0,0,0,1,0,0,0,76,1448,0.5,1,0.4861,2,0,0,0,benign,0,1,-100,1,0,0,0,0,0,0,200
EDCF-Shield,v2a,FALCON1024+HMAC-SHA512+AES256GCM+DKG4of7,STOLEN_KEY,0,0,36,CUMULATIVE,72,72000,0,0,0,1,0.5,1,1,1,0,100,0,0,0,1,0,0,0,76,1448,0.5,1,0.4861,2,0,0,0,benign,0,1,-100,1,0,0,0,0,0,0,200
EDCF-Shield,v2a,FALCON1024+HMAC-SHA512+AES256GCM+DKG4of7,STOLEN_KEY,0,0,37,CYCLE,74,2000,0,0,0,1,0.5,1,1,1,0,100,0,0,0,1,0,0,0,76,1448,0.5,1,0.4865,2,0,0,0,benign,0,1,-100,1,0,0,0,0,0,0,200
EDCF-Shield,v2a,FALCON1024+HMAC-SHA512+AES256GCM+DKG4of7,STOLEN_KEY,0,0,37,CUMULATIVE,74,74000,0,0,0,1,0.5,1,1,1,0,100,0,0,0,1,0,0,0,76,1448,0.5,1,0.4865,2,0,0,0,benign,0,1,-100,1,0,0,0,0,0,0,200
EDCF-Shield,v2a,FALCON1024+HMAC-SHA512+AES256GCM+DKG4of7,STOLEN_KEY,0,0,38,CYCLE,76,2000,0,0,0,1,0.5,1,1,1,0,100,0,0,0,1,0,0,0,76,1448,0.5,1,0.4868,2,0,0,0,benign,0,1,-100,1,0,0,0,0,0,0,200
EDCF-Shield,v2a,FALCON1024+HMAC-SHA512+AES256GCM+DKG4of7,STOLEN_KEY,0,0,38,CUMULATIVE,76,76000,0,0,0,1,0.5,1,1,1,0,100,0,0,0,1,0,0,0,76,1448,0.5,1,0.4868,2,0,0,0,benign,0,1,-100,1,0,0,0,0,0,0,200
EDCF-Shield,v2a,FALCON1024+HMAC-SHA512+AES256GCM+DKG4of7,STOLEN_KEY,0,0,39,CYCLE,78,2000,0,0,0,1,0.5,1,1,1,0,100,0,0,0,1,0,0,0,76,1448,0.5,1,0.4872,2,0,0,0,benign,0,1,-100,1,0,0,0,0,0,0,200
EDCF-Shield,v2a,FALCON1024+HMAC-SHA512+AES256GCM+DKG4of7,STOLEN_KEY,0,0,39,CUMULATIVE,78,78000,0,0,0,1,0.5,1,1,1,0,100,0,0,0,1,0,0,0,76,1448,0.5,1,0.4872,2,0,0,0,benign,0,1,-100,1,0,0,0,0,0,0,200
EDCF-Shield,v2a,FALCON1024+HMAC-SHA512+AES256GCM+DKG4of7,STOLEN_KEY,0,0,40,CYCLE,80,2000,0,0,0,1,0.5,1,1,1,0,100,0,0,0,1,0,0,0,76,1448,0.5,1,0.4875,2,0,0,0,benign,0,1,-100,1,0,0,0,0,0,0,200
EDCF-Shield,v2a,FALCON1024+HMAC-SHA512+AES256GCM+DKG4of7,STOLEN_KEY,0,0,40,CUMULATIVE,80,80000,0,0,0,1,0.5,1,1,1,0,100,0,0,0,1,0,0,0,76,1448,0.5,1,0.4875,2,0,0,0,benign,0,1,-100,1,0,0,0,0,0,0,200
EDCF-Shield,v2a,FALCON1024+HMAC-SHA512+AES256GCM+DKG4of7,STOLEN_KEY,0,0,41,CYCLE,82,2000,0,0,0,1,0.5,1,1,1,0,100,0,0,0,1,0,0,0,76,1448,0.5,1,0.4878,2,0,0,0,benign,0,1,-100,1,0,0,0,0,0,0,200
EDCF-Shield,v2a,FALCON1024+HMAC-SHA512+AES256GCM+DKG4of7,STOLEN_KEY,0,0,41,CUMULATIVE,82,82000,0,0,0,1,0.5,1,1,1,0,100,0,0,0,1,0,0,0,76,1448,0.5,1,0.4878,2,0,0,0,benign,0,1,-100,1,0,0,0,0,0,0,200
EDCF-Shield,v2a,FALCON1024+HMAC-SHA512+AES256GCM+DKG4of7,STOLEN_KEY,0,0,42,CYCLE,84,2000,0,0,0,1,0.5,1,1,1,0,100,0,0,0,1,0,0,0,76,1448,0.5,1,0.4881,2,0,0,0,benign,0,1,-100,1,0,0,0,0,0,0,200
EDCF-Shield,v2a,FALCON1024+HMAC-SHA512+AES256GCM+DKG4of7,STOLEN_KEY,0,0,42,CUMULATIVE,84,84000,0,0,0,1,0.5,1,1,1,0,100,0,0,0,1,0,0,0,76,1448,0.5,1,0.4881,2,0,0,0,benign,0,1,-100,1,0,0,0,0,0,0,200
EDCF-Shield,v2a,FALCON1024+HMAC-SHA512+AES256GCM+DKG4of7,STOLEN_KEY,0,0,43,CYCLE,86,2000,0,0,0,1,0.5,1,1,1,0,100,0,0,0,1,0,0,0,76,1448,0.5,1,0.4884,2,0,0,0,benign,0,1,-100,1,0,0,0,0,0,0,200
EDCF-Shield,v2a,FALCON1024+HMAC-SHA512+AES256GCM+DKG4of7,STOLEN_KEY,0,0,43,CUMULATIVE,86,86000,0,0,0,1,0.5,1,1,1,0,100,0,0,0,1,0,0,0,76,1448,0.5,1,0.4884,2,0,0,0,benign,0,1,-100,1,0,0,0,0,0,0,200
EDCF-Shield,v2a,FALCON1024+HMAC-SHA512+AES256GCM+DKG4of7,STOLEN_KEY,0,0,44,CYCLE,88,2000,0,0,0,1,0.5,1,1,1,0,100,0,0,0,1,0,0,0,76,1448,0.5,1,0.4886,2,0,0,0,benign,0,1,-100,1,0,0,0,0,0,0,200
EDCF-Shield,v2a,FALCON1024+HMAC-SHA512+AES256GCM+DKG4of7,STOLEN_KEY,0,0,44,CUMULATIVE,88,88000,0,0,0,1,0.5,1,1,1,0,100,0,0,0,1,0,0,0,76,1448,0.5,1,0.4886,2,0,0,0,benign,0,1,-100,1,0,0,0,0,0,0,200
EDCF-Shield,v2a,FALCON1024+HMAC-SHA512+AES256GCM+DKG4of7,STOLEN_KEY,0,0,45,CYCLE,90,2000,0,0,0,1,0.5,1,1,1,0,100,0,0,0,1,0,0,0,76,1448,0.5,1,0.4889,2,0,0,0,benign,0,1,-100,1,0,0,0,0,0,0,200
EDCF-Shield,v2a,FALCON1024+HMAC-SHA512+AES256GCM+DKG4of7,STOLEN_KEY,0,0,45,CUMULATIVE,90,90000,0,0,0,1,0.5,1,1,1,0,100,0,0,0,1,0,0,0,76,1448,0.5,1,0.4889,2,0,0,0,benign,0,1,-100,1,0,0,0,0,0,0,200
EDCF-Shield,v2a,FALCON1024+HMAC-SHA512+AES256GCM+DKG4of7,STOLEN_KEY,0,0,46,CYCLE,92,2000,0,0,0,1,0.5,1,1,1,0,100,0,0,0,1,0,0,0,76,1448,0.5,1,0.4891,2,0,0,0,benign,0,1,-100,1,0,0,0,0,0,0,200
EDCF-Shield,v2a,FALCON1024+HMAC-SHA512+AES256GCM+DKG4of7,STOLEN_KEY,0,0,46,CUMULATIVE,92,92000,0,0,0,1,0.5,1,1,1,0,100,0,0,0,1,0,0,0,76,1448,0.5,1,0.4891,2,0,0,0,benign,0,1,-100,1,0,0,0,0,0,0,200
EDCF-Shield,v2a,FALCON1024+HMAC-SHA512+AES256GCM+DKG4of7,STOLEN_KEY,0,0,47,CYCLE,94,2000,0,0,0,1,0.5,1,1,1,0,100,0,0,0,1,0,0,0,76,1448,0.5,1,0.4894,2,0,0,0,benign,0,1,-100,1,0,0,0,0,0,0,200
EDCF-Shield,v2a,FALCON1024+HMAC-SHA512+AES256GCM+DKG4of7,STOLEN_KEY,0,0,47,CUMULATIVE,94,94000,0,0,0,1,0.5,1,1,1,0,100,0,0,0,1,0,0,0,76,1448,0.5,1,0.4894,2,0,0,0,benign,0,1,-100,1,0,0,0,0,0,0,200
EDCF-Shield,v2a,FALCON1024+HMAC-SHA512+AES256GCM+DKG4of7,STOLEN_KEY,0,0,48,CYCLE,96,2000,0,0,0,1,0.5,1,1,1,0,100,0,0,0,1,0,0,0,76,1448,0.5,1,0.4896,2,0,0,0,benign,0,1,-100,1,0,0,0,0,0,0,200
EDCF-Shield,v2a,FALCON1024+HMAC-SHA512+AES256GCM+DKG4of7,STOLEN_KEY,0,0,48,CUMULATIVE,96,96000,0,0,0,1,0.5,1,1,1,0,100,0,0,0,1,0,0,0,76,1448,0.5,1,0.4896,2,0,0,0,benign,0,1,-100,1,0,0,0,0,0,0,200
EDCF-Shield,v2a,FALCON1024+HMAC-SHA512+AES256GCM+DKG4of7,STOLEN_KEY,0,0,49,CYCLE,98,2000,0,0,0,1,0.5,1,1,1,0,100,0,0,0,1,0,0,0,76,1448,0.5,1,0.4898,2,0,0,0,benign,0,1,-100,1,0,0,0,0,0,0,200
EDCF-Shield,v2a,FALCON1024+HMAC-SHA512+AES256GCM+DKG4of7,STOLEN_KEY,0,0,49,CUMULATIVE,98,98000,0,0,0,1,0.5,1,1,1,0,100,0,0,0,1,0,0,0,76,1448,0.5,1,0.4898,2,0,0,0,benign,0,1,-100,1,0,0,0,0,0,0,200
EDCF-Shield,v2a,FALCON1024+HMAC-SHA512+AES256GCM+DKG4of7,STOLEN_KEY,0,0,50,CYCLE,100,2000,0,0,0,1,0.5,1,1,1,0,100,0,0,0,1,0,0,0,76,1448,0.5,1,0.49,2,0,0,0,benign,0,1,-100,1,0,0,0,0,0,0,200
EDCF-Shield,v2a,FALCON1024+HMAC-SHA512+AES256GCM+DKG4of7,STOLEN_KEY,0,0,50,CUMULATIVE,100,100000,0,0,0,1,0.5,1,1,1,0,100,0,0,0,1,0,0,0,76,1448,0.5,1,0.49,2,0,0,0,benign,0,1,-100,1,0,0,0,0,0,0,200
EDCF-Shield,v2a,FALCON1024+HMAC-SHA512+AES256GCM+DKG4of7,STOLEN_KEY,0,0,51,CYCLE,102,2000,0,0,0,1,0.5,1,1,1,0,100,0,0,0,1,0,0,0,76,1448,0.5,1,0.4902,2,0,0,0,benign,0,1,-100,1,0,0,0,0,0,0,200
EDCF-Shield,v2a,FALCON1024+HMAC-SHA512+AES256GCM+DKG4of7,STOLEN_KEY,0,0,51,CUMULATIVE,102,102000,0,0,0,1,0.5,1,1,1,0,100,0,0,0,1,0,0,0,76,1448,0.5,1,0.4902,2,0,0,0,benign,0,1,-100,1,0,0,0,0,0,0,200
EDCF-Shield,v2a,FALCON1024+HMAC-SHA512+AES256GCM+DKG4of7,STOLEN_KEY,0,0,52,CYCLE,104,2000,0,0,0,1,0.5,1,1,1,0,100,0,0,0,1,0,0,0,76,1448,0.5,1,0.4904,2,0,0,0,benign,0,1,-100,1,0,0,0,0,0,0,200
EDCF-Shield,v2a,FALCON1024+HMAC-SHA512+AES256GCM+DKG4of7,STOLEN_KEY,0,0,52,CUMULATIVE,104,104000,0,0,0,1,0.5,1,1,1,0,100,0,0,0,1,0,0,0,76,1448,0.5,1,0.4904,2,0,0,0,benign,0,1,-100,1,0,0,0,0,0,0,200
EDCF-Shield,v2a,FALCON1024+HMAC-SHA512+AES256GCM+DKG4of7,STOLEN_KEY,0,0,53,CYCLE,106,2000,0,0,0,1,0.5,1,1,1,0,100,0,0,0,1,0,0,0,76,1448,0.5,1,0.4906,2,0,0,0,benign,0,1,-100,1,0,0,0,0,0,0,200
EDCF-Shield,v2a,FALCON1024+HMAC-SHA512+AES256GCM+DKG4of7,STOLEN_KEY,0,0,53,CUMULATIVE,106,106000,0,0,0,1,0.5,1,1,1,0,100,0,0,0,1,0,0,0,76,1448,0.5,1,0.4906,2,0,0,0,benign,0,1,-100,1,0,0,0,0,0,0,200
EDCF-Shield,v2a,FALCON1024+HMAC-SHA512+AES256GCM+DKG4of7,STOLEN_KEY,0,0,54,CYCLE,108,2000,0,0,0,1,0.5,1,1,1,0,100,0,0,0,1,0,0,0,76,1448,0.5,1,0.4907,2,0,0,0,benign,0,1,-100,1,0,0,0,0,0,0,200
EDCF-Shield,v2a,FALCON1024+HMAC-SHA512+AES256GCM+DKG4of7,STOLEN_KEY,0,0,54,CUMULATIVE,108,108000,0,0,0,1,0.5,1,1,1,0,100,0,0,0,1,0,0,0,76,1448,0.5,1,0.4907,2,0,0,0,benign,0,1,-100,1,0,0,0,0,0,0,200
EDCF-Shield,v2a,FALCON1024+HMAC-SHA512+AES256GCM+DKG4of7,STOLEN_KEY,0,0,55,CYCLE,110,2000,0,0,0,1,0.5,1,1,1,0,100,0,0,0,1,0,0,0,76,1448,0.5,1,0.4909,2,0,0,0,benign,0,1,-100,1,0,0,0,0,0,0,200
EDCF-Shield,v2a,FALCON1024+HMAC-SHA512+AES256GCM+DKG4of7,STOLEN_KEY,0,0,55,CUMULATIVE,110,110000,0,0,0,1,0.5,1,1,1,0,100,0,0,0,1,0,0,0,76,1448,0.5,1,0.4909,2,0,0,0,benign,0,1,-100,1,0,0,0,0,0,0,200
EDCF-Shield,v2a,FALCON1024+HMAC-SHA512+AES256GCM+DKG4of7,STOLEN_KEY,0,0,56,CYCLE,112,2000,0,0,0,1,0.5,1,1,1,0,100,0,0,0,1,0,0,0,76,1448,0.5,1,0.4911,2,0,0,0,benign,0,1,-100,1,0,0,0,0,0,0,200
EDCF-Shield,v2a,FALCON1024+HMAC-SHA512+AES256GCM+DKG4of7,STOLEN_KEY,0,0,56,CUMULATIVE,112,112000,0,0,0,1,0.5,1,1,1,0,100,0,0,0,1,0,0,0,76,1448,0.5,1,0.4911,2,0,0,0,benign,0,1,-100,1,0,0,0,0,0,0,200
EDCF-Shield,v2a,FALCON1024+HMAC-SHA512+AES256GCM+DKG4of7,STOLEN_KEY,0,0,57,CYCLE,114,2000,0,0,0,1,0.5,1,1,1,0,100,0,0,0,1,0,0,0,76,1448,0.5,1,0.4912,2,0,0,0,benign,0,1,-100,1,0,0,0,0,0,0,200
EDCF-Shield,v2a,FALCON1024+HMAC-SHA512+AES256GCM+DKG4of7,STOLEN_KEY,0,0,57,CUMULATIVE,114,114000,0,0,0,1,0.5,1,1,1,0,100,0,0,0,1,0,0,0,76,1448,0.5,1,0.4912,2,0,0,0,benign,0,1,-100,1,0,0,0,0,0,0,200
EDCF-Shield,v2a,FALCON1024+HMAC-SHA512+AES256GCM+DKG4of7,STOLEN_KEY,0,0,58,CYCLE,116,2000,0,0,0,1,0.5,1,1,1,0,100,0,0,0,1,0,0,0,76,1448,0.5,1,0.4914,2,0,0,0,benign,0,1,-100,1,0,0,0,0,0,0,200
EDCF-Shield,v2a,FALCON1024+HMAC-SHA512+AES256GCM+DKG4of7,STOLEN_KEY,0,0,58,CUMULATIVE,116,116000,0,0,0,1,0.5,1,1,1,0,100,0,0,0,1,0,0,0,76,1448,0.5,1,0.4914,2,0,0,0,benign,0,1,-100,1,0,0,0,0,0,0,200
EDCF-Shield,v2a,FALCON1024+HMAC-SHA512+AES256GCM+DKG4of7,STOLEN_KEY,0,0,59,CYCLE,118,2000,0,0,0,1,0.5,1,1,1,0,100,0,0,0,1,0,0,0,76,1448,0.5,1,0.4915,2,0,0,0,benign,0,1,-100,1,0,0,0,0,0,0,200
EDCF-Shield,v2a,FALCON1024+HMAC-SHA512+AES256GCM+DKG4of7,STOLEN_KEY,0,0,59,CUMULATIVE,118,118000,0,0,0,1,0.5,1,1,1,0,100,0,0,0,1,0,0,0,76,1448,0.5,1,0.4915,2,0,0,0,benign,0,1,-100,1,0,0,0,0,0,0,200
EDCF-Shield,v2a,FALCON1024+HMAC-SHA512+AES256GCM+DKG4of7,STOLEN_KEY,0,0,60,CYCLE,120,2000,0,0,0,1,0.5,1,1,1,0,100,0,0,0,1,0,0,0,76,1448,0.5,1,0.4917,2,0,0,0,benign,0,1,-100,1,0,0,0,0,0,0,200
EDCF-Shield,v2a,FALCON1024+HMAC-SHA512+AES256GCM+DKG4of7,STOLEN_KEY,0,0,60,CUMULATIVE,120,120000,0,0,0,1,0.5,1,1,1,0,100,0,0,0,1,0,0,0,76,1448,0.5,1,0.4917,2,0,0,0,benign,0,1,-100,1,0,0,0,0,0,0,200
EDCF-Shield,v2a,FALCON1024+HMAC-SHA512+AES256GCM+DKG4of7,STOLEN_KEY,0,0,61,CYCLE,122,2000,0,0,0,1,0.5,1,1,1,0,100,0,0,0,1,0,0,0,76,1448,0.5,1,0.4918,2,0,0,0,benign,0,1,-100,1,0,0,0,0,0,0,200
EDCF-Shield,v2a,FALCON1024+HMAC-SHA512+AES256GCM+DKG4of7,STOLEN_KEY,0,0,61,CUMULATIVE,122,122000,0,0,0,1,0.5,1,1,1,0,100,0,0,0,1,0,0,0,76,1448,0.5,1,0.4918,2,0,0,0,benign,0,1,-100,1,0,0,0,0,0,0,200
EDCF-Shield,v2a,FALCON1024+HMAC-SHA512+AES256GCM+DKG4of7,STOLEN_KEY,0,0,62,CYCLE,124,2000,0,0,0,1,0.5,1,1,1,0,100,0,0,0,1,0,0,0,76,1448,0.5,1,0.4919,2,0,0,0,benign,0,1,-100,1,0,0,0,0,0,0,200
EDCF-Shield,v2a,FALCON1024+HMAC-SHA512+AES256GCM+DKG4of7,STOLEN_KEY,0,0,62,CUMULATIVE,124,124000,0,0,0,1,0.5,1,1,1,0,100,0,0,0,1,0,0,0,76,1448,0.5,1,0.4919,2,0,0,0,benign,0,1,-100,1,0,0,0,0,0,0,200
EDCF-Shield,v2a,FALCON1024+HMAC-SHA512+AES256GCM+DKG4of7,STOLEN_KEY,0,0,63,CYCLE,126,2000,0,0,0,1,0.5,1,1,1,0,100,0,0,0,1,0,0,0,76,1448,0.5,1,0.4921,2,0,0,0,benign,0,1,-100,1,0,0,0,0,0,0,200
EDCF-Shield,v2a,FALCON1024+HMAC-SHA512+AES256GCM+DKG4of7,STOLEN_KEY,0,0,63,CUMULATIVE,126,126000,0,0,0,1,0.5,1,1,1,0,100,0,0,0,1,0,0,0,76,1448,0.5,1,0.4921,2,0,0,0,benign,0,1,-100,1,0,0,0,0,0,0,200
EDCF-Shield,v2a,FALCON1024+HMAC-SHA512+AES256GCM+DKG4of7,STOLEN_KEY,0,0,64,CYCLE,128,2000,0,0,0,1,0.5,1,1,1,0,100,0,0,0,1,0,0,0,76,1448,0.5,1,0.4922,2,0,0,0,benign,0,1,-100,1,0,0,0,0,0,0,200
EDCF-Shield,v2a,FALCON1024+HMAC-SHA512+AES256GCM+DKG4of7,STOLEN_KEY,0,0,64,CUMULATIVE,128,128000,0,0,0,1,0.5,1,1,1,0,100,0,0,0,1,0,0,0,76,1448,0.5,1,0.4922,2,0,0,0,benign,0,1,-100,1,0,0,0,0,0,0,200
EDCF-Shield,v2a,FALCON1024+HMAC-SHA512+AES256GCM+DKG4of7,STOLEN_KEY,0,0,65,CYCLE,130,2000,0,0,0,1,0.5,1,1,1,0,100,0,0,0,1,0,0,0,76,1448,0.5,1,0.4923,2,0,0,0,benign,0,1,-100,1,0,0,0,0,0,0,200
EDCF-Shield,v2a,FALCON1024+HMAC-SHA512+AES256GCM+DKG4of7,STOLEN_KEY,0,0,65,CUMULATIVE,130,130000,0,0,0,1,0.5,1,1,1,0,100,0,0,0,1,0,0,0,76,1448,0.5,1,0.4923,2,0,0,0,benign,0,1,-100,1,0,0,0,0,0,0,200
EDCF-Shield,v2a,FALCON1024+HMAC-SHA512+AES256GCM+DKG4of7,STOLEN_KEY,0,0,66,CYCLE,132,2000,0,0,0,1,0.5,1,1,1,0,100,0,0,0,1,0,0,0,76,1448,0.5,1,0.4924,2,0,0,0,benign,0,1,-100,1,0,0,0,0,0,0,200
EDCF-Shield,v2a,FALCON1024+HMAC-SHA512+AES256GCM+DKG4of7,STOLEN_KEY,0,0,66,CUMULATIVE,132,132000,0,0,0,1,0.5,1,1,1,0,100,0,0,0,1,0,0,0,76,1448,0.5,1,0.4924,2,0,0,0,benign,0,1,-100,1,0,0,0,0,0,0,200
EDCF-Shield,v2a,FALCON1024+HMAC-SHA512+AES256GCM+DKG4of7,STOLEN_KEY,0,0,67,CYCLE,134,2000,0,0,0,1,0.5,1,1,1,0,100,0,0,0,1,0,0,0,76,1448,0.5,1,0.4925,2,0,0,0,benign,0,1,-100,1,0,0,0,0,0,0,200
EDCF-Shield,v2a,FALCON1024+HMAC-SHA512+AES256GCM+DKG4of7,STOLEN_KEY,0,0,67,CUMULATIVE,134,134000,0,0,0,1,0.5,1,1,1,0,100,0,0,0,1,0,0,0,76,1448,0.5,1,0.4925,2,0,0,0,benign,0,1,-100,1,0,0,0,0,0,0,200
EDCF-Shield,v2a,FALCON1024+HMAC-SHA512+AES256GCM+DKG4of7,STOLEN_KEY,0,0,68,CYCLE,136,2000,0,0,0,1,0.5,1,1,1,0,100,0,0,0,1,0,0,0,76,1448,0.5,1,0.4926,2,0,0,0,benign,0,1,-100,1,0,0,0,0,0,0,200
EDCF-Shield,v2a,FALCON1024+HMAC-SHA512+AES256GCM+DKG4of7,STOLEN_KEY,0,0,68,CUMULATIVE,136,136000,0,0,0,1,0.5,1,1,1,0,100,0,0,0,1,0,0,0,76,1448,0.5,1,0.4926,2,0,0,0,benign,0,1,-100,1,0,0,0,0,0,0,200
EDCF-Shield,v2a,FALCON1024+HMAC-SHA512+AES256GCM+DKG4of7,STOLEN_KEY,0,0,69,CYCLE,138,2000,0,0,0,1,0.5,1,1,1,0,100,0,0,0,1,0,0,0,76,1448,0.5,1,0.4928,2,0,0,0,benign,0,1,-100,1,0,0,0,0,0,0,200
EDCF-Shield,v2a,FALCON1024+HMAC-SHA512+AES256GCM+DKG4of7,STOLEN_KEY,0,0,69,CUMULATIVE,138,138000,0,0,0,1,0.5,1,1,1,0,100,0,0,0,1,0,0,0,76,1448,0.5,1,0.4928,2,0,0,0,benign,0,1,-100,1,0,0,0,0,0,0,200
EDCF-Shield,v2a,FALCON1024+HMAC-SHA512+AES256GCM+DKG4of7,STOLEN_KEY,0,0,70,CYCLE,140,2000,0,0,0,1,0.5,1,1,1,0,100,0,0,0,1,0,0,0,76,1448,0.5,1,0.4929,2,0,0,0,benign,0,1,-100,1,0,0,0,0,0,0,200
EDCF-Shield,v2a,FALCON1024+HMAC-SHA512+AES256GCM+DKG4of7,STOLEN_KEY,0,0,70,CUMULATIVE,140,140000,0,0,0,1,0.5,1,1,1,0,100,0,0,0,1,0,0,0,76,1448,0.5,1,0.4929,2,0,0,0,benign,0,1,-100,1,0,0,0,0,0,0,200
EDCF-Shield,v2a,FALCON1024+HMAC-SHA512+AES256GCM+DKG4of7,STOLEN_KEY,0,0,71,CYCLE,142,2000,0,0,0,1,0.5,1,1,1,0,100,0,0,0,1,0,0,0,76,1448,0.5,1,0.493,2,0,0,0,benign,0,1,-100,1,0,0,0,0,0,0,200
EDCF-Shield,v2a,FALCON1024+HMAC-SHA512+AES256GCM+DKG4of7,STOLEN_KEY,0,0,71,CUMULATIVE,142,142000,0,0,0,1,0.5,1,1,1,0,100,0,0,0,1,0,0,0,76,1448,0.5,1,0.493,2,0,0,0,benign,0,1,-100,1,0,0,0,0,0,0,200
EDCF-Shield,v2a,FALCON1024+HMAC-SHA512+AES256GCM+DKG4of7,STOLEN_KEY,0,0,72,CYCLE,144,2000,0,0,0,1,0.5,1,1,1,0,100,0,0,0,1,0,0,0,76,1448,0.5,1,0.4931,2,0,0,0,benign,0,1,-100,1,0,0,0,0,0,0,200
EDCF-Shield,v2a,FALCON1024+HMAC-SHA512+AES256GCM+DKG4of7,STOLEN_KEY,0,0,72,CUMULATIVE,144,144000,0,0,0,1,0.5,1,1,1,0,100,0,0,0,1,0,0,0,76,1448,0.5,1,0.4931,2,0,0,0,benign,0,1,-100,1,0,0,0,0,0,0,200
EDCF-Shield,v2a,FALCON1024+HMAC-SHA512+AES256GCM+DKG4of7,STOLEN_KEY,0,0,73,CYCLE,146,2000,0,0,0,1,0.5,1,1,1,0,100,0,0,0,1,0,0,0,76,1448,0.5,1,0.4932,2,0,0,0,benign,0,1,-100,1,0,0,0,0,0,0,200
EDCF-Shield,v2a,FALCON1024+HMAC-SHA512+AES256GCM+DKG4of7,STOLEN_KEY,0,0,73,CUMULATIVE,146,146000,0,0,0,1,0.5,1,1,1,0,100,0,0,0,1,0,0,0,76,1448,0.5,1,0.4932,2,0,0,0,benign,0,1,-100,1,0,0,0,0,0,0,200
EDCF-Shield,v2a,FALCON1024+HMAC-SHA512+AES256GCM+DKG4of7,STOLEN_KEY,0,0,74,CYCLE,148,2000,0,0,0,1,0.5,1,1,1,0,100,0,0,0,1,0,0,0,76,1448,0.5,1,0.4932,2,0,0,0,benign,0,1,-100,1,0,0,0,0,0,0,200
EDCF-Shield,v2a,FALCON1024+HMAC-SHA512+AES256GCM+DKG4of7,STOLEN_KEY,0,0,74,CUMULATIVE,148,148000,0,0,0,1,0.5,1,1,1,0,100,0,0,0,1,0,0,0,76,1448,0.5,1,0.4932,2,0,0,0,benign,0,1,-100,1,0,0,0,0,0,0,200
EDCF-Shield,v2a,FALCON1024+HMAC-SHA512+AES256GCM+DKG4of7,STOLEN_KEY,0,0,75,CYCLE,150,2000,0,0,0,1,0.5,1,1,1,0,100,0,0,0,1,0,0,0,76,1448,0.5,1,0.4933,2,0,0,0,benign,0,1,-100,1,0,0,0,0,0,0,200
EDCF-Shield,v2a,FALCON1024+HMAC-SHA512+AES256GCM+DKG4of7,STOLEN_KEY,0,0,75,CUMULATIVE,150,150000,0,0,0,1,0.5,1,1,1,0,100,0,0,0,1,0,0,0,76,1448,0.5,1,0.4933,2,0,0,0,benign,0,1,-100,1,0,0,0,0,0,0,200
EDCF-Shield,v2a,FALCON1024+HMAC-SHA512+AES256GCM+DKG4of7,STOLEN_KEY,0,0,76,CYCLE,152,2000,0,0,0,1,0.5,1,1,1,0,100,0,0,0,1,0,0,0,76,1448,0.5,1,0.4934,2,0,0,0,benign,0,1,-100,1,0,0,0,0,0,0,200
EDCF-Shield,v2a,FALCON1024+HMAC-SHA512+AES256GCM+DKG4of7,STOLEN_KEY,0,0,76,CUMULATIVE,152,152000,0,0,0,1,0.5,1,1,1,0,100,0,0,0,1,0,0,0,76,1448,0.5,1,0.4934,2,0,0,0,benign,0,1,-100,1,0,0,0,0,0,0,200
EDCF-Shield,v2a,FALCON1024+HMAC-SHA512+AES256GCM+DKG4of7,STOLEN_KEY,0,0,77,CYCLE,154,2000,0,0,0,1,0.5,1,1,1,0,100,0,0,0,1,0,0,0,76,1448,0.5,1,0.4935,2,0,0,0,benign,0,1,-100,1,0,0,0,0,0,0,200
EDCF-Shield,v2a,FALCON1024+HMAC-SHA512+AES256GCM+DKG4of7,STOLEN_KEY,0,0,77,CUMULATIVE,154,154000,0,0,0,1,0.5,1,1,1,0,100,0,0,0,1,0,0,0,76,1448,0.5,1,0.4935,2,0,0,0,benign,0,1,-100,1,0,0,0,0,0,0,200
EDCF-Shield,v2a,FALCON1024+HMAC-SHA512+AES256GCM+DKG4of7,STOLEN_KEY,0,0,78,CYCLE,156,2000,0,0,0,1,0.5,1,1,1,0,100,0,0,0,1,0,0,0,76,1448,0.5,1,0.4936,2,0,0,0,benign,0,1,-100,1,0,0,0,0,0,0,200
EDCF-Shield,v2a,FALCON1024+HMAC-SHA512+AES256GCM+DKG4of7,STOLEN_KEY,0,0,78,CUMULATIVE,156,156000,0,0,0,1,0.5,1,1,1,0,100,0,0,0,1,0,0,0,76,1448,0.5,1,0.4936,2,0,0,0,benign,0,1,-100,1,0,0,0,0,0,0,200
EDCF-Shield,v2a,FALCON1024+HMAC-SHA512+AES256GCM+DKG4of7,STOLEN_KEY,0,0,79,CYCLE,158,2000,0,0,0,1,0.5,1,1,1,0,100,0,0,0,1,0,0,0,76,1448,0.5,1,0.4937,2,0,0,0,benign,0,1,-100,1,0,0,0,0,0,0,200
EDCF-Shield,v2a,FALCON1024+HMAC-SHA512+AES256GCM+DKG4of7,STOLEN_KEY,0,0,79,CUMULATIVE,158,158000,0,0,0,1,0.5,1,1,1,0,100,0,0,0,1,0,0,0,76,1448,0.5,1,0.4937,2,0,0,0,benign,0,1,-100,1,0,0,0,0,0,0,200
EDCF-Shield,v2a,FALCON1024+HMAC-SHA512+AES256GCM+DKG4of7,STOLEN_KEY,0,0,80,CYCLE,160,2000,0,0,0,1,0.5,1,1,1,0,100,0,0,0,1,0,0,0,76,1448,0.5,1,0.4938,2,0,0,0,benign,0,1,-100,1,0,0,0,0,0,0,200
EDCF-Shield,v2a,FALCON1024+HMAC-SHA512+AES256GCM+DKG4of7,STOLEN_KEY,0,0,80,CUMULATIVE,160,160000,0,0,0,1,0.5,1,1,1,0,100,0,0,0,1,0,0,0,76,1448,0.5,1,0.4938,2,0,0,0,benign,0,1,-100,1,0,0,0,0,0,0,200
EDCF-Shield,v2a,FALCON1024+HMAC-SHA512+AES256GCM+DKG4of7,STOLEN_KEY,0,0,81,CYCLE,162,2000,0,0,0,1,0.5,1,1,1,0,100,0,0,0,1,0,0,0,76,1448,0.5,1,0.4938,2,0,0,0,benign,0,1,-100,1,0,0,0,0,0,0,200
EDCF-Shield,v2a,FALCON1024+HMAC-SHA512+AES256GCM+DKG4of7,STOLEN_KEY,0,0,81,CUMULATIVE,162,162000,0,0,0,1,0.5,1,1,1,0,100,0,0,0,1,0,0,0,76,1448,0.5,1,0.4938,2,0,0,0,benign,0,1,-100,1,0,0,0,0,0,0,200
EDCF-Shield,v2a,FALCON1024+HMAC-SHA512+AES256GCM+DKG4of7,STOLEN_KEY,0,0,82,CYCLE,164,2000,0,0,0,1,0.5,1,1,1,0,100,0,0,0,1,0,0,0,76,1448,0.5,1,0.4939,2,0,0,0,benign,0,1,-100,1,0,0,0,0,0,0,200
EDCF-Shield,v2a,FALCON1024+HMAC-SHA512+AES256GCM+DKG4of7,STOLEN_KEY,0,0,82,CUMULATIVE,164,164000,0,0,0,1,0.5,1,1,1,0,100,0,0,0,1,0,0,0,76,1448,0.5,1,0.4939,2,0,0,0,benign,0,1,-100,1,0,0,0,0,0,0,200
EDCF-Shield,v2a,FALCON1024+HMAC-SHA512+AES256GCM+DKG4of7,STOLEN_KEY,0,0,83,CYCLE,166,2000,0,0,0,1,0.5,1,1,1,0,100,0,0,0,1,0,0,0,76,1448,0.5,1,0.494,2,0,0,0,benign,0,1,-100,1,0,0,0,0,0,0,200
EDCF-Shield,v2a,FALCON1024+HMAC-SHA512+AES256GCM+DKG4of7,STOLEN_KEY,0,0,83,CUMULATIVE,166,166000,0,0,0,1,0.5,1,1,1,0,100,0,0,0,1,0,0,0,76,1448,0.5,1,0.494,2,0,0,0,benign,0,1,-100,1,0,0,0,0,0,0,200
EDCF-Shield,v2a,FALCON1024+HMAC-SHA512+AES256GCM+DKG4of7,STOLEN_KEY,0,0,84,CYCLE,168,2000,0,0,0,1,0.5,1,1,1,0,100,0,0,0,1,0,0,0,76,1448,0.5,1,0.494,2,0,0,0,benign,0,1,-100,1,0,0,0,0,0,0,200
EDCF-Shield,v2a,FALCON1024+HMAC-SHA512+AES256GCM+DKG4of7,STOLEN_KEY,0,0,84,CUMULATIVE,168,168000,0,0,0,1,0.5,1,1,1,0,100,0,0,0,1,0,0,0,76,1448,0.5,1,0.494,2,0,0,0,benign,0,1,-100,1,0,0,0,0,0,0,200
EDCF-Shield,v2a,FALCON1024+HMAC-SHA512+AES256GCM+DKG4of7,STOLEN_KEY,0,0,85,CYCLE,170,2000,0,0,0,1,0.5,1,1,1,0,100,0,0,0,1,0,0,0,76,1448,0.5,1,0.4941,2,0,0,0,benign,0,1,-100,1,0,0,0,0,0,0,200
EDCF-Shield,v2a,FALCON1024+HMAC-SHA512+AES256GCM+DKG4of7,STOLEN_KEY,0,0,85,CUMULATIVE,170,170000,0,0,0,1,0.5,1,1,1,0,100,0,0,0,1,0,0,0,76,1448,0.5,1,0.4941,2,0,0,0,benign,0,1,-100,1,0,0,0,0,0,0,200
EDCF-Shield,v2a,FALCON1024+HMAC-SHA512+AES256GCM+DKG4of7,STOLEN_KEY,0,0,86,CYCLE,172,2000,0,0,0,1,0.5,1,1,1,0,100,0,0,0,1,0,0,0,76,1448,0.5,1,0.4942,2,0,0,0,benign,0,1,-100,1,0,0,0,0,0,0,200
EDCF-Shield,v2a,FALCON1024+HMAC-SHA512+AES256GCM+DKG4of7,STOLEN_KEY,0,0,86,CUMULATIVE,172,172000,0,0,0,1,0.5,1,1,1,0,100,0,0,0,1,0,0,0,76,1448,0.5,1,0.4942,2,0,0,0,benign,0,1,-100,1,0,0,0,0,0,0,200
EDCF-Shield,v2a,FALCON1024+HMAC-SHA512+AES256GCM+DKG4of7,STOLEN_KEY,0,0,87,CYCLE,174,2000,0,0,0,1,0.5,1,1,1,0,100,0,0,0,1,0,0,0,76,1448,0.5,1,0.4943,2,0,0,0,benign,0,1,-100,1,0,0,0,0,0,0,200
EDCF-Shield,v2a,FALCON1024+HMAC-SHA512+AES256GCM+DKG4of7,STOLEN_KEY,0,0,87,CUMULATIVE,174,174000,0,0,0,1,0.5,1,1,1,0,100,0,0,0,1,0,0,0,76,1448,0.5,1,0.4943,2,0,0,0,benign,0,1,-100,1,0,0,0,0,0,0,200
EDCF-Shield,v2a,FALCON1024+HMAC-SHA512+AES256GCM+DKG4of7,STOLEN_KEY,0,0,88,CYCLE,176,2000,0,0,0,1,0.5,1,1,1,0,100,0,0,0,1,0,0,0,76,1448,0.5,1,0.4943,2,0,0,0,benign,0,1,-100,1,0,0,0,0,0,0,200
EDCF-Shield,v2a,FALCON1024+HMAC-SHA512+AES256GCM+DKG4of7,STOLEN_KEY,0,0,88,CUMULATIVE,176,176000,0,0,0,1,0.5,1,1,1,0,100,0,0,0,1,0,0,0,76,1448,0.5,1,0.4943,2,0,0,0,benign,0,1,-100,1,0,0,0,0,0,0,200
EDCF-Shield,v2a,FALCON1024+HMAC-SHA512+AES256GCM+DKG4of7,STOLEN_KEY,0,0,89,CYCLE,178,2000,0,0,0,1,0.5,1,1,1,0,100,0,0,0,1,0,0,0,76,1448,0.5,1,0.4944,2,0,0,0,benign,0,1,-100,1,0,0,0,0,0,0,200
EDCF-Shield,v2a,FALCON1024+HMAC-SHA512+AES256GCM+DKG4of7,STOLEN_KEY,0,0,89,CUMULATIVE,178,178000,0,0,0,1,0.5,1,1,1,0,100,0,0,0,1,0,0,0,76,1448,0.5,1,0.4944,2,0,0,0,benign,0,1,-100,1,0,0,0,0,0,0,200
EDCF-Shield,v2a,FALCON1024+HMAC-SHA512+AES256GCM+DKG4of7,STOLEN_KEY,0,0,90,CYCLE,179.5,1200,0,0,0,1,0.5,1,1,1,0,100,0,0,0,1,0,0,0,76,1448,0.5,1,0.4958,2,0,0,0,benign,0,1,-100,1,0,0,0,0,0,0,200
EDCF-Shield,v2a,FALCON1024+HMAC-SHA512+AES256GCM+DKG4of7,STOLEN_KEY,0,0,90,CUMULATIVE,179.5,179200,0,0,0,1,0.5,1,1,1,0,100,0,0,0,1,0,0,0,76,1448,0.5,1,0.4958,2,0,0,0,benign,0,1,-100,1,0,0,0,0,0,0,200
EDCF-Shield,v2a,FALCON1024+HMAC-SHA512+AES256GCM+DKG4of7,STOLEN_KEY,60,22.39,1,CYCLE,2,1400,0,0,0,1,0.5,1,1,1,0,100,0,0,0,1,0,0,0,76,1448,0,1,0,0,0,0,0,V2,0,1,-100,1,0,0,0,0,0,0,200
EDCF-Shield,v2a,FALCON1024+HMAC-SHA512+AES256GCM+DKG4of7,STOLEN_KEY,60,22.39,1,CUMULATIVE,2,1400,0,0,0,1,0.5,1,1,1,0,100,0,0,0,1,0,0,0,76,1448,0,1,0,0,0,0,0,V2,0,1,-100,1,0,0,0,0,0,0,200
EDCF-Shield,v2a,FALCON1024+HMAC-SHA512+AES256GCM+DKG4of7,STOLEN_KEY,60,22.39,2,CYCLE,4,1400,0,0,150,0.903226,0.250024,0.949153,1,0.903226,0,59.58,50.53,0,0.927536,1,0,0,0,76,1448,0,1,0.25,2,0,0,0,V2,0,0.661939,150,2,0,2,0.338061,0,1,0,200
EDCF-Shield,v2a,FALCON1024+HMAC-SHA512+AES256GCM+DKG4of7,STOLEN_KEY,60,22.39,2,CUMULATIVE,4,2800,0,0,150,0.949153,0.000053,0.973913,1,0.949153,0,72.96,33.81,0,0.927536,1,0,0,0,76,1448,0,1,0.25,2,0,0,0,V2,0,0.661939,150,2,0,2,0.338061,0,1,0,200
EDCF-Shield,v2a,FALCON1024+HMAC-SHA512+AES256GCM+DKG4of7,STOLEN_KEY,60,22.39,3,CYCLE,6,0,376,1400,14,0.210056,0.11061,0,0,0,96.41,40.06,74.92,0.676259,0.933738,1,3,0,0,76,1448,0,1,0.3333,2,3,0,0,V2,1,0.428004,500,2,0,2,0.571996,0,2,0,200
EDCF-Shield,v2a,FALCON1024+HMAC-SHA512+AES256GCM+DKG4of7,STOLEN_KEY,60,22.39,3,CUMULATIVE,6,2800,376,1400,164,0.670042,0.238245,0.781686,0.666667,0.944669,69.63,54.24,57.2,0.676259,0.933738,1,3,0,0,76,1448,0,1,0.3333,2,3,0,0,V2,1,0.428004,500,2,0,2,0.571996,0,2,0,200
EDCF-Shield,v2a,FALCON1024+HMAC-SHA512+AES256GCM+DKG4of7,STOLEN_KEY,60,22.39,4,CYCLE,8,0,630,1400,0,0.310345,0.082954,0,0,0,100,34.09,82.39,0.72063,0.933747,1,3,0,0,76,1448,0,1,0.375,2,3,0,0,V2,1,0.315262,875,2,0,2,0.684738,0,2,0,200
EDCF-Shield,v2a,FALCON1024+HMAC-SHA512+AES256GCM+DKG4of7,STOLEN_KEY,60,22.39,4,CUMULATIVE,8,2800,1006,2800,164,0.562186,0.274227,0.6539,0.5,0.944669,85.98,45.22,68.47,0.72063,0.933747,1,3,0,0,76,1448,0,1,0.375,2,3,0,0,V2,1,0.315262,875,2,0,2,0.684738,0,2,0,200
EDCF-Shield,v2a,FALCON1024+HMAC-SHA512+AES256GCM+DKG4of7,STOLEN_KEY,60,22.39,5,CYCLE,10,0,720,1400,0,0.339623,0.066361,0,0,0,100,32.58,84.27,0.732598,0.933803,1,3,0,0,76,1448,0.274227,1,0.4,2,3,0,0,V2,1,0.262526,1160,2,0,2,0.737474,0,2,0,200
EDCF-Shield,v2a,FALCON1024+HMAC-SHA512+AES256GCM+DKG4of7,STOLEN_KEY,60,22.39,5,CUMULATIVE,10,2800,1726,4200,164,0.509111,0.271844,0.562023,0.4,0.944669,91.32,41,73.75,0.732598,0.933803,1,3,0,0,76,1448,0.274227,1,0.4,2,3,0,0,V2,1,0.262526,1160,2,0,2,0.737474,0,2,0,200
EDCF-Shield,v2a,FALCON1024+HMAC-SHA512+AES256GCM+DKG4of7,STOLEN_KEY,60,22.39,6,CYCLE,12,0,720,1400,0,0.339623,0.055299,0,0,0,100,32.8,84,0.737636,0.93344,1,3,0,0,76,1448,0.273035,1,0.4167,2,3,0,0,V2,1,0.237208,1350,2,0,2,0.762792,0,2,0,200
EDCF-Shield,v2a,FALCON1024+HMAC-SHA512+AES256GCM+DKG4of7,STOLEN_KEY,60,22.39,6,CUMULATIVE,12,2800,2446,5600,164,0.476476,0.259355,0.492784,0.333333,0.944669,93.72,38.98,76.28,0.737636,0.93344,1,3,0,0,76,1448,0.273035,1,0.4167,2,3,0,0,V2,1,0.237208,1350,2,0,2,0.762792,0,2,0,200
EDCF-Shield,v2a,FALCON1024+HMAC-SHA512+AES256GCM+DKG4of7,STOLEN_KEY,60,22.39,7,CYCLE,14,0,720,1400,0,0.339623,0.047398,0,0,0,100,32.81,83.99,0.740412,0.933221,1,3,0,0,76,1448,0.268475,1,0.4286,2,3,0,0,V2,1,0.22195,1485.714286,2,0,2,0.77805,0,2,0,200
EDCF-Shield,v2a,FALCON1024+HMAC-SHA512+AES256GCM+DKG4of7,STOLEN_KEY,60,22.39,7,CUMULATIVE,14,2800,3166,7000,164,0.454379,0.246087,0.438734,0.285714,0.944669,95.08,37.76,77.8,0.740412,0.933221,1,3,0,0,76,1448,0.268475,1,0.4286,2,3,0,0,V2,1,0.22195,1485.714286,2,0,2,0.77805,0,2,0,200
EDCF-Shield,v2a,FALCON1024+HMAC-SHA512+AES256GCM+DKG4of7,STOLEN_KEY,60,22.39,8,CYCLE,16,0,720,1400,0,0.339623,0.041472,0,0,0,100,32.6,84.25,0.74217,0.933323,1,3,0,0,76,1448,0.262878,1,0.4375,2,3,0,0,V2,1,0.211145,1587.5,2,0,2,0.788855,0,2,0,200
EDCF-Shield,v2a,FALCON1024+HMAC-SHA512+AES256GCM+DKG4of7,STOLEN_KEY,60,22.39,8,CUMULATIVE,16,2800,3886,8400,164,0.438426,0.233824,0.395369,0.25,0.944669,95.95,36.89,78.89,0.74217,0.933323,1,3,0,0,76,1448,0.262878,1,0.4375,2,3,0,0,V2,1,0.211145,1587.5,2,0,2,0.788855,0,2,0,200
EDCF-Shield,v2a,FALCON1024+HMAC-SHA512+AES256GCM+DKG4of7,STOLEN_KEY,60,22.39,9,CYCLE,18,0,720,1400,0,0.339623,0.036863,0,0,0,100,32.77,84.04,0.743383,0.933228,1,3,0,0,76,1448,0.257067,1,0.4444,2,3,0,0,V2,1,0.203834,1666.666667,2,0,2,0.796166,0,2,0,200
EDCF-Shield,v2a,FALCON1024+HMAC-SHA512+AES256GCM+DKG4of7,STOLEN_KEY,60,22.39,9,CUMULATIVE,18,2800,4606,9800,164,0.426367,0.222855,0.359805,0.222222,0.944669,96.56,36.31,79.62,0.743383,0.933228,1,3,0,0,76,1448,0.257067,1,0.4444,2,3,0,0,V2,1,0.203834,1666.666667,2,0,2,0.796166,0,2,0,200
EDCF-Shield,v2a,FALCON1024+HMAC-SHA512+AES256GCM+DKG4of7,STOLEN_KEY,60,22.39,10,CYCLE,20,0,720,1400,0,0.339623,0.033176,0,0,0,100,32.83,83.96,0.744271,0.933107,1,3,0,0,76,1448,0,1,0.45,2,3,0,0,V2,1,0.198458,1730,2,0,2,0.801542,0,2,0,200
EDCF-Shield,v2a,FALCON1024+HMAC-SHA512+AES256GCM+DKG4of7,STOLEN_KEY,60,22.39,10,CUMULATIVE,20,2800,5326,11200,164,0.416932,0.213109,0.330111,0.2,0.944669,97.01,35.88,80.15,0.744271,0.933107,1,3,0,0,76,1448,0,1,0.45,2,3,0,0,V2,1,0.198458,1730,2,0,2,0.801542,0,2,0,200
EDCF-Shield,v2a,FALCON1024+HMAC-SHA512+AES256GCM+DKG4of7,STOLEN_KEY,60,22.39,11,CYCLE,22,0,720,1400,0,0.339623,0.030159,0,0,0,100,32.91,83.86,0.744948,0.932955,1,3,0,0,76,1448,0.213109,1,0.4545,2,3,0,0,V2,1,0.194395,1781.818182,2,0,2,0.805605,0,2,0,200
EDCF-Shield,v2a,FALCON1024+HMAC-SHA512+AES256GCM+DKG4of7,STOLEN_KEY,60,22.39,11,CUMULATIVE,22,2800,6046,12600,164,0.409348,0.204433,0.304944,0.181818,0.944669,97.36,35.55,80.56,0.744948,0.932955,1,3,0,0,76,1448,0.213109,1,0.4545,2,3,0,0,V2,1,0.194395,1781.818182,2,0,2,0.805605,0,2,0,200
EDCF-Shield,v2a,FALCON1024+HMAC-SHA512+AES256GCM+DKG4of7,STOLEN_KEY,60,22.39,12,CYCLE,24,0,720,1400,0,0.339623,0.027645,0,0,0,100,32.99,83.76,0.745483,0.932781,1,3,0,0,76,1448,0.208771,1,0.4583,2,3,0,0,V2,1,0.191255,1825,2,0,2,0.808745,0,2,0,200
EDCF-Shield,v2a,FALCON1024+HMAC-SHA512+AES256GCM+DKG4of7,STOLEN_KEY,60,22.39,12,CUMULATIVE,24,2800,6766,14000,164,0.403118,0.196674,0.283343,0.166667,0.944669,97.63,35.3,80.87,0.745483,0.932781,1,3,0,0,76,1448,0.208771,1,0.4583,2,3,0,0,V2,1,0.191255,1825,2,0,2,0.808745,0,2,0,200
EDCF-Shield,v2a,FALCON1024+HMAC-SHA512+AES256GCM+DKG4of7,STOLEN_KEY,60,22.39,13,CYCLE,26,0,720,1400,0,0.339623,0.025517,0,0,0,100,32.9,83.87,0.745915,0.932694,1,3,0,0,76,1448,0.204739,1,0.4615,2,3,0,0,V2,1,0.188556,1861.538462,2,0,2,0.811444,0,2,0,200
EDCF-Shield,v2a,FALCON1024+HMAC-SHA512+AES256GCM+DKG4of7,STOLEN_KEY,60,22.39,13,CUMULATIVE,26,2800,7486,15400,164,0.397911,0.189696,0.2646,0.153846,0.944669,97.86,35.08,81.14,0.745915,0.932694,1,3,0,0,76,1448,0.204739,1,0.4615,2,3,0,0,V2,1,0.188556,1861.538462,2,0,2,0.811444,0,2,0,200
EDCF-Shield,v2a,FALCON1024+HMAC-SHA512+AES256GCM+DKG4of7,STOLEN_KEY,60,22.39,14,CYCLE,28,0,720,1400,0,0.339623,0.023694,0,0,0,100,32.98,83.77,0.746271,0.932577,1,3,0,0,76,1448,0.200978,1,0.4643,2,3,0,0,V2,1,0.186399,1892.857143,2,0,2,0.813601,0,2,0,200
EDCF-Shield,v2a,FALCON1024+HMAC-SHA512+AES256GCM+DKG4of7,STOLEN_KEY,60,22.39,14,CUMULATIVE,28,2800,8206,16800,164,0.393493,0.183385,0.248183,0.142857,0.944669,98.04,34.91,81.36,0.746271,0.932577,1,3,0,0,76,1448,0.200978,1,0.4643,2,3,0,0,V2,1,0.186399,1892.857143,2,0,2,0.813601,0,2,0,200
EDCF-Shield,v2a,FALCON1024+HMAC-SHA512+AES256GCM+DKG4of7,STOLEN_KEY,60,22.39,15,CYCLE,30,0,720,1400,0,0.339623,0.022114,0,0,0,100,32.95,83.81,0.746571,0.932492,1,3,0,0,76,1448,0.197459,1,0.4667,2,3,0,0,V2,1,0.184539,1920,2,0,2,0.815461,0,2,0,200
EDCF-Shield,v2a,FALCON1024+HMAC-SHA512+AES256GCM+DKG4of7,STOLEN_KEY,60,22.39,15,CUMULATIVE,30,2800,8926,18200,164,0.389698,0.177647,0.233684,0.133333,0.944669,98.2,34.76,81.55,0.746571,0.932492,1,3,0,0,76,1448,0.197459,1,0.4667,2,3,0,0,V2,1,0.184539,1920,2,0,2,0.815461,0,2,0,200
EDCF-Shield,v2a,FALCON1024+HMAC-SHA512+AES256GCM+DKG4of7,STOLEN_KEY,60,22.39,16,CYCLE,32,0,720,1400,0,0.339623,0.020731,0,0,0,100,32.73,84.09,0.746826,0.932526,1,3,0,0,76,1448,0.194157,1,0.4688,2,3,0,0,V2,1,0.182714,1943.75,2,0,2,0.817286,0,2,0,200
EDCF-Shield,v2a,FALCON1024+HMAC-SHA512+AES256GCM+DKG4of7,STOLEN_KEY,60,22.39,16,CUMULATIVE,32,2800,9646,19600,164,0.386402,0.172403,0.220785,0.125,0.944669,98.33,34.62,81.73,0.746826,0.932526,1,3,0,0,76,1448,0.194157,1,0.4688,2,3,0,0,V2,1,0.182714,1943.75,2,0,2,0.817286,0,2,0,200
EDCF-Shield,v2a,FALCON1024+HMAC-SHA512+AES256GCM+DKG4of7,STOLEN_KEY,60,22.39,17,CYCLE,34,0,720,1400,0,0.339623,0.019511,0,0,0,100,32.81,83.99,0.747045,0.932518,1,3,0,0,76,1448,0.191049,1,0.4706,2,3,0,0,V2,1,0.181212,1964.705882,2,0,2,0.818788,0,2,0,200
EDCF-Shield,v2a,FALCON1024+HMAC-SHA512+AES256GCM+DKG4of7,STOLEN_KEY,60,22.39,17,CUMULATIVE,34,2800,10366,21000,164,0.383513,0.167588,0.209236,0.117647,0.944669,98.44,34.5,81.88,0.747045,0.932518,1,3,0,0,76,1448,0.191049,1,0.4706,2,3,0,0,V2,1,0.181212,1964.705882,2,0,2,0.818788,0,2,0,200
EDCF-Shield,v2a,FALCON1024+HMAC-SHA512+AES256GCM+DKG4of7,STOLEN_KEY,60,22.39,18,CYCLE,36,0,720,1400,0,0.339623,0.018426,0,0,0,100,33.09,83.63,0.747236,0.932396,1,3,0,0,76,1448,0.188117,1,0.4722,2,3,0,0,V2,1,0.18014,1983.333333,2,0,2,0.81986,0,2,0,200
EDCF-Shield,v2a,FALCON1024+HMAC-SHA512+AES256GCM+DKG4of7,STOLEN_KEY,60,22.39,18,CUMULATIVE,36,2800,11086,22400,164,0.38096,0.163149,0.198835,0.111111,0.944669,98.54,34.41,81.99,0.747236,0.932396,1,3,0,0,76,1448,0.188117,1,0.4722,2,3,0,0,V2,1,0.18014,1983.333333,2,0,2,0.81986,0,2,0,200
EDCF-Shield,v2a,FALCON1024+HMAC-SHA512+AES256GCM+DKG4of7,STOLEN_KEY,60,22.39,19,CYCLE,38,0,720,1400,0,0.339623,0.017456,0,0,0,100,33.21,83.49,0.747404,0.932248,1,3,0,0,76,1448,0.185342,1,0.4737,2,3,0,0,V2,1,0.179279,2000,2,0,2,0.820721,0,2,0,200
EDCF-Shield,v2a,FALCON1024+HMAC-SHA512+AES256GCM+DKG4of7,STOLEN_KEY,60,22.39,19,CUMULATIVE,38,2800,11806,23800,164,0.378688,0.159039,0.18942,0.105263,0.944669,98.63,34.34,82.07,0.747404,0.932248,1,3,0,0,76,1448,0.185342,1,0.4737,2,3,0,0,V2,1,0.179279,2000,2,0,2,0.820721,0,2,0,200
EDCF-Shield,v2a,FALCON1024+HMAC-SHA512+AES256GCM+DKG4of7,STOLEN_KEY,60,22.39,20,CYCLE,40,0,720,1400,0,0.339623,0.016583,0,0,0,100,33.21,83.49,0.747553,0.932114,1,3,0,0,76,1448,0.182712,1,0.475,2,3,0,0,V2,1,0.178513,2015,2,0,2,0.821487,0,2,0,200
EDCF-Shield,v2a,FALCON1024+HMAC-SHA512+AES256GCM+DKG4of7,STOLEN_KEY,60,22.39,20,CUMULATIVE,40,2800,12526,25200,164,0.376653,0.155221,0.180855,0.1,0.944669,98.71,34.28,82.15,0.747553,0.932114,1,3,0,0,76,1448,0.182712,1,0.475,2,3,0,0,V2,1,0.178513,2015,2,0,2,0.821487,0,2,0,200
EDCF-Shield,v2a,FALCON1024+HMAC-SHA512+AES256GCM+DKG4of7,STOLEN_KEY,60,22.39,21,CYCLE,42,0,720,1400,0,0.339623,0.015792,0,0,0,100,33.19,83.51,0.747686,0.932001,1,3,0,0,76,1448,0.180213,1,0.4762,2,3,0,0,V2,1,0.177812,2028.571429,2,0,2,0.822188,0,2,0,200
EDCF-Shield,v2a,FALCON1024+HMAC-SHA512+AES256GCM+DKG4of7,STOLEN_KEY,60,22.39,21,CUMULATIVE,42,2800,13246,26600,164,0.374819,0.151663,0.173032,0.095238,0.944669,98.78,34.22,82.22,0.747686,0.932001,1,3,0,0,76,1448,0.180213,1,0.4762,2,3,0,0,V2,1,0.177812,2028.571429,2,0,2,0.822188,0,2,0,200
EDCF-Shield,v2a,FALCON1024+HMAC-SHA512+AES256GCM+DKG4of7,STOLEN_KEY,60,22.39,22,CYCLE,44,0,720,1400,0,0.339623,0.015074,0,0,0,100,33.26,83.43,0.747805,0.931878,1,3,0,0,76,1448,0.177834,1,0.4773,2,3,0,0,V2,1,0.177223,2040.909091,2,0,2,0.822777,0,2,0,200
EDCF-Shield,v2a,FALCON1024+HMAC-SHA512+AES256GCM+DKG4of7,STOLEN_KEY,60,22.39,22,CUMULATIVE,44,2800,13966,28000,164,0.373158,0.148336,0.165857,0.090909,0.944669,98.84,34.18,82.28,0.747805,0.931878,1,3,0,0,76,1448,0.177834,1,0.4773,2,3,0,0,V2,1,0.177223,2040.909091,2,0,2,0.822777,0,2,0,200
EDCF-Shield,v2a,FALCON1024+HMAC-SHA512+AES256GCM+DKG4of7,STOLEN_KEY,60,22.39,23,CYCLE,46,0,720,1400,0,0.339623,0.014418,0,0,0,100,33.17,83.53,0.747912,0.931791,1,3,0,0,76,1448,0.175565,1,0.4783,2,3,0,0,V2,1,0.176639,2052.173913,2,0,2,0.823361,0,2,0,200
EDCF-Shield,v2a,FALCON1024+HMAC-SHA512+AES256GCM+DKG4of7,STOLEN_KEY,60,22.39,23,CUMULATIVE,46,2800,14686,29400,164,0.371647,0.145217,0.159254,0.086957,0.944669,98.9,34.13,82.34,0.747912,0.931791,1,3,0,0,76,1448,0.175565,1,0.4783,2,3,0,0,V2,1,0.176639,2052.173913,2,0,2,0.823361,0,2,0,200
EDCF-Shield,v2a,FALCON1024+HMAC-SHA512+AES256GCM+DKG4of7,STOLEN_KEY,60,22.39,24,CYCLE,48,0,720,1400,0,0.339623,0.013817,0,0,0,100,33.19,83.52,0.748009,0.931709,1,3,0,0,76,1448,0.173397,1,0.4792,2,3,0,0,V2,1,0.176113,2062.5,2,0,2,0.823887,0,2,0,200
EDCF-Shield,v2a,FALCON1024+HMAC-SHA512+AES256GCM+DKG4of7,STOLEN_KEY,60,22.39,24,CUMULATIVE,48,2800,15406,30800,164,0.370266,0.142285,0.153156,0.083333,0.944669,98.95,34.09,82.39,0.748009,0.931709,1,3,0,0,76,1448,0.173397,1,0.4792,2,3,0,0,V2,1,0.176113,2062.5,2,0,2,0.823887,0,2,0,200
EDCF-Shield,v2a,FALCON1024+HMAC-SHA512+AES256GCM+DKG4of7,STOLEN_KEY,60,22.39,25,CYCLE,50,0,720,1400,0,0.339623,0.013264,0,0,0,100,33.41,83.24,0.748098,0.931572,1,3,0,0,76,1448,0.171323,1,0.48,2,3,0,0,V2,1,0.175758,2072,2,0,2,0.824242,0,2,0,200
EDCF-Shield,v2a,FALCON1024+HMAC-SHA512+AES256GCM+DKG4of7,STOLEN_KEY,60,22.39,25,CUMULATIVE,50,2800,16126,32200,164,0.369,0.139522,0.147508,0.08,0.944669,98.99,34.06,82.42,0.748098,0.931572,1,3,0,0,76,1448,0.171323,1,0.48,2,3,0,0,V2,1,0.175758,2072,2,0,2,0.824242,0,2,0,200
EDCF-Shield,v2a,FALCON1024+HMAC-SHA512+AES256GCM+DKG4of7,STOLEN_KEY,60,22.39,26,CYCLE,52,0,720,1400,0,0.339623,0.012753,0,0,0,100,33.56,83.05,0.748179,0.931408,1,3,0,0,76,1448,0.169335,1,0.4808,2,3,0,0,V2,1,0.17551,2080.769231,2,0,2,0.82449,0,2,0,200
EDCF-Shield,v2a,FALCON1024+HMAC-SHA512+AES256GCM+DKG4of7,STOLEN_KEY,60,22.39,26,CUMULATIVE,52,2800,16846,33600,164,0.367834,0.136914,0.142262,0.076923,0.944669,99.04,34.04,82.45,0.748179,0.931408,1,3,0,0,76,1448,0.169335,1,0.4808,2,3,0,0,V2,1,0.17551,2080.769231,2,0,2,0.82449,0,2,0,200
EDCF-Shield,v2a,FALCON1024+HMAC-SHA512+AES256GCM+DKG4of7,STOLEN_KEY,60,22.39,27,CYCLE,54,0,720,1400,0,0.339623,0.012281,0,0,0,100,33.64,82.95,0.748254,0.931238,1,3,0,0,76,1448,0.167428,1,0.4815,2,3,0,0,V2,1,0.175319,2088.888889,2,0,2,0.824681,0,2,0,200
EDCF-Shield,v2a,FALCON1024+HMAC-SHA512+AES256GCM+DKG4of7,STOLEN_KEY,60,22.39,27,CUMULATIVE,54,2800,17566,35000,164,0.366757,0.134445,0.137376,0.074074,0.944669,99.08,34.03,82.47,0.748254,0.931238,1,3,0,0,76,1448,0.167428,1,0.4815,2,3,0,0,V2,1,0.175319,2088.888889,2,0,2,0.824681,0,2,0,200
EDCF-Shield,v2a,FALCON1024+HMAC-SHA512+AES256GCM+DKG4of7,STOLEN_KEY,60,22.39,28,CYCLE,56,0,720,1400,0,0.339623,0.011842,0,0,0,100,33.44,83.2,0.748322,0.931127,1,3,0,0,76,1448,0.165596,1,0.4821,2,3,0,0,V2,1,0.175048,2096.428571,2,0,2,0.824952,0,2,0,200
EDCF-Shield,v2a,FALCON1024+HMAC-SHA512+AES256GCM+DKG4of7,STOLEN_KEY,60,22.39,28,CUMULATIVE,56,2800,18286,36400,164,0.365759,0.132105,0.132815,0.071429,0.944669,99.11,34,82.5,0.748322,0.931127,1,3,0,0,76,1448,0.165596,1,0.4821,2,3,0,0,V2,1,0.175048,2096.428571,2,0,2,0.824952,0,2,0,200
EDCF-Shield,v2a,FALCON1024+HMAC-SHA512+AES256GCM+DKG4of7,STOLEN_KEY,60,22.39,29,CYCLE,58,0,720,1400,0,0.339623,0.011433,0,0,0,100,33.41,83.24,0.748386,0.931032,1,3,0,0,76,1448,0.163833,1,0.4828,2,3,0,0,V2,1,0.174779,2103.448276,2,0,2,0.825221,0,2,0,200
EDCF-Shield,v2a,FALCON1024+HMAC-SHA512+AES256GCM+DKG4of7,STOLEN_KEY,60,22.39,29,CUMULATIVE,58,2800,19006,37800,164,0.364832,0.129882,0.128547,0.068966,0.944669,99.14,33.98,82.52,0.748386,0.931032,1,3,0,0,76,1448,0.163833,1,0.4828,2,3,0,0,V2,1,0.174779,2103.448276,2,0,2,0.825221,0,2,0,200
EDCF-Shield,v2a,FALCON1024+HMAC-SHA512+AES256GCM+DKG4of7,STOLEN_KEY,60,22.39,30,CYCLE,60,0,720,1400,0,0.339623,0.011052,0,0,0,100,33.51,83.11,0.748444,0.93092,1,3,0,0,76,1448,0.162136,1,0.4833,2,3,0,0,V2,1,0.174577,2110,2,0,2,0.825423,0,2,0,200
EDCF-Shield,v2a,FALCON1024+HMAC-SHA512+AES256GCM+DKG4of7,STOLEN_KEY,60,22.39,30,CUMULATIVE,60,2800,19726,39200,164,0.363968,0.127768,0.124544,0.066667,0.944669,99.18,33.97,82.54,0.748444,0.93092,1,3,0,0,76,1448,0.162136,1,0.4833,2,3,0,0,V2,1,0.174577,2110,2,0,2,0.825423,0,2,0,200
EDCF-Shield,v2a,FALCON1024+HMAC-SHA512+AES256GCM+DKG4of7,STOLEN_KEY,60,22.39,31,CYCLE,62,0,720,1400,0,0.339623,0.010695,0,0,0,100,33.63,82.96,0.748499,0.93079,1,3,0,0,76,1448,0.160499,1,0.4839,2,3,0,0,V2,1,0.174439,2116.129032,2,0,2,0.825561,0,2,0,200
EDCF-Shield,v2a,FALCON1024+HMAC-SHA512+AES256GCM+DKG4of7,STOLEN_KEY,60,22.39,31,CUMULATIVE,62,2800,20446,40600,164,0.363162,0.125752,0.120783,0.064516,0.944669,99.2,33.96,82.56,0.748499,0.93079,1,3,0,0,76,1448,0.160499,1,0.4839,2,3,0,0,V2,1,0.174439,2116.129032,2,0,2,0.825561,0,2,0,200
EDCF-Shield,v2a,FALCON1024+HMAC-SHA512+AES256GCM+DKG4of7,STOLEN_KEY,60,22.39,32,CYCLE,64,0,720,1400,0,0.339623,0.01036,0,0,0,100,33.46,83.17,0.74855,0.930704,1,3,0,0,76,1448,0.15892,1,0.4844,2,3,0,0,V2,1,0.17424,2121.875,2,0,2,0.82576,0,2,0,200
EDCF-Shield,v2a,FALCON1024+HMAC-SHA512+AES256GCM+DKG4of7,STOLEN_KEY,60,22.39,32,CUMULATIVE,64,2800,21166,42000,164,0.362407,0.123829,0.117243,0.0625,0.944669,99.23,33.94,82.58,0.74855,0.930704,1,3,0,0,76,1448,0.15892,1,0.4844,2,3,0,0,V2,1,0.17424,2121.875,2,0,2,0.82576,0,2,0,200
EDCF-Shield,v2a,FALCON1024+HMAC-SHA512+AES256GCM+DKG4of7,STOLEN_KEY,60,22.39,33,CYCLE,66,0,720,1400,0,0.339623,0.010046,0,0,0,100,33.51,83.11,0.748598,0.930613,1,3,0,0,76,1448,0.157394,1,0.4848,2,3,0,0,V2,1,0.174074,2127.272727,2,0,2,0.825926,0,2,0,200
EDCF-Shield,v2a,FALCON1024+HMAC-SHA512+AES256GCM+DKG4of7,STOLEN_KEY,60,22.39,33,CUMULATIVE,66,2800,21886,43400,164,0.3617,0.121992,0.113904,0.060606,0.944669,99.26,33.93,82.59,0.748598,0.930613,1,3,0,0,76,1448,0.157394,1,0.4848,2,3,0,0,V2,1,0.174074,2127.272727,2,0,2,0.825926,0,2,0,200
EDCF-Shield,v2a,FALCON1024+HMAC-SHA512+AES256GCM+DKG4of7,STOLEN_KEY,60,22.39,34,CYCLE,68,0,720,1400,0,0.339623,0.00975,0,0,0,100,33.63,82.96,0.748642,0.930505,1,3,0,0,76,1448,0.155919,1,0.4853,2,3,0,0,V2,1,0.173962,2132.352941,2,0,2,0.826038,0,2,0,200
EDCF-Shield,v2a,FALCON1024+HMAC-SHA512+AES256GCM+DKG4of7,STOLEN_KEY,60,22.39,34,CUMULATIVE,68,2800,22606,44800,164,0.361035,0.120233,0.110751,0.058824,0.944669,99.28,33.92,82.6,0.748642,0.930505,1,3,0,0,76,1448,0.155919,1,0.4853,2,3,0,0,V2,1,0.173962,2132.352941,2,0,2,0.826038,0,2,0,200
EDCF-Shield,v2a,FALCON1024+HMAC-SHA512+AES256GCM+DKG4of7,STOLEN_KEY,60,22.39,35,CYCLE,70,0,720,1400,0,0.339623,0.009471,0,0,0,100,33.87,82.66,0.748684,0.930359,1,3,0,0,76,1448,0.154491,1,0.4857,2,3,0,0,V2,1,0.173946,2137.142857,2,0,2,0.826054,0,2,0,200
EDCF-Shield,v2a,FALCON1024+HMAC-SHA512+AES256GCM+DKG4of7,STOLEN_KEY,60,22.39,35,CUMULATIVE,70,2800,23326,46200,164,0.360408,0.118548,0.107767,0.057143,0.944669,99.3,33.92,82.61,0.748684,0.930359,1,3,0,0,76,1448,0.154491,1,0.4857,2,3,0,0,V2,1,0.173946,2137.142857,2,0,2,0.826054,0,2,0,200
EDCF-Shield,v2a,FALCON1024+HMAC-SHA512+AES256GCM+DKG4of7,STOLEN_KEY,60,22.39,36,CYCLE,72,0,720,1400,0,0.339623,0.009208,0,0,0,100,33.96,82.55,0.748723,0.930206,1,3,0,0,76,1448,0.153109,1,0.4861,2,3,0,0,V2,1,0.17396,2141.666667,2,0,2,0.82604,0,2,0,200
EDCF-Shield,v2a,FALCON1024+HMAC-SHA512+AES256GCM+DKG4of7,STOLEN_KEY,60,22.39,36,CUMULATIVE,72,2800,24046,47600,164,0.359818,0.116932,0.10494,0.055556,0.944669,99.32,33.92,82.6,0.748723,0.930206,1,3,0,0,76,1448,0.153109,1,0.4861,2,3,0,0,V2,1,0.17396,2141.666667,2,0,2,0.82604,0,2,0,200
EDCF-Shield,v2a,FALCON1024+HMAC-SHA512+AES256GCM+DKG4of7,STOLEN_KEY,60,22.39,37,CYCLE,74,0,720,1400,0,0.339623,0.008959,0,0,0,100,33.89,82.63,0.74876,0.930072,1,3,0,0,76,1448,0.151769,1,0.4865,2,3,0,0,V2,1,0.173953,2145.945946,2,0,2,0.826047,0,2,0,200
EDCF-Shield,v2a,FALCON1024+HMAC-SHA512+AES256GCM+DKG4of7,STOLEN_KEY,60,22.39,37,CUMULATIVE,74,2800,24766,49000,164,0.35926,0.11538,0.102257,0.054054,0.944669,99.34,33.92,82.6,0.74876,0.930072,1,3,0,0,76,1448,0.151769,1,0.4865,2,3,0,0,V2,1,0.173953,2145.945946,2,0,2,0.826047,0,2,0,200
EDCF-Shield,v2a,FALCON1024+HMAC-SHA512+AES256GCM+DKG4of7,STOLEN_KEY,60,22.39,38,CYCLE,76,0,720,1400,0,0.339623,0.008723,0,0,0,100,33.89,82.64,0.748795,0.929946,1,3,0,0,76,1448,0.150469,1,0.4868,2,3,0,0,V2,1,0.173944,2150,2,0,2,0.826056,0,2,0,200
EDCF-Shield,v2a,FALCON1024+HMAC-SHA512+AES256GCM+DKG4of7,STOLEN_KEY,60,22.39,38,CUMULATIVE,76,2800,25486,50400,164,0.358732,0.113888,0.099708,0.052632,0.944669,99.36,33.92,82.61,0.748795,0.929946,1,3,0,0,76,1448,0.150469,1,0.4868,2,3,0,0,V2,1,0.173944,2150,2,0,2,0.826056,0,2,0,200
EDCF-Shield,v2a,FALCON1024+HMAC-SHA512+AES256GCM+DKG4of7,STOLEN_KEY,60,22.39,39,CYCLE,78,0,720,1400,0,0.339623,0.008499,0,0,0,100,33.99,82.51,0.748828,0.929809,1,3,0,0,76,1448,0.149208,1,0.4872,2,3,0,0,V2,1,0.173968,2153.846154,2,0,2,0.826032,0,2,0,200
EDCF-Shield,v2a,FALCON1024+HMAC-SHA512+AES256GCM+DKG4of7,STOLEN_KEY,60,22.39,39,CUMULATIVE,78,2800,26206,51800,164,0.358231,0.112452,0.097283,0.051282,0.944669,99.38,33.92,82.6,0.748828,0.929809,1,3,0,0,76,1448,0.149208,1,0.4872,2,3,0,0,V2,1,0.173968,2153.846154,2,0,2,0.826032,0,2,0,200
EDCF-Shield,v2a,FALCON1024+HMAC-SHA512+AES256GCM+DKG4of7,STOLEN_KEY,60,22.39,40,CYCLE,80,0,720,1400,0,0.339623,0.008286,0,0,0,100,34.1,82.37,0.74886,0.929663,1,3,0,0,76,1448,0.147983,1,0.4875,2,3,0,0,V2,1,0.174025,2157.5,2,0,2,0.825975,0,2,0,200
EDCF-Shield,v2a,FALCON1024+HMAC-SHA512+AES256GCM+DKG4of7,STOLEN_KEY,60,22.39,40,CUMULATIVE,80,2800,26926,53200,164,0.357757,0.111069,0.094973,0.05,0.944669,99.39,33.92,82.6,0.74886,0.929663,1,3,0,0,76,1448,0.147983,1,0.4875,2,3,0,0,V2,1,0.174025,2157.5,2,0,2,0.825975,0,2,0,200
EDCF-Shield,v2a,FALCON1024+HMAC-SHA512+AES256GCM+DKG4of7,STOLEN_KEY,60,22.39,41,CYCLE,82,0,720,1400,0,0.339623,0.008084,0,0,0,100,34.21,82.24,0.748889,0.929507,1,3,0,0,76,1448,0.146792,1,0.4878,2,3,0,0,V2,1,0.174111,2160.97561,2,0,2,0.825889,0,2,0,200
EDCF-Shield,v2a,FALCON1024+HMAC-SHA512+AES256GCM+DKG4of7,STOLEN_KEY,60,22.39,41,CUMULATIVE,82,2800,27646,54600,164,0.357305,0.109736,0.092771,0.04878,0.944669,99.41,33.93,82.59,0.748889,0.929507,1,3,0,0,76,1448,0.146792,1,0.4878,2,3,0,0,V2,1,0.174111,2160.97561,2,0,2,0.825889,0,2,0,200
EDCF-Shield,v2a,FALCON1024+HMAC-SHA512+AES256GCM+DKG4of7,STOLEN_KEY,60,22.39,42,CYCLE,84,0,720,1400,0,0.339623,0.007891,0,0,0,100,34.4,82,0.748918,0.929331,1,3,0,0,76,1448,0.145634,1,0.4881,2,3,0,0,V2,1,0.174246,2164.285714,2,0,2,0.825754,0,2,0,200
EDCF-Shield,v2a,FALCON1024+HMAC-SHA512+AES256GCM+DKG4of7,STOLEN_KEY,60,22.39,42,CUMULATIVE,84,2800,28366,56000,164,0.356876,0.108449,0.090668,0.047619,0.944669,99.43,33.94,82.58,0.748918,0.929331,1,3,0,0,76,1448,0.145634,1,0.4881,2,3,0,0,V2,1,0.174246,2164.285714,2,0,2,0.825754,0,2,0,200
EDCF-Shield,v2a,FALCON1024+HMAC-SHA512+AES256GCM+DKG4of7,STOLEN_KEY,60,22.39,43,CYCLE,86,0,720,1400,0,0.339623,0.007707,0,0,0,100,34.24,82.2,0.748944,0.929185,1,3,0,0,76,1448,0.144507,1,0.4884,2,3,0,0,V2,1,0.174333,2167.44186,2,0,2,0.825667,0,2,0,200
EDCF-Shield,v2a,FALCON1024+HMAC-SHA512+AES256GCM+DKG4of7,STOLEN_KEY,60,22.39,43,CUMULATIVE,86,2800,29086,57400,164,0.356467,0.107207,0.088658,0.046512,0.944669,99.44,33.95,82.57,0.748944,0.929185,1,3,0,0,76,1448,0.144507,1,0.4884,2,3,0,0,V2,1,0.174333,2167.44186,2,0,2,0.825667,0,2,0,200
EDCF-Shield,v2a,FALCON1024+HMAC-SHA512+AES256GCM+DKG4of7,STOLEN_KEY,60,22.39,44,CYCLE,88,0,720,1400,0,0.339623,0.007532,0,0,0,100,34.29,82.14,0.74897,0.929039,1,3,0,0,76,1448,0.14341,1,0.4886,2,3,0,0,V2,1,0.174428,2170.454545,2,0,2,0.825572,0,2,0,200
EDCF-Shield,v2a,FALCON1024+HMAC-SHA512+AES256GCM+DKG4of7,STOLEN_KEY,60,22.39,44,CUMULATIVE,88,2800,29806,58800,164,0.356077,0.106006,0.086736,0.045455,0.944669,99.45,33.95,82.56,0.74897,0.929039,1,3,0,0,76,1448,0.14341,1,0.4886,2,3,0,0,V2,1,0.174428,2170.454545,2,0,2,0.825572,0,2,0,200
EDCF-Shield,v2a,FALCON1024+HMAC-SHA512+AES256GCM+DKG4of7,STOLEN_KEY,60,22.39,45,CYCLE,90,0,720,1400,0,0.339623,0.007364,0,0,0,100,34.61,81.74,0.748994,0.928858,1,3,0,0,76,1448,0.142341,1,0.4889,2,3,0,0,V2,1,0.174601,2173.333333,2,0,2,0.825399,0,2,0,200
EDCF-Shield,v2a,FALCON1024+HMAC-SHA512+AES256GCM+DKG4of7,STOLEN_KEY,60,22.39,45,CUMULATIVE,90,2800,30526,60200,164,0.355705,0.104845,0.084895,0.044444,0.944669,99.47,33.97,82.54,0.748994,0.928858,1,3,0,0,76,1448,0.142341,1,0.4889,2,3,0,0,V2,1,0.174601,2173.333333,2,0,2,0.825399,0,2,0,200
EDCF-Shield,v2a,FALCON1024+HMAC-SHA512+AES256GCM+DKG4of7,STOLEN_KEY,60,22.39,46,CYCLE,92,0,720,1400,0,0.339623,0.007204,0,0,0,100,34.65,81.69,0.749017,0.928678,1,3,0,0,76,1448,0.1413,1,0.4891,2,3,0,0,V2,1,0.174778,2176.086957,2,0,2,0.825222,0,2,0,200
EDCF-Shield,v2a,FALCON1024+HMAC-SHA512+AES256GCM+DKG4of7,STOLEN_KEY,60,22.39,46,CUMULATIVE,92,2800,31246,61600,164,0.355349,0.103721,0.08313,0.043478,0.944669,99.48,33.98,82.52,0.749017,0.928678,1,3,0,0,76,1448,0.1413,1,0.4891,2,3,0,0,V2,1,0.174778,2176.086957,2,0,2,0.825222,0,2,0,200
EDCF-Shield,v2a,FALCON1024+HMAC-SHA512+AES256GCM+DKG4of7,STOLEN_KEY,60,22.39,47,CYCLE,94,0,720,1400,0,0.339623,0.00705,0,0,0,100,34.43,81.96,0.749039,0.928533,1,3,0,0,76,1448,0.140284,1,0.4894,2,3,0,0,V2,1,0.174893,2178.723404,2,0,2,0.825107,0,2,0,200
EDCF-Shield,v2a,FALCON1024+HMAC-SHA512+AES256GCM+DKG4of7,STOLEN_KEY,60,22.39,47,CUMULATIVE,94,2800,31966,63000,164,0.355009,0.102632,0.081438,0.042553,0.944669,99.49,33.99,82.51,0.749039,0.928533,1,3,0,0,76,1448,0.140284,1,0.4894,2,3,0,0,V2,1,0.174893,2178.723404,2,0,2,0.825107,0,2,0,200
EDCF-Shield,v2a,FALCON1024+HMAC-SHA512+AES256GCM+DKG4of7,STOLEN_KEY,60,22.39,48,CYCLE,96,0,720,1400,0,0.339623,0.006903,0,0,0,100,34.27,82.16,0.74906,0.928414,1,3,0,0,76,1448,0.139293,1,0.4896,2,3,0,0,V2,1,0.174965,2181.25,2,0,2,0.825035,0,2,0,200
EDCF-Shield,v2a,FALCON1024+HMAC-SHA512+AES256GCM+DKG4of7,STOLEN_KEY,60,22.39,48,CUMULATIVE,96,2800,32686,64400,164,0.354683,0.101577,0.079813,0.041667,0.944669,99.5,34,82.5,0.74906,0.928414,1,3,0,0,76,1448,0.139293,1,0.4896,2,3,0,0,V2,1,0.174965,2181.25,2,0,2,0.825035,0,2,0,200
EDCF-Shield,v2a,FALCON1024+HMAC-SHA512+AES256GCM+DKG4of7,STOLEN_KEY,60,22.39,49,CYCLE,98,0,720,1400,0,0.339623,0.006762,0,0,0,100,34.1,82.37,0.749081,0.928322,1,3,0,0,76,1448,0.138326,1,0.4898,2,3,0,0,V2,1,0.174992,2183.673469,2,0,2,0.825008,0,2,0,200
EDCF-Shield,v2a,FALCON1024+HMAC-SHA512+AES256GCM+DKG4of7,STOLEN_KEY,60,22.39,49,CUMULATIVE,98,2800,33406,65800,164,0.35437,0.100554,0.078252,0.040816,0.944669,99.51,34,82.5,0.749081,0.928322,1,3,0,0,76,1448,0.138326,1,0.4898,2,3,0,0,V2,1,0.174992,2183.673469,2,0,2,0.825008,0,2,0,200
EDCF-Shield,v2a,FALCON1024+HMAC-SHA512+AES256GCM+DKG4of7,STOLEN_KEY,60,22.39,50,CYCLE,100,0,720,1400,0,0.339623,0.006627,0,0,0,100,34.01,82.49,0.7491,0.928245,1,3,0,0,76,1448,0.137382,1,0.49,2,3,0,0,V2,1,0.174994,2186,2,0,2,0.825006,0,2,0,200
EDCF-Shield,v2a,FALCON1024+HMAC-SHA512+AES256GCM+DKG4of7,STOLEN_KEY,60,22.39,50,CUMULATIVE,100,2800,34126,67200,164,0.35407,0.099561,0.07675,0.04,0.944669,99.52,34,82.5,0.7491,0.928245,1,3,0,0,76,1448,0.137382,1,0.49,2,3,0,0,V2,1,0.174994,2186,2,0,2,0.825006,0,2,0,200
EDCF-Shield,v2a,FALCON1024+HMAC-SHA512+AES256GCM+DKG4of7,STOLEN_KEY,60,22.39,51,CYCLE,102,0,720,1400,0,0.339623,0.006497,0,0,0,100,34.08,82.41,0.749119,0.928163,1,3,0,0,76,1448,0.13646,1,0.4902,2,3,0,0,V2,1,0.175012,2188.235294,2,0,2,0.824988,0,2,0,200
EDCF-Shield,v2a,FALCON1024+HMAC-SHA512+AES256GCM+DKG4of7,STOLEN_KEY,60,22.39,51,CUMULATIVE,102,2800,34846,68600,164,0.353783,0.098597,0.075305,0.039216,0.944669,99.53,34,82.5,0.749119,0.928163,1,3,0,0,76,1448,0.13646,1,0.4902,2,3,0,0,V2,1,0.175012,2188.235294,2,0,2,0.824988,0,2,0,200
EDCF-Shield,v2a,FALCON1024+HMAC-SHA512+AES256GCM+DKG4of7,STOLEN_KEY,60,22.39,52,CYCLE,104,0,720,1400,0,0.339623,0.006372,0,0,0,100,34.31,82.11,0.749136,0.928055,1,3,0,0,76,1448,0.135558,1,0.4904,2,3,0,0,V2,1,0.175086,2190.384615,2,0,2,0.824914,0,2,0,200
EDCF-Shield,v2a,FALCON1024+HMAC-SHA512+AES256GCM+DKG4of7,STOLEN_KEY,60,22.39,52,CUMULATIVE,104,2800,35566,70000,164,0.353506,0.09766,0.073914,0.038462,0.944669,99.54,34.01,82.49,0.749136,0.928055,1,3,0,0,76,1448,0.135558,1,0.4904,2,3,0,0,V2,1,0.175086,2190.384615,2,0,2,0.824914,0,2,0,200
EDCF-Shield,v2a,FALCON1024+HMAC-SHA512+AES256GCM+DKG4of7,STOLEN_KEY,60,22.39,53,CYCLE,106,0,720,1400,0,0.339623,0.006251,0,0,0,100,34.3,82.13,0.749154,0.927953,1,3,0,0,76,1448,0.134677,1,0.4906,2,3,0,0,V2,1,0.175153,2192.45283,2,0,2,0.824847,0,2,0,200
EDCF-Shield,v2a,FALCON1024+HMAC-SHA512+AES256GCM+DKG4of7,STOLEN_KEY,60,22.39,53,CUMULATIVE,106,2800,36286,71400,164,0.35324,0.096749,0.072573,0.037736,0.944669,99.55,34.01,82.48,0.749154,0.927953,1,3,0,0,76,1448,0.134677,1,0.4906,2,3,0,0,V2,1,0.175153,2192.45283,2,0,2,0.824847,0,2,0,200
EDCF-Shield,v2a,FALCON1024+HMAC-SHA512+AES256GCM+DKG4of7,STOLEN_KEY,60,22.39,54,CYCLE,108,0,720,1400,0,0.339623,0.006135,0,0,0,100,34.22,82.22,0.74917,0.927863,1,3,0,0,76,1448,0.133815,1,0.4907,2,3,0,0,V2,1,0.175202,2194.444444,2,0,2,0.824798,0,2,0,200
EDCF-Shield,v2a,FALCON1024+HMAC-SHA512+AES256GCM+DKG4of7,STOLEN_KEY,60,22.39,54,CUMULATIVE,108,2800,37006,72800,164,0.352984,0.095864,0.071279,0.037037,0.944669,99.56,34.02,82.48,0.74917,0.927863,1,3,0,0,76,1448,0.133815,1,0.4907,2,3,0,0,V2,1,0.175202,2194.444444,2,0,2,0.824798,0,2,0,200
EDCF-Shield,v2a,FALCON1024+HMAC-SHA512+AES256GCM+DKG4of7,STOLEN_KEY,60,22.39,55,CYCLE,110,0,720,1400,0,0.339623,0.006023,0,0,0,100,34.45,81.94,0.749186,0.927751,1,3,0,0,76,1448,0.132971,1,0.4909,2,3,0,0,V2,1,0.175296,2196.363636,2,0,2,0.824704,0,2,0,200
EDCF-Shield,v2a,FALCON1024+HMAC-SHA512+AES256GCM+DKG4of7,STOLEN_KEY,60,22.39,55,CUMULATIVE,110,2800,37726,74200,164,0.352737,0.095002,0.070032,0.036364,0.944669,99.57,34.02,82.47,0.749186,0.927751,1,3,0,0,76,1448,0.132971,1,0.4909,2,3,0,0,V2,1,0.175296,2196.363636,2,0,2,0.824704,0,2,0,200
EDCF-Shield,v2a,FALCON1024+HMAC-SHA512+AES256GCM+DKG4of7,STOLEN_KEY,60,22.39,56,CYCLE,112,0,720,1400,0,0.339623,0.005916,0,0,0,100,34.44,81.95,0.749201,0.927645,1,3,0,0,76,1448,0.132146,1,0.4911,2,3,0,0,V2,1,0.175386,2198.214286,2,0,2,0.824614,0,2,0,200
EDCF-Shield,v2a,FALCON1024+HMAC-SHA512+AES256GCM+DKG4of7,STOLEN_KEY,60,22.39,56,CUMULATIVE,112,2800,38446,75600,164,0.3525,0.094163,0.068827,0.035714,0.944669,99.58,34.03,82.46,0.749201,0.927645,1,3,0,0,76,1448,0.132146,1,0.4911,2,3,0,0,V2,1,0.175386,2198.214286,2,0,2,0.824614,0,2,0,200
EDCF-Shield,v2a,FALCON1024+HMAC-SHA512+AES256GCM+DKG4of7,STOLEN_KEY,60,22.39,57,CYCLE,114,0,720,1400,0,0.339623,0.005812,0,0,0,100,34.54,81.83,0.749216,0.92753,1,3,0,0,76,1448,0.131338,1,0.4912,2,3,0,0,V2,1,0.175494,2200,2,0,2,0.824506,0,2,0,200
EDCF-Shield,v2a,FALCON1024+HMAC-SHA512+AES256GCM+DKG4of7,STOLEN_KEY,60,22.39,57,CUMULATIVE,114,2800,39166,77000,164,0.352271,0.093346,0.067662,0.035088,0.944669,99.58,34.04,82.45,0.749216,0.92753,1,3,0,0,76,1448,0.131338,1,0.4912,2,3,0,0,V2,1,0.175494,2200,2,0,2,0.824506,0,2,0,200
EDCF-Shield,v2a,FALCON1024+HMAC-SHA512+AES256GCM+DKG4of7,STOLEN_KEY,60,22.39,58,CYCLE,116,0,720,1400,0,0.339623,0.005711,0,0,0,100,34.5,81.88,0.74923,0.927424,1,3,0,0,76,1448,0.130546,1,0.4914,2,3,0,0,V2,1,0.17559,2201.724138,2,0,2,0.82441,0,2,0,200
EDCF-Shield,v2a,FALCON1024+HMAC-SHA512+AES256GCM+DKG4of7,STOLEN_KEY,60,22.39,58,CUMULATIVE,116,2800,39886,78400,164,0.352049,0.092549,0.066537,0.034483,0.944669,99.59,34.05,82.44,0.74923,0.927424,1,3,0,0,76,1448,0.130546,1,0.4914,2,3,0,0,V2,1,0.17559,2201.724138,2,0,2,0.82441,0,2,0,200
EDCF-Shield,v2a,FALCON1024+HMAC-SHA512+AES256GCM+DKG4of7,STOLEN_KEY,60,22.39,59,CYCLE,118,0,720,1400,0,0.339623,0.005614,0,0,0,100,34.45,81.94,0.749243,0.927327,1,3,0,0,76,1448,0.129771,1,0.4915,2,3,0,0,V2,1,0.175673,2203.389831,2,0,2,0.824327,0,2,0,200
EDCF-Shield,v2a,FALCON1024+HMAC-SHA512+AES256GCM+DKG4of7,STOLEN_KEY,60,22.39,59,CUMULATIVE,118,2800,40606,79800,164,0.351836,0.091773,0.065448,0.033898,0.944669,99.6,34.05,82.43,0.749243,0.927327,1,3,0,0,76,1448,0.129771,1,0.4915,2,3,0,0,V2,1,0.175673,2203.389831,2,0,2,0.824327,0,2,0,200
EDCF-Shield,v2a,FALCON1024+HMAC-SHA512+AES256GCM+DKG4of7,STOLEN_KEY,60,22.39,60,CYCLE,120,0,720,1400,0,0.339623,0.005521,0,0,0,100,34.52,81.85,0.749257,0.927225,1,3,0,0,76,1448,0.129011,1,0.4917,2,3,0,0,V2,1,0.175767,2205,2,0,2,0.824233,0,2,0,200
EDCF-Shield,v2a,FALCON1024+HMAC-SHA512+AES256GCM+DKG4of7,STOLEN_KEY,60,22.39,60,CUMULATIVE,120,2800,41326,81200,164,0.35163,0.091016,0.064394,0.033333,0.944669,99.6,34.06,82.42,0.749257,0.927225,1,3,0,0,76,1448,0.129011,1,0.4917,2,3,0,0,V2,1,0.175767,2205,2,0,2,0.824233,0,2,0,200
EDCF-Shield,v2a,FALCON1024+HMAC-SHA512+AES256GCM+DKG4of7,STOLEN_KEY,60,22.39,61,CYCLE,122,0,720,1400,0,0.339623,0.00543,0,0,0,100,34.69,81.64,0.749269,0.92711,1,3,0,0,76,1448,0.128266,1,0.4918,2,3,0,0,V2,1,0.175891,2206.557377,2,0,2,0.824109,0,2,0,200
EDCF-Shield,v2a,FALCON1024+HMAC-SHA512+AES256GCM+DKG4of7,STOLEN_KEY,60,22.39,61,CUMULATIVE,122,2800,42046,82600,164,0.35143,0.090277,0.063374,0.032787,0.944669,99.61,34.07,82.41,0.749269,0.92711,1,3,0,0,76,1448,0.128266,1,0.4918,2,3,0,0,V2,1,0.175891,2206.557377,2,0,2,0.824109,0,2,0,200
EDCF-Shield,v2a,FALCON1024+HMAC-SHA512+AES256GCM+DKG4of7,STOLEN_KEY,60,22.39,62,CYCLE,124,0,720,1400,0,0.339623,0.005342,0,0,0,100,34.74,81.57,0.749282,0.926993,1,3,0,0,76,1448,0.127535,1,0.4919,2,3,0,0,V2,1,0.17602,2208.064516,2,0,2,0.82398,0,2,0,200
EDCF-Shield,v2a,FALCON1024+HMAC-SHA512+AES256GCM+DKG4of7,STOLEN_KEY,60,22.39,62,CUMULATIVE,124,2800,42766,84000,164,0.351237,0.089557,0.062386,0.032258,0.944669,99.62,34.08,82.4,0.749282,0.926993,1,3,0,0,76,1448,0.127535,1,0.4919,2,3,0,0,V2,1,0.17602,2208.064516,2,0,2,0.82398,0,2,0,200
EDCF-Shield,v2a,FALCON1024+HMAC-SHA512+AES256GCM+DKG4of7,STOLEN_KEY,60,22.39,63,CYCLE,126,0,720,1400,0,0.339623,0.005257,0,0,0,100,34.86,81.42,0.749294,0.926868,1,3,0,0,76,1448,0.126819,1,0.4921,2,3,0,0,V2,1,0.176167,2209.52381,2,0,2,0.823833,0,2,0,200
EDCF-Shield,v2a,FALCON1024+HMAC-SHA512+AES256GCM+DKG4of7,STOLEN_KEY,60,22.39,63,CUMULATIVE,126,2800,43486,85400,164,0.35105,0.088853,0.061428,0.031746,0.944669,99.62,34.09,82.38,0.749294,0.926868,1,3,0,0,76,1448,0.126819,1,0.4921,2,3,0,0,V2,1,0.176167,2209.52381,2,0,2,0.823833,0,2,0,200
EDCF-Shield,v2a,FALCON1024+HMAC-SHA512+AES256GCM+DKG4of7,STOLEN_KEY,60,22.39,64,CYCLE,128,0,720,1400,0,0.339623,0.005175,0,0,0,100,34.91,81.37,0.749305,0.926743,1,3,0,0,76,1448,0.126116,1,0.4922,2,3,0,0,V2,1,0.176318,2210.9375,2,0,2,0.823682,0,2,0,200
EDCF-Shield,v2a,FALCON1024+HMAC-SHA512+AES256GCM+DKG4of7,STOLEN_KEY,60,22.39,64,CUMULATIVE,128,2800,44206,86800,164,0.35087,0.088165,0.060499,0.03125,0.944669,99.63,34.11,82.37,0.749305,0.926743,1,3,0,0,76,1448,0.126116,1,0.4922,2,3,0,0,V2,1,0.176318,2210.9375,2,0,2,0.823682,0,2,0,200
EDCF-Shield,v2a,FALCON1024+HMAC-SHA512+AES256GCM+DKG4of7,STOLEN_KEY,60,22.39,65,CYCLE,130,0,720,1400,0,0.339623,0.005095,0,0,0,100,34.92,81.35,0.749316,0.92662,1,3,0,0,76,1448,0.125426,1,0.4923,2,3,0,0,V2,1,0.176467,2212.307692,2,0,2,0.823533,0,2,0,200
EDCF-Shield,v2a,FALCON1024+HMAC-SHA512+AES256GCM+DKG4of7,STOLEN_KEY,60,22.39,65,CUMULATIVE,130,2800,44926,88200,164,0.350694,0.087493,0.059597,0.030769,0.944669,99.64,34.12,82.35,0.749316,0.92662,1,3,0,0,76,1448,0.125426,1,0.4923,2,3,0,0,V2,1,0.176467,2212.307692,2,0,2,0.823533,0,2,0,200
EDCF-Shield,v2a,FALCON1024+HMAC-SHA512+AES256GCM+DKG4of7,STOLEN_KEY,60,22.39,66,CYCLE,132,0,720,1400,0,0.339623,0.005018,0,0,0,100,35.12,81.1,0.749327,0.926483,1,3,0,0,76,1448,0.124748,1,0.4924,2,3,0,0,V2,1,0.176644,2213.636364,2,0,2,0.823356,0,2,0,200
EDCF-Shield,v2a,FALCON1024+HMAC-SHA512+AES256GCM+DKG4of7,STOLEN_KEY,60,22.39,66,CUMULATIVE,132,2800,45646,89600,164,0.350525,0.086836,0.058722,0.030303,0.944669,99.64,34.13,82.34,0.749327,0.926483,1,3,0,0,76,1448,0.124748,1,0.4924,2,3,0,0,V2,1,0.176644,2213.636364,2,0,2,0.823356,0,2,0,200
EDCF-Shield,v2a,FALCON1024+HMAC-SHA512+AES256GCM+DKG4of7,STOLEN_KEY,60,22.39,67,CYCLE,134,0,720,1400,0,0.339623,0.004943,0,0,0,100,35.17,81.04,0.749337,0.926346,1,3,0,0,76,1448,0.124083,1,0.4925,2,3,0,0,V2,1,0.176824,2214.925373,2,0,2,0.823176,0,2,0,200
EDCF-Shield,v2a,FALCON1024+HMAC-SHA512+AES256GCM+DKG4of7,STOLEN_KEY,60,22.39,67,CUMULATIVE,134,2800,46366,91000,164,0.35036,0.086194,0.057873,0.029851,0.944669,99.65,34.15,82.32,0.749337,0.926346,1,3,0,0,76,1448,0.124083,1,0.4925,2,3,0,0,V2,1,0.176824,2214.925373,2,0,2,0.823176,0,2,0,200
EDCF-Shield,v2a,FALCON1024+HMAC-SHA512+AES256GCM+DKG4of7,STOLEN_KEY,60,22.39,68,CYCLE,136,0,720,1400,0,0.339623,0.00487,0,0,0,100,35.11,81.11,0.749348,0.926218,1,3,0,0,76,1448,0.12343,1,0.4926,2,3,0,0,V2,1,0.17699,2216.176471,2,0,2,0.82301,0,2,0,200
EDCF-Shield,v2a,FALCON1024+HMAC-SHA512+AES256GCM+DKG4of7,STOLEN_KEY,60,22.39,68,CUMULATIVE,136,2800,47086,92400,164,0.3502,0.085566,0.057047,0.029412,0.944669,99.65,34.16,82.3,0.749348,0.926218,1,3,0,0,76,1448,0.12343,1,0.4926,2,3,0,0,V2,1,0.17699,2216.176471,2,0,2,0.82301,0,2,0,200
EDCF-Shield,v2a,FALCON1024+HMAC-SHA512+AES256GCM+DKG4of7,STOLEN_KEY,60,22.39,69,CYCLE,138,0,720,1400,0,0.339623,0.004799,0,0,0,100,35.24,80.95,0.749357,0.926082,1,3,0,0,76,1448,0.122788,1,0.4928,2,3,0,0,V2,1,0.177172,2217.391304,2,0,2,0.822828,0,2,0,200
EDCF-Shield,v2a,FALCON1024+HMAC-SHA512+AES256GCM+DKG4of7,STOLEN_KEY,60,22.39,69,CUMULATIVE,138,2800,47806,93800,164,0.350045,0.084951,0.056245,0.028986,0.944669,99.66,34.17,82.28,0.749357,0.926082,1,3,0,0,76,1448,0.122788,1,0.4928,2,3,0,0,V2,1,0.177172,2217.391304,2,0,2,0.822828,0,2,0,200
EDCF-Shield,v2a,FALCON1024+HMAC-SHA512+AES256GCM+DKG4of7,STOLEN_KEY,60,22.39,70,CYCLE,140,0,720,1400,0,0.339623,0.00473,0,0,0,100,35.25,80.94,0.749367,0.925949,1,3,0,0,76,1448,0.122158,1,0.4929,2,3,0,0,V2,1,0.177351,2218.571429,2,0,2,0.822649,0,2,0,200
EDCF-Shield,v2a,FALCON1024+HMAC-SHA512+AES256GCM+DKG4of7,STOLEN_KEY,60,22.39,70,CUMULATIVE,140,2800,48526,95200,164,0.349894,0.084349,0.055465,0.028571,0.944669,99.66,34.19,82.26,0.749367,0.925949,1,3,0,0,76,1448,0.122158,1,0.4929,2,3,0,0,V2,1,0.177351,2218.571429,2,0,2,0.822649,0,2,0,200
EDCF-Shield,v2a,FALCON1024+HMAC-SHA512+AES256GCM+DKG4of7,STOLEN_KEY,60,22.39,71,CYCLE,142,0,720,1400,0,0.339623,0.004664,0,0,0,100,35.4,80.76,0.749376,0.925808,1,3,0,0,76,1448,0.121538,1,0.493,2,3,0,0,V2,1,0.177547,2219.71831,2,0,2,0.822453,0,2,0,200
EDCF-Shield,v2a,FALCON1024+HMAC-SHA512+AES256GCM+DKG4of7,STOLEN_KEY,60,22.39,71,CUMULATIVE,142,2800,49246,96600,164,0.349748,0.08376,0.054707,0.028169,0.944669,99.67,34.2,82.25,0.749376,0.925808,1,3,0,0,76,1448,0.121538,1,0.493,2,3,0,0,V2,1,0.177547,2219.71831,2,0,2,0.822453,0,2,0,200
EDCF-Shield,v2a,FALCON1024+HMAC-SHA512+AES256GCM+DKG4of7,STOLEN_KEY,60,22.39,72,CYCLE,144,0,720,1400,0,0.339623,0.004599,0,0,0,100,35.48,80.65,0.749385,0.925663,1,3,0,0,76,1448,0.120928,1,0.4931,2,3,0,0,V2,1,0.177751,2220.833333,2,0,2,0.822249,0,2,0,200
EDCF-Shield,v2a,FALCON1024+HMAC-SHA512+AES256GCM+DKG4of7,STOLEN_KEY,60,22.39,72,CUMULATIVE,144,2800,49966,98000,164,0.349606,0.083183,0.053969,0.027778,0.944669,99.67,34.22,82.22,0.749385,0.925663,1,3,0,0,76,1448,0.120928,1,0.4931,2,3,0,0,V2,1,0.177751,2220.833333,2,0,2,0.822249,0,2,0,200
EDCF-Shield,v2a,FALCON1024+HMAC-SHA512+AES256GCM+DKG4of7,STOLEN_KEY,60,22.39,73,CYCLE,146,0,720,1400,0,0.339623,0.004536,0,0,0,100,35.64,80.45,0.749394,0.925511,1,3,0,0,76,1448,0.120329,1,0.4932,2,3,0,0,V2,1,0.177972,2221.917808,2,0,2,0.822028,0,2,0,200
EDCF-Shield,v2a,FALCON1024+HMAC-SHA512+AES256GCM+DKG4of7,STOLEN_KEY,60,22.39,73,CUMULATIVE,146,2800,50686,99400,164,0.349467,0.082618,0.05325,0.027397,0.944669,99.68,34.24,82.2,0.749394,0.925511,1,3,0,0,76,1448,0.120329,1,0.4932,2,3,0,0,V2,1,0.177972,2221.917808,2,0,2,0.822028,0,2,0,200
EDCF-Shield,v2a,FALCON1024+HMAC-SHA512+AES256GCM+DKG4of7,STOLEN_KEY,60,22.39,74,CYCLE,148,0,720,1400,0,0.339623,0.004474,0,0,0,100,35.56,80.55,0.749402,0.925367,1,3,0,0,76,1448,0.11974,1,0.4932,2,3,0,0,V2,1,0.178176,2222.972973,2,0,2,0.821824,0,2,0,200
EDCF-Shield,v2a,FALCON1024+HMAC-SHA512+AES256GCM+DKG4of7,STOLEN_KEY,60,22.39,74,CUMULATIVE,148,2800,51406,100800,164,0.349333,0.082064,0.052551,0.027027,0.944669,99.68,34.25,82.18,0.749402,0.925367,1,3,0,0,76,1448,0.11974,1,0.4932,2,3,0,0,V2,1,0.178176,2222.972973,2,0,2,0.821824,0,2,0,200
EDCF-Shield,v2a,FALCON1024+HMAC-SHA512+AES256GCM+DKG4of7,STOLEN_KEY,60,22.39,75,CYCLE,150,0,720,1400,0,0.339623,0.004414,0,0,0,100,35.52,80.6,0.749411,0.925231,1,3,0,0,76,1448,0.11916,1,0.4933,2,3,0,0,V2,1,0.17837,2224,2,0,2,0.82163,0,2,0,200
EDCF-Shield,v2a,FALCON1024+HMAC-SHA512+AES256GCM+DKG4of7,STOLEN_KEY,60,22.39,75,CUMULATIVE,150,2800,52126,102200,164,0.349202,0.081522,0.051869,0.026667,0.944669,99.69,34.27,82.16,0.749411,0.925231,1,3,0,0,76,1448,0.11916,1,0.4933,2,3,0,0,V2,1,0.17837,2224,2,0,2,0.82163,0,2,0,200
EDCF-Shield,v2a,FALCON1024+HMAC-SHA512+AES256GCM+DKG4of7,STOLEN_KEY,60,22.39,76,CYCLE,152,0,720,1400,0,0.339623,0.004356,0,0,0,100,35.56,80.55,0.749419,0.925094,1,3,0,0,76,1448,0.11859,1,0.4934,2,3,0,0,V2,1,0.178565,2225,2,0,2,0.821435,0,2,0,200
EDCF-Shield,v2a,FALCON1024+HMAC-SHA512+AES256GCM+DKG4of7,STOLEN_KEY,60,22.39,76,CUMULATIVE,152,2800,52846,103600,164,0.349075,0.080989,0.051205,0.026316,0.944669,99.69,34.29,82.14,0.749419,0.925094,1,3,0,0,76,1448,0.11859,1,0.4934,2,3,0,0,V2,1,0.178565,2225,2,0,2,0.821435,0,2,0,200
EDCF-Shield,v2a,FALCON1024+HMAC-SHA512+AES256GCM+DKG4of7,STOLEN_KEY,60,22.39,77,CYCLE,154,0,720,1400,0,0.339623,0.004299,0,0,0,100,35.6,80.5,0.749426,0.924957,1,3,0,0,76,1448,0.118029,1,0.4935,2,3,0,0,V2,1,0.178762,2225.974026,2,0,2,0.821238,0,2,0,200
EDCF-Shield,v2a,FALCON1024+HMAC-SHA512+AES256GCM+DKG4of7,STOLEN_KEY,60,22.39,77,CUMULATIVE,154,2800,53566,105000,164,0.348951,0.080468,0.050558,0.025974,0.944669,99.69,34.3,82.12,0.749426,0.924957,1,3,0,0,76,1448,0.118029,1,0.4935,2,3,0,0,V2,1,0.178762,2225.974026,2,0,2,0.821238,0,2,0,200
EDCF-Shield,v2a,FALCON1024+HMAC-SHA512+AES256GCM+DKG4of7,STOLEN_KEY,60,22.39,78,CYCLE,156,0,720,1400,0,0.339623,0.004244,0,0,0,100,35.74,80.33,0.749434,0.924814,1,3,0,0,76,1448,0.117477,1,0.4936,2,3,0,0,V2,1,0.178971,2226.923077,2,0,2,0.821029,0,2,0,200
EDCF-Shield,v2a,FALCON1024+HMAC-SHA512+AES256GCM+DKG4of7,STOLEN_KEY,60,22.39,78,CUMULATIVE,156,2800,54286,106400,164,0.34883,0.079956,0.049927,0.025641,0.944669,99.7,34.32,82.1,0.749434,0.924814,1,3,0,0,76,1448,0.117477,1,0.4936,2,3,0,0,V2,1,0.178971,2226.923077,2,0,2,0.821029,0,2,0,200
EDCF-Shield,v2a,FALCON1024+HMAC-SHA512+AES256GCM+DKG4of7,STOLEN_KEY,60,22.39,79,CYCLE,158,0,720,1400,0,0.339623,0.00419,0,0,0,100,35.64,80.44,0.749441,0.924681,1,3,0,0,76,1448,0.116933,1,0.4937,2,3,0,0,V2,1,0.179164,2227.848101,2,0,2,0.820836,0,2,0,200
EDCF-Shield,v2a,FALCON1024+HMAC-SHA512+AES256GCM+DKG4of7,STOLEN_KEY,60,22.39,79,CUMULATIVE,158,2800,55006,107800,164,0.348712,0.079453,0.049311,0.025316,0.944669,99.7,34.33,82.08,0.749441,0.924681,1,3,0,0,76,1448,0.116933,1,0.4937,2,3,0,0,V2,1,0.179164,2227.848101,2,0,2,0.820836,0,2,0,200
EDCF-Shield,v2a,FALCON1024+HMAC-SHA512+AES256GCM+DKG4of7,STOLEN_KEY,60,22.39,80,CYCLE,160,0,720,1400,0,0.339623,0.004138,0,0,0,100,35.77,80.29,0.749449,0.924542,1,3,0,0,76,1448,0.116397,1,0.4938,2,3,0,0,V2,1,0.179367,2228.75,2,0,2,0.820633,0,2,0,200
EDCF-Shield,v2a,FALCON1024+HMAC-SHA512+AES256GCM+DKG4of7,STOLEN_KEY,60,22.39,80,CUMULATIVE,160,2800,55726,109200,164,0.348597,0.07896,0.048711,0.025,0.944669,99.71,34.35,82.06,0.749449,0.924542,1,3,0,0,76,1448,0.116397,1,0.4938,2,3,0,0,V2,1,0.179367,2228.75,2,0,2,0.820633,0,2,0,200
EDCF-Shield,v2a,FALCON1024+HMAC-SHA512+AES256GCM+DKG4of7,STOLEN_KEY,60,22.39,81,CYCLE,162,0,720,1400,0,0.339623,0.004087,0,0,0,100,35.76,80.3,0.749456,0.924407,1,3,0,0,76,1448,0.11587,1,0.4938,2,3,0,0,V2,1,0.179566,2229.62963,2,0,2,0.820434,0,2,0,200
EDCF-Shield,v2a,FALCON1024+HMAC-SHA512+AES256GCM+DKG4of7,STOLEN_KEY,60,22.39,81,CUMULATIVE,162,2800,56446,110600,164,0.348485,0.078477,0.048125,0.024691,0.944669,99.71,34.37,82.04,0.749456,0.924407,1,3,0,0,76,1448,0.11587,1,0.4938,2,3,0,0,V2,1,0.179566,2229.62963,2,0,2,0.820434,0,2,0,200
EDCF-Shield,v2a,FALCON1024+HMAC-SHA512+AES256GCM+DKG4of7,STOLEN_KEY,60,22.39,82,CYCLE,164,0,720,1400,0,0.339623,0.004037,0,0,0,100,35.71,80.36,0.749462,0.924278,1,3,0,0,76,1448,0.115351,1,0.4939,2,3,0,0,V2,1,0.179754,2230.487805,2,0,2,0.820246,0,2,0,200
EDCF-Shield,v2a,FALCON1024+HMAC-SHA512+AES256GCM+DKG4of7,STOLEN_KEY,60,22.39,82,CUMULATIVE,164,2800,57166,112000,164,0.348376,0.078001,0.047553,0.02439,0.944669,99.71,34.38,82.02,0.749462,0.924278,1,3,0,0,76,1448,0.115351,1,0.4939,2,3,0,0,V2,1,0.179754,2230.487805,2,0,2,0.820246,0,2,0,200
EDCF-Shield,v2a,FALCON1024+HMAC-SHA512+AES256GCM+DKG4of7,STOLEN_KEY,60,22.39,83,CYCLE,166,0,720,1400,0,0.339623,0.003988,0,0,0,100,35.78,80.27,0.749469,0.924147,1,3,0,0,76,1448,0.114839,1,0.494,2,3,0,0,V2,1,0.179946,2231.325301,2,0,2,0.820054,0,2,0,200
EDCF-Shield,v2a,FALCON1024+HMAC-SHA512+AES256GCM+DKG4of7,STOLEN_KEY,60,22.39,83,CUMULATIVE,166,2800,57886,113400,164,0.34827,0.077535,0.046994,0.024096,0.944669,99.72,34.4,82.01,0.749469,0.924147,1,3,0,0,76,1448,0.114839,1,0.494,2,3,0,0,V2,1,0.179946,2231.325301,2,0,2,0.820054,0,2,0,200
EDCF-Shield,v2a,FALCON1024+HMAC-SHA512+AES256GCM+DKG4of7,STOLEN_KEY,60,22.39,84,CYCLE,168,0,720,1400,0,0.339623,0.00394,0,0,0,100,35.84,80.2,0.749476,0.924015,1,3,0,0,76,1448,0.114335,1,0.494,2,3,0,0,V2,1,0.180141,2232.142857,2,0,2,0.819859,0,2,0,200
EDCF-Shield,v2a,FALCON1024+HMAC-SHA512+AES256GCM+DKG4of7,STOLEN_KEY,60,22.39,84,CUMULATIVE,168,2800,58606,114800,164,0.348166,0.077077,0.046448,0.02381,0.944669,99.72,34.41,81.99,0.749476,0.924015,1,3,0,0,76,1448,0.114335,1,0.494,2,3,0,0,V2,1,0.180141,2232.142857,2,0,2,0.819859,0,2,0,200
EDCF-Shield,v2a,FALCON1024+HMAC-SHA512+AES256GCM+DKG4of7,STOLEN_KEY,60,22.39,85,CYCLE,170,0,720,1400,0,0.339623,0.003894,0,0,0,100,35.79,80.27,0.749482,0.92389,1,3,0,0,76,1448,0.113838,1,0.4941,2,3,0,0,V2,1,0.180326,2232.941176,2,0,2,0.819674,0,2,0,200
EDCF-Shield,v2a,FALCON1024+HMAC-SHA512+AES256GCM+DKG4of7,STOLEN_KEY,60,22.39,85,CUMULATIVE,170,2800,59326,116200,164,0.348064,0.076626,0.045915,0.023529,0.944669,99.72,34.43,81.97,0.749482,0.92389,1,3,0,0,76,1448,0.113838,1,0.4941,2,3,0,0,V2,1,0.180326,2232.941176,2,0,2,0.819674,0,2,0,200
EDCF-Shield,v2a,FALCON1024+HMAC-SHA512+AES256GCM+DKG4of7,STOLEN_KEY,60,22.39,86,CYCLE,172,0,720,1400,0,0.339623,0.003848,0,0,0,100,35.77,80.29,0.749488,0.923768,1,3,0,0,76,1448,0.113349,1,0.4942,2,3,0,0,V2,1,0.180505,2233.72093,2,0,2,0.819495,0,2,0,200
EDCF-Shield,v2a,FALCON1024+HMAC-SHA512+AES256GCM+DKG4of7,STOLEN_KEY,60,22.39,86,CUMULATIVE,172,2800,60046,117600,164,0.347965,0.076184,0.045394,0.023256,0.944669,99.73,34.44,81.95,0.749488,0.923768,1,3,0,0,76,1448,0.113349,1,0.4942,2,3,0,0,V2,1,0.180505,2233.72093,2,0,2,0.819495,0,2,0,200
EDCF-Shield,v2a,FALCON1024+HMAC-SHA512+AES256GCM+DKG4of7,STOLEN_KEY,60,22.39,87,CYCLE,174,0,720,1400,0,0.339623,0.003804,0,0,0,100,35.59,80.51,0.749494,0.92366,1,3,0,0,76,1448,0.112866,1,0.4943,2,3,0,0,V2,1,0.180657,2234.482759,2,0,2,0.819343,0,2,0,200
EDCF-Shield,v2a,FALCON1024+HMAC-SHA512+AES256GCM+DKG4of7,STOLEN_KEY,60,22.39,87,CUMULATIVE,174,2800,60766,119000,164,0.347868,0.075749,0.044885,0.022989,0.944669,99.73,34.45,81.93,0.749494,0.92366,1,3,0,0,76,1448,0.112866,1,0.4943,2,3,0,0,V2,1,0.180657,2234.482759,2,0,2,0.819343,0,2,0,200
EDCF-Shield,v2a,FALCON1024+HMAC-SHA512+AES256GCM+DKG4of7,STOLEN_KEY,60,22.39,88,CYCLE,176,0,720,1400,0,0.339623,0.003761,0,0,0,100,35.68,80.41,0.7495,0.923549,1,3,0,0,76,1448,0.11239,1,0.4943,2,3,0,0,V2,1,0.180818,2235.227273,2,0,2,0.819182,0,2,0,200
EDCF-Shield,v2a,FALCON1024+HMAC-SHA512+AES256GCM+DKG4of7,STOLEN_KEY,60,22.39,88,CUMULATIVE,176,2800,61486,120400,164,0.347774,0.075321,0.044387,0.022727,0.944669,99.73,34.47,81.92,0.7495,0.923549,1,3,0,0,76,1448,0.11239,1,0.4943,2,3,0,0,V2,1,0.180818,2235.227273,2,0,2,0.819182,0,2,0,200
EDCF-Shield,v2a,FALCON1024+HMAC-SHA512+AES256GCM+DKG4of7,STOLEN_KEY,60,22.39,89,CYCLE,178,0,720,1400,0,0.339623,0.003718,0,0,0,100,35.88,80.15,0.749506,0.923427,1,3,0,0,76,1448,0.111921,1,0.4944,2,3,0,0,V2,1,0.180999,2235.955056,2,0,2,0.819001,0,2,0,200
EDCF-Shield,v2a,FALCON1024+HMAC-SHA512+AES256GCM+DKG4of7,STOLEN_KEY,60,22.39,89,CUMULATIVE,178,2800,62206,121800,164,0.347681,0.074901,0.0439,0.022472,0.944669,99.74,34.48,81.9,0.749506,0.923427,1,3,0,0,76,1448,0.111921,1,0.4944,2,3,0,0,V2,1,0.180999,2235.955056,2,0,2,0.819001,0,2,0,200
EDCF-Shield,v2a,FALCON1024+HMAC-SHA512+AES256GCM+DKG4of7,STOLEN_KEY,60,22.39,90,CYCLE,179.5,0,540,840,0,0.391304,0.003677,0,0,0,100,33.38,83.28,0.74951,0.923329,1,3,0,0,76,1448,0.111458,1,0.4958,2,3,0,0,V2,1,0.180899,2236.490251,2,0,2,0.819101,0,2,0,200
EDCF-Shield,v2a,FALCON1024+HMAC-SHA512+AES256GCM+DKG4of7,STOLEN_KEY,60,22.39,90,CUMULATIVE,179.5,2800,62746,122640,164,0.348001,0.074711,0.043612,0.022321,0.944669,99.74,34.47,81.91,0.74951,0.923329,1,3,0,0,76,1448,0.111458,1,0.4958,2,3,0,0,V2,1,0.180899,2236.490251,2,0,2,0.819101,0,2,0,200
EDCF-Shield,v2a,FALCON1024+HMAC-SHA512+AES256GCM+DKG4of7,STOLEN_KEY,120,44.78,1,CYCLE,2,800,0,0,0,1,0.5,1,1,1,0,100,0,0,0,1,0,0,0,76,1448,0,1,0,0,0,0,0,V2,0,1,-100,1,0,0,0,0,0,0,200
EDCF-Shield,v2a,FALCON1024+HMAC-SHA512+AES256GCM+DKG4of7,STOLEN_KEY,120,44.78,1,CUMULATIVE,2,800,0,0,0,1,0.5,1,1,1,0,100,0,0,0,1,0,0,0,76,1448,0,1,0,0,0,0,0,V2,0,1,-100,1,0,0,0,0,0,0,200
EDCF-Shield,v2a,FALCON1024+HMAC-SHA512+AES256GCM+DKG4of7,STOLEN_KEY,120,44.78,2,CYCLE,4,800,0,0,150,0.842105,0.250022,0.914286,1,0.842105,0,48.7,64.13,0,0.927536,1,0,0,0,76,1448,0,1,0.25,2,0,0,0,V2,0,0.528053,150,2,0,2,0.471947,0,1,0,200
EDCF-Shield,v2a,FALCON1024+HMAC-SHA512+AES256GCM+DKG4of7,STOLEN_KEY,120,44.78,2,CUMULATIVE,4,1600,0,0,150,0.914286,0.00005,0.955224,1,0.914286,0,62.24,47.19,0,0.927536,1,0,0,0,76,1448,0,1,0.25,2,0,0,0,V2,0,0.528053,150,2,0,2,0.471947,0,1,0,200
EDCF-Shield,v2a,FALCON1024+HMAC-SHA512+AES256GCM+DKG4of7,STOLEN_KEY,120,44.78,3,CYCLE,6,0,376,800,14,0.315966,0.114591,0,0,0,96.41,32.84,83.95,0.676259,0.933738,1,3,0,0,76,1448,0,1,0.3333,2,3,0,0,V2,1,0.299513,500,2,0,2,0.700487,0,2,0,200
EDCF-Shield,v2a,FALCON1024+HMAC-SHA512+AES256GCM+DKG4of7,STOLEN_KEY,120,44.78,3,CUMULATIVE,6,1600,376,800,164,0.672109,0.286888,0.768492,0.666667,0.907029,69.63,43.96,70.05,0.676259,0.933738,1,3,0,0,76,1448,0,1,0.3333,2,3,0,0,V2,1,0.299513,500,2,0,2,0.700487,0,2,0,200
EDCF-Shield,v2a,FALCON1024+HMAC-SHA512+AES256GCM+DKG4of7,STOLEN_KEY,120,44.78,4,CYCLE,8,0,630,800,0,0.440559,0.085942,0,0,0,100,28.71,89.12,0.72063,0.933747,1,3,0,0,76,1448,0.286888,1,0.375,2,3,0,0,V2,1,0.208293,875,2,0,2,0.791707,0,2,0,200
EDCF-Shield,v2a,FALCON1024+HMAC-SHA512+AES256GCM+DKG4of7,STOLEN_KEY,120,44.78,4,CUMULATIVE,8,1600,1006,1600,164,0.596339,0.324734,0.644641,0.5,0.907029,85.98,36.66,79.17,0.72063,0.933747,1,3,0,0,76,1448,0.286888,1,0.375,2,3,0,0,V2,1,0.208293,875,2,0,2,0.791707,0,2,0,200
EDCF-Shield,v2a,FALCON1024+HMAC-SHA512+AES256GCM+DKG4of7,STOLEN_KEY,120,44.78,5,CYCLE,10,0,870,800,0,0.520958,0.068754,0,0,0,100,26.46,91.93,0.733959,0.933965,1,3,0,0,76,1448,0,1,0.4,2,3,0,0,V2,1,0.158259,1260,2,0,2,0.841741,0,2,0,200
EDCF-Shield,v2a,FALCON1024+HMAC-SHA512+AES256GCM+DKG4of7,STOLEN_KEY,120,44.78,5,CUMULATIVE,10,1600,1876,2400,164,0.575497,0.332426,0.55517,0.4,0.907029,91.96,32.66,84.17,0.733959,0.933965,1,3,0,0,76,1448,0,1,0.4,2,3,0,0,V2,1,0.158259,1260,2,0,2,0.841741,0,2,0,200
EDCF-Shield,v2a,FALCON1024+HMAC-SHA512+AES256GCM+DKG4of7,STOLEN_KEY,120,44.78,6,CYCLE,12,0,1110,800,0,0.581152,0.057296,0,0,0,100,25.34,93.33,0.739841,0.933157,1,3,0,0,76,1448,0.332426,1,0.4167,2,3,0,0,V2,1,0.1288,1650,2,0,2,0.8712,0,2,0,200
EDCF-Shield,v2a,FALCON1024+HMAC-SHA512+AES256GCM+DKG4of7,STOLEN_KEY,120,44.78,6,CUMULATIVE,12,1600,2986,3200,164,0.576855,0.331089,0.487508,0.333333,0.907029,94.79,30.3,87.12,0.739841,0.933157,1,3,0,0,76,1448,0.332426,1,0.4167,2,3,0,0,V2,1,0.1288,1650,2,0,2,0.8712,0,2,0,200
EDCF-Shield,v2a,FALCON1024+HMAC-SHA512+AES256GCM+DKG4of7,STOLEN_KEY,120,44.78,7,CYCLE,14,0,1350,800,0,0.627907,0.049112,0,0,0,100,24.47,94.41,0.742975,0.932563,1,3,0,0,76,1448,0.331757,1,0.4286,2,3,0,0,V2,1,0.108557,2042.857143,2,0,2,0.891443,0,2,0,200
EDCF-Shield,v2a,FALCON1024+HMAC-SHA512+AES256GCM+DKG4of7,STOLEN_KEY,120,44.78,7,CUMULATIVE,14,1600,4336,4000,164,0.587723,0.326319,0.434546,0.285714,0.907029,96.36,28.68,89.14,0.742975,0.932563,1,3,0,0,76,1448,0.331757,1,0.4286,2,3,0,0,V2,1,0.108557,2042.857143,2,0,2,0.891443,0,2,0,200
EDCF-Shield,v2a,FALCON1024+HMAC-SHA512+AES256GCM+DKG4of7,STOLEN_KEY,120,44.78,8,CYCLE,16,0,1440,800,0,0.642857,0.042974,0,0,0,100,24.13,94.83,0.744714,0.93253,1,3,0,0,76,1448,0.329944,1,0.4375,2,3,0,0,V2,1,0.095418,2375,2,0,2,0.904582,0,2,0,200
EDCF-Shield,v2a,FALCON1024+HMAC-SHA512+AES256GCM+DKG4of7,STOLEN_KEY,120,44.78,8,CUMULATIVE,16,1600,5776,4800,164,0.597731,0.31746,0.391965,0.25,0.907029,97.24,27.63,90.46,0.744714,0.93253,1,3,0,0,76,1448,0.329944,1,0.4375,2,3,0,0,V2,1,0.095418,2375,2,0,2,0.904582,0,2,0,200
EDCF-Shield,v2a,FALCON1024+HMAC-SHA512+AES256GCM+DKG4of7,STOLEN_KEY,120,44.78,9,CYCLE,18,0,1440,800,0,0.642857,0.0382,0,0,0,100,24.17,94.79,0.745763,0.93239,1,3,0,0,76,1448,0.326823,1,0.4444,2,3,0,0,V2,1,0.087347,2633.333333,2,0,2,0.912653,0,2,0,200
EDCF-Shield,v2a,FALCON1024+HMAC-SHA512+AES256GCM+DKG4of7,STOLEN_KEY,120,44.78,9,CUMULATIVE,18,1600,7216,5600,164,0.604664,0.306619,0.356983,0.222222,0.907029,97.78,26.99,91.27,0.745763,0.93239,1,3,0,0,76,1448,0.326823,1,0.4444,2,3,0,0,V2,1,0.087347,2633.333333,2,0,2,0.912653,0,2,0,200
EDCF-Shield,v2a,FALCON1024+HMAC-SHA512+AES256GCM+DKG4of7,STOLEN_KEY,120,44.78,10,CYCLE,20,0,1440,800,0,0.642857,0.034381,0,0,0,100,24.16,94.8,0.746464,0.932325,1,3,0,0,76,1448,0.322782,1,0.45,2,3,0,0,V2,1,0.081778,2840,2,0,2,0.918222,0,2,0,200
EDCF-Shield,v2a,FALCON1024+HMAC-SHA512+AES256GCM+DKG4of7,STOLEN_KEY,120,44.78,10,CUMULATIVE,20,1600,8656,6400,164,0.60975,0.295683,0.327735,0.2,0.907029,98.14,26.54,91.82,0.746464,0.932325,1,3,0,0,76,1448,0.322782,1,0.45,2,3,0,0,V2,1,0.081778,2840,2,0,2,0.918222,0,2,0,200
EDCF-Shield,v2a,FALCON1024+HMAC-SHA512+AES256GCM+DKG4of7,STOLEN_KEY,120,44.78,11,CYCLE,22,0,1440,800,0,0.642857,0.031256,0,0,0,100,24.17,94.79,0.746967,0.932252,1,3,0,0,76,1448,0.318266,1,0.4545,2,3,0,0,V2,1,0.077751,3009.090909,2,0,2,0.922249,0,2,0,200
EDCF-Shield,v2a,FALCON1024+HMAC-SHA512+AES256GCM+DKG4of7,STOLEN_KEY,120,44.78,11,CUMULATIVE,22,1600,10096,7200,164,0.613641,0.285276,0.302916,0.181818,0.907029,98.4,26.22,92.22,0.746967,0.932252,1,3,0,0,76,1448,0.318266,1,0.4545,2,3,0,0,V2,1,0.077751,3009.090909,2,0,2,0.922249,0,2,0,200
EDCF-Shield,v2a,FALCON1024+HMAC-SHA512+AES256GCM+DKG4of7,STOLEN_KEY,120,44.78,12,CYCLE,24,0,1440,800,0,0.642857,0.028652,0,0,0,100,24.22,94.73,0.747344,0.932088,1,3,0,0,76,1448,0.313553,1,0.4583,2,3,0,0,V2,1,0.074793,3150,2,0,2,0.925207,0,2,0,200
EDCF-Shield,v2a,FALCON1024+HMAC-SHA512+AES256GCM+DKG4of7,STOLEN_KEY,120,44.78,12,CUMULATIVE,24,1600,11536,8000,164,0.616714,0.275586,0.281591,0.166667,0.907029,98.6,25.98,92.52,0.747344,0.932088,1,3,0,0,76,1448,0.313553,1,0.4583,2,3,0,0,V2,1,0.074793,3150,2,0,2,0.925207,0,2,0,200
EDCF-Shield,v2a,FALCON1024+HMAC-SHA512+AES256GCM+DKG4of7,STOLEN_KEY,120,44.78,13,CYCLE,26,0,1440,800,0,0.642857,0.026449,0,0,0,100,24.23,94.71,0.747638,0.93194,1,3,0,0,76,1448,0.308807,1,0.4615,2,3,0,0,V2,1,0.072479,3269.230769,2,0,2,0.927521,0,2,0,200
EDCF-Shield,v2a,FALCON1024+HMAC-SHA512+AES256GCM+DKG4of7,STOLEN_KEY,120,44.78,13,CUMULATIVE,26,1600,12976,8800,164,0.619201,0.266636,0.263071,0.153846,0.907029,98.75,25.8,92.75,0.747638,0.93194,1,3,0,0,76,1448,0.308807,1,0.4615,2,3,0,0,V2,1,0.072479,3269.230769,2,0,2,0.927521,0,2,0,200
EDCF-Shield,v2a,FALCON1024+HMAC-SHA512+AES256GCM+DKG4of7,STOLEN_KEY,120,44.78,14,CYCLE,28,0,1440,800,0,0.642857,0.02456,0,0,0,100,24.25,94.69,0.747873,0.931791,1,3,0,0,76,1448,0.304122,1,0.4643,2,3,0,0,V2,1,0.070634,3371.428571,2,0,2,0.929366,0,2,0,200
EDCF-Shield,v2a,FALCON1024+HMAC-SHA512+AES256GCM+DKG4of7,STOLEN_KEY,120,44.78,14,CUMULATIVE,28,1600,14416,9600,164,0.621257,0.258389,0.246837,0.142857,0.907029,98.88,25.65,92.94,0.747873,0.931791,1,3,0,0,76,1448,0.304122,1,0.4643,2,3,0,0,V2,1,0.070634,3371.428571,2,0,2,0.929366,0,2,0,200
EDCF-Shield,v2a,FALCON1024+HMAC-SHA512+AES256GCM+DKG4of7,STOLEN_KEY,120,44.78,15,CYCLE,30,0,1440,800,0,0.642857,0.022924,0,0,0,100,24.22,94.73,0.748066,0.931711,1,3,0,0,76,1448,0.299548,1,0.4667,2,3,0,0,V2,1,0.069071,3460,2,0,2,0.930929,0,2,0,200
EDCF-Shield,v2a,FALCON1024+HMAC-SHA512+AES256GCM+DKG4of7,STOLEN_KEY,120,44.78,15,CUMULATIVE,30,1600,15856,10400,164,0.622984,0.250786,0.232491,0.133333,0.907029,98.98,25.53,93.09,0.748066,0.931711,1,3,0,0,76,1448,0.299548,1,0.4667,2,3,0,0,V2,1,0.069071,3460,2,0,2,0.930929,0,2,0,200
EDCF-Shield,v2a,FALCON1024+HMAC-SHA512+AES256GCM+DKG4of7,STOLEN_KEY,120,44.78,16,CYCLE,32,0,1440,800,0,0.642857,0.021492,0,0,0,100,24.16,94.8,0.748226,0.931729,1,3,0,0,76,1448,0.295115,1,0.4688,2,3,0,0,V2,1,0.067683,3537.5,2,0,2,0.932317,0,2,0,200
EDCF-Shield,v2a,FALCON1024+HMAC-SHA512+AES256GCM+DKG4of7,STOLEN_KEY,120,44.78,16,CUMULATIVE,32,1600,17296,11200,164,0.624455,0.243764,0.21972,0.125,0.907029,99.06,25.41,93.23,0.748226,0.931729,1,3,0,0,76,1448,0.295115,1,0.4688,2,3,0,0,V2,1,0.067683,3537.5,2,0,2,0.932317,0,2,0,200
EDCF-Shield,v2a,FALCON1024+HMAC-SHA512+AES256GCM+DKG4of7,STOLEN_KEY,120,44.78,17,CYCLE,34,0,1440,800,0,0.642857,0.020228,0,0,0,100,24.21,94.73,0.748362,0.931673,1,3,0,0,76,1448,0.290836,1,0.4706,2,3,0,0,V2,1,0.066566,3605.882353,2,0,2,0.933434,0,2,0,200
EDCF-Shield,v2a,FALCON1024+HMAC-SHA512+AES256GCM+DKG4of7,STOLEN_KEY,120,44.78,17,CUMULATIVE,34,1600,18736,12000,164,0.625723,0.237265,0.208279,0.117647,0.907029,99.13,25.33,93.34,0.748362,0.931673,1,3,0,0,76,1448,0.290836,1,0.4706,2,3,0,0,V2,1,0.066566,3605.882353,2,0,2,0.933434,0,2,0,200
EDCF-Shield,v2a,FALCON1024+HMAC-SHA512+AES256GCM+DKG4of7,STOLEN_KEY,120,44.78,18,CYCLE,36,0,1440,800,0,0.642857,0.019105,0,0,0,100,24.29,94.64,0.748479,0.931531,1,3,0,0,76,1448,0.286715,1,0.4722,2,3,0,0,V2,1,0.065685,3666.666667,2,0,2,0.934315,0,2,0,200
EDCF-Shield,v2a,FALCON1024+HMAC-SHA512+AES256GCM+DKG4of7,STOLEN_KEY,120,44.78,18,CUMULATIVE,36,1600,20176,12800,164,0.626828,0.231232,0.197971,0.111111,0.907029,99.19,25.25,93.43,0.748479,0.931531,1,3,0,0,76,1448,0.286715,1,0.4722,2,3,0,0,V2,1,0.065685,3666.666667,2,0,2,0.934315,0,2,0,200
EDCF-Shield,v2a,FALCON1024+HMAC-SHA512+AES256GCM+DKG4of7,STOLEN_KEY,120,44.78,19,CYCLE,38,0,1440,800,0,0.642857,0.0181,0,0,0,100,24.32,94.6,0.74858,0.931376,1,3,0,0,76,1448,0.282752,1,0.4737,2,3,0,0,V2,1,0.064944,3721.052632,2,0,2,0.935056,0,2,0,200
EDCF-Shield,v2a,FALCON1024+HMAC-SHA512+AES256GCM+DKG4of7,STOLEN_KEY,120,44.78,19,CUMULATIVE,38,1600,21616,13600,164,0.627799,0.225618,0.188635,0.105263,0.907029,99.25,25.2,93.51,0.74858,0.931376,1,3,0,0,76,1448,0.282752,1,0.4737,2,3,0,0,V2,1,0.064944,3721.052632,2,0,2,0.935056,0,2,0,200
EDCF-Shield,v2a,FALCON1024+HMAC-SHA512+AES256GCM+DKG4of7,STOLEN_KEY,120,44.78,20,CYCLE,40,0,1440,800,0,0.642857,0.017195,0,0,0,100,24.33,94.58,0.748669,0.931223,1,3,0,0,76,1448,0.278943,1,0.475,2,3,0,0,V2,1,0.064305,3770,2,0,2,0.935695,0,2,0,200
EDCF-Shield,v2a,FALCON1024+HMAC-SHA512+AES256GCM+DKG4of7,STOLEN_KEY,120,44.78,20,CUMULATIVE,40,1600,23056,14400,164,0.628659,0.220379,0.18014,0.1,0.907029,99.29,25.14,93.57,0.748669,0.931223,1,3,0,0,76,1448,0.278943,1,0.475,2,3,0,0,V2,1,0.064305,3770,2,0,2,0.935695,0,2,0,200
EDCF-Shield,v2a,FALCON1024+HMAC-SHA512+AES256GCM+DKG4of7,STOLEN_KEY,120,44.78,21,CYCLE,42,0,1440,800,0,0.642857,0.016377,0,0,0,100,24.35,94.57,0.748747,0.931076,1,3,0,0,76,1448,0.275283,1,0.4762,2,3,0,0,V2,1,0.063746,3814.285714,2,0,2,0.936254,0,2,0,200
EDCF-Shield,v2a,FALCON1024+HMAC-SHA512+AES256GCM+DKG4of7,STOLEN_KEY,120,44.78,21,CUMULATIVE,42,1600,24496,15200,164,0.629426,0.215477,0.172377,0.095238,0.907029,99.33,25.1,93.63,0.748747,0.931076,1,3,0,0,76,1448,0.275283,1,0.4762,2,3,0,0,V2,1,0.063746,3814.285714,2,0,2,0.936254,0,2,0,200
EDCF-Shield,v2a,FALCON1024+HMAC-SHA512+AES256GCM+DKG4of7,STOLEN_KEY,120,44.78,22,CYCLE,44,0,1440,800,0,0.642857,0.015633,0,0,0,100,24.39,94.51,0.748816,0.930906,1,3,0,0,76,1448,0.271765,1,0.4773,2,3,0,0,V2,1,0.06328,3854.545455,2,0,2,0.93672,0,2,0,200
EDCF-Shield,v2a,FALCON1024+HMAC-SHA512+AES256GCM+DKG4of7,STOLEN_KEY,120,44.78,22,CUMULATIVE,44,1600,25936,16000,164,0.630114,0.21088,0.165255,0.090909,0.907029,99.37,25.06,93.67,0.748816,0.930906,1,3,0,0,76,1448,0.271765,1,0.4773,2,3,0,0,V2,1,0.06328,3854.545455,2,0,2,0.93672,0,2,0,200
EDCF-Shield,v2a,FALCON1024+HMAC-SHA512+AES256GCM+DKG4of7,STOLEN_KEY,120,44.78,23,CYCLE,46,0,1440,800,0,0.642857,0.014953,0,0,0,100,24.38,94.53,0.748878,0.93076,1,3,0,0,76,1448,0.268382,1,0.4783,2,3,0,0,V2,1,0.062853,3891.304348,2,0,2,0.937147,0,2,0,200
EDCF-Shield,v2a,FALCON1024+HMAC-SHA512+AES256GCM+DKG4of7,STOLEN_KEY,120,44.78,23,CUMULATIVE,46,1600,27376,16800,164,0.630736,0.206558,0.158699,0.086957,0.907029,99.4,25.03,93.71,0.748878,0.93076,1,3,0,0,76,1448,0.268382,1,0.4783,2,3,0,0,V2,1,0.062853,3891.304348,2,0,2,0.937147,0,2,0,200
EDCF-Shield,v2a,FALCON1024+HMAC-SHA512+AES256GCM+DKG4of7,STOLEN_KEY,120,44.78,24,CYCLE,48,0,1440,800,0,0.642857,0.014331,0,0,0,100,24.39,94.51,0.748934,0.93062,1,3,0,0,76,1448,0.265129,1,0.4792,2,3,0,0,V2,1,0.062474,3925,2,0,2,0.937526,0,2,0,200
EDCF-Shield,v2a,FALCON1024+HMAC-SHA512+AES256GCM+DKG4of7,STOLEN_KEY,120,44.78,24,CUMULATIVE,48,1600,28816,17600,164,0.631299,0.202485,0.152643,0.083333,0.907029,99.43,25,93.75,0.748934,0.93062,1,3,0,0,76,1448,0.265129,1,0.4792,2,3,0,0,V2,1,0.062474,3925,2,0,2,0.937526,0,2,0,200
EDCF-Shield,v2a,FALCON1024+HMAC-SHA512+AES256GCM+DKG4of7,STOLEN_KEY,120,44.78,25,CYCLE,50,0,1440,800,0,0.642857,0.013758,0,0,0,100,24.45,94.43,0.748985,0.930442,1,3,0,0,76,1448,0.261996,1,0.48,2,3,0,0,V2,1,0.062171,3956,2,0,2,0.937829,0,2,0,200
EDCF-Shield,v2a,FALCON1024+HMAC-SHA512+AES256GCM+DKG4of7,STOLEN_KEY,120,44.78,25,CUMULATIVE,50,1600,30256,18400,164,0.631813,0.19864,0.147032,0.08,0.907029,99.46,24.97,93.78,0.748985,0.930442,1,3,0,0,76,1448,0.261996,1,0.48,2,3,0,0,V2,1,0.062171,3956,2,0,2,0.937829,0,2,0,200
EDCF-Shield,v2a,FALCON1024+HMAC-SHA512+AES256GCM+DKG4of7,STOLEN_KEY,120,44.78,26,CYCLE,52,0,1440,800,0,0.642857,0.013229,0,0,0,100,24.49,94.39,0.749031,0.930252,1,3,0,0,76,1448,0.258979,1,0.4808,2,3,0,0,V2,1,0.061915,3984.615385,2,0,2,0.938085,0,2,0,200
EDCF-Shield,v2a,FALCON1024+HMAC-SHA512+AES256GCM+DKG4of7,STOLEN_KEY,120,44.78,26,CUMULATIVE,52,1600,31696,19200,164,0.632283,0.195002,0.141819,0.076923,0.907029,99.49,24.95,93.81,0.749031,0.930252,1,3,0,0,76,1448,0.258979,1,0.4808,2,3,0,0,V2,1,0.061915,3984.615385,2,0,2,0.938085,0,2,0,200
EDCF-Shield,v2a,FALCON1024+HMAC-SHA512+AES256GCM+DKG4of7,STOLEN_KEY,120,44.78,27,CYCLE,54,0,1440,800,0,0.642857,0.012739,0,0,0,100,24.52,94.35,0.749073,0.930057,1,3,0,0,76,1448,0.256071,1,0.4815,2,3,0,0,V2,1,0.061696,4011.111111,2,0,2,0.938304,0,2,0,200
EDCF-Shield,v2a,FALCON1024+HMAC-SHA512+AES256GCM+DKG4of7,STOLEN_KEY,120,44.78,27,CUMULATIVE,54,1600,33136,20000,164,0.632714,0.191554,0.136963,0.074074,0.907029,99.51,24.94,93.83,0.749073,0.930057,1,3,0,0,76,1448,0.256071,1,0.4815,2,3,0,0,V2,1,0.061696,4011.111111,2,0,2,0.938304,0,2,0,200
EDCF-Shield,v2a,FALCON1024+HMAC-SHA512+AES256GCM+DKG4of7,STOLEN_KEY,120,44.78,28,CYCLE,56,0,1440,800,0,0.642857,0.012285,0,0,0,100,24.49,94.39,0.749112,0.929899,1,3,0,0,76,1448,0.253266,1,0.4821,2,3,0,0,V2,1,0.061477,4035.714286,2,0,2,0.938523,0,2,0,200
EDCF-Shield,v2a,FALCON1024+HMAC-SHA512+AES256GCM+DKG4of7,STOLEN_KEY,120,44.78,28,CUMULATIVE,56,1600,34576,20800,164,0.633112,0.188281,0.132428,0.071429,0.907029,99.53,24.92,93.85,0.749112,0.929899,1,3,0,0,76,1448,0.253266,1,0.4821,2,3,0,0,V2,1,0.061477,4035.714286,2,0,2,0.938523,0,2,0,200
EDCF-Shield,v2a,FALCON1024+HMAC-SHA512+AES256GCM+DKG4of7,STOLEN_KEY,120,44.78,29,CYCLE,58,0,1440,800,0,0.642857,0.011861,0,0,0,100,24.5,94.37,0.749147,0.929744,1,3,0,0,76,1448,0.250559,1,0.4828,2,3,0,0,V2,1,0.061283,4058.62069,2,0,2,0.938717,0,2,0,200
EDCF-Shield,v2a,FALCON1024+HMAC-SHA512+AES256GCM+DKG4of7,STOLEN_KEY,120,44.78,29,CUMULATIVE,58,1600,36016,21600,164,0.633479,0.185167,0.128185,0.068966,0.907029,99.55,24.9,93.87,0.749147,0.929744,1,3,0,0,76,1448,0.250559,1,0.4828,2,3,0,0,V2,1,0.061283,4058.62069,2,0,2,0.938717,0,2,0,200
EDCF-Shield,v2a,FALCON1024+HMAC-SHA512+AES256GCM+DKG4of7,STOLEN_KEY,120,44.78,30,CYCLE,60,0,1440,800,0,0.642857,0.011466,0,0,0,100,24.51,94.36,0.74918,0.929593,1,3,0,0,76,1448,0.247943,1,0.4833,2,3,0,0,V2,1,0.061107,4080,2,0,2,0.938893,0,2,0,200
EDCF-Shield,v2a,FALCON1024+HMAC-SHA512+AES256GCM+DKG4of7,STOLEN_KEY,120,44.78,30,CUMULATIVE,60,1600,37456,22400,164,0.63382,0.182201,0.124204,0.066667,0.907029,99.56,24.89,93.89,0.74918,0.929593,1,3,0,0,76,1448,0.247943,1,0.4833,2,3,0,0,V2,1,0.061107,4080,2,0,2,0.938893,0,2,0,200
EDCF-Shield,v2a,FALCON1024+HMAC-SHA512+AES256GCM+DKG4of7,STOLEN_KEY,120,44.78,31,CYCLE,62,0,1440,800,0,0.642857,0.011097,0,0,0,100,24.58,94.27,0.74921,0.929413,1,3,0,0,76,1448,0.245414,1,0.4839,2,3,0,0,V2,1,0.060975,4100,2,0,2,0.939025,0,2,0,200
EDCF-Shield,v2a,FALCON1024+HMAC-SHA512+AES256GCM+DKG4of7,STOLEN_KEY,120,44.78,31,CUMULATIVE,62,1600,38896,23200,164,0.634137,0.179372,0.120464,0.064516,0.907029,99.58,24.88,93.9,0.74921,0.929413,1,3,0,0,76,1448,0.245414,1,0.4839,2,3,0,0,V2,1,0.060975,4100,2,0,2,0.939025,0,2,0,200
EDCF-Shield,v2a,FALCON1024+HMAC-SHA512+AES256GCM+DKG4of7,STOLEN_KEY,120,44.78,32,CYCLE,64,0,1440,800,0,0.642857,0.01075,0,0,0,100,24.59,94.26,0.749238,0.929238,1,3,0,0,76,1448,0.242968,1,0.4844,2,3,0,0,V2,1,0.060857,4118.75,2,0,2,0.939143,0,2,0,200
EDCF-Shield,v2a,FALCON1024+HMAC-SHA512+AES256GCM+DKG4of7,STOLEN_KEY,120,44.78,32,CUMULATIVE,64,1600,40336,24000,164,0.634433,0.176669,0.116942,0.0625,0.907029,99.6,24.87,93.91,0.749238,0.929238,1,3,0,0,76,1448,0.242968,1,0.4844,2,3,0,0,V2,1,0.060857,4118.75,2,0,2,0.939143,0,2,0,200
EDCF-Shield,v2a,FALCON1024+HMAC-SHA512+AES256GCM+DKG4of7,STOLEN_KEY,120,44.78,33,CYCLE,66,0,1440,800,0,0.642857,0.010425,0,0,0,100,24.62,94.23,0.749265,0.92906,1,3,0,0,76,1448,0.2406,1,0.4848,2,3,0,0,V2,1,0.060757,4136.363636,2,0,2,0.939243,0,2,0,200
EDCF-Shield,v2a,FALCON1024+HMAC-SHA512+AES256GCM+DKG4of7,STOLEN_KEY,120,44.78,33,CUMULATIVE,66,1600,41776,24800,164,0.634709,0.174084,0.11362,0.060606,0.907029,99.61,24.86,93.92,0.749265,0.92906,1,3,0,0,76,1448,0.2406,1,0.4848,2,3,0,0,V2,1,0.060757,4136.363636,2,0,2,0.939243,0,2,0,200
EDCF-Shield,v2a,FALCON1024+HMAC-SHA512+AES256GCM+DKG4of7,STOLEN_KEY,120,44.78,34,CYCLE,68,0,1440,800,0,0.642857,0.010118,0,0,0,100,24.67,94.16,0.749289,0.928867,1,3,0,0,76,1448,0.238307,1,0.4853,2,3,0,0,V2,1,0.060684,4152.941176,2,0,2,0.939316,0,2,0,200
EDCF-Shield,v2a,FALCON1024+HMAC-SHA512+AES256GCM+DKG4of7,STOLEN_KEY,120,44.78,34,CUMULATIVE,68,1600,43216,25600,164,0.634967,0.171608,0.110482,0.058824,0.907029,99.62,24.85,93.93,0.749289,0.928867,1,3,0,0,76,1448,0.238307,1,0.4853,2,3,0,0,V2,1,0.060684,4152.941176,2,0,2,0.939316,0,2,0,200
EDCF-Shield,v2a,FALCON1024+HMAC-SHA512+AES256GCM+DKG4of7,STOLEN_KEY,120,44.78,35,CYCLE,70,0,1440,800,0,0.642857,0.00983,0,0,0,100,24.74,94.07,0.749312,0.92865,1,3,0,0,76,1448,0.236084,1,0.4857,2,3,0,0,V2,1,0.060643,4168.571429,2,0,2,0.939357,0,2,0,200
EDCF-Shield,v2a,FALCON1024+HMAC-SHA512+AES256GCM+DKG4of7,STOLEN_KEY,120,44.78,35,CUMULATIVE,70,1600,44656,26400,164,0.63521,0.169234,0.107512,0.057143,0.907029,99.63,24.85,93.94,0.749312,0.92865,1,3,0,0,76,1448,0.236084,1,0.4857,2,3,0,0,V2,1,0.060643,4168.571429,2,0,2,0.939357,0,2,0,200
EDCF-Shield,v2a,FALCON1024+HMAC-SHA512+AES256GCM+DKG4of7,STOLEN_KEY,120,44.78,36,CYCLE,72,0,1440,800,0,0.642857,0.009557,0,0,0,100,24.76,94.05,0.749334,0.928436,1,3,0,0,76,1448,0.233927,1,0.4861,2,3,0,0,V2,1,0.060611,4183.333333,2,0,2,0.939389,0,2,0,200
EDCF-Shield,v2a,FALCON1024+HMAC-SHA512+AES256GCM+DKG4of7,STOLEN_KEY,120,44.78,36,CUMULATIVE,72,1600,46096,27200,164,0.635438,0.166955,0.104698,0.055556,0.907029,99.65,24.85,93.94,0.749334,0.928436,1,3,0,0,76,1448,0.233927,1,0.4861,2,3,0,0,V2,1,0.060611,4183.333333,2,0,2,0.939389,0,2,0,200
EDCF-Shield,v2a,FALCON1024+HMAC-SHA512+AES256GCM+DKG4of7,STOLEN_KEY,120,44.78,37,CYCLE,74,0,1440,800,0,0.642857,0.009299,0,0,0,100,24.73,94.09,0.749354,0.92825,1,3,0,0,76,1448,0.231834,1,0.4865,2,3,0,0,V2,1,0.060568,4197.297297,2,0,2,0.939432,0,2,0,200
EDCF-Shield,v2a,FALCON1024+HMAC-SHA512+AES256GCM+DKG4of7,STOLEN_KEY,120,44.78,37,CUMULATIVE,74,1600,47536,28000,164,0.635653,0.164765,0.102028,0.054054,0.907029,99.66,24.85,93.94,0.749354,0.92825,1,3,0,0,76,1448,0.231834,1,0.4865,2,3,0,0,V2,1,0.060568,4197.297297,2,0,2,0.939432,0,2,0,200
EDCF-Shield,v2a,FALCON1024+HMAC-SHA512+AES256GCM+DKG4of7,STOLEN_KEY,120,44.78,38,CYCLE,76,0,1440,800,0,0.642857,0.009054,0,0,0,100,24.71,94.11,0.749373,0.92808,1,3,0,0,76,1448,0.229802,1,0.4868,2,3,0,0,V2,1,0.060523,4210.526316,2,0,2,0.939477,0,2,0,200
EDCF-Shield,v2a,FALCON1024+HMAC-SHA512+AES256GCM+DKG4of7,STOLEN_KEY,120,44.78,38,CUMULATIVE,76,1600,48976,28800,164,0.635856,0.162659,0.09949,0.052632,0.907029,99.67,24.84,93.95,0.749373,0.92808,1,3,0,0,76,1448,0.229802,1,0.4868,2,3,0,0,V2,1,0.060523,4210.526316,2,0,2,0.939477,0,2,0,200
EDCF-Shield,v2a,FALCON1024+HMAC-SHA512+AES256GCM+DKG4of7,STOLEN_KEY,120,44.78,39,CYCLE,78,0,1440,800,0,0.642857,0.008822,0,0,0,100,24.77,94.04,0.749391,0.927895,1,3,0,0,76,1448,0.227827,1,0.4872,2,3,0,0,V2,1,0.060499,4223.076923,2,0,2,0.939501,0,2,0,200
EDCF-Shield,v2a,FALCON1024+HMAC-SHA512+AES256GCM+DKG4of7,STOLEN_KEY,120,44.78,39,CUMULATIVE,78,1600,50416,29600,164,0.636048,0.160631,0.097076,0.051282,0.907029,99.68,24.84,93.95,0.749391,0.927895,1,3,0,0,76,1448,0.227827,1,0.4872,2,3,0,0,V2,1,0.060499,4223.076923,2,0,2,0.939501,0,2,0,200
EDCF-Shield,v2a,FALCON1024+HMAC-SHA512+AES256GCM+DKG4of7,STOLEN_KEY,120,44.78,40,CYCLE,80,0,1440,800,0,0.642857,0.008602,0,0,0,100,24.81,93.99,0.749407,0.927703,1,3,0,0,76,1448,0.225907,1,0.4875,2,3,0,0,V2,1,0.060489,4235,2,0,2,0.939511,0,2,0,200
EDCF-Shield,v2a,FALCON1024+HMAC-SHA512+AES256GCM+DKG4of7,STOLEN_KEY,120,44.78,40,CUMULATIVE,80,1600,51856,30400,164,0.636229,0.158676,0.094776,0.05,0.907029,99.68,24.84,93.95,0.749407,0.927703,1,3,0,0,76,1448,0.225907,1,0.4875,2,3,0,0,V2,1,0.060489,4235,2,0,2,0.939511,0,2,0,200
EDCF-Shield,v2a,FALCON1024+HMAC-SHA512+AES256GCM+DKG4of7,STOLEN_KEY,120,44.78,41,CYCLE,82,0,1440,800,0,0.642857,0.008392,0,0,0,100,24.88,93.9,0.749423,0.927489,1,3,0,0,76,1448,0.22404,1,0.4878,2,3,0,0,V2,1,0.060502,4246.341463,2,0,2,0.939498,0,2,0,200
EDCF-Shield,v2a,FALCON1024+HMAC-SHA512+AES256GCM+DKG4of7,STOLEN_KEY,120,44.78,41,CUMULATIVE,82,1600,53296,31200,164,0.636402,0.156791,0.092582,0.04878,0.907029,99.69,24.84,93.95,0.749423,0.927489,1,3,0,0,76,1448,0.22404,1,0.4878,2,3,0,0,V2,1,0.060502,4246.341463,2,0,2,0.939498,0,2,0,200
EDCF-Shield,v2a,FALCON1024+HMAC-SHA512+AES256GCM+DKG4of7,STOLEN_KEY,120,44.78,42,CYCLE,84,0,1440,800,0,0.642857,0.008193,0,0,0,100,24.95,93.81,0.749439,0.92726,1,3,0,0,76,1448,0.222222,1,0.4881,2,3,0,0,V2,1,0.060534,4257.142857,2,0,2,0.939466,0,2,0,200
EDCF-Shield,v2a,FALCON1024+HMAC-SHA512+AES256GCM+DKG4of7,STOLEN_KEY,120,44.78,42,CUMULATIVE,84,1600,54736,32000,164,0.636565,0.154971,0.090488,0.047619,0.907029,99.7,24.84,93.95,0.749439,0.92726,1,3,0,0,76,1448,0.222222,1,0.4881,2,3,0,0,V2,1,0.060534,4257.142857,2,0,2,0.939466,0,2,0,200
EDCF-Shield,v2a,FALCON1024+HMAC-SHA512+AES256GCM+DKG4of7,STOLEN_KEY,120,44.78,43,CYCLE,86,0,1440,800,0,0.642857,0.008002,0,0,0,100,24.82,93.98,0.749453,0.927091,1,3,0,0,76,1448,0.220452,1,0.4884,2,3,0,0,V2,1,0.060527,4267.44186,2,0,2,0.939473,0,2,0,200
EDCF-Shield,v2a,FALCON1024+HMAC-SHA512+AES256GCM+DKG4of7,STOLEN_KEY,120,44.78,43,CUMULATIVE,86,1600,56176,32800,164,0.63672,0.153213,0.088486,0.046512,0.907029,99.71,24.84,93.95,0.749453,0.927091,1,3,0,0,76,1448,0.220452,1,0.4884,2,3,0,0,V2,1,0.060527,4267.44186,2,0,2,0.939473,0,2,0,200
EDCF-Shield,v2a,FALCON1024+HMAC-SHA512+AES256GCM+DKG4of7,STOLEN_KEY,120,44.78,44,CYCLE,88,0,1440,800,0,0.642857,0.007821,0,0,0,100,24.86,93.93,0.749467,0.926916,1,3,0,0,76,1448,0.218728,1,0.4886,2,3,0,0,V2,1,0.060531,4277.272727,2,0,2,0.939469,0,2,0,200
EDCF-Shield,v2a,FALCON1024+HMAC-SHA512+AES256GCM+DKG4of7,STOLEN_KEY,120,44.78,44,CUMULATIVE,88,1600,57616,33600,164,0.636868,0.151513,0.086571,0.045455,0.907029,99.72,24.84,93.95,0.749467,0.926916,1,3,0,0,76,1448,0.218728,1,0.4886,2,3,0,0,V2,1,0.060531,4277.272727,2,0,2,0.939469,0,2,0,200
EDCF-Shield,v2a,FALCON1024+HMAC-SHA512+AES256GCM+DKG4of7,STOLEN_KEY,120,44.78,45,CYCLE,90,0,1440,800,0,0.642857,0.007647,0,0,0,100,24.95,93.81,0.74948,0.926714,1,3,0,0,76,1448,0.217048,1,0.4889,2,3,0,0,V2,1,0.06056,4286.666667,2,0,2,0.93944,0,2,0,200
EDCF-Shield,v2a,FALCON1024+HMAC-SHA512+AES256GCM+DKG4of7,STOLEN_KEY,120,44.78,45,CUMULATIVE,90,1600,59056,34400,164,0.637009,0.149868,0.084737,0.044444,0.907029,99.72,24.84,93.94,0.74948,0.926714,1,3,0,0,76,1448,0.217048,1,0.4889,2,3,0,0,V2,1,0.06056,4286.666667,2,0,2,0.93944,0,2,0,200
EDCF-Shield,v2a,FALCON1024+HMAC-SHA512+AES256GCM+DKG4of7,STOLEN_KEY,120,44.78,46,CYCLE,92,0,1440,800,0,0.642857,0.007481,0,0,0,100,24.96,93.8,0.749492,0.926517,1,3,0,0,76,1448,0.215409,1,0.4891,2,3,0,0,V2,1,0.060591,4295.652174,2,0,2,0.939409,0,2,0,200
EDCF-Shield,v2a,FALCON1024+HMAC-SHA512+AES256GCM+DKG4of7,STOLEN_KEY,120,44.78,46,CUMULATIVE,92,1600,60496,35200,164,0.637143,0.148275,0.082979,0.043478,0.907029,99.73,24.85,93.94,0.749492,0.926517,1,3,0,0,76,1448,0.215409,1,0.4891,2,3,0,0,V2,1,0.060591,4295.652174,2,0,2,0.939409,0,2,0,200
EDCF-Shield,v2a,FALCON1024+HMAC-SHA512+AES256GCM+DKG4of7,STOLEN_KEY,120,44.78,47,CYCLE,94,0,1440,800,0,0.642857,0.007322,0,0,0,100,24.89,93.89,0.749504,0.926353,1,3,0,0,76,1448,0.213811,1,0.4894,2,3,0,0,V2,1,0.060602,4304.255319,2,0,2,0.939398,0,2,0,200
EDCF-Shield,v2a,FALCON1024+HMAC-SHA512+AES256GCM+DKG4of7,STOLEN_KEY,120,44.78,47,CUMULATIVE,94,1600,61936,36000,164,0.637272,0.146732,0.081293,0.042553,0.907029,99.74,24.85,93.94,0.749504,0.926353,1,3,0,0,76,1448,0.213811,1,0.4894,2,3,0,0,V2,1,0.060602,4304.255319,2,0,2,0.939398,0,2,0,200
EDCF-Shield,v2a,FALCON1024+HMAC-SHA512+AES256GCM+DKG4of7,STOLEN_KEY,120,44.78,48,CYCLE,96,0,1440,800,0,0.642857,0.00717,0,0,0,100,24.82,93.97,0.749515,0.926219,1,3,0,0,76,1448,0.212251,1,0.4896,2,3,0,0,V2,1,0.060595,4312.5,2,0,2,0.939405,0,2,0,200
EDCF-Shield,v2a,FALCON1024+HMAC-SHA512+AES256GCM+DKG4of7,STOLEN_KEY,120,44.78,48,CUMULATIVE,96,1600,63376,36800,164,0.637395,0.145236,0.079673,0.041667,0.907029,99.74,24.85,93.94,0.749515,0.926219,1,3,0,0,76,1448,0.212251,1,0.4896,2,3,0,0,V2,1,0.060595,4312.5,2,0,2,0.939405,0,2,0,200
EDCF-Shield,v2a,FALCON1024+HMAC-SHA512+AES256GCM+DKG4of7,STOLEN_KEY,120,44.78,49,CYCLE,98,0,1440,800,0,0.642857,0.007024,0,0,0,100,24.8,94,0.749526,0.9261,1,3,0,0,76,1448,0.210728,1,0.4898,2,3,0,0,V2,1,0.060582,4320.408163,2,0,2,0.939418,0,2,0,200
EDCF-Shield,v2a,FALCON1024+HMAC-SHA512+AES256GCM+DKG4of7,STOLEN_KEY,120,44.78,49,CUMULATIVE,98,1600,64816,37600,164,0.637512,0.143785,0.078117,0.040816,0.907029,99.75,24.85,93.94,0.749526,0.9261,1,3,0,0,76,1448,0.210728,1,0.4898,2,3,0,0,V2,1,0.060582,4320.408163,2,0,2,0.939418,0,2,0,200
EDCF-Shield,v2a,FALCON1024+HMAC-SHA512+AES256GCM+DKG4of7,STOLEN_KEY,120,44.78,50,CYCLE,100,0,1440,800,0,0.642857,0.006883,0,0,0,100,24.81,93.99,0.749536,0.925981,1,3,0,0,76,1448,0.20924,1,0.49,2,3,0,0,V2,1,0.060572,4328,2,0,2,0.939428,0,2,0,200
EDCF-Shield,v2a,FALCON1024+HMAC-SHA512+AES256GCM+DKG4of7,STOLEN_KEY,120,44.78,50,CUMULATIVE,100,1600,66256,38400,164,0.637625,0.142376,0.076621,0.04,0.907029,99.75,24.85,93.94,0.749536,0.925981,1,3,0,0,76,1448,0.20924,1,0.49,2,3,0,0,V2,1,0.060572,4328,2,0,2,0.939428,0,2,0,200
EDCF-Shield,v2a,FALCON1024+HMAC-SHA512+AES256GCM+DKG4of7,STOLEN_KEY,120,44.78,51,CYCLE,102,0,1440,800,0,0.642857,0.006749,0,0,0,100,24.82,93.97,0.749546,0.925863,1,3,0,0,76,1448,0.207787,1,0.4902,2,3,0,0,V2,1,0.060566,4335.294118,2,0,2,0.939434,0,2,0,200
EDCF-Shield,v2a,FALCON1024+HMAC-SHA512+AES256GCM+DKG4of7,STOLEN_KEY,120,44.78,51,CUMULATIVE,102,1600,67696,39200,164,0.637732,0.141008,0.075181,0.039216,0.907029,99.76,24.85,93.94,0.749546,0.925863,1,3,0,0,76,1448,0.207787,1,0.4902,2,3,0,0,V2,1,0.060566,4335.294118,2,0,2,0.939434,0,2,0,200
EDCF-Shield,v2a,FALCON1024+HMAC-SHA512+AES256GCM+DKG4of7,STOLEN_KEY,120,44.78,52,CYCLE,104,0,1440,800,0,0.642857,0.006619,0,0,0,100,24.89,93.89,0.749555,0.925727,1,3,0,0,76,1448,0.206366,1,0.4904,2,3,0,0,V2,1,0.060577,4342.307692,2,0,2,0.939423,0,2,0,200
EDCF-Shield,v2a,FALCON1024+HMAC-SHA512+AES256GCM+DKG4of7,STOLEN_KEY,120,44.78,52,CUMULATIVE,104,1600,69136,40000,164,0.637836,0.139678,0.073794,0.038462,0.907029,99.76,24.85,93.94,0.749555,0.925727,1,3,0,0,76,1448,0.206366,1,0.4904,2,3,0,0,V2,1,0.060577,4342.307692,2,0,2,0.939423,0,2,0,200
EDCF-Shield,v2a,FALCON1024+HMAC-SHA512+AES256GCM+DKG4of7,STOLEN_KEY,120,44.78,53,CYCLE,106,0,1440,800,0,0.642857,0.006494,0,0,0,100,24.92,93.86,0.749565,0.925588,1,3,0,0,76,1448,0.204977,1,0.4906,2,3,0,0,V2,1,0.060593,4349.056604,2,0,2,0.939407,0,2,0,200
EDCF-Shield,v2a,FALCON1024+HMAC-SHA512+AES256GCM+DKG4of7,STOLEN_KEY,120,44.78,53,CUMULATIVE,106,1600,70576,40800,164,0.637935,0.138385,0.072457,0.037736,0.907029,99.77,24.85,93.94,0.749565,0.925588,1,3,0,0,76,1448,0.204977,1,0.4906,2,3,0,0,V2,1,0.060593,4349.056604,2,0,2,0.939407,0,2,0,200
EDCF-Shield,v2a,FALCON1024+HMAC-SHA512+AES256GCM+DKG4of7,STOLEN_KEY,120,44.78,54,CYCLE,108,0,1440,800,0,0.642857,0.006374,0,0,0,100,24.89,93.88,0.749573,0.925461,1,3,0,0,76,1448,0.203617,1,0.4907,2,3,0,0,V2,1,0.060604,4355.555556,2,0,2,0.939396,0,2,0,200
EDCF-Shield,v2a,FALCON1024+HMAC-SHA512+AES256GCM+DKG4of7,STOLEN_KEY,120,44.78,54,CUMULATIVE,108,1600,72016,41600,164,0.638031,0.137127,0.071168,0.037037,0.907029,99.77,24.85,93.94,0.749573,0.925461,1,3,0,0,76,1448,0.203617,1,0.4907,2,3,0,0,V2,1,0.060604,4355.555556,2,0,2,0.939396,0,2,0,200
EDCF-Shield,v2a,FALCON1024+HMAC-SHA512+AES256GCM+DKG4of7,STOLEN_KEY,120,44.78,55,CYCLE,110,0,1440,800,0,0.642857,0.006258,0,0,0,100,24.92,93.85,0.749582,0.925332,1,3,0,0,76,1448,0.202288,1,0.4909,2,3,0,0,V2,1,0.060619,4361.818182,2,0,2,0.939381,0,2,0,200
EDCF-Shield,v2a,FALCON1024+HMAC-SHA512+AES256GCM+DKG4of7,STOLEN_KEY,120,44.78,55,CUMULATIVE,110,1600,73456,42400,164,0.638123,0.135903,0.069924,0.036364,0.907029,99.78,24.85,93.94,0.749582,0.925332,1,3,0,0,76,1448,0.202288,1,0.4909,2,3,0,0,V2,1,0.060619,4361.818182,2,0,2,0.939381,0,2,0,200
EDCF-Shield,v2a,FALCON1024+HMAC-SHA512+AES256GCM+DKG4of7,STOLEN_KEY,120,44.78,56,CYCLE,112,0,1440,800,0,0.642857,0.006147,0,0,0,100,24.9,93.87,0.74959,0.925211,1,3,0,0,76,1448,0.200986,1,0.4911,2,3,0,0,V2,1,0.060631,4367.857143,2,0,2,0.939369,0,2,0,200
EDCF-Shield,v2a,FALCON1024+HMAC-SHA512+AES256GCM+DKG4of7,STOLEN_KEY,120,44.78,56,CUMULATIVE,112,1600,74896,43200,164,0.638211,0.134711,0.068723,0.035714,0.907029,99.78,24.85,93.94,0.74959,0.925211,1,3,0,0,76,1448,0.200986,1,0.4911,2,3,0,0,V2,1,0.060631,4367.857143,2,0,2,0.939369,0,2,0,200
EDCF-Shield,v2a,FALCON1024+HMAC-SHA512+AES256GCM+DKG4of7,STOLEN_KEY,120,44.78,57,CYCLE,114,0,1440,800,0,0.642857,0.006039,0,0,0,100,24.96,93.8,0.749597,0.925078,1,3,0,0,76,1448,0.199711,1,0.4912,2,3,0,0,V2,1,0.060654,4373.684211,2,0,2,0.939346,0,2,0,200
EDCF-Shield,v2a,FALCON1024+HMAC-SHA512+AES256GCM+DKG4of7,STOLEN_KEY,120,44.78,57,CUMULATIVE,114,1600,76336,44000,164,0.638296,0.133549,0.067562,0.035088,0.907029,99.79,24.85,93.93,0.749597,0.925078,1,3,0,0,76,1448,0.199711,1,0.4912,2,3,0,0,V2,1,0.060654,4373.684211,2,0,2,0.939346,0,2,0,200
EDCF-Shield,v2a,FALCON1024+HMAC-SHA512+AES256GCM+DKG4of7,STOLEN_KEY,120,44.78,58,CYCLE,116,0,1440,800,0,0.642857,0.005935,0,0,0,100,24.96,93.81,0.749605,0.92495,1,3,0,0,76,1448,0.198463,1,0.4914,2,3,0,0,V2,1,0.060676,4379.310345,2,0,2,0.939324,0,2,0,200
EDCF-Shield,v2a,FALCON1024+HMAC-SHA512+AES256GCM+DKG4of7,STOLEN_KEY,120,44.78,58,CUMULATIVE,116,1600,77776,44800,164,0.638379,0.132417,0.06644,0.034483,0.907029,99.79,24.85,93.93,0.749605,0.92495,1,3,0,0,76,1448,0.198463,1,0.4914,2,3,0,0,V2,1,0.060676,4379.310345,2,0,2,0.939324,0,2,0,200
EDCF-Shield,v2a,FALCON1024+HMAC-SHA512+AES256GCM+DKG4of7,STOLEN_KEY,120,44.78,59,CYCLE,118,0,1440,800,0,0.642857,0.005835,0,0,0,100,24.96,93.8,0.749612,0.924826,1,3,0,0,76,1448,0.19724,1,0.4915,2,3,0,0,V2,1,0.060697,4384.745763,2,0,2,0.939303,0,2,0,200
EDCF-Shield,v2a,FALCON1024+HMAC-SHA512+AES256GCM+DKG4of7,STOLEN_KEY,120,44.78,59,CUMULATIVE,118,1600,79216,45600,164,0.638458,0.131314,0.065354,0.033898,0.907029,99.79,24.86,93.93,0.749612,0.924826,1,3,0,0,76,1448,0.19724,1,0.4915,2,3,0,0,V2,1,0.060697,4384.745763,2,0,2,0.939303,0,2,0,200
EDCF-Shield,v2a,FALCON1024+HMAC-SHA512+AES256GCM+DKG4of7,STOLEN_KEY,120,44.78,60,CYCLE,120,0,1440,800,0,0.642857,0.005738,0,0,0,100,24.95,93.82,0.749619,0.924709,1,3,0,0,76,1448,0.196041,1,0.4917,2,3,0,0,V2,1,0.060716,4390,2,0,2,0.939284,0,2,0,200
EDCF-Shield,v2a,FALCON1024+HMAC-SHA512+AES256GCM+DKG4of7,STOLEN_KEY,120,44.78,60,CUMULATIVE,120,1600,80656,46400,164,0.638534,0.130237,0.064304,0.033333,0.907029,99.8,24.86,93.93,0.749619,0.924709,1,3,0,0,76,1448,0.196041,1,0.4917,2,3,0,0,V2,1,0.060716,4390,2,0,2,0.939284,0,2,0,200
EDCF-Shield,v2a,FALCON1024+HMAC-SHA512+AES256GCM+DKG4of7,STOLEN_KEY,120,44.78,61,CYCLE,122,0,1440,800,0,0.642857,0.005644,0,0,0,100,24.97,93.79,0.749626,0.924591,1,3,0,0,76,1448,0.194866,1,0.4918,2,3,0,0,V2,1,0.060738,4395.081967,2,0,2,0.939262,0,2,0,200
EDCF-Shield,v2a,FALCON1024+HMAC-SHA512+AES256GCM+DKG4of7,STOLEN_KEY,120,44.78,61,CUMULATIVE,122,1600,82096,47200,164,0.638608,0.129187,0.063286,0.032787,0.907029,99.8,24.86,93.93,0.749626,0.924591,1,3,0,0,76,1448,0.194866,1,0.4918,2,3,0,0,V2,1,0.060738,4395.081967,2,0,2,0.939262,0,2,0,200
EDCF-Shield,v2a,FALCON1024+HMAC-SHA512+AES256GCM+DKG4of7,STOLEN_KEY,120,44.78,62,CYCLE,124,0,1440,800,0,0.642857,0.005553,0,0,0,100,24.99,93.76,0.749632,0.92447,1,3,0,0,76,1448,0.193714,1,0.4919,2,3,0,0,V2,1,0.060764,4400,2,0,2,0.939236,0,2,0,200
EDCF-Shield,v2a,FALCON1024+HMAC-SHA512+AES256GCM+DKG4of7,STOLEN_KEY,120,44.78,62,CUMULATIVE,124,1600,83536,48000,164,0.63868,0.128161,0.0623,0.032258,0.907029,99.8,24.86,93.92,0.749632,0.92447,1,3,0,0,76,1448,0.193714,1,0.4919,2,3,0,0,V2,1,0.060764,4400,2,0,2,0.939236,0,2,0,200
EDCF-Shield,v2a,FALCON1024+HMAC-SHA512+AES256GCM+DKG4of7,STOLEN_KEY,120,44.78,63,CYCLE,126,0,1440,800,0,0.642857,0.005465,0,0,0,100,25.05,93.68,0.749638,0.924336,1,3,0,0,76,1448,0.192584,1,0.4921,2,3,0,0,V2,1,0.060801,4404.761905,2,0,2,0.939199,0,2,0,200
EDCF-Shield,v2a,FALCON1024+HMAC-SHA512+AES256GCM+DKG4of7,STOLEN_KEY,120,44.78,63,CUMULATIVE,126,1600,84976,48800,164,0.638749,0.127159,0.061345,0.031746,0.907029,99.81,24.86,93.92,0.749638,0.924336,1,3,0,0,76,1448,0.192584,1,0.4921,2,3,0,0,V2,1,0.060801,4404.761905,2,0,2,0.939199,0,2,0,200
EDCF-Shield,v2a,FALCON1024+HMAC-SHA512+AES256GCM+DKG4of7,STOLEN_KEY,120,44.78,64,CYCLE,128,0,1440,800,0,0.642857,0.00538,0,0,0,100,25.09,93.63,0.749644,0.924197,1,3,0,0,76,1448,0.191475,1,0.4922,2,3,0,0,V2,1,0.060843,4409.375,2,0,2,0.939157,0,2,0,200
EDCF-Shield,v2a,FALCON1024+HMAC-SHA512+AES256GCM+DKG4of7,STOLEN_KEY,120,44.78,64,CUMULATIVE,128,1600,86416,49600,164,0.638816,0.126181,0.060418,0.03125,0.907029,99.81,24.87,93.92,0.749644,0.924197,1,3,0,0,76,1448,0.191475,1,0.4922,2,3,0,0,V2,1,0.060843,4409.375,2,0,2,0.939157,0,2,0,200
EDCF-Shield,v2a,FALCON1024+HMAC-SHA512+AES256GCM+DKG4of7,STOLEN_KEY,120,44.78,65,CYCLE,130,0,1440,800,0,0.642857,0.005297,0,0,0,100,25.1,93.62,0.74965,0.92406,1,3,0,0,76,1448,0.190387,1,0.4923,2,3,0,0,V2,1,0.060886,4413.846154,2,0,2,0.939114,0,2,0,200
EDCF-Shield,v2a,FALCON1024+HMAC-SHA512+AES256GCM+DKG4of7,STOLEN_KEY,120,44.78,65,CUMULATIVE,130,1600,87856,50400,164,0.63888,0.125225,0.059519,0.030769,0.907029,99.81,24.87,93.91,0.74965,0.92406,1,3,0,0,76,1448,0.190387,1,0.4923,2,3,0,0,V2,1,0.060886,4413.846154,2,0,2,0.939114,0,2,0,200
EDCF-Shield,v2a,FALCON1024+HMAC-SHA512+AES256GCM+DKG4of7,STOLEN_KEY,120,44.78,66,CYCLE,132,0,1440,800,0,0.642857,0.005217,0,0,0,100,25.12,93.61,0.749656,0.923923,1,3,0,0,76,1448,0.189318,1,0.4924,2,3,0,0,V2,1,0.06093,4418.181818,2,0,2,0.93907,0,2,0,200
EDCF-Shield,v2a,FALCON1024+HMAC-SHA512+AES256GCM+DKG4of7,STOLEN_KEY,120,44.78,66,CUMULATIVE,132,1600,89296,51200,164,0.638943,0.12429,0.058647,0.030303,0.907029,99.82,24.87,93.91,0.749656,0.923923,1,3,0,0,76,1448,0.189318,1,0.4924,2,3,0,0,V2,1,0.06093,4418.181818,2,0,2,0.93907,0,2,0,200
EDCF-Shield,v2a,FALCON1024+HMAC-SHA512+AES256GCM+DKG4of7,STOLEN_KEY,120,44.78,67,CYCLE,134,0,1440,800,0,0.642857,0.005139,0,0,0,100,25.12,93.6,0.749661,0.923789,1,3,0,0,76,1448,0.18827,1,0.4925,2,3,0,0,V2,1,0.060974,4422.38806,2,0,2,0.939026,0,2,0,200
EDCF-Shield,v2a,FALCON1024+HMAC-SHA512+AES256GCM+DKG4of7,STOLEN_KEY,120,44.78,67,CUMULATIVE,134,1600,90736,52000,164,0.639003,0.123375,0.057799,0.029851,0.907029,99.82,24.88,93.9,0.749661,0.923789,1,3,0,0,76,1448,0.18827,1,0.4925,2,3,0,0,V2,1,0.060974,4422.38806,2,0,2,0.939026,0,2,0,200
EDCF-Shield,v2a,FALCON1024+HMAC-SHA512+AES256GCM+DKG4of7,STOLEN_KEY,120,44.78,68,CYCLE,136,0,1440,800,0,0.642857,0.005064,0,0,0,100,25.03,93.71,0.749667,0.923679,1,3,0,0,76,1448,0.18724,1,0.4926,2,3,0,0,V2,1,0.061002,4426.470588,2,0,2,0.938998,0,2,0,200
EDCF-Shield,v2a,FALCON1024+HMAC-SHA512+AES256GCM+DKG4of7,STOLEN_KEY,120,44.78,68,CUMULATIVE,136,1600,92176,52800,164,0.639062,0.122481,0.056976,0.029412,0.907029,99.82,24.88,93.9,0.749667,0.923679,1,3,0,0,76,1448,0.18724,1,0.4926,2,3,0,0,V2,1,0.061002,4426.470588,2,0,2,0.938998,0,2,0,200
EDCF-Shield,v2a,FALCON1024+HMAC-SHA512+AES256GCM+DKG4of7,STOLEN_KEY,120,44.78,69,CYCLE,138,0,1440,800,0,0.642857,0.00499,0,0,0,100,25.06,93.67,0.749672,0.923566,1,3,0,0,76,1448,0.186228,1,0.4928,2,3,0,0,V2,1,0.061034,4430.434783,2,0,2,0.938966,0,2,0,200
EDCF-Shield,v2a,FALCON1024+HMAC-SHA512+AES256GCM+DKG4of7,STOLEN_KEY,120,44.78,69,CUMULATIVE,138,1600,93616,53600,164,0.639119,0.121605,0.056176,0.028986,0.907029,99.83,24.88,93.9,0.749672,0.923566,1,3,0,0,76,1448,0.186228,1,0.4928,2,3,0,0,V2,1,0.061034,4430.434783,2,0,2,0.938966,0,2,0,200
EDCF-Shield,v2a,FALCON1024+HMAC-SHA512+AES256GCM+DKG4of7,STOLEN_KEY,120,44.78,70,CYCLE,140,0,1440,800,0,0.642857,0.004919,0,0,0,100,25.1,93.62,0.749677,0.923446,1,3,0,0,76,1448,0.185234,1,0.4929,2,3,0,0,V2,1,0.061071,4434.285714,2,0,2,0.938929,0,2,0,200
EDCF-Shield,v2a,FALCON1024+HMAC-SHA512+AES256GCM+DKG4of7,STOLEN_KEY,120,44.78,70,CUMULATIVE,140,1600,95056,54400,164,0.639175,0.120749,0.055398,0.028571,0.907029,99.83,24.89,93.89,0.749677,0.923446,1,3,0,0,76,1448,0.185234,1,0.4929,2,3,0,0,V2,1,0.061071,4434.285714,2,0,2,0.938929,0,2,0,200
EDCF-Shield,v2a,FALCON1024+HMAC-SHA512+AES256GCM+DKG4of7,STOLEN_KEY,120,44.78,71,CYCLE,142,0,1440,800,0,0.642857,0.00485,0,0,0,100,25.13,93.59,0.749681,0.923325,1,3,0,0,76,1448,0.184256,1,0.493,2,3,0,0,V2,1,0.061112,4438.028169,2,0,2,0.938888,0,2,0,200
EDCF-Shield,v2a,FALCON1024+HMAC-SHA512+AES256GCM+DKG4of7,STOLEN_KEY,120,44.78,71,CUMULATIVE,142,1600,96496,55200,164,0.639228,0.11991,0.054641,0.028169,0.907029,99.83,24.89,93.89,0.749681,0.923325,1,3,0,0,76,1448,0.184256,1,0.493,2,3,0,0,V2,1,0.061112,4438.028169,2,0,2,0.938888,0,2,0,200
EDCF-Shield,v2a,FALCON1024+HMAC-SHA512+AES256GCM+DKG4of7,STOLEN_KEY,120,44.78,72,CYCLE,144,0,1440,800,0,0.642857,0.004783,0,0,0,100,25.12,93.6,0.749686,0.923207,1,3,0,0,76,1448,0.183296,1,0.4931,2,3,0,0,V2,1,0.06115,4441.666667,2,0,2,0.93885,0,2,0,200
EDCF-Shield,v2a,FALCON1024+HMAC-SHA512+AES256GCM+DKG4of7,STOLEN_KEY,120,44.78,72,CUMULATIVE,144,1600,97936,56000,164,0.639281,0.119088,0.053905,0.027778,0.907029,99.83,24.89,93.88,0.749686,0.923207,1,3,0,0,76,1448,0.183296,1,0.4931,2,3,0,0,V2,1,0.06115,4441.666667,2,0,2,0.93885,0,2,0,200
EDCF-Shield,v2a,FALCON1024+HMAC-SHA512+AES256GCM+DKG4of7,STOLEN_KEY,120,44.78,73,CYCLE,146,0,1440,800,0,0.642857,0.004717,0,0,0,100,25.17,93.54,0.749691,0.923083,1,3,0,0,76,1448,0.182352,1,0.4932,2,3,0,0,V2,1,0.061195,4445.205479,2,0,2,0.938805,0,2,0,200
EDCF-Shield,v2a,FALCON1024+HMAC-SHA512+AES256GCM+DKG4of7,STOLEN_KEY,120,44.78,73,CUMULATIVE,146,1600,99376,56800,164,0.639331,0.118283,0.053188,0.027397,0.907029,99.84,24.9,93.88,0.749691,0.923083,1,3,0,0,76,1448,0.182352,1,0.4932,2,3,0,0,V2,1,0.061195,4445.205479,2,0,2,0.938805,0,2,0,200
EDCF-Shield,v2a,FALCON1024+HMAC-SHA512+AES256GCM+DKG4of7,STOLEN_KEY,120,44.78,74,CYCLE,148,0,1440,800,0,0.642857,0.004654,0,0,0,100,25.16,93.55,0.749695,0.922964,1,3,0,0,76,1448,0.181423,1,0.4932,2,3,0,0,V2,1,0.061237,4448.648649,2,0,2,0.938763,0,2,0,200
EDCF-Shield,v2a,FALCON1024+HMAC-SHA512+AES256GCM+DKG4of7,STOLEN_KEY,120,44.78,74,CUMULATIVE,148,1600,100816,57600,164,0.639381,0.117493,0.05249,0.027027,0.907029,99.84,24.9,93.88,0.749695,0.922964,1,3,0,0,76,1448,0.181423,1,0.4932,2,3,0,0,V2,1,0.061237,4448.648649,2,0,2,0.938763,0,2,0,200
EDCF-Shield,v2a,FALCON1024+HMAC-SHA512+AES256GCM+DKG4of7,STOLEN_KEY,120,44.78,75,CYCLE,150,0,1440,800,0,0.642857,0.004592,0,0,0,100,25.14,93.57,0.749699,0.922851,1,3,0,0,76,1448,0.18051,1,0.4933,2,3,0,0,V2,1,0.061276,4452,2,0,2,0.938724,0,2,0,200
EDCF-Shield,v2a,FALCON1024+HMAC-SHA512+AES256GCM+DKG4of7,STOLEN_KEY,120,44.78,75,CUMULATIVE,150,1600,102256,58400,164,0.639429,0.11672,0.05181,0.026667,0.907029,99.84,24.9,93.87,0.749699,0.922851,1,3,0,0,76,1448,0.18051,1,0.4933,2,3,0,0,V2,1,0.061276,4452,2,0,2,0.938724,0,2,0,200
EDCF-Shield,v2a,FALCON1024+HMAC-SHA512+AES256GCM+DKG4of7,STOLEN_KEY,120,44.78,76,CYCLE,152,0,1440,800,0,0.642857,0.004532,0,0,0,100,25.14,93.58,0.749704,0.922742,1,3,0,0,76,1448,0.179612,1,0.4934,2,3,0,0,V2,1,0.061313,4455.263158,2,0,2,0.938687,0,2,0,200
EDCF-Shield,v2a,FALCON1024+HMAC-SHA512+AES256GCM+DKG4of7,STOLEN_KEY,120,44.78,76,CUMULATIVE,152,1600,103696,59200,164,0.639475,0.115962,0.051148,0.026316,0.907029,99.84,24.91,93.87,0.749704,0.922742,1,3,0,0,76,1448,0.179612,1,0.4934,2,3,0,0,V2,1,0.061313,4455.263158,2,0,2,0.938687,0,2,0,200
EDCF-Shield,v2a,FALCON1024+HMAC-SHA512+AES256GCM+DKG4of7,STOLEN_KEY,120,44.78,77,CYCLE,154,0,1440,800,0,0.642857,0.004473,0,0,0,100,25.17,93.54,0.749708,0.922629,1,3,0,0,76,1448,0.178728,1,0.4935,2,3,0,0,V2,1,0.061354,4458.441558,2,0,2,0.938646,0,2,0,200
EDCF-Shield,v2a,FALCON1024+HMAC-SHA512+AES256GCM+DKG4of7,STOLEN_KEY,120,44.78,77,CUMULATIVE,154,1600,105136,60000,164,0.639521,0.115218,0.050502,0.025974,0.907029,99.84,24.91,93.86,0.749708,0.922629,1,3,0,0,76,1448,0.178728,1,0.4935,2,3,0,0,V2,1,0.061354,4458.441558,2,0,2,0.938646,0,2,0,200
EDCF-Shield,v2a,FALCON1024+HMAC-SHA512+AES256GCM+DKG4of7,STOLEN_KEY,120,44.78,78,CYCLE,156,0,1440,800,0,0.642857,0.004416,0,0,0,100,25.19,93.51,0.749712,0.922514,1,3,0,0,76,1448,0.177858,1,0.4936,2,3,0,0,V2,1,0.061396,4461.538462,2,0,2,0.938604,0,2,0,200
EDCF-Shield,v2a,FALCON1024+HMAC-SHA512+AES256GCM+DKG4of7,STOLEN_KEY,120,44.78,78,CUMULATIVE,156,1600,106576,60800,164,0.639565,0.114488,0.049872,0.025641,0.907029,99.85,24.91,93.86,0.749712,0.922514,1,3,0,0,76,1448,0.177858,1,0.4936,2,3,0,0,V2,1,0.061396,4461.538462,2,0,2,0.938604,0,2,0,200
EDCF-Shield,v2a,FALCON1024+HMAC-SHA512+AES256GCM+DKG4of7,STOLEN_KEY,120,44.78,79,CYCLE,158,0,1440,800,0,0.642857,0.00436,0,0,0,100,25.15,93.56,0.749715,0.922411,1,3,0,0,76,1448,0.177001,1,0.4937,2,3,0,0,V2,1,0.061432,4464.556962,2,0,2,0.938568,0,2,0,200
EDCF-Shield,v2a,FALCON1024+HMAC-SHA512+AES256GCM+DKG4of7,STOLEN_KEY,120,44.78,79,CUMULATIVE,158,1600,108016,61600,164,0.639608,0.113772,0.049258,0.025316,0.907029,99.85,24.91,93.86,0.749715,0.922411,1,3,0,0,76,1448,0.177001,1,0.4937,2,3,0,0,V2,1,0.061432,4464.556962,2,0,2,0.938568,0,2,0,200
EDCF-Shield,v2a,FALCON1024+HMAC-SHA512+AES256GCM+DKG4of7,STOLEN_KEY,120,44.78,80,CYCLE,160,0,1440,800,0,0.642857,0.004305,0,0,0,100,25.15,93.56,0.749719,0.92231,1,3,0,0,76,1448,0.176158,1,0.4938,2,3,0,0,V2,1,0.061467,4467.5,2,0,2,0.938533,0,2,0,200
EDCF-Shield,v2a,FALCON1024+HMAC-SHA512+AES256GCM+DKG4of7,STOLEN_KEY,120,44.78,80,CUMULATIVE,160,1600,109456,62400,164,0.63965,0.113069,0.048659,0.025,0.907029,99.85,24.92,93.85,0.749719,0.92231,1,3,0,0,76,1448,0.176158,1,0.4938,2,3,0,0,V2,1,0.061467,4467.5,2,0,2,0.938533,0,2,0,200
EDCF-Shield,v2a,FALCON1024+HMAC-SHA512+AES256GCM+DKG4of7,STOLEN_KEY,120,44.78,81,CYCLE,162,0,1440,800,0,0.642857,0.004252,0,0,0,100,25.14,93.58,0.749723,0.922214,1,3,0,0,76,1448,0.175328,1,0.4938,2,3,0,0,V2,1,0.0615,4470.37037,2,0,2,0.9385,0,2,0,200
EDCF-Shield,v2a,FALCON1024+HMAC-SHA512+AES256GCM+DKG4of7,STOLEN_KEY,120,44.78,81,CUMULATIVE,162,1600,110896,63200,164,0.639691,0.112379,0.048074,0.024691,0.907029,99.85,24.92,93.85,0.749723,0.922214,1,3,0,0,76,1448,0.175328,1,0.4938,2,3,0,0,V2,1,0.0615,4470.37037,2,0,2,0.9385,0,2,0,200
EDCF-Shield,v2a,FALCON1024+HMAC-SHA512+AES256GCM+DKG4of7,STOLEN_KEY,120,44.78,82,CYCLE,164,0,1440,800,0,0.642857,0.004201,0,0,0,100,25.14,93.57,0.749726,0.922119,1,3,0,0,76,1448,0.17451,1,0.4939,2,3,0,0,V2,1,0.061532,4473.170732,2,0,2,0.938468,0,2,0,200
EDCF-Shield,v2a,FALCON1024+HMAC-SHA512+AES256GCM+DKG4of7,STOLEN_KEY,120,44.78,82,CUMULATIVE,164,1600,112336,64000,164,0.63973,0.111702,0.047503,0.02439,0.907029,99.85,24.92,93.85,0.749726,0.922119,1,3,0,0,76,1448,0.17451,1,0.4939,2,3,0,0,V2,1,0.061532,4473.170732,2,0,2,0.938468,0,2,0,200
EDCF-Shield,v2a,FALCON1024+HMAC-SHA512+AES256GCM+DKG4of7,STOLEN_KEY,120,44.78,83,CYCLE,166,0,1440,800,0,0.642857,0.00415,0,0,0,100,25.18,93.53,0.74973,0.92202,1,3,0,0,76,1448,0.173705,1,0.494,2,3,0,0,V2,1,0.061569,4475.903614,2,0,2,0.938431,0,2,0,200
EDCF-Shield,v2a,FALCON1024+HMAC-SHA512+AES256GCM+DKG4of7,STOLEN_KEY,120,44.78,83,CUMULATIVE,166,1600,113776,64800,164,0.639769,0.111036,0.046946,0.024096,0.907029,99.86,24.93,93.84,0.74973,0.92202,1,3,0,0,76,1448,0.173705,1,0.494,2,3,0,0,V2,1,0.061569,4475.903614,2,0,2,0.938431,0,2,0,200
EDCF-Shield,v2a,FALCON1024+HMAC-SHA512+AES256GCM+DKG4of7,STOLEN_KEY,120,44.78,84,CYCLE,168,0,1440,800,0,0.642857,0.004101,0,0,0,100,25.17,93.54,0.749733,0.921924,1,3,0,0,76,1448,0.172912,1,0.494,2,3,0,0,V2,1,0.061603,4478.571429,2,0,2,0.938397,0,2,0,200
EDCF-Shield,v2a,FALCON1024+HMAC-SHA512+AES256GCM+DKG4of7,STOLEN_KEY,120,44.78,84,CUMULATIVE,168,1600,115216,65600,164,0.639807,0.110382,0.046401,0.02381,0.907029,99.86,24.93,93.84,0.749733,0.921924,1,3,0,0,76,1448,0.172912,1,0.494,2,3,0,0,V2,1,0.061603,4478.571429,2,0,2,0.938397,0,2,0,200
EDCF-Shield,v2a,FALCON1024+HMAC-SHA512+AES256GCM+DKG4of7,STOLEN_KEY,120,44.78,85,CYCLE,170,0,1440,800,0,0.642857,0.004053,0,0,0,100,25.12,93.6,0.749736,0.92184,1,3,0,0,76,1448,0.17213,1,0.4941,2,3,0,0,V2,1,0.06163,4481.176471,2,0,2,0.93837,0,2,0,200
EDCF-Shield,v2a,FALCON1024+HMAC-SHA512+AES256GCM+DKG4of7,STOLEN_KEY,120,44.78,85,CUMULATIVE,170,1600,116656,66400,164,0.639844,0.10974,0.045869,0.023529,0.907029,99.86,24.93,93.84,0.749736,0.92184,1,3,0,0,76,1448,0.17213,1,0.4941,2,3,0,0,V2,1,0.06163,4481.176471,2,0,2,0.93837,0,2,0,200
EDCF-Shield,v2a,FALCON1024+HMAC-SHA512+AES256GCM+DKG4of7,STOLEN_KEY,120,44.78,86,CYCLE,172,0,1440,800,0,0.642857,0.004006,0,0,0,100,25.06,93.68,0.74974,0.921769,1,3,0,0,76,1448,0.17136,1,0.4942,2,3,0,0,V2,1,0.061648,4483.72093,2,0,2,0.938352,0,2,0,200
EDCF-Shield,v2a,FALCON1024+HMAC-SHA512+AES256GCM+DKG4of7,STOLEN_KEY,120,44.78,86,CUMULATIVE,172,1600,118096,67200,164,0.63988,0.109109,0.045349,0.023256,0.907029,99.86,24.93,93.84,0.74974,0.921769,1,3,0,0,76,1448,0.17136,1,0.4942,2,3,0,0,V2,1,0.061648,4483.72093,2,0,2,0.938352,0,2,0,200
EDCF-Shield,v2a,FALCON1024+HMAC-SHA512+AES256GCM+DKG4of7,STOLEN_KEY,120,44.78,87,CYCLE,174,0,1440,800,0,0.642857,0.00396,0,0,0,100,24.99,93.76,0.749743,0.921714,1,3,0,0,76,1448,0.170601,1,0.4943,2,3,0,0,V2,1,0.061656,4486.206897,2,0,2,0.938344,0,2,0,200
EDCF-Shield,v2a,FALCON1024+HMAC-SHA512+AES256GCM+DKG4of7,STOLEN_KEY,120,44.78,87,CUMULATIVE,174,1600,119536,68000,164,0.639915,0.108489,0.044841,0.022989,0.907029,99.86,24.93,93.83,0.749743,0.921714,1,3,0,0,76,1448,0.170601,1,0.4943,2,3,0,0,V2,1,0.061656,4486.206897,2,0,2,0.938344,0,2,0,200
EDCF-Shield,v2a,FALCON1024+HMAC-SHA512+AES256GCM+DKG4of7,STOLEN_KEY,120,44.78,88,CYCLE,176,0,1440,800,0,0.642857,0.003915,0,0,0,100,24.98,93.77,0.749746,0.921661,1,3,0,0,76,1448,0.169853,1,0.4943,2,3,0,0,V2,1,0.061663,4488.636364,2,0,2,0.938337,0,2,0,200
EDCF-Shield,v2a,FALCON1024+HMAC-SHA512+AES256GCM+DKG4of7,STOLEN_KEY,120,44.78,88,CUMULATIVE,176,1600,120976,68800,164,0.63995,0.107879,0.044343,0.022727,0.907029,99.86,24.93,93.83,0.749746,0.921661,1,3,0,0,76,1448,0.169853,1,0.4943,2,3,0,0,V2,1,0.061663,4488.636364,2,0,2,0.938337,0,2,0,200
EDCF-Shield,v2a,FALCON1024+HMAC-SHA512+AES256GCM+DKG4of7,STOLEN_KEY,120,44.78,89,CYCLE,178,0,1440,800,0,0.642857,0.003871,0,0,0,100,25.07,93.67,0.749749,0.921593,1,3,0,0,76,1448,0.169115,1,0.4944,2,3,0,0,V2,1,0.061682,4491.011236,2,0,2,0.938318,0,2,0,200
EDCF-Shield,v2a,FALCON1024+HMAC-SHA512+AES256GCM+DKG4of7,STOLEN_KEY,120,44.78,89,CUMULATIVE,178,1600,122416,69600,164,0.639983,0.107279,0.043857,0.022472,0.907029,99.87,24.93,93.83,0.749749,0.921593,1,3,0,0,76,1448,0.169115,1,0.4944,2,3,0,0,V2,1,0.061682,4491.011236,2,0,2,0.938318,0,2,0,200
EDCF-Shield,v2a,FALCON1024+HMAC-SHA512+AES256GCM+DKG4of7,STOLEN_KEY,120,44.78,90,CYCLE,179.5,0,1080,480,0,0.692308,0.003828,0,0,0,100,24.18,94.77,0.749751,0.92153,1,3,0,0,76,1448,0.168387,1,0.4958,2,3,0,0,V2,1,0.061607,4492.75766,2,0,2,0.938393,0,2,0,200
EDCF-Shield,v2a,FALCON1024+HMAC-SHA512+AES256GCM+DKG4of7,STOLEN_KEY,120,44.78,90,CUMULATIVE,179.5,1600,123496,70080,164,0.640401,0.106969,0.043571,0.022321,0.907029,99.87,24.93,93.84,0.749751,0.92153,1,3,0,0,76,1448,0.168387,1,0.4958,2,3,0,0,V2,1,0.061607,4492.75766,2,0,2,0.938393,0,2,0,200
EDCF-Shield,v2a,FALCON1024+HMAC-SHA512+AES256GCM+DKG4of7,STOLEN_KEY,180,67.16,1,CYCLE,2,200,0,0,0,1,0.5,1,1,1,0,100,0,0,0,1,0,0,0,76,1448,0,1,0,0,0,0,0,V2,0,1,-100,1,0,0,0,0,0,0,200
EDCF-Shield,v2a,FALCON1024+HMAC-SHA512+AES256GCM+DKG4of7,STOLEN_KEY,180,67.16,1,CUMULATIVE,2,200,0,0,0,1,0.5,1,1,1,0,100,0,0,0,1,0,0,0,76,1448,0,1,0,0,0,0,0,V2,0,1,-100,1,0,0,0,0,0,0,200
EDCF-Shield,v2a,FALCON1024+HMAC-SHA512+AES256GCM+DKG4of7,STOLEN_KEY,180,67.16,2,CYCLE,4,200,0,0,150,0.571429,0.250005,0.727273,1,0.571429,0,29.82,87.73,0,0.927536,1,0,0,0,76,1448,0,1,0.25,2,0,0,0,V2,0,0.218579,150,2,0,2,0.781421,0,1,0,200
EDCF-Shield,v2a,FALCON1024+HMAC-SHA512+AES256GCM+DKG4of7,STOLEN_KEY,180,67.16,2,CUMULATIVE,4,400,0,0,150,0.727273,0.000031,0.842105,1,0.727273,0,37.49,78.14,0,0.927536,1,0,0,0,76,1448,0,1,0.25,2,0,0,0,V2,0,0.218579,150,2,0,2,0.781421,0,1,0,200
EDCF-Shield,v2a,FALCON1024+HMAC-SHA512+AES256GCM+DKG4of7,STOLEN_KEY,180,67.16,3,CYCLE,6,0,376,200,14,0.637288,0.129456,0,0,0,96.41,23.65,95.44,0.676259,0.933738,1,3,0,0,76,1448,0,1,0.3333,2,3,0,0,V2,1,0.096572,500,2,0,2,0.903428,0,2,0,200
EDCF-Shield,v2a,FALCON1024+HMAC-SHA512+AES256GCM+DKG4of7,STOLEN_KEY,180,67.16,3,CUMULATIVE,6,400,376,200,164,0.680702,0.36248,0.687285,0.666667,0.70922,69.63,27.73,90.34,0.676259,0.933738,1,3,0,0,76,1448,0,1,0.3333,2,3,0,0,V2,1,0.096572,500,2,0,2,0.903428,0,2,0,200
EDCF-Shield,v2a,FALCON1024+HMAC-SHA512+AES256GCM+DKG4of7,STOLEN_KEY,180,67.16,4,CYCLE,8,0,630,200,0,0.759036,0.097099,0,0,0,100,22.37,97.04,0.72063,0.933747,1,3,0,0,76,1448,0.36248,1,0.375,2,3,0,0,V2,1,0.061714,875,2,0,2,0.938286,0,2,0,200
EDCF-Shield,v2a,FALCON1024+HMAC-SHA512+AES256GCM+DKG4of7,STOLEN_KEY,180,67.16,4,CUMULATIVE,8,400,1006,400,164,0.713706,0.390933,0.58651,0.5,0.70922,85.98,24.94,93.83,0.72063,0.933747,1,3,0,0,76,1448,0.36248,1,0.375,2,3,0,0,V2,1,0.061714,875,2,0,2,0.938286,0,2,0,200
EDCF-Shield,v2a,FALCON1024+HMAC-SHA512+AES256GCM+DKG4of7,STOLEN_KEY,180,67.16,5,CYCLE,10,0,870,200,0,0.813084,0.077686,0,0,0,100,21.72,97.85,0.733959,0.933965,1,3,0,0,76,1448,0.376706,1,0.4,2,3,0,0,V2,1,0.044893,1260,2,0,2,0.955107,0,2,0,200
EDCF-Shield,v2a,FALCON1024+HMAC-SHA512+AES256GCM+DKG4of7,STOLEN_KEY,180,67.16,5,CUMULATIVE,10,400,1876,600,164,0.748684,0.386294,0.511509,0.4,0.70922,91.96,23.59,95.51,0.733959,0.933965,1,3,0,0,76,1448,0.376706,1,0.4,2,3,0,0,V2,1,0.044893,1260,2,0,2,0.955107,0,2,0,200
EDCF-Shield,v2a,FALCON1024+HMAC-SHA512+AES256GCM+DKG4of7,STOLEN_KEY,180,67.16,6,CYCLE,12,0,1110,200,0,0.847328,0.064745,0,0,0,100,21.4,98.24,0.739841,0.933157,1,3,0,0,76,1448,0.379902,1,0.4167,2,3,0,0,V2,1,0.035643,1650,2,0,2,0.964357,0,2,0,200
EDCF-Shield,v2a,FALCON1024+HMAC-SHA512+AES256GCM+DKG4of7,STOLEN_KEY,180,67.16,6,CUMULATIVE,12,400,2986,800,164,0.778391,0.374231,0.453515,0.333333,0.70922,94.79,22.85,96.44,0.739841,0.933157,1,3,0,0,76,1448,0.379902,1,0.4167,2,3,0,0,V2,1,0.035643,1650,2,0,2,0.964357,0,2,0,200
EDCF-Shield,v2a,FALCON1024+HMAC-SHA512+AES256GCM+DKG4of7,STOLEN_KEY,180,67.16,7,CYCLE,14,0,1350,200,0,0.870968,0.055501,0,0,0,100,21.17,98.54,0.742975,0.932563,1,3,0,0,76,1448,0.378484,1,0.4286,2,3,0,0,V2,1,0.029545,2042.857143,2,0,2,0.970455,0,2,0,200
EDCF-Shield,v2a,FALCON1024+HMAC-SHA512+AES256GCM+DKG4of7,STOLEN_KEY,180,67.16,7,CUMULATIVE,14,400,4336,1000,164,0.802712,0.360655,0.407332,0.285714,0.70922,96.36,22.36,97.05,0.742975,0.932563,1,3,0,0,76,1448,0.378484,1,0.4286,2,3,0,0,V2,1,0.029545,2042.857143,2,0,2,0.970455,0,2,0,200
EDCF-Shield,v2a,FALCON1024+HMAC-SHA512+AES256GCM+DKG4of7,STOLEN_KEY,180,67.16,8,CYCLE,16,0,1590,200,0,0.888268,0.048569,0,0,0,100,21.02,98.73,0.744847,0.931774,1,3,0,0,76,1448,0.374918,1,0.4375,2,3,0,0,V2,1,0.025341,2437.5,2,0,2,0.974659,0,2,0,200
EDCF-Shield,v2a,FALCON1024+HMAC-SHA512+AES256GCM+DKG4of7,STOLEN_KEY,180,67.16,8,CUMULATIVE,16,400,5926,1200,164,0.822627,0.347335,0.369686,0.25,0.70922,97.31,22.03,97.47,0.744847,0.931774,1,3,0,0,76,1448,0.374918,1,0.4375,2,3,0,0,V2,1,0.025341,2437.5,2,0,2,0.974659,0,2,0,200
EDCF-Shield,v2a,FALCON1024+HMAC-SHA512+AES256GCM+DKG4of7,STOLEN_KEY,180,67.16,9,CYCLE,18,0,1830,200,0,0.901478,0.043177,0,0,0,100,20.91,98.87,0.746056,0.930852,1,3,0,0,76,1448,0.370321,1,0.4444,2,3,0,0,V2,1,0.022278,2833.333333,2,0,2,0.977722,0,2,0,200
EDCF-Shield,v2a,FALCON1024+HMAC-SHA512+AES256GCM+DKG4of7,STOLEN_KEY,180,67.16,9,CUMULATIVE,18,400,7756,1400,164,0.839095,0.334822,0.338409,0.222222,0.70922,97.93,21.78,97.77,0.746056,0.930852,1,3,0,0,76,1448,0.370321,1,0.4444,2,3,0,0,V2,1,0.022278,2833.333333,2,0,2,0.977722,0,2,0,200
EDCF-Shield,v2a,FALCON1024+HMAC-SHA512+AES256GCM+DKG4of7,STOLEN_KEY,180,67.16,10,CYCLE,20,0,2070,200,0,0.911894,0.038864,0,0,0,100,20.81,98.99,0.746884,0.930047,1,3,0,0,76,1448,0.36525,1,0.45,2,3,0,0,V2,1,0.019893,3230,2,0,2,0.980107,0,2,0,200
EDCF-Shield,v2a,FALCON1024+HMAC-SHA512+AES256GCM+DKG4of7,STOLEN_KEY,180,67.16,10,CUMULATIVE,20,400,9826,1600,164,0.852877,0.323255,0.312012,0.2,0.70922,98.36,21.59,98.01,0.746884,0.930047,1,3,0,0,76,1448,0.36525,1,0.45,2,3,0,0,V2,1,0.019893,3230,2,0,2,0.980107,0,2,0,200
EDCF-Shield,v2a,FALCON1024+HMAC-SHA512+AES256GCM+DKG4of7,STOLEN_KEY,180,67.16,11,CYCLE,22,0,2160,200,0,0.915254,0.035334,0,0,0,100,20.79,99.02,0.747443,0.929356,1,3,0,0,76,1448,0.360001,1,0.4545,2,3,0,0,V2,1,0.018195,3581.818182,2,0,2,0.981805,0,2,0,200
EDCF-Shield,v2a,FALCON1024+HMAC-SHA512+AES256GCM+DKG4of7,STOLEN_KEY,180,67.16,11,CUMULATIVE,22,400,11986,1800,164,0.863136,0.312088,0.289436,0.181818,0.70922,98.65,21.46,98.18,0.747443,0.929356,1,3,0,0,76,1448,0.360001,1,0.4545,2,3,0,0,V2,1,0.018195,3581.818182,2,0,2,0.981805,0,2,0,200
EDCF-Shield,v2a,FALCON1024+HMAC-SHA512+AES256GCM+DKG4of7,STOLEN_KEY,180,67.16,12,CYCLE,24,0,2160,200,0,0.915254,0.032394,0,0,0,100,20.79,99.01,0.747833,0.92877,1,3,0,0,76,1448,0.354677,1,0.4583,2,3,0,0,V2,1,0.017009,3875,2,0,2,0.982991,0,2,0,200
EDCF-Shield,v2a,FALCON1024+HMAC-SHA512+AES256GCM+DKG4of7,STOLEN_KEY,180,67.16,12,CUMULATIVE,24,400,14146,2000,164,0.870497,0.301413,0.269906,0.166667,0.70922,98.85,21.36,98.3,0.747833,0.92877,1,3,0,0,76,1448,0.354677,1,0.4583,2,3,0,0,V2,1,0.017009,3875,2,0,2,0.982991,0,2,0,200
EDCF-Shield,v2a,FALCON1024+HMAC-SHA512+AES256GCM+DKG4of7,STOLEN_KEY,180,67.16,13,CYCLE,26,0,2160,200,0,0.915254,0.029905,0,0,0,100,20.8,99,0.748119,0.928267,1,3,0,0,76,1448,0.349351,1,0.4615,2,3,0,0,V2,1,0.016133,4123.076923,2,0,2,0.983867,0,2,0,200
EDCF-Shield,v2a,FALCON1024+HMAC-SHA512+AES256GCM+DKG4of7,STOLEN_KEY,180,67.16,13,CUMULATIVE,26,400,16306,2200,164,0.876036,0.29145,0.252845,0.153846,0.70922,99,21.29,98.39,0.748119,0.928267,1,3,0,0,76,1448,0.349351,1,0.4615,2,3,0,0,V2,1,0.016133,4123.076923,2,0,2,0.983867,0,2,0,200
EDCF-Shield,v2a,FALCON1024+HMAC-SHA512+AES256GCM+DKG4of7,STOLEN_KEY,180,67.16,14,CYCLE,28,0,2160,200,0,0.915254,0.027772,0,0,0,100,20.8,99,0.748338,0.927856,1,3,0,0,76,1448,0.344087,1,0.4643,2,3,0,0,V2,1,0.015455,4335.714286,2,0,2,0.984545,0,2,0,200
EDCF-Shield,v2a,FALCON1024+HMAC-SHA512+AES256GCM+DKG4of7,STOLEN_KEY,180,67.16,14,CUMULATIVE,28,400,18466,2400,164,0.880355,0.282232,0.237812,0.142857,0.70922,99.12,21.24,98.45,0.748338,0.927856,1,3,0,0,76,1448,0.344087,1,0.4643,2,3,0,0,V2,1,0.015455,4335.714286,2,0,2,0.984545,0,2,0,200
EDCF-Shield,v2a,FALCON1024+HMAC-SHA512+AES256GCM+DKG4of7,STOLEN_KEY,180,67.16,15,CYCLE,30,0,2160,200,0,0.915254,0.025923,0,0,0,100,20.79,99.01,0.748512,0.927585,1,3,0,0,76,1448,0.338932,1,0.4667,2,3,0,0,V2,1,0.014901,4520,2,0,2,0.985099,0,2,0,200
EDCF-Shield,v2a,FALCON1024+HMAC-SHA512+AES256GCM+DKG4of7,STOLEN_KEY,180,67.16,15,CUMULATIVE,30,400,20626,2600,164,0.883817,0.273725,0.224467,0.133333,0.70922,99.21,21.19,98.51,0.748512,0.927585,1,3,0,0,76,1448,0.338932,1,0.4667,2,3,0,0,V2,1,0.014901,4520,2,0,2,0.985099,0,2,0,200
EDCF-Shield,v2a,FALCON1024+HMAC-SHA512+AES256GCM+DKG4of7,STOLEN_KEY,180,67.16,16,CYCLE,32,0,2160,200,0,0.915254,0.024306,0,0,0,100,20.79,99.02,0.748653,0.927433,1,3,0,0,76,1448,0.333916,1,0.4688,2,3,0,0,V2,1,0.014435,4681.25,2,0,2,0.985565,0,2,0,200
EDCF-Shield,v2a,FALCON1024+HMAC-SHA512+AES256GCM+DKG4of7,STOLEN_KEY,180,67.16,16,CUMULATIVE,32,400,22786,2800,164,0.886654,0.26587,0.21254,0.125,0.70922,99.29,21.15,98.56,0.748653,0.927433,1,3,0,0,76,1448,0.333916,1,0.4688,2,3,0,0,V2,1,0.014435,4681.25,2,0,2,0.985565,0,2,0,200
EDCF-Shield,v2a,FALCON1024+HMAC-SHA512+AES256GCM+DKG4of7,STOLEN_KEY,180,67.16,17,CYCLE,34,0,2160,200,0,0.915254,0.022879,0,0,0,100,20.8,99,0.748769,0.927217,1,3,0,0,76,1448,0.329056,1,0.4706,2,3,0,0,V2,1,0.014063,4823.529412,2,0,2,0.985937,0,2,0,200
EDCF-Shield,v2a,FALCON1024+HMAC-SHA512+AES256GCM+DKG4of7,STOLEN_KEY,180,67.16,17,CUMULATIVE,34,400,24946,3000,164,0.889021,0.258606,0.201816,0.117647,0.70922,99.35,21.13,98.59,0.748769,0.927217,1,3,0,0,76,1448,0.329056,1,0.4706,2,3,0,0,V2,1,0.014063,4823.529412,2,0,2,0.985937,0,2,0,200
EDCF-Shield,v2a,FALCON1024+HMAC-SHA512+AES256GCM+DKG4of7,STOLEN_KEY,180,67.16,18,CYCLE,36,0,2160,200,0,0.915254,0.02161,0,0,0,100,20.81,98.99,0.748867,0.926938,1,3,0,0,76,1448,0.324359,1,0.4722,2,3,0,0,V2,1,0.013766,4950,2,0,2,0.986234,0,2,0,200
EDCF-Shield,v2a,FALCON1024+HMAC-SHA512+AES256GCM+DKG4of7,STOLEN_KEY,180,67.16,18,CUMULATIVE,36,400,27106,3200,164,0.891027,0.251873,0.192123,0.111111,0.70922,99.4,21.1,98.62,0.748867,0.926938,1,3,0,0,76,1448,0.324359,1,0.4722,2,3,0,0,V2,1,0.013766,4950,2,0,2,0.986234,0,2,0,200
EDCF-Shield,v2a,FALCON1024+HMAC-SHA512+AES256GCM+DKG4of7,STOLEN_KEY,180,67.16,19,CYCLE,38,0,2160,200,0,0.915254,0.020475,0,0,0,100,20.81,98.98,0.748951,0.926685,1,3,0,0,76,1448,0.319829,1,0.4737,2,3,0,0,V2,1,0.013513,5063.157895,2,0,2,0.986487,0,2,0,200
EDCF-Shield,v2a,FALCON1024+HMAC-SHA512+AES256GCM+DKG4of7,STOLEN_KEY,180,67.16,19,CUMULATIVE,38,400,29266,3400,164,0.892748,0.245614,0.183318,0.105263,0.70922,99.44,21.08,98.65,0.748951,0.926685,1,3,0,0,76,1448,0.319829,1,0.4737,2,3,0,0,V2,1,0.013513,5063.157895,2,0,2,0.986487,0,2,0,200
EDCF-Shield,v2a,FALCON1024+HMAC-SHA512+AES256GCM+DKG4of7,STOLEN_KEY,180,67.16,20,CYCLE,40,0,2160,200,0,0.915254,0.019453,0,0,0,100,20.81,98.98,0.749023,0.926457,1,3,0,0,76,1448,0.315463,1,0.475,2,3,0,0,V2,1,0.013294,5165,2,0,2,0.986706,0,2,0,200
EDCF-Shield,v2a,FALCON1024+HMAC-SHA512+AES256GCM+DKG4of7,STOLEN_KEY,180,67.16,20,CUMULATIVE,40,400,31426,3600,164,0.89424,0.239782,0.175285,0.1,0.70922,99.48,21.06,98.67,0.749023,0.926457,1,3,0,0,76,1448,0.315463,1,0.475,2,3,0,0,V2,1,0.013294,5165,2,0,2,0.986706,0,2,0,200
EDCF-Shield,v2a,FALCON1024+HMAC-SHA512+AES256GCM+DKG4of7,STOLEN_KEY,180,67.16,21,CYCLE,42,0,2160,200,0,0.915254,0.018529,0,0,0,100,20.81,98.98,0.749086,0.92626,1,3,0,0,76,1448,0.311259,1,0.4762,2,3,0,0,V2,1,0.013101,5257.142857,2,0,2,0.986899,0,2,0,200
EDCF-Shield,v2a,FALCON1024+HMAC-SHA512+AES256GCM+DKG4of7,STOLEN_KEY,180,67.16,21,CUMULATIVE,42,400,33586,3800,164,0.895547,0.234333,0.167926,0.095238,0.70922,99.51,21.05,98.69,0.749086,0.92626,1,3,0,0,76,1448,0.311259,1,0.4762,2,3,0,0,V2,1,0.013101,5257.142857,2,0,2,0.986899,0,2,0,200
EDCF-Shield,v2a,FALCON1024+HMAC-SHA512+AES256GCM+DKG4of7,STOLEN_KEY,180,67.16,22,CYCLE,44,0,2160,200,0,0.915254,0.017689,0,0,0,100,20.82,98.97,0.749141,0.926025,1,3,0,0,76,1448,0.30721,1,0.4773,2,3,0,0,V2,1,0.012941,5340.909091,2,0,2,0.987059,0,2,0,200
EDCF-Shield,v2a,FALCON1024+HMAC-SHA512+AES256GCM+DKG4of7,STOLEN_KEY,180,67.16,22,CUMULATIVE,44,400,35746,4000,164,0.896701,0.229229,0.16116,0.090909,0.70922,99.54,21.04,98.71,0.749141,0.926025,1,3,0,0,76,1448,0.30721,1,0.4773,2,3,0,0,V2,1,0.012941,5340.909091,2,0,2,0.987059,0,2,0,200
EDCF-Shield,v2a,FALCON1024+HMAC-SHA512+AES256GCM+DKG4of7,STOLEN_KEY,180,67.16,23,CYCLE,46,0,2160,200,0,0.915254,0.016922,0,0,0,100,20.83,98.97,0.74919,0.925801,1,3,0,0,76,1448,0.303311,1,0.4783,2,3,0,0,V2,1,0.012801,5417.391304,2,0,2,0.987199,0,2,0,200
EDCF-Shield,v2a,FALCON1024+HMAC-SHA512+AES256GCM+DKG4of7,STOLEN_KEY,180,67.16,23,CUMULATIVE,46,400,37906,4200,164,0.897727,0.224437,0.154919,0.086957,0.70922,99.57,21.02,98.72,0.74919,0.925801,1,3,0,0,76,1448,0.303311,1,0.4783,2,3,0,0,V2,1,0.012801,5417.391304,2,0,2,0.987199,0,2,0,200
EDCF-Shield,v2a,FALCON1024+HMAC-SHA512+AES256GCM+DKG4of7,STOLEN_KEY,180,67.16,24,CYCLE,48,0,2160,200,0,0.915254,0.016218,0,0,0,100,20.83,98.97,0.749233,0.925602,1,3,0,0,76,1448,0.299555,1,0.4792,2,3,0,0,V2,1,0.012675,5487.5,2,0,2,0.987325,0,2,0,200
EDCF-Shield,v2a,FALCON1024+HMAC-SHA512+AES256GCM+DKG4of7,STOLEN_KEY,180,67.16,24,CUMULATIVE,48,400,40066,4400,164,0.898645,0.219927,0.149142,0.083333,0.70922,99.59,21.01,98.73,0.749233,0.925602,1,3,0,0,76,1448,0.299555,1,0.4792,2,3,0,0,V2,1,0.012675,5487.5,2,0,2,0.987325,0,2,0,200
EDCF-Shield,v2a,FALCON1024+HMAC-SHA512+AES256GCM+DKG4of7,STOLEN_KEY,180,67.16,25,CYCLE,50,0,2160,200,0,0.915254,0.015571,0,0,0,100,20.84,98.95,0.749272,0.925375,1,3,0,0,76,1448,0.295936,1,0.48,2,3,0,0,V2,1,0.012568,5552,2,0,2,0.987432,0,2,0,200
EDCF-Shield,v2a,FALCON1024+HMAC-SHA512+AES256GCM+DKG4of7,STOLEN_KEY,180,67.16,25,CUMULATIVE,50,400,42226,4600,164,0.899472,0.215673,0.143781,0.08,0.70922,99.61,21.01,98.74,0.749272,0.925375,1,3,0,0,76,1448,0.295936,1,0.48,2,3,0,0,V2,1,0.012568,5552,2,0,2,0.987432,0,2,0,200
EDCF-Shield,v2a,FALCON1024+HMAC-SHA512+AES256GCM+DKG4of7,STOLEN_KEY,180,67.16,26,CYCLE,52,0,2160,200,0,0.915254,0.014974,0,0,0,100,20.84,98.95,0.749308,0.925164,1,3,0,0,76,1448,0.292446,1,0.4808,2,3,0,0,V2,1,0.012472,5611.538462,2,0,2,0.987528,0,2,0,200
EDCF-Shield,v2a,FALCON1024+HMAC-SHA512+AES256GCM+DKG4of7,STOLEN_KEY,180,67.16,26,CUMULATIVE,52,400,44386,4800,164,0.900221,0.211653,0.138793,0.076923,0.70922,99.63,21,98.75,0.749308,0.925164,1,3,0,0,76,1448,0.292446,1,0.4808,2,3,0,0,V2,1,0.012472,5611.538462,2,0,2,0.987528,0,2,0,200
EDCF-Shield,v2a,FALCON1024+HMAC-SHA512+AES256GCM+DKG4of7,STOLEN_KEY,180,67.16,27,CYCLE,54,0,2160,200,0,0.915254,0.014421,0,0,0,100,20.85,98.94,0.74934,0.924942,1,3,0,0,76,1448,0.28908,1,0.4815,2,3,0,0,V2,1,0.01239,5666.666667,2,0,2,0.98761,0,2,0,200
EDCF-Shield,v2a,FALCON1024+HMAC-SHA512+AES256GCM+DKG4of7,STOLEN_KEY,180,67.16,27,CUMULATIVE,54,400,46546,5000,164,0.900902,0.207846,0.134138,0.074074,0.70922,99.65,20.99,98.76,0.74934,0.924942,1,3,0,0,76,1448,0.28908,1,0.4815,2,3,0,0,V2,1,0.01239,5666.666667,2,0,2,0.98761,0,2,0,200
EDCF-Shield,v2a,FALCON1024+HMAC-SHA512+AES256GCM+DKG4of7,STOLEN_KEY,180,67.16,28,CYCLE,56,0,2160,200,0,0.915254,0.013908,0,0,0,100,20.84,98.95,0.749369,0.924769,1,3,0,0,76,1448,0.28583,1,0.4821,2,3,0,0,V2,1,0.012309,5717.857143,2,0,2,0.987691,0,2,0,200
EDCF-Shield,v2a,FALCON1024+HMAC-SHA512+AES256GCM+DKG4of7,STOLEN_KEY,180,67.16,28,CUMULATIVE,56,400,48706,5200,164,0.901524,0.204235,0.129786,0.071429,0.70922,99.66,20.98,98.77,0.749369,0.924769,1,3,0,0,76,1448,0.28583,1,0.4821,2,3,0,0,V2,1,0.012309,5717.857143,2,0,2,0.987691,0,2,0,200
EDCF-Shield,v2a,FALCON1024+HMAC-SHA512+AES256GCM+DKG4of7,STOLEN_KEY,180,67.16,29,CYCLE,58,0,2160,200,0,0.915254,0.01343,0,0,0,100,20.84,98.95,0.749396,0.924608,1,3,0,0,76,1448,0.282692,1,0.4828,2,3,0,0,V2,1,0.012235,5765.517241,2,0,2,0.987765,0,2,0,200
EDCF-Shield,v2a,FALCON1024+HMAC-SHA512+AES256GCM+DKG4of7,STOLEN_KEY,180,67.16,29,CUMULATIVE,58,400,50866,5400,164,0.902094,0.200804,0.125707,0.068966,0.70922,99.68,20.98,98.78,0.749396,0.924608,1,3,0,0,76,1448,0.282692,1,0.4828,2,3,0,0,V2,1,0.012235,5765.517241,2,0,2,0.987765,0,2,0,200
EDCF-Shield,v2a,FALCON1024+HMAC-SHA512+AES256GCM+DKG4of7,STOLEN_KEY,180,67.16,30,CYCLE,60,0,2160,200,0,0.915254,0.012983,0,0,0,100,20.84,98.95,0.749421,0.924455,1,3,0,0,76,1448,0.279659,1,0.4833,2,3,0,0,V2,1,0.012167,5810,2,0,2,0.987833,0,2,0,200
EDCF-Shield,v2a,FALCON1024+HMAC-SHA512+AES256GCM+DKG4of7,STOLEN_KEY,180,67.16,30,CUMULATIVE,60,400,53026,5600,164,0.902619,0.197537,0.121877,0.066667,0.70922,99.69,20.97,98.78,0.749421,0.924455,1,3,0,0,76,1448,0.279659,1,0.4833,2,3,0,0,V2,1,0.012167,5810,2,0,2,0.987833,0,2,0,200
EDCF-Shield,v2a,FALCON1024+HMAC-SHA512+AES256GCM+DKG4of7,STOLEN_KEY,180,67.16,31,CYCLE,62,0,2160,200,0,0.915254,0.012566,0,0,0,100,20.85,98.94,0.749443,0.924275,1,3,0,0,76,1448,0.276726,1,0.4839,2,3,0,0,V2,1,0.012111,5851.612903,2,0,2,0.987889,0,2,0,200
EDCF-Shield,v2a,FALCON1024+HMAC-SHA512+AES256GCM+DKG4of7,STOLEN_KEY,180,67.16,31,CUMULATIVE,62,400,55186,5800,164,0.903103,0.194424,0.118273,0.064516,0.70922,99.7,20.97,98.79,0.749443,0.924275,1,3,0,0,76,1448,0.276726,1,0.4839,2,3,0,0,V2,1,0.012111,5851.612903,2,0,2,0.987889,0,2,0,200
EDCF-Shield,v2a,FALCON1024+HMAC-SHA512+AES256GCM+DKG4of7,STOLEN_KEY,180,67.16,32,CYCLE,64,0,2160,200,0,0.915254,0.012175,0,0,0,100,20.85,98.94,0.749464,0.924103,1,3,0,0,76,1448,0.273888,1,0.4844,2,3,0,0,V2,1,0.012059,5890.625,2,0,2,0.987941,0,2,0,200
EDCF-Shield,v2a,FALCON1024+HMAC-SHA512+AES256GCM+DKG4of7,STOLEN_KEY,180,67.16,32,CUMULATIVE,64,400,57346,6000,164,0.903552,0.191452,0.114877,0.0625,0.70922,99.71,20.96,98.79,0.749464,0.924103,1,3,0,0,76,1448,0.273888,1,0.4844,2,3,0,0,V2,1,0.012059,5890.625,2,0,2,0.987941,0,2,0,200
EDCF-Shield,v2a,FALCON1024+HMAC-SHA512+AES256GCM+DKG4of7,STOLEN_KEY,180,67.16,33,CYCLE,66,0,2160,200,0,0.915254,0.011807,0,0,0,100,20.86,98.93,0.749484,0.923926,1,3,0,0,76,1448,0.27114,1,0.4848,2,3,0,0,V2,1,0.012013,5927.272727,2,0,2,0.987987,0,2,0,200
EDCF-Shield,v2a,FALCON1024+HMAC-SHA512+AES256GCM+DKG4of7,STOLEN_KEY,180,67.16,33,CUMULATIVE,66,400,59506,6200,164,0.903969,0.188612,0.111669,0.060606,0.70922,99.73,20.96,98.8,0.749484,0.923926,1,3,0,0,76,1448,0.27114,1,0.4848,2,3,0,0,V2,1,0.012013,5927.272727,2,0,2,0.987987,0,2,0,200
EDCF-Shield,v2a,FALCON1024+HMAC-SHA512+AES256GCM+DKG4of7,STOLEN_KEY,180,67.16,34,CYCLE,68,0,2160,200,0,0.915254,0.011461,0,0,0,100,20.87,98.92,0.749502,0.923733,1,3,0,0,76,1448,0.268478,1,0.4853,2,3,0,0,V2,1,0.011974,5961.764706,2,0,2,0.988026,0,2,0,200
EDCF-Shield,v2a,FALCON1024+HMAC-SHA512+AES256GCM+DKG4of7,STOLEN_KEY,180,67.16,34,CUMULATIVE,68,400,61666,6400,164,0.904357,0.185893,0.108637,0.058824,0.70922,99.73,20.96,98.8,0.749502,0.923733,1,3,0,0,76,1448,0.268478,1,0.4853,2,3,0,0,V2,1,0.011974,5961.764706,2,0,2,0.988026,0,2,0,200
EDCF-Shield,v2a,FALCON1024+HMAC-SHA512+AES256GCM+DKG4of7,STOLEN_KEY,180,67.16,35,CYCLE,70,0,2160,200,0,0.915254,0.011135,0,0,0,100,20.88,98.9,0.749519,0.923518,1,3,0,0,76,1448,0.265897,1,0.4857,2,3,0,0,V2,1,0.011943,5994.285714,2,0,2,0.988057,0,2,0,200
EDCF-Shield,v2a,FALCON1024+HMAC-SHA512+AES256GCM+DKG4of7,STOLEN_KEY,180,67.16,35,CUMULATIVE,70,400,63826,6600,164,0.904719,0.183287,0.105764,0.057143,0.70922,99.74,20.96,98.81,0.749519,0.923518,1,3,0,0,76,1448,0.265897,1,0.4857,2,3,0,0,V2,1,0.011943,5994.285714,2,0,2,0.988057,0,2,0,200
EDCF-Shield,v2a,FALCON1024+HMAC-SHA512+AES256GCM+DKG4of7,STOLEN_KEY,180,67.16,36,CYCLE,72,0,2160,200,0,0.915254,0.010827,0,0,0,100,20.88,98.9,0.749534,0.923307,1,3,0,0,76,1448,0.263394,1,0.4861,2,3,0,0,V2,1,0.011915,6025,2,0,2,0.988085,0,2,0,200
EDCF-Shield,v2a,FALCON1024+HMAC-SHA512+AES256GCM+DKG4of7,STOLEN_KEY,180,67.16,36,CUMULATIVE,72,400,65986,6800,164,0.905058,0.180788,0.10304,0.055556,0.70922,99.75,20.95,98.81,0.749534,0.923307,1,3,0,0,76,1448,0.263394,1,0.4861,2,3,0,0,V2,1,0.011915,6025,2,0,2,0.988085,0,2,0,200
EDCF-Shield,v2a,FALCON1024+HMAC-SHA512+AES256GCM+DKG4of7,STOLEN_KEY,180,67.16,37,CYCLE,74,0,2160,200,0,0.915254,0.010535,0,0,0,100,20.87,98.91,0.749549,0.923134,1,3,0,0,76,1448,0.260964,1,0.4865,2,3,0,0,V2,1,0.011885,6054.054054,2,0,2,0.988115,0,2,0,200
EDCF-Shield,v2a,FALCON1024+HMAC-SHA512+AES256GCM+DKG4of7,STOLEN_KEY,180,67.16,37,CUMULATIVE,74,400,68146,7000,164,0.905376,0.178387,0.100452,0.054054,0.70922,99.76,20.95,98.81,0.749549,0.923134,1,3,0,0,76,1448,0.260964,1,0.4865,2,3,0,0,V2,1,0.011885,6054.054054,2,0,2,0.988115,0,2,0,200
EDCF-Shield,v2a,FALCON1024+HMAC-SHA512+AES256GCM+DKG4of7,STOLEN_KEY,180,67.16,38,CYCLE,76,0,2160,200,0,0.915254,0.010259,0,0,0,100,20.87,98.91,0.749563,0.922977,1,3,0,0,76,1448,0.258605,1,0.4868,2,3,0,0,V2,1,0.011856,6081.578947,2,0,2,0.988144,0,2,0,200
EDCF-Shield,v2a,FALCON1024+HMAC-SHA512+AES256GCM+DKG4of7,STOLEN_KEY,180,67.16,38,CUMULATIVE,76,400,70306,7200,164,0.905674,0.176079,0.097991,0.052632,0.70922,99.77,20.95,98.81,0.749563,0.922977,1,3,0,0,76,1448,0.258605,1,0.4868,2,3,0,0,V2,1,0.011856,6081.578947,2,0,2,0.988144,0,2,0,200
EDCF-Shield,v2a,FALCON1024+HMAC-SHA512+AES256GCM+DKG4of7,STOLEN_KEY,180,67.16,39,CYCLE,78,0,2160,200,0,0.915254,0.009997,0,0,0,100,20.88,98.9,0.749576,0.9228,1,3,0,0,76,1448,0.256313,1,0.4872,2,3,0,0,V2,1,0.011832,6107.692308,2,0,2,0.988168,0,2,0,200
EDCF-Shield,v2a,FALCON1024+HMAC-SHA512+AES256GCM+DKG4of7,STOLEN_KEY,180,67.16,39,CUMULATIVE,78,400,72466,7400,164,0.905955,0.173858,0.095648,0.051282,0.70922,99.77,20.95,98.82,0.749576,0.9228,1,3,0,0,76,1448,0.256313,1,0.4872,2,3,0,0,V2,1,0.011832,6107.692308,2,0,2,0.988168,0,2,0,200
EDCF-Shield,v2a,FALCON1024+HMAC-SHA512+AES256GCM+DKG4of7,STOLEN_KEY,180,67.16,40,CYCLE,80,0,2160,200,0,0.915254,0.009748,0,0,0,100,20.89,98.89,0.749588,0.922613,1,3,0,0,76,1448,0.254084,1,0.4875,2,3,0,0,V2,1,0.011813,6132.5,2,0,2,0.988187,0,2,0,200
EDCF-Shield,v2a,FALCON1024+HMAC-SHA512+AES256GCM+DKG4of7,STOLEN_KEY,180,67.16,40,CUMULATIVE,80,400,74626,7600,164,0.906221,0.171718,0.093414,0.05,0.70922,99.78,20.95,98.82,0.749588,0.922613,1,3,0,0,76,1448,0.254084,1,0.4875,2,3,0,0,V2,1,0.011813,6132.5,2,0,2,0.988187,0,2,0,200
EDCF-Shield,v2a,FALCON1024+HMAC-SHA512+AES256GCM+DKG4of7,STOLEN_KEY,180,67.16,41,CYCLE,82,0,2160,200,0,0.915254,0.009512,0,0,0,100,20.9,98.87,0.7496,0.922399,1,3,0,0,76,1448,0.251917,1,0.4878,2,3,0,0,V2,1,0.0118,6156.097561,2,0,2,0.9882,0,2,0,200
EDCF-Shield,v2a,FALCON1024+HMAC-SHA512+AES256GCM+DKG4of7,STOLEN_KEY,180,67.16,41,CUMULATIVE,82,400,76786,7800,164,0.906471,0.169655,0.091283,0.04878,0.70922,99.79,20.94,98.82,0.7496,0.922399,1,3,0,0,76,1448,0.251917,1,0.4878,2,3,0,0,V2,1,0.0118,6156.097561,2,0,2,0.9882,0,2,0,200
EDCF-Shield,v2a,FALCON1024+HMAC-SHA512+AES256GCM+DKG4of7,STOLEN_KEY,180,67.16,42,CYCLE,84,0,2160,200,0,0.915254,0.009286,0,0,0,100,20.91,98.86,0.749611,0.922179,1,3,0,0,76,1448,0.249807,1,0.4881,2,3,0,0,V2,1,0.01179,6178.571429,2,0,2,0.98821,0,2,0,200
EDCF-Shield,v2a,FALCON1024+HMAC-SHA512+AES256GCM+DKG4of7,STOLEN_KEY,180,67.16,42,CUMULATIVE,84,400,78946,8000,164,0.906708,0.167664,0.089246,0.047619,0.70922,99.79,20.94,98.82,0.749611,0.922179,1,3,0,0,76,1448,0.249807,1,0.4881,2,3,0,0,V2,1,0.01179,6178.571429,2,0,2,0.98821,0,2,0,200
EDCF-Shield,v2a,FALCON1024+HMAC-SHA512+AES256GCM+DKG4of7,STOLEN_KEY,180,67.16,43,CYCLE,86,0,2160,200,0,0.915254,0.009071,0,0,0,100,20.89,98.89,0.749621,0.922028,1,3,0,0,76,1448,0.247754,1,0.4884,2,3,0,0,V2,1,0.011772,6200,2,0,2,0.988228,0,2,0,200
EDCF-Shield,v2a,FALCON1024+HMAC-SHA512+AES256GCM+DKG4of7,STOLEN_KEY,180,67.16,43,CUMULATIVE,86,400,81106,8200,164,0.906932,0.165742,0.087298,0.046512,0.70922,99.8,20.94,98.82,0.749621,0.922028,1,3,0,0,76,1448,0.247754,1,0.4884,2,3,0,0,V2,1,0.011772,6200,2,0,2,0.988228,0,2,0,200
EDCF-Shield,v2a,FALCON1024+HMAC-SHA512+AES256GCM+DKG4of7,STOLEN_KEY,180,67.16,44,CYCLE,88,0,2160,200,0,0.915254,0.008866,0,0,0,100,20.89,98.89,0.749631,0.92187,1,3,0,0,76,1448,0.245753,1,0.4886,2,3,0,0,V2,1,0.011757,6220.454545,2,0,2,0.988243,0,2,0,200
EDCF-Shield,v2a,FALCON1024+HMAC-SHA512+AES256GCM+DKG4of7,STOLEN_KEY,180,67.16,44,CUMULATIVE,88,400,83266,8400,164,0.907145,0.163884,0.085434,0.045455,0.70922,99.8,20.94,98.82,0.749631,0.92187,1,3,0,0,76,1448,0.245753,1,0.4886,2,3,0,0,V2,1,0.011757,6220.454545,2,0,2,0.988243,0,2,0,200
EDCF-Shield,v2a,FALCON1024+HMAC-SHA512+AES256GCM+DKG4of7,STOLEN_KEY,180,67.16,45,CYCLE,90,0,2160,200,0,0.915254,0.00867,0,0,0,100,20.91,98.86,0.74964,0.921682,1,3,0,0,76,1448,0.243804,1,0.4889,2,3,0,0,V2,1,0.011748,6240,2,0,2,0.988252,0,2,0,200
EDCF-Shield,v2a,FALCON1024+HMAC-SHA512+AES256GCM+DKG4of7,STOLEN_KEY,180,67.16,45,CUMULATIVE,90,400,85426,8600,164,0.907347,0.162087,0.083647,0.044444,0.70922,99.81,20.94,98.83,0.74964,0.921682,1,3,0,0,76,1448,0.243804,1,0.4889,2,3,0,0,V2,1,0.011748,6240,2,0,2,0.988252,0,2,0,200
EDCF-Shield,v2a,FALCON1024+HMAC-SHA512+AES256GCM+DKG4of7,STOLEN_KEY,180,67.16,46,CYCLE,92,0,2160,200,0,0.915254,0.008483,0,0,0,100,20.91,98.86,0.749649,0.921501,1,3,0,0,76,1448,0.241904,1,0.4891,2,3,0,0,V2,1,0.011739,6258.695652,2,0,2,0.988261,0,2,0,200
EDCF-Shield,v2a,FALCON1024+HMAC-SHA512+AES256GCM+DKG4of7,STOLEN_KEY,180,67.16,46,CUMULATIVE,92,400,87586,8800,164,0.90754,0.160347,0.081934,0.043478,0.70922,99.81,20.94,98.83,0.749649,0.921501,1,3,0,0,76,1448,0.241904,1,0.4891,2,3,0,0,V2,1,0.011739,6258.695652,2,0,2,0.988261,0,2,0,200
EDCF-Shield,v2a,FALCON1024+HMAC-SHA512+AES256GCM+DKG4of7,STOLEN_KEY,180,67.16,47,CYCLE,94,0,2160,200,0,0.915254,0.008303,0,0,0,100,20.9,98.87,0.749658,0.921342,1,3,0,0,76,1448,0.24005,1,0.4894,2,3,0,0,V2,1,0.011729,6276.595745,2,0,2,0.988271,0,2,0,200
EDCF-Shield,v2a,FALCON1024+HMAC-SHA512+AES256GCM+DKG4of7,STOLEN_KEY,180,67.16,47,CUMULATIVE,94,400,89746,9000,164,0.907723,0.158662,0.080289,0.042553,0.70922,99.82,20.94,98.83,0.749658,0.921342,1,3,0,0,76,1448,0.24005,1,0.4894,2,3,0,0,V2,1,0.011729,6276.595745,2,0,2,0.988271,0,2,0,200
EDCF-Shield,v2a,FALCON1024+HMAC-SHA512+AES256GCM+DKG4of7,STOLEN_KEY,180,67.16,48,CYCLE,96,0,2160,200,0,0.915254,0.008131,0,0,0,100,20.89,98.89,0.749666,0.921216,1,3,0,0,76,1448,0.238242,1,0.4896,2,3,0,0,V2,1,0.011716,6293.75,2,0,2,0.988284,0,2,0,200
EDCF-Shield,v2a,FALCON1024+HMAC-SHA512+AES256GCM+DKG4of7,STOLEN_KEY,180,67.16,48,CUMULATIVE,96,400,91906,9200,164,0.907898,0.157029,0.078709,0.041667,0.70922,99.82,20.94,98.83,0.749666,0.921216,1,3,0,0,76,1448,0.238242,1,0.4896,2,3,0,0,V2,1,0.011716,6293.75,2,0,2,0.988284,0,2,0,200
EDCF-Shield,v2a,FALCON1024+HMAC-SHA512+AES256GCM+DKG4of7,STOLEN_KEY,180,67.16,49,CYCLE,98,0,2160,200,0,0.915254,0.007966,0,0,0,100,20.89,98.89,0.749673,0.921103,1,3,0,0,76,1448,0.236476,1,0.4898,2,3,0,0,V2,1,0.011702,6310.204082,2,0,2,0.988298,0,2,0,200
EDCF-Shield,v2a,FALCON1024+HMAC-SHA512+AES256GCM+DKG4of7,STOLEN_KEY,180,67.16,49,CUMULATIVE,98,400,94066,9400,164,0.908065,0.155446,0.07719,0.040816,0.70922,99.83,20.94,98.83,0.749673,0.921103,1,3,0,0,76,1448,0.236476,1,0.4898,2,3,0,0,V2,1,0.011702,6310.204082,2,0,2,0.988298,0,2,0,200
EDCF-Shield,v2a,FALCON1024+HMAC-SHA512+AES256GCM+DKG4of7,STOLEN_KEY,180,67.16,50,CYCLE,100,0,2160,200,0,0.915254,0.007807,0,0,0,100,20.89,98.89,0.749681,0.920991,1,3,0,0,76,1448,0.234752,1,0.49,2,3,0,0,V2,1,0.01169,6326,2,0,2,0.98831,0,2,0,200
EDCF-Shield,v2a,FALCON1024+HMAC-SHA512+AES256GCM+DKG4of7,STOLEN_KEY,180,67.16,50,CUMULATIVE,100,400,96226,9600,164,0.908224,0.153909,0.075729,0.04,0.70922,99.83,20.94,98.83,0.749681,0.920991,1,3,0,0,76,1448,0.234752,1,0.49,2,3,0,0,V2,1,0.01169,6326,2,0,2,0.98831,0,2,0,200
EDCF-Shield,v2a,FALCON1024+HMAC-SHA512+AES256GCM+DKG4of7,STOLEN_KEY,180,67.16,51,CYCLE,102,0,2160,200,0,0.915254,0.007655,0,0,0,100,20.89,98.89,0.749688,0.920879,1,3,0,0,76,1448,0.233068,1,0.4902,2,3,0,0,V2,1,0.011678,6341.176471,2,0,2,0.988322,0,2,0,200
EDCF-Shield,v2a,FALCON1024+HMAC-SHA512+AES256GCM+DKG4of7,STOLEN_KEY,180,67.16,51,CUMULATIVE,102,400,98386,9800,164,0.908377,0.152416,0.074322,0.039216,0.70922,99.83,20.93,98.83,0.749688,0.920879,1,3,0,0,76,1448,0.233068,1,0.4902,2,3,0,0,V2,1,0.011678,6341.176471,2,0,2,0.988322,0,2,0,200
EDCF-Shield,v2a,FALCON1024+HMAC-SHA512+AES256GCM+DKG4of7,STOLEN_KEY,180,67.16,52,CYCLE,104,0,2160,200,0,0.915254,0.007509,0,0,0,100,20.91,98.87,0.749694,0.920742,1,3,0,0,76,1448,0.231422,1,0.4904,2,3,0,0,V2,1,0.011671,6355.769231,2,0,2,0.988329,0,2,0,200
EDCF-Shield,v2a,FALCON1024+HMAC-SHA512+AES256GCM+DKG4of7,STOLEN_KEY,180,67.16,52,CUMULATIVE,104,400,100546,10000,164,0.908523,0.150966,0.072966,0.038462,0.70922,99.84,20.93,98.83,0.749694,0.920742,1,3,0,0,76,1448,0.231422,1,0.4904,2,3,0,0,V2,1,0.011671,6355.769231,2,0,2,0.988329,0,2,0,200
EDCF-Shield,v2a,FALCON1024+HMAC-SHA512+AES256GCM+DKG4of7,STOLEN_KEY,180,67.16,53,CYCLE,106,0,2160,200,0,0.915254,0.007368,0,0,0,100,20.91,98.86,0.749701,0.920607,1,3,0,0,76,1448,0.229813,1,0.4906,2,3,0,0,V2,1,0.011665,6369.811321,2,0,2,0.988335,0,2,0,200
EDCF-Shield,v2a,FALCON1024+HMAC-SHA512+AES256GCM+DKG4of7,STOLEN_KEY,180,67.16,53,CUMULATIVE,106,400,102706,10200,164,0.908663,0.149557,0.071659,0.037736,0.70922,99.84,20.93,98.83,0.749701,0.920607,1,3,0,0,76,1448,0.229813,1,0.4906,2,3,0,0,V2,1,0.011665,6369.811321,2,0,2,0.988335,0,2,0,200
EDCF-Shield,v2a,FALCON1024+HMAC-SHA512+AES256GCM+DKG4of7,STOLEN_KEY,180,67.16,54,CYCLE,108,0,2160,200,0,0.915254,0.007232,0,0,0,100,20.91,98.87,0.749707,0.920482,1,3,0,0,76,1448,0.228239,1,0.4907,2,3,0,0,V2,1,0.011658,6383.333333,2,0,2,0.988342,0,2,0,200
EDCF-Shield,v2a,FALCON1024+HMAC-SHA512+AES256GCM+DKG4of7,STOLEN_KEY,180,67.16,54,CUMULATIVE,108,400,104866,10400,164,0.908797,0.148186,0.070398,0.037037,0.70922,99.84,20.93,98.83,0.749707,0.920482,1,3,0,0,76,1448,0.228239,1,0.4907,2,3,0,0,V2,1,0.011658,6383.333333,2,0,2,0.988342,0,2,0,200
EDCF-Shield,v2a,FALCON1024+HMAC-SHA512+AES256GCM+DKG4of7,STOLEN_KEY,180,67.16,55,CYCLE,110,0,2160,200,0,0.915254,0.007102,0,0,0,100,20.91,98.86,0.749713,0.920351,1,3,0,0,76,1448,0.2267,1,0.4909,2,3,0,0,V2,1,0.011654,6396.363636,2,0,2,0.988346,0,2,0,200
EDCF-Shield,v2a,FALCON1024+HMAC-SHA512+AES256GCM+DKG4of7,STOLEN_KEY,180,67.16,55,CUMULATIVE,110,400,107026,10600,164,0.908926,0.146852,0.06918,0.036364,0.70922,99.85,20.93,98.83,0.749713,0.920351,1,3,0,0,76,1448,0.2267,1,0.4909,2,3,0,0,V2,1,0.011654,6396.363636,2,0,2,0.988346,0,2,0,200
EDCF-Shield,v2a,FALCON1024+HMAC-SHA512+AES256GCM+DKG4of7,STOLEN_KEY,180,67.16,56,CYCLE,112,0,2160,200,0,0.915254,0.006976,0,0,0,100,20.91,98.86,0.749718,0.920224,1,3,0,0,76,1448,0.225193,1,0.4911,2,3,0,0,V2,1,0.011649,6408.928571,2,0,2,0.988351,0,2,0,200
EDCF-Shield,v2a,FALCON1024+HMAC-SHA512+AES256GCM+DKG4of7,STOLEN_KEY,180,67.16,56,CUMULATIVE,112,400,109186,10800,164,0.90905,0.145554,0.068004,0.035714,0.70922,99.85,20.93,98.84,0.749718,0.920224,1,3,0,0,76,1448,0.225193,1,0.4911,2,3,0,0,V2,1,0.011649,6408.928571,2,0,2,0.988351,0,2,0,200
EDCF-Shield,v2a,FALCON1024+HMAC-SHA512+AES256GCM+DKG4of7,STOLEN_KEY,180,67.16,57,CYCLE,114,0,2160,200,0,0.915254,0.006854,0,0,0,100,20.92,98.85,0.749724,0.920086,1,3,0,0,76,1448,0.223718,1,0.4912,2,3,0,0,V2,1,0.011647,6421.052632,2,0,2,0.988353,0,2,0,200
EDCF-Shield,v2a,FALCON1024+HMAC-SHA512+AES256GCM+DKG4of7,STOLEN_KEY,180,67.16,57,CUMULATIVE,114,400,111346,11000,164,0.909169,0.144289,0.066867,0.035088,0.70922,99.85,20.93,98.84,0.749724,0.920086,1,3,0,0,76,1448,0.223718,1,0.4912,2,3,0,0,V2,1,0.011647,6421.052632,2,0,2,0.988353,0,2,0,200
EDCF-Shield,v2a,FALCON1024+HMAC-SHA512+AES256GCM+DKG4of7,STOLEN_KEY,180,67.16,58,CYCLE,116,0,2160,200,0,0.915254,0.006737,0,0,0,100,20.92,98.85,0.749729,0.91995,1,3,0,0,76,1448,0.222274,1,0.4914,2,3,0,0,V2,1,0.011645,6432.758621,2,0,2,0.988355,0,2,0,200
EDCF-Shield,v2a,FALCON1024+HMAC-SHA512+AES256GCM+DKG4of7,STOLEN_KEY,180,67.16,58,CUMULATIVE,116,400,113506,11200,164,0.909284,0.143057,0.065768,0.034483,0.70922,99.86,20.93,98.84,0.749729,0.91995,1,3,0,0,76,1448,0.222274,1,0.4914,2,3,0,0,V2,1,0.011645,6432.758621,2,0,2,0.988355,0,2,0,200
EDCF-Shield,v2a,FALCON1024+HMAC-SHA512+AES256GCM+DKG4of7,STOLEN_KEY,180,67.16,59,CYCLE,118,0,2160,200,0,0.915254,0.006623,0,0,0,100,20.93,98.84,0.749734,0.919816,1,3,0,0,76,1448,0.22086,1,0.4915,2,3,0,0,V2,1,0.011644,6444.067797,2,0,2,0.988356,0,2,0,200
EDCF-Shield,v2a,FALCON1024+HMAC-SHA512+AES256GCM+DKG4of7,STOLEN_KEY,180,67.16,59,CUMULATIVE,118,400,115666,11400,164,0.909394,0.141855,0.064704,0.033898,0.70922,99.86,20.93,98.84,0.749734,0.919816,1,3,0,0,76,1448,0.22086,1,0.4915,2,3,0,0,V2,1,0.011644,6444.067797,2,0,2,0.988356,0,2,0,200
EDCF-Shield,v2a,FALCON1024+HMAC-SHA512+AES256GCM+DKG4of7,STOLEN_KEY,180,67.16,60,CYCLE,120,0,2160,200,0,0.915254,0.006513,0,0,0,100,20.93,98.84,0.749739,0.919685,1,3,0,0,76,1448,0.219474,1,0.4917,2,3,0,0,V2,1,0.011642,6455,2,0,2,0.988358,0,2,0,200
EDCF-Shield,v2a,FALCON1024+HMAC-SHA512+AES256GCM+DKG4of7,STOLEN_KEY,180,67.16,60,CUMULATIVE,120,400,117826,11600,164,0.909501,0.140684,0.063674,0.033333,0.70922,99.86,20.93,98.84,0.749739,0.919685,1,3,0,0,76,1448,0.219474,1,0.4917,2,3,0,0,V2,1,0.011642,6455,2,0,2,0.988358,0,2,0,200
EDCF-Shield,v2a,FALCON1024+HMAC-SHA512+AES256GCM+DKG4of7,STOLEN_KEY,180,67.16,61,CYCLE,122,0,2160,200,0,0.915254,0.006407,0,0,0,100,20.93,98.84,0.749744,0.919554,1,3,0,0,76,1448,0.218115,1,0.4918,2,3,0,0,V2,1,0.011642,6465.57377,2,0,2,0.988358,0,2,0,200
EDCF-Shield,v2a,FALCON1024+HMAC-SHA512+AES256GCM+DKG4of7,STOLEN_KEY,180,67.16,61,CUMULATIVE,122,400,119986,11800,164,0.909603,0.139541,0.062676,0.032787,0.70922,99.86,20.93,98.84,0.749744,0.919554,1,3,0,0,76,1448,0.218115,1,0.4918,2,3,0,0,V2,1,0.011642,6465.57377,2,0,2,0.988358,0,2,0,200
EDCF-Shield,v2a,FALCON1024+HMAC-SHA512+AES256GCM+DKG4of7,STOLEN_KEY,180,67.16,62,CYCLE,124,0,2160,200,0,0.915254,0.006305,0,0,0,100,20.93,98.84,0.749748,0.919426,1,3,0,0,76,1448,0.216783,1,0.4919,2,3,0,0,V2,1,0.011641,6475.806452,2,0,2,0.988359,0,2,0,200
EDCF-Shield,v2a,FALCON1024+HMAC-SHA512+AES256GCM+DKG4of7,STOLEN_KEY,180,67.16,62,CUMULATIVE,124,400,122146,12000,164,0.909702,0.138425,0.061709,0.032258,0.70922,99.87,20.93,98.84,0.749748,0.919426,1,3,0,0,76,1448,0.216783,1,0.4919,2,3,0,0,V2,1,0.011641,6475.806452,2,0,2,0.988359,0,2,0,200
EDCF-Shield,v2a,FALCON1024+HMAC-SHA512+AES256GCM+DKG4of7,STOLEN_KEY,180,67.16,63,CYCLE,126,0,2160,200,0,0.915254,0.006205,0,0,0,100,20.94,98.83,0.749753,0.919287,1,3,0,0,76,1448,0.215477,1,0.4921,2,3,0,0,V2,1,0.011643,6485.714286,2,0,2,0.988357,0,2,0,200
EDCF-Shield,v2a,FALCON1024+HMAC-SHA512+AES256GCM+DKG4of7,STOLEN_KEY,180,67.16,63,CUMULATIVE,126,400,124306,12200,164,0.909798,0.137335,0.060772,0.031746,0.70922,99.87,20.93,98.84,0.749753,0.919287,1,3,0,0,76,1448,0.215477,1,0.4921,2,3,0,0,V2,1,0.011643,6485.714286,2,0,2,0.988357,0,2,0,200
EDCF-Shield,v2a,FALCON1024+HMAC-SHA512+AES256GCM+DKG4of7,STOLEN_KEY,180,67.16,64,CYCLE,128,0,2160,200,0,0.915254,0.006109,0,0,0,100,20.95,98.81,0.749757,0.919141,1,3,0,0,76,1448,0.214196,1,0.4922,2,3,0,0,V2,1,0.011646,6495.3125,2,0,2,0.988354,0,2,0,200
EDCF-Shield,v2a,FALCON1024+HMAC-SHA512+AES256GCM+DKG4of7,STOLEN_KEY,180,67.16,64,CUMULATIVE,128,400,126466,12400,164,0.90989,0.136271,0.059862,0.03125,0.70922,99.87,20.93,98.84,0.749757,0.919141,1,3,0,0,76,1448,0.214196,1,0.4922,2,3,0,0,V2,1,0.011646,6495.3125,2,0,2,0.988354,0,2,0,200
EDCF-Shield,v2a,FALCON1024+HMAC-SHA512+AES256GCM+DKG4of7,STOLEN_KEY,180,67.16,65,CYCLE,130,0,2160,200,0,0.915254,0.006016,0,0,0,100,20.95,98.82,0.749761,0.919001,1,3,0,0,76,1448,0.212939,1,0.4923,2,3,0,0,V2,1,0.011649,6504.615385,2,0,2,0.988351,0,2,0,200
EDCF-Shield,v2a,FALCON1024+HMAC-SHA512+AES256GCM+DKG4of7,STOLEN_KEY,180,67.16,65,CUMULATIVE,130,400,128626,12600,164,0.90998,0.135231,0.05898,0.030769,0.70922,99.87,20.93,98.84,0.749761,0.919001,1,3,0,0,76,1448,0.212939,1,0.4923,2,3,0,0,V2,1,0.011649,6504.615385,2,0,2,0.988351,0,2,0,200
EDCF-Shield,v2a,FALCON1024+HMAC-SHA512+AES256GCM+DKG4of7,STOLEN_KEY,180,67.16,66,CYCLE,132,0,2160,200,0,0.915254,0.005925,0,0,0,100,20.95,98.81,0.749765,0.918864,1,3,0,0,76,1448,0.211706,1,0.4924,2,3,0,0,V2,1,0.011652,6513.636364,2,0,2,0.988348,0,2,0,200
EDCF-Shield,v2a,FALCON1024+HMAC-SHA512+AES256GCM+DKG4of7,STOLEN_KEY,180,67.16,66,CUMULATIVE,132,400,130786,12800,164,0.910066,0.134215,0.058123,0.030303,0.70922,99.87,20.93,98.83,0.749765,0.918864,1,3,0,0,76,1448,0.211706,1,0.4924,2,3,0,0,V2,1,0.011652,6513.636364,2,0,2,0.988348,0,2,0,200
EDCF-Shield,v2a,FALCON1024+HMAC-SHA512+AES256GCM+DKG4of7,STOLEN_KEY,180,67.16,67,CYCLE,134,0,2160,200,0,0.915254,0.005837,0,0,0,100,20.96,98.8,0.749769,0.918718,1,3,0,0,76,1448,0.210495,1,0.4925,2,3,0,0,V2,1,0.011657,6522.38806,2,0,2,0.988343,0,2,0,200
EDCF-Shield,v2a,FALCON1024+HMAC-SHA512+AES256GCM+DKG4of7,STOLEN_KEY,180,67.16,67,CUMULATIVE,134,400,132946,13000,164,0.910149,0.133221,0.05729,0.029851,0.70922,99.88,20.93,98.83,0.749769,0.918718,1,3,0,0,76,1448,0.210495,1,0.4925,2,3,0,0,V2,1,0.011657,6522.38806,2,0,2,0.988343,0,2,0,200
EDCF-Shield,v2a,FALCON1024+HMAC-SHA512+AES256GCM+DKG4of7,STOLEN_KEY,180,67.16,68,CYCLE,136,0,2160,200,0,0.915254,0.005752,0,0,0,100,20.95,98.82,0.749772,0.918593,1,3,0,0,76,1448,0.209306,1,0.4926,2,3,0,0,V2,1,0.011659,6530.882353,2,0,2,0.988341,0,2,0,200
EDCF-Shield,v2a,FALCON1024+HMAC-SHA512+AES256GCM+DKG4of7,STOLEN_KEY,180,67.16,68,CUMULATIVE,136,400,135106,13200,164,0.91023,0.132249,0.056481,0.029412,0.70922,99.88,20.93,98.83,0.749772,0.918593,1,3,0,0,76,1448,0.209306,1,0.4926,2,3,0,0,V2,1,0.011659,6530.882353,2,0,2,0.988341,0,2,0,200
EDCF-Shield,v2a,FALCON1024+HMAC-SHA512+AES256GCM+DKG4of7,STOLEN_KEY,180,67.16,69,CYCLE,138,0,2160,200,0,0.915254,0.00567,0,0,0,100,20.95,98.81,0.749776,0.918465,1,3,0,0,76,1448,0.208139,1,0.4928,2,3,0,0,V2,1,0.011662,6539.130435,2,0,2,0.988338,0,2,0,200
EDCF-Shield,v2a,FALCON1024+HMAC-SHA512+AES256GCM+DKG4of7,STOLEN_KEY,180,67.16,69,CUMULATIVE,138,400,137266,13400,164,0.910309,0.131297,0.055695,0.028986,0.70922,99.88,20.93,98.83,0.749776,0.918465,1,3,0,0,76,1448,0.208139,1,0.4928,2,3,0,0,V2,1,0.011662,6539.130435,2,0,2,0.988338,0,2,0,200
EDCF-Shield,v2a,FALCON1024+HMAC-SHA512+AES256GCM+DKG4of7,STOLEN_KEY,180,67.16,70,CYCLE,140,0,2160,200,0,0.915254,0.005589,0,0,0,100,20.95,98.81,0.74978,0.918335,1,3,0,0,76,1448,0.206992,1,0.4929,2,3,0,0,V2,1,0.011666,6547.142857,2,0,2,0.988334,0,2,0,200
EDCF-Shield,v2a,FALCON1024+HMAC-SHA512+AES256GCM+DKG4of7,STOLEN_KEY,180,67.16,70,CUMULATIVE,140,400,139426,13600,164,0.910385,0.130366,0.05493,0.028571,0.70922,99.88,20.93,98.83,0.74978,0.918335,1,3,0,0,76,1448,0.206992,1,0.4929,2,3,0,0,V2,1,0.011666,6547.142857,2,0,2,0.988334,0,2,0,200
EDCF-Shield,v2a,FALCON1024+HMAC-SHA512+AES256GCM+DKG4of7,STOLEN_KEY,180,67.16,71,CYCLE,142,0,2160,200,0,0.915254,0.005511,0,0,0,100,20.96,98.8,0.749783,0.918202,1,3,0,0,76,1448,0.205865,1,0.493,2,3,0,0,V2,1,0.011671,6554.929577,2,0,2,0.988329,0,2,0,200
EDCF-Shield,v2a,FALCON1024+HMAC-SHA512+AES256GCM+DKG4of7,STOLEN_KEY,180,67.16,71,CUMULATIVE,142,400,141586,13800,164,0.910458,0.129455,0.054186,0.028169,0.70922,99.88,20.93,98.83,0.749783,0.918202,1,3,0,0,76,1448,0.205865,1,0.493,2,3,0,0,V2,1,0.011671,6554.929577,2,0,2,0.988329,0,2,0,200
EDCF-Shield,v2a,FALCON1024+HMAC-SHA512+AES256GCM+DKG4of7,STOLEN_KEY,180,67.16,72,CYCLE,144,0,2160,200,0,0.915254,0.005435,0,0,0,100,20.95,98.81,0.749786,0.918079,1,3,0,0,76,1448,0.204758,1,0.4931,2,3,0,0,V2,1,0.011674,6562.5,2,0,2,0.988326,0,2,0,200
EDCF-Shield,v2a,FALCON1024+HMAC-SHA512+AES256GCM+DKG4of7,STOLEN_KEY,180,67.16,72,CUMULATIVE,144,400,143746,14000,164,0.91053,0.128562,0.053462,0.027778,0.70922,99.89,20.93,98.83,0.749786,0.918079,1,3,0,0,76,1448,0.204758,1,0.4931,2,3,0,0,V2,1,0.011674,6562.5,2,0,2,0.988326,0,2,0,200
EDCF-Shield,v2a,FALCON1024+HMAC-SHA512+AES256GCM+DKG4of7,STOLEN_KEY,180,67.16,73,CYCLE,146,0,2160,200,0,0.915254,0.005361,0,0,0,100,20.96,98.8,0.749789,0.917957,1,3,0,0,76,1448,0.203669,1,0.4932,2,3,0,0,V2,1,0.011678,6569.863014,2,0,2,0.988322,0,2,0,200
EDCF-Shield,v2a,FALCON1024+HMAC-SHA512+AES256GCM+DKG4of7,STOLEN_KEY,180,67.16,73,CUMULATIVE,146,400,145906,14200,164,0.910599,0.127687,0.052757,0.027397,0.70922,99.89,20.93,98.83,0.749789,0.917957,1,3,0,0,76,1448,0.203669,1,0.4932,2,3,0,0,V2,1,0.011678,6569.863014,2,0,2,0.988322,0,2,0,200
EDCF-Shield,v2a,FALCON1024+HMAC-SHA512+AES256GCM+DKG4of7,STOLEN_KEY,180,67.16,74,CYCLE,148,0,2160,200,0,0.915254,0.005289,0,0,0,100,20.96,98.81,0.749792,0.91784,1,3,0,0,76,1448,0.202599,1,0.4932,2,3,0,0,V2,1,0.011681,6577.027027,2,0,2,0.988319,0,2,0,200
EDCF-Shield,v2a,FALCON1024+HMAC-SHA512+AES256GCM+DKG4of7,STOLEN_KEY,180,67.16,74,CUMULATIVE,148,400,148066,14400,164,0.910667,0.126831,0.05207,0.027027,0.70922,99.89,20.93,98.83,0.749792,0.91784,1,3,0,0,76,1448,0.202599,1,0.4932,2,3,0,0,V2,1,0.011681,6577.027027,2,0,2,0.988319,0,2,0,200
EDCF-Shield,v2a,FALCON1024+HMAC-SHA512+AES256GCM+DKG4of7,STOLEN_KEY,180,67.16,75,CYCLE,150,0,2160,200,0,0.915254,0.005219,0,0,0,100,20.95,98.81,0.749795,0.917731,1,3,0,0,76,1448,0.201547,1,0.4933,2,3,0,0,V2,1,0.011684,6584,2,0,2,0.988316,0,2,0,200
EDCF-Shield,v2a,FALCON1024+HMAC-SHA512+AES256GCM+DKG4of7,STOLEN_KEY,180,67.16,75,CUMULATIVE,150,400,150226,14600,164,0.910732,0.125991,0.051401,0.026667,0.70922,99.89,20.93,98.83,0.749795,0.917731,1,3,0,0,76,1448,0.201547,1,0.4933,2,3,0,0,V2,1,0.011684,6584,2,0,2,0.988316,0,2,0,200
EDCF-Shield,v2a,FALCON1024+HMAC-SHA512+AES256GCM+DKG4of7,STOLEN_KEY,180,67.16,76,CYCLE,152,0,2160,200,0,0.915254,0.005151,0,0,0,100,20.95,98.81,0.749798,0.917627,1,3,0,0,76,1448,0.200512,1,0.4934,2,3,0,0,V2,1,0.011686,6590.789474,2,0,2,0.988314,0,2,0,200
EDCF-Shield,v2a,FALCON1024+HMAC-SHA512+AES256GCM+DKG4of7,STOLEN_KEY,180,67.16,76,CUMULATIVE,152,400,152386,14800,164,0.910796,0.125167,0.050749,0.026316,0.70922,99.89,20.93,98.83,0.749798,0.917627,1,3,0,0,76,1448,0.200512,1,0.4934,2,3,0,0,V2,1,0.011686,6590.789474,2,0,2,0.988314,0,2,0,200
EDCF-Shield,v2a,FALCON1024+HMAC-SHA512+AES256GCM+DKG4of7,STOLEN_KEY,180,67.16,77,CYCLE,154,0,2160,200,0,0.915254,0.005085,0,0,0,100,20.96,98.81,0.749801,0.917517,1,3,0,0,76,1448,0.199493,1,0.4935,2,3,0,0,V2,1,0.01169,6597.402597,2,0,2,0.98831,0,2,0,200
EDCF-Shield,v2a,FALCON1024+HMAC-SHA512+AES256GCM+DKG4of7,STOLEN_KEY,180,67.16,77,CUMULATIVE,154,400,154546,15000,164,0.910858,0.12436,0.050113,0.025974,0.70922,99.89,20.94,98.83,0.749801,0.917517,1,3,0,0,76,1448,0.199493,1,0.4935,2,3,0,0,V2,1,0.01169,6597.402597,2,0,2,0.98831,0,2,0,200
EDCF-Shield,v2a,FALCON1024+HMAC-SHA512+AES256GCM+DKG4of7,STOLEN_KEY,180,67.16,78,CYCLE,156,0,2160,200,0,0.915254,0.00502,0,0,0,100,20.96,98.8,0.749804,0.917402,1,3,0,0,76,1448,0.198492,1,0.4936,2,3,0,0,V2,1,0.011694,6603.846154,2,0,2,0.988306,0,2,0,200
EDCF-Shield,v2a,FALCON1024+HMAC-SHA512+AES256GCM+DKG4of7,STOLEN_KEY,180,67.16,78,CUMULATIVE,156,400,156706,15200,164,0.910918,0.123567,0.049493,0.025641,0.70922,99.9,20.94,98.83,0.749804,0.917402,1,3,0,0,76,1448,0.198492,1,0.4936,2,3,0,0,V2,1,0.011694,6603.846154,2,0,2,0.988306,0,2,0,200
EDCF-Shield,v2a,FALCON1024+HMAC-SHA512+AES256GCM+DKG4of7,STOLEN_KEY,180,67.16,79,CYCLE,158,0,2160,200,0,0.915254,0.004957,0,0,0,100,20.96,98.8,0.749806,0.917289,1,3,0,0,76,1448,0.197506,1,0.4937,2,3,0,0,V2,1,0.011698,6610.126582,2,0,2,0.988302,0,2,0,200
EDCF-Shield,v2a,FALCON1024+HMAC-SHA512+AES256GCM+DKG4of7,STOLEN_KEY,180,67.16,79,CUMULATIVE,158,400,158866,15400,164,0.910976,0.12279,0.048888,0.025316,0.70922,99.9,20.94,98.83,0.749806,0.917289,1,3,0,0,76,1448,0.197506,1,0.4937,2,3,0,0,V2,1,0.011698,6610.126582,2,0,2,0.988302,0,2,0,200
EDCF-Shield,v2a,FALCON1024+HMAC-SHA512+AES256GCM+DKG4of7,STOLEN_KEY,180,67.16,80,CYCLE,160,0,2160,200,0,0.915254,0.004896,0,0,0,100,20.97,98.79,0.749809,0.917177,1,3,0,0,76,1448,0.196536,1,0.4938,2,3,0,0,V2,1,0.011703,6616.25,2,0,2,0.988297,0,2,0,200
EDCF-Shield,v2a,FALCON1024+HMAC-SHA512+AES256GCM+DKG4of7,STOLEN_KEY,180,67.16,80,CUMULATIVE,160,400,161026,15600,164,0.911033,0.122028,0.048298,0.025,0.70922,99.9,20.94,98.83,0.749809,0.917177,1,3,0,0,76,1448,0.196536,1,0.4938,2,3,0,0,V2,1,0.011703,6616.25,2,0,2,0.988297,0,2,0,200
EDCF-Shield,v2a,FALCON1024+HMAC-SHA512+AES256GCM+DKG4of7,STOLEN_KEY,180,67.16,81,CYCLE,162,0,2160,200,0,0.915254,0.004836,0,0,0,100,20.96,98.8,0.749812,0.917071,1,3,0,0,76,1448,0.19558,1,0.4938,2,3,0,0,V2,1,0.011707,6622.222222,2,0,2,0.988293,0,2,0,200
EDCF-Shield,v2a,FALCON1024+HMAC-SHA512+AES256GCM+DKG4of7,STOLEN_KEY,180,67.16,81,CUMULATIVE,162,400,163186,15800,164,0.911089,0.121279,0.047721,0.024691,0.70922,99.9,20.94,98.83,0.749812,0.917071,1,3,0,0,76,1448,0.19558,1,0.4938,2,3,0,0,V2,1,0.011707,6622.222222,2,0,2,0.988293,0,2,0,200
EDCF-Shield,v2a,FALCON1024+HMAC-SHA512+AES256GCM+DKG4of7,STOLEN_KEY,180,67.16,82,CYCLE,164,0,2160,200,0,0.915254,0.004778,0,0,0,100,20.96,98.8,0.749814,0.916969,1,3,0,0,76,1448,0.19464,1,0.4939,2,3,0,0,V2,1,0.01171,6628.04878,2,0,2,0.98829,0,2,0,200
EDCF-Shield,v2a,FALCON1024+HMAC-SHA512+AES256GCM+DKG4of7,STOLEN_KEY,180,67.16,82,CUMULATIVE,164,400,165346,16000,164,0.911143,0.120544,0.047159,0.02439,0.70922,99.9,20.94,98.83,0.749814,0.916969,1,3,0,0,76,1448,0.19464,1,0.4939,2,3,0,0,V2,1,0.01171,6628.04878,2,0,2,0.98829,0,2,0,200
EDCF-Shield,v2a,FALCON1024+HMAC-SHA512+AES256GCM+DKG4of7,STOLEN_KEY,180,67.16,83,CYCLE,166,0,2160,200,0,0.915254,0.004721,0,0,0,100,20.96,98.8,0.749816,0.916867,1,3,0,0,76,1448,0.193714,1,0.494,2,3,0,0,V2,1,0.011714,6633.73494,2,0,2,0.988286,0,2,0,200
EDCF-Shield,v2a,FALCON1024+HMAC-SHA512+AES256GCM+DKG4of7,STOLEN_KEY,180,67.16,83,CUMULATIVE,166,400,167506,16200,164,0.911196,0.119822,0.046609,0.024096,0.70922,99.9,20.94,98.83,0.749816,0.916867,1,3,0,0,76,1448,0.193714,1,0.494,2,3,0,0,V2,1,0.011714,6633.73494,2,0,2,0.988286,0,2,0,200
EDCF-Shield,v2a,FALCON1024+HMAC-SHA512+AES256GCM+DKG4of7,STOLEN_KEY,180,67.16,84,CYCLE,168,0,2160,200,0,0.915254,0.004665,0,0,0,100,20.96,98.8,0.749819,0.916772,1,3,0,0,76,1448,0.192801,1,0.494,2,3,0,0,V2,1,0.011717,6639.285714,2,0,2,0.988283,0,2,0,200
EDCF-Shield,v2a,FALCON1024+HMAC-SHA512+AES256GCM+DKG4of7,STOLEN_KEY,180,67.16,84,CUMULATIVE,168,400,169666,16400,164,0.911247,0.119113,0.046072,0.02381,0.70922,99.9,20.94,98.83,0.749819,0.916772,1,3,0,0,76,1448,0.192801,1,0.494,2,3,0,0,V2,1,0.011717,6639.285714,2,0,2,0.988283,0,2,0,200
EDCF-Shield,v2a,FALCON1024+HMAC-SHA512+AES256GCM+DKG4of7,STOLEN_KEY,180,67.16,85,CYCLE,170,0,2160,200,0,0.915254,0.00461,0,0,0,100,20.95,98.81,0.749821,0.916688,1,3,0,0,76,1448,0.191903,1,0.4941,2,3,0,0,V2,1,0.011719,6644.705882,2,0,2,0.988281,0,2,0,200
EDCF-Shield,v2a,FALCON1024+HMAC-SHA512+AES256GCM+DKG4of7,STOLEN_KEY,180,67.16,85,CUMULATIVE,170,400,171826,16600,164,0.911297,0.118416,0.045548,0.023529,0.70922,99.9,20.94,98.83,0.749821,0.916688,1,3,0,0,76,1448,0.191903,1,0.4941,2,3,0,0,V2,1,0.011719,6644.705882,2,0,2,0.988281,0,2,0,200
EDCF-Shield,v2a,FALCON1024+HMAC-SHA512+AES256GCM+DKG4of7,STOLEN_KEY,180,67.16,86,CYCLE,172,0,2160,200,0,0.915254,0.004557,0,0,0,100,20.94,98.82,0.749823,0.916614,1,3,0,0,76,1448,0.191017,1,0.4942,2,3,0,0,V2,1,0.01172,6650,2,0,2,0.98828,0,2,0,200
EDCF-Shield,v2a,FALCON1024+HMAC-SHA512+AES256GCM+DKG4of7,STOLEN_KEY,180,67.16,86,CUMULATIVE,172,400,173986,16800,164,0.911346,0.117731,0.045035,0.023256,0.70922,99.91,20.94,98.83,0.749823,0.916614,1,3,0,0,76,1448,0.191017,1,0.4942,2,3,0,0,V2,1,0.01172,6650,2,0,2,0.98828,0,2,0,200
EDCF-Shield,v2a,FALCON1024+HMAC-SHA512+AES256GCM+DKG4of7,STOLEN_KEY,180,67.16,87,CYCLE,174,0,2160,200,0,0.915254,0.004505,0,0,0,100,20.92,98.84,0.749825,0.916561,1,3,0,0,76,1448,0.190145,1,0.4943,2,3,0,0,V2,1,0.011718,6655.172414,2,0,2,0.988282,0,2,0,200
EDCF-Shield,v2a,FALCON1024+HMAC-SHA512+AES256GCM+DKG4of7,STOLEN_KEY,180,67.16,87,CUMULATIVE,174,400,176146,17000,164,0.911393,0.117059,0.044534,0.022989,0.70922,99.91,20.94,98.83,0.749825,0.916561,1,3,0,0,76,1448,0.190145,1,0.4943,2,3,0,0,V2,1,0.011718,6655.172414,2,0,2,0.988282,0,2,0,200
EDCF-Shield,v2a,FALCON1024+HMAC-SHA512+AES256GCM+DKG4of7,STOLEN_KEY,180,67.16,88,CYCLE,176,0,2160,200,0,0.915254,0.004455,0,0,0,100,20.92,98.85,0.749828,0.916513,1,3,0,0,76,1448,0.189285,1,0.4943,2,3,0,0,V2,1,0.011716,6660.227273,2,0,2,0.988284,0,2,0,200
EDCF-Shield,v2a,FALCON1024+HMAC-SHA512+AES256GCM+DKG4of7,STOLEN_KEY,180,67.16,88,CUMULATIVE,176,400,178306,17200,164,0.91144,0.116397,0.044043,0.022727,0.70922,99.91,20.94,98.83,0.749828,0.916513,1,3,0,0,76,1448,0.189285,1,0.4943,2,3,0,0,V2,1,0.011716,6660.227273,2,0,2,0.988284,0,2,0,200
EDCF-Shield,v2a,FALCON1024+HMAC-SHA512+AES256GCM+DKG4of7,STOLEN_KEY,180,67.16,89,CYCLE,178,0,2160,200,0,0.915254,0.004405,0,0,0,100,20.94,98.82,0.74983,0.916445,1,3,0,0,76,1448,0.188437,1,0.4944,2,3,0,0,V2,1,0.011717,6665.168539,2,0,2,0.988283,0,2,0,200
EDCF-Shield,v2a,FALCON1024+HMAC-SHA512+AES256GCM+DKG4of7,STOLEN_KEY,180,67.16,89,CUMULATIVE,178,400,180466,17400,164,0.911485,0.115747,0.043563,0.022472,0.70922,99.91,20.94,98.83,0.74983,0.916445,1,3,0,0,76,1448,0.188437,1,0.4944,2,3,0,0,V2,1,0.011717,6665.168539,2,0,2,0.988283,0,2,0,200
EDCF-Shield,v2a,FALCON1024+HMAC-SHA512+AES256GCM+DKG4of7,STOLEN_KEY,180,67.16,90,CYCLE,179.5,0,1620,120,0,0.931034,0.004357,0,0,0,100,20.77,99.04,0.749831,0.916384,1,3,0,0,76,1448,0.187602,1,0.4958,2,3,0,0,V2,1,0.011699,6668.802228,2,0,2,0.988301,0,2,0,200
EDCF-Shield,v2a,FALCON1024+HMAC-SHA512+AES256GCM+DKG4of7,STOLEN_KEY,180,67.16,90,CUMULATIVE,179.5,400,182086,17520,164,0.911655,0.115379,0.043281,0.022321,0.70922,99.91,20.94,98.83,0.749831,0.916384,1,3,0,0,76,1448,0.187602,1,0.4958,2,3,0,0,V2,1,0.011699,6668.802228,2,0,2,0.988301,0,2,0,200
EDCF-Shield,v2b,FALCON1024+HMAC-SHA512+AES256GCM+DKG4of7,COMPROMISED_CTRL,0,0,1,CYCLE,2,2000,0,0,0,1,0.5,1,1,1,0,100,0,0,0,1,0,0,0,76,1448,0,1,0,0,0,0,0,benign,0,1,-100,1,0,0,0,0,0,0,200
EDCF-Shield,v2b,FALCON1024+HMAC-SHA512+AES256GCM+DKG4of7,COMPROMISED_CTRL,0,0,1,CUMULATIVE,2,2000,0,0,0,1,0.5,1,1,1,0,100,0,0,0,1,0,0,0,76,1448,0,1,0,0,0,0,0,benign,0,1,-100,1,0,0,0,0,0,0,200
EDCF-Shield,v2b,FALCON1024+HMAC-SHA512+AES256GCM+DKG4of7,COMPROMISED_CTRL,0,0,2,CYCLE,4,2000,0,0,6,0.997009,0.250144,0.998502,1,0.997009,0,99.92,0.1,0,0,1,0,0,0,76,1448,0.5,1,0.25,2,0,0,0,benign,0,0.9995,-90,2,0,2,0.0005,0,0,0,200
EDCF-Shield,v2b,FALCON1024+HMAC-SHA512+AES256GCM+DKG4of7,COMPROMISED_CTRL,0,0,2,CUMULATIVE,4,4000,0,0,6,0.998502,0.000288,0.999251,1,0.998502,0,99.96,0.05,0,0,1,0,0,0,76,1448,0.5,1,0.25,2,0,0,0,benign,0,0.9995,-90,2,0,2,0.0005,0,0,0,200
EDCF-Shield,v2b,FALCON1024+HMAC-SHA512+AES256GCM+DKG4of7,COMPROMISED_CTRL,0,0,3,CYCLE,6,0,10,2000,2,0.00497,0.031019,0,0,0,83.33,99.84,0.2,0.625,0,1,3,0,0,76,1448,0.250144,1,0.3333,2,3,0,0,benign,1,0.999001,-80,2,0,2,0.000999,0,2,0,200
EDCF-Shield,v2b,FALCON1024+HMAC-SHA512+AES256GCM+DKG4of7,COMPROMISED_CTRL,0,0,3,CUMULATIVE,6,4000,10,2000,8,0.666334,0.02573,0.799361,0.666667,0.998004,55.56,99.92,0.1,0.625,0,1,3,0,0,76,1448,0.250144,1,0.3333,2,3,0,0,benign,1,0.999001,-80,2,0,2,0.000999,0,2,0,200
EDCF-Shield,v2b,FALCON1024+HMAC-SHA512+AES256GCM+DKG4of7,COMPROMISED_CTRL,0,0,4,CYCLE,8,0,12,2000,0,0.005964,0.023213,0,0,0,100,99.84,0.2,0.6875,0,1,3,0,0,76,1448,0.175339,1,0.375,2,3,0,0,benign,1,0.998752,-75,2,0,2,0.001248,0,2,0,200
EDCF-Shield,v2b,FALCON1024+HMAC-SHA512+AES256GCM+DKG4of7,COMPROMISED_CTRL,0,0,4,CUMULATIVE,8,4000,22,4000,8,0.500872,0.028471,0.666223,0.5,0.998004,73.33,99.9,0.12,0.6875,0,1,3,0,0,76,1448,0.175339,1,0.375,2,3,0,0,benign,1,0.998752,-75,2,0,2,0.001248,0,2,0,200
EDCF-Shield,v2b,FALCON1024+HMAC-SHA512+AES256GCM+DKG4of7,COMPROMISED_CTRL,0,0,5,CYCLE,10,0,12,2000,0,0.005964,0.01853,0,0,0,100,99.84,0.2,0.708333,0,1,3,0,0,76,1448,0.138622,1,0.4,2,3,0,0,benign,1,0.998602,-72,2,0,2,0.001398,0,2,0,200
EDCF-Shield,v2b,FALCON1024+HMAC-SHA512+AES256GCM+DKG4of7,COMPROMISED_CTRL,0,0,5,CUMULATIVE,10,4000,34,6000,8,0.401713,0.027612,0.571102,0.4,0.998004,80.95,99.89,0.14,0.708333,0,1,3,0,0,76,1448,0.138622,1,0.4,2,3,0,0,benign,1,0.998602,-72,2,0,2,0.001398,0,2,0,200
EDCF-Shield,v2b,FALCON1024+HMAC-SHA512+AES256GCM+DKG4of7,COMPROMISED_CTRL,0,0,6,CYCLE,12,0,12,2000,0,0.005964,0.015408,0,0,0,100,99.84,0.2,0.71875,0,1,3,0,0,76,1448,0.11642,1,0.4167,2,3,0,0,benign,1,0.998502,-70,2,0,2,0.001498,0,2,0,200
EDCF-Shield,v2b,FALCON1024+HMAC-SHA512+AES256GCM+DKG4of7,COMPROMISED_CTRL,0,0,6,CUMULATIVE,12,4000,46,8000,8,0.335656,0.026251,0.49975,0.333333,0.998004,85.19,99.88,0.15,0.71875,0,1,3,0,0,76,1448,0.11642,1,0.4167,2,3,0,0,benign,1,0.998502,-70,2,0,2,0.001498,0,2,0,200
EDCF-Shield,v2b,FALCON1024+HMAC-SHA512+AES256GCM+DKG4of7,COMPROMISED_CTRL,0,0,7,CYCLE,14,0,12,2000,0,0.005964,0.013178,0,0,0,100,99.84,0.2,0.725,0,1,3,0,0,76,1448,0.101392,1,0.4286,2,3,0,0,benign,1,0.998431,-68.571429,2,0,2,0.001569,0,2,0,200
EDCF-Shield,v2b,FALCON1024+HMAC-SHA512+AES256GCM+DKG4of7,COMPROMISED_CTRL,0,0,7,CUMULATIVE,14,4000,58,10000,8,0.288497,0.024905,0.444247,0.285714,0.998004,87.88,99.87,0.16,0.725,0,1,3,0,0,76,1448,0.101392,1,0.4286,2,3,0,0,benign,1,0.998431,-68.571429,2,0,2,0.001569,0,2,0,200
EDCF-Shield,v2b,FALCON1024+HMAC-SHA512+AES256GCM+DKG4of7,COMPROMISED_CTRL,0,0,8,CYCLE,16,0,12,2000,0,0.005964,0.011506,0,0,0,100,99.84,0.2,0.729167,0,1,3,0,0,76,1448,0.090465,1,0.4375,2,3,0,0,benign,1,0.998378,-67.5,2,0,2,0.001622,0,2,0,200
EDCF-Shield,v2b,FALCON1024+HMAC-SHA512+AES256GCM+DKG4of7,COMPROMISED_CTRL,0,0,8,CUMULATIVE,16,4000,70,12000,8,0.253141,0.023681,0.39984,0.25,0.998004,89.74,99.87,0.16,0.729167,0,1,3,0,0,76,1448,0.090465,1,0.4375,2,3,0,0,benign,1,0.998378,-67.5,2,0,2,0.001622,0,2,0,200
EDCF-Shield,v2b,FALCON1024+HMAC-SHA512+AES256GCM+DKG4of7,COMPROMISED_CTRL,0,0,9,CYCLE,18,0,12,2000,0,0.005964,0.010205,0,0,0,100,99.84,0.2,0.732143,0,1,3,0,0,76,1448,0.082117,1,0.4444,2,3,0,0,benign,1,0.998336,-66.666667,2,0,2,0.001664,0,2,0,200
EDCF-Shield,v2b,FALCON1024+HMAC-SHA512+AES256GCM+DKG4of7,COMPROMISED_CTRL,0,0,9,CUMULATIVE,18,4000,82,14000,8,0.22565,0.022589,0.363504,0.222222,0.998004,91.11,99.87,0.17,0.732143,0,1,3,0,0,76,1448,0.082117,1,0.4444,2,3,0,0,benign,1,0.998336,-66.666667,2,0,2,0.001664,0,2,0,200
EDCF-Shield,v2b,FALCON1024+HMAC-SHA512+AES256GCM+DKG4of7,COMPROMISED_CTRL,0,0,10,CYCLE,20,0,12,2000,0,0.005964,0.009164,0,0,0,100,99.84,0.2,0.734375,0,1,3,0,0,76,1448,0.075503,1,0.45,2,3,0,0,benign,1,0.998303,-66,2,0,2,0.001697,0,2,0,200
EDCF-Shield,v2b,FALCON1024+HMAC-SHA512+AES256GCM+DKG4of7,COMPROMISED_CTRL,0,0,10,CUMULATIVE,20,4000,94,16000,8,0.203661,0.021619,0.333222,0.2,0.998004,92.16,99.86,0.17,0.734375,0,1,3,0,0,76,1448,0.075503,1,0.45,2,3,0,0,benign,1,0.998303,-66,2,0,2,0.001697,0,2,0,200
EDCF-Shield,v2b,FALCON1024+HMAC-SHA512+AES256GCM+DKG4of7,COMPROMISED_CTRL,0,0,11,CYCLE,22,0,12,2000,0,0.005964,0.008313,0,0,0,100,99.84,0.2,0.736111,0,1,3,0,0,76,1448,0.070114,1,0.4545,2,3,0,0,benign,1,0.998276,-65.454545,2,0,2,0.001724,0,2,0,200
EDCF-Shield,v2b,FALCON1024+HMAC-SHA512+AES256GCM+DKG4of7,COMPROMISED_CTRL,0,0,11,CUMULATIVE,22,4000,106,18000,8,0.185674,0.020755,0.307598,0.181818,0.998004,92.98,99.86,0.17,0.736111,0,1,3,0,0,76,1448,0.070114,1,0.4545,2,3,0,0,benign,1,0.998276,-65.454545,2,0,2,0.001724,0,2,0,200
EDCF-Shield,v2b,FALCON1024+HMAC-SHA512+AES256GCM+DKG4of7,COMPROMISED_CTRL,0,0,12,CYCLE,24,0,12,2000,0,0.005964,0.007603,0,0,0,100,99.84,0.2,0.7375,0,1,3,0,0,76,1448,0.065627,1,0.4583,2,3,0,0,benign,1,0.998253,-65,2,0,2,0.001747,0,2,0,200
EDCF-Shield,v2b,FALCON1024+HMAC-SHA512+AES256GCM+DKG4of7,COMPROMISED_CTRL,0,0,12,CUMULATIVE,24,4000,118,20000,8,0.170687,0.019981,0.285633,0.166667,0.998004,93.65,99.86,0.17,0.7375,0,1,3,0,0,76,1448,0.065627,1,0.4583,2,3,0,0,benign,1,0.998253,-65,2,0,2,0.001747,0,2,0,200
EDCF-Shield,v2b,FALCON1024+HMAC-SHA512+AES256GCM+DKG4of7,COMPROMISED_CTRL,0,0,13,CYCLE,26,0,12,2000,0,0.005964,0.007003,0,0,0,100,99.84,0.2,0.738636,0,1,3,0,0,76,1448,0.061823,1,0.4615,2,3,0,0,benign,1,0.998234,-64.615385,2,0,2,0.001766,0,2,0,200
EDCF-Shield,v2b,FALCON1024+HMAC-SHA512+AES256GCM+DKG4of7,COMPROMISED_CTRL,0,0,13,CUMULATIVE,26,4000,130,22000,8,0.158007,0.019283,0.266596,0.153846,0.998004,94.2,99.86,0.18,0.738636,0,1,3,0,0,76,1448,0.061823,1,0.4615,2,3,0,0,benign,1,0.998234,-64.615385,2,0,2,0.001766,0,2,0,200
EDCF-Shield,v2b,FALCON1024+HMAC-SHA512+AES256GCM+DKG4of7,COMPROMISED_CTRL,0,0,14,CYCLE,28,0,12,2000,0,0.005964,0.006488,0,0,0,100,99.84,0.2,0.739583,0,1,3,0,0,76,1448,0.058551,1,0.4643,2,3,0,0,benign,1,0.998217,-64.285714,2,0,2,0.001783,0,2,0,200
EDCF-Shield,v2b,FALCON1024+HMAC-SHA512+AES256GCM+DKG4of7,COMPROMISED_CTRL,0,0,14,CUMULATIVE,28,4000,142,24000,8,0.14714,0.018651,0.249938,0.142857,0.998004,94.67,99.86,0.18,0.739583,0,1,3,0,0,76,1448,0.058551,1,0.4643,2,3,0,0,benign,1,0.998217,-64.285714,2,0,2,0.001783,0,2,0,200
EDCF-Shield,v2b,FALCON1024+HMAC-SHA512+AES256GCM+DKG4of7,COMPROMISED_CTRL,0,0,15,CYCLE,30,0,12,2000,0,0.005964,0.006042,0,0,0,100,99.84,0.2,0.740385,0,1,3,0,0,76,1448,0.055701,1,0.4667,2,3,0,0,benign,1,0.998203,-64,2,0,2,0.001797,0,2,0,200
EDCF-Shield,v2b,FALCON1024+HMAC-SHA512+AES256GCM+DKG4of7,COMPROMISED_CTRL,0,0,15,CUMULATIVE,30,4000,154,26000,8,0.137723,0.018076,0.235239,0.133333,0.998004,95.06,99.86,0.18,0.740385,0,1,3,0,0,76,1448,0.055701,1,0.4667,2,3,0,0,benign,1,0.998203,-64,2,0,2,0.001797,0,2,0,200
EDCF-Shield,v2b,FALCON1024+HMAC-SHA512+AES256GCM+DKG4of7,COMPROMISED_CTRL,0,0,16,CYCLE,32,0,12,2000,0,0.005964,0.005652,0,0,0,100,99.84,0.2,0.741071,0,1,3,0,0,76,1448,0.053193,1,0.4688,2,3,0,0,benign,1,0.998191,-63.75,2,0,2,0.001809,0,2,0,200
EDCF-Shield,v2b,FALCON1024+HMAC-SHA512+AES256GCM+DKG4of7,COMPROMISED_CTRL,0,0,16,CUMULATIVE,32,4000,166,28000,8,0.129483,0.01755,0.222173,0.125,0.998004,95.4,99.86,0.18,0.741071,0,1,3,0,0,76,1448,0.053193,1,0.4688,2,3,0,0,benign,1,0.998191,-63.75,2,0,2,0.001809,0,2,0,200
EDCF-Shield,v2b,FALCON1024+HMAC-SHA512+AES256GCM+DKG4of7,COMPROMISED_CTRL,0,0,17,CYCLE,34,0,12,2000,0,0.005964,0.005307,0,0,0,100,99.84,0.2,0.741667,0,1,3,0,0,76,1448,0.050965,1,0.4706,2,3,0,0,benign,1,0.99818,-63.529412,2,0,2,0.00182,0,2,0,200
EDCF-Shield,v2b,FALCON1024+HMAC-SHA512+AES256GCM+DKG4of7,COMPROMISED_CTRL,0,0,17,CUMULATIVE,34,4000,178,30000,8,0.122214,0.017066,0.210482,0.117647,0.998004,95.7,99.85,0.18,0.741667,0,1,3,0,0,76,1448,0.050965,1,0.4706,2,3,0,0,benign,1,0.99818,-63.529412,2,0,2,0.00182,0,2,0,200
EDCF-Shield,v2b,FALCON1024+HMAC-SHA512+AES256GCM+DKG4of7,COMPROMISED_CTRL,0,0,18,CYCLE,36,0,12,2000,0,0.005964,0.005001,0,0,0,100,99.84,0.2,0.742188,0,1,3,0,0,76,1448,0.048971,1,0.4722,2,3,0,0,benign,1,0.99817,-63.333333,2,0,2,0.00183,0,2,0,200
EDCF-Shield,v2b,FALCON1024+HMAC-SHA512+AES256GCM+DKG4of7,COMPROMISED_CTRL,0,0,18,CUMULATIVE,36,4000,190,32000,8,0.115752,0.01662,0.19996,0.111111,0.998004,95.96,99.85,0.18,0.742188,0,1,3,0,0,76,1448,0.048971,1,0.4722,2,3,0,0,benign,1,0.99817,-63.333333,2,0,2,0.00183,0,2,0,200
EDCF-Shield,v2b,FALCON1024+HMAC-SHA512+AES256GCM+DKG4of7,COMPROMISED_CTRL,0,0,19,CYCLE,38,0,12,2000,0,0.005964,0.004727,0,0,0,100,99.84,0.2,0.742647,0,1,3,0,0,76,1448,0.047174,1,0.4737,2,3,0,0,benign,1,0.998161,-63.157895,2,0,2,0.001839,0,2,0,200
EDCF-Shield,v2b,FALCON1024+HMAC-SHA512+AES256GCM+DKG4of7,COMPROMISED_CTRL,0,0,19,CUMULATIVE,38,4000,202,34000,8,0.109971,0.016206,0.19044,0.105263,0.998004,96.19,99.85,0.18,0.742647,0,1,3,0,0,76,1448,0.047174,1,0.4737,2,3,0,0,benign,1,0.998161,-63.157895,2,0,2,0.001839,0,2,0,200
EDCF-Shield,v2b,FALCON1024+HMAC-SHA512+AES256GCM+DKG4of7,COMPROMISED_CTRL,0,0,20,CYCLE,40,0,12,2000,0,0.005964,0.004481,0,0,0,100,99.84,0.2,0.743056,0,1,3,0,0,76,1448,0.045544,1,0.475,2,3,0,0,benign,1,0.998153,-63,2,0,2,0.001847,0,2,0,200
EDCF-Shield,v2b,FALCON1024+HMAC-SHA512+AES256GCM+DKG4of7,COMPROMISED_CTRL,0,0,20,CUMULATIVE,40,4000,214,36000,8,0.104769,0.015821,0.181785,0.1,0.998004,96.4,99.85,0.18,0.743056,0,1,3,0,0,76,1448,0.045544,1,0.475,2,3,0,0,benign,1,0.998153,-63,2,0,2,0.001847,0,2,0,200
EDCF-Shield,v2b,FALCON1024+HMAC-SHA512+AES256GCM+DKG4of7,COMPROMISED_CTRL,0,0,21,CYCLE,42,0,12,2000,0,0.005964,0.004258,0,0,0,100,99.84,0.2,0.743421,0,1,3,0,0,76,1448,0.044058,1,0.4762,2,3,0,0,benign,1,0.998146,-62.857143,2,0,2,0.001854,0,2,0,200
EDCF-Shield,v2b,FALCON1024+HMAC-SHA512+AES256GCM+DKG4of7,COMPROMISED_CTRL,0,0,21,CUMULATIVE,42,4000,226,38000,8,0.100062,0.015462,0.173883,0.095238,0.998004,96.58,99.85,0.19,0.743421,0,1,3,0,0,76,1448,0.044058,1,0.4762,2,3,0,0,benign,1,0.998146,-62.857143,2,0,2,0.001854,0,2,0,200
EDCF-Shield,v2b,FALCON1024+HMAC-SHA512+AES256GCM+DKG4of7,COMPROMISED_CTRL,0,0,22,CYCLE,44,0,12,2000,0,0.005964,0.004055,0,0,0,100,99.84,0.2,0.74375,0,1,3,0,0,76,1448,0.042696,1,0.4773,2,3,0,0,benign,1,0.99814,-62.727273,2,0,2,0.00186,0,2,0,200
EDCF-Shield,v2b,FALCON1024+HMAC-SHA512+AES256GCM+DKG4of7,COMPROMISED_CTRL,0,0,22,CUMULATIVE,44,4000,238,40000,8,0.095783,0.015127,0.166639,0.090909,0.998004,96.75,99.85,0.19,0.74375,0,1,3,0,0,76,1448,0.042696,1,0.4773,2,3,0,0,benign,1,0.99814,-62.727273,2,0,2,0.00186,0,2,0,200
EDCF-Shield,v2b,FALCON1024+HMAC-SHA512+AES256GCM+DKG4of7,COMPROMISED_CTRL,0,0,23,CYCLE,46,0,12,2000,0,0.005964,0.00387,0,0,0,100,99.84,0.2,0.744048,0,1,3,0,0,76,1448,0.041443,1,0.4783,2,3,0,0,benign,1,0.998134,-62.608696,2,0,2,0.001866,0,2,0,200
EDCF-Shield,v2b,FALCON1024+HMAC-SHA512+AES256GCM+DKG4of7,COMPROMISED_CTRL,0,0,23,CUMULATIVE,46,4000,250,42000,8,0.091876,0.014812,0.159974,0.086957,0.998004,96.9,99.85,0.19,0.744048,0,1,3,0,0,76,1448,0.041443,1,0.4783,2,3,0,0,benign,1,0.998134,-62.608696,2,0,2,0.001866,0,2,0,200
EDCF-Shield,v2b,FALCON1024+HMAC-SHA512+AES256GCM+DKG4of7,COMPROMISED_CTRL,0,0,24,CYCLE,48,0,12,2000,0,0.005964,0.0037,0,0,0,100,99.84,0.2,0.744318,0,1,3,0,0,76,1448,0.040285,1,0.4792,2,3,0,0,benign,1,0.998129,-62.5,2,0,2,0.001871,0,2,0,200
EDCF-Shield,v2b,FALCON1024+HMAC-SHA512+AES256GCM+DKG4of7,COMPROMISED_CTRL,0,0,24,CUMULATIVE,48,4000,262,44000,8,0.088295,0.014515,0.153822,0.083333,0.998004,97.04,99.85,0.19,0.744318,0,1,3,0,0,76,1448,0.040285,1,0.4792,2,3,0,0,benign,1,0.998129,-62.5,2,0,2,0.001871,0,2,0,200
EDCF-Shield,v2b,FALCON1024+HMAC-SHA512+AES256GCM+DKG4of7,COMPROMISED_CTRL,0,0,25,CYCLE,50,0,12,2000,0,0.005964,0.003544,0,0,0,100,99.84,0.2,0.744565,0,1,3,0,0,76,1448,0.039211,1,0.48,2,3,0,0,benign,1,0.998124,-62.4,2,0,2,0.001876,0,2,0,200
EDCF-Shield,v2b,FALCON1024+HMAC-SHA512+AES256GCM+DKG4of7,COMPROMISED_CTRL,0,0,25,CUMULATIVE,50,4000,274,46000,8,0.085001,0.014236,0.148126,0.08,0.998004,97.16,99.85,0.19,0.744565,0,1,3,0,0,76,1448,0.039211,1,0.48,2,3,0,0,benign,1,0.998124,-62.4,2,0,2,0.001876,0,2,0,200
EDCF-Shield,v2b,FALCON1024+HMAC-SHA512+AES256GCM+DKG4of7,COMPROMISED_CTRL,0,0,26,CYCLE,52,0,12,2000,0,0.005964,0.0034,0,0,0,100,99.84,0.2,0.744792,0,1,3,0,0,76,1448,0.038212,1,0.4808,2,3,0,0,benign,1,0.998119,-62.307692,2,0,2,0.001881,0,2,0,200
EDCF-Shield,v2b,FALCON1024+HMAC-SHA512+AES256GCM+DKG4of7,COMPROMISED_CTRL,0,0,26,CUMULATIVE,52,4000,286,48000,8,0.08196,0.013972,0.142837,0.076923,0.998004,97.28,99.85,0.19,0.744792,0,1,3,0,0,76,1448,0.038212,1,0.4808,2,3,0,0,benign,1,0.998119,-62.307692,2,0,2,0.001881,0,2,0,200
EDCF-Shield,v2b,FALCON1024+HMAC-SHA512+AES256GCM+DKG4of7,COMPROMISED_CTRL,0,0,27,CYCLE,54,0,12,2000,0,0.005964,0.003267,0,0,0,100,99.84,0.2,0.745,0,1,3,0,0,76,1448,0.03728,1,0.4815,2,3,0,0,benign,1,0.998115,-62.222222,2,0,2,0.001885,0,2,0,200
EDCF-Shield,v2b,FALCON1024+HMAC-SHA512+AES256GCM+DKG4of7,COMPROMISED_CTRL,0,0,27,CUMULATIVE,54,4000,298,50000,8,0.079144,0.013722,0.137912,0.074074,0.998004,97.39,99.85,0.19,0.745,0,1,3,0,0,76,1448,0.03728,1,0.4815,2,3,0,0,benign,1,0.998115,-62.222222,2,0,2,0.001885,0,2,0,200
EDCF-Shield,v2b,FALCON1024+HMAC-SHA512+AES256GCM+DKG4of7,COMPROMISED_CTRL,0,0,28,CYCLE,56,0,12,2000,0,0.005964,0.003143,0,0,0,100,99.84,0.2,0.745192,0,1,3,0,0,76,1448,0.036407,1,0.4821,2,3,0,0,benign,1,0.998111,-62.142857,2,0,2,0.001889,0,2,0,200
EDCF-Shield,v2b,FALCON1024+HMAC-SHA512+AES256GCM+DKG4of7,COMPROMISED_CTRL,0,0,28,CUMULATIVE,56,4000,310,52000,8,0.07653,0.013485,0.133316,0.071429,0.998004,97.48,99.85,0.19,0.745192,0,1,3,0,0,76,1448,0.036407,1,0.4821,2,3,0,0,benign,1,0.998111,-62.142857,2,0,2,0.001889,0,2,0,200
EDCF-Shield,v2b,FALCON1024+HMAC-SHA512+AES256GCM+DKG4of7,COMPROMISED_CTRL,0,0,29,CYCLE,58,0,12,2000,0,0.005964,0.003027,0,0,0,100,99.84,0.2,0.74537,0,1,3,0,0,76,1448,0.035589,1,0.4828,2,3,0,0,benign,1,0.998107,-62.068966,2,0,2,0.001893,0,2,0,200
EDCF-Shield,v2b,FALCON1024+HMAC-SHA512+AES256GCM+DKG4of7,COMPROMISED_CTRL,0,0,29,CUMULATIVE,58,4000,322,54000,8,0.074096,0.01326,0.129016,0.068966,0.998004,97.58,99.85,0.19,0.74537,0,1,3,0,0,76,1448,0.035589,1,0.4828,2,3,0,0,benign,1,0.998107,-62.068966,2,0,2,0.001893,0,2,0,200
EDCF-Shield,v2b,FALCON1024+HMAC-SHA512+AES256GCM+DKG4of7,COMPROMISED_CTRL,0,0,30,CYCLE,60,0,12,2000,0,0.005964,0.00292,0,0,0,100,99.84,0.2,0.745536,0,1,3,0,0,76,1448,0.034819,1,0.4833,2,3,0,0,benign,1,0.998104,-62,2,0,2,0.001896,0,2,0,200
EDCF-Shield,v2b,FALCON1024+HMAC-SHA512+AES256GCM+DKG4of7,COMPROMISED_CTRL,0,0,30,CUMULATIVE,60,4000,334,56000,8,0.071824,0.013046,0.124984,0.066667,0.998004,97.66,99.85,0.19,0.745536,0,1,3,0,0,76,1448,0.034819,1,0.4833,2,3,0,0,benign,1,0.998104,-62,2,0,2,0.001896,0,2,0,200
EDCF-Shield,v2b,FALCON1024+HMAC-SHA512+AES256GCM+DKG4of7,COMPROMISED_CTRL,0,0,31,CYCLE,62,0,12,2000,0,0.005964,0.002819,0,0,0,100,99.84,0.2,0.74569,0,1,3,0,0,76,1448,0.034093,1,0.4839,2,3,0,0,benign,1,0.9981,-61.935484,2,0,2,0.0019,0,2,0,200
EDCF-Shield,v2b,FALCON1024+HMAC-SHA512+AES256GCM+DKG4of7,COMPROMISED_CTRL,0,0,31,CUMULATIVE,62,4000,346,58000,8,0.069699,0.012842,0.121197,0.064516,0.998004,97.74,99.85,0.19,0.74569,0,1,3,0,0,76,1448,0.034093,1,0.4839,2,3,0,0,benign,1,0.9981,-61.935484,2,0,2,0.0019,0,2,0,200
EDCF-Shield,v2b,FALCON1024+HMAC-SHA512+AES256GCM+DKG4of7,COMPROMISED_CTRL,0,0,32,CYCLE,64,0,12,2000,0,0.005964,0.002725,0,0,0,100,99.84,0.2,0.745833,0,1,3,0,0,76,1448,0.033408,1,0.4844,2,3,0,0,benign,1,0.998097,-61.875,2,0,2,0.001903,0,2,0,200
EDCF-Shield,v2b,FALCON1024+HMAC-SHA512+AES256GCM+DKG4of7,COMPROMISED_CTRL,0,0,32,CUMULATIVE,64,4000,358,60000,8,0.067707,0.012647,0.117633,0.0625,0.998004,97.81,99.85,0.19,0.745833,0,1,3,0,0,76,1448,0.033408,1,0.4844,2,3,0,0,benign,1,0.998097,-61.875,2,0,2,0.001903,0,2,0,200
EDCF-Shield,v2b,FALCON1024+HMAC-SHA512+AES256GCM+DKG4of7,COMPROMISED_CTRL,0,0,33,CYCLE,66,0,12,2000,0,0.005964,0.002636,0,0,0,100,99.84,0.2,0.745968,0,1,3,0,0,76,1448,0.032759,1,0.4848,2,3,0,0,benign,1,0.998095,-61.818182,2,0,2,0.001905,0,2,0,200
EDCF-Shield,v2b,FALCON1024+HMAC-SHA512+AES256GCM+DKG4of7,COMPROMISED_CTRL,0,0,33,CUMULATIVE,66,4000,370,62000,8,0.065835,0.01246,0.114273,0.060606,0.998004,97.88,99.85,0.19,0.745968,0,1,3,0,0,76,1448,0.032759,1,0.4848,2,3,0,0,benign,1,0.998095,-61.818182,2,0,2,0.001905,0,2,0,200
EDCF-Shield,v2b,FALCON1024+HMAC-SHA512+AES256GCM+DKG4of7,COMPROMISED_CTRL,0,0,34,CYCLE,68,0,12,2000,0,0.005964,0.002552,0,0,0,100,99.84,0.2,0.746094,0,1,3,0,0,76,1448,0.032144,1,0.4853,2,3,0,0,benign,1,0.998092,-61.764706,2,0,2,0.001908,0,2,0,200
EDCF-Shield,v2b,FALCON1024+HMAC-SHA512+AES256GCM+DKG4of7,COMPROMISED_CTRL,0,0,34,CUMULATIVE,68,4000,382,64000,8,0.064074,0.012282,0.111099,0.058824,0.998004,97.95,99.85,0.19,0.746094,0,1,3,0,0,76,1448,0.032144,1,0.4853,2,3,0,0,benign,1,0.998092,-61.764706,2,0,2,0.001908,0,2,0,200
EDCF-Shield,v2b,FALCON1024+HMAC-SHA512+AES256GCM+DKG4of7,COMPROMISED_CTRL,0,0,35,CYCLE,70,0,12,2000,0,0.005964,0.002474,0,0,0,100,99.84,0.2,0.746212,0,1,3,0,0,76,1448,0.031559,1,0.4857,2,3,0,0,benign,1,0.998089,-61.714286,2,0,2,0.001911,0,2,0,200
EDCF-Shield,v2b,FALCON1024+HMAC-SHA512+AES256GCM+DKG4of7,COMPROMISED_CTRL,0,0,35,CUMULATIVE,70,4000,394,66000,8,0.062413,0.012111,0.108096,0.057143,0.998004,98.01,99.85,0.19,0.746212,0,1,3,0,0,76,1448,0.031559,1,0.4857,2,3,0,0,benign,1,0.998089,-61.714286,2,0,2,0.001911,0,2,0,200
EDCF-Shield,v2b,FALCON1024+HMAC-SHA512+AES256GCM+DKG4of7,COMPROMISED_CTRL,0,0,36,CYCLE,72,0,12,2000,0,0.005964,0.002399,0,0,0,100,99.84,0.2,0.746324,0,1,3,0,0,76,1448,0.031004,1,0.4861,2,3,0,0,benign,1,0.998087,-61.666667,2,0,2,0.001913,0,2,0,200
EDCF-Shield,v2b,FALCON1024+HMAC-SHA512+AES256GCM+DKG4of7,COMPROMISED_CTRL,0,0,36,CUMULATIVE,72,4000,406,68000,8,0.060845,0.011947,0.105252,0.055556,0.998004,98.07,99.85,0.19,0.746324,0,1,3,0,0,76,1448,0.031004,1,0.4861,2,3,0,0,benign,1,0.998087,-61.666667,2,0,2,0.001913,0,2,0,200
EDCF-Shield,v2b,FALCON1024+HMAC-SHA512+AES256GCM+DKG4of7,COMPROMISED_CTRL,0,0,37,CYCLE,74,0,12,2000,0,0.005964,0.002329,0,0,0,100,99.84,0.2,0.746429,0,1,3,0,0,76,1448,0.030474,1,0.4865,2,3,0,0,benign,1,0.998085,-61.621622,2,0,2,0.001915,0,2,0,200
EDCF-Shield,v2b,FALCON1024+HMAC-SHA512+AES256GCM+DKG4of7,COMPROMISED_CTRL,0,0,37,CUMULATIVE,74,4000,418,70000,8,0.059361,0.011789,0.102554,0.054054,0.998004,98.12,99.85,0.19,0.746429,0,1,3,0,0,76,1448,0.030474,1,0.4865,2,3,0,0,benign,1,0.998085,-61.621622,2,0,2,0.001915,0,2,0,200
EDCF-Shield,v2b,FALCON1024+HMAC-SHA512+AES256GCM+DKG4of7,COMPROMISED_CTRL,0,0,38,CYCLE,76,0,12,2000,0,0.005964,0.002263,0,0,0,100,99.84,0.2,0.746528,0,1,3,0,0,76,1448,0.029969,1,0.4868,2,3,0,0,benign,1,0.998083,-61.578947,2,0,2,0.001917,0,2,0,200
EDCF-Shield,v2b,FALCON1024+HMAC-SHA512+AES256GCM+DKG4of7,COMPROMISED_CTRL,0,0,38,CUMULATIVE,76,4000,430,72000,8,0.057955,0.011637,0.09999,0.052632,0.998004,98.17,99.85,0.19,0.746528,0,1,3,0,0,76,1448,0.029969,1,0.4868,2,3,0,0,benign,1,0.998083,-61.578947,2,0,2,0.001917,0,2,0,200
EDCF-Shield,v2b,FALCON1024+HMAC-SHA512+AES256GCM+DKG4of7,COMPROMISED_CTRL,0,0,39,CYCLE,78,0,12,2000,0,0.005964,0.002199,0,0,0,100,99.84,0.2,0.746622,0,1,3,0,0,76,1448,0.029487,1,0.4872,2,3,0,0,benign,1,0.998081,-61.538462,2,0,2,0.001919,0,2,0,200
EDCF-Shield,v2b,FALCON1024+HMAC-SHA512+AES256GCM+DKG4of7,COMPROMISED_CTRL,0,0,39,CUMULATIVE,78,4000,442,74000,8,0.056622,0.011492,0.097551,0.051282,0.998004,98.22,99.85,0.19,0.746622,0,1,3,0,0,76,1448,0.029487,1,0.4872,2,3,0,0,benign,1,0.998081,-61.538462,2,0,2,0.001919,0,2,0,200
EDCF-Shield,v2b,FALCON1024+HMAC-SHA512+AES256GCM+DKG4of7,COMPROMISED_CTRL,0,0,40,CYCLE,80,0,12,2000,0,0.005964,0.002139,0,0,0,100,99.84,0.2,0.746711,0,1,3,0,0,76,1448,0.029026,1,0.4875,2,3,0,0,benign,1,0.998079,-61.5,2,0,2,0.001921,0,2,0,200
EDCF-Shield,v2b,FALCON1024+HMAC-SHA512+AES256GCM+DKG4of7,COMPROMISED_CTRL,0,0,40,CUMULATIVE,80,4000,454,76000,8,0.055355,0.011351,0.095229,0.05,0.998004,98.27,99.85,0.19,0.746711,0,1,3,0,0,76,1448,0.029026,1,0.4875,2,3,0,0,benign,1,0.998079,-61.5,2,0,2,0.001921,0,2,0,200
EDCF-Shield,v2b,FALCON1024+HMAC-SHA512+AES256GCM+DKG4of7,COMPROMISED_CTRL,0,0,41,CYCLE,82,0,12,2000,0,0.005964,0.002082,0,0,0,100,99.84,0.2,0.746795,0,1,3,0,0,76,1448,0.028584,1,0.4878,2,3,0,0,benign,1,0.998077,-61.463415,2,0,2,0.001923,0,2,0,200
EDCF-Shield,v2b,FALCON1024+HMAC-SHA512+AES256GCM+DKG4of7,COMPROMISED_CTRL,0,0,41,CUMULATIVE,82,4000,466,78000,8,0.05415,0.011216,0.093015,0.04878,0.998004,98.31,99.85,0.19,0.746795,0,1,3,0,0,76,1448,0.028584,1,0.4878,2,3,0,0,benign,1,0.998077,-61.463415,2,0,2,0.001923,0,2,0,200
EDCF-Shield,v2b,FALCON1024+HMAC-SHA512+AES256GCM+DKG4of7,COMPROMISED_CTRL,0,0,42,CYCLE,84,0,12,2000,0,0.005964,0.002028,0,0,0,100,99.84,0.2,0.746875,0,1,3,0,0,76,1448,0.02816,1,0.4881,2,3,0,0,benign,1,0.998075,-61.428571,2,0,2,0.001925,0,2,0,200
EDCF-Shield,v2b,FALCON1024+HMAC-SHA512+AES256GCM+DKG4of7,COMPROMISED_CTRL,0,0,42,CUMULATIVE,84,4000,478,80000,8,0.053003,0.011085,0.090901,0.047619,0.998004,98.35,99.85,0.19,0.746875,0,1,3,0,0,76,1448,0.02816,1,0.4881,2,3,0,0,benign,1,0.998075,-61.428571,2,0,2,0.001925,0,2,0,200
EDCF-Shield,v2b,FALCON1024+HMAC-SHA512+AES256GCM+DKG4of7,COMPROMISED_CTRL,0,0,43,CYCLE,86,0,12,2000,0,0.005964,0.001976,0,0,0,100,99.84,0.2,0.746951,0,1,3,0,0,76,1448,0.027754,1,0.4884,2,3,0,0,benign,1,0.998073,-61.395349,2,0,2,0.001927,0,2,0,200
EDCF-Shield,v2b,FALCON1024+HMAC-SHA512+AES256GCM+DKG4of7,COMPROMISED_CTRL,0,0,43,CUMULATIVE,86,4000,490,82000,8,0.051909,0.010958,0.088881,0.046512,0.998004,98.39,99.85,0.19,0.746951,0,1,3,0,0,76,1448,0.027754,1,0.4884,2,3,0,0,benign,1,0.998073,-61.395349,2,0,2,0.001927,0,2,0,200
EDCF-Shield,v2b,FALCON1024+HMAC-SHA512+AES256GCM+DKG4of7,COMPROMISED_CTRL,0,0,44,CYCLE,88,0,12,2000,0,0.005964,0.001926,0,0,0,100,99.84,0.2,0.747024,0,1,3,0,0,76,1448,0.027363,1,0.4886,2,3,0,0,benign,1,0.998072,-61.363636,2,0,2,0.001928,0,2,0,200
EDCF-Shield,v2b,FALCON1024+HMAC-SHA512+AES256GCM+DKG4of7,COMPROMISED_CTRL,0,0,44,CUMULATIVE,88,4000,502,84000,8,0.050864,0.010836,0.086949,0.045455,0.998004,98.43,99.85,0.19,0.747024,0,1,3,0,0,76,1448,0.027363,1,0.4886,2,3,0,0,benign,1,0.998072,-61.363636,2,0,2,0.001928,0,2,0,200
EDCF-Shield,v2b,FALCON1024+HMAC-SHA512+AES256GCM+DKG4of7,COMPROMISED_CTRL,0,0,45,CYCLE,90,0,12,2000,0,0.005964,0.001879,0,0,0,100,99.84,0.2,0.747093,0,1,3,0,0,76,1448,0.026987,1,0.4889,2,3,0,0,benign,1,0.99807,-61.333333,2,0,2,0.00193,0,2,0,200
EDCF-Shield,v2b,FALCON1024+HMAC-SHA512+AES256GCM+DKG4of7,COMPROMISED_CTRL,0,0,45,CUMULATIVE,90,4000,514,86000,8,0.049866,0.010718,0.085099,0.044444,0.998004,98.47,99.85,0.19,0.747093,0,1,3,0,0,76,1448,0.026987,1,0.4889,2,3,0,0,benign,1,0.99807,-61.333333,2,0,2,0.00193,0,2,0,200
EDCF-Shield,v2b,FALCON1024+HMAC-SHA512+AES256GCM+DKG4of7,COMPROMISED_CTRL,0,0,46,CYCLE,92,0,12,2000,0,0.005964,0.001834,0,0,0,100,99.84,0.2,0.747159,0,1,3,0,0,76,1448,0.026626,1,0.4891,2,3,0,0,benign,1,0.998069,-61.304348,2,0,2,0.001931,0,2,0,200
EDCF-Shield,v2b,FALCON1024+HMAC-SHA512+AES256GCM+DKG4of7,COMPROMISED_CTRL,0,0,46,CUMULATIVE,92,4000,526,88000,8,0.048912,0.010604,0.083326,0.043478,0.998004,98.5,99.85,0.19,0.747159,0,1,3,0,0,76,1448,0.026626,1,0.4891,2,3,0,0,benign,1,0.998069,-61.304348,2,0,2,0.001931,0,2,0,200
EDCF-Shield,v2b,FALCON1024+HMAC-SHA512+AES256GCM+DKG4of7,COMPROMISED_CTRL,0,0,47,CYCLE,94,0,12,2000,0,0.005964,0.001791,0,0,0,100,99.84,0.2,0.747222,0,1,3,0,0,76,1448,0.026278,1,0.4894,2,3,0,0,benign,1,0.998068,-61.276596,2,0,2,0.001932,0,2,0,200
EDCF-Shield,v2b,FALCON1024+HMAC-SHA512+AES256GCM+DKG4of7,COMPROMISED_CTRL,0,0,47,CUMULATIVE,94,4000,538,90000,8,0.047998,0.010493,0.081626,0.042553,0.998004,98.53,99.85,0.19,0.747222,0,1,3,0,0,76,1448,0.026278,1,0.4894,2,3,0,0,benign,1,0.998068,-61.276596,2,0,2,0.001932,0,2,0,200
EDCF-Shield,v2b,FALCON1024+HMAC-SHA512+AES256GCM+DKG4of7,COMPROMISED_CTRL,0,0,48,CYCLE,96,0,12,2000,0,0.005964,0.001749,0,0,0,100,99.84,0.2,0.747283,0,1,3,0,0,76,1448,0.025942,1,0.4896,2,3,0,0,benign,1,0.998066,-61.25,2,0,2,0.001934,0,2,0,200
EDCF-Shield,v2b,FALCON1024+HMAC-SHA512+AES256GCM+DKG4of7,COMPROMISED_CTRL,0,0,48,CUMULATIVE,96,4000,550,92000,8,0.047122,0.010386,0.079994,0.041667,0.998004,98.57,99.85,0.19,0.747283,0,1,3,0,0,76,1448,0.025942,1,0.4896,2,3,0,0,benign,1,0.998066,-61.25,2,0,2,0.001934,0,2,0,200
EDCF-Shield,v2b,FALCON1024+HMAC-SHA512+AES256GCM+DKG4of7,COMPROMISED_CTRL,0,0,49,CYCLE,98,0,12,2000,0,0.005964,0.001709,0,0,0,100,99.84,0.2,0.74734,0,1,3,0,0,76,1448,0.025618,1,0.4898,2,3,0,0,benign,1,0.998065,-61.22449,2,0,2,0.001935,0,2,0,200
EDCF-Shield,v2b,FALCON1024+HMAC-SHA512+AES256GCM+DKG4of7,COMPROMISED_CTRL,0,0,49,CUMULATIVE,98,4000,562,94000,8,0.046282,0.010282,0.078425,0.040816,0.998004,98.6,99.85,0.19,0.74734,0,1,3,0,0,76,1448,0.025618,1,0.4898,2,3,0,0,benign,1,0.998065,-61.22449,2,0,2,0.001935,0,2,0,200
EDCF-Shield,v2b,FALCON1024+HMAC-SHA512+AES256GCM+DKG4of7,COMPROMISED_CTRL,0,0,50,CYCLE,100,0,12,2000,0,0.005964,0.001671,0,0,0,100,99.84,0.2,0.747396,0,1,3,0,0,76,1448,0.025305,1,0.49,2,3,0,0,benign,1,0.998064,-61.2,2,0,2,0.001936,0,2,0,200
EDCF-Shield,v2b,FALCON1024+HMAC-SHA512+AES256GCM+DKG4of7,COMPROMISED_CTRL,0,0,50,CUMULATIVE,100,4000,574,96000,8,0.045475,0.01018,0.076917,0.04,0.998004,98.63,99.85,0.19,0.747396,0,1,3,0,0,76,1448,0.025305,1,0.49,2,3,0,0,benign,1,0.998064,-61.2,2,0,2,0.001936,0,2,0,200
EDCF-Shield,v2b,FALCON1024+HMAC-SHA512+AES256GCM+DKG4of7,COMPROMISED_CTRL,0,0,51,CYCLE,102,0,12,2000,0,0.005964,0.001634,0,0,0,100,99.84,0.2,0.747449,0,1,3,0,0,76,1448,0.025002,1,0.4902,2,3,0,0,benign,1,0.998063,-61.176471,2,0,2,0.001937,0,2,0,200
EDCF-Shield,v2b,FALCON1024+HMAC-SHA512+AES256GCM+DKG4of7,COMPROMISED_CTRL,0,0,51,CUMULATIVE,102,4000,586,98000,8,0.0447,0.010082,0.075466,0.039216,0.998004,98.65,99.85,0.19,0.747449,0,1,3,0,0,76,1448,0.025002,1,0.4902,2,3,0,0,benign,1,0.998063,-61.176471,2,0,2,0.001937,0,2,0,200
EDCF-Shield,v2b,FALCON1024+HMAC-SHA512+AES256GCM+DKG4of7,COMPROMISED_CTRL,0,0,52,CYCLE,104,0,12,2000,0,0.005964,0.001599,0,0,0,100,99.84,0.2,0.7475,0,1,3,0,0,76,1448,0.02471,1,0.4904,2,3,0,0,benign,1,0.998061,-61.153846,2,0,2,0.001939,0,2,0,200
EDCF-Shield,v2b,FALCON1024+HMAC-SHA512+AES256GCM+DKG4of7,COMPROMISED_CTRL,0,0,52,CUMULATIVE,104,4000,598,100000,8,0.043955,0.009987,0.074069,0.038462,0.998004,98.68,99.84,0.19,0.7475,0,1,3,0,0,76,1448,0.02471,1,0.4904,2,3,0,0,benign,1,0.998061,-61.153846,2,0,2,0.001939,0,2,0,200
EDCF-Shield,v2b,FALCON1024+HMAC-SHA512+AES256GCM+DKG4of7,COMPROMISED_CTRL,0,0,53,CYCLE,106,0,12,2000,0,0.005964,0.001565,0,0,0,100,99.84,0.2,0.747549,0,1,3,0,0,76,1448,0.024426,1,0.4906,2,3,0,0,benign,1,0.99806,-61.132075,2,0,2,0.00194,0,2,0,200
EDCF-Shield,v2b,FALCON1024+HMAC-SHA512+AES256GCM+DKG4of7,COMPROMISED_CTRL,0,0,53,CUMULATIVE,106,4000,610,102000,8,0.043238,0.009894,0.072722,0.037736,0.998004,98.71,99.84,0.19,0.747549,0,1,3,0,0,76,1448,0.024426,1,0.4906,2,3,0,0,benign,1,0.99806,-61.132075,2,0,2,0.00194,0,2,0,200
EDCF-Shield,v2b,FALCON1024+HMAC-SHA512+AES256GCM+DKG4of7,COMPROMISED_CTRL,0,0,54,CYCLE,108,0,12,2000,0,0.005964,0.001532,0,0,0,100,99.84,0.2,0.747596,0,1,3,0,0,76,1448,0.024152,1,0.4907,2,3,0,0,benign,1,0.998059,-61.111111,2,0,2,0.001941,0,2,0,200
EDCF-Shield,v2b,FALCON1024+HMAC-SHA512+AES256GCM+DKG4of7,COMPROMISED_CTRL,0,0,54,CUMULATIVE,108,4000,622,104000,8,0.042548,0.009804,0.071423,0.037037,0.998004,98.73,99.84,0.19,0.747596,0,1,3,0,0,76,1448,0.024152,1,0.4907,2,3,0,0,benign,1,0.998059,-61.111111,2,0,2,0.001941,0,2,0,200
EDCF-Shield,v2b,FALCON1024+HMAC-SHA512+AES256GCM+DKG4of7,COMPROMISED_CTRL,0,0,55,CYCLE,110,0,12,2000,0,0.005964,0.001501,0,0,0,100,99.84,0.2,0.747642,0,1,3,0,0,76,1448,0.023887,1,0.4909,2,3,0,0,benign,1,0.998058,-61.090909,2,0,2,0.001942,0,2,0,200
EDCF-Shield,v2b,FALCON1024+HMAC-SHA512+AES256GCM+DKG4of7,COMPROMISED_CTRL,0,0,55,CUMULATIVE,110,4000,634,106000,8,0.041883,0.009716,0.070171,0.036364,0.998004,98.75,99.84,0.19,0.747642,0,1,3,0,0,76,1448,0.023887,1,0.4909,2,3,0,0,benign,1,0.998058,-61.090909,2,0,2,0.001942,0,2,0,200
EDCF-Shield,v2b,FALCON1024+HMAC-SHA512+AES256GCM+DKG4of7,COMPROMISED_CTRL,0,0,56,CYCLE,112,0,12,2000,0,0.005964,0.00147,0,0,0,100,99.84,0.2,0.747685,0,1,3,0,0,76,1448,0.023629,1,0.4911,2,3,0,0,benign,1,0.998057,-61.071429,2,0,2,0.001943,0,2,0,200
EDCF-Shield,v2b,FALCON1024+HMAC-SHA512+AES256GCM+DKG4of7,COMPROMISED_CTRL,0,0,56,CUMULATIVE,112,4000,646,108000,8,0.041241,0.009631,0.068961,0.035714,0.998004,98.78,99.84,0.19,0.747685,0,1,3,0,0,76,1448,0.023629,1,0.4911,2,3,0,0,benign,1,0.998057,-61.071429,2,0,2,0.001943,0,2,0,200
EDCF-Shield,v2b,FALCON1024+HMAC-SHA512+AES256GCM+DKG4of7,COMPROMISED_CTRL,0,0,57,CYCLE,114,0,12,2000,0,0.005964,0.001441,0,0,0,100,99.84,0.2,0.747727,0,1,3,0,0,76,1448,0.023379,1,0.4912,2,3,0,0,benign,1,0.998056,-61.052632,2,0,2,0.001944,0,2,0,200
EDCF-Shield,v2b,FALCON1024+HMAC-SHA512+AES256GCM+DKG4of7,COMPROMISED_CTRL,0,0,57,CUMULATIVE,114,4000,658,110000,8,0.040622,0.009547,0.067792,0.035088,0.998004,98.8,99.84,0.19,0.747727,0,1,3,0,0,76,1448,0.023379,1,0.4912,2,3,0,0,benign,1,0.998056,-61.052632,2,0,2,0.001944,0,2,0,200
EDCF-Shield,v2b,FALCON1024+HMAC-SHA512+AES256GCM+DKG4of7,COMPROMISED_CTRL,0,0,58,CYCLE,116,0,12,2000,0,0.005964,0.001413,0,0,0,100,99.84,0.2,0.747768,0,1,3,0,0,76,1448,0.023136,1,0.4914,2,3,0,0,benign,1,0.998056,-61.034483,2,0,2,0.001944,0,2,0,200
EDCF-Shield,v2b,FALCON1024+HMAC-SHA512+AES256GCM+DKG4of7,COMPROMISED_CTRL,0,0,58,CUMULATIVE,116,4000,670,112000,8,0.040025,0.009466,0.066662,0.034483,0.998004,98.82,99.84,0.19,0.747768,0,1,3,0,0,76,1448,0.023136,1,0.4914,2,3,0,0,benign,1,0.998056,-61.034483,2,0,2,0.001944,0,2,0,200
EDCF-Shield,v2b,FALCON1024+HMAC-SHA512+AES256GCM+DKG4of7,COMPROMISED_CTRL,0,0,59,CYCLE,118,0,12,2000,0,0.005964,0.001385,0,0,0,100,99.84,0.2,0.747807,0,1,3,0,0,76,1448,0.022901,1,0.4915,2,3,0,0,benign,1,0.998055,-61.016949,2,0,2,0.001945,0,2,0,200
EDCF-Shield,v2b,FALCON1024+HMAC-SHA512+AES256GCM+DKG4of7,COMPROMISED_CTRL,0,0,59,CUMULATIVE,118,4000,682,114000,8,0.039447,0.009387,0.065569,0.033898,0.998004,98.84,99.84,0.19,0.747807,0,1,3,0,0,76,1448,0.022901,1,0.4915,2,3,0,0,benign,1,0.998055,-61.016949,2,0,2,0.001945,0,2,0,200
EDCF-Shield,v2b,FALCON1024+HMAC-SHA512+AES256GCM+DKG4of7,COMPROMISED_CTRL,0,0,60,CYCLE,120,0,12,2000,0,0.005964,0.001359,0,0,0,100,99.84,0.2,0.747845,0,1,3,0,0,76,1448,0.022672,1,0.4917,2,3,0,0,benign,1,0.998054,-61,2,0,2,0.001946,0,2,0,200
EDCF-Shield,v2b,FALCON1024+HMAC-SHA512+AES256GCM+DKG4of7,COMPROMISED_CTRL,0,0,60,CUMULATIVE,120,4000,694,116000,8,0.038889,0.00931,0.064512,0.033333,0.998004,98.86,99.84,0.19,0.747845,0,1,3,0,0,76,1448,0.022672,1,0.4917,2,3,0,0,benign,1,0.998054,-61,2,0,2,0.001946,0,2,0,200
EDCF-Shield,v2b,FALCON1024+HMAC-SHA512+AES256GCM+DKG4of7,COMPROMISED_CTRL,0,0,61,CYCLE,122,0,12,2000,0,0.005964,0.001333,0,0,0,100,99.84,0.2,0.747881,0,1,3,0,0,76,1448,0.022449,1,0.4918,2,3,0,0,benign,1,0.998053,-60.983607,2,0,2,0.001947,0,2,0,200
EDCF-Shield,v2b,FALCON1024+HMAC-SHA512+AES256GCM+DKG4of7,COMPROMISED_CTRL,0,0,61,CUMULATIVE,122,4000,706,118000,8,0.038349,0.009235,0.063488,0.032787,0.998004,98.88,99.84,0.19,0.747881,0,1,3,0,0,76,1448,0.022449,1,0.4918,2,3,0,0,benign,1,0.998053,-60.983607,2,0,2,0.001947,0,2,0,200
EDCF-Shield,v2b,FALCON1024+HMAC-SHA512+AES256GCM+DKG4of7,COMPROMISED_CTRL,0,0,62,CYCLE,124,0,12,2000,0,0.005964,0.001308,0,0,0,100,99.84,0.2,0.747917,0,1,3,0,0,76,1448,0.022232,1,0.4919,2,3,0,0,benign,1,0.998052,-60.967742,2,0,2,0.001948,0,2,0,200
EDCF-Shield,v2b,FALCON1024+HMAC-SHA512+AES256GCM+DKG4of7,COMPROMISED_CTRL,0,0,62,CUMULATIVE,124,4000,718,120000,8,0.037827,0.009161,0.062496,0.032258,0.998004,98.9,99.84,0.19,0.747917,0,1,3,0,0,76,1448,0.022232,1,0.4919,2,3,0,0,benign,1,0.998052,-60.967742,2,0,2,0.001948,0,2,0,200
EDCF-Shield,v2b,FALCON1024+HMAC-SHA512+AES256GCM+DKG4of7,COMPROMISED_CTRL,0,0,63,CYCLE,126,0,12,2000,0,0.005964,0.001284,0,0,0,100,99.84,0.2,0.747951,0,1,3,0,0,76,1448,0.022021,1,0.4921,2,3,0,0,benign,1,0.998051,-60.952381,2,0,2,0.001949,0,2,0,200
EDCF-Shield,v2b,FALCON1024+HMAC-SHA512+AES256GCM+DKG4of7,COMPROMISED_CTRL,0,0,63,CUMULATIVE,126,4000,730,122000,8,0.037321,0.00909,0.061535,0.031746,0.998004,98.92,99.84,0.19,0.747951,0,1,3,0,0,76,1448,0.022021,1,0.4921,2,3,0,0,benign,1,0.998051,-60.952381,2,0,2,0.001949,0,2,0,200
EDCF-Shield,v2b,FALCON1024+HMAC-SHA512+AES256GCM+DKG4of7,COMPROMISED_CTRL,0,0,64,CYCLE,128,0,12,2000,0,0.005964,0.001261,0,0,0,100,99.84,0.2,0.747984,0,1,3,0,0,76,1448,0.021816,1,0.4922,2,3,0,0,benign,1,0.998051,-60.9375,2,0,2,0.001949,0,2,0,200
EDCF-Shield,v2b,FALCON1024+HMAC-SHA512+AES256GCM+DKG4of7,COMPROMISED_CTRL,0,0,64,CUMULATIVE,128,4000,742,124000,8,0.036831,0.009019,0.060602,0.03125,0.998004,98.93,99.84,0.19,0.747984,0,1,3,0,0,76,1448,0.021816,1,0.4922,2,3,0,0,benign,1,0.998051,-60.9375,2,0,2,0.001949,0,2,0,200
EDCF-Shield,v2b,FALCON1024+HMAC-SHA512+AES256GCM+DKG4of7,COMPROMISED_CTRL,0,0,65,CYCLE,130,0,12,2000,0,0.005964,0.001239,0,0,0,100,99.84,0.2,0.748016,0,1,3,0,0,76,1448,0.021616,1,0.4923,2,3,0,0,benign,1,0.99805,-60.923077,2,0,2,0.00195,0,2,0,200
EDCF-Shield,v2b,FALCON1024+HMAC-SHA512+AES256GCM+DKG4of7,COMPROMISED_CTRL,0,0,65,CUMULATIVE,130,4000,754,126000,8,0.036356,0.008951,0.059698,0.030769,0.998004,98.95,99.84,0.2,0.748016,0,1,3,0,0,76,1448,0.021616,1,0.4923,2,3,0,0,benign,1,0.99805,-60.923077,2,0,2,0.00195,0,2,0,200
EDCF-Shield,v2b,FALCON1024+HMAC-SHA512+AES256GCM+DKG4of7,COMPROMISED_CTRL,0,0,66,CYCLE,132,0,12,2000,0,0.005964,0.001217,0,0,0,100,99.84,0.2,0.748047,0,1,3,0,0,76,1448,0.021421,1,0.4924,2,3,0,0,benign,1,0.998049,-60.909091,2,0,2,0.001951,0,2,0,200
EDCF-Shield,v2b,FALCON1024+HMAC-SHA512+AES256GCM+DKG4of7,COMPROMISED_CTRL,0,0,66,CUMULATIVE,132,4000,766,128000,8,0.035896,0.008884,0.05882,0.030303,0.998004,98.97,99.84,0.2,0.748047,0,1,3,0,0,76,1448,0.021421,1,0.4924,2,3,0,0,benign,1,0.998049,-60.909091,2,0,2,0.001951,0,2,0,200
EDCF-Shield,v2b,FALCON1024+HMAC-SHA512+AES256GCM+DKG4of7,COMPROMISED_CTRL,0,0,67,CYCLE,134,0,12,2000,0,0.005964,0.001196,0,0,0,100,99.84,0.2,0.748077,0,1,3,0,0,76,1448,0.021231,1,0.4925,2,3,0,0,benign,1,0.998049,-60.895522,2,0,2,0.001951,0,2,0,200
EDCF-Shield,v2b,FALCON1024+HMAC-SHA512+AES256GCM+DKG4of7,COMPROMISED_CTRL,0,0,67,CUMULATIVE,134,4000,778,130000,8,0.035449,0.008819,0.057968,0.029851,0.998004,98.98,99.84,0.2,0.748077,0,1,3,0,0,76,1448,0.021231,1,0.4925,2,3,0,0,benign,1,0.998049,-60.895522,2,0,2,0.001951,0,2,0,200
EDCF-Shield,v2b,FALCON1024+HMAC-SHA512+AES256GCM+DKG4of7,COMPROMISED_CTRL,0,0,68,CYCLE,136,0,12,2000,0,0.005964,0.001175,0,0,0,100,99.84,0.2,0.748106,0,1,3,0,0,76,1448,0.021046,1,0.4926,2,3,0,0,benign,1,0.998048,-60.882353,2,0,2,0.001952,0,2,0,200
EDCF-Shield,v2b,FALCON1024+HMAC-SHA512+AES256GCM+DKG4of7,COMPROMISED_CTRL,0,0,68,CUMULATIVE,136,4000,790,132000,8,0.035015,0.008754,0.05714,0.029412,0.998004,99,99.84,0.2,0.748106,0,1,3,0,0,76,1448,0.021046,1,0.4926,2,3,0,0,benign,1,0.998048,-60.882353,2,0,2,0.001952,0,2,0,200
EDCF-Shield,v2b,FALCON1024+HMAC-SHA512+AES256GCM+DKG4of7,COMPROMISED_CTRL,0,0,69,CYCLE,138,0,12,2000,0,0.005964,0.001155,0,0,0,100,99.84,0.2,0.748134,0,1,3,0,0,76,1448,0.020865,1,0.4928,2,3,0,0,benign,1,0.998047,-60.869565,2,0,2,0.001953,0,2,0,200
EDCF-Shield,v2b,FALCON1024+HMAC-SHA512+AES256GCM+DKG4of7,COMPROMISED_CTRL,0,0,69,CUMULATIVE,138,4000,802,134000,8,0.034594,0.008692,0.056335,0.028986,0.998004,99.01,99.84,0.2,0.748134,0,1,3,0,0,76,1448,0.020865,1,0.4928,2,3,0,0,benign,1,0.998047,-60.869565,2,0,2,0.001953,0,2,0,200
EDCF-Shield,v2b,FALCON1024+HMAC-SHA512+AES256GCM+DKG4of7,COMPROMISED_CTRL,0,0,70,CYCLE,140,0,12,2000,0,0.005964,0.001136,0,0,0,100,99.84,0.2,0.748162,0,1,3,0,0,76,1448,0.020689,1,0.4929,2,3,0,0,benign,1,0.998047,-60.857143,2,0,2,0.001953,0,2,0,200
EDCF-Shield,v2b,FALCON1024+HMAC-SHA512+AES256GCM+DKG4of7,COMPROMISED_CTRL,0,0,70,CUMULATIVE,140,4000,814,136000,8,0.034185,0.00863,0.055552,0.028571,0.998004,99.03,99.84,0.2,0.748162,0,1,3,0,0,76,1448,0.020689,1,0.4929,2,3,0,0,benign,1,0.998047,-60.857143,2,0,2,0.001953,0,2,0,200
EDCF-Shield,v2b,FALCON1024+HMAC-SHA512+AES256GCM+DKG4of7,COMPROMISED_CTRL,0,0,71,CYCLE,142,0,12,2000,0,0.005964,0.001117,0,0,0,100,99.84,0.2,0.748188,0,1,3,0,0,76,1448,0.020517,1,0.493,2,3,0,0,benign,1,0.998046,-60.84507,2,0,2,0.001954,0,2,0,200
EDCF-Shield,v2b,FALCON1024+HMAC-SHA512+AES256GCM+DKG4of7,COMPROMISED_CTRL,0,0,71,CUMULATIVE,142,4000,826,138000,8,0.033787,0.00857,0.054792,0.028169,0.998004,99.04,99.84,0.2,0.748188,0,1,3,0,0,76,1448,0.020517,1,0.493,2,3,0,0,benign,1,0.998046,-60.84507,2,0,2,0.001954,0,2,0,200
EDCF-Shield,v2b,FALCON1024+HMAC-SHA512+AES256GCM+DKG4of7,COMPROMISED_CTRL,0,0,72,CYCLE,144,0,12,2000,0,0.005964,0.001099,0,0,0,100,99.84,0.2,0.748214,0,1,3,0,0,76,1448,0.020348,1,0.4931,2,3,0,0,benign,1,0.998045,-60.833333,2,0,2,0.001955,0,2,0,200
EDCF-Shield,v2b,FALCON1024+HMAC-SHA512+AES256GCM+DKG4of7,COMPROMISED_CTRL,0,0,72,CUMULATIVE,144,4000,838,140000,8,0.033401,0.008511,0.054051,0.027778,0.998004,99.05,99.84,0.2,0.748214,0,1,3,0,0,76,1448,0.020348,1,0.4931,2,3,0,0,benign,1,0.998045,-60.833333,2,0,2,0.001955,0,2,0,200
EDCF-Shield,v2b,FALCON1024+HMAC-SHA512+AES256GCM+DKG4of7,COMPROMISED_CTRL,0,0,73,CYCLE,146,0,12,2000,0,0.005964,0.001081,0,0,0,100,99.84,0.2,0.748239,0,1,3,0,0,76,1448,0.020184,1,0.4932,2,3,0,0,benign,1,0.998045,-60.821918,2,0,2,0.001955,0,2,0,200
EDCF-Shield,v2b,FALCON1024+HMAC-SHA512+AES256GCM+DKG4of7,COMPROMISED_CTRL,0,0,73,CUMULATIVE,146,4000,850,142000,8,0.033025,0.008454,0.05333,0.027397,0.998004,99.07,99.84,0.2,0.748239,0,1,3,0,0,76,1448,0.020184,1,0.4932,2,3,0,0,benign,1,0.998045,-60.821918,2,0,2,0.001955,0,2,0,200
EDCF-Shield,v2b,FALCON1024+HMAC-SHA512+AES256GCM+DKG4of7,COMPROMISED_CTRL,0,0,74,CYCLE,148,0,12,2000,0,0.005964,0.001063,0,0,0,100,99.84,0.2,0.748264,0,1,3,0,0,76,1448,0.020023,1,0.4932,2,3,0,0,benign,1,0.998044,-60.810811,2,0,2,0.001956,0,2,0,200
EDCF-Shield,v2b,FALCON1024+HMAC-SHA512+AES256GCM+DKG4of7,COMPROMISED_CTRL,0,0,74,CUMULATIVE,148,4000,862,144000,8,0.032659,0.008397,0.052629,0.027027,0.998004,99.08,99.84,0.2,0.748264,0,1,3,0,0,76,1448,0.020023,1,0.4932,2,3,0,0,benign,1,0.998044,-60.810811,2,0,2,0.001956,0,2,0,200
EDCF-Shield,v2b,FALCON1024+HMAC-SHA512+AES256GCM+DKG4of7,COMPROMISED_CTRL,0,0,75,CYCLE,150,0,12,2000,0,0.005964,0.001047,0,0,0,100,99.84,0.2,0.748288,0,1,3,0,0,76,1448,0.019866,1,0.4933,2,3,0,0,benign,1,0.998044,-60.8,2,0,2,0.001956,0,2,0,200
EDCF-Shield,v2b,FALCON1024+HMAC-SHA512+AES256GCM+DKG4of7,COMPROMISED_CTRL,0,0,75,CUMULATIVE,150,4000,874,146000,8,0.032303,0.008342,0.051945,0.026667,0.998004,99.09,99.84,0.2,0.748288,0,1,3,0,0,76,1448,0.019866,1,0.4933,2,3,0,0,benign,1,0.998044,-60.8,2,0,2,0.001956,0,2,0,200
EDCF-Shield,v2b,FALCON1024+HMAC-SHA512+AES256GCM+DKG4of7,COMPROMISED_CTRL,0,0,76,CYCLE,152,0,12,2000,0,0.005964,0.00103,0,0,0,100,99.84,0.2,0.748311,0,1,3,0,0,76,1448,0.019713,1,0.4934,2,3,0,0,benign,1,0.998043,-60.789474,2,0,2,0.001957,0,2,0,200
EDCF-Shield,v2b,FALCON1024+HMAC-SHA512+AES256GCM+DKG4of7,COMPROMISED_CTRL,0,0,76,CUMULATIVE,152,4000,886,148000,8,0.031957,0.008288,0.051279,0.026316,0.998004,99.11,99.84,0.2,0.748311,0,1,3,0,0,76,1448,0.019713,1,0.4934,2,3,0,0,benign,1,0.998043,-60.789474,2,0,2,0.001957,0,2,0,200
EDCF-Shield,v2b,FALCON1024+HMAC-SHA512+AES256GCM+DKG4of7,COMPROMISED_CTRL,0,0,77,CYCLE,154,0,12,2000,0,0.005964,0.001014,0,0,0,100,99.84,0.2,0.748333,0,1,3,0,0,76,1448,0.019562,1,0.4935,2,3,0,0,benign,1,0.998043,-60.779221,2,0,2,0.001957,0,2,0,200
EDCF-Shield,v2b,FALCON1024+HMAC-SHA512+AES256GCM+DKG4of7,COMPROMISED_CTRL,0,0,77,CUMULATIVE,154,4000,898,150000,8,0.031619,0.008234,0.05063,0.025974,0.998004,99.12,99.84,0.2,0.748333,0,1,3,0,0,76,1448,0.019562,1,0.4935,2,3,0,0,benign,1,0.998043,-60.779221,2,0,2,0.001957,0,2,0,200
EDCF-Shield,v2b,FALCON1024+HMAC-SHA512+AES256GCM+DKG4of7,COMPROMISED_CTRL,0,0,78,CYCLE,156,0,12,2000,0,0.005964,0.000999,0,0,0,100,99.84,0.2,0.748355,0,1,3,0,0,76,1448,0.019415,1,0.4936,2,3,0,0,benign,1,0.998042,-60.769231,2,0,2,0.001958,0,2,0,200
EDCF-Shield,v2b,FALCON1024+HMAC-SHA512+AES256GCM+DKG4of7,COMPROMISED_CTRL,0,0,78,CUMULATIVE,156,4000,910,152000,8,0.03129,0.008182,0.049998,0.025641,0.998004,99.13,99.84,0.2,0.748355,0,1,3,0,0,76,1448,0.019415,1,0.4936,2,3,0,0,benign,1,0.998042,-60.769231,2,0,2,0.001958,0,2,0,200
EDCF-Shield,v2b,FALCON1024+HMAC-SHA512+AES256GCM+DKG4of7,COMPROMISED_CTRL,0,0,79,CYCLE,158,0,12,2000,0,0.005964,0.000983,0,0,0,100,99.84,0.2,0.748377,0,1,3,0,0,76,1448,0.019271,1,0.4937,2,3,0,0,benign,1,0.998042,-60.759494,2,0,2,0.001958,0,2,0,200
EDCF-Shield,v2b,FALCON1024+HMAC-SHA512+AES256GCM+DKG4of7,COMPROMISED_CTRL,0,0,79,CUMULATIVE,158,4000,922,154000,8,0.03097,0.008131,0.04938,0.025316,0.998004,99.14,99.84,0.2,0.748377,0,1,3,0,0,76,1448,0.019271,1,0.4937,2,3,0,0,benign,1,0.998042,-60.759494,2,0,2,0.001958,0,2,0,200
EDCF-Shield,v2b,FALCON1024+HMAC-SHA512+AES256GCM+DKG4of7,COMPROMISED_CTRL,0,0,80,CYCLE,160,0,12,2000,0,0.005964,0.000968,0,0,0,100,99.84,0.2,0.748397,0,1,3,0,0,76,1448,0.01913,1,0.4938,2,3,0,0,benign,1,0.998041,-60.75,2,0,2,0.001959,0,2,0,200
EDCF-Shield,v2b,FALCON1024+HMAC-SHA512+AES256GCM+DKG4of7,COMPROMISED_CTRL,0,0,80,CUMULATIVE,160,4000,934,156000,8,0.030657,0.008081,0.048778,0.025,0.998004,99.15,99.84,0.2,0.748397,0,1,3,0,0,76,1448,0.01913,1,0.4938,2,3,0,0,benign,1,0.998041,-60.75,2,0,2,0.001959,0,2,0,200
EDCF-Shield,v2b,FALCON1024+HMAC-SHA512+AES256GCM+DKG4of7,COMPROMISED_CTRL,0,0,81,CYCLE,162,0,12,2000,0,0.005964,0.000954,0,0,0,100,99.84,0.2,0.748418,0,1,3,0,0,76,1448,0.018992,1,0.4938,2,3,0,0,benign,1,0.998041,-60.740741,2,0,2,0.001959,0,2,0,200
EDCF-Shield,v2b,FALCON1024+HMAC-SHA512+AES256GCM+DKG4of7,COMPROMISED_CTRL,0,0,81,CUMULATIVE,162,4000,946,158000,8,0.030352,0.008031,0.04819,0.024691,0.998004,99.16,99.84,0.2,0.748418,0,1,3,0,0,76,1448,0.018992,1,0.4938,2,3,0,0,benign,1,0.998041,-60.740741,2,0,2,0.001959,0,2,0,200
EDCF-Shield,v2b,FALCON1024+HMAC-SHA512+AES256GCM+DKG4of7,COMPROMISED_CTRL,0,0,82,CYCLE,164,0,12,2000,0,0.005964,0.00094,0,0,0,100,99.84,0.2,0.748437,0,1,3,0,0,76,1448,0.018857,1,0.4939,2,3,0,0,benign,1,0.99804,-60.731707,2,0,2,0.00196,0,2,0,200
EDCF-Shield,v2b,FALCON1024+HMAC-SHA512+AES256GCM+DKG4of7,COMPROMISED_CTRL,0,0,82,CUMULATIVE,164,4000,958,160000,8,0.030055,0.007983,0.047617,0.02439,0.998004,99.17,99.84,0.2,0.748437,0,1,3,0,0,76,1448,0.018857,1,0.4939,2,3,0,0,benign,1,0.99804,-60.731707,2,0,2,0.00196,0,2,0,200
EDCF-Shield,v2b,FALCON1024+HMAC-SHA512+AES256GCM+DKG4of7,COMPROMISED_CTRL,0,0,83,CYCLE,166,0,12,2000,0,0.005964,0.000926,0,0,0,100,99.84,0.2,0.748457,0,1,3,0,0,76,1448,0.018724,1,0.494,2,3,0,0,benign,1,0.99804,-60.722892,2,0,2,0.00196,0,2,0,200
EDCF-Shield,v2b,FALCON1024+HMAC-SHA512+AES256GCM+DKG4of7,COMPROMISED_CTRL,0,0,83,CUMULATIVE,166,4000,970,162000,8,0.029764,0.007935,0.047057,0.024096,0.998004,99.18,99.84,0.2,0.748457,0,1,3,0,0,76,1448,0.018724,1,0.494,2,3,0,0,benign,1,0.99804,-60.722892,2,0,2,0.00196,0,2,0,200
EDCF-Shield,v2b,FALCON1024+HMAC-SHA512+AES256GCM+DKG4of7,COMPROMISED_CTRL,0,0,84,CYCLE,168,0,12,2000,0,0.005964,0.000913,0,0,0,100,99.84,0.2,0.748476,0,1,3,0,0,76,1448,0.018594,1,0.494,2,3,0,0,benign,1,0.99804,-60.714286,2,0,2,0.00196,0,2,0,200
EDCF-Shield,v2b,FALCON1024+HMAC-SHA512+AES256GCM+DKG4of7,COMPROMISED_CTRL,0,0,84,CUMULATIVE,168,4000,982,164000,8,0.029481,0.007888,0.046509,0.02381,0.998004,99.19,99.84,0.2,0.748476,0,1,3,0,0,76,1448,0.018594,1,0.494,2,3,0,0,benign,1,0.99804,-60.714286,2,0,2,0.00196,0,2,0,200
EDCF-Shield,v2b,FALCON1024+HMAC-SHA512+AES256GCM+DKG4of7,COMPROMISED_CTRL,0,0,85,CYCLE,170,0,12,2000,0,0.005964,0.0009,0,0,0,100,99.84,0.2,0.748494,0,1,3,0,0,76,1448,0.018467,1,0.4941,2,3,0,0,benign,1,0.998039,-60.705882,2,0,2,0.001961,0,2,0,200
EDCF-Shield,v2b,FALCON1024+HMAC-SHA512+AES256GCM+DKG4of7,COMPROMISED_CTRL,0,0,85,CUMULATIVE,170,4000,994,166000,8,0.029204,0.007842,0.045975,0.023529,0.998004,99.2,99.84,0.2,0.748494,0,1,3,0,0,76,1448,0.018467,1,0.4941,2,3,0,0,benign,1,0.998039,-60.705882,2,0,2,0.001961,0,2,0,200
EDCF-Shield,v2b,FALCON1024+HMAC-SHA512+AES256GCM+DKG4of7,COMPROMISED_CTRL,0,0,86,CYCLE,172,0,12,2000,0,0.005964,0.000887,0,0,0,100,99.84,0.2,0.748512,0,1,3,0,0,76,1448,0.018342,1,0.4942,2,3,0,0,benign,1,0.998039,-60.697674,2,0,2,0.001961,0,2,0,200
EDCF-Shield,v2b,FALCON1024+HMAC-SHA512+AES256GCM+DKG4of7,COMPROMISED_CTRL,0,0,86,CUMULATIVE,172,4000,1006,168000,8,0.028934,0.007797,0.045452,0.023256,0.998004,99.21,99.84,0.2,0.748512,0,1,3,0,0,76,1448,0.018342,1,0.4942,2,3,0,0,benign,1,0.998039,-60.697674,2,0,2,0.001961,0,2,0,200
EDCF-Shield,v2b,FALCON1024+HMAC-SHA512+AES256GCM+DKG4of7,COMPROMISED_CTRL,0,0,87,CYCLE,174,0,12,2000,0,0.005964,0.000874,0,0,0,100,99.84,0.2,0.748529,0,1,3,0,0,76,1448,0.018219,1,0.4943,2,3,0,0,benign,1,0.998038,-60.689655,2,0,2,0.001962,0,2,0,200
EDCF-Shield,v2b,FALCON1024+HMAC-SHA512+AES256GCM+DKG4of7,COMPROMISED_CTRL,0,0,87,CUMULATIVE,174,4000,1018,170000,8,0.02867,0.007753,0.044942,0.022989,0.998004,99.22,99.84,0.2,0.748529,0,1,3,0,0,76,1448,0.018219,1,0.4943,2,3,0,0,benign,1,0.998038,-60.689655,2,0,2,0.001962,0,2,0,200
EDCF-Shield,v2b,FALCON1024+HMAC-SHA512+AES256GCM+DKG4of7,COMPROMISED_CTRL,0,0,88,CYCLE,176,0,12,2000,0,0.005964,0.000862,0,0,0,100,99.84,0.2,0.748547,0,1,3,0,0,76,1448,0.018099,1,0.4943,2,3,0,0,benign,1,0.998038,-60.681818,2,0,2,0.001962,0,2,0,200
EDCF-Shield,v2b,FALCON1024+HMAC-SHA512+AES256GCM+DKG4of7,COMPROMISED_CTRL,0,0,88,CUMULATIVE,176,4000,1030,172000,8,0.028412,0.007709,0.044442,0.022727,0.998004,99.23,99.84,0.2,0.748547,0,1,3,0,0,76,1448,0.018099,1,0.4943,2,3,0,0,benign,1,0.998038,-60.681818,2,0,2,0.001962,0,2,0,200
EDCF-Shield,v2b,FALCON1024+HMAC-SHA512+AES256GCM+DKG4of7,COMPROMISED_CTRL,0,0,89,CYCLE,178,0,12,2000,0,0.005964,0.00085,0,0,0,100,99.84,0.2,0.748563,0,1,3,0,0,76,1448,0.017981,1,0.4944,2,3,0,0,benign,1,0.998038,-60.674157,2,0,2,0.001962,0,2,0,200
EDCF-Shield,v2b,FALCON1024+HMAC-SHA512+AES256GCM+DKG4of7,COMPROMISED_CTRL,0,0,89,CUMULATIVE,178,4000,1042,174000,8,0.02816,0.007666,0.043954,0.022472,0.998004,99.24,99.84,0.2,0.748563,0,1,3,0,0,76,1448,0.017981,1,0.4944,2,3,0,0,benign,1,0.998038,-60.674157,2,0,2,0.001962,0,2,0,200
EDCF-Shield,v2b,FALCON1024+HMAC-SHA512+AES256GCM+DKG4of7,COMPROMISED_CTRL,0,0,90,CYCLE,179.5,0,9,1200,0,0.007444,0.000838,0,0,0,100,99.8,0.25,0.748575,0,1,3,0,0,76,1448,0.017865,1,0.4958,2,3,0,0,benign,1,0.998034,-60.668524,2,0,2,0.001966,0,2,0,200
EDCF-Shield,v2b,FALCON1024+HMAC-SHA512+AES256GCM+DKG4of7,COMPROMISED_CTRL,0,0,90,CUMULATIVE,179.5,4000,1051,175200,8,0.028021,0.007654,0.043666,0.022321,0.998004,99.24,99.84,0.2,0.748575,0,1,3,0,0,76,1448,0.017865,1,0.4958,2,3,0,0,benign,1,0.998034,-60.668524,2,0,2,0.001966,0,2,0,200
EDCF-Shield,v2b,FALCON1024+HMAC-SHA512+AES256GCM+DKG4of7,COMPROMISED_CTRL,60,22.39,1,CYCLE,2,1400,0,0,0,1,0.5,1,1,1,0,100,0,0,0,1,0,0,0,76,1448,0,1,0,0,0,0,0,V2,0,1,-100,1,0,0,0,0,0,0,200
EDCF-Shield,v2b,FALCON1024+HMAC-SHA512+AES256GCM+DKG4of7,COMPROMISED_CTRL,60,22.39,1,CUMULATIVE,2,1400,0,0,0,1,0.5,1,1,1,0,100,0,0,0,1,0,0,0,76,1448,0,1,0,0,0,0,0,V2,0,1,-100,1,0,0,0,0,0,0,200
EDCF-Shield,v2b,FALCON1024+HMAC-SHA512+AES256GCM+DKG4of7,COMPROMISED_CTRL,60,22.39,2,CYCLE,4,1400,150,0,6,0.996144,0.739243,0.997862,1,0.995733,96.15,59.55,50.56,0.742574,0.924638,1,3,0,0,76,1448,0,1,0.25,2,3,0,0,V2,1,0.661626,160,2,0,2,0.338374,0,1,0,200
EDCF-Shield,v2b,FALCON1024+HMAC-SHA512+AES256GCM+DKG4of7,COMPROMISED_CTRL,60,22.39,2,CUMULATIVE,4,2800,150,0,6,0.99797,0.979532,0.99893,1,0.997862,96.15,72.93,33.84,0.742574,0.924638,1,3,0,0,76,1448,0,1,0.25,2,3,0,0,V2,1,0.661626,160,2,0,2,0.338374,0,1,0,200
EDCF-Shield,v2b,FALCON1024+HMAC-SHA512+AES256GCM+DKG4of7,COMPROMISED_CTRL,60,22.39,3,CYCLE,6,0,399,1400,3,0.221421,0.467426,0,0,0,99.25,40.05,74.94,0.746939,0.93153,1,3,0,0,76,1448,0,1,0.3333,2,3,0,0,V2,1,0.427742,520,2,0,2,0.572258,0,2,0,200
EDCF-Shield,v2b,FALCON1024+HMAC-SHA512+AES256GCM+DKG4of7,COMPROMISED_CTRL,60,22.39,3,CUMULATIVE,6,2800,549,1400,9,0.703867,0.42563,0.798973,0.666667,0.996796,98.39,54.22,57.23,0.746939,0.93153,1,3,0,0,76,1448,0,1,0.3333,2,3,0,0,V2,1,0.427742,520,2,0,2,0.572258,0,2,0,200
EDCF-Shield,v2b,FALCON1024+HMAC-SHA512+AES256GCM+DKG4of7,COMPROMISED_CTRL,60,22.39,4,CYCLE,8,0,642,1400,0,0.314398,0.350567,0,0,0,100,34.08,82.4,0.748586,0.932048,1,3,0,0,76,1448,0,1,0.375,2,3,0,0,V2,1,0.315085,900,2,0,2,0.684915,0,2,0,200
EDCF-Shield,v2b,FALCON1024+HMAC-SHA512+AES256GCM+DKG4of7,COMPROMISED_CTRL,60,22.39,4,CUMULATIVE,8,2800,1191,2800,9,0.586912,0.381306,0.665953,0.5,0.996796,99.25,45.21,68.49,0.748586,0.932048,1,3,0,0,76,1448,0,1,0.375,2,3,0,0,V2,1,0.315085,900,2,0,2,0.684915,0,2,0,200
EDCF-Shield,v2b,FALCON1024+HMAC-SHA512+AES256GCM+DKG4of7,COMPROMISED_CTRL,60,22.39,5,CYCLE,10,0,732,1400,0,0.34334,0.280451,0,0,0,100,32.58,84.28,0.749123,0.932332,1,3,0,0,76,1448,0.381306,1,0.4,2,3,0,0,V2,1,0.262388,1188,2,0,2,0.737612,0,2,0,200
EDCF-Shield,v2b,FALCON1024+HMAC-SHA512+AES256GCM+DKG4of7,COMPROMISED_CTRL,60,22.39,5,CUMULATIVE,10,2800,1923,4200,9,0.528773,0.350564,0.570904,0.4,0.996796,99.53,40.99,73.76,0.749123,0.932332,1,3,0,0,76,1448,0.381306,1,0.4,2,3,0,0,V2,1,0.262388,1188,2,0,2,0.737612,0,2,0,200
EDCF-Shield,v2b,FALCON1024+HMAC-SHA512+AES256GCM+DKG4of7,COMPROMISED_CTRL,60,22.39,6,CYCLE,12,0,732,1400,0,0.34334,0.233708,0,0,0,100,32.8,84,0.749365,0.932063,1,3,0,0,76,1448,0.365935,1,0.4167,2,3,0,0,V2,1,0.237087,1380,2,0,2,0.762913,0,2,0,200
EDCF-Shield,v2b,FALCON1024+HMAC-SHA512+AES256GCM+DKG4of7,COMPROMISED_CTRL,60,22.39,6,CUMULATIVE,12,2800,2655,5600,9,0.49304,0.324136,0.499599,0.333333,0.996796,99.66,38.97,76.29,0.749365,0.932063,1,3,0,0,76,1448,0.365935,1,0.4167,2,3,0,0,V2,1,0.237087,1380,2,0,2,0.762913,0,2,0,200
EDCF-Shield,v2b,FALCON1024+HMAC-SHA512+AES256GCM+DKG4of7,COMPROMISED_CTRL,60,22.39,7,CYCLE,14,0,732,1400,0,0.34334,0.200319,0,0,0,100,32.81,83.99,0.749502,0.931897,1,3,0,0,76,1448,0.352002,1,0.4286,2,3,0,0,V2,1,0.22184,1517.142857,2,0,2,0.77816,0,2,0,200
EDCF-Shield,v2b,FALCON1024+HMAC-SHA512+AES256GCM+DKG4of7,COMPROMISED_CTRL,60,22.39,7,CUMULATIVE,14,2800,3387,7000,9,0.468854,0.302316,0.444127,0.285714,0.996796,99.73,37.75,77.82,0.749502,0.931897,1,3,0,0,76,1448,0.352002,1,0.4286,2,3,0,0,V2,1,0.22184,1517.142857,2,0,2,0.77816,0,2,0,200
EDCF-Shield,v2b,FALCON1024+HMAC-SHA512+AES256GCM+DKG4of7,COMPROMISED_CTRL,60,22.39,8,CYCLE,16,0,732,1400,0,0.34334,0.175278,0,0,0,100,32.59,84.26,0.749591,0.932039,1,3,0,0,76,1448,0.33958,1,0.4375,2,3,0,0,V2,1,0.211042,1620,2,0,2,0.788958,0,2,0,200
EDCF-Shield,v2b,FALCON1024+HMAC-SHA512+AES256GCM+DKG4of7,COMPROMISED_CTRL,60,22.39,8,CUMULATIVE,16,2800,4119,8400,9,0.451396,0.284154,0.399743,0.25,0.996796,99.78,36.88,78.9,0.749591,0.932039,1,3,0,0,76,1448,0.33958,1,0.4375,2,3,0,0,V2,1,0.211042,1620,2,0,2,0.788958,0,2,0,200
EDCF-Shield,v2b,FALCON1024+HMAC-SHA512+AES256GCM+DKG4of7,COMPROMISED_CTRL,60,22.39,9,CYCLE,18,0,732,1400,0,0.34334,0.155802,0,0,0,100,32.76,84.05,0.749652,0.931969,1,3,0,0,76,1448,0.328495,1,0.4444,2,3,0,0,V2,1,0.203735,1700,2,0,2,0.796265,0,2,0,200
EDCF-Shield,v2b,FALCON1024+HMAC-SHA512+AES256GCM+DKG4of7,COMPROMISED_CTRL,60,22.39,9,CUMULATIVE,18,2800,4851,9800,9,0.438202,0.268811,0.363424,0.222222,0.996796,99.81,36.3,79.63,0.749652,0.931969,1,3,0,0,76,1448,0.328495,1,0.4444,2,3,0,0,V2,1,0.203735,1700,2,0,2,0.796265,0,2,0,200
EDCF-Shield,v2b,FALCON1024+HMAC-SHA512+AES256GCM+DKG4of7,COMPROMISED_CTRL,60,22.39,10,CYCLE,20,0,732,1400,0,0.34334,0.140221,0,0,0,100,32.82,83.97,0.749698,0.931864,1,3,0,0,76,1448,0,1,0.45,2,3,0,0,V2,1,0.198362,1764,2,0,2,0.801638,0,2,0,200
EDCF-Shield,v2b,FALCON1024+HMAC-SHA512+AES256GCM+DKG4of7,COMPROMISED_CTRL,60,22.39,10,CUMULATIVE,20,2800,5583,11200,9,0.427879,0.255657,0.333155,0.2,0.996796,99.84,35.87,80.16,0.749698,0.931864,1,3,0,0,76,1448,0,1,0.45,2,3,0,0,V2,1,0.198362,1764,2,0,2,0.801638,0,2,0,200
EDCF-Shield,v2b,FALCON1024+HMAC-SHA512+AES256GCM+DKG4of7,COMPROMISED_CTRL,60,22.39,11,CYCLE,22,0,732,1400,0,0.34334,0.127472,0,0,0,100,32.9,83.87,0.749733,0.931725,1,3,0,0,76,1448,0.255657,1,0.4545,2,3,0,0,V2,1,0.194302,1816.363636,2,0,2,0.805698,0,2,0,200
EDCF-Shield,v2b,FALCON1024+HMAC-SHA512+AES256GCM+DKG4of7,COMPROMISED_CTRL,60,22.39,11,CUMULATIVE,22,2800,6315,12600,9,0.419582,0.244232,0.30754,0.181818,0.996796,99.86,35.54,80.57,0.749733,0.931725,1,3,0,0,76,1448,0.255657,1,0.4545,2,3,0,0,V2,1,0.194302,1816.363636,2,0,2,0.805698,0,2,0,200
EDCF-Shield,v2b,FALCON1024+HMAC-SHA512+AES256GCM+DKG4of7,COMPROMISED_CTRL,60,22.39,12,CYCLE,24,0,732,1400,0,0.34334,0.116849,0,0,0,100,32.99,83.77,0.749761,0.931559,1,3,0,0,76,1448,0.249944,1,0.4583,2,3,0,0,V2,1,0.191163,1860,2,0,2,0.808837,0,2,0,200
EDCF-Shield,v2b,FALCON1024+HMAC-SHA512+AES256GCM+DKG4of7,COMPROMISED_CTRL,60,22.39,12,CUMULATIVE,24,2800,7047,14000,9,0.412768,0.234194,0.285583,0.166667,0.996796,99.87,35.29,80.88,0.749761,0.931559,1,3,0,0,76,1448,0.249944,1,0.4583,2,3,0,0,V2,1,0.191163,1860,2,0,2,0.808837,0,2,0,200
EDCF-Shield,v2b,FALCON1024+HMAC-SHA512+AES256GCM+DKG4of7,COMPROMISED_CTRL,60,22.39,13,CYCLE,26,0,732,1400,0,0.34334,0.10786,0,0,0,100,32.89,83.88,0.749783,0.93148,1,3,0,0,76,1448,0.244694,1,0.4615,2,3,0,0,V2,1,0.188466,1896.923077,2,0,2,0.811534,0,2,0,200
EDCF-Shield,v2b,FALCON1024+HMAC-SHA512+AES256GCM+DKG4of7,COMPROMISED_CTRL,60,22.39,13,CUMULATIVE,26,2800,7779,15400,9,0.407072,0.225288,0.266552,0.153846,0.996796,99.88,35.08,81.15,0.749783,0.93148,1,3,0,0,76,1448,0.244694,1,0.4615,2,3,0,0,V2,1,0.188466,1896.923077,2,0,2,0.811534,0,2,0,200
EDCF-Shield,v2b,FALCON1024+HMAC-SHA512+AES256GCM+DKG4of7,COMPROMISED_CTRL,60,22.39,14,CYCLE,28,0,732,1400,0,0.34334,0.100155,0,0,0,100,32.97,83.78,0.749802,0.931369,1,3,0,0,76,1448,0.239843,1,0.4643,2,3,0,0,V2,1,0.18631,1928.571429,2,0,2,0.81369,0,2,0,200
EDCF-Shield,v2b,FALCON1024+HMAC-SHA512+AES256GCM+DKG4of7,COMPROMISED_CTRL,60,22.39,14,CUMULATIVE,28,2800,8511,16800,9,0.40224,0.217318,0.2499,0.142857,0.996796,99.89,34.9,81.37,0.749802,0.931369,1,3,0,0,76,1448,0.239843,1,0.4643,2,3,0,0,V2,1,0.18631,1928.571429,2,0,2,0.81369,0,2,0,200
EDCF-Shield,v2b,FALCON1024+HMAC-SHA512+AES256GCM+DKG4of7,COMPROMISED_CTRL,60,22.39,15,CYCLE,30,0,732,1400,0,0.34334,0.093477,0,0,0,100,32.95,83.82,0.749817,0.931289,1,3,0,0,76,1448,0.235338,1,0.4667,2,3,0,0,V2,1,0.184452,1956,2,0,2,0.815548,0,2,0,200
EDCF-Shield,v2b,FALCON1024+HMAC-SHA512+AES256GCM+DKG4of7,COMPROMISED_CTRL,60,22.39,15,CUMULATIVE,30,2800,9243,18200,9,0.398089,0.210133,0.235205,0.133333,0.996796,99.9,34.76,81.55,0.749817,0.931289,1,3,0,0,76,1448,0.235338,1,0.4667,2,3,0,0,V2,1,0.184452,1956,2,0,2,0.815548,0,2,0,200
EDCF-Shield,v2b,FALCON1024+HMAC-SHA512+AES256GCM+DKG4of7,COMPROMISED_CTRL,60,22.39,16,CYCLE,32,0,732,1400,0,0.34334,0.087634,0,0,0,100,32.72,84.1,0.749831,0.931329,1,3,0,0,76,1448,0.231137,1,0.4688,2,3,0,0,V2,1,0.182628,1980,2,0,2,0.817372,0,2,0,200
EDCF-Shield,v2b,FALCON1024+HMAC-SHA512+AES256GCM+DKG4of7,COMPROMISED_CTRL,60,22.39,16,CUMULATIVE,32,2800,9975,19600,9,0.394485,0.203613,0.222143,0.125,0.996796,99.91,34.61,81.74,0.749831,0.931329,1,3,0,0,76,1448,0.231137,1,0.4688,2,3,0,0,V2,1,0.182628,1980,2,0,2,0.817372,0,2,0,200
EDCF-Shield,v2b,FALCON1024+HMAC-SHA512+AES256GCM+DKG4of7,COMPROMISED_CTRL,60,22.39,17,CYCLE,34,0,732,1400,0,0.34334,0.082479,0,0,0,100,32.81,83.99,0.749842,0.931326,1,3,0,0,76,1448,0.227205,1,0.4706,2,3,0,0,V2,1,0.181126,2001.176471,2,0,2,0.818874,0,2,0,200
EDCF-Shield,v2b,FALCON1024+HMAC-SHA512+AES256GCM+DKG4of7,COMPROMISED_CTRL,60,22.39,17,CUMULATIVE,34,2800,10707,21000,9,0.391326,0.197661,0.210455,0.117647,0.996796,99.92,34.49,81.89,0.749842,0.931326,1,3,0,0,76,1448,0.227205,1,0.4706,2,3,0,0,V2,1,0.181126,2001.176471,2,0,2,0.818874,0,2,0,200
EDCF-Shield,v2b,FALCON1024+HMAC-SHA512+AES256GCM+DKG4of7,COMPROMISED_CTRL,60,22.39,18,CYCLE,36,0,732,1400,0,0.34334,0.077896,0,0,0,100,33.09,83.64,0.749853,0.931207,1,3,0,0,76,1448,0.223512,1,0.4722,2,3,0,0,V2,1,0.180055,2020,2,0,2,0.819945,0,2,0,200
EDCF-Shield,v2b,FALCON1024+HMAC-SHA512+AES256GCM+DKG4of7,COMPROMISED_CTRL,60,22.39,18,CUMULATIVE,36,2800,11439,22400,9,0.388534,0.1922,0.199936,0.111111,0.996796,99.92,34.4,81.99,0.749853,0.931207,1,3,0,0,76,1448,0.223512,1,0.4722,2,3,0,0,V2,1,0.180055,2020,2,0,2,0.819945,0,2,0,200
EDCF-Shield,v2b,FALCON1024+HMAC-SHA512+AES256GCM+DKG4of7,COMPROMISED_CTRL,60,22.39,19,CYCLE,38,0,732,1400,0,0.34334,0.073796,0,0,0,100,33.2,83.5,0.749861,0.931059,1,3,0,0,76,1448,0.220033,1,0.4737,2,3,0,0,V2,1,0.179195,2036.842105,2,0,2,0.820805,0,2,0,200
EDCF-Shield,v2b,FALCON1024+HMAC-SHA512+AES256GCM+DKG4of7,COMPROMISED_CTRL,60,22.39,19,CUMULATIVE,38,2800,12171,23800,9,0.38605,0.187167,0.190418,0.105263,0.996796,99.93,34.34,82.08,0.749861,0.931059,1,3,0,0,76,1448,0.220033,1,0.4737,2,3,0,0,V2,1,0.179195,2036.842105,2,0,2,0.820805,0,2,0,200
EDCF-Shield,v2b,FALCON1024+HMAC-SHA512+AES256GCM+DKG4of7,COMPROMISED_CTRL,60,22.39,20,CYCLE,40,0,732,1400,0,0.34334,0.070105,0,0,0,100,33.2,83.5,0.749869,0.930927,1,3,0,0,76,1448,0.216746,1,0.475,2,3,0,0,V2,1,0.178429,2052,2,0,2,0.821571,0,2,0,200
EDCF-Shield,v2b,FALCON1024+HMAC-SHA512+AES256GCM+DKG4of7,COMPROMISED_CTRL,60,22.39,20,CUMULATIVE,40,2800,12903,25200,9,0.383824,0.182508,0.181765,0.1,0.996796,99.93,34.27,82.16,0.749869,0.930927,1,3,0,0,76,1448,0.216746,1,0.475,2,3,0,0,V2,1,0.178429,2052,2,0,2,0.821571,0,2,0,200
EDCF-Shield,v2b,FALCON1024+HMAC-SHA512+AES256GCM+DKG4of7,COMPROMISED_CTRL,60,22.39,21,CYCLE,42,0,732,1400,0,0.34334,0.066766,0,0,0,100,33.18,83.52,0.749876,0.930815,1,3,0,0,76,1448,0.213634,1,0.4762,2,3,0,0,V2,1,0.177728,2065.714286,2,0,2,0.822272,0,2,0,200
EDCF-Shield,v2b,FALCON1024+HMAC-SHA512+AES256GCM+DKG4of7,COMPROMISED_CTRL,60,22.39,21,CUMULATIVE,42,2800,13635,26600,9,0.381819,0.17818,0.173864,0.095238,0.996796,99.93,34.22,82.23,0.749876,0.930815,1,3,0,0,76,1448,0.213634,1,0.4762,2,3,0,0,V2,1,0.177728,2065.714286,2,0,2,0.822272,0,2,0,200
EDCF-Shield,v2b,FALCON1024+HMAC-SHA512+AES256GCM+DKG4of7,COMPROMISED_CTRL,60,22.39,22,CYCLE,44,0,732,1400,0,0.34334,0.063731,0,0,0,100,33.25,83.44,0.749883,0.930692,1,3,0,0,76,1448,0.210679,1,0.4773,2,3,0,0,V2,1,0.17714,2078.181818,2,0,2,0.82286,0,2,0,200
EDCF-Shield,v2b,FALCON1024+HMAC-SHA512+AES256GCM+DKG4of7,COMPROMISED_CTRL,60,22.39,22,CUMULATIVE,44,2800,14367,28000,9,0.380003,0.174145,0.166622,0.090909,0.996796,99.94,34.17,82.29,0.749883,0.930692,1,3,0,0,76,1448,0.210679,1,0.4773,2,3,0,0,V2,1,0.17714,2078.181818,2,0,2,0.82286,0,2,0,200
EDCF-Shield,v2b,FALCON1024+HMAC-SHA512+AES256GCM+DKG4of7,COMPROMISED_CTRL,60,22.39,23,CYCLE,46,0,732,1400,0,0.34334,0.06096,0,0,0,100,33.17,83.54,0.749888,0.930606,1,3,0,0,76,1448,0.207869,1,0.4783,2,3,0,0,V2,1,0.176555,2089.565217,2,0,2,0.823445,0,2,0,200
EDCF-Shield,v2b,FALCON1024+HMAC-SHA512+AES256GCM+DKG4of7,COMPROMISED_CTRL,60,22.39,23,CUMULATIVE,46,2800,15099,29400,9,0.37835,0.170372,0.159959,0.086957,0.996796,99.94,34.12,82.34,0.749888,0.930606,1,3,0,0,76,1448,0.207869,1,0.4783,2,3,0,0,V2,1,0.176555,2089.565217,2,0,2,0.823445,0,2,0,200
EDCF-Shield,v2b,FALCON1024+HMAC-SHA512+AES256GCM+DKG4of7,COMPROMISED_CTRL,60,22.39,24,CYCLE,48,0,732,1400,0,0.34334,0.058419,0,0,0,100,33.18,83.53,0.749893,0.930525,1,3,0,0,76,1448,0.205191,1,0.4792,2,3,0,0,V2,1,0.17603,2100,2,0,2,0.82397,0,2,0,200
EDCF-Shield,v2b,FALCON1024+HMAC-SHA512+AES256GCM+DKG4of7,COMPROMISED_CTRL,60,22.39,24,CUMULATIVE,48,2800,15831,30800,9,0.376841,0.166833,0.153808,0.083333,0.996796,99.94,34.08,82.4,0.749893,0.930525,1,3,0,0,76,1448,0.205191,1,0.4792,2,3,0,0,V2,1,0.17603,2100,2,0,2,0.82397,0,2,0,200
EDCF-Shield,v2b,FALCON1024+HMAC-SHA512+AES256GCM+DKG4of7,COMPROMISED_CTRL,60,22.39,25,CYCLE,50,0,732,1400,0,0.34334,0.056082,0,0,0,100,33.41,83.24,0.749898,0.930388,1,3,0,0,76,1448,0.202633,1,0.48,2,3,0,0,V2,1,0.175675,2109.6,2,0,2,0.824325,0,2,0,200
EDCF-Shield,v2b,FALCON1024+HMAC-SHA512+AES256GCM+DKG4of7,COMPROMISED_CTRL,60,22.39,25,CUMULATIVE,50,2800,16563,32200,9,0.375456,0.163505,0.148113,0.08,0.996796,99.95,34.05,82.43,0.749898,0.930388,1,3,0,0,76,1448,0.202633,1,0.48,2,3,0,0,V2,1,0.175675,2109.6,2,0,2,0.824325,0,2,0,200
EDCF-Shield,v2b,FALCON1024+HMAC-SHA512+AES256GCM+DKG4of7,COMPROMISED_CTRL,60,22.39,26,CYCLE,52,0,732,1400,0,0.34334,0.053925,0,0,0,100,33.56,83.05,0.749902,0.930223,1,3,0,0,76,1448,0.200188,1,0.4808,2,3,0,0,V2,1,0.175427,2118.461538,2,0,2,0.824573,0,2,0,200
EDCF-Shield,v2b,FALCON1024+HMAC-SHA512+AES256GCM+DKG4of7,COMPROMISED_CTRL,60,22.39,26,CUMULATIVE,52,2800,17295,33600,9,0.374181,0.160369,0.142824,0.076923,0.996796,99.95,34.03,82.46,0.749902,0.930223,1,3,0,0,76,1448,0.200188,1,0.4808,2,3,0,0,V2,1,0.175427,2118.461538,2,0,2,0.824573,0,2,0,200
EDCF-Shield,v2b,FALCON1024+HMAC-SHA512+AES256GCM+DKG4of7,COMPROMISED_CTRL,60,22.39,27,CYCLE,54,0,732,1400,0,0.34334,0.051927,0,0,0,100,33.63,82.96,0.749906,0.930051,1,3,0,0,76,1448,0.197846,1,0.4815,2,3,0,0,V2,1,0.175236,2126.666667,2,0,2,0.824764,0,2,0,200
EDCF-Shield,v2b,FALCON1024+HMAC-SHA512+AES256GCM+DKG4of7,COMPROMISED_CTRL,60,22.39,27,CUMULATIVE,54,2800,18027,35000,9,0.373003,0.157406,0.1379,0.074074,0.996796,99.95,34.02,82.48,0.749906,0.930051,1,3,0,0,76,1448,0.197846,1,0.4815,2,3,0,0,V2,1,0.175236,2126.666667,2,0,2,0.824764,0,2,0,200
EDCF-Shield,v2b,FALCON1024+HMAC-SHA512+AES256GCM+DKG4of7,COMPROMISED_CTRL,60,22.39,28,CYCLE,56,0,732,1400,0,0.34334,0.050072,0,0,0,100,33.44,83.21,0.74991,0.92994,1,3,0,0,76,1448,0.195599,1,0.4821,2,3,0,0,V2,1,0.174965,2134.285714,2,0,2,0.825035,0,2,0,200
EDCF-Shield,v2b,FALCON1024+HMAC-SHA512+AES256GCM+DKG4of7,COMPROMISED_CTRL,60,22.39,28,CUMULATIVE,56,2800,18759,36400,9,0.371912,0.154602,0.133305,0.071429,0.996796,99.95,34,82.5,0.74991,0.92994,1,3,0,0,76,1448,0.195599,1,0.4821,2,3,0,0,V2,1,0.174965,2134.285714,2,0,2,0.825035,0,2,0,200
EDCF-Shield,v2b,FALCON1024+HMAC-SHA512+AES256GCM+DKG4of7,COMPROMISED_CTRL,60,22.39,29,CYCLE,58,0,732,1400,0,0.34334,0.048345,0,0,0,100,33.4,83.25,0.749913,0.929845,1,3,0,0,76,1448,0.193441,1,0.4828,2,3,0,0,V2,1,0.174697,2141.37931,2,0,2,0.825303,0,2,0,200
EDCF-Shield,v2b,FALCON1024+HMAC-SHA512+AES256GCM+DKG4of7,COMPROMISED_CTRL,60,22.39,29,CUMULATIVE,58,2800,19491,37800,9,0.370899,0.151942,0.129006,0.068966,0.996796,99.95,33.98,82.53,0.749913,0.929845,1,3,0,0,76,1448,0.193441,1,0.4828,2,3,0,0,V2,1,0.174697,2141.37931,2,0,2,0.825303,0,2,0,200
EDCF-Shield,v2b,FALCON1024+HMAC-SHA512+AES256GCM+DKG4of7,COMPROMISED_CTRL,60,22.39,30,CYCLE,60,0,732,1400,0,0.34334,0.046733,0,0,0,100,33.51,83.12,0.749917,0.929732,1,3,0,0,76,1448,0.191366,1,0.4833,2,3,0,0,V2,1,0.174495,2148,2,0,2,0.825505,0,2,0,200
EDCF-Shield,v2b,FALCON1024+HMAC-SHA512+AES256GCM+DKG4of7,COMPROMISED_CTRL,60,22.39,30,CUMULATIVE,60,2800,20223,39200,9,0.369954,0.149414,0.124975,0.066667,0.996796,99.96,33.96,82.55,0.749917,0.929732,1,3,0,0,76,1448,0.191366,1,0.4833,2,3,0,0,V2,1,0.174495,2148,2,0,2,0.825505,0,2,0,200
EDCF-Shield,v2b,FALCON1024+HMAC-SHA512+AES256GCM+DKG4of7,COMPROMISED_CTRL,60,22.39,31,CYCLE,62,0,732,1400,0,0.34334,0.045226,0,0,0,100,33.63,82.97,0.749919,0.929602,1,3,0,0,76,1448,0.189369,1,0.4839,2,3,0,0,V2,1,0.174357,2154.193548,2,0,2,0.825643,0,2,0,200
EDCF-Shield,v2b,FALCON1024+HMAC-SHA512+AES256GCM+DKG4of7,COMPROMISED_CTRL,60,22.39,31,CUMULATIVE,62,2800,20955,40600,9,0.369073,0.147009,0.121189,0.064516,0.996796,99.96,33.95,82.56,0.749919,0.929602,1,3,0,0,76,1448,0.189369,1,0.4839,2,3,0,0,V2,1,0.174357,2154.193548,2,0,2,0.825643,0,2,0,200
EDCF-Shield,v2b,FALCON1024+HMAC-SHA512+AES256GCM+DKG4of7,COMPROMISED_CTRL,60,22.39,32,CYCLE,64,0,732,1400,0,0.34334,0.043812,0,0,0,100,33.46,83.18,0.749922,0.929515,1,3,0,0,76,1448,0.187443,1,0.4844,2,3,0,0,V2,1,0.174157,2160,2,0,2,0.825843,0,2,0,200
EDCF-Shield,v2b,FALCON1024+HMAC-SHA512+AES256GCM+DKG4of7,COMPROMISED_CTRL,60,22.39,32,CUMULATIVE,64,2800,21687,42000,9,0.368248,0.144716,0.117625,0.0625,0.996796,99.96,33.93,82.58,0.749922,0.929515,1,3,0,0,76,1448,0.187443,1,0.4844,2,3,0,0,V2,1,0.174157,2160,2,0,2,0.825843,0,2,0,200
EDCF-Shield,v2b,FALCON1024+HMAC-SHA512+AES256GCM+DKG4of7,COMPROMISED_CTRL,60,22.39,33,CYCLE,66,0,732,1400,0,0.34334,0.042484,0,0,0,100,33.51,83.12,0.749925,0.929423,1,3,0,0,76,1448,0.185585,1,0.4848,2,3,0,0,V2,1,0.173991,2165.454545,2,0,2,0.826009,0,2,0,200
EDCF-Shield,v2b,FALCON1024+HMAC-SHA512+AES256GCM+DKG4of7,COMPROMISED_CTRL,60,22.39,33,CUMULATIVE,66,2800,22419,43400,9,0.367474,0.142527,0.114265,0.060606,0.996796,99.96,33.92,82.6,0.749925,0.929423,1,3,0,0,76,1448,0.185585,1,0.4848,2,3,0,0,V2,1,0.173991,2165.454545,2,0,2,0.826009,0,2,0,200
EDCF-Shield,v2b,FALCON1024+HMAC-SHA512+AES256GCM+DKG4of7,COMPROMISED_CTRL,60,22.39,34,CYCLE,68,0,732,1400,0,0.34334,0.041234,0,0,0,100,33.62,82.97,0.749927,0.929315,1,3,0,0,76,1448,0.183791,1,0.4853,2,3,0,0,V2,1,0.173879,2170.588235,2,0,2,0.826121,0,2,0,200
EDCF-Shield,v2b,FALCON1024+HMAC-SHA512+AES256GCM+DKG4of7,COMPROMISED_CTRL,60,22.39,34,CUMULATIVE,68,2800,23151,44800,9,0.366747,0.140434,0.111091,0.058824,0.996796,99.96,33.91,82.61,0.749927,0.929315,1,3,0,0,76,1448,0.183791,1,0.4853,2,3,0,0,V2,1,0.173879,2170.588235,2,0,2,0.826121,0,2,0,200
EDCF-Shield,v2b,FALCON1024+HMAC-SHA512+AES256GCM+DKG4of7,COMPROMISED_CTRL,60,22.39,35,CYCLE,70,0,732,1400,0,0.34334,0.040056,0,0,0,100,33.87,82.67,0.749929,0.929167,1,3,0,0,76,1448,0.182057,1,0.4857,2,3,0,0,V2,1,0.173864,2175.428571,2,0,2,0.826136,0,2,0,200
EDCF-Shield,v2b,FALCON1024+HMAC-SHA512+AES256GCM+DKG4of7,COMPROMISED_CTRL,60,22.39,35,CUMULATIVE,70,2800,23883,46200,9,0.366062,0.13843,0.108089,0.057143,0.996796,99.96,33.91,82.61,0.749929,0.929167,1,3,0,0,76,1448,0.182057,1,0.4857,2,3,0,0,V2,1,0.173864,2175.428571,2,0,2,0.826136,0,2,0,200
EDCF-Shield,v2b,FALCON1024+HMAC-SHA512+AES256GCM+DKG4of7,COMPROMISED_CTRL,60,22.39,36,CYCLE,72,0,732,1400,0,0.34334,0.038943,0,0,0,100,33.95,82.56,0.749931,0.929012,1,3,0,0,76,1448,0.180379,1,0.4861,2,3,0,0,V2,1,0.173878,2180,2,0,2,0.826122,0,2,0,200
EDCF-Shield,v2b,FALCON1024+HMAC-SHA512+AES256GCM+DKG4of7,COMPROMISED_CTRL,60,22.39,36,CUMULATIVE,72,2800,24615,47600,9,0.365416,0.13651,0.105245,0.055556,0.996796,99.96,33.91,82.61,0.749931,0.929012,1,3,0,0,76,1448,0.180379,1,0.4861,2,3,0,0,V2,1,0.173878,2180,2,0,2,0.826122,0,2,0,200
EDCF-Shield,v2b,FALCON1024+HMAC-SHA512+AES256GCM+DKG4of7,COMPROMISED_CTRL,60,22.39,37,CYCLE,74,0,732,1400,0,0.34334,0.03789,0,0,0,100,33.89,82.64,0.749933,0.928877,1,3,0,0,76,1448,0.178754,1,0.4865,2,3,0,0,V2,1,0.17387,2184.324324,2,0,2,0.82613,0,2,0,200
EDCF-Shield,v2b,FALCON1024+HMAC-SHA512+AES256GCM+DKG4of7,COMPROMISED_CTRL,60,22.39,37,CUMULATIVE,74,2800,25347,49000,9,0.364806,0.134668,0.102547,0.054054,0.996796,99.96,33.91,82.61,0.749933,0.928877,1,3,0,0,76,1448,0.178754,1,0.4865,2,3,0,0,V2,1,0.17387,2184.324324,2,0,2,0.82613,0,2,0,200
EDCF-Shield,v2b,FALCON1024+HMAC-SHA512+AES256GCM+DKG4of7,COMPROMISED_CTRL,60,22.39,38,CYCLE,76,0,732,1400,0,0.34334,0.036893,0,0,0,100,33.88,82.65,0.749935,0.928749,1,3,0,0,76,1448,0.17718,1,0.4868,2,3,0,0,V2,1,0.173861,2188.421053,2,0,2,0.826139,0,2,0,200
EDCF-Shield,v2b,FALCON1024+HMAC-SHA512+AES256GCM+DKG4of7,COMPROMISED_CTRL,60,22.39,38,CUMULATIVE,76,2800,26079,50400,9,0.364229,0.132898,0.099984,0.052632,0.996796,99.97,33.91,82.61,0.749935,0.928749,1,3,0,0,76,1448,0.17718,1,0.4868,2,3,0,0,V2,1,0.173861,2188.421053,2,0,2,0.826139,0,2,0,200
EDCF-Shield,v2b,FALCON1024+HMAC-SHA512+AES256GCM+DKG4of7,COMPROMISED_CTRL,60,22.39,39,CYCLE,78,0,732,1400,0,0.34334,0.035946,0,0,0,100,33.99,82.52,0.749937,0.928611,1,3,0,0,76,1448,0.175653,1,0.4872,2,3,0,0,V2,1,0.173885,2192.307692,2,0,2,0.826115,0,2,0,200
EDCF-Shield,v2b,FALCON1024+HMAC-SHA512+AES256GCM+DKG4of7,COMPROMISED_CTRL,60,22.39,39,CUMULATIVE,78,2800,26811,51800,9,0.363682,0.131197,0.097546,0.051282,0.996796,99.97,33.91,82.61,0.749937,0.928611,1,3,0,0,76,1448,0.175653,1,0.4872,2,3,0,0,V2,1,0.173885,2192.307692,2,0,2,0.826115,0,2,0,200
EDCF-Shield,v2b,FALCON1024+HMAC-SHA512+AES256GCM+DKG4of7,COMPROMISED_CTRL,60,22.39,40,CYCLE,80,0,732,1400,0,0.34334,0.035048,0,0,0,100,34.09,82.38,0.749939,0.928463,1,3,0,0,76,1448,0.174171,1,0.4875,2,3,0,0,V2,1,0.173942,2196,2,0,2,0.826058,0,2,0,200
EDCF-Shield,v2b,FALCON1024+HMAC-SHA512+AES256GCM+DKG4of7,COMPROMISED_CTRL,60,22.39,40,CUMULATIVE,80,2800,27543,53200,9,0.363163,0.129558,0.095224,0.05,0.996796,99.97,33.92,82.61,0.749939,0.928463,1,3,0,0,76,1448,0.174171,1,0.4875,2,3,0,0,V2,1,0.173942,2196,2,0,2,0.826058,0,2,0,200
EDCF-Shield,v2b,FALCON1024+HMAC-SHA512+AES256GCM+DKG4of7,COMPROMISED_CTRL,60,22.39,41,CYCLE,82,0,732,1400,0,0.34334,0.034193,0,0,0,100,34.2,82.25,0.74994,0.928306,1,3,0,0,76,1448,0.172732,1,0.4878,2,3,0,0,V2,1,0.174027,2199.512195,2,0,2,0.825973,0,2,0,200
EDCF-Shield,v2b,FALCON1024+HMAC-SHA512+AES256GCM+DKG4of7,COMPROMISED_CTRL,60,22.39,41,CUMULATIVE,82,2800,28275,54600,9,0.36267,0.12798,0.093009,0.04878,0.996796,99.97,33.92,82.6,0.74994,0.928306,1,3,0,0,76,1448,0.172732,1,0.4878,2,3,0,0,V2,1,0.174027,2199.512195,2,0,2,0.825973,0,2,0,200
EDCF-Shield,v2b,FALCON1024+HMAC-SHA512+AES256GCM+DKG4of7,COMPROMISED_CTRL,60,22.39,42,CYCLE,84,0,732,1400,0,0.34334,0.033378,0,0,0,100,34.39,82.01,0.749942,0.928127,1,3,0,0,76,1448,0.171333,1,0.4881,2,3,0,0,V2,1,0.174163,2202.857143,2,0,2,0.825837,0,2,0,200
EDCF-Shield,v2b,FALCON1024+HMAC-SHA512+AES256GCM+DKG4of7,COMPROMISED_CTRL,60,22.39,42,CUMULATIVE,84,2800,29007,56000,9,0.362201,0.126458,0.090896,0.047619,0.996796,99.97,33.93,82.58,0.749942,0.928127,1,3,0,0,76,1448,0.171333,1,0.4881,2,3,0,0,V2,1,0.174163,2202.857143,2,0,2,0.825837,0,2,0,200
EDCF-Shield,v2b,FALCON1024+HMAC-SHA512+AES256GCM+DKG4of7,COMPROMISED_CTRL,60,22.39,43,CYCLE,86,0,732,1400,0,0.34334,0.032602,0,0,0,100,34.23,82.21,0.749943,0.92798,1,3,0,0,76,1448,0.169973,1,0.4884,2,3,0,0,V2,1,0.174249,2206.046512,2,0,2,0.825751,0,2,0,200
EDCF-Shield,v2b,FALCON1024+HMAC-SHA512+AES256GCM+DKG4of7,COMPROMISED_CTRL,60,22.39,43,CUMULATIVE,86,2800,29739,57400,9,0.361753,0.124989,0.088876,0.046512,0.996796,99.97,33.94,82.58,0.749943,0.92798,1,3,0,0,76,1448,0.169973,1,0.4884,2,3,0,0,V2,1,0.174249,2206.046512,2,0,2,0.825751,0,2,0,200
EDCF-Shield,v2b,FALCON1024+HMAC-SHA512+AES256GCM+DKG4of7,COMPROMISED_CTRL,60,22.39,44,CYCLE,88,0,732,1400,0,0.34334,0.031861,0,0,0,100,34.28,82.15,0.749945,0.927832,1,3,0,0,76,1448,0.16865,1,0.4886,2,3,0,0,V2,1,0.174344,2209.090909,2,0,2,0.825656,0,2,0,200
EDCF-Shield,v2b,FALCON1024+HMAC-SHA512+AES256GCM+DKG4of7,COMPROMISED_CTRL,60,22.39,44,CUMULATIVE,88,2800,30471,58800,9,0.361327,0.12357,0.086944,0.045455,0.996796,99.97,33.95,82.57,0.749945,0.927832,1,3,0,0,76,1448,0.16865,1,0.4886,2,3,0,0,V2,1,0.174344,2209.090909,2,0,2,0.825656,0,2,0,200
EDCF-Shield,v2b,FALCON1024+HMAC-SHA512+AES256GCM+DKG4of7,COMPROMISED_CTRL,60,22.39,45,CYCLE,90,0,732,1400,0,0.34334,0.031152,0,0,0,100,34.6,81.75,0.749946,0.927648,1,3,0,0,76,1448,0.167362,1,0.4889,2,3,0,0,V2,1,0.174517,2212,2,0,2,0.825483,0,2,0,200
EDCF-Shield,v2b,FALCON1024+HMAC-SHA512+AES256GCM+DKG4of7,COMPROMISED_CTRL,60,22.39,45,CUMULATIVE,90,2800,31203,60200,9,0.36092,0.122198,0.085095,0.044444,0.996796,99.97,33.96,82.55,0.749946,0.927648,1,3,0,0,76,1448,0.167362,1,0.4889,2,3,0,0,V2,1,0.174517,2212,2,0,2,0.825483,0,2,0,200
EDCF-Shield,v2b,FALCON1024+HMAC-SHA512+AES256GCM+DKG4of7,COMPROMISED_CTRL,60,22.39,46,CYCLE,92,0,732,1400,0,0.34334,0.030475,0,0,0,100,34.64,81.7,0.749947,0.927465,1,3,0,0,76,1448,0.166108,1,0.4891,2,3,0,0,V2,1,0.174693,2214.782609,2,0,2,0.825307,0,2,0,200
EDCF-Shield,v2b,FALCON1024+HMAC-SHA512+AES256GCM+DKG4of7,COMPROMISED_CTRL,60,22.39,46,CUMULATIVE,92,2800,31935,61600,9,0.360531,0.120871,0.083322,0.043478,0.996796,99.97,33.98,82.53,0.749947,0.927465,1,3,0,0,76,1448,0.166108,1,0.4891,2,3,0,0,V2,1,0.174693,2214.782609,2,0,2,0.825307,0,2,0,200
EDCF-Shield,v2b,FALCON1024+HMAC-SHA512+AES256GCM+DKG4of7,COMPROMISED_CTRL,60,22.39,47,CYCLE,94,0,732,1400,0,0.34334,0.029826,0,0,0,100,34.42,81.97,0.749948,0.927319,1,3,0,0,76,1448,0.164885,1,0.4894,2,3,0,0,V2,1,0.174808,2217.446809,2,0,2,0.825192,0,2,0,200
EDCF-Shield,v2b,FALCON1024+HMAC-SHA512+AES256GCM+DKG4of7,COMPROMISED_CTRL,60,22.39,47,CUMULATIVE,94,2800,32667,63000,9,0.360159,0.119587,0.081622,0.042553,0.996796,99.97,33.98,82.52,0.749948,0.927319,1,3,0,0,76,1448,0.164885,1,0.4894,2,3,0,0,V2,1,0.174808,2217.446809,2,0,2,0.825192,0,2,0,200
EDCF-Shield,v2b,FALCON1024+HMAC-SHA512+AES256GCM+DKG4of7,COMPROMISED_CTRL,60,22.39,48,CYCLE,96,0,732,1400,0,0.34334,0.029205,0,0,0,100,34.27,82.17,0.749949,0.927198,1,3,0,0,76,1448,0.163693,1,0.4896,2,3,0,0,V2,1,0.174881,2220,2,0,2,0.825119,0,2,0,200
EDCF-Shield,v2b,FALCON1024+HMAC-SHA512+AES256GCM+DKG4of7,COMPROMISED_CTRL,60,22.39,48,CUMULATIVE,96,2800,33399,64400,9,0.359802,0.118342,0.07999,0.041667,0.996796,99.97,33.99,82.51,0.749949,0.927198,1,3,0,0,76,1448,0.163693,1,0.4896,2,3,0,0,V2,1,0.174881,2220,2,0,2,0.825119,0,2,0,200
EDCF-Shield,v2b,FALCON1024+HMAC-SHA512+AES256GCM+DKG4of7,COMPROMISED_CTRL,60,22.39,49,CYCLE,98,0,732,1400,0,0.34334,0.028608,0,0,0,100,34.09,82.38,0.749951,0.927105,1,3,0,0,76,1448,0.16253,1,0.4898,2,3,0,0,V2,1,0.174907,2222.44898,2,0,2,0.825093,0,2,0,200
EDCF-Shield,v2b,FALCON1024+HMAC-SHA512+AES256GCM+DKG4of7,COMPROMISED_CTRL,60,22.39,49,CUMULATIVE,98,2800,34131,65800,9,0.359461,0.117135,0.078421,0.040816,0.996796,99.97,33.99,82.51,0.749951,0.927105,1,3,0,0,76,1448,0.16253,1,0.4898,2,3,0,0,V2,1,0.174907,2222.44898,2,0,2,0.825093,0,2,0,200
EDCF-Shield,v2b,FALCON1024+HMAC-SHA512+AES256GCM+DKG4of7,COMPROMISED_CTRL,60,22.39,50,CYCLE,100,0,732,1400,0,0.34334,0.028036,0,0,0,100,34,82.5,0.749952,0.927027,1,3,0,0,76,1448,0.161395,1,0.49,2,3,0,0,V2,1,0.174909,2224.8,2,0,2,0.825091,0,2,0,200
EDCF-Shield,v2b,FALCON1024+HMAC-SHA512+AES256GCM+DKG4of7,COMPROMISED_CTRL,60,22.39,50,CUMULATIVE,100,2800,34863,67200,9,0.359133,0.115965,0.076914,0.04,0.996796,99.97,33.99,82.51,0.749952,0.927027,1,3,0,0,76,1448,0.161395,1,0.49,2,3,0,0,V2,1,0.174909,2224.8,2,0,2,0.825091,0,2,0,200
EDCF-Shield,v2b,FALCON1024+HMAC-SHA512+AES256GCM+DKG4of7,COMPROMISED_CTRL,60,22.39,51,CYCLE,102,0,732,1400,0,0.34334,0.027486,0,0,0,100,34.07,82.41,0.749953,0.926944,1,3,0,0,76,1448,0.160287,1,0.4902,2,3,0,0,V2,1,0.174928,2227.058824,2,0,2,0.825072,0,2,0,200
EDCF-Shield,v2b,FALCON1024+HMAC-SHA512+AES256GCM+DKG4of7,COMPROMISED_CTRL,60,22.39,51,CUMULATIVE,102,2800,35595,68600,9,0.358818,0.114829,0.075463,0.039216,0.996796,99.97,33.99,82.51,0.749953,0.926944,1,3,0,0,76,1448,0.160287,1,0.4902,2,3,0,0,V2,1,0.174928,2227.058824,2,0,2,0.825072,0,2,0,200
EDCF-Shield,v2b,FALCON1024+HMAC-SHA512+AES256GCM+DKG4of7,COMPROMISED_CTRL,60,22.39,52,CYCLE,104,0,732,1400,0,0.34334,0.026957,0,0,0,100,34.31,82.12,0.749954,0.926835,1,3,0,0,76,1448,0.159205,1,0.4904,2,3,0,0,V2,1,0.175001,2229.230769,2,0,2,0.824999,0,2,0,200
EDCF-Shield,v2b,FALCON1024+HMAC-SHA512+AES256GCM+DKG4of7,COMPROMISED_CTRL,60,22.39,52,CUMULATIVE,104,2800,36327,70000,9,0.358516,0.113725,0.074065,0.038462,0.996796,99.98,34,82.5,0.749954,0.926835,1,3,0,0,76,1448,0.159205,1,0.4904,2,3,0,0,V2,1,0.175001,2229.230769,2,0,2,0.824999,0,2,0,200
EDCF-Shield,v2b,FALCON1024+HMAC-SHA512+AES256GCM+DKG4of7,COMPROMISED_CTRL,60,22.39,53,CYCLE,106,0,732,1400,0,0.34334,0.026449,0,0,0,100,34.29,82.14,0.749954,0.926731,1,3,0,0,76,1448,0.158147,1,0.4906,2,3,0,0,V2,1,0.175068,2231.320755,2,0,2,0.824932,0,2,0,200
EDCF-Shield,v2b,FALCON1024+HMAC-SHA512+AES256GCM+DKG4of7,COMPROMISED_CTRL,60,22.39,53,CUMULATIVE,106,2800,37059,71400,9,0.358225,0.112653,0.072719,0.037736,0.996796,99.98,34.01,82.49,0.749954,0.926731,1,3,0,0,76,1448,0.158147,1,0.4906,2,3,0,0,V2,1,0.175068,2231.320755,2,0,2,0.824932,0,2,0,200
EDCF-Shield,v2b,FALCON1024+HMAC-SHA512+AES256GCM+DKG4of7,COMPROMISED_CTRL,60,22.39,54,CYCLE,108,0,732,1400,0,0.34334,0.025959,0,0,0,100,34.22,82.23,0.749955,0.92664,1,3,0,0,76,1448,0.157113,1,0.4907,2,3,0,0,V2,1,0.175116,2233.333333,2,0,2,0.824884,0,2,0,200
EDCF-Shield,v2b,FALCON1024+HMAC-SHA512+AES256GCM+DKG4of7,COMPROMISED_CTRL,60,22.39,54,CUMULATIVE,108,2800,37791,72800,9,0.357945,0.111611,0.07142,0.037037,0.996796,99.98,34.01,82.49,0.749955,0.92664,1,3,0,0,76,1448,0.157113,1,0.4907,2,3,0,0,V2,1,0.175116,2233.333333,2,0,2,0.824884,0,2,0,200
EDCF-Shield,v2b,FALCON1024+HMAC-SHA512+AES256GCM+DKG4of7,COMPROMISED_CTRL,60,22.39,55,CYCLE,110,0,732,1400,0,0.34334,0.025486,0,0,0,100,34.44,81.95,0.749956,0.926527,1,3,0,0,76,1448,0.156102,1,0.4909,2,3,0,0,V2,1,0.175211,2235.272727,2,0,2,0.824789,0,2,0,200
EDCF-Shield,v2b,FALCON1024+HMAC-SHA512+AES256GCM+DKG4of7,COMPROMISED_CTRL,60,22.39,55,CUMULATIVE,110,2800,38523,74200,9,0.357676,0.110597,0.070168,0.036364,0.996796,99.98,34.02,82.48,0.749956,0.926527,1,3,0,0,76,1448,0.156102,1,0.4909,2,3,0,0,V2,1,0.175211,2235.272727,2,0,2,0.824789,0,2,0,200
EDCF-Shield,v2b,FALCON1024+HMAC-SHA512+AES256GCM+DKG4of7,COMPROMISED_CTRL,60,22.39,56,CYCLE,112,0,732,1400,0,0.34334,0.025031,0,0,0,100,34.43,81.96,0.749957,0.926419,1,3,0,0,76,1448,0.155113,1,0.4911,2,3,0,0,V2,1,0.175301,2237.142857,2,0,2,0.824699,0,2,0,200
EDCF-Shield,v2b,FALCON1024+HMAC-SHA512+AES256GCM+DKG4of7,COMPROMISED_CTRL,60,22.39,56,CUMULATIVE,112,2800,39255,75600,9,0.357416,0.10961,0.068958,0.035714,0.996796,99.98,34.02,82.47,0.749957,0.926419,1,3,0,0,76,1448,0.155113,1,0.4911,2,3,0,0,V2,1,0.175301,2237.142857,2,0,2,0.824699,0,2,0,200
EDCF-Shield,v2b,FALCON1024+HMAC-SHA512+AES256GCM+DKG4of7,COMPROMISED_CTRL,60,22.39,57,CYCLE,114,0,732,1400,0,0.34334,0.024592,0,0,0,100,34.53,81.83,0.749958,0.926303,1,3,0,0,76,1448,0.154145,1,0.4912,2,3,0,0,V2,1,0.175408,2238.947368,2,0,2,0.824592,0,2,0,200
EDCF-Shield,v2b,FALCON1024+HMAC-SHA512+AES256GCM+DKG4of7,COMPROMISED_CTRL,60,22.39,57,CUMULATIVE,114,2800,39987,77000,9,0.357166,0.108649,0.067789,0.035088,0.996796,99.98,34.03,82.46,0.749958,0.926303,1,3,0,0,76,1448,0.154145,1,0.4912,2,3,0,0,V2,1,0.175408,2238.947368,2,0,2,0.824592,0,2,0,200
EDCF-Shield,v2b,FALCON1024+HMAC-SHA512+AES256GCM+DKG4of7,COMPROMISED_CTRL,60,22.39,58,CYCLE,116,0,732,1400,0,0.34334,0.024168,0,0,0,100,34.49,81.89,0.749959,0.926196,1,3,0,0,76,1448,0.153197,1,0.4914,2,3,0,0,V2,1,0.175504,2240.689655,2,0,2,0.824496,0,2,0,200
EDCF-Shield,v2b,FALCON1024+HMAC-SHA512+AES256GCM+DKG4of7,COMPROMISED_CTRL,60,22.39,58,CUMULATIVE,116,2800,40719,78400,9,0.356924,0.107713,0.06666,0.034483,0.996796,99.98,34.04,82.45,0.749959,0.926196,1,3,0,0,76,1448,0.153197,1,0.4914,2,3,0,0,V2,1,0.175504,2240.689655,2,0,2,0.824496,0,2,0,200
EDCF-Shield,v2b,FALCON1024+HMAC-SHA512+AES256GCM+DKG4of7,COMPROMISED_CTRL,60,22.39,59,CYCLE,118,0,732,1400,0,0.34334,0.023758,0,0,0,100,34.44,81.95,0.749959,0.926097,1,3,0,0,76,1448,0.152269,1,0.4915,2,3,0,0,V2,1,0.175587,2242.372881,2,0,2,0.824413,0,2,0,200
EDCF-Shield,v2b,FALCON1024+HMAC-SHA512+AES256GCM+DKG4of7,COMPROMISED_CTRL,60,22.39,59,CUMULATIVE,118,2800,41451,79800,9,0.35669,0.106801,0.065567,0.033898,0.996796,99.98,34.05,82.44,0.749959,0.926097,1,3,0,0,76,1448,0.152269,1,0.4915,2,3,0,0,V2,1,0.175587,2242.372881,2,0,2,0.824413,0,2,0,200
EDCF-Shield,v2b,FALCON1024+HMAC-SHA512+AES256GCM+DKG4of7,COMPROMISED_CTRL,60,22.39,60,CYCLE,120,0,732,1400,0,0.34334,0.023362,0,0,0,100,34.52,81.86,0.74996,0.925994,1,3,0,0,76,1448,0.151359,1,0.4917,2,3,0,0,V2,1,0.175681,2244,2,0,2,0.824319,0,2,0,200
EDCF-Shield,v2b,FALCON1024+HMAC-SHA512+AES256GCM+DKG4of7,COMPROMISED_CTRL,60,22.39,60,CUMULATIVE,120,2800,42183,81200,9,0.356465,0.105911,0.064509,0.033333,0.996796,99.98,34.05,82.43,0.74996,0.925994,1,3,0,0,76,1448,0.151359,1,0.4917,2,3,0,0,V2,1,0.175681,2244,2,0,2,0.824319,0,2,0,200
EDCF-Shield,v2b,FALCON1024+HMAC-SHA512+AES256GCM+DKG4of7,COMPROMISED_CTRL,60,22.39,61,CYCLE,122,0,732,1400,0,0.34334,0.022979,0,0,0,100,34.68,81.65,0.749961,0.925877,1,3,0,0,76,1448,0.150468,1,0.4918,2,3,0,0,V2,1,0.175804,2245.57377,2,0,2,0.824196,0,2,0,200
EDCF-Shield,v2b,FALCON1024+HMAC-SHA512+AES256GCM+DKG4of7,COMPROMISED_CTRL,60,22.39,61,CUMULATIVE,122,2800,42915,82600,9,0.356247,0.105044,0.063486,0.032787,0.996796,99.98,34.06,82.42,0.749961,0.925877,1,3,0,0,76,1448,0.150468,1,0.4918,2,3,0,0,V2,1,0.175804,2245.57377,2,0,2,0.824196,0,2,0,200
EDCF-Shield,v2b,FALCON1024+HMAC-SHA512+AES256GCM+DKG4of7,COMPROMISED_CTRL,60,22.39,62,CYCLE,124,0,732,1400,0,0.34334,0.022608,0,0,0,100,34.74,81.58,0.749961,0.925758,1,3,0,0,76,1448,0.149595,1,0.4919,2,3,0,0,V2,1,0.175934,2247.096774,2,0,2,0.824066,0,2,0,200
EDCF-Shield,v2b,FALCON1024+HMAC-SHA512+AES256GCM+DKG4of7,COMPROMISED_CTRL,60,22.39,62,CUMULATIVE,124,2800,43647,84000,9,0.356036,0.104197,0.062494,0.032258,0.996796,99.98,34.07,82.41,0.749961,0.925758,1,3,0,0,76,1448,0.149595,1,0.4919,2,3,0,0,V2,1,0.175934,2247.096774,2,0,2,0.824066,0,2,0,200
EDCF-Shield,v2b,FALCON1024+HMAC-SHA512+AES256GCM+DKG4of7,COMPROMISED_CTRL,60,22.39,63,CYCLE,126,0,732,1400,0,0.34334,0.022249,0,0,0,100,34.86,81.43,0.749962,0.925631,1,3,0,0,76,1448,0.148738,1,0.4921,2,3,0,0,V2,1,0.176081,2248.571429,2,0,2,0.823919,0,2,0,200
EDCF-Shield,v2b,FALCON1024+HMAC-SHA512+AES256GCM+DKG4of7,COMPROMISED_CTRL,60,22.39,63,CUMULATIVE,126,2800,44379,85400,9,0.355832,0.10337,0.061532,0.031746,0.996796,99.98,34.09,82.39,0.749962,0.925631,1,3,0,0,76,1448,0.148738,1,0.4921,2,3,0,0,V2,1,0.176081,2248.571429,2,0,2,0.823919,0,2,0,200
EDCF-Shield,v2b,FALCON1024+HMAC-SHA512+AES256GCM+DKG4of7,COMPROMISED_CTRL,60,22.39,64,CYCLE,128,0,732,1400,0,0.34334,0.021901,0,0,0,100,34.9,81.38,0.749963,0.925505,1,3,0,0,76,1448,0.147898,1,0.4922,2,3,0,0,V2,1,0.176231,2250,2,0,2,0.823769,0,2,0,200
EDCF-Shield,v2b,FALCON1024+HMAC-SHA512+AES256GCM+DKG4of7,COMPROMISED_CTRL,60,22.39,64,CUMULATIVE,128,2800,45111,86800,9,0.355634,0.102563,0.0606,0.03125,0.996796,99.98,34.1,82.38,0.749963,0.925505,1,3,0,0,76,1448,0.147898,1,0.4922,2,3,0,0,V2,1,0.176231,2250,2,0,2,0.823769,0,2,0,200
EDCF-Shield,v2b,FALCON1024+HMAC-SHA512+AES256GCM+DKG4of7,COMPROMISED_CTRL,60,22.39,65,CYCLE,130,0,732,1400,0,0.34334,0.021564,0,0,0,100,34.92,81.36,0.749963,0.92538,1,3,0,0,76,1448,0.147074,1,0.4923,2,3,0,0,V2,1,0.17638,2251.384615,2,0,2,0.82362,0,2,0,200
EDCF-Shield,v2b,FALCON1024+HMAC-SHA512+AES256GCM+DKG4of7,COMPROMISED_CTRL,60,22.39,65,CUMULATIVE,130,2800,45843,88200,9,0.355442,0.101775,0.059696,0.030769,0.996796,99.98,34.11,82.36,0.749963,0.92538,1,3,0,0,76,1448,0.147074,1,0.4923,2,3,0,0,V2,1,0.17638,2251.384615,2,0,2,0.82362,0,2,0,200
EDCF-Shield,v2b,FALCON1024+HMAC-SHA512+AES256GCM+DKG4of7,COMPROMISED_CTRL,60,22.39,66,CYCLE,132,0,732,1400,0,0.34334,0.021237,0,0,0,100,35.11,81.11,0.749964,0.925241,1,3,0,0,76,1448,0.146265,1,0.4924,2,3,0,0,V2,1,0.176557,2252.727273,2,0,2,0.823443,0,2,0,200
EDCF-Shield,v2b,FALCON1024+HMAC-SHA512+AES256GCM+DKG4of7,COMPROMISED_CTRL,60,22.39,66,CUMULATIVE,132,2800,46575,89600,9,0.355257,0.101004,0.058818,0.030303,0.996796,99.98,34.12,82.34,0.749964,0.925241,1,3,0,0,76,1448,0.146265,1,0.4924,2,3,0,0,V2,1,0.176557,2252.727273,2,0,2,0.823443,0,2,0,200
EDCF-Shield,v2b,FALCON1024+HMAC-SHA512+AES256GCM+DKG4of7,COMPROMISED_CTRL,60,22.39,67,CYCLE,134,0,732,1400,0,0.34334,0.02092,0,0,0,100,35.16,81.05,0.749964,0.925102,1,3,0,0,76,1448,0.145471,1,0.4925,2,3,0,0,V2,1,0.176737,2254.029851,2,0,2,0.823263,0,2,0,200
EDCF-Shield,v2b,FALCON1024+HMAC-SHA512+AES256GCM+DKG4of7,COMPROMISED_CTRL,60,22.39,67,CUMULATIVE,134,2800,47307,91000,9,0.355077,0.10025,0.057966,0.029851,0.996796,99.98,34.14,82.33,0.749964,0.925102,1,3,0,0,76,1448,0.145471,1,0.4925,2,3,0,0,V2,1,0.176737,2254.029851,2,0,2,0.823263,0,2,0,200
EDCF-Shield,v2b,FALCON1024+HMAC-SHA512+AES256GCM+DKG4of7,COMPROMISED_CTRL,60,22.39,68,CYCLE,136,0,732,1400,0,0.34334,0.020612,0,0,0,100,35.1,81.12,0.749965,0.924972,1,3,0,0,76,1448,0.144691,1,0.4926,2,3,0,0,V2,1,0.176903,2255.294118,2,0,2,0.823097,0,2,0,200
EDCF-Shield,v2b,FALCON1024+HMAC-SHA512+AES256GCM+DKG4of7,COMPROMISED_CTRL,60,22.39,68,CUMULATIVE,136,2800,48039,92400,9,0.354902,0.099514,0.057138,0.029412,0.996796,99.98,34.15,82.31,0.749965,0.924972,1,3,0,0,76,1448,0.144691,1,0.4926,2,3,0,0,V2,1,0.176903,2255.294118,2,0,2,0.823097,0,2,0,200
EDCF-Shield,v2b,FALCON1024+HMAC-SHA512+AES256GCM+DKG4of7,COMPROMISED_CTRL,60,22.39,69,CYCLE,138,0,732,1400,0,0.34334,0.020313,0,0,0,100,35.23,80.96,0.749965,0.924834,1,3,0,0,76,1448,0.143925,1,0.4928,2,3,0,0,V2,1,0.177084,2256.521739,2,0,2,0.822916,0,2,0,200
EDCF-Shield,v2b,FALCON1024+HMAC-SHA512+AES256GCM+DKG4of7,COMPROMISED_CTRL,60,22.39,69,CUMULATIVE,138,2800,48771,93800,9,0.354732,0.098793,0.056333,0.028986,0.996796,99.98,34.17,82.29,0.749965,0.924834,1,3,0,0,76,1448,0.143925,1,0.4928,2,3,0,0,V2,1,0.177084,2256.521739,2,0,2,0.822916,0,2,0,200
EDCF-Shield,v2b,FALCON1024+HMAC-SHA512+AES256GCM+DKG4of7,COMPROMISED_CTRL,60,22.39,70,CYCLE,140,0,732,1400,0,0.34334,0.020023,0,0,0,100,35.24,80.95,0.749966,0.924699,1,3,0,0,76,1448,0.143173,1,0.4929,2,3,0,0,V2,1,0.177263,2257.714286,2,0,2,0.822737,0,2,0,200
EDCF-Shield,v2b,FALCON1024+HMAC-SHA512+AES256GCM+DKG4of7,COMPROMISED_CTRL,60,22.39,70,CUMULATIVE,140,2800,49503,95200,9,0.354568,0.098088,0.055551,0.028571,0.996796,99.98,34.18,82.27,0.749966,0.924699,1,3,0,0,76,1448,0.143173,1,0.4929,2,3,0,0,V2,1,0.177263,2257.714286,2,0,2,0.822737,0,2,0,200
EDCF-Shield,v2b,FALCON1024+HMAC-SHA512+AES256GCM+DKG4of7,COMPROMISED_CTRL,60,22.39,71,CYCLE,142,0,732,1400,0,0.34334,0.019741,0,0,0,100,35.39,80.77,0.749966,0.924555,1,3,0,0,76,1448,0.142434,1,0.493,2,3,0,0,V2,1,0.177459,2258.873239,2,0,2,0.822541,0,2,0,200
EDCF-Shield,v2b,FALCON1024+HMAC-SHA512+AES256GCM+DKG4of7,COMPROMISED_CTRL,60,22.39,71,CUMULATIVE,142,2800,50235,96600,9,0.354408,0.097397,0.05479,0.028169,0.996796,99.98,34.2,82.25,0.749966,0.924555,1,3,0,0,76,1448,0.142434,1,0.493,2,3,0,0,V2,1,0.177459,2258.873239,2,0,2,0.822541,0,2,0,200
EDCF-Shield,v2b,FALCON1024+HMAC-SHA512+AES256GCM+DKG4of7,COMPROMISED_CTRL,60,22.39,72,CYCLE,144,0,732,1400,0,0.34334,0.019466,0,0,0,100,35.47,80.66,0.749967,0.924409,1,3,0,0,76,1448,0.141708,1,0.4931,2,3,0,0,V2,1,0.177662,2260,2,0,2,0.822338,0,2,0,200
EDCF-Shield,v2b,FALCON1024+HMAC-SHA512+AES256GCM+DKG4of7,COMPROMISED_CTRL,60,22.39,72,CUMULATIVE,144,2800,50967,98000,9,0.354252,0.096721,0.054049,0.027778,0.996796,99.98,34.21,82.23,0.749967,0.924409,1,3,0,0,76,1448,0.141708,1,0.4931,2,3,0,0,V2,1,0.177662,2260,2,0,2,0.822338,0,2,0,200
EDCF-Shield,v2b,FALCON1024+HMAC-SHA512+AES256GCM+DKG4of7,COMPROMISED_CTRL,60,22.39,73,CYCLE,146,0,732,1400,0,0.34334,0.0192,0,0,0,100,35.63,80.46,0.749967,0.924254,1,3,0,0,76,1448,0.140994,1,0.4932,2,3,0,0,V2,1,0.177883,2261.09589,2,0,2,0.822117,0,2,0,200
EDCF-Shield,v2b,FALCON1024+HMAC-SHA512+AES256GCM+DKG4of7,COMPROMISED_CTRL,60,22.39,73,CUMULATIVE,146,2800,51699,99400,9,0.354101,0.096059,0.053329,0.027397,0.996796,99.98,34.23,82.21,0.749967,0.924254,1,3,0,0,76,1448,0.140994,1,0.4932,2,3,0,0,V2,1,0.177883,2261.09589,2,0,2,0.822117,0,2,0,200
EDCF-Shield,v2b,FALCON1024+HMAC-SHA512+AES256GCM+DKG4of7,COMPROMISED_CTRL,60,22.39,74,CYCLE,148,0,732,1400,0,0.34334,0.01894,0,0,0,100,35.55,80.56,0.749968,0.924108,1,3,0,0,76,1448,0.140291,1,0.4932,2,3,0,0,V2,1,0.178087,2262.162162,2,0,2,0.821913,0,2,0,200
EDCF-Shield,v2b,FALCON1024+HMAC-SHA512+AES256GCM+DKG4of7,COMPROMISED_CTRL,60,22.39,74,CUMULATIVE,148,2800,52431,100800,9,0.353954,0.09541,0.052627,0.027027,0.996796,99.98,34.25,82.19,0.749968,0.924108,1,3,0,0,76,1448,0.140291,1,0.4932,2,3,0,0,V2,1,0.178087,2262.162162,2,0,2,0.821913,0,2,0,200
EDCF-Shield,v2b,FALCON1024+HMAC-SHA512+AES256GCM+DKG4of7,COMPROMISED_CTRL,60,22.39,75,CYCLE,150,0,732,1400,0,0.34334,0.018687,0,0,0,100,35.51,80.61,0.749968,0.923969,1,3,0,0,76,1448,0.139601,1,0.4933,2,3,0,0,V2,1,0.178281,2263.2,2,0,2,0.821719,0,2,0,200
EDCF-Shield,v2b,FALCON1024+HMAC-SHA512+AES256GCM+DKG4of7,COMPROMISED_CTRL,60,22.39,75,CUMULATIVE,150,2800,53163,102200,9,0.353811,0.094774,0.051944,0.026667,0.996796,99.98,34.26,82.17,0.749968,0.923969,1,3,0,0,76,1448,0.139601,1,0.4933,2,3,0,0,V2,1,0.178281,2263.2,2,0,2,0.821719,0,2,0,200
EDCF-Shield,v2b,FALCON1024+HMAC-SHA512+AES256GCM+DKG4of7,COMPROMISED_CTRL,60,22.39,76,CYCLE,152,0,732,1400,0,0.34334,0.018441,0,0,0,100,35.55,80.56,0.749969,0.923831,1,3,0,0,76,1448,0.138922,1,0.4934,2,3,0,0,V2,1,0.178476,2264.210526,2,0,2,0.821524,0,2,0,200
EDCF-Shield,v2b,FALCON1024+HMAC-SHA512+AES256GCM+DKG4of7,COMPROMISED_CTRL,60,22.39,76,CUMULATIVE,152,2800,53895,103600,9,0.353672,0.094151,0.051278,0.026316,0.996796,99.98,34.28,82.15,0.749969,0.923831,1,3,0,0,76,1448,0.138922,1,0.4934,2,3,0,0,V2,1,0.178476,2264.210526,2,0,2,0.821524,0,2,0,200
EDCF-Shield,v2b,FALCON1024+HMAC-SHA512+AES256GCM+DKG4of7,COMPROMISED_CTRL,60,22.39,77,CYCLE,154,0,732,1400,0,0.34334,0.018202,0,0,0,100,35.59,80.51,0.749969,0.923692,1,3,0,0,76,1448,0.138254,1,0.4935,2,3,0,0,V2,1,0.178672,2265.194805,2,0,2,0.821328,0,2,0,200
EDCF-Shield,v2b,FALCON1024+HMAC-SHA512+AES256GCM+DKG4of7,COMPROMISED_CTRL,60,22.39,77,CUMULATIVE,154,2800,54627,105000,9,0.353536,0.09354,0.050629,0.025974,0.996796,99.98,34.29,82.13,0.749969,0.923692,1,3,0,0,76,1448,0.138254,1,0.4935,2,3,0,0,V2,1,0.178672,2265.194805,2,0,2,0.821328,0,2,0,200
EDCF-Shield,v2b,FALCON1024+HMAC-SHA512+AES256GCM+DKG4of7,COMPROMISED_CTRL,60,22.39,78,CYCLE,156,0,732,1400,0,0.34334,0.017968,0,0,0,100,35.73,80.34,0.74997,0.923547,1,3,0,0,76,1448,0.137596,1,0.4936,2,3,0,0,V2,1,0.178881,2266.153846,2,0,2,0.821119,0,2,0,200
EDCF-Shield,v2b,FALCON1024+HMAC-SHA512+AES256GCM+DKG4of7,COMPROMISED_CTRL,60,22.39,78,CUMULATIVE,156,2800,55359,106400,9,0.353404,0.09294,0.049996,0.025641,0.996796,99.98,34.31,82.11,0.74997,0.923547,1,3,0,0,76,1448,0.137596,1,0.4936,2,3,0,0,V2,1,0.178881,2266.153846,2,0,2,0.821119,0,2,0,200
EDCF-Shield,v2b,FALCON1024+HMAC-SHA512+AES256GCM+DKG4of7,COMPROMISED_CTRL,60,22.39,79,CYCLE,158,0,732,1400,0,0.34334,0.017741,0,0,0,100,35.64,80.46,0.74997,0.923411,1,3,0,0,76,1448,0.136949,1,0.4937,2,3,0,0,V2,1,0.179074,2267.088608,2,0,2,0.820926,0,2,0,200
EDCF-Shield,v2b,FALCON1024+HMAC-SHA512+AES256GCM+DKG4of7,COMPROMISED_CTRL,60,22.39,79,CUMULATIVE,158,2800,56091,107800,9,0.353275,0.092352,0.049379,0.025316,0.996796,99.98,34.33,82.09,0.74997,0.923411,1,3,0,0,76,1448,0.136949,1,0.4937,2,3,0,0,V2,1,0.179074,2267.088608,2,0,2,0.820926,0,2,0,200
EDCF-Shield,v2b,FALCON1024+HMAC-SHA512+AES256GCM+DKG4of7,COMPROMISED_CTRL,60,22.39,80,CYCLE,160,0,732,1400,0,0.34334,0.017519,0,0,0,100,35.76,80.3,0.74997,0.923271,1,3,0,0,76,1448,0.136312,1,0.4938,2,3,0,0,V2,1,0.179277,2268,2,0,2,0.820723,0,2,0,200
EDCF-Shield,v2b,FALCON1024+HMAC-SHA512+AES256GCM+DKG4of7,COMPROMISED_CTRL,60,22.39,80,CUMULATIVE,160,2800,56823,109200,9,0.35315,0.091775,0.048777,0.025,0.996796,99.98,34.34,82.07,0.74997,0.923271,1,3,0,0,76,1448,0.136312,1,0.4938,2,3,0,0,V2,1,0.179277,2268,2,0,2,0.820723,0,2,0,200
EDCF-Shield,v2b,FALCON1024+HMAC-SHA512+AES256GCM+DKG4of7,COMPROMISED_CTRL,60,22.39,81,CYCLE,162,0,732,1400,0,0.34334,0.017302,0,0,0,100,35.75,80.31,0.749971,0.923133,1,3,0,0,76,1448,0.135684,1,0.4938,2,3,0,0,V2,1,0.179476,2268.888889,2,0,2,0.820524,0,2,0,200
EDCF-Shield,v2b,FALCON1024+HMAC-SHA512+AES256GCM+DKG4of7,COMPROMISED_CTRL,60,22.39,81,CUMULATIVE,162,2800,57555,110600,9,0.353028,0.091209,0.048189,0.024691,0.996796,99.98,34.36,82.05,0.749971,0.923133,1,3,0,0,76,1448,0.135684,1,0.4938,2,3,0,0,V2,1,0.179476,2268.888889,2,0,2,0.820524,0,2,0,200
EDCF-Shield,v2b,FALCON1024+HMAC-SHA512+AES256GCM+DKG4of7,COMPROMISED_CTRL,60,22.39,82,CYCLE,164,0,732,1400,0,0.34334,0.017091,0,0,0,100,35.7,80.38,0.749971,0.923002,1,3,0,0,76,1448,0.135067,1,0.4939,2,3,0,0,V2,1,0.179663,2269.756098,2,0,2,0.820337,0,2,0,200
EDCF-Shield,v2b,FALCON1024+HMAC-SHA512+AES256GCM+DKG4of7,COMPROMISED_CTRL,60,22.39,82,CUMULATIVE,164,2800,58287,112000,9,0.352908,0.090653,0.047615,0.02439,0.996796,99.98,34.37,82.03,0.749971,0.923002,1,3,0,0,76,1448,0.135067,1,0.4939,2,3,0,0,V2,1,0.179663,2269.756098,2,0,2,0.820337,0,2,0,200
EDCF-Shield,v2b,FALCON1024+HMAC-SHA512+AES256GCM+DKG4of7,COMPROMISED_CTRL,60,22.39,83,CYCLE,166,0,732,1400,0,0.34334,0.016885,0,0,0,100,35.77,80.28,0.749971,0.922869,1,3,0,0,76,1448,0.134458,1,0.494,2,3,0,0,V2,1,0.179855,2270.60241,2,0,2,0.820145,0,2,0,200
EDCF-Shield,v2b,FALCON1024+HMAC-SHA512+AES256GCM+DKG4of7,COMPROMISED_CTRL,60,22.39,83,CUMULATIVE,166,2800,59019,113400,9,0.352792,0.090107,0.047055,0.024096,0.996796,99.98,34.39,82.01,0.749971,0.922869,1,3,0,0,76,1448,0.134458,1,0.494,2,3,0,0,V2,1,0.179855,2270.60241,2,0,2,0.820145,0,2,0,200
EDCF-Shield,v2b,FALCON1024+HMAC-SHA512+AES256GCM+DKG4of7,COMPROMISED_CTRL,60,22.39,84,CYCLE,168,0,732,1400,0,0.34334,0.016684,0,0,0,100,35.83,80.21,0.749972,0.922735,1,3,0,0,76,1448,0.133859,1,0.494,2,3,0,0,V2,1,0.18005,2271.428571,2,0,2,0.81995,0,2,0,200
EDCF-Shield,v2b,FALCON1024+HMAC-SHA512+AES256GCM+DKG4of7,COMPROMISED_CTRL,60,22.39,84,CUMULATIVE,168,2800,59751,114800,9,0.352678,0.089571,0.046508,0.02381,0.996796,99.98,34.4,81.99,0.749972,0.922735,1,3,0,0,76,1448,0.133859,1,0.494,2,3,0,0,V2,1,0.18005,2271.428571,2,0,2,0.81995,0,2,0,200
EDCF-Shield,v2b,FALCON1024+HMAC-SHA512+AES256GCM+DKG4of7,COMPROMISED_CTRL,60,22.39,85,CYCLE,170,0,732,1400,0,0.34334,0.016488,0,0,0,100,35.78,80.28,0.749972,0.922608,1,3,0,0,76,1448,0.133268,1,0.4941,2,3,0,0,V2,1,0.180235,2272.235294,2,0,2,0.819765,0,2,0,200
EDCF-Shield,v2b,FALCON1024+HMAC-SHA512+AES256GCM+DKG4of7,COMPROMISED_CTRL,60,22.39,85,CUMULATIVE,170,2800,60483,116200,9,0.352567,0.089044,0.045974,0.023529,0.996796,99.99,34.42,81.98,0.749972,0.922608,1,3,0,0,76,1448,0.133268,1,0.4941,2,3,0,0,V2,1,0.180235,2272.235294,2,0,2,0.819765,0,2,0,200
EDCF-Shield,v2b,FALCON1024+HMAC-SHA512+AES256GCM+DKG4of7,COMPROMISED_CTRL,60,22.39,86,CYCLE,172,0,732,1400,0,0.34334,0.016296,0,0,0,100,35.76,80.3,0.749972,0.922484,1,3,0,0,76,1448,0.132687,1,0.4942,2,3,0,0,V2,1,0.180413,2273.023256,2,0,2,0.819587,0,2,0,200
EDCF-Shield,v2b,FALCON1024+HMAC-SHA512+AES256GCM+DKG4of7,COMPROMISED_CTRL,60,22.39,86,CUMULATIVE,172,2800,61215,117600,9,0.352459,0.088527,0.045451,0.023256,0.996796,99.99,34.43,81.96,0.749972,0.922484,1,3,0,0,76,1448,0.132687,1,0.4942,2,3,0,0,V2,1,0.180413,2273.023256,2,0,2,0.819587,0,2,0,200
EDCF-Shield,v2b,FALCON1024+HMAC-SHA512+AES256GCM+DKG4of7,COMPROMISED_CTRL,60,22.39,87,CYCLE,174,0,732,1400,0,0.34334,0.016108,0,0,0,100,35.58,80.53,0.749973,0.922375,1,3,0,0,76,1448,0.132113,1,0.4943,2,3,0,0,V2,1,0.180566,2273.793103,2,0,2,0.819434,0,2,0,200
EDCF-Shield,v2b,FALCON1024+HMAC-SHA512+AES256GCM+DKG4of7,COMPROMISED_CTRL,60,22.39,87,CUMULATIVE,174,2800,61947,119000,9,0.352353,0.088018,0.044941,0.022989,0.996796,99.99,34.45,81.94,0.749973,0.922375,1,3,0,0,76,1448,0.132113,1,0.4943,2,3,0,0,V2,1,0.180566,2273.793103,2,0,2,0.819434,0,2,0,200
EDCF-Shield,v2b,FALCON1024+HMAC-SHA512+AES256GCM+DKG4of7,COMPROMISED_CTRL,60,22.39,88,CYCLE,176,0,732,1400,0,0.34334,0.015925,0,0,0,100,35.67,80.42,0.749973,0.922262,1,3,0,0,76,1448,0.131548,1,0.4943,2,3,0,0,V2,1,0.180726,2274.545455,2,0,2,0.819274,0,2,0,200
EDCF-Shield,v2b,FALCON1024+HMAC-SHA512+AES256GCM+DKG4of7,COMPROMISED_CTRL,60,22.39,88,CUMULATIVE,176,2800,62679,120400,9,0.35225,0.087518,0.044441,0.022727,0.996796,99.99,34.46,81.93,0.749973,0.922262,1,3,0,0,76,1448,0.131548,1,0.4943,2,3,0,0,V2,1,0.180726,2274.545455,2,0,2,0.819274,0,2,0,200
EDCF-Shield,v2b,FALCON1024+HMAC-SHA512+AES256GCM+DKG4of7,COMPROMISED_CTRL,60,22.39,89,CYCLE,178,0,732,1400,0,0.34334,0.015746,0,0,0,100,35.87,80.16,0.749973,0.922138,1,3,0,0,76,1448,0.13099,1,0.4944,2,3,0,0,V2,1,0.180907,2275.280899,2,0,2,0.819093,0,2,0,200
EDCF-Shield,v2b,FALCON1024+HMAC-SHA512+AES256GCM+DKG4of7,COMPROMISED_CTRL,60,22.39,89,CUMULATIVE,178,2800,63411,121800,9,0.352149,0.087027,0.043953,0.022472,0.996796,99.99,34.47,81.91,0.749973,0.922138,1,3,0,0,76,1448,0.13099,1,0.4944,2,3,0,0,V2,1,0.180907,2275.280899,2,0,2,0.819093,0,2,0,200
EDCF-Shield,v2b,FALCON1024+HMAC-SHA512+AES256GCM+DKG4of7,COMPROMISED_CTRL,60,22.39,90,CYCLE,179.5,0,549,840,0,0.395248,0.015571,0,0,0,100,33.37,83.29,0.749974,0.922039,1,3,0,0,76,1448,0.130441,1,0.4958,2,3,0,0,V2,1,0.180807,2275.821727,2,0,2,0.819193,0,2,0,200
EDCF-Shield,v2b,FALCON1024+HMAC-SHA512+AES256GCM+DKG4of7,COMPROMISED_CTRL,60,22.39,90,CUMULATIVE,179.5,2800,63960,122640,9,0.352465,0.086785,0.043665,0.022321,0.996796,99.99,34.46,81.92,0.749974,0.922039,1,3,0,0,76,1448,0.130441,1,0.4958,2,3,0,0,V2,1,0.180807,2275.821727,2,0,2,0.819193,0,2,0,200
EDCF-Shield,v2b,FALCON1024+HMAC-SHA512+AES256GCM+DKG4of7,COMPROMISED_CTRL,120,44.78,1,CYCLE,2,800,0,0,0,1,0.5,1,1,1,0,100,0,0,0,1,0,0,0,76,1448,0,1,0,0,0,0,0,V2,0,1,-100,1,0,0,0,0,0,0,200
EDCF-Shield,v2b,FALCON1024+HMAC-SHA512+AES256GCM+DKG4of7,COMPROMISED_CTRL,120,44.78,1,CUMULATIVE,2,800,0,0,0,1,0.5,1,1,1,0,100,0,0,0,1,0,0,0,76,1448,0,1,0,0,0,0,0,V2,0,1,-100,1,0,0,0,0,0,0,200
EDCF-Shield,v2b,FALCON1024+HMAC-SHA512+AES256GCM+DKG4of7,COMPROMISED_CTRL,120,44.78,2,CYCLE,4,800,150,0,6,0.993724,0.738462,0.996264,1,0.992556,96.15,48.67,64.16,0.742574,0.924638,1,3,0,0,76,1448,0,1,0.25,2,3,0,0,V2,1,0.527704,160,2,0,2,0.472296,0,1,0,200
EDCF-Shield,v2b,FALCON1024+HMAC-SHA512+AES256GCM+DKG4of7,COMPROMISED_CTRL,120,44.78,2,CUMULATIVE,4,1600,150,0,6,0.996583,0.978747,0.998129,1,0.996264,96.15,62.22,47.23,0.742574,0.924638,1,3,0,0,76,1448,0,1,0.25,2,3,0,0,V2,1,0.527704,160,2,0,2,0.472296,0,1,0,200
EDCF-Shield,v2b,FALCON1024+HMAC-SHA512+AES256GCM+DKG4of7,COMPROMISED_CTRL,120,44.78,3,CYCLE,6,0,399,800,3,0.331947,0.468787,0,0,0,99.25,32.83,83.96,0.746939,0.93153,1,3,0,0,76,1448,0,1,0.3333,2,3,0,0,V2,1,0.299289,520,2,0,2,0.700711,0,2,0,200
EDCF-Shield,v2b,FALCON1024+HMAC-SHA512+AES256GCM+DKG4of7,COMPROMISED_CTRL,120,44.78,3,CUMULATIVE,6,1600,549,800,9,0.726504,0.510989,0.798204,0.666667,0.994406,98.39,43.94,70.07,0.746939,0.93153,1,3,0,0,76,1448,0,1,0.3333,2,3,0,0,V2,1,0.299289,520,2,0,2,0.700711,0,2,0,200
EDCF-Shield,v2b,FALCON1024+HMAC-SHA512+AES256GCM+DKG4of7,COMPROMISED_CTRL,120,44.78,4,CYCLE,8,0,642,800,0,0.445215,0.351589,0,0,0,100,28.7,89.12,0.748586,0.932048,1,3,0,0,76,1448,0.510989,1,0.375,2,3,0,0,V2,1,0.208157,900,2,0,2,0.791843,0,2,0,200
EDCF-Shield,v2b,FALCON1024+HMAC-SHA512+AES256GCM+DKG4of7,COMPROMISED_CTRL,120,44.78,4,CUMULATIVE,8,1600,1191,1600,9,0.634318,0.455422,0.665419,0.5,0.994406,99.25,36.65,79.18,0.748586,0.932048,1,3,0,0,76,1448,0.510989,1,0.375,2,3,0,0,V2,1,0.208157,900,2,0,2,0.791843,0,2,0,200
EDCF-Shield,v2b,FALCON1024+HMAC-SHA512+AES256GCM+DKG4of7,COMPROMISED_CTRL,120,44.78,5,CYCLE,10,0,882,800,0,0.524376,0.281272,0,0,0,100,26.45,91.93,0.749187,0.932605,1,3,0,0,76,1448,0,1,0.4,2,3,0,0,V2,1,0.158172,1288,2,0,2,0.841828,0,2,0,200
EDCF-Shield,v2b,FALCON1024+HMAC-SHA512+AES256GCM+DKG4of7,COMPROMISED_CTRL,120,44.78,5,CUMULATIVE,10,1600,2073,2400,9,0.603913,0.425632,0.570512,0.4,0.994406,99.57,32.65,84.18,0.749187,0.932605,1,3,0,0,76,1448,0,1,0.4,2,3,0,0,V2,1,0.158172,1288,2,0,2,0.841828,0,2,0,200
EDCF-Shield,v2b,FALCON1024+HMAC-SHA512+AES256GCM+DKG4of7,COMPROMISED_CTRL,120,44.78,6,CYCLE,12,0,1122,800,0,0.583767,0.234394,0,0,0,100,25.34,93.33,0.749472,0.932011,1,3,0,0,76,1448,0.425632,1,0.4167,2,3,0,0,V2,1,0.128738,1680,2,0,2,0.871262,0,2,0,200
EDCF-Shield,v2b,FALCON1024+HMAC-SHA512+AES256GCM+DKG4of7,COMPROMISED_CTRL,120,44.78,6,CUMULATIVE,12,1600,3195,3200,9,0.599075,0.404084,0.499298,0.333333,0.994406,99.72,30.3,87.13,0.749472,0.932011,1,3,0,0,76,1448,0.425632,1,0.4167,2,3,0,0,V2,1,0.128738,1680,2,0,2,0.871262,0,2,0,200
EDCF-Shield,v2b,FALCON1024+HMAC-SHA512+AES256GCM+DKG4of7,COMPROMISED_CTRL,120,44.78,7,CYCLE,14,0,1362,800,0,0.629972,0.20091,0,0,0,100,24.47,94.41,0.74963,0.931574,1,3,0,0,76,1448,0.414858,1,0.4286,2,3,0,0,V2,1,0.10851,2074.285714,2,0,2,0.89149,0,2,0,200
EDCF-Shield,v2b,FALCON1024+HMAC-SHA512+AES256GCM+DKG4of7,COMPROMISED_CTRL,120,44.78,7,CUMULATIVE,14,1600,4557,4000,9,0.605646,0.386677,0.44389,0.285714,0.994406,99.8,28.68,89.15,0.74963,0.931574,1,3,0,0,76,1448,0.414858,1,0.4286,2,3,0,0,V2,1,0.10851,2074.285714,2,0,2,0.89149,0,2,0,200
EDCF-Shield,v2b,FALCON1024+HMAC-SHA512+AES256GCM+DKG4of7,COMPROMISED_CTRL,120,44.78,8,CYCLE,16,0,1452,800,0,0.64476,0.175798,0,0,0,100,24.13,94.84,0.749719,0.931644,1,3,0,0,76,1448,0.405464,1,0.4375,2,3,0,0,V2,1,0.095381,2407.5,2,0,2,0.904619,0,2,0,200
EDCF-Shield,v2b,FALCON1024+HMAC-SHA512+AES256GCM+DKG4of7,COMPROMISED_CTRL,120,44.78,8,CUMULATIVE,16,1600,6009,4800,9,0.61274,0.369811,0.399551,0.25,0.994406,99.85,27.63,90.46,0.749719,0.931644,1,3,0,0,76,1448,0.405464,1,0.4375,2,3,0,0,V2,1,0.095381,2407.5,2,0,2,0.904619,0,2,0,200
EDCF-Shield,v2b,FALCON1024+HMAC-SHA512+AES256GCM+DKG4of7,COMPROMISED_CTRL,120,44.78,9,CYCLE,18,0,1452,800,0,0.64476,0.156265,0,0,0,100,24.17,94.79,0.749774,0.931565,1,3,0,0,76,1448,0.396551,1,0.4444,2,3,0,0,V2,1,0.087315,2666.666667,2,0,2,0.912685,0,2,0,200
EDCF-Shield,v2b,FALCON1024+HMAC-SHA512+AES256GCM+DKG4of7,COMPROMISED_CTRL,120,44.78,9,CUMULATIVE,18,1600,7461,5600,9,0.617655,0.353579,0.363265,0.222222,0.994406,99.88,26.99,91.27,0.749774,0.931565,1,3,0,0,76,1448,0.396551,1,0.4444,2,3,0,0,V2,1,0.087315,2666.666667,2,0,2,0.912685,0,2,0,200
EDCF-Shield,v2b,FALCON1024+HMAC-SHA512+AES256GCM+DKG4of7,COMPROMISED_CTRL,120,44.78,10,CYCLE,20,0,1452,800,0,0.64476,0.14064,0,0,0,100,24.16,94.81,0.749811,0.931542,1,3,0,0,76,1448,0.387957,1,0.45,2,3,0,0,V2,1,0.081749,2874,2,0,2,0.918251,0,2,0,200
EDCF-Shield,v2b,FALCON1024+HMAC-SHA512+AES256GCM+DKG4of7,COMPROMISED_CTRL,120,44.78,10,CUMULATIVE,20,1600,8913,6400,9,0.621262,0.33869,0.333021,0.2,0.994406,99.9,26.54,91.83,0.749811,0.931542,1,3,0,0,76,1448,0.387957,1,0.45,2,3,0,0,V2,1,0.081749,2874,2,0,2,0.918251,0,2,0,200
EDCF-Shield,v2b,FALCON1024+HMAC-SHA512+AES256GCM+DKG4of7,COMPROMISED_CTRL,120,44.78,11,CYCLE,22,0,1452,800,0,0.64476,0.127855,0,0,0,100,24.17,94.79,0.749837,0.931499,1,3,0,0,76,1448,0.379745,1,0.4545,2,3,0,0,V2,1,0.077725,3043.636364,2,0,2,0.922275,0,2,0,200
EDCF-Shield,v2b,FALCON1024+HMAC-SHA512+AES256GCM+DKG4of7,COMPROMISED_CTRL,120,44.78,11,CUMULATIVE,22,1600,10365,7200,9,0.624022,0.325216,0.307426,0.181818,0.994406,99.91,26.22,92.23,0.749837,0.931499,1,3,0,0,76,1448,0.379745,1,0.4545,2,3,0,0,V2,1,0.077725,3043.636364,2,0,2,0.922275,0,2,0,200
EDCF-Shield,v2b,FALCON1024+HMAC-SHA512+AES256GCM+DKG4of7,COMPROMISED_CTRL,120,44.78,12,CYCLE,24,0,1452,800,0,0.64476,0.117201,0,0,0,100,24.22,94.73,0.749857,0.931356,1,3,0,0,76,1448,0.371956,1,0.4583,2,3,0,0,V2,1,0.074769,3185,2,0,2,0.925231,0,2,0,200
EDCF-Shield,v2b,FALCON1024+HMAC-SHA512+AES256GCM+DKG4of7,COMPROMISED_CTRL,120,44.78,12,CUMULATIVE,24,1600,11817,8000,9,0.626202,0.313054,0.285485,0.166667,0.994406,99.92,25.98,92.52,0.749857,0.931356,1,3,0,0,76,1448,0.371956,1,0.4583,2,3,0,0,V2,1,0.074769,3185,2,0,2,0.925231,0,2,0,200
EDCF-Shield,v2b,FALCON1024+HMAC-SHA512+AES256GCM+DKG4of7,COMPROMISED_CTRL,120,44.78,13,CYCLE,26,0,1452,800,0,0.64476,0.108187,0,0,0,100,24.23,94.72,0.749873,0.931225,1,3,0,0,76,1448,0.364593,1,0.4615,2,3,0,0,V2,1,0.072456,3304.615385,2,0,2,0.927544,0,2,0,200
EDCF-Shield,v2b,FALCON1024+HMAC-SHA512+AES256GCM+DKG4of7,COMPROMISED_CTRL,120,44.78,13,CUMULATIVE,26,1600,13269,8800,9,0.627967,0.302053,0.266467,0.153846,0.994406,99.93,25.8,92.75,0.749873,0.931225,1,3,0,0,76,1448,0.364593,1,0.4615,2,3,0,0,V2,1,0.072456,3304.615385,2,0,2,0.927544,0,2,0,200
EDCF-Shield,v2b,FALCON1024+HMAC-SHA512+AES256GCM+DKG4of7,COMPROMISED_CTRL,120,44.78,14,CYCLE,28,0,1452,800,0,0.64476,0.10046,0,0,0,100,24.24,94.69,0.749885,0.931089,1,3,0,0,76,1448,0.357644,1,0.4643,2,3,0,0,V2,1,0.070612,3407.142857,2,0,2,0.929388,0,2,0,200
EDCF-Shield,v2b,FALCON1024+HMAC-SHA512+AES256GCM+DKG4of7,COMPROMISED_CTRL,120,44.78,14,CUMULATIVE,28,1600,14721,9600,9,0.629425,0.292067,0.249824,0.142857,0.994406,99.94,25.65,92.94,0.749885,0.931089,1,3,0,0,76,1448,0.357644,1,0.4643,2,3,0,0,V2,1,0.070612,3407.142857,2,0,2,0.929388,0,2,0,200
EDCF-Shield,v2b,FALCON1024+HMAC-SHA512+AES256GCM+DKG4of7,COMPROMISED_CTRL,120,44.78,15,CYCLE,30,0,1452,800,0,0.64476,0.093763,0,0,0,100,24.22,94.73,0.749896,0.93102,1,3,0,0,76,1448,0.351086,1,0.4667,2,3,0,0,V2,1,0.06905,3496,2,0,2,0.93095,0,2,0,200
EDCF-Shield,v2b,FALCON1024+HMAC-SHA512+AES256GCM+DKG4of7,COMPROMISED_CTRL,120,44.78,15,CUMULATIVE,30,1600,16173,10400,9,0.630651,0.282964,0.235139,0.133333,0.994406,99.94,25.52,93.1,0.749896,0.93102,1,3,0,0,76,1448,0.351086,1,0.4667,2,3,0,0,V2,1,0.06905,3496,2,0,2,0.93095,0,2,0,200
EDCF-Shield,v2b,FALCON1024+HMAC-SHA512+AES256GCM+DKG4of7,COMPROMISED_CTRL,120,44.78,16,CYCLE,32,0,1452,800,0,0.64476,0.087903,0,0,0,100,24.16,94.8,0.749904,0.931048,1,3,0,0,76,1448,0.344893,1,0.4688,2,3,0,0,V2,1,0.067663,3573.75,2,0,2,0.932337,0,2,0,200
EDCF-Shield,v2b,FALCON1024+HMAC-SHA512+AES256GCM+DKG4of7,COMPROMISED_CTRL,120,44.78,16,CUMULATIVE,32,1600,17625,11200,9,0.631695,0.274632,0.222083,0.125,0.994406,99.95,25.41,93.23,0.749904,0.931048,1,3,0,0,76,1448,0.344893,1,0.4688,2,3,0,0,V2,1,0.067663,3573.75,2,0,2,0.932337,0,2,0,200
EDCF-Shield,v2b,FALCON1024+HMAC-SHA512+AES256GCM+DKG4of7,COMPROMISED_CTRL,120,44.78,17,CYCLE,34,0,1452,800,0,0.64476,0.082733,0,0,0,100,24.21,94.74,0.749912,0.931,1,3,0,0,76,1448,0.339038,1,0.4706,2,3,0,0,V2,1,0.066546,3642.352941,2,0,2,0.933454,0,2,0,200
EDCF-Shield,v2b,FALCON1024+HMAC-SHA512+AES256GCM+DKG4of7,COMPROMISED_CTRL,120,44.78,17,CUMULATIVE,34,1600,19077,12000,9,0.632595,0.266972,0.210402,0.117647,0.994406,99.95,25.32,93.35,0.749912,0.931,1,3,0,0,76,1448,0.339038,1,0.4706,2,3,0,0,V2,1,0.066546,3642.352941,2,0,2,0.933454,0,2,0,200
EDCF-Shield,v2b,FALCON1024+HMAC-SHA512+AES256GCM+DKG4of7,COMPROMISED_CTRL,120,44.78,18,CYCLE,36,0,1452,800,0,0.64476,0.078137,0,0,0,100,24.29,94.64,0.749918,0.930865,1,3,0,0,76,1448,0.333495,1,0.4722,2,3,0,0,V2,1,0.065666,3703.333333,2,0,2,0.934334,0,2,0,200
EDCF-Shield,v2b,FALCON1024+HMAC-SHA512+AES256GCM+DKG4of7,COMPROMISED_CTRL,120,44.78,18,CUMULATIVE,36,1600,20529,12800,9,0.633379,0.259904,0.199888,0.111111,0.994406,99.96,25.25,93.43,0.749918,0.930865,1,3,0,0,76,1448,0.333495,1,0.4722,2,3,0,0,V2,1,0.065666,3703.333333,2,0,2,0.934334,0,2,0,200
EDCF-Shield,v2b,FALCON1024+HMAC-SHA512+AES256GCM+DKG4of7,COMPROMISED_CTRL,120,44.78,19,CYCLE,38,0,1452,800,0,0.64476,0.074025,0,0,0,100,24.32,94.6,0.749923,0.930714,1,3,0,0,76,1448,0.328238,1,0.4737,2,3,0,0,V2,1,0.064925,3757.894737,2,0,2,0.935075,0,2,0,200
EDCF-Shield,v2b,FALCON1024+HMAC-SHA512+AES256GCM+DKG4of7,COMPROMISED_CTRL,120,44.78,19,CUMULATIVE,38,1600,21981,13600,9,0.634068,0.253356,0.190374,0.105263,0.994406,99.96,25.19,93.51,0.749923,0.930714,1,3,0,0,76,1448,0.328238,1,0.4737,2,3,0,0,V2,1,0.064925,3757.894737,2,0,2,0.935075,0,2,0,200
EDCF-Shield,v2b,FALCON1024+HMAC-SHA512+AES256GCM+DKG4of7,COMPROMISED_CTRL,120,44.78,20,CYCLE,40,0,1452,800,0,0.64476,0.070324,0,0,0,100,24.33,94.58,0.749928,0.930566,1,3,0,0,76,1448,0.323246,1,0.475,2,3,0,0,V2,1,0.064285,3807,2,0,2,0.935715,0,2,0,200
EDCF-Shield,v2b,FALCON1024+HMAC-SHA512+AES256GCM+DKG4of7,COMPROMISED_CTRL,120,44.78,20,CUMULATIVE,40,1600,23433,14400,9,0.634679,0.247271,0.181725,0.1,0.994406,99.96,25.14,93.57,0.749928,0.930566,1,3,0,0,76,1448,0.323246,1,0.475,2,3,0,0,V2,1,0.064285,3807,2,0,2,0.935715,0,2,0,200
EDCF-Shield,v2b,FALCON1024+HMAC-SHA512+AES256GCM+DKG4of7,COMPROMISED_CTRL,120,44.78,21,CYCLE,42,0,1452,800,0,0.64476,0.066976,0,0,0,100,24.34,94.57,0.749932,0.930422,1,3,0,0,76,1448,0.318498,1,0.4762,2,3,0,0,V2,1,0.063727,3851.428571,2,0,2,0.936273,0,2,0,200
EDCF-Shield,v2b,FALCON1024+HMAC-SHA512+AES256GCM+DKG4of7,COMPROMISED_CTRL,120,44.78,21,CUMULATIVE,42,1600,24885,15200,9,0.635223,0.241597,0.173828,0.095238,0.994406,99.96,25.1,93.63,0.749932,0.930422,1,3,0,0,76,1448,0.318498,1,0.4762,2,3,0,0,V2,1,0.063727,3851.428571,2,0,2,0.936273,0,2,0,200
EDCF-Shield,v2b,FALCON1024+HMAC-SHA512+AES256GCM+DKG4of7,COMPROMISED_CTRL,120,44.78,22,CYCLE,44,0,1452,800,0,0.64476,0.063932,0,0,0,100,24.39,94.52,0.749936,0.930255,1,3,0,0,76,1448,0.313974,1,0.4773,2,3,0,0,V2,1,0.063261,3891.818182,2,0,2,0.936739,0,2,0,200
EDCF-Shield,v2b,FALCON1024+HMAC-SHA512+AES256GCM+DKG4of7,COMPROMISED_CTRL,120,44.78,22,CUMULATIVE,44,1600,26337,16000,9,0.635712,0.236291,0.166589,0.090909,0.994406,99.97,25.06,93.67,0.749936,0.930255,1,3,0,0,76,1448,0.313974,1,0.4773,2,3,0,0,V2,1,0.063261,3891.818182,2,0,2,0.936739,0,2,0,200
EDCF-Shield,v2b,FALCON1024+HMAC-SHA512+AES256GCM+DKG4of7,COMPROMISED_CTRL,120,44.78,23,CYCLE,46,0,1452,800,0,0.64476,0.061153,0,0,0,100,24.38,94.53,0.749939,0.930112,1,3,0,0,76,1448,0.309658,1,0.4783,2,3,0,0,V2,1,0.062835,3928.695652,2,0,2,0.937165,0,2,0,200
EDCF-Shield,v2b,FALCON1024+HMAC-SHA512+AES256GCM+DKG4of7,COMPROMISED_CTRL,120,44.78,23,CUMULATIVE,46,1600,27789,16800,9,0.636153,0.231316,0.159928,0.086957,0.994406,99.97,25.03,93.72,0.749939,0.930112,1,3,0,0,76,1448,0.309658,1,0.4783,2,3,0,0,V2,1,0.062835,3928.695652,2,0,2,0.937165,0,2,0,200
EDCF-Shield,v2b,FALCON1024+HMAC-SHA512+AES256GCM+DKG4of7,COMPROMISED_CTRL,120,44.78,24,CYCLE,48,0,1452,800,0,0.64476,0.058605,0,0,0,100,24.39,94.52,0.749942,0.929974,1,3,0,0,76,1448,0.305535,1,0.4792,2,3,0,0,V2,1,0.062456,3962.5,2,0,2,0.937544,0,2,0,200
EDCF-Shield,v2b,FALCON1024+HMAC-SHA512+AES256GCM+DKG4of7,COMPROMISED_CTRL,120,44.78,24,CUMULATIVE,48,1600,29241,17600,9,0.636553,0.226639,0.15378,0.083333,0.994406,99.97,25,93.75,0.749942,0.929974,1,3,0,0,76,1448,0.305535,1,0.4792,2,3,0,0,V2,1,0.062456,3962.5,2,0,2,0.937544,0,2,0,200
EDCF-Shield,v2b,FALCON1024+HMAC-SHA512+AES256GCM+DKG4of7,COMPROMISED_CTRL,120,44.78,25,CYCLE,50,0,1452,800,0,0.64476,0.056261,0,0,0,100,24.45,94.43,0.749945,0.929797,1,3,0,0,76,1448,0.30159,1,0.48,2,3,0,0,V2,1,0.062153,3993.6,2,0,2,0.937847,0,2,0,200
EDCF-Shield,v2b,FALCON1024+HMAC-SHA512+AES256GCM+DKG4of7,COMPROMISED_CTRL,120,44.78,25,CUMULATIVE,50,1600,30693,18400,9,0.636918,0.222232,0.148086,0.08,0.994406,99.97,24.97,93.78,0.749945,0.929797,1,3,0,0,76,1448,0.30159,1,0.48,2,3,0,0,V2,1,0.062153,3993.6,2,0,2,0.937847,0,2,0,200
EDCF-Shield,v2b,FALCON1024+HMAC-SHA512+AES256GCM+DKG4of7,COMPROMISED_CTRL,120,44.78,26,CYCLE,52,0,1452,800,0,0.64476,0.054098,0,0,0,100,24.49,94.39,0.749948,0.929608,1,3,0,0,76,1448,0.297811,1,0.4808,2,3,0,0,V2,1,0.061897,4022.307692,2,0,2,0.938103,0,2,0,200
EDCF-Shield,v2b,FALCON1024+HMAC-SHA512+AES256GCM+DKG4of7,COMPROMISED_CTRL,120,44.78,26,CUMULATIVE,52,1600,32145,19200,9,0.637251,0.21807,0.1428,0.076923,0.994406,99.97,24.95,93.81,0.749948,0.929608,1,3,0,0,76,1448,0.297811,1,0.4808,2,3,0,0,V2,1,0.061897,4022.307692,2,0,2,0.938103,0,2,0,200
EDCF-Shield,v2b,FALCON1024+HMAC-SHA512+AES256GCM+DKG4of7,COMPROMISED_CTRL,120,44.78,27,CYCLE,54,0,1452,800,0,0.64476,0.052095,0,0,0,100,24.52,94.35,0.74995,0.929415,1,3,0,0,76,1448,0.294187,1,0.4815,2,3,0,0,V2,1,0.061678,4048.888889,2,0,2,0.938322,0,2,0,200
EDCF-Shield,v2b,FALCON1024+HMAC-SHA512+AES256GCM+DKG4of7,COMPROMISED_CTRL,120,44.78,27,CUMULATIVE,54,1600,33597,20000,9,0.637558,0.214131,0.137878,0.074074,0.994406,99.97,24.93,93.83,0.74995,0.929415,1,3,0,0,76,1448,0.294187,1,0.4815,2,3,0,0,V2,1,0.061678,4048.888889,2,0,2,0.938322,0,2,0,200
EDCF-Shield,v2b,FALCON1024+HMAC-SHA512+AES256GCM+DKG4of7,COMPROMISED_CTRL,120,44.78,28,CYCLE,56,0,1452,800,0,0.64476,0.050234,0,0,0,100,24.49,94.39,0.749952,0.929257,1,3,0,0,76,1448,0.290706,1,0.4821,2,3,0,0,V2,1,0.06146,4073.571429,2,0,2,0.93854,0,2,0,200
EDCF-Shield,v2b,FALCON1024+HMAC-SHA512+AES256GCM+DKG4of7,COMPROMISED_CTRL,120,44.78,28,CUMULATIVE,56,1600,35049,20800,9,0.63784,0.210397,0.133283,0.071429,0.994406,99.97,24.92,93.85,0.749952,0.929257,1,3,0,0,76,1448,0.290706,1,0.4821,2,3,0,0,V2,1,0.06146,4073.571429,2,0,2,0.93854,0,2,0,200
EDCF-Shield,v2b,FALCON1024+HMAC-SHA512+AES256GCM+DKG4of7,COMPROMISED_CTRL,120,44.78,29,CYCLE,58,0,1452,800,0,0.64476,0.048502,0,0,0,100,24.5,94.37,0.749954,0.929103,1,3,0,0,76,1448,0.28736,1,0.4828,2,3,0,0,V2,1,0.061265,4096.551724,2,0,2,0.938735,0,2,0,200
EDCF-Shield,v2b,FALCON1024+HMAC-SHA512+AES256GCM+DKG4of7,COMPROMISED_CTRL,120,44.78,29,CUMULATIVE,58,1600,36501,21600,9,0.638101,0.206851,0.128985,0.068966,0.994406,99.98,24.9,93.87,0.749954,0.929103,1,3,0,0,76,1448,0.28736,1,0.4828,2,3,0,0,V2,1,0.061265,4096.551724,2,0,2,0.938735,0,2,0,200
EDCF-Shield,v2b,FALCON1024+HMAC-SHA512+AES256GCM+DKG4of7,COMPROMISED_CTRL,120,44.78,30,CYCLE,60,0,1452,800,0,0.64476,0.046886,0,0,0,100,24.51,94.36,0.749956,0.928953,1,3,0,0,76,1448,0.284139,1,0.4833,2,3,0,0,V2,1,0.061089,4118,2,0,2,0.938911,0,2,0,200
EDCF-Shield,v2b,FALCON1024+HMAC-SHA512+AES256GCM+DKG4of7,COMPROMISED_CTRL,120,44.78,30,CUMULATIVE,60,1600,37953,22400,9,0.638343,0.203477,0.124956,0.066667,0.994406,99.98,24.89,93.89,0.749956,0.928953,1,3,0,0,76,1448,0.284139,1,0.4833,2,3,0,0,V2,1,0.061089,4118,2,0,2,0.938911,0,2,0,200
EDCF-Shield,v2b,FALCON1024+HMAC-SHA512+AES256GCM+DKG4of7,COMPROMISED_CTRL,120,44.78,31,CYCLE,62,0,1452,800,0,0.64476,0.045374,0,0,0,100,24.58,94.28,0.749957,0.928773,1,3,0,0,76,1448,0.281037,1,0.4839,2,3,0,0,V2,1,0.060957,4138.064516,2,0,2,0.939043,0,2,0,200
EDCF-Shield,v2b,FALCON1024+HMAC-SHA512+AES256GCM+DKG4of7,COMPROMISED_CTRL,120,44.78,31,CUMULATIVE,62,1600,39405,23200,9,0.638568,0.200261,0.121171,0.064516,0.994406,99.98,24.88,93.9,0.749957,0.928773,1,3,0,0,76,1448,0.281037,1,0.4839,2,3,0,0,V2,1,0.060957,4138.064516,2,0,2,0.939043,0,2,0,200
EDCF-Shield,v2b,FALCON1024+HMAC-SHA512+AES256GCM+DKG4of7,COMPROMISED_CTRL,120,44.78,32,CYCLE,64,0,1452,800,0,0.64476,0.043956,0,0,0,100,24.59,94.26,0.749959,0.928598,1,3,0,0,76,1448,0.278045,1,0.4844,2,3,0,0,V2,1,0.060839,4156.875,2,0,2,0.939161,0,2,0,200
EDCF-Shield,v2b,FALCON1024+HMAC-SHA512+AES256GCM+DKG4of7,COMPROMISED_CTRL,120,44.78,32,CUMULATIVE,64,1600,40857,24000,9,0.638778,0.197193,0.117608,0.0625,0.994406,99.98,24.87,93.92,0.749959,0.928598,1,3,0,0,76,1448,0.278045,1,0.4844,2,3,0,0,V2,1,0.060839,4156.875,2,0,2,0.939161,0,2,0,200
EDCF-Shield,v2b,FALCON1024+HMAC-SHA512+AES256GCM+DKG4of7,COMPROMISED_CTRL,120,44.78,33,CYCLE,66,0,1452,800,0,0.64476,0.042624,0,0,0,100,24.62,94.23,0.74996,0.928421,1,3,0,0,76,1448,0.275158,1,0.4848,2,3,0,0,V2,1,0.06074,4174.545455,2,0,2,0.93926,0,2,0,200
EDCF-Shield,v2b,FALCON1024+HMAC-SHA512+AES256GCM+DKG4of7,COMPROMISED_CTRL,120,44.78,33,CUMULATIVE,66,1600,42309,24800,9,0.638974,0.194261,0.114249,0.060606,0.994406,99.98,24.86,93.93,0.74996,0.928421,1,3,0,0,76,1448,0.275158,1,0.4848,2,3,0,0,V2,1,0.06074,4174.545455,2,0,2,0.93926,0,2,0,200
EDCF-Shield,v2b,FALCON1024+HMAC-SHA512+AES256GCM+DKG4of7,COMPROMISED_CTRL,120,44.78,34,CYCLE,68,0,1452,800,0,0.64476,0.041371,0,0,0,100,24.67,94.16,0.749961,0.928227,1,3,0,0,76,1448,0.272368,1,0.4853,2,3,0,0,V2,1,0.060667,4191.176471,2,0,2,0.939333,0,2,0,200
EDCF-Shield,v2b,FALCON1024+HMAC-SHA512+AES256GCM+DKG4of7,COMPROMISED_CTRL,120,44.78,34,CUMULATIVE,68,1600,43761,25600,9,0.639157,0.191455,0.111076,0.058824,0.994406,99.98,24.85,93.93,0.749961,0.928227,1,3,0,0,76,1448,0.272368,1,0.4853,2,3,0,0,V2,1,0.060667,4191.176471,2,0,2,0.939333,0,2,0,200
EDCF-Shield,v2b,FALCON1024+HMAC-SHA512+AES256GCM+DKG4of7,COMPROMISED_CTRL,120,44.78,35,CYCLE,70,0,1452,800,0,0.64476,0.040189,0,0,0,100,24.74,94.08,0.749963,0.92801,1,3,0,0,76,1448,0.269671,1,0.4857,2,3,0,0,V2,1,0.060625,4206.857143,2,0,2,0.939375,0,2,0,200
EDCF-Shield,v2b,FALCON1024+HMAC-SHA512+AES256GCM+DKG4of7,COMPROMISED_CTRL,120,44.78,35,CUMULATIVE,70,1600,45213,26400,9,0.63933,0.188767,0.108075,0.057143,0.994406,99.98,24.85,93.94,0.749963,0.92801,1,3,0,0,76,1448,0.269671,1,0.4857,2,3,0,0,V2,1,0.060625,4206.857143,2,0,2,0.939375,0,2,0,200
EDCF-Shield,v2b,FALCON1024+HMAC-SHA512+AES256GCM+DKG4of7,COMPROMISED_CTRL,120,44.78,36,CYCLE,72,0,1452,800,0,0.64476,0.039073,0,0,0,100,24.76,94.05,0.749964,0.927795,1,3,0,0,76,1448,0.267061,1,0.4861,2,3,0,0,V2,1,0.060593,4221.666667,2,0,2,0.939407,0,2,0,200
EDCF-Shield,v2b,FALCON1024+HMAC-SHA512+AES256GCM+DKG4of7,COMPROMISED_CTRL,120,44.78,36,CUMULATIVE,72,1600,46665,27200,9,0.639492,0.186189,0.105232,0.055556,0.994406,99.98,24.85,93.94,0.749964,0.927795,1,3,0,0,76,1448,0.267061,1,0.4861,2,3,0,0,V2,1,0.060593,4221.666667,2,0,2,0.939407,0,2,0,200
EDCF-Shield,v2b,FALCON1024+HMAC-SHA512+AES256GCM+DKG4of7,COMPROMISED_CTRL,120,44.78,37,CYCLE,74,0,1452,800,0,0.64476,0.038017,0,0,0,100,24.72,94.1,0.749965,0.927609,1,3,0,0,76,1448,0.264534,1,0.4865,2,3,0,0,V2,1,0.060551,4235.675676,2,0,2,0.939449,0,2,0,200
EDCF-Shield,v2b,FALCON1024+HMAC-SHA512+AES256GCM+DKG4of7,COMPROMISED_CTRL,120,44.78,37,CUMULATIVE,74,1600,48117,28000,9,0.639644,0.183713,0.102535,0.054054,0.994406,99.98,24.84,93.94,0.749965,0.927609,1,3,0,0,76,1448,0.264534,1,0.4865,2,3,0,0,V2,1,0.060551,4235.675676,2,0,2,0.939449,0,2,0,200
EDCF-Shield,v2b,FALCON1024+HMAC-SHA512+AES256GCM+DKG4of7,COMPROMISED_CTRL,120,44.78,38,CYCLE,76,0,1452,800,0,0.64476,0.037017,0,0,0,100,24.71,94.11,0.749966,0.927439,1,3,0,0,76,1448,0.262085,1,0.4868,2,3,0,0,V2,1,0.060506,4248.947368,2,0,2,0.939494,0,2,0,200
EDCF-Shield,v2b,FALCON1024+HMAC-SHA512+AES256GCM+DKG4of7,COMPROMISED_CTRL,120,44.78,38,CUMULATIVE,76,1600,49569,28800,9,0.639788,0.181333,0.099972,0.052632,0.994406,99.98,24.84,93.95,0.749966,0.927439,1,3,0,0,76,1448,0.262085,1,0.4868,2,3,0,0,V2,1,0.060506,4248.947368,2,0,2,0.939494,0,2,0,200
EDCF-Shield,v2b,FALCON1024+HMAC-SHA512+AES256GCM+DKG4of7,COMPROMISED_CTRL,120,44.78,39,CYCLE,78,0,1452,800,0,0.64476,0.036068,0,0,0,100,24.77,94.04,0.749967,0.927254,1,3,0,0,76,1448,0.25971,1,0.4872,2,3,0,0,V2,1,0.060481,4261.538462,2,0,2,0.939519,0,2,0,200
EDCF-Shield,v2b,FALCON1024+HMAC-SHA512+AES256GCM+DKG4of7,COMPROMISED_CTRL,120,44.78,39,CUMULATIVE,78,1600,51021,29600,9,0.639925,0.179043,0.097534,0.051282,0.994406,99.98,24.84,93.95,0.749967,0.927254,1,3,0,0,76,1448,0.25971,1,0.4872,2,3,0,0,V2,1,0.060481,4261.538462,2,0,2,0.939519,0,2,0,200
EDCF-Shield,v2b,FALCON1024+HMAC-SHA512+AES256GCM+DKG4of7,COMPROMISED_CTRL,120,44.78,40,CYCLE,80,0,1452,800,0,0.64476,0.035167,0,0,0,100,24.81,93.99,0.749968,0.92706,1,3,0,0,76,1448,0.257405,1,0.4875,2,3,0,0,V2,1,0.060471,4273.5,2,0,2,0.939529,0,2,0,200
EDCF-Shield,v2b,FALCON1024+HMAC-SHA512+AES256GCM+DKG4of7,COMPROMISED_CTRL,120,44.78,40,CUMULATIVE,80,1600,52473,30400,9,0.640054,0.176837,0.095213,0.05,0.994406,99.98,24.84,93.95,0.749968,0.92706,1,3,0,0,76,1448,0.257405,1,0.4875,2,3,0,0,V2,1,0.060471,4273.5,2,0,2,0.939529,0,2,0,200
EDCF-Shield,v2b,FALCON1024+HMAC-SHA512+AES256GCM+DKG4of7,COMPROMISED_CTRL,120,44.78,41,CYCLE,82,0,1452,800,0,0.64476,0.034309,0,0,0,100,24.88,93.9,0.749969,0.926846,1,3,0,0,76,1448,0.255167,1,0.4878,2,3,0,0,V2,1,0.060484,4284.878049,2,0,2,0.939516,0,2,0,200
EDCF-Shield,v2b,FALCON1024+HMAC-SHA512+AES256GCM+DKG4of7,COMPROMISED_CTRL,120,44.78,41,CUMULATIVE,82,1600,53925,31200,9,0.640176,0.174711,0.092999,0.04878,0.994406,99.98,24.84,93.95,0.749969,0.926846,1,3,0,0,76,1448,0.255167,1,0.4878,2,3,0,0,V2,1,0.060484,4284.878049,2,0,2,0.939516,0,2,0,200
EDCF-Shield,v2b,FALCON1024+HMAC-SHA512+AES256GCM+DKG4of7,COMPROMISED_CTRL,120,44.78,42,CYCLE,84,0,1452,800,0,0.64476,0.033493,0,0,0,100,24.95,93.82,0.74997,0.926616,1,3,0,0,76,1448,0.252993,1,0.4881,2,3,0,0,V2,1,0.060516,4295.714286,2,0,2,0.939484,0,2,0,200
EDCF-Shield,v2b,FALCON1024+HMAC-SHA512+AES256GCM+DKG4of7,COMPROMISED_CTRL,120,44.78,42,CUMULATIVE,84,1600,55377,32000,9,0.640292,0.172659,0.090886,0.047619,0.994406,99.98,24.84,93.95,0.74997,0.926616,1,3,0,0,76,1448,0.252993,1,0.4881,2,3,0,0,V2,1,0.060516,4295.714286,2,0,2,0.939484,0,2,0,200
EDCF-Shield,v2b,FALCON1024+HMAC-SHA512+AES256GCM+DKG4of7,COMPROMISED_CTRL,120,44.78,43,CYCLE,86,0,1452,800,0,0.64476,0.032714,0,0,0,100,24.82,93.98,0.74997,0.926447,1,3,0,0,76,1448,0.250879,1,0.4884,2,3,0,0,V2,1,0.060509,4306.046512,2,0,2,0.939491,0,2,0,200
EDCF-Shield,v2b,FALCON1024+HMAC-SHA512+AES256GCM+DKG4of7,COMPROMISED_CTRL,120,44.78,43,CUMULATIVE,86,1600,56829,32800,9,0.640402,0.170678,0.088867,0.046512,0.994406,99.98,24.84,93.95,0.74997,0.926447,1,3,0,0,76,1448,0.250879,1,0.4884,2,3,0,0,V2,1,0.060509,4306.046512,2,0,2,0.939491,0,2,0,200
EDCF-Shield,v2b,FALCON1024+HMAC-SHA512+AES256GCM+DKG4of7,COMPROMISED_CTRL,120,44.78,44,CYCLE,88,0,1452,800,0,0.64476,0.031971,0,0,0,100,24.85,93.93,0.749971,0.926271,1,3,0,0,76,1448,0.248822,1,0.4886,2,3,0,0,V2,1,0.060513,4315.909091,2,0,2,0.939487,0,2,0,200
EDCF-Shield,v2b,FALCON1024+HMAC-SHA512+AES256GCM+DKG4of7,COMPROMISED_CTRL,120,44.78,44,CUMULATIVE,88,1600,58281,33600,9,0.640507,0.168763,0.086935,0.045455,0.994406,99.98,24.84,93.95,0.749971,0.926271,1,3,0,0,76,1448,0.248822,1,0.4886,2,3,0,0,V2,1,0.060513,4315.909091,2,0,2,0.939487,0,2,0,200
EDCF-Shield,v2b,FALCON1024+HMAC-SHA512+AES256GCM+DKG4of7,COMPROMISED_CTRL,120,44.78,45,CYCLE,90,0,1452,800,0,0.64476,0.03126,0,0,0,100,24.95,93.81,0.749972,0.926068,1,3,0,0,76,1448,0.246821,1,0.4889,2,3,0,0,V2,1,0.060542,4325.333333,2,0,2,0.939458,0,2,0,200
EDCF-Shield,v2b,FALCON1024+HMAC-SHA512+AES256GCM+DKG4of7,COMPROMISED_CTRL,120,44.78,45,CUMULATIVE,90,1600,59733,34400,9,0.640607,0.166911,0.085086,0.044444,0.994406,99.98,24.84,93.95,0.749972,0.926068,1,3,0,0,76,1448,0.246821,1,0.4889,2,3,0,0,V2,1,0.060542,4325.333333,2,0,2,0.939458,0,2,0,200
EDCF-Shield,v2b,FALCON1024+HMAC-SHA512+AES256GCM+DKG4of7,COMPROMISED_CTRL,120,44.78,46,CYCLE,92,0,1452,800,0,0.64476,0.030581,0,0,0,100,24.96,93.8,0.749972,0.92587,1,3,0,0,76,1448,0.244872,1,0.4891,2,3,0,0,V2,1,0.060573,4334.347826,2,0,2,0.939427,0,2,0,200
EDCF-Shield,v2b,FALCON1024+HMAC-SHA512+AES256GCM+DKG4of7,COMPROMISED_CTRL,120,44.78,46,CUMULATIVE,92,1600,61185,35200,9,0.640702,0.165119,0.083314,0.043478,0.994406,99.99,24.85,93.94,0.749972,0.92587,1,3,0,0,76,1448,0.244872,1,0.4891,2,3,0,0,V2,1,0.060573,4334.347826,2,0,2,0.939427,0,2,0,200
EDCF-Shield,v2b,FALCON1024+HMAC-SHA512+AES256GCM+DKG4of7,COMPROMISED_CTRL,120,44.78,47,CYCLE,94,0,1452,800,0,0.64476,0.02993,0,0,0,100,24.89,93.89,0.749973,0.925705,1,3,0,0,76,1448,0.242973,1,0.4894,2,3,0,0,V2,1,0.060584,4342.978723,2,0,2,0.939416,0,2,0,200
EDCF-Shield,v2b,FALCON1024+HMAC-SHA512+AES256GCM+DKG4of7,COMPROMISED_CTRL,120,44.78,47,CUMULATIVE,94,1600,62637,36000,9,0.640794,0.163383,0.081614,0.042553,0.994406,99.99,24.85,93.94,0.749973,0.925705,1,3,0,0,76,1448,0.242973,1,0.4894,2,3,0,0,V2,1,0.060584,4342.978723,2,0,2,0.939416,0,2,0,200
EDCF-Shield,v2b,FALCON1024+HMAC-SHA512+AES256GCM+DKG4of7,COMPROMISED_CTRL,120,44.78,48,CYCLE,96,0,1452,800,0,0.64476,0.029307,0,0,0,100,24.82,93.97,0.749974,0.925571,1,3,0,0,76,1448,0.241122,1,0.4896,2,3,0,0,V2,1,0.060577,4351.25,2,0,2,0.939423,0,2,0,200
EDCF-Shield,v2b,FALCON1024+HMAC-SHA512+AES256GCM+DKG4of7,COMPROMISED_CTRL,120,44.78,48,CUMULATIVE,96,1600,64089,36800,9,0.640881,0.1617,0.079982,0.041667,0.994406,99.99,24.85,93.94,0.749974,0.925571,1,3,0,0,76,1448,0.241122,1,0.4896,2,3,0,0,V2,1,0.060577,4351.25,2,0,2,0.939423,0,2,0,200
EDCF-Shield,v2b,FALCON1024+HMAC-SHA512+AES256GCM+DKG4of7,COMPROMISED_CTRL,120,44.78,49,CYCLE,98,0,1452,800,0,0.64476,0.028709,0,0,0,100,24.8,94.01,0.749974,0.925451,1,3,0,0,76,1448,0.239317,1,0.4898,2,3,0,0,V2,1,0.060564,4359.183673,2,0,2,0.939436,0,2,0,200
EDCF-Shield,v2b,FALCON1024+HMAC-SHA512+AES256GCM+DKG4of7,COMPROMISED_CTRL,120,44.78,49,CUMULATIVE,98,1600,65541,37600,9,0.640964,0.160069,0.078414,0.040816,0.994406,99.99,24.85,93.94,0.749974,0.925451,1,3,0,0,76,1448,0.239317,1,0.4898,2,3,0,0,V2,1,0.060564,4359.183673,2,0,2,0.939436,0,2,0,200
EDCF-Shield,v2b,FALCON1024+HMAC-SHA512+AES256GCM+DKG4of7,COMPROMISED_CTRL,120,44.78,50,CYCLE,100,0,1452,800,0,0.64476,0.028135,0,0,0,100,24.81,93.99,0.749975,0.925333,1,3,0,0,76,1448,0.237556,1,0.49,2,3,0,0,V2,1,0.060554,4366.8,2,0,2,0.939446,0,2,0,200
EDCF-Shield,v2b,FALCON1024+HMAC-SHA512+AES256GCM+DKG4of7,COMPROMISED_CTRL,120,44.78,50,CUMULATIVE,100,1600,66993,38400,9,0.641044,0.158485,0.076906,0.04,0.994406,99.99,24.84,93.94,0.749975,0.925333,1,3,0,0,76,1448,0.237556,1,0.49,2,3,0,0,V2,1,0.060554,4366.8,2,0,2,0.939446,0,2,0,200
EDCF-Shield,v2b,FALCON1024+HMAC-SHA512+AES256GCM+DKG4of7,COMPROMISED_CTRL,120,44.78,51,CYCLE,102,0,1452,800,0,0.64476,0.027584,0,0,0,100,24.82,93.98,0.749975,0.925214,1,3,0,0,76,1448,0.235837,1,0.4902,2,3,0,0,V2,1,0.060548,4374.117647,2,0,2,0.939452,0,2,0,200
EDCF-Shield,v2b,FALCON1024+HMAC-SHA512+AES256GCM+DKG4of7,COMPROMISED_CTRL,120,44.78,51,CUMULATIVE,102,1600,68445,39200,9,0.641121,0.156948,0.075456,0.039216,0.994406,99.99,24.84,93.95,0.749975,0.925214,1,3,0,0,76,1448,0.235837,1,0.4902,2,3,0,0,V2,1,0.060548,4374.117647,2,0,2,0.939452,0,2,0,200
EDCF-Shield,v2b,FALCON1024+HMAC-SHA512+AES256GCM+DKG4of7,COMPROMISED_CTRL,120,44.78,52,CYCLE,104,0,1452,800,0,0.64476,0.027053,0,0,0,100,24.89,93.89,0.749976,0.925078,1,3,0,0,76,1448,0.234158,1,0.4904,2,3,0,0,V2,1,0.060559,4381.153846,2,0,2,0.939441,0,2,0,200
EDCF-Shield,v2b,FALCON1024+HMAC-SHA512+AES256GCM+DKG4of7,COMPROMISED_CTRL,120,44.78,52,CUMULATIVE,104,1600,69897,40000,9,0.641194,0.155455,0.074059,0.038462,0.994406,99.99,24.84,93.94,0.749976,0.925078,1,3,0,0,76,1448,0.234158,1,0.4904,2,3,0,0,V2,1,0.060559,4381.153846,2,0,2,0.939441,0,2,0,200
EDCF-Shield,v2b,FALCON1024+HMAC-SHA512+AES256GCM+DKG4of7,COMPROMISED_CTRL,120,44.78,53,CYCLE,106,0,1452,800,0,0.64476,0.026543,0,0,0,100,24.91,93.86,0.749976,0.924938,1,3,0,0,76,1448,0.232519,1,0.4906,2,3,0,0,V2,1,0.060575,4387.924528,2,0,2,0.939425,0,2,0,200
EDCF-Shield,v2b,FALCON1024+HMAC-SHA512+AES256GCM+DKG4of7,COMPROMISED_CTRL,120,44.78,53,CUMULATIVE,106,1600,71349,40800,9,0.641265,0.154003,0.072712,0.037736,0.994406,99.99,24.85,93.94,0.749976,0.924938,1,3,0,0,76,1448,0.232519,1,0.4906,2,3,0,0,V2,1,0.060575,4387.924528,2,0,2,0.939425,0,2,0,200
EDCF-Shield,v2b,FALCON1024+HMAC-SHA512+AES256GCM+DKG4of7,COMPROMISED_CTRL,120,44.78,54,CYCLE,108,0,1452,800,0,0.64476,0.026052,0,0,0,100,24.89,93.88,0.749977,0.924811,1,3,0,0,76,1448,0.230916,1,0.4907,2,3,0,0,V2,1,0.060586,4394.444444,2,0,2,0.939414,0,2,0,200
EDCF-Shield,v2b,FALCON1024+HMAC-SHA512+AES256GCM+DKG4of7,COMPROMISED_CTRL,120,44.78,54,CUMULATIVE,108,1600,72801,41600,9,0.641333,0.152591,0.071414,0.037037,0.994406,99.99,24.85,93.94,0.749977,0.924811,1,3,0,0,76,1448,0.230916,1,0.4907,2,3,0,0,V2,1,0.060586,4394.444444,2,0,2,0.939414,0,2,0,200
EDCF-Shield,v2b,FALCON1024+HMAC-SHA512+AES256GCM+DKG4of7,COMPROMISED_CTRL,120,44.78,55,CYCLE,110,0,1452,800,0,0.64476,0.025578,0,0,0,100,24.92,93.86,0.749977,0.92468,1,3,0,0,76,1448,0.22935,1,0.4909,2,3,0,0,V2,1,0.060601,4400.727273,2,0,2,0.939399,0,2,0,200
EDCF-Shield,v2b,FALCON1024+HMAC-SHA512+AES256GCM+DKG4of7,COMPROMISED_CTRL,120,44.78,55,CUMULATIVE,110,1600,74253,42400,9,0.641398,0.151217,0.070162,0.036364,0.994406,99.99,24.85,93.94,0.749977,0.92468,1,3,0,0,76,1448,0.22935,1,0.4909,2,3,0,0,V2,1,0.060601,4400.727273,2,0,2,0.939399,0,2,0,200
EDCF-Shield,v2b,FALCON1024+HMAC-SHA512+AES256GCM+DKG4of7,COMPROMISED_CTRL,120,44.78,56,CYCLE,112,0,1452,800,0,0.64476,0.025122,0,0,0,100,24.9,93.87,0.749978,0.924559,1,3,0,0,76,1448,0.227818,1,0.4911,2,3,0,0,V2,1,0.060613,4406.785714,2,0,2,0.939387,0,2,0,200
EDCF-Shield,v2b,FALCON1024+HMAC-SHA512+AES256GCM+DKG4of7,COMPROMISED_CTRL,120,44.78,56,CUMULATIVE,112,1600,75705,43200,9,0.641461,0.14988,0.068952,0.035714,0.994406,99.99,24.85,93.94,0.749978,0.924559,1,3,0,0,76,1448,0.227818,1,0.4911,2,3,0,0,V2,1,0.060613,4406.785714,2,0,2,0.939387,0,2,0,200
EDCF-Shield,v2b,FALCON1024+HMAC-SHA512+AES256GCM+DKG4of7,COMPROMISED_CTRL,120,44.78,57,CYCLE,114,0,1452,800,0,0.64476,0.024681,0,0,0,100,24.96,93.8,0.749978,0.924425,1,3,0,0,76,1448,0.226319,1,0.4912,2,3,0,0,V2,1,0.060636,4412.631579,2,0,2,0.939364,0,2,0,200
EDCF-Shield,v2b,FALCON1024+HMAC-SHA512+AES256GCM+DKG4of7,COMPROMISED_CTRL,120,44.78,57,CUMULATIVE,114,1600,77157,44000,9,0.641521,0.148577,0.067784,0.035088,0.994406,99.99,24.85,93.94,0.749978,0.924425,1,3,0,0,76,1448,0.226319,1,0.4912,2,3,0,0,V2,1,0.060636,4412.631579,2,0,2,0.939364,0,2,0,200
EDCF-Shield,v2b,FALCON1024+HMAC-SHA512+AES256GCM+DKG4of7,COMPROMISED_CTRL,120,44.78,58,CYCLE,116,0,1452,800,0,0.64476,0.024256,0,0,0,100,24.95,93.81,0.749979,0.924297,1,3,0,0,76,1448,0.224852,1,0.4914,2,3,0,0,V2,1,0.060658,4418.275862,2,0,2,0.939342,0,2,0,200
EDCF-Shield,v2b,FALCON1024+HMAC-SHA512+AES256GCM+DKG4of7,COMPROMISED_CTRL,120,44.78,58,CUMULATIVE,116,1600,78609,44800,9,0.64158,0.147308,0.066654,0.034483,0.994406,99.99,24.85,93.93,0.749979,0.924297,1,3,0,0,76,1448,0.224852,1,0.4914,2,3,0,0,V2,1,0.060658,4418.275862,2,0,2,0.939342,0,2,0,200
EDCF-Shield,v2b,FALCON1024+HMAC-SHA512+AES256GCM+DKG4of7,COMPROMISED_CTRL,120,44.78,59,CYCLE,118,0,1452,800,0,0.64476,0.023845,0,0,0,100,24.96,93.81,0.749979,0.924173,1,3,0,0,76,1448,0.223416,1,0.4915,2,3,0,0,V2,1,0.060679,4423.728814,2,0,2,0.939321,0,2,0,200
EDCF-Shield,v2b,FALCON1024+HMAC-SHA512+AES256GCM+DKG4of7,COMPROMISED_CTRL,120,44.78,59,CUMULATIVE,118,1600,80061,45600,9,0.641636,0.146071,0.065562,0.033898,0.994406,99.99,24.85,93.93,0.749979,0.924173,1,3,0,0,76,1448,0.223416,1,0.4915,2,3,0,0,V2,1,0.060679,4423.728814,2,0,2,0.939321,0,2,0,200
EDCF-Shield,v2b,FALCON1024+HMAC-SHA512+AES256GCM+DKG4of7,COMPROMISED_CTRL,120,44.78,60,CYCLE,120,0,1452,800,0,0.64476,0.023447,0,0,0,100,24.95,93.82,0.749979,0.924055,1,3,0,0,76,1448,0.22201,1,0.4917,2,3,0,0,V2,1,0.060698,4429,2,0,2,0.939302,0,2,0,200
EDCF-Shield,v2b,FALCON1024+HMAC-SHA512+AES256GCM+DKG4of7,COMPROMISED_CTRL,120,44.78,60,CUMULATIVE,120,1600,81513,46400,9,0.64169,0.144864,0.064504,0.033333,0.994406,99.99,24.86,93.93,0.749979,0.924055,1,3,0,0,76,1448,0.22201,1,0.4917,2,3,0,0,V2,1,0.060698,4429,2,0,2,0.939302,0,2,0,200
EDCF-Shield,v2b,FALCON1024+HMAC-SHA512+AES256GCM+DKG4of7,COMPROMISED_CTRL,120,44.78,61,CYCLE,122,0,1452,800,0,0.64476,0.023063,0,0,0,100,24.97,93.79,0.74998,0.923936,1,3,0,0,76,1448,0.220632,1,0.4918,2,3,0,0,V2,1,0.06072,4434.098361,2,0,2,0.93928,0,2,0,200
EDCF-Shield,v2b,FALCON1024+HMAC-SHA512+AES256GCM+DKG4of7,COMPROMISED_CTRL,120,44.78,61,CUMULATIVE,122,1600,82965,47200,9,0.641743,0.143687,0.063481,0.032787,0.994406,99.99,24.86,93.93,0.74998,0.923936,1,3,0,0,76,1448,0.220632,1,0.4918,2,3,0,0,V2,1,0.06072,4434.098361,2,0,2,0.93928,0,2,0,200
EDCF-Shield,v2b,FALCON1024+HMAC-SHA512+AES256GCM+DKG4of7,COMPROMISED_CTRL,120,44.78,62,CYCLE,124,0,1452,800,0,0.64476,0.022691,0,0,0,100,24.99,93.76,0.74998,0.923814,1,3,0,0,76,1448,0.219282,1,0.4919,2,3,0,0,V2,1,0.060746,4439.032258,2,0,2,0.939254,0,2,0,200
EDCF-Shield,v2b,FALCON1024+HMAC-SHA512+AES256GCM+DKG4of7,COMPROMISED_CTRL,120,44.78,62,CUMULATIVE,124,1600,84417,48000,9,0.641793,0.142538,0.062489,0.032258,0.994406,99.99,24.86,93.93,0.74998,0.923814,1,3,0,0,76,1448,0.219282,1,0.4919,2,3,0,0,V2,1,0.060746,4439.032258,2,0,2,0.939254,0,2,0,200
EDCF-Shield,v2b,FALCON1024+HMAC-SHA512+AES256GCM+DKG4of7,COMPROMISED_CTRL,120,44.78,63,CYCLE,126,0,1452,800,0,0.64476,0.022331,0,0,0,100,25.05,93.68,0.74998,0.92368,1,3,0,0,76,1448,0.217959,1,0.4921,2,3,0,0,V2,1,0.060783,4443.809524,2,0,2,0.939217,0,2,0,200
EDCF-Shield,v2b,FALCON1024+HMAC-SHA512+AES256GCM+DKG4of7,COMPROMISED_CTRL,120,44.78,63,CUMULATIVE,126,1600,85869,48800,9,0.641842,0.141416,0.061528,0.031746,0.994406,99.99,24.86,93.92,0.74998,0.92368,1,3,0,0,76,1448,0.217959,1,0.4921,2,3,0,0,V2,1,0.060783,4443.809524,2,0,2,0.939217,0,2,0,200
EDCF-Shield,v2b,FALCON1024+HMAC-SHA512+AES256GCM+DKG4of7,COMPROMISED_CTRL,120,44.78,64,CYCLE,128,0,1452,800,0,0.64476,0.021983,0,0,0,100,25.09,93.64,0.749981,0.92354,1,3,0,0,76,1448,0.216662,1,0.4922,2,3,0,0,V2,1,0.060825,4448.4375,2,0,2,0.939175,0,2,0,200
EDCF-Shield,v2b,FALCON1024+HMAC-SHA512+AES256GCM+DKG4of7,COMPROMISED_CTRL,120,44.78,64,CUMULATIVE,128,1600,87321,49600,9,0.64189,0.14032,0.060596,0.03125,0.994406,99.99,24.87,93.92,0.749981,0.92354,1,3,0,0,76,1448,0.216662,1,0.4922,2,3,0,0,V2,1,0.060825,4448.4375,2,0,2,0.939175,0,2,0,200
EDCF-Shield,v2b,FALCON1024+HMAC-SHA512+AES256GCM+DKG4of7,COMPROMISED_CTRL,120,44.78,65,CYCLE,130,0,1452,800,0,0.64476,0.021645,0,0,0,100,25.1,93.63,0.749981,0.923402,1,3,0,0,76,1448,0.215389,1,0.4923,2,3,0,0,V2,1,0.060868,4452.923077,2,0,2,0.939132,0,2,0,200
EDCF-Shield,v2b,FALCON1024+HMAC-SHA512+AES256GCM+DKG4of7,COMPROMISED_CTRL,120,44.78,65,CUMULATIVE,130,1600,88773,50400,9,0.641936,0.139249,0.059691,0.030769,0.994406,99.99,24.87,93.91,0.749981,0.923402,1,3,0,0,76,1448,0.215389,1,0.4923,2,3,0,0,V2,1,0.060868,4452.923077,2,0,2,0.939132,0,2,0,200
EDCF-Shield,v2b,FALCON1024+HMAC-SHA512+AES256GCM+DKG4of7,COMPROMISED_CTRL,120,44.78,66,CYCLE,132,0,1452,800,0,0.64476,0.021317,0,0,0,100,25.11,93.61,0.749981,0.923265,1,3,0,0,76,1448,0.214141,1,0.4924,2,3,0,0,V2,1,0.060912,4457.272727,2,0,2,0.939088,0,2,0,200
EDCF-Shield,v2b,FALCON1024+HMAC-SHA512+AES256GCM+DKG4of7,COMPROMISED_CTRL,120,44.78,66,CUMULATIVE,132,1600,90225,51200,9,0.64198,0.138202,0.058814,0.030303,0.994406,99.99,24.87,93.91,0.749981,0.923265,1,3,0,0,76,1448,0.214141,1,0.4924,2,3,0,0,V2,1,0.060912,4457.272727,2,0,2,0.939088,0,2,0,200
EDCF-Shield,v2b,FALCON1024+HMAC-SHA512+AES256GCM+DKG4of7,COMPROMISED_CTRL,120,44.78,67,CYCLE,134,0,1452,800,0,0.64476,0.020999,0,0,0,100,25.12,93.6,0.749982,0.92313,1,3,0,0,76,1448,0.212916,1,0.4925,2,3,0,0,V2,1,0.060956,4461.492537,2,0,2,0.939044,0,2,0,200
EDCF-Shield,v2b,FALCON1024+HMAC-SHA512+AES256GCM+DKG4of7,COMPROMISED_CTRL,120,44.78,67,CUMULATIVE,134,1600,91677,52000,9,0.642023,0.137179,0.057962,0.029851,0.994406,99.99,24.88,93.9,0.749982,0.92313,1,3,0,0,76,1448,0.212916,1,0.4925,2,3,0,0,V2,1,0.060956,4461.492537,2,0,2,0.939044,0,2,0,200
EDCF-Shield,v2b,FALCON1024+HMAC-SHA512+AES256GCM+DKG4of7,COMPROMISED_CTRL,120,44.78,68,CYCLE,136,0,1452,800,0,0.64476,0.02069,0,0,0,100,25.03,93.71,0.749982,0.923019,1,3,0,0,76,1448,0.211714,1,0.4926,2,3,0,0,V2,1,0.060984,4465.588235,2,0,2,0.939016,0,2,0,200
EDCF-Shield,v2b,FALCON1024+HMAC-SHA512+AES256GCM+DKG4of7,COMPROMISED_CTRL,120,44.78,68,CUMULATIVE,136,1600,93129,52800,9,0.642065,0.136178,0.057134,0.029412,0.994406,99.99,24.88,93.9,0.749982,0.923019,1,3,0,0,76,1448,0.211714,1,0.4926,2,3,0,0,V2,1,0.060984,4465.588235,2,0,2,0.939016,0,2,0,200
EDCF-Shield,v2b,FALCON1024+HMAC-SHA512+AES256GCM+DKG4of7,COMPROMISED_CTRL,120,44.78,69,CYCLE,138,0,1452,800,0,0.64476,0.02039,0,0,0,100,25.06,93.68,0.749982,0.922906,1,3,0,0,76,1448,0.210534,1,0.4928,2,3,0,0,V2,1,0.061016,4469.565217,2,0,2,0.938984,0,2,0,200
EDCF-Shield,v2b,FALCON1024+HMAC-SHA512+AES256GCM+DKG4of7,COMPROMISED_CTRL,120,44.78,69,CUMULATIVE,138,1600,94581,53600,9,0.642106,0.135198,0.056329,0.028986,0.994406,99.99,24.88,93.9,0.749982,0.922906,1,3,0,0,76,1448,0.210534,1,0.4928,2,3,0,0,V2,1,0.061016,4469.565217,2,0,2,0.938984,0,2,0,200
EDCF-Shield,v2b,FALCON1024+HMAC-SHA512+AES256GCM+DKG4of7,COMPROMISED_CTRL,120,44.78,70,CYCLE,140,0,1452,800,0,0.64476,0.020099,0,0,0,100,25.1,93.62,0.749982,0.922786,1,3,0,0,76,1448,0.209375,1,0.4929,2,3,0,0,V2,1,0.061053,4473.428571,2,0,2,0.938947,0,2,0,200
EDCF-Shield,v2b,FALCON1024+HMAC-SHA512+AES256GCM+DKG4of7,COMPROMISED_CTRL,120,44.78,70,CUMULATIVE,140,1600,96033,54400,9,0.642145,0.134239,0.055547,0.028571,0.994406,99.99,24.88,93.89,0.749982,0.922786,1,3,0,0,76,1448,0.209375,1,0.4929,2,3,0,0,V2,1,0.061053,4473.428571,2,0,2,0.938947,0,2,0,200
EDCF-Shield,v2b,FALCON1024+HMAC-SHA512+AES256GCM+DKG4of7,COMPROMISED_CTRL,120,44.78,71,CYCLE,142,0,1452,800,0,0.64476,0.019816,0,0,0,100,25.13,93.59,0.749983,0.922663,1,3,0,0,76,1448,0.208237,1,0.493,2,3,0,0,V2,1,0.061093,4477.183099,2,0,2,0.938907,0,2,0,200
EDCF-Shield,v2b,FALCON1024+HMAC-SHA512+AES256GCM+DKG4of7,COMPROMISED_CTRL,120,44.78,71,CUMULATIVE,142,1600,97485,55200,9,0.642183,0.133301,0.054786,0.028169,0.994406,99.99,24.89,93.89,0.749983,0.922663,1,3,0,0,76,1448,0.208237,1,0.493,2,3,0,0,V2,1,0.061093,4477.183099,2,0,2,0.938907,0,2,0,200
EDCF-Shield,v2b,FALCON1024+HMAC-SHA512+AES256GCM+DKG4of7,COMPROMISED_CTRL,120,44.78,72,CYCLE,144,0,1452,800,0,0.64476,0.019541,0,0,0,100,25.12,93.6,0.749983,0.922545,1,3,0,0,76,1448,0.207118,1,0.4931,2,3,0,0,V2,1,0.061132,4480.833333,2,0,2,0.938868,0,2,0,200
EDCF-Shield,v2b,FALCON1024+HMAC-SHA512+AES256GCM+DKG4of7,COMPROMISED_CTRL,120,44.78,72,CUMULATIVE,144,1600,98937,56000,9,0.64222,0.132382,0.054046,0.027778,0.994406,99.99,24.89,93.89,0.749983,0.922545,1,3,0,0,76,1448,0.207118,1,0.4931,2,3,0,0,V2,1,0.061132,4480.833333,2,0,2,0.938868,0,2,0,200
EDCF-Shield,v2b,FALCON1024+HMAC-SHA512+AES256GCM+DKG4of7,COMPROMISED_CTRL,120,44.78,73,CYCLE,146,0,1452,800,0,0.64476,0.019274,0,0,0,100,25.17,93.54,0.749983,0.92242,1,3,0,0,76,1448,0.206019,1,0.4932,2,3,0,0,V2,1,0.061177,4484.383562,2,0,2,0.938823,0,2,0,200
EDCF-Shield,v2b,FALCON1024+HMAC-SHA512+AES256GCM+DKG4of7,COMPROMISED_CTRL,120,44.78,73,CUMULATIVE,146,1600,100389,56800,9,0.642256,0.131481,0.053325,0.027397,0.994406,99.99,24.89,93.88,0.749983,0.92242,1,3,0,0,76,1448,0.206019,1,0.4932,2,3,0,0,V2,1,0.061177,4484.383562,2,0,2,0.938823,0,2,0,200
EDCF-Shield,v2b,FALCON1024+HMAC-SHA512+AES256GCM+DKG4of7,COMPROMISED_CTRL,120,44.78,74,CYCLE,148,0,1452,800,0,0.64476,0.019013,0,0,0,100,25.16,93.55,0.749983,0.9223,1,3,0,0,76,1448,0.204939,1,0.4932,2,3,0,0,V2,1,0.061219,4487.837838,2,0,2,0.938781,0,2,0,200
EDCF-Shield,v2b,FALCON1024+HMAC-SHA512+AES256GCM+DKG4of7,COMPROMISED_CTRL,120,44.78,74,CUMULATIVE,148,1600,101841,57600,9,0.642291,0.130599,0.052624,0.027027,0.994406,99.99,24.9,93.88,0.749983,0.9223,1,3,0,0,76,1448,0.204939,1,0.4932,2,3,0,0,V2,1,0.061219,4487.837838,2,0,2,0.938781,0,2,0,200
EDCF-Shield,v2b,FALCON1024+HMAC-SHA512+AES256GCM+DKG4of7,COMPROMISED_CTRL,120,44.78,75,CYCLE,150,0,1452,800,0,0.64476,0.01876,0,0,0,100,25.14,93.57,0.749984,0.922186,1,3,0,0,76,1448,0.203877,1,0.4933,2,3,0,0,V2,1,0.061257,4491.2,2,0,2,0.938743,0,2,0,200
EDCF-Shield,v2b,FALCON1024+HMAC-SHA512+AES256GCM+DKG4of7,COMPROMISED_CTRL,120,44.78,75,CUMULATIVE,150,1600,103293,58400,9,0.642325,0.129734,0.05194,0.026667,0.994406,99.99,24.9,93.87,0.749984,0.922186,1,3,0,0,76,1448,0.203877,1,0.4933,2,3,0,0,V2,1,0.061257,4491.2,2,0,2,0.938743,0,2,0,200
EDCF-Shield,v2b,FALCON1024+HMAC-SHA512+AES256GCM+DKG4of7,COMPROMISED_CTRL,120,44.78,76,CYCLE,152,0,1452,800,0,0.64476,0.018513,0,0,0,100,25.14,93.58,0.749984,0.922077,1,3,0,0,76,1448,0.202833,1,0.4934,2,3,0,0,V2,1,0.061294,4494.473684,2,0,2,0.938706,0,2,0,200
EDCF-Shield,v2b,FALCON1024+HMAC-SHA512+AES256GCM+DKG4of7,COMPROMISED_CTRL,120,44.78,76,CUMULATIVE,152,1600,104745,59200,9,0.642358,0.128886,0.051275,0.026316,0.994406,99.99,24.9,93.87,0.749984,0.922077,1,3,0,0,76,1448,0.202833,1,0.4934,2,3,0,0,V2,1,0.061294,4494.473684,2,0,2,0.938706,0,2,0,200
EDCF-Shield,v2b,FALCON1024+HMAC-SHA512+AES256GCM+DKG4of7,COMPROMISED_CTRL,120,44.78,77,CYCLE,154,0,1452,800,0,0.64476,0.018273,0,0,0,100,25.17,93.54,0.749984,0.921963,1,3,0,0,76,1448,0.201805,1,0.4935,2,3,0,0,V2,1,0.061335,4497.662338,2,0,2,0.938665,0,2,0,200
EDCF-Shield,v2b,FALCON1024+HMAC-SHA512+AES256GCM+DKG4of7,COMPROMISED_CTRL,120,44.78,77,CUMULATIVE,154,1600,106197,60000,9,0.642391,0.128055,0.050626,0.025974,0.994406,99.99,24.91,93.87,0.749984,0.921963,1,3,0,0,76,1448,0.201805,1,0.4935,2,3,0,0,V2,1,0.061335,4497.662338,2,0,2,0.938665,0,2,0,200
EDCF-Shield,v2b,FALCON1024+HMAC-SHA512+AES256GCM+DKG4of7,COMPROMISED_CTRL,120,44.78,78,CYCLE,156,0,1452,800,0,0.64476,0.018039,0,0,0,100,25.19,93.52,0.749984,0.921848,1,3,0,0,76,1448,0.200795,1,0.4936,2,3,0,0,V2,1,0.061378,4500.769231,2,0,2,0.938622,0,2,0,200
EDCF-Shield,v2b,FALCON1024+HMAC-SHA512+AES256GCM+DKG4of7,COMPROMISED_CTRL,120,44.78,78,CUMULATIVE,156,1600,107649,60800,9,0.642422,0.127239,0.049993,0.025641,0.994406,99.99,24.91,93.86,0.749984,0.921848,1,3,0,0,76,1448,0.200795,1,0.4936,2,3,0,0,V2,1,0.061378,4500.769231,2,0,2,0.938622,0,2,0,200
EDCF-Shield,v2b,FALCON1024+HMAC-SHA512+AES256GCM+DKG4of7,COMPROMISED_CTRL,120,44.78,79,CYCLE,158,0,1452,800,0,0.64476,0.01781,0,0,0,100,25.15,93.57,0.749985,0.921744,1,3,0,0,76,1448,0.199801,1,0.4937,2,3,0,0,V2,1,0.061414,4503.797468,2,0,2,0.938586,0,2,0,200
EDCF-Shield,v2b,FALCON1024+HMAC-SHA512+AES256GCM+DKG4of7,COMPROMISED_CTRL,120,44.78,79,CUMULATIVE,158,1600,109101,61600,9,0.642453,0.126439,0.049376,0.025316,0.994406,99.99,24.91,93.86,0.749985,0.921744,1,3,0,0,76,1448,0.199801,1,0.4937,2,3,0,0,V2,1,0.061414,4503.797468,2,0,2,0.938586,0,2,0,200
EDCF-Shield,v2b,FALCON1024+HMAC-SHA512+AES256GCM+DKG4of7,COMPROMISED_CTRL,120,44.78,80,CYCLE,160,0,1452,800,0,0.64476,0.017588,0,0,0,100,25.15,93.57,0.749985,0.921643,1,3,0,0,76,1448,0.198823,1,0.4938,2,3,0,0,V2,1,0.061449,4506.75,2,0,2,0.938551,0,2,0,200
EDCF-Shield,v2b,FALCON1024+HMAC-SHA512+AES256GCM+DKG4of7,COMPROMISED_CTRL,120,44.78,80,CUMULATIVE,160,1600,110553,62400,9,0.642482,0.125653,0.048774,0.025,0.994406,99.99,24.92,93.86,0.749985,0.921643,1,3,0,0,76,1448,0.198823,1,0.4938,2,3,0,0,V2,1,0.061449,4506.75,2,0,2,0.938551,0,2,0,200
EDCF-Shield,v2b,FALCON1024+HMAC-SHA512+AES256GCM+DKG4of7,COMPROMISED_CTRL,120,44.78,81,CYCLE,162,0,1452,800,0,0.64476,0.017371,0,0,0,100,25.14,93.58,0.749985,0.921546,1,3,0,0,76,1448,0.19786,1,0.4938,2,3,0,0,V2,1,0.061481,4509.62963,2,0,2,0.938519,0,2,0,200
EDCF-Shield,v2b,FALCON1024+HMAC-SHA512+AES256GCM+DKG4of7,COMPROMISED_CTRL,120,44.78,81,CUMULATIVE,162,1600,112005,63200,9,0.642511,0.124883,0.048186,0.024691,0.994406,99.99,24.92,93.85,0.749985,0.921546,1,3,0,0,76,1448,0.19786,1,0.4938,2,3,0,0,V2,1,0.061481,4509.62963,2,0,2,0.938519,0,2,0,200
EDCF-Shield,v2b,FALCON1024+HMAC-SHA512+AES256GCM+DKG4of7,COMPROMISED_CTRL,120,44.78,82,CYCLE,164,0,1452,800,0,0.64476,0.017159,0,0,0,100,25.14,93.57,0.749985,0.92145,1,3,0,0,76,1448,0.196913,1,0.4939,2,3,0,0,V2,1,0.061514,4512.439024,2,0,2,0.938486,0,2,0,200
EDCF-Shield,v2b,FALCON1024+HMAC-SHA512+AES256GCM+DKG4of7,COMPROMISED_CTRL,120,44.78,82,CUMULATIVE,164,1600,113457,64000,9,0.64254,0.124126,0.047613,0.02439,0.994406,99.99,24.92,93.85,0.749985,0.92145,1,3,0,0,76,1448,0.196913,1,0.4939,2,3,0,0,V2,1,0.061514,4512.439024,2,0,2,0.938486,0,2,0,200
EDCF-Shield,v2b,FALCON1024+HMAC-SHA512+AES256GCM+DKG4of7,COMPROMISED_CTRL,120,44.78,83,CYCLE,166,0,1452,800,0,0.64476,0.016952,0,0,0,100,25.17,93.53,0.749985,0.92135,1,3,0,0,76,1448,0.195979,1,0.494,2,3,0,0,V2,1,0.06155,4515.180723,2,0,2,0.93845,0,2,0,200
EDCF-Shield,v2b,FALCON1024+HMAC-SHA512+AES256GCM+DKG4of7,COMPROMISED_CTRL,120,44.78,83,CUMULATIVE,166,1600,114909,64800,9,0.642567,0.123382,0.047053,0.024096,0.994406,99.99,24.92,93.84,0.749985,0.92135,1,3,0,0,76,1448,0.195979,1,0.494,2,3,0,0,V2,1,0.06155,4515.180723,2,0,2,0.93845,0,2,0,200
EDCF-Shield,v2b,FALCON1024+HMAC-SHA512+AES256GCM+DKG4of7,COMPROMISED_CTRL,120,44.78,84,CYCLE,168,0,1452,800,0,0.64476,0.016751,0,0,0,100,25.17,93.54,0.749985,0.921254,1,3,0,0,76,1448,0.19506,1,0.494,2,3,0,0,V2,1,0.061584,4517.857143,2,0,2,0.938416,0,2,0,200
EDCF-Shield,v2b,FALCON1024+HMAC-SHA512+AES256GCM+DKG4of7,COMPROMISED_CTRL,120,44.78,84,CUMULATIVE,168,1600,116361,65600,9,0.642594,0.122652,0.046506,0.02381,0.994406,99.99,24.93,93.84,0.749985,0.921254,1,3,0,0,76,1448,0.19506,1,0.494,2,3,0,0,V2,1,0.061584,4517.857143,2,0,2,0.938416,0,2,0,200
EDCF-Shield,v2b,FALCON1024+HMAC-SHA512+AES256GCM+DKG4of7,COMPROMISED_CTRL,120,44.78,85,CYCLE,170,0,1452,800,0,0.64476,0.016554,0,0,0,100,25.12,93.6,0.749986,0.92117,1,3,0,0,76,1448,0.194155,1,0.4941,2,3,0,0,V2,1,0.061611,4520.470588,2,0,2,0.938389,0,2,0,200
EDCF-Shield,v2b,FALCON1024+HMAC-SHA512+AES256GCM+DKG4of7,COMPROMISED_CTRL,120,44.78,85,CUMULATIVE,170,1600,117813,66400,9,0.64262,0.121935,0.045971,0.023529,0.994406,99.99,24.93,93.84,0.749986,0.92117,1,3,0,0,76,1448,0.194155,1,0.4941,2,3,0,0,V2,1,0.061611,4520.470588,2,0,2,0.938389,0,2,0,200
EDCF-Shield,v2b,FALCON1024+HMAC-SHA512+AES256GCM+DKG4of7,COMPROMISED_CTRL,120,44.78,86,CYCLE,172,0,1452,800,0,0.64476,0.016361,0,0,0,100,25.06,93.68,0.749986,0.921098,1,3,0,0,76,1448,0.193264,1,0.4942,2,3,0,0,V2,1,0.06163,4523.023256,2,0,2,0.93837,0,2,0,200
EDCF-Shield,v2b,FALCON1024+HMAC-SHA512+AES256GCM+DKG4of7,COMPROMISED_CTRL,120,44.78,86,CUMULATIVE,172,1600,119265,67200,9,0.642646,0.12123,0.045449,0.023256,0.994406,99.99,24.93,93.84,0.749986,0.921098,1,3,0,0,76,1448,0.193264,1,0.4942,2,3,0,0,V2,1,0.06163,4523.023256,2,0,2,0.93837,0,2,0,200
EDCF-Shield,v2b,FALCON1024+HMAC-SHA512+AES256GCM+DKG4of7,COMPROMISED_CTRL,120,44.78,87,CYCLE,174,0,1452,800,0,0.64476,0.016173,0,0,0,100,24.99,93.77,0.749986,0.921043,1,3,0,0,76,1448,0.192385,1,0.4943,2,3,0,0,V2,1,0.061638,4525.517241,2,0,2,0.938362,0,2,0,200
EDCF-Shield,v2b,FALCON1024+HMAC-SHA512+AES256GCM+DKG4of7,COMPROMISED_CTRL,120,44.78,87,CUMULATIVE,174,1600,120717,68000,9,0.642671,0.120537,0.044938,0.022989,0.994406,99.99,24.93,93.84,0.749986,0.921043,1,3,0,0,76,1448,0.192385,1,0.4943,2,3,0,0,V2,1,0.061638,4525.517241,2,0,2,0.938362,0,2,0,200
EDCF-Shield,v2b,FALCON1024+HMAC-SHA512+AES256GCM+DKG4of7,COMPROMISED_CTRL,120,44.78,88,CYCLE,176,0,1452,800,0,0.64476,0.01599,0,0,0,100,24.98,93.78,0.749986,0.92099,1,3,0,0,76,1448,0.19152,1,0.4943,2,3,0,0,V2,1,0.061645,4527.954545,2,0,2,0.938355,0,2,0,200
EDCF-Shield,v2b,FALCON1024+HMAC-SHA512+AES256GCM+DKG4of7,COMPROMISED_CTRL,120,44.78,88,CUMULATIVE,176,1600,122169,68800,9,0.642695,0.119856,0.044439,0.022727,0.994406,99.99,24.93,93.84,0.749986,0.92099,1,3,0,0,76,1448,0.19152,1,0.4943,2,3,0,0,V2,1,0.061645,4527.954545,2,0,2,0.938355,0,2,0,200
EDCF-Shield,v2b,FALCON1024+HMAC-SHA512+AES256GCM+DKG4of7,COMPROMISED_CTRL,120,44.78,89,CYCLE,178,0,1452,800,0,0.64476,0.01581,0,0,0,100,25.07,93.67,0.749986,0.920921,1,3,0,0,76,1448,0.190666,1,0.4944,2,3,0,0,V2,1,0.061663,4530.337079,2,0,2,0.938337,0,2,0,200
EDCF-Shield,v2b,FALCON1024+HMAC-SHA512+AES256GCM+DKG4of7,COMPROMISED_CTRL,120,44.78,89,CUMULATIVE,178,1600,123621,69600,9,0.642719,0.119187,0.043951,0.022472,0.994406,99.99,24.93,93.83,0.749986,0.920921,1,3,0,0,76,1448,0.190666,1,0.4944,2,3,0,0,V2,1,0.061663,4530.337079,2,0,2,0.938337,0,2,0,200
EDCF-Shield,v2b,FALCON1024+HMAC-SHA512+AES256GCM+DKG4of7,COMPROMISED_CTRL,120,44.78,90,CYCLE,179.5,0,1089,480,0,0.694073,0.015635,0,0,0,100,24.18,94.77,0.749986,0.920858,1,3,0,0,76,1448,0.189826,1,0.4958,2,3,0,0,V2,1,0.061589,4532.089136,2,0,2,0.938411,0,2,0,200
EDCF-Shield,v2b,FALCON1024+HMAC-SHA512+AES256GCM+DKG4of7,COMPROMISED_CTRL,120,44.78,90,CUMULATIVE,179.5,1600,124710,70080,9,0.64313,0.118828,0.043663,0.022321,0.994406,99.99,24.93,93.84,0.749986,0.920858,1,3,0,0,76,1448,0.189826,1,0.4958,2,3,0,0,V2,1,0.061589,4532.089136,2,0,2,0.938411,0,2,0,200
EDCF-Shield,v2b,FALCON1024+HMAC-SHA512+AES256GCM+DKG4of7,COMPROMISED_CTRL,180,67.16,1,CYCLE,2,200,0,0,0,1,0.5,1,1,1,0,100,0,0,0,1,0,0,0,76,1448,0,1,0,0,0,0,0,V2,0,1,-100,1,0,0,0,0,0,0,200
EDCF-Shield,v2b,FALCON1024+HMAC-SHA512+AES256GCM+DKG4of7,COMPROMISED_CTRL,180,67.16,1,CUMULATIVE,2,200,0,0,0,1,0.5,1,1,1,0,100,0,0,0,1,0,0,0,76,1448,0,1,0,0,0,0,0,V2,0,1,-100,1,0,0,0,0,0,0,200
EDCF-Shield,v2b,FALCON1024+HMAC-SHA512+AES256GCM+DKG4of7,COMPROMISED_CTRL,180,67.16,2,CYCLE,4,200,150,0,6,0.983146,0.733097,0.985222,1,0.970874,96.15,29.8,87.75,0.742574,0.924638,1,3,0,0,76,1448,0,1,0.25,2,3,0,0,V2,1,0.218341,160,2,0,2,0.781659,0,1,0,200
EDCF-Shield,v2b,FALCON1024+HMAC-SHA512+AES256GCM+DKG4of7,COMPROMISED_CTRL,180,67.16,2,CUMULATIVE,4,400,150,0,6,0.989209,0.973308,0.992556,1,0.985222,96.15,37.47,78.17,0.742574,0.924638,1,3,0,0,76,1448,0,1,0.25,2,3,0,0,V2,1,0.218341,160,2,0,2,0.781659,0,1,0,200
EDCF-Shield,v2b,FALCON1024+HMAC-SHA512+AES256GCM+DKG4of7,COMPROMISED_CTRL,180,67.16,3,CYCLE,6,0,399,200,3,0.662791,0.472093,0,0,0,99.25,23.65,95.44,0.746939,0.93153,1,3,0,0,76,1448,0,1,0.3333,2,3,0,0,V2,1,0.096479,520,2,0,2,0.903521,0,2,0,200
EDCF-Shield,v2b,FALCON1024+HMAC-SHA512+AES256GCM+DKG4of7,COMPROMISED_CTRL,180,67.16,3,CUMULATIVE,6,400,549,200,9,0.819516,0.680084,0.792864,0.666667,0.977995,98.39,27.72,90.35,0.746939,0.93153,1,3,0,0,76,1448,0,1,0.3333,2,3,0,0,V2,1,0.096479,520,2,0,2,0.903521,0,2,0,200
EDCF-Shield,v2b,FALCON1024+HMAC-SHA512+AES256GCM+DKG4of7,COMPROMISED_CTRL,180,67.16,4,CYCLE,8,0,642,200,0,0.76247,0.354077,0,0,0,100,22.37,97.04,0.748586,0.932048,1,3,0,0,76,1448,0.680084,1,0.375,2,3,0,0,V2,1,0.061667,900,2,0,2,0.938333,0,2,0,200
EDCF-Shield,v2b,FALCON1024+HMAC-SHA512+AES256GCM+DKG4of7,COMPROMISED_CTRL,180,67.16,4,CUMULATIVE,8,400,1191,400,9,0.7955,0.598198,0.661704,0.5,0.977995,99.25,24.93,93.83,0.748586,0.932048,1,3,0,0,76,1448,0.680084,1,0.375,2,3,0,0,V2,1,0.061667,900,2,0,2,0.938333,0,2,0,200
EDCF-Shield,v2b,FALCON1024+HMAC-SHA512+AES256GCM+DKG4of7,COMPROMISED_CTRL,180,67.16,5,CYCLE,10,0,882,200,0,0.815157,0.283269,0,0,0,100,21.72,97.85,0.749187,0.932605,1,3,0,0,76,1448,0.639141,1,0.4,2,3,0,0,V2,1,0.044865,1288,2,0,2,0.955135,0,2,0,200
EDCF-Shield,v2b,FALCON1024+HMAC-SHA512+AES256GCM+DKG4of7,COMPROMISED_CTRL,180,67.16,5,CUMULATIVE,10,400,2073,600,9,0.802401,0.546035,0.567779,0.4,0.977995,99.57,23.59,95.51,0.749187,0.932605,1,3,0,0,76,1448,0.639141,1,0.4,2,3,0,0,V2,1,0.044865,1288,2,0,2,0.955135,0,2,0,200
EDCF-Shield,v2b,FALCON1024+HMAC-SHA512+AES256GCM+DKG4of7,COMPROMISED_CTRL,180,67.16,6,CYCLE,12,0,1122,200,0,0.848714,0.236063,0,0,0,100,21.4,98.24,0.749472,0.932011,1,3,0,0,76,1448,0.608106,1,0.4167,2,3,0,0,V2,1,0.035624,1680,2,0,2,0.964376,0,2,0,200
EDCF-Shield,v2b,FALCON1024+HMAC-SHA512+AES256GCM+DKG4of7,COMPROMISED_CTRL,180,67.16,6,CUMULATIVE,12,400,3195,800,9,0.816303,0.507014,0.497203,0.333333,0.977995,99.72,22.85,96.44,0.749472,0.932011,1,3,0,0,76,1448,0.608106,1,0.4167,2,3,0,0,V2,1,0.035624,1680,2,0,2,0.964376,0,2,0,200
EDCF-Shield,v2b,FALCON1024+HMAC-SHA512+AES256GCM+DKG4of7,COMPROMISED_CTRL,180,67.16,7,CYCLE,14,0,1362,200,0,0.871959,0.202346,0,0,0,100,21.17,98.54,0.74963,0.931574,1,3,0,0,76,1448,0.582833,1,0.4286,2,3,0,0,V2,1,0.029531,2074.285714,2,0,2,0.970469,0,2,0,200
EDCF-Shield,v2b,FALCON1024+HMAC-SHA512+AES256GCM+DKG4of7,COMPROMISED_CTRL,180,67.16,7,CUMULATIVE,14,400,4557,1000,9,0.830875,0.475856,0.442233,0.285714,0.977995,99.8,22.36,97.05,0.74963,0.931574,1,3,0,0,76,1448,0.582833,1,0.4286,2,3,0,0,V2,1,0.029531,2074.285714,2,0,2,0.970469,0,2,0,200
EDCF-Shield,v2b,FALCON1024+HMAC-SHA512+AES256GCM+DKG4of7,COMPROMISED_CTRL,180,67.16,8,CYCLE,16,0,1602,200,0,0.889012,0.177058,0,0,0,100,21.02,98.73,0.749726,0.9309,1,3,0,0,76,1448,0.561437,1,0.4375,2,3,0,0,V2,1,0.025331,2470,2,0,2,0.974669,0,2,0,200
EDCF-Shield,v2b,FALCON1024+HMAC-SHA512+AES256GCM+DKG4of7,COMPROMISED_CTRL,180,67.16,8,CUMULATIVE,16,400,6159,1200,9,0.844361,0.450048,0.398208,0.25,0.977995,99.85,22.03,97.47,0.749726,0.9309,1,3,0,0,76,1448,0.561437,1,0.4375,2,3,0,0,V2,1,0.025331,2470,2,0,2,0.974669,0,2,0,200
EDCF-Shield,v2b,FALCON1024+HMAC-SHA512+AES256GCM+DKG4of7,COMPROMISED_CTRL,180,67.16,9,CYCLE,18,0,1842,200,0,0.902057,0.157389,0,0,0,100,20.91,98.87,0.749789,0.930066,1,3,0,0,76,1448,0.542873,1,0.4444,2,3,0,0,V2,1,0.02227,2866.666667,2,0,2,0.97773,0,2,0,200
EDCF-Shield,v2b,FALCON1024+HMAC-SHA512+AES256GCM+DKG4of7,COMPROMISED_CTRL,180,67.16,9,CUMULATIVE,18,400,8001,1400,9,0.856371,0.428144,0.362155,0.222222,0.977995,99.89,21.78,97.77,0.749789,0.930066,1,3,0,0,76,1448,0.542873,1,0.4444,2,3,0,0,V2,1,0.02227,2866.666667,2,0,2,0.97773,0,2,0,200
EDCF-Shield,v2b,FALCON1024+HMAC-SHA512+AES256GCM+DKG4of7,COMPROMISED_CTRL,180,67.16,10,CYCLE,20,0,2082,200,0,0.912358,0.141655,0,0,0,100,20.81,98.99,0.749833,0.929333,1,3,0,0,76,1448,0.526483,1,0.45,2,3,0,0,V2,1,0.019886,3264,2,0,2,0.980114,0,2,0,200
EDCF-Shield,v2b,FALCON1024+HMAC-SHA512+AES256GCM+DKG4of7,COMPROMISED_CTRL,180,67.16,10,CUMULATIVE,20,400,10083,1600,9,0.866937,0.409217,0.332088,0.2,0.977995,99.91,21.59,98.01,0.749833,0.929333,1,3,0,0,76,1448,0.526483,1,0.45,2,3,0,0,V2,1,0.019886,3264,2,0,2,0.980114,0,2,0,200
EDCF-Shield,v2b,FALCON1024+HMAC-SHA512+AES256GCM+DKG4of7,COMPROMISED_CTRL,180,67.16,11,CYCLE,22,0,2172,200,0,0.915683,0.128781,0,0,0,100,20.79,99.02,0.749862,0.928694,1,3,0,0,76,1448,0.511825,1,0.4545,2,3,0,0,V2,1,0.01819,3616.363636,2,0,2,0.98181,0,2,0,200
EDCF-Shield,v2b,FALCON1024+HMAC-SHA512+AES256GCM+DKG4of7,COMPROMISED_CTRL,180,67.16,11,CUMULATIVE,22,400,12255,1800,9,0.874931,0.392312,0.306631,0.181818,0.977995,99.93,21.46,98.18,0.749862,0.928694,1,3,0,0,76,1448,0.511825,1,0.4545,2,3,0,0,V2,1,0.01819,3616.363636,2,0,2,0.98181,0,2,0,200
EDCF-Shield,v2b,FALCON1024+HMAC-SHA512+AES256GCM+DKG4of7,COMPROMISED_CTRL,180,67.16,12,CYCLE,24,0,2172,200,0,0.915683,0.118053,0,0,0,100,20.79,99.01,0.749883,0.928143,1,3,0,0,76,1448,0.498545,1,0.4583,2,3,0,0,V2,1,0.017004,3910,2,0,2,0.982996,0,2,0,200
EDCF-Shield,v2b,FALCON1024+HMAC-SHA512+AES256GCM+DKG4of7,COMPROMISED_CTRL,180,67.16,12,CUMULATIVE,24,400,14427,2000,9,0.880672,0.377059,0.284799,0.166667,0.977995,99.94,21.36,98.3,0.749883,0.928143,1,3,0,0,76,1448,0.498545,1,0.4583,2,3,0,0,V2,1,0.017004,3910,2,0,2,0.982996,0,2,0,200
EDCF-Shield,v2b,FALCON1024+HMAC-SHA512+AES256GCM+DKG4of7,COMPROMISED_CTRL,180,67.16,13,CYCLE,26,0,2172,200,0,0.915683,0.108975,0,0,0,100,20.8,99,0.749898,0.927666,1,3,0,0,76,1448,0.486397,1,0.4615,2,3,0,0,V2,1,0.016129,4158.461538,2,0,2,0.983871,0,2,0,200
EDCF-Shield,v2b,FALCON1024+HMAC-SHA512+AES256GCM+DKG4of7,COMPROMISED_CTRL,180,67.16,13,CUMULATIVE,26,400,16599,2200,9,0.884996,0.363304,0.265869,0.153846,0.977995,99.95,21.29,98.39,0.749898,0.927666,1,3,0,0,76,1448,0.486397,1,0.4615,2,3,0,0,V2,1,0.016129,4158.461538,2,0,2,0.983871,0,2,0,200
EDCF-Shield,v2b,FALCON1024+HMAC-SHA512+AES256GCM+DKG4of7,COMPROMISED_CTRL,180,67.16,14,CYCLE,28,0,2172,200,0,0.915683,0.101194,0,0,0,100,20.8,99,0.74991,0.927275,1,3,0,0,76,1448,0.475207,1,0.4643,2,3,0,0,V2,1,0.015451,4371.428571,2,0,2,0.984549,0,2,0,200
EDCF-Shield,v2b,FALCON1024+HMAC-SHA512+AES256GCM+DKG4of7,COMPROMISED_CTRL,180,67.16,14,CUMULATIVE,28,400,18771,2400,9,0.888369,0.350863,0.249299,0.142857,0.977995,99.95,21.24,98.45,0.74991,0.927275,1,3,0,0,76,1448,0.475207,1,0.4643,2,3,0,0,V2,1,0.015451,4371.428571,2,0,2,0.984549,0,2,0,200
EDCF-Shield,v2b,FALCON1024+HMAC-SHA512+AES256GCM+DKG4of7,COMPROMISED_CTRL,180,67.16,15,CYCLE,30,0,2172,200,0,0.915683,0.094451,0,0,0,100,20.79,99.01,0.749919,0.927021,1,3,0,0,76,1448,0.464845,1,0.4667,2,3,0,0,V2,1,0.014897,4556,2,0,2,0.985103,0,2,0,200
EDCF-Shield,v2b,FALCON1024+HMAC-SHA512+AES256GCM+DKG4of7,COMPROMISED_CTRL,180,67.16,15,CUMULATIVE,30,400,20943,2600,9,0.891074,0.339561,0.234673,0.133333,0.977995,99.96,21.19,98.51,0.749919,0.927021,1,3,0,0,76,1448,0.464845,1,0.4667,2,3,0,0,V2,1,0.014897,4556,2,0,2,0.985103,0,2,0,200
EDCF-Shield,v2b,FALCON1024+HMAC-SHA512+AES256GCM+DKG4of7,COMPROMISED_CTRL,180,67.16,16,CYCLE,32,0,2172,200,0,0.915683,0.08855,0,0,0,100,20.79,99.02,0.749927,0.926883,1,3,0,0,76,1448,0.455207,1,0.4688,2,3,0,0,V2,1,0.014431,4717.5,2,0,2,0.985569,0,2,0,200
EDCF-Shield,v2b,FALCON1024+HMAC-SHA512+AES256GCM+DKG4of7,COMPROMISED_CTRL,180,67.16,16,CUMULATIVE,32,400,23115,2800,9,0.893291,0.329249,0.221668,0.125,0.977995,99.96,21.15,98.56,0.749927,0.926883,1,3,0,0,76,1448,0.455207,1,0.4688,2,3,0,0,V2,1,0.014431,4717.5,2,0,2,0.985569,0,2,0,200
EDCF-Shield,v2b,FALCON1024+HMAC-SHA512+AES256GCM+DKG4of7,COMPROMISED_CTRL,180,67.16,17,CYCLE,34,0,2172,200,0,0.915683,0.083344,0,0,0,100,20.8,99,0.749933,0.926678,1,3,0,0,76,1448,0.44621,1,0.4706,2,3,0,0,V2,1,0.014059,4860,2,0,2,0.985941,0,2,0,200
EDCF-Shield,v2b,FALCON1024+HMAC-SHA512+AES256GCM+DKG4of7,COMPROMISED_CTRL,180,67.16,17,CUMULATIVE,34,400,25287,3000,9,0.895142,0.319798,0.210029,0.117647,0.977995,99.96,21.12,98.59,0.749933,0.926678,1,3,0,0,76,1448,0.44621,1,0.4706,2,3,0,0,V2,1,0.014059,4860,2,0,2,0.985941,0,2,0,200
EDCF-Shield,v2b,FALCON1024+HMAC-SHA512+AES256GCM+DKG4of7,COMPROMISED_CTRL,180,67.16,18,CYCLE,36,0,2172,200,0,0.915683,0.078716,0,0,0,100,20.81,98.99,0.749939,0.926408,1,3,0,0,76,1448,0.437783,1,0.4722,2,3,0,0,V2,1,0.013762,4986.666667,2,0,2,0.986238,0,2,0,200
EDCF-Shield,v2b,FALCON1024+HMAC-SHA512+AES256GCM+DKG4of7,COMPROMISED_CTRL,180,67.16,18,CUMULATIVE,36,400,27459,3200,9,0.89671,0.311099,0.199551,0.111111,0.977995,99.97,21.1,98.62,0.749939,0.926408,1,3,0,0,76,1448,0.437783,1,0.4722,2,3,0,0,V2,1,0.013762,4986.666667,2,0,2,0.986238,0,2,0,200
EDCF-Shield,v2b,FALCON1024+HMAC-SHA512+AES256GCM+DKG4of7,COMPROMISED_CTRL,180,67.16,19,CYCLE,38,0,2172,200,0,0.915683,0.074576,0,0,0,100,20.81,98.99,0.749943,0.926161,1,3,0,0,76,1448,0.429865,1,0.4737,2,3,0,0,V2,1,0.013509,5100,2,0,2,0.986491,0,2,0,200
EDCF-Shield,v2b,FALCON1024+HMAC-SHA512+AES256GCM+DKG4of7,COMPROMISED_CTRL,180,67.16,19,CUMULATIVE,38,400,29631,3400,9,0.898056,0.303061,0.190069,0.105263,0.977995,99.97,21.08,98.65,0.749943,0.926161,1,3,0,0,76,1448,0.429865,1,0.4737,2,3,0,0,V2,1,0.013509,5100,2,0,2,0.986491,0,2,0,200
EDCF-Shield,v2b,FALCON1024+HMAC-SHA512+AES256GCM+DKG4of7,COMPROMISED_CTRL,180,67.16,20,CYCLE,40,0,2172,200,0,0.915683,0.070849,0,0,0,100,20.81,98.98,0.749947,0.92594,1,3,0,0,76,1448,0.422406,1,0.475,2,3,0,0,V2,1,0.013291,5202,2,0,2,0.986709,0,2,0,200
EDCF-Shield,v2b,FALCON1024+HMAC-SHA512+AES256GCM+DKG4of7,COMPROMISED_CTRL,180,67.16,20,CUMULATIVE,40,400,31803,3600,9,0.899224,0.295606,0.181447,0.1,0.977995,99.97,21.06,98.67,0.749947,0.92594,1,3,0,0,76,1448,0.422406,1,0.475,2,3,0,0,V2,1,0.013291,5202,2,0,2,0.986709,0,2,0,200
EDCF-Shield,v2b,FALCON1024+HMAC-SHA512+AES256GCM+DKG4of7,COMPROMISED_CTRL,180,67.16,21,CYCLE,42,0,2172,200,0,0.915683,0.067477,0,0,0,100,20.81,98.98,0.74995,0.925749,1,3,0,0,76,1448,0.415362,1,0.4762,2,3,0,0,V2,1,0.013098,5294.285714,2,0,2,0.986902,0,2,0,200
EDCF-Shield,v2b,FALCON1024+HMAC-SHA512+AES256GCM+DKG4of7,COMPROMISED_CTRL,180,67.16,21,CUMULATIVE,42,400,33975,3800,9,0.900246,0.288668,0.173573,0.095238,0.977995,99.97,21.05,98.69,0.74995,0.925749,1,3,0,0,76,1448,0.415362,1,0.4762,2,3,0,0,V2,1,0.013098,5294.285714,2,0,2,0.986902,0,2,0,200
EDCF-Shield,v2b,FALCON1024+HMAC-SHA512+AES256GCM+DKG4of7,COMPROMISED_CTRL,180,67.16,22,CYCLE,44,0,2172,200,0,0.915683,0.064412,0,0,0,100,20.82,98.97,0.749953,0.925518,1,3,0,0,76,1448,0.408694,1,0.4773,2,3,0,0,V2,1,0.012938,5378.181818,2,0,2,0.987062,0,2,0,200
EDCF-Shield,v2b,FALCON1024+HMAC-SHA512+AES256GCM+DKG4of7,COMPROMISED_CTRL,180,67.16,22,CUMULATIVE,44,400,36147,4000,9,0.901149,0.282192,0.166355,0.090909,0.977995,99.98,21.04,98.71,0.749953,0.925518,1,3,0,0,76,1448,0.408694,1,0.4773,2,3,0,0,V2,1,0.012938,5378.181818,2,0,2,0.987062,0,2,0,200
EDCF-Shield,v2b,FALCON1024+HMAC-SHA512+AES256GCM+DKG4of7,COMPROMISED_CTRL,180,67.16,23,CYCLE,46,0,2172,200,0,0.915683,0.061614,0,0,0,100,20.83,98.97,0.749956,0.925298,1,3,0,0,76,1448,0.402369,1,0.4783,2,3,0,0,V2,1,0.012798,5454.782609,2,0,2,0.987202,0,2,0,200
EDCF-Shield,v2b,FALCON1024+HMAC-SHA512+AES256GCM+DKG4of7,COMPROMISED_CTRL,180,67.16,23,CUMULATIVE,46,400,38319,4200,9,0.901952,0.276129,0.159713,0.086957,0.977995,99.98,21.02,98.72,0.749956,0.925298,1,3,0,0,76,1448,0.402369,1,0.4783,2,3,0,0,V2,1,0.012798,5454.782609,2,0,2,0.987202,0,2,0,200
EDCF-Shield,v2b,FALCON1024+HMAC-SHA512+AES256GCM+DKG4of7,COMPROMISED_CTRL,180,67.16,24,CYCLE,48,0,2172,200,0,0.915683,0.059048,0,0,0,100,20.83,98.97,0.749958,0.925103,1,3,0,0,76,1448,0.396357,1,0.4792,2,3,0,0,V2,1,0.012672,5525,2,0,2,0.987328,0,2,0,200
EDCF-Shield,v2b,FALCON1024+HMAC-SHA512+AES256GCM+DKG4of7,COMPROMISED_CTRL,180,67.16,24,CUMULATIVE,48,400,40491,4400,9,0.902671,0.270437,0.15358,0.083333,0.977995,99.98,21.01,98.73,0.749958,0.925103,1,3,0,0,76,1448,0.396357,1,0.4792,2,3,0,0,V2,1,0.012672,5525,2,0,2,0.987328,0,2,0,200
EDCF-Shield,v2b,FALCON1024+HMAC-SHA512+AES256GCM+DKG4of7,COMPROMISED_CTRL,180,67.16,25,CYCLE,50,0,2172,200,0,0.915683,0.056688,0,0,0,100,20.84,98.95,0.74996,0.924879,1,3,0,0,76,1448,0.390633,1,0.48,2,3,0,0,V2,1,0.012565,5589.6,2,0,2,0.987435,0,2,0,200
EDCF-Shield,v2b,FALCON1024+HMAC-SHA512+AES256GCM+DKG4of7,COMPROMISED_CTRL,180,67.16,25,CUMULATIVE,50,400,42663,4600,9,0.903319,0.26508,0.147902,0.08,0.977995,99.98,21.01,98.74,0.74996,0.924879,1,3,0,0,76,1448,0.390633,1,0.48,2,3,0,0,V2,1,0.012565,5589.6,2,0,2,0.987435,0,2,0,200
EDCF-Shield,v2b,FALCON1024+HMAC-SHA512+AES256GCM+DKG4of7,COMPROMISED_CTRL,180,67.16,26,CYCLE,52,0,2172,200,0,0.915683,0.054509,0,0,0,100,20.84,98.95,0.749962,0.92467,1,3,0,0,76,1448,0.385175,1,0.4808,2,3,0,0,V2,1,0.01247,5649.230769,2,0,2,0.98753,0,2,0,200
EDCF-Shield,v2b,FALCON1024+HMAC-SHA512+AES256GCM+DKG4of7,COMPROMISED_CTRL,180,67.16,26,CUMULATIVE,52,400,44835,4800,9,0.903905,0.260028,0.142628,0.076923,0.977995,99.98,21,98.75,0.749962,0.92467,1,3,0,0,76,1448,0.385175,1,0.4808,2,3,0,0,V2,1,0.01247,5649.230769,2,0,2,0.98753,0,2,0,200
EDCF-Shield,v2b,FALCON1024+HMAC-SHA512+AES256GCM+DKG4of7,COMPROMISED_CTRL,180,67.16,27,CYCLE,54,0,2172,200,0,0.915683,0.052492,0,0,0,100,20.84,98.94,0.749964,0.92445,1,3,0,0,76,1448,0.37996,1,0.4815,2,3,0,0,V2,1,0.012387,5704.444444,2,0,2,0.987613,0,2,0,200
EDCF-Shield,v2b,FALCON1024+HMAC-SHA512+AES256GCM+DKG4of7,COMPROMISED_CTRL,180,67.16,27,CUMULATIVE,54,400,47007,5000,9,0.904438,0.255252,0.137717,0.074074,0.977995,99.98,20.99,98.76,0.749964,0.92445,1,3,0,0,76,1448,0.37996,1,0.4815,2,3,0,0,V2,1,0.012387,5704.444444,2,0,2,0.987613,0,2,0,200
EDCF-Shield,v2b,FALCON1024+HMAC-SHA512+AES256GCM+DKG4of7,COMPROMISED_CTRL,180,67.16,28,CYCLE,56,0,2172,200,0,0.915683,0.050619,0,0,0,100,20.84,98.95,0.749966,0.924279,1,3,0,0,76,1448,0.374972,1,0.4821,2,3,0,0,V2,1,0.012306,5755.714286,2,0,2,0.987694,0,2,0,200
EDCF-Shield,v2b,FALCON1024+HMAC-SHA512+AES256GCM+DKG4of7,COMPROMISED_CTRL,180,67.16,28,CUMULATIVE,56,400,49179,5200,9,0.904924,0.250729,0.133134,0.071429,0.977995,99.98,20.98,98.77,0.749966,0.924279,1,3,0,0,76,1448,0.374972,1,0.4821,2,3,0,0,V2,1,0.012306,5755.714286,2,0,2,0.987694,0,2,0,200
EDCF-Shield,v2b,FALCON1024+HMAC-SHA512+AES256GCM+DKG4of7,COMPROMISED_CTRL,180,67.16,29,CYCLE,58,0,2172,200,0,0.915683,0.048875,0,0,0,100,20.84,98.95,0.749967,0.924121,1,3,0,0,76,1448,0.370193,1,0.4828,2,3,0,0,V2,1,0.012232,5803.448276,2,0,2,0.987768,0,2,0,200
EDCF-Shield,v2b,FALCON1024+HMAC-SHA512+AES256GCM+DKG4of7,COMPROMISED_CTRL,180,67.16,29,CUMULATIVE,58,400,51351,5400,9,0.905371,0.246437,0.128845,0.068966,0.977995,99.98,20.98,98.78,0.749967,0.924121,1,3,0,0,76,1448,0.370193,1,0.4828,2,3,0,0,V2,1,0.012232,5803.448276,2,0,2,0.987768,0,2,0,200
EDCF-Shield,v2b,FALCON1024+HMAC-SHA512+AES256GCM+DKG4of7,COMPROMISED_CTRL,180,67.16,30,CYCLE,60,0,2172,200,0,0.915683,0.047247,0,0,0,100,20.84,98.95,0.749968,0.923969,1,3,0,0,76,1448,0.36561,1,0.4833,2,3,0,0,V2,1,0.012165,5848,2,0,2,0.987835,0,2,0,200
EDCF-Shield,v2b,FALCON1024+HMAC-SHA512+AES256GCM+DKG4of7,COMPROMISED_CTRL,180,67.16,30,CUMULATIVE,60,400,53523,5600,9,0.905782,0.242356,0.124824,0.066667,0.977995,99.98,20.97,98.78,0.749968,0.923969,1,3,0,0,76,1448,0.36561,1,0.4833,2,3,0,0,V2,1,0.012165,5848,2,0,2,0.987835,0,2,0,200
EDCF-Shield,v2b,FALCON1024+HMAC-SHA512+AES256GCM+DKG4of7,COMPROMISED_CTRL,180,67.16,31,CYCLE,62,0,2172,200,0,0.915683,0.045724,0,0,0,100,20.85,98.94,0.74997,0.923791,1,3,0,0,76,1448,0.361208,1,0.4839,2,3,0,0,V2,1,0.012108,5889.677419,2,0,2,0.987892,0,2,0,200
EDCF-Shield,v2b,FALCON1024+HMAC-SHA512+AES256GCM+DKG4of7,COMPROMISED_CTRL,180,67.16,31,CUMULATIVE,62,400,55695,5800,9,0.906161,0.238472,0.121047,0.064516,0.977995,99.98,20.97,98.79,0.74997,0.923791,1,3,0,0,76,1448,0.361208,1,0.4839,2,3,0,0,V2,1,0.012108,5889.677419,2,0,2,0.987892,0,2,0,200
EDCF-Shield,v2b,FALCON1024+HMAC-SHA512+AES256GCM+DKG4of7,COMPROMISED_CTRL,180,67.16,32,CYCLE,64,0,2172,200,0,0.915683,0.044297,0,0,0,100,20.85,98.94,0.749971,0.92362,1,3,0,0,76,1448,0.356976,1,0.4844,2,3,0,0,V2,1,0.012056,5928.75,2,0,2,0.987944,0,2,0,200
EDCF-Shield,v2b,FALCON1024+HMAC-SHA512+AES256GCM+DKG4of7,COMPROMISED_CTRL,180,67.16,32,CUMULATIVE,64,400,57867,6000,9,0.906513,0.234767,0.117492,0.0625,0.977995,99.98,20.96,98.79,0.749971,0.92362,1,3,0,0,76,1448,0.356976,1,0.4844,2,3,0,0,V2,1,0.012056,5928.75,2,0,2,0.987944,0,2,0,200
EDCF-Shield,v2b,FALCON1024+HMAC-SHA512+AES256GCM+DKG4of7,COMPROMISED_CTRL,180,67.16,33,CYCLE,66,0,2172,200,0,0.915683,0.042956,0,0,0,100,20.86,98.93,0.749972,0.923445,1,3,0,0,76,1448,0.352902,1,0.4848,2,3,0,0,V2,1,0.01201,5965.454545,2,0,2,0.98799,0,2,0,200
EDCF-Shield,v2b,FALCON1024+HMAC-SHA512+AES256GCM+DKG4of7,COMPROMISED_CTRL,180,67.16,33,CUMULATIVE,66,400,60039,6200,9,0.906839,0.23123,0.114139,0.060606,0.977995,99.99,20.96,98.8,0.749972,0.923445,1,3,0,0,76,1448,0.352902,1,0.4848,2,3,0,0,V2,1,0.01201,5965.454545,2,0,2,0.98799,0,2,0,200
EDCF-Shield,v2b,FALCON1024+HMAC-SHA512+AES256GCM+DKG4of7,COMPROMISED_CTRL,180,67.16,34,CYCLE,68,0,2172,200,0,0.915683,0.041694,0,0,0,100,20.87,98.92,0.749973,0.923252,1,3,0,0,76,1448,0.348977,1,0.4853,2,3,0,0,V2,1,0.011972,6000,2,0,2,0.988028,0,2,0,200
EDCF-Shield,v2b,FALCON1024+HMAC-SHA512+AES256GCM+DKG4of7,COMPROMISED_CTRL,180,67.16,34,CUMULATIVE,68,400,62211,6400,9,0.907143,0.227847,0.110972,0.058824,0.977995,99.99,20.96,98.8,0.749973,0.923252,1,3,0,0,76,1448,0.348977,1,0.4853,2,3,0,0,V2,1,0.011972,6000,2,0,2,0.988028,0,2,0,200
EDCF-Shield,v2b,FALCON1024+HMAC-SHA512+AES256GCM+DKG4of7,COMPROMISED_CTRL,180,67.16,35,CYCLE,70,0,2172,200,0,0.915683,0.040504,0,0,0,100,20.88,98.9,0.749974,0.923037,1,3,0,0,76,1448,0.345192,1,0.4857,2,3,0,0,V2,1,0.011941,6032.571429,2,0,2,0.988059,0,2,0,200
EDCF-Shield,v2b,FALCON1024+HMAC-SHA512+AES256GCM+DKG4of7,COMPROMISED_CTRL,180,67.16,35,CUMULATIVE,70,400,64383,6600,9,0.907427,0.224608,0.107977,0.057143,0.977995,99.99,20.96,98.81,0.749974,0.923037,1,3,0,0,76,1448,0.345192,1,0.4857,2,3,0,0,V2,1,0.011941,6032.571429,2,0,2,0.988059,0,2,0,200
EDCF-Shield,v2b,FALCON1024+HMAC-SHA512+AES256GCM+DKG4of7,COMPROMISED_CTRL,180,67.16,36,CYCLE,72,0,2172,200,0,0.915683,0.03938,0,0,0,100,20.88,98.9,0.749975,0.922827,1,3,0,0,76,1448,0.341538,1,0.4861,2,3,0,0,V2,1,0.011912,6063.333333,2,0,2,0.988088,0,2,0,200
EDCF-Shield,v2b,FALCON1024+HMAC-SHA512+AES256GCM+DKG4of7,COMPROMISED_CTRL,180,67.16,36,CUMULATIVE,72,400,66555,6800,9,0.907692,0.221503,0.105139,0.055556,0.977995,99.99,20.95,98.81,0.749975,0.922827,1,3,0,0,76,1448,0.341538,1,0.4861,2,3,0,0,V2,1,0.011912,6063.333333,2,0,2,0.988088,0,2,0,200
EDCF-Shield,v2b,FALCON1024+HMAC-SHA512+AES256GCM+DKG4of7,COMPROMISED_CTRL,180,67.16,37,CYCLE,74,0,2172,200,0,0.915683,0.038317,0,0,0,100,20.87,98.91,0.749975,0.922654,1,3,0,0,76,1448,0.338007,1,0.4865,2,3,0,0,V2,1,0.011882,6092.432432,2,0,2,0.988118,0,2,0,200
EDCF-Shield,v2b,FALCON1024+HMAC-SHA512+AES256GCM+DKG4of7,COMPROMISED_CTRL,180,67.16,37,CUMULATIVE,74,400,68727,7000,9,0.907941,0.218522,0.102446,0.054054,0.977995,99.99,20.95,98.81,0.749975,0.922654,1,3,0,0,76,1448,0.338007,1,0.4865,2,3,0,0,V2,1,0.011882,6092.432432,2,0,2,0.988118,0,2,0,200
EDCF-Shield,v2b,FALCON1024+HMAC-SHA512+AES256GCM+DKG4of7,COMPROMISED_CTRL,180,67.16,38,CYCLE,76,0,2172,200,0,0.915683,0.03731,0,0,0,100,20.87,98.91,0.749976,0.922498,1,3,0,0,76,1448,0.334593,1,0.4868,2,3,0,0,V2,1,0.011853,6120,2,0,2,0.988147,0,2,0,200
EDCF-Shield,v2b,FALCON1024+HMAC-SHA512+AES256GCM+DKG4of7,COMPROMISED_CTRL,180,67.16,38,CUMULATIVE,76,400,70899,7200,9,0.908175,0.215659,0.099888,0.052632,0.977995,99.99,20.95,98.81,0.749976,0.922498,1,3,0,0,76,1448,0.334593,1,0.4868,2,3,0,0,V2,1,0.011853,6120,2,0,2,0.988147,0,2,0,200
EDCF-Shield,v2b,FALCON1024+HMAC-SHA512+AES256GCM+DKG4of7,COMPROMISED_CTRL,180,67.16,39,CYCLE,78,0,2172,200,0,0.915683,0.036354,0,0,0,100,20.88,98.9,0.749977,0.922322,1,3,0,0,76,1448,0.33129,1,0.4872,2,3,0,0,V2,1,0.01183,6146.153846,2,0,2,0.98817,0,2,0,200
EDCF-Shield,v2b,FALCON1024+HMAC-SHA512+AES256GCM+DKG4of7,COMPROMISED_CTRL,180,67.16,39,CUMULATIVE,78,400,73071,7400,9,0.908395,0.212905,0.097454,0.051282,0.977995,99.99,20.95,98.82,0.749977,0.922322,1,3,0,0,76,1448,0.33129,1,0.4872,2,3,0,0,V2,1,0.01183,6146.153846,2,0,2,0.98817,0,2,0,200
EDCF-Shield,v2b,FALCON1024+HMAC-SHA512+AES256GCM+DKG4of7,COMPROMISED_CTRL,180,67.16,40,CYCLE,80,0,2172,200,0,0.915683,0.035446,0,0,0,100,20.89,98.89,0.749978,0.922135,1,3,0,0,76,1448,0.32809,1,0.4875,2,3,0,0,V2,1,0.01181,6171,2,0,2,0.98819,0,2,0,200
EDCF-Shield,v2b,FALCON1024+HMAC-SHA512+AES256GCM+DKG4of7,COMPROMISED_CTRL,180,67.16,40,CUMULATIVE,80,400,75243,7600,9,0.908603,0.210254,0.095136,0.05,0.977995,99.99,20.94,98.82,0.749978,0.922135,1,3,0,0,76,1448,0.32809,1,0.4875,2,3,0,0,V2,1,0.01181,6171,2,0,2,0.98819,0,2,0,200
EDCF-Shield,v2b,FALCON1024+HMAC-SHA512+AES256GCM+DKG4of7,COMPROMISED_CTRL,180,67.16,41,CYCLE,82,0,2172,200,0,0.915683,0.034583,0,0,0,100,20.9,98.87,0.749978,0.921921,1,3,0,0,76,1448,0.324989,1,0.4878,2,3,0,0,V2,1,0.011797,6194.634146,2,0,2,0.988203,0,2,0,200
EDCF-Shield,v2b,FALCON1024+HMAC-SHA512+AES256GCM+DKG4of7,COMPROMISED_CTRL,180,67.16,41,CUMULATIVE,82,400,77415,7800,9,0.908799,0.207699,0.092926,0.04878,0.977995,99.99,20.94,98.82,0.749978,0.921921,1,3,0,0,76,1448,0.324989,1,0.4878,2,3,0,0,V2,1,0.011797,6194.634146,2,0,2,0.988203,0,2,0,200
EDCF-Shield,v2b,FALCON1024+HMAC-SHA512+AES256GCM+DKG4of7,COMPROMISED_CTRL,180,67.16,42,CYCLE,84,0,2172,200,0,0.915683,0.03376,0,0,0,100,20.91,98.86,0.749979,0.921701,1,3,0,0,76,1448,0.321982,1,0.4881,2,3,0,0,V2,1,0.011787,6217.142857,2,0,2,0.988213,0,2,0,200
EDCF-Shield,v2b,FALCON1024+HMAC-SHA512+AES256GCM+DKG4of7,COMPROMISED_CTRL,180,67.16,42,CUMULATIVE,84,400,79587,8000,9,0.908984,0.205235,0.090816,0.047619,0.977995,99.99,20.94,98.82,0.749979,0.921701,1,3,0,0,76,1448,0.321982,1,0.4881,2,3,0,0,V2,1,0.011787,6217.142857,2,0,2,0.988213,0,2,0,200
EDCF-Shield,v2b,FALCON1024+HMAC-SHA512+AES256GCM+DKG4of7,COMPROMISED_CTRL,180,67.16,43,CYCLE,86,0,2172,200,0,0.915683,0.032976,0,0,0,100,20.89,98.89,0.749979,0.92155,1,3,0,0,76,1448,0.319063,1,0.4884,2,3,0,0,V2,1,0.011769,6238.604651,2,0,2,0.988231,0,2,0,200
EDCF-Shield,v2b,FALCON1024+HMAC-SHA512+AES256GCM+DKG4of7,COMPROMISED_CTRL,180,67.16,43,CUMULATIVE,86,400,81759,8200,9,0.90916,0.202857,0.0888,0.046512,0.977995,99.99,20.94,98.82,0.749979,0.92155,1,3,0,0,76,1448,0.319063,1,0.4884,2,3,0,0,V2,1,0.011769,6238.604651,2,0,2,0.988231,0,2,0,200
EDCF-Shield,v2b,FALCON1024+HMAC-SHA512+AES256GCM+DKG4of7,COMPROMISED_CTRL,180,67.16,44,CYCLE,88,0,2172,200,0,0.915683,0.032228,0,0,0,100,20.89,98.89,0.74998,0.921392,1,3,0,0,76,1448,0.316229,1,0.4886,2,3,0,0,V2,1,0.011754,6259.090909,2,0,2,0.988246,0,2,0,200
EDCF-Shield,v2b,FALCON1024+HMAC-SHA512+AES256GCM+DKG4of7,COMPROMISED_CTRL,180,67.16,44,CUMULATIVE,88,400,83931,8400,9,0.909327,0.200559,0.086872,0.045455,0.977995,99.99,20.94,98.82,0.74998,0.921392,1,3,0,0,76,1448,0.316229,1,0.4886,2,3,0,0,V2,1,0.011754,6259.090909,2,0,2,0.988246,0,2,0,200
EDCF-Shield,v2b,FALCON1024+HMAC-SHA512+AES256GCM+DKG4of7,COMPROMISED_CTRL,180,67.16,45,CYCLE,90,0,2172,200,0,0.915683,0.031513,0,0,0,100,20.91,98.86,0.74998,0.921205,1,3,0,0,76,1448,0.313475,1,0.4889,2,3,0,0,V2,1,0.011745,6278.666667,2,0,2,0.988255,0,2,0,200
EDCF-Shield,v2b,FALCON1024+HMAC-SHA512+AES256GCM+DKG4of7,COMPROMISED_CTRL,180,67.16,45,CUMULATIVE,90,400,86103,8600,9,0.909486,0.198337,0.085025,0.044444,0.977995,99.99,20.94,98.83,0.74998,0.921205,1,3,0,0,76,1448,0.313475,1,0.4889,2,3,0,0,V2,1,0.011745,6278.666667,2,0,2,0.988255,0,2,0,200
EDCF-Shield,v2b,FALCON1024+HMAC-SHA512+AES256GCM+DKG4of7,COMPROMISED_CTRL,180,67.16,46,CYCLE,92,0,2172,200,0,0.915683,0.030829,0,0,0,100,20.91,98.86,0.749981,0.921023,1,3,0,0,76,1448,0.310797,1,0.4891,2,3,0,0,V2,1,0.011737,6297.391304,2,0,2,0.988263,0,2,0,200
EDCF-Shield,v2b,FALCON1024+HMAC-SHA512+AES256GCM+DKG4of7,COMPROMISED_CTRL,180,67.16,46,CUMULATIVE,92,400,88275,8800,9,0.909636,0.196188,0.083255,0.043478,0.977995,99.99,20.94,98.83,0.749981,0.921023,1,3,0,0,76,1448,0.310797,1,0.4891,2,3,0,0,V2,1,0.011737,6297.391304,2,0,2,0.988263,0,2,0,200
EDCF-Shield,v2b,FALCON1024+HMAC-SHA512+AES256GCM+DKG4of7,COMPROMISED_CTRL,180,67.16,47,CYCLE,94,0,2172,200,0,0.915683,0.030173,0,0,0,100,20.9,98.87,0.749981,0.920864,1,3,0,0,76,1448,0.308192,1,0.4894,2,3,0,0,V2,1,0.011727,6315.319149,2,0,2,0.988273,0,2,0,200
EDCF-Shield,v2b,FALCON1024+HMAC-SHA512+AES256GCM+DKG4of7,COMPROMISED_CTRL,180,67.16,47,CUMULATIVE,94,400,90447,9000,9,0.90978,0.194107,0.081558,0.042553,0.977995,99.99,20.94,98.83,0.749981,0.920864,1,3,0,0,76,1448,0.308192,1,0.4894,2,3,0,0,V2,1,0.011727,6315.319149,2,0,2,0.988273,0,2,0,200
EDCF-Shield,v2b,FALCON1024+HMAC-SHA512+AES256GCM+DKG4of7,COMPROMISED_CTRL,180,67.16,48,CYCLE,96,0,2172,200,0,0.915683,0.029546,0,0,0,100,20.89,98.89,0.749982,0.920738,1,3,0,0,76,1448,0.305657,1,0.4896,2,3,0,0,V2,1,0.011714,6332.5,2,0,2,0.988286,0,2,0,200
EDCF-Shield,v2b,FALCON1024+HMAC-SHA512+AES256GCM+DKG4of7,COMPROMISED_CTRL,180,67.16,48,CUMULATIVE,96,400,92619,9200,9,0.909917,0.19209,0.079928,0.041667,0.977995,99.99,20.94,98.83,0.749982,0.920738,1,3,0,0,76,1448,0.305657,1,0.4896,2,3,0,0,V2,1,0.011714,6332.5,2,0,2,0.988286,0,2,0,200
EDCF-Shield,v2b,FALCON1024+HMAC-SHA512+AES256GCM+DKG4of7,COMPROMISED_CTRL,180,67.16,49,CYCLE,98,0,2172,200,0,0.915683,0.028944,0,0,0,100,20.89,98.89,0.749982,0.920626,1,3,0,0,76,1448,0.303188,1,0.4898,2,3,0,0,V2,1,0.0117,6348.979592,2,0,2,0.9883,0,2,0,200
EDCF-Shield,v2b,FALCON1024+HMAC-SHA512+AES256GCM+DKG4of7,COMPROMISED_CTRL,180,67.16,49,CUMULATIVE,98,400,94791,9400,9,0.910048,0.190135,0.078362,0.040816,0.977995,99.99,20.94,98.83,0.749982,0.920626,1,3,0,0,76,1448,0.303188,1,0.4898,2,3,0,0,V2,1,0.0117,6348.979592,2,0,2,0.9883,0,2,0,200
EDCF-Shield,v2b,FALCON1024+HMAC-SHA512+AES256GCM+DKG4of7,COMPROMISED_CTRL,180,67.16,50,CYCLE,100,0,2172,200,0,0.915683,0.028366,0,0,0,100,20.89,98.89,0.749983,0.920514,1,3,0,0,76,1448,0.300783,1,0.49,2,3,0,0,V2,1,0.011687,6364.8,2,0,2,0.988313,0,2,0,200
EDCF-Shield,v2b,FALCON1024+HMAC-SHA512+AES256GCM+DKG4of7,COMPROMISED_CTRL,180,67.16,50,CUMULATIVE,100,400,96963,9600,9,0.910173,0.188239,0.076857,0.04,0.977995,99.99,20.93,98.83,0.749983,0.920514,1,3,0,0,76,1448,0.300783,1,0.49,2,3,0,0,V2,1,0.011687,6364.8,2,0,2,0.988313,0,2,0,200
EDCF-Shield,v2b,FALCON1024+HMAC-SHA512+AES256GCM+DKG4of7,COMPROMISED_CTRL,180,67.16,51,CYCLE,102,0,2172,200,0,0.915683,0.02781,0,0,0,100,20.89,98.89,0.749983,0.920402,1,3,0,0,76,1448,0.298438,1,0.4902,2,3,0,0,V2,1,0.011676,6380,2,0,2,0.988324,0,2,0,200
EDCF-Shield,v2b,FALCON1024+HMAC-SHA512+AES256GCM+DKG4of7,COMPROMISED_CTRL,180,67.16,51,CUMULATIVE,102,400,99135,9800,9,0.910292,0.186398,0.075408,0.039216,0.977995,99.99,20.93,98.83,0.749983,0.920402,1,3,0,0,76,1448,0.298438,1,0.4902,2,3,0,0,V2,1,0.011676,6380,2,0,2,0.988324,0,2,0,200
EDCF-Shield,v2b,FALCON1024+HMAC-SHA512+AES256GCM+DKG4of7,COMPROMISED_CTRL,180,67.16,52,CYCLE,104,0,2172,200,0,0.915683,0.027276,0,0,0,100,20.91,98.87,0.749983,0.920265,1,3,0,0,76,1448,0.296152,1,0.4904,2,3,0,0,V2,1,0.011669,6394.615385,2,0,2,0.988331,0,2,0,200
EDCF-Shield,v2b,FALCON1024+HMAC-SHA512+AES256GCM+DKG4of7,COMPROMISED_CTRL,180,67.16,52,CUMULATIVE,104,400,101307,10000,9,0.910407,0.18461,0.074012,0.038462,0.977995,99.99,20.93,98.83,0.749983,0.920265,1,3,0,0,76,1448,0.296152,1,0.4904,2,3,0,0,V2,1,0.011669,6394.615385,2,0,2,0.988331,0,2,0,200
EDCF-Shield,v2b,FALCON1024+HMAC-SHA512+AES256GCM+DKG4of7,COMPROMISED_CTRL,180,67.16,53,CYCLE,106,0,2172,200,0,0.915683,0.026763,0,0,0,100,20.91,98.86,0.749984,0.92013,1,3,0,0,76,1448,0.293921,1,0.4906,2,3,0,0,V2,1,0.011663,6408.679245,2,0,2,0.988337,0,2,0,200
EDCF-Shield,v2b,FALCON1024+HMAC-SHA512+AES256GCM+DKG4of7,COMPROMISED_CTRL,180,67.16,53,CUMULATIVE,106,400,103479,10200,9,0.910516,0.182872,0.072668,0.037736,0.977995,99.99,20.93,98.83,0.749984,0.92013,1,3,0,0,76,1448,0.293921,1,0.4906,2,3,0,0,V2,1,0.011663,6408.679245,2,0,2,0.988337,0,2,0,200
EDCF-Shield,v2b,FALCON1024+HMAC-SHA512+AES256GCM+DKG4of7,COMPROMISED_CTRL,180,67.16,54,CYCLE,108,0,2172,200,0,0.915683,0.026268,0,0,0,100,20.91,98.87,0.749984,0.920005,1,3,0,0,76,1448,0.291743,1,0.4907,2,3,0,0,V2,1,0.011656,6422.222222,2,0,2,0.988344,0,2,0,200
EDCF-Shield,v2b,FALCON1024+HMAC-SHA512+AES256GCM+DKG4of7,COMPROMISED_CTRL,180,67.16,54,CUMULATIVE,108,400,105651,10400,9,0.910622,0.181183,0.071371,0.037037,0.977995,99.99,20.93,98.83,0.749984,0.920005,1,3,0,0,76,1448,0.291743,1,0.4907,2,3,0,0,V2,1,0.011656,6422.222222,2,0,2,0.988344,0,2,0,200
EDCF-Shield,v2b,FALCON1024+HMAC-SHA512+AES256GCM+DKG4of7,COMPROMISED_CTRL,180,67.16,55,CYCLE,110,0,2172,200,0,0.915683,0.025791,0,0,0,100,20.91,98.86,0.749984,0.919874,1,3,0,0,76,1448,0.289617,1,0.4909,2,3,0,0,V2,1,0.011651,6435.272727,2,0,2,0.988349,0,2,0,200
EDCF-Shield,v2b,FALCON1024+HMAC-SHA512+AES256GCM+DKG4of7,COMPROMISED_CTRL,180,67.16,55,CUMULATIVE,110,400,107823,10600,9,0.910723,0.179539,0.07012,0.036364,0.977995,99.99,20.93,98.83,0.749984,0.919874,1,3,0,0,76,1448,0.289617,1,0.4909,2,3,0,0,V2,1,0.011651,6435.272727,2,0,2,0.988349,0,2,0,200
EDCF-Shield,v2b,FALCON1024+HMAC-SHA512+AES256GCM+DKG4of7,COMPROMISED_CTRL,180,67.16,56,CYCLE,112,0,2172,200,0,0.915683,0.025331,0,0,0,100,20.91,98.86,0.749985,0.919747,1,3,0,0,76,1448,0.28754,1,0.4911,2,3,0,0,V2,1,0.011646,6447.857143,2,0,2,0.988354,0,2,0,200
EDCF-Shield,v2b,FALCON1024+HMAC-SHA512+AES256GCM+DKG4of7,COMPROMISED_CTRL,180,67.16,56,CUMULATIVE,112,400,109995,10800,9,0.91082,0.17794,0.068912,0.035714,0.977995,99.99,20.93,98.84,0.749985,0.919747,1,3,0,0,76,1448,0.28754,1,0.4911,2,3,0,0,V2,1,0.011646,6447.857143,2,0,2,0.988354,0,2,0,200
EDCF-Shield,v2b,FALCON1024+HMAC-SHA512+AES256GCM+DKG4of7,COMPROMISED_CTRL,180,67.16,57,CYCLE,114,0,2172,200,0,0.915683,0.024888,0,0,0,100,20.92,98.85,0.749985,0.919608,1,3,0,0,76,1448,0.285511,1,0.4912,2,3,0,0,V2,1,0.011644,6460,2,0,2,0.988356,0,2,0,200
EDCF-Shield,v2b,FALCON1024+HMAC-SHA512+AES256GCM+DKG4of7,COMPROMISED_CTRL,180,67.16,57,CUMULATIVE,114,400,112167,11000,9,0.910913,0.176382,0.067745,0.035088,0.977995,99.99,20.93,98.84,0.749985,0.919608,1,3,0,0,76,1448,0.285511,1,0.4912,2,3,0,0,V2,1,0.011644,6460,2,0,2,0.988356,0,2,0,200
EDCF-Shield,v2b,FALCON1024+HMAC-SHA512+AES256GCM+DKG4of7,COMPROMISED_CTRL,180,67.16,58,CYCLE,116,0,2172,200,0,0.915683,0.024459,0,0,0,100,20.92,98.85,0.749985,0.919473,1,3,0,0,76,1448,0.283526,1,0.4914,2,3,0,0,V2,1,0.011642,6471.724138,2,0,2,0.988358,0,2,0,200
EDCF-Shield,v2b,FALCON1024+HMAC-SHA512+AES256GCM+DKG4of7,COMPROMISED_CTRL,180,67.16,58,CUMULATIVE,116,400,114339,11200,9,0.911003,0.174865,0.066617,0.034483,0.977995,99.99,20.93,98.84,0.749985,0.919473,1,3,0,0,76,1448,0.283526,1,0.4914,2,3,0,0,V2,1,0.011642,6471.724138,2,0,2,0.988358,0,2,0,200
EDCF-Shield,v2b,FALCON1024+HMAC-SHA512+AES256GCM+DKG4of7,COMPROMISED_CTRL,180,67.16,59,CYCLE,118,0,2172,200,0,0.915683,0.024045,0,0,0,100,20.93,98.84,0.749986,0.919338,1,3,0,0,76,1448,0.281586,1,0.4915,2,3,0,0,V2,1,0.011641,6483.050847,2,0,2,0.988359,0,2,0,200
EDCF-Shield,v2b,FALCON1024+HMAC-SHA512+AES256GCM+DKG4of7,COMPROMISED_CTRL,180,67.16,59,CUMULATIVE,118,400,116511,11400,9,0.911089,0.173386,0.065525,0.033898,0.977995,99.99,20.93,98.84,0.749986,0.919338,1,3,0,0,76,1448,0.281586,1,0.4915,2,3,0,0,V2,1,0.011641,6483.050847,2,0,2,0.988359,0,2,0,200
EDCF-Shield,v2b,FALCON1024+HMAC-SHA512+AES256GCM+DKG4of7,COMPROMISED_CTRL,180,67.16,60,CYCLE,120,0,2172,200,0,0.915683,0.023645,0,0,0,100,20.93,98.84,0.749986,0.919207,1,3,0,0,76,1448,0.279688,1,0.4917,2,3,0,0,V2,1,0.01164,6494,2,0,2,0.98836,0,2,0,200
EDCF-Shield,v2b,FALCON1024+HMAC-SHA512+AES256GCM+DKG4of7,COMPROMISED_CTRL,180,67.16,60,CUMULATIVE,120,400,118683,11600,9,0.911173,0.171943,0.064469,0.033333,0.977995,99.99,20.93,98.84,0.749986,0.919207,1,3,0,0,76,1448,0.279688,1,0.4917,2,3,0,0,V2,1,0.01164,6494,2,0,2,0.98836,0,2,0,200
EDCF-Shield,v2b,FALCON1024+HMAC-SHA512+AES256GCM+DKG4of7,COMPROMISED_CTRL,180,67.16,61,CYCLE,122,0,2172,200,0,0.915683,0.023258,0,0,0,100,20.93,98.84,0.749986,0.919076,1,3,0,0,76,1448,0.27783,1,0.4918,2,3,0,0,V2,1,0.011639,6504.590164,2,0,2,0.988361,0,2,0,200
EDCF-Shield,v2b,FALCON1024+HMAC-SHA512+AES256GCM+DKG4of7,COMPROMISED_CTRL,180,67.16,61,CUMULATIVE,122,400,120855,11800,9,0.911253,0.170537,0.063447,0.032787,0.977995,99.99,20.93,98.84,0.749986,0.919076,1,3,0,0,76,1448,0.27783,1,0.4918,2,3,0,0,V2,1,0.011639,6504.590164,2,0,2,0.988361,0,2,0,200
EDCF-Shield,v2b,FALCON1024+HMAC-SHA512+AES256GCM+DKG4of7,COMPROMISED_CTRL,180,67.16,62,CYCLE,124,0,2172,200,0,0.915683,0.022884,0,0,0,100,20.93,98.84,0.749986,0.918948,1,3,0,0,76,1448,0.276012,1,0.4919,2,3,0,0,V2,1,0.011639,6514.83871,2,0,2,0.988361,0,2,0,200
EDCF-Shield,v2b,FALCON1024+HMAC-SHA512+AES256GCM+DKG4of7,COMPROMISED_CTRL,180,67.16,62,CUMULATIVE,124,400,123027,12000,9,0.911331,0.169164,0.062456,0.032258,0.977995,99.99,20.93,98.84,0.749986,0.918948,1,3,0,0,76,1448,0.276012,1,0.4919,2,3,0,0,V2,1,0.011639,6514.83871,2,0,2,0.988361,0,2,0,200
EDCF-Shield,v2b,FALCON1024+HMAC-SHA512+AES256GCM+DKG4of7,COMPROMISED_CTRL,180,67.16,63,CYCLE,126,0,2172,200,0,0.915683,0.022521,0,0,0,100,20.94,98.83,0.749987,0.918809,1,3,0,0,76,1448,0.274231,1,0.4921,2,3,0,0,V2,1,0.01164,6524.761905,2,0,2,0.98836,0,2,0,200
EDCF-Shield,v2b,FALCON1024+HMAC-SHA512+AES256GCM+DKG4of7,COMPROMISED_CTRL,180,67.16,63,CUMULATIVE,126,400,125199,12200,9,0.911406,0.167824,0.061496,0.031746,0.977995,99.99,20.93,98.84,0.749987,0.918809,1,3,0,0,76,1448,0.274231,1,0.4921,2,3,0,0,V2,1,0.01164,6524.761905,2,0,2,0.98836,0,2,0,200
EDCF-Shield,v2b,FALCON1024+HMAC-SHA512+AES256GCM+DKG4of7,COMPROMISED_CTRL,180,67.16,64,CYCLE,128,0,2172,200,0,0.915683,0.02217,0,0,0,100,20.95,98.81,0.749987,0.918662,1,3,0,0,76,1448,0.272486,1,0.4922,2,3,0,0,V2,1,0.011644,6534.375,2,0,2,0.988356,0,2,0,200
EDCF-Shield,v2b,FALCON1024+HMAC-SHA512+AES256GCM+DKG4of7,COMPROMISED_CTRL,180,67.16,64,CUMULATIVE,128,400,127371,12400,9,0.911478,0.166515,0.060565,0.03125,0.977995,99.99,20.93,98.84,0.749987,0.918662,1,3,0,0,76,1448,0.272486,1,0.4922,2,3,0,0,V2,1,0.011644,6534.375,2,0,2,0.988356,0,2,0,200
EDCF-Shield,v2b,FALCON1024+HMAC-SHA512+AES256GCM+DKG4of7,COMPROMISED_CTRL,180,67.16,65,CYCLE,130,0,2172,200,0,0.915683,0.02183,0,0,0,100,20.95,98.82,0.749987,0.918522,1,3,0,0,76,1448,0.270777,1,0.4923,2,3,0,0,V2,1,0.011647,6543.692308,2,0,2,0.988353,0,2,0,200
EDCF-Shield,v2b,FALCON1024+HMAC-SHA512+AES256GCM+DKG4of7,COMPROMISED_CTRL,180,67.16,65,CUMULATIVE,130,400,129543,12600,9,0.911548,0.165236,0.059661,0.030769,0.977995,99.99,20.93,98.84,0.749987,0.918522,1,3,0,0,76,1448,0.270777,1,0.4923,2,3,0,0,V2,1,0.011647,6543.692308,2,0,2,0.988353,0,2,0,200
EDCF-Shield,v2b,FALCON1024+HMAC-SHA512+AES256GCM+DKG4of7,COMPROMISED_CTRL,180,67.16,66,CYCLE,132,0,2172,200,0,0.915683,0.0215,0,0,0,100,20.95,98.81,0.749987,0.918384,1,3,0,0,76,1448,0.269102,1,0.4924,2,3,0,0,V2,1,0.01165,6552.727273,2,0,2,0.98835,0,2,0,200
EDCF-Shield,v2b,FALCON1024+HMAC-SHA512+AES256GCM+DKG4of7,COMPROMISED_CTRL,180,67.16,66,CUMULATIVE,132,400,131715,12800,9,0.911616,0.163986,0.058785,0.030303,0.977995,99.99,20.93,98.84,0.749987,0.918384,1,3,0,0,76,1448,0.269102,1,0.4924,2,3,0,0,V2,1,0.01165,6552.727273,2,0,2,0.98835,0,2,0,200
EDCF-Shield,v2b,FALCON1024+HMAC-SHA512+AES256GCM+DKG4of7,COMPROMISED_CTRL,180,67.16,67,CYCLE,134,0,2172,200,0,0.915683,0.021179,0,0,0,100,20.96,98.8,0.749987,0.918238,1,3,0,0,76,1448,0.26746,1,0.4925,2,3,0,0,V2,1,0.011654,6561.492537,2,0,2,0.988346,0,2,0,200
EDCF-Shield,v2b,FALCON1024+HMAC-SHA512+AES256GCM+DKG4of7,COMPROMISED_CTRL,180,67.16,67,CUMULATIVE,134,400,133887,13000,9,0.911681,0.162764,0.057933,0.029851,0.977995,99.99,20.93,98.83,0.749987,0.918238,1,3,0,0,76,1448,0.26746,1,0.4925,2,3,0,0,V2,1,0.011654,6561.492537,2,0,2,0.988346,0,2,0,200
EDCF-Shield,v2b,FALCON1024+HMAC-SHA512+AES256GCM+DKG4of7,COMPROMISED_CTRL,180,67.16,68,CYCLE,136,0,2172,200,0,0.915683,0.020869,0,0,0,100,20.95,98.82,0.749988,0.918112,1,3,0,0,76,1448,0.265849,1,0.4926,2,3,0,0,V2,1,0.011657,6570,2,0,2,0.988343,0,2,0,200
EDCF-Shield,v2b,FALCON1024+HMAC-SHA512+AES256GCM+DKG4of7,COMPROMISED_CTRL,180,67.16,68,CUMULATIVE,136,400,136059,13200,9,0.911745,0.161569,0.057106,0.029412,0.977995,99.99,20.93,98.83,0.749988,0.918112,1,3,0,0,76,1448,0.265849,1,0.4926,2,3,0,0,V2,1,0.011657,6570,2,0,2,0.988343,0,2,0,200
EDCF-Shield,v2b,FALCON1024+HMAC-SHA512+AES256GCM+DKG4of7,COMPROMISED_CTRL,180,67.16,69,CYCLE,138,0,2172,200,0,0.915683,0.020567,0,0,0,100,20.95,98.81,0.749988,0.917984,1,3,0,0,76,1448,0.264269,1,0.4928,2,3,0,0,V2,1,0.01166,6578.26087,2,0,2,0.98834,0,2,0,200
EDCF-Shield,v2b,FALCON1024+HMAC-SHA512+AES256GCM+DKG4of7,COMPROMISED_CTRL,180,67.16,69,CUMULATIVE,138,400,138231,13400,9,0.911806,0.1604,0.056302,0.028986,0.977995,99.99,20.93,98.83,0.749988,0.917984,1,3,0,0,76,1448,0.264269,1,0.4928,2,3,0,0,V2,1,0.01166,6578.26087,2,0,2,0.98834,0,2,0,200
EDCF-Shield,v2b,FALCON1024+HMAC-SHA512+AES256GCM+DKG4of7,COMPROMISED_CTRL,180,67.16,70,CYCLE,140,0,2172,200,0,0.915683,0.020274,0,0,0,100,20.95,98.81,0.749988,0.917854,1,3,0,0,76,1448,0.262719,1,0.4929,2,3,0,0,V2,1,0.011663,6586.285714,2,0,2,0.988337,0,2,0,200
EDCF-Shield,v2b,FALCON1024+HMAC-SHA512+AES256GCM+DKG4of7,COMPROMISED_CTRL,180,67.16,70,CUMULATIVE,140,400,140403,13600,9,0.911866,0.159256,0.055521,0.028571,0.977995,99.99,20.93,98.83,0.749988,0.917854,1,3,0,0,76,1448,0.262719,1,0.4929,2,3,0,0,V2,1,0.011663,6586.285714,2,0,2,0.988337,0,2,0,200
EDCF-Shield,v2b,FALCON1024+HMAC-SHA512+AES256GCM+DKG4of7,COMPROMISED_CTRL,180,67.16,71,CYCLE,142,0,2172,200,0,0.915683,0.019989,0,0,0,100,20.96,98.8,0.749988,0.917721,1,3,0,0,76,1448,0.261197,1,0.493,2,3,0,0,V2,1,0.011668,6594.084507,2,0,2,0.988332,0,2,0,200
EDCF-Shield,v2b,FALCON1024+HMAC-SHA512+AES256GCM+DKG4of7,COMPROMISED_CTRL,180,67.16,71,CUMULATIVE,142,400,142575,13800,9,0.911923,0.158136,0.054761,0.028169,0.977995,99.99,20.93,98.83,0.749988,0.917721,1,3,0,0,76,1448,0.261197,1,0.493,2,3,0,0,V2,1,0.011668,6594.084507,2,0,2,0.988332,0,2,0,200
EDCF-Shield,v2b,FALCON1024+HMAC-SHA512+AES256GCM+DKG4of7,COMPROMISED_CTRL,180,67.16,72,CYCLE,144,0,2172,200,0,0.915683,0.019712,0,0,0,100,20.95,98.81,0.749988,0.917597,1,3,0,0,76,1448,0.259703,1,0.4931,2,3,0,0,V2,1,0.011671,6601.666667,2,0,2,0.988329,0,2,0,200
EDCF-Shield,v2b,FALCON1024+HMAC-SHA512+AES256GCM+DKG4of7,COMPROMISED_CTRL,180,67.16,72,CUMULATIVE,144,400,144747,14000,9,0.911979,0.15704,0.054021,0.027778,0.977995,99.99,20.93,98.83,0.749988,0.917597,1,3,0,0,76,1448,0.259703,1,0.4931,2,3,0,0,V2,1,0.011671,6601.666667,2,0,2,0.988329,0,2,0,200
EDCF-Shield,v2b,FALCON1024+HMAC-SHA512+AES256GCM+DKG4of7,COMPROMISED_CTRL,180,67.16,73,CYCLE,146,0,2172,200,0,0.915683,0.019442,0,0,0,100,20.96,98.81,0.749989,0.917475,1,3,0,0,76,1448,0.258237,1,0.4932,2,3,0,0,V2,1,0.011675,6609.041096,2,0,2,0.988325,0,2,0,200
EDCF-Shield,v2b,FALCON1024+HMAC-SHA512+AES256GCM+DKG4of7,COMPROMISED_CTRL,180,67.16,73,CUMULATIVE,146,400,146919,14200,9,0.912034,0.155966,0.053301,0.027397,0.977995,99.99,20.93,98.83,0.749989,0.917475,1,3,0,0,76,1448,0.258237,1,0.4932,2,3,0,0,V2,1,0.011675,6609.041096,2,0,2,0.988325,0,2,0,200
EDCF-Shield,v2b,FALCON1024+HMAC-SHA512+AES256GCM+DKG4of7,COMPROMISED_CTRL,180,67.16,74,CYCLE,148,0,2172,200,0,0.915683,0.01918,0,0,0,100,20.96,98.81,0.749989,0.917357,1,3,0,0,76,1448,0.256796,1,0.4932,2,3,0,0,V2,1,0.011679,6616.216216,2,0,2,0.988321,0,2,0,200
EDCF-Shield,v2b,FALCON1024+HMAC-SHA512+AES256GCM+DKG4of7,COMPROMISED_CTRL,180,67.16,74,CUMULATIVE,148,400,149091,14400,9,0.912087,0.154913,0.0526,0.027027,0.977995,99.99,20.93,98.83,0.749989,0.917357,1,3,0,0,76,1448,0.256796,1,0.4932,2,3,0,0,V2,1,0.011679,6616.216216,2,0,2,0.988321,0,2,0,200
EDCF-Shield,v2b,FALCON1024+HMAC-SHA512+AES256GCM+DKG4of7,COMPROMISED_CTRL,180,67.16,75,CYCLE,150,0,2172,200,0,0.915683,0.018925,0,0,0,100,20.95,98.81,0.749989,0.917249,1,3,0,0,76,1448,0.255381,1,0.4933,2,3,0,0,V2,1,0.011681,6623.2,2,0,2,0.988319,0,2,0,200
EDCF-Shield,v2b,FALCON1024+HMAC-SHA512+AES256GCM+DKG4of7,COMPROMISED_CTRL,180,67.16,75,CUMULATIVE,150,400,151263,14600,9,0.912138,0.153882,0.051918,0.026667,0.977995,99.99,20.93,98.83,0.749989,0.917249,1,3,0,0,76,1448,0.255381,1,0.4933,2,3,0,0,V2,1,0.011681,6623.2,2,0,2,0.988319,0,2,0,200
EDCF-Shield,v2b,FALCON1024+HMAC-SHA512+AES256GCM+DKG4of7,COMPROMISED_CTRL,180,67.16,76,CYCLE,152,0,2172,200,0,0.915683,0.018677,0,0,0,100,20.95,98.81,0.749989,0.917144,1,3,0,0,76,1448,0.253991,1,0.4934,2,3,0,0,V2,1,0.011684,6630,2,0,2,0.988316,0,2,0,200
EDCF-Shield,v2b,FALCON1024+HMAC-SHA512+AES256GCM+DKG4of7,COMPROMISED_CTRL,180,67.16,76,CUMULATIVE,152,400,153435,14800,9,0.912188,0.152871,0.051252,0.026316,0.977995,99.99,20.93,98.83,0.749989,0.917144,1,3,0,0,76,1448,0.253991,1,0.4934,2,3,0,0,V2,1,0.011684,6630,2,0,2,0.988316,0,2,0,200
EDCF-Shield,v2b,FALCON1024+HMAC-SHA512+AES256GCM+DKG4of7,COMPROMISED_CTRL,180,67.16,77,CYCLE,154,0,2172,200,0,0.915683,0.018435,0,0,0,100,20.96,98.81,0.749989,0.917034,1,3,0,0,76,1448,0.252624,1,0.4935,2,3,0,0,V2,1,0.011687,6636.623377,2,0,2,0.988313,0,2,0,200
EDCF-Shield,v2b,FALCON1024+HMAC-SHA512+AES256GCM+DKG4of7,COMPROMISED_CTRL,180,67.16,77,CUMULATIVE,154,400,155607,15000,9,0.912236,0.151879,0.050604,0.025974,0.977995,99.99,20.93,98.83,0.749989,0.917034,1,3,0,0,76,1448,0.252624,1,0.4935,2,3,0,0,V2,1,0.011687,6636.623377,2,0,2,0.988313,0,2,0,200
EDCF-Shield,v2b,FALCON1024+HMAC-SHA512+AES256GCM+DKG4of7,COMPROMISED_CTRL,180,67.16,78,CYCLE,156,0,2172,200,0,0.915683,0.018199,0,0,0,100,20.96,98.8,0.749989,0.916918,1,3,0,0,76,1448,0.251281,1,0.4936,2,3,0,0,V2,1,0.011691,6643.076923,2,0,2,0.988309,0,2,0,200
EDCF-Shield,v2b,FALCON1024+HMAC-SHA512+AES256GCM+DKG4of7,COMPROMISED_CTRL,180,67.16,78,CUMULATIVE,156,400,157779,15200,9,0.912283,0.150907,0.049972,0.025641,0.977995,99.99,20.94,98.83,0.749989,0.916918,1,3,0,0,76,1448,0.251281,1,0.4936,2,3,0,0,V2,1,0.011691,6643.076923,2,0,2,0.988309,0,2,0,200
EDCF-Shield,v2b,FALCON1024+HMAC-SHA512+AES256GCM+DKG4of7,COMPROMISED_CTRL,180,67.16,79,CYCLE,158,0,2172,200,0,0.915683,0.017969,0,0,0,100,20.96,98.8,0.749989,0.916805,1,3,0,0,76,1448,0.24996,1,0.4937,2,3,0,0,V2,1,0.011696,6649.367089,2,0,2,0.988304,0,2,0,200
EDCF-Shield,v2b,FALCON1024+HMAC-SHA512+AES256GCM+DKG4of7,COMPROMISED_CTRL,180,67.16,79,CUMULATIVE,158,400,159951,15400,9,0.912329,0.149953,0.049355,0.025316,0.977995,99.99,20.94,98.83,0.749989,0.916805,1,3,0,0,76,1448,0.24996,1,0.4937,2,3,0,0,V2,1,0.011696,6649.367089,2,0,2,0.988304,0,2,0,200
EDCF-Shield,v2b,FALCON1024+HMAC-SHA512+AES256GCM+DKG4of7,COMPROMISED_CTRL,180,67.16,80,CYCLE,160,0,2172,200,0,0.915683,0.017745,0,0,0,100,20.96,98.79,0.74999,0.916693,1,3,0,0,76,1448,0.248662,1,0.4938,2,3,0,0,V2,1,0.0117,6655.5,2,0,2,0.9883,0,2,0,200
EDCF-Shield,v2b,FALCON1024+HMAC-SHA512+AES256GCM+DKG4of7,COMPROMISED_CTRL,180,67.16,80,CUMULATIVE,160,400,162123,15600,9,0.912374,0.149017,0.048754,0.025,0.977995,99.99,20.94,98.83,0.74999,0.916693,1,3,0,0,76,1448,0.248662,1,0.4938,2,3,0,0,V2,1,0.0117,6655.5,2,0,2,0.9883,0,2,0,200
EDCF-Shield,v2b,FALCON1024+HMAC-SHA512+AES256GCM+DKG4of7,COMPROMISED_CTRL,180,67.16,81,CYCLE,162,0,2172,200,0,0.915683,0.017526,0,0,0,100,20.96,98.8,0.74999,0.916587,1,3,0,0,76,1448,0.247384,1,0.4938,2,3,0,0,V2,1,0.011704,6661.481481,2,0,2,0.988296,0,2,0,200
EDCF-Shield,v2b,FALCON1024+HMAC-SHA512+AES256GCM+DKG4of7,COMPROMISED_CTRL,180,67.16,81,CUMULATIVE,162,400,164295,15800,9,0.912417,0.148098,0.048167,0.024691,0.977995,99.99,20.94,98.83,0.74999,0.916587,1,3,0,0,76,1448,0.247384,1,0.4938,2,3,0,0,V2,1,0.011704,6661.481481,2,0,2,0.988296,0,2,0,200
EDCF-Shield,v2b,FALCON1024+HMAC-SHA512+AES256GCM+DKG4of7,COMPROMISED_CTRL,180,67.16,82,CYCLE,164,0,2172,200,0,0.915683,0.017313,0,0,0,100,20.96,98.8,0.74999,0.916484,1,3,0,0,76,1448,0.246127,1,0.4939,2,3,0,0,V2,1,0.011708,6667.317073,2,0,2,0.988292,0,2,0,200
EDCF-Shield,v2b,FALCON1024+HMAC-SHA512+AES256GCM+DKG4of7,COMPROMISED_CTRL,180,67.16,82,CUMULATIVE,164,400,166467,16000,9,0.91246,0.147196,0.047594,0.02439,0.977995,99.99,20.94,98.83,0.74999,0.916484,1,3,0,0,76,1448,0.246127,1,0.4939,2,3,0,0,V2,1,0.011708,6667.317073,2,0,2,0.988292,0,2,0,200
EDCF-Shield,v2b,FALCON1024+HMAC-SHA512+AES256GCM+DKG4of7,COMPROMISED_CTRL,180,67.16,83,CYCLE,166,0,2172,200,0,0.915683,0.017105,0,0,0,100,20.96,98.8,0.74999,0.916382,1,3,0,0,76,1448,0.244891,1,0.494,2,3,0,0,V2,1,0.011712,6673.012048,2,0,2,0.988288,0,2,0,200
EDCF-Shield,v2b,FALCON1024+HMAC-SHA512+AES256GCM+DKG4of7,COMPROMISED_CTRL,180,67.16,83,CUMULATIVE,166,400,168639,16200,9,0.912501,0.14631,0.047034,0.024096,0.977995,99.99,20.94,98.83,0.74999,0.916382,1,3,0,0,76,1448,0.244891,1,0.494,2,3,0,0,V2,1,0.011712,6673.012048,2,0,2,0.988288,0,2,0,200
EDCF-Shield,v2b,FALCON1024+HMAC-SHA512+AES256GCM+DKG4of7,COMPROMISED_CTRL,180,67.16,84,CYCLE,168,0,2172,200,0,0.915683,0.016902,0,0,0,100,20.96,98.8,0.74999,0.916287,1,3,0,0,76,1448,0.243674,1,0.494,2,3,0,0,V2,1,0.011715,6678.571429,2,0,2,0.988285,0,2,0,200
EDCF-Shield,v2b,FALCON1024+HMAC-SHA512+AES256GCM+DKG4of7,COMPROMISED_CTRL,180,67.16,84,CUMULATIVE,168,400,170811,16400,9,0.912541,0.14544,0.046487,0.02381,0.977995,99.99,20.94,98.83,0.74999,0.916287,1,3,0,0,76,1448,0.243674,1,0.494,2,3,0,0,V2,1,0.011715,6678.571429,2,0,2,0.988285,0,2,0,200
EDCF-Shield,v2b,FALCON1024+HMAC-SHA512+AES256GCM+DKG4of7,COMPROMISED_CTRL,180,67.16,85,CYCLE,170,0,2172,200,0,0.915683,0.016704,0,0,0,100,20.95,98.81,0.74999,0.916202,1,3,0,0,76,1448,0.242476,1,0.4941,2,3,0,0,V2,1,0.011717,6684,2,0,2,0.988283,0,2,0,200
EDCF-Shield,v2b,FALCON1024+HMAC-SHA512+AES256GCM+DKG4of7,COMPROMISED_CTRL,180,67.16,85,CUMULATIVE,170,400,172983,16600,9,0.912581,0.144586,0.045953,0.023529,0.977995,99.99,20.94,98.83,0.74999,0.916202,1,3,0,0,76,1448,0.242476,1,0.4941,2,3,0,0,V2,1,0.011717,6684,2,0,2,0.988283,0,2,0,200
EDCF-Shield,v2b,FALCON1024+HMAC-SHA512+AES256GCM+DKG4of7,COMPROMISED_CTRL,180,67.16,86,CYCLE,172,0,2172,200,0,0.915683,0.01651,0,0,0,100,20.94,98.82,0.74999,0.916129,1,3,0,0,76,1448,0.241296,1,0.4942,2,3,0,0,V2,1,0.011717,6689.302326,2,0,2,0.988283,0,2,0,200
EDCF-Shield,v2b,FALCON1024+HMAC-SHA512+AES256GCM+DKG4of7,COMPROMISED_CTRL,180,67.16,86,CUMULATIVE,172,400,175155,16800,9,0.912619,0.143746,0.045431,0.023256,0.977995,99.99,20.94,98.83,0.74999,0.916129,1,3,0,0,76,1448,0.241296,1,0.4942,2,3,0,0,V2,1,0.011717,6689.302326,2,0,2,0.988283,0,2,0,200
EDCF-Shield,v2b,FALCON1024+HMAC-SHA512+AES256GCM+DKG4of7,COMPROMISED_CTRL,180,67.16,87,CYCLE,174,0,2172,200,0,0.915683,0.016321,0,0,0,100,20.92,98.84,0.74999,0.916076,1,3,0,0,76,1448,0.240135,1,0.4943,2,3,0,0,V2,1,0.011715,6694.482759,2,0,2,0.988285,0,2,0,200
EDCF-Shield,v2b,FALCON1024+HMAC-SHA512+AES256GCM+DKG4of7,COMPROMISED_CTRL,180,67.16,87,CUMULATIVE,174,400,177327,17000,9,0.912656,0.142921,0.044921,0.022989,0.977995,99.99,20.94,98.83,0.74999,0.916076,1,3,0,0,76,1448,0.240135,1,0.4943,2,3,0,0,V2,1,0.011715,6694.482759,2,0,2,0.988285,0,2,0,200
EDCF-Shield,v2b,FALCON1024+HMAC-SHA512+AES256GCM+DKG4of7,COMPROMISED_CTRL,180,67.16,88,CYCLE,176,0,2172,200,0,0.915683,0.016136,0,0,0,100,20.92,98.85,0.749991,0.916028,1,3,0,0,76,1448,0.238991,1,0.4943,2,3,0,0,V2,1,0.011713,6699.545455,2,0,2,0.988287,0,2,0,200
EDCF-Shield,v2b,FALCON1024+HMAC-SHA512+AES256GCM+DKG4of7,COMPROMISED_CTRL,180,67.16,88,CUMULATIVE,176,400,179499,17200,9,0.912693,0.14211,0.044422,0.022727,0.977995,99.99,20.94,98.83,0.749991,0.916028,1,3,0,0,76,1448,0.238991,1,0.4943,2,3,0,0,V2,1,0.011713,6699.545455,2,0,2,0.988287,0,2,0,200
EDCF-Shield,v2b,FALCON1024+HMAC-SHA512+AES256GCM+DKG4of7,COMPROMISED_CTRL,180,67.16,89,CYCLE,178,0,2172,200,0,0.915683,0.015955,0,0,0,100,20.94,98.82,0.749991,0.91596,1,3,0,0,76,1448,0.237865,1,0.4944,2,3,0,0,V2,1,0.011714,6704.494382,2,0,2,0.988286,0,2,0,200
EDCF-Shield,v2b,FALCON1024+HMAC-SHA512+AES256GCM+DKG4of7,COMPROMISED_CTRL,180,67.16,89,CUMULATIVE,178,400,181671,17400,9,0.912728,0.141312,0.043934,0.022472,0.977995,100,20.94,98.83,0.749991,0.91596,1,3,0,0,76,1448,0.237865,1,0.4944,2,3,0,0,V2,1,0.011714,6704.494382,2,0,2,0.988286,0,2,0,200
EDCF-Shield,v2b,FALCON1024+HMAC-SHA512+AES256GCM+DKG4of7,COMPROMISED_CTRL,180,67.16,90,CYCLE,179.5,0,1629,120,0,0.931389,0.015778,0,0,0,100,20.77,99.04,0.749991,0.915898,1,3,0,0,76,1448,0.236755,1,0.4958,2,3,0,0,V2,1,0.011696,6708.133705,2,0,2,0.988304,0,2,0,200
EDCF-Shield,v2b,FALCON1024+HMAC-SHA512+AES256GCM+DKG4of7,COMPROMISED_CTRL,180,67.16,90,CUMULATIVE,179.5,400,183300,17520,9,0.91289,0.140851,0.043647,0.022321,0.977995,100,20.94,98.83,0.749991,0.915898,1,3,0,0,76,1448,0.236755,1,0.4958,2,3,0,0,V2,1,0.011696,6708.133705,2,0,2,0.988304,0,2,0,200
EDCF-Shield,v2a,FALCON1024+HMAC-SHA512+AES256GCM+DKG4of7,STOLEN_KEY,30,11.19,1,CYCLE,2,1700,0,0,0,1,0.5,1,1,1,0,100,0,0,0,1,0,0,0,76,1448,0,1,0,0,0,0,0,V2,0,1,-100,1,0,0,0,0,0,0,200
EDCF-Shield,v2a,FALCON1024+HMAC-SHA512+AES256GCM+DKG4of7,STOLEN_KEY,30,11.19,1,CUMULATIVE,2,1700,0,0,0,1,0.5,1,1,1,0,100,0,0,0,1,0,0,0,76,1448,0,1,0,0,0,0,0,V2,0,1,-100,1,0,0,0,0,0,0,200
EDCF-Shield,v2a,FALCON1024+HMAC-SHA512+AES256GCM+DKG4of7,STOLEN_KEY,30,11.19,2,CYCLE,4,1700,0,0,150,0.918919,0.250025,0.957746,1,0.918919,0,63.45,45.69,0,0.927536,1,0,0,0,76,1448,0,1,0.25,2,0,0,0,V2,0,0.703934,150,2,0,2,0.296066,0,1,0,200
EDCF-Shield,v2a,FALCON1024+HMAC-SHA512+AES256GCM+DKG4of7,STOLEN_KEY,30,11.19,2,CUMULATIVE,4,3400,0,0,150,0.957746,0.000054,0.978417,1,0.957746,0,76.31,29.61,0,0.927536,1,0,0,0,76,1448,0,1,0.25,2,0,0,0,V2,0,0.703934,150,2,0,2,0.296066,0,1,0,200
EDCF-Shield,v2a,FALCON1024+HMAC-SHA512+AES256GCM+DKG4of7,STOLEN_KEY,30,11.19,3,CYCLE,6,0,331,1700,14,0.161858,0.10525,0,0,0,95.94,45.2,68.5,0.667339,0.933495,1,3,0,0,76,1448,0,1,0.3333,2,3,0,0,V2,1,0.49868,450,2,0,2,0.50132,0,2,0,200
EDCF-Shield,v2a,FALCON1024+HMAC-SHA512+AES256GCM+DKG4of7,STOLEN_KEY,30,11.19,3,CUMULATIVE,6,3400,331,1700,164,0.666845,0.198046,0.784857,0.666667,0.953984,66.87,59.89,50.13,0.667339,0.933495,1,3,0,0,76,1448,0,1,0.3333,2,3,0,0,V2,1,0.49868,450,2,0,2,0.50132,0,2,0,200
EDCF-Shield,v2a,FALCON1024+HMAC-SHA512+AES256GCM+DKG4of7,STOLEN_KEY,30,11.19,4,CYCLE,8,0,360,1700,0,0.174757,0.078931,0,0,0,100,44.5,69.38,0.707992,0.934438,1,3,0,0,76,1448,0.198046,1,0.375,2,3,0,0,V2,1,0.430953,612.5,2,0,2,0.569047,0,2,0,200
EDCF-Shield,v2a,FALCON1024+HMAC-SHA512+AES256GCM+DKG4of7,STOLEN_KEY,30,11.19,4,CUMULATIVE,8,3400,691,3400,164,0.534422,0.194611,0.656117,0.5,0.953984,80.82,54.48,56.9,0.707992,0.934438,1,3,0,0,76,1448,0.198046,1,0.375,2,3,0,0,V2,1,0.430953,612.5,2,0,2,0.569047,0,2,0,200
EDCF-Shield,v2a,FALCON1024+HMAC-SHA512+AES256GCM+DKG4of7,STOLEN_KEY,30,11.19,5,CYCLE,10,0,360,1700,0,0.174757,0.06314,0,0,0,100,44.54,69.33,0.721841,0.934767,1,3,0,0,76,1448,0,1,0.4,2,3,0,0,V2,1,0.398649,710,2,0,2,0.601351,0,2,0,200
EDCF-Shield,v2a,FALCON1024+HMAC-SHA512+AES256GCM+DKG4of7,STOLEN_KEY,30,11.19,5,CUMULATIVE,10,3400,1051,5100,164,0.458157,0.181901,0.56366,0.4,0.953984,86.5,51.89,60.14,0.721841,0.934767,1,3,0,0,76,1448,0,1,0.4,2,3,0,0,V2,1,0.398649,710,2,0,2,0.601351,0,2,0,200
EDCF-Shield,v2a,FALCON1024+HMAC-SHA512+AES256GCM+DKG4of7,STOLEN_KEY,30,11.19,6,CYCLE,12,0,360,1700,0,0.174757,0.052612,0,0,0,100,44.91,68.86,0.728822,0.934604,1,3,0,0,76,1448,0.181901,1,0.4167,2,3,0,0,V2,1,0.380867,775,2,0,2,0.619133,0,2,0,200
EDCF-Shield,v2a,FALCON1024+HMAC-SHA512+AES256GCM+DKG4of7,STOLEN_KEY,30,11.19,6,CUMULATIVE,12,3400,1411,6800,164,0.408577,0.169824,0.494042,0.333333,0.953984,89.59,50.47,61.91,0.728822,0.934604,1,3,0,0,76,1448,0.181901,1,0.4167,2,3,0,0,V2,1,0.380867,775,2,0,2,0.619133,0,2,0,200
EDCF-Shield,v2a,FALCON1024+HMAC-SHA512+AES256GCM+DKG4of7,STOLEN_KEY,30,11.19,7,CYCLE,14,0,360,1700,0,0.174757,0.045092,0,0,0,100,44.95,68.81,0.73303,0.934471,1,3,0,0,76,1448,0.175863,1,0.4286,2,3,0,0,V2,1,0.36921,821.428571,2,0,2,0.63079,0,2,0,200
EDCF-Shield,v2a,FALCON1024+HMAC-SHA512+AES256GCM+DKG4of7,STOLEN_KEY,30,11.19,7,CUMULATIVE,14,3400,1771,8500,164,0.373762,0.159385,0.439731,0.285714,0.953984,91.52,49.54,63.08,0.73303,0.934471,1,3,0,0,76,1448,0.175863,1,0.4286,2,3,0,0,V2,1,0.36921,821.428571,2,0,2,0.63079,0,2,0,200
EDCF-Shield,v2a,FALCON1024+HMAC-SHA512+AES256GCM+DKG4of7,STOLEN_KEY,30,11.19,8,CYCLE,16,0,360,1700,0,0.174757,0.039452,0,0,0,100,44.56,69.3,0.735843,0.934624,1,3,0,0,76,1448,0.17037,1,0.4375,2,3,0,0,V2,1,0.360093,856.25,2,0,2,0.639907,0,2,0,200
EDCF-Shield,v2a,FALCON1024+HMAC-SHA512+AES256GCM+DKG4of7,STOLEN_KEY,30,11.19,8,CUMULATIVE,16,3400,2131,10200,164,0.347971,0.150463,0.396178,0.25,0.953984,92.85,48.81,63.99,0.735843,0.934624,1,3,0,0,76,1448,0.17037,1,0.4375,2,3,0,0,V2,1,0.360093,856.25,2,0,2,0.639907,0,2,0,200
EDCF-Shield,v2a,FALCON1024+HMAC-SHA512+AES256GCM+DKG4of7,STOLEN_KEY,30,11.19,9,CYCLE,18,0,360,1700,0,0.174757,0.035066,0,0,0,100,44.71,69.11,0.737855,0.934653,1,3,0,0,76,1448,0.165393,1,0.4444,2,3,0,0,V2,1,0.353586,883.333333,2,0,2,0.646414,0,2,0,200
EDCF-Shield,v2a,FALCON1024+HMAC-SHA512+AES256GCM+DKG4of7,STOLEN_KEY,30,11.19,9,CUMULATIVE,18,3400,2491,11900,164,0.328098,0.142794,0.360475,0.222222,0.953984,93.82,48.29,64.64,0.737855,0.934653,1,3,0,0,76,1448,0.165393,1,0.4444,2,3,0,0,V2,1,0.353586,883.333333,2,0,2,0.646414,0,2,0,200
EDCF-Shield,v2a,FALCON1024+HMAC-SHA512+AES256GCM+DKG4of7,STOLEN_KEY,30,11.19,10,CYCLE,20,0,360,1700,0,0.174757,0.031556,0,0,0,100,44.77,69.04,0.739367,0.934649,1,3,0,0,76,1448,0.160873,1,0.45,2,3,0,0,V2,1,0.348632,905,2,0,2,0.651368,0,2,0,200
EDCF-Shield,v2a,FALCON1024+HMAC-SHA512+AES256GCM+DKG4of7,STOLEN_KEY,30,11.19,10,CUMULATIVE,20,3400,2851,13600,164,0.312316,0.136138,0.330675,0.2,0.953984,94.56,47.89,65.14,0.739367,0.934649,1,3,0,0,76,1448,0.160873,1,0.45,2,3,0,0,V2,1,0.348632,905,2,0,2,0.651368,0,2,0,200
EDCF-Shield,v2a,FALCON1024+HMAC-SHA512+AES256GCM+DKG4of7,STOLEN_KEY,30,11.19,11,CYCLE,22,0,360,1700,0,0.174757,0.028685,0,0,0,100,44.58,69.28,0.740544,0.934728,1,3,0,0,76,1448,0.156751,1,0.4545,2,3,0,0,V2,1,0.344408,922.727273,2,0,2,0.655592,0,2,0,200
EDCF-Shield,v2a,FALCON1024+HMAC-SHA512+AES256GCM+DKG4of7,STOLEN_KEY,30,11.19,11,CUMULATIVE,22,3400,3211,15300,164,0.299479,0.130305,0.305426,0.181818,0.953984,95.14,47.55,65.56,0.740544,0.934728,1,3,0,0,76,1448,0.156751,1,0.4545,2,3,0,0,V2,1,0.344408,922.727273,2,0,2,0.655592,0,2,0,200
EDCF-Shield,v2a,FALCON1024+HMAC-SHA512+AES256GCM+DKG4of7,STOLEN_KEY,30,11.19,12,CYCLE,24,0,360,1700,0,0.174757,0.026293,0,0,0,100,44.66,69.18,0.741487,0.93476,1,3,0,0,76,1448,0.152973,1,0.4583,2,3,0,0,V2,1,0.341069,937.5,2,0,2,0.658931,0,2,0,200
EDCF-Shield,v2a,FALCON1024+HMAC-SHA512+AES256GCM+DKG4of7,STOLEN_KEY,30,11.19,12,CUMULATIVE,24,3400,3571,17000,164,0.288834,0.125145,0.283759,0.166667,0.953984,95.61,47.29,65.89,0.741487,0.93476,1,3,0,0,76,1448,0.152973,1,0.4583,2,3,0,0,V2,1,0.341069,937.5,2,0,2,0.658931,0,2,0,200
EDCF-Shield,v2a,FALCON1024+HMAC-SHA512+AES256GCM+DKG4of7,STOLEN_KEY,30,11.19,13,CYCLE,26,0,360,1700,0,0.174757,0.024268,0,0,0,100,44.66,69.18,0.742258,0.934787,1,3,0,0,76,1448,0.149494,1,0.4615,2,3,0,0,V2,1,0.338293,950,2,0,2,0.661707,0,2,0,200
EDCF-Shield,v2a,FALCON1024+HMAC-SHA512+AES256GCM+DKG4of7,STOLEN_KEY,30,11.19,13,CUMULATIVE,26,3400,3931,18700,164,0.279863,0.120541,0.264963,0.153846,0.953984,96,47.06,66.17,0.742258,0.934787,1,3,0,0,76,1448,0.149494,1,0.4615,2,3,0,0,V2,1,0.338293,950,2,0,2,0.661707,0,2,0,200
EDCF-Shield,v2a,FALCON1024+HMAC-SHA512+AES256GCM+DKG4of7,STOLEN_KEY,30,11.19,14,CYCLE,28,0,360,1700,0,0.174757,0.022533,0,0,0,100,44.7,69.12,0.742902,0.934794,1,3,0,0,76,1448,0.146277,1,0.4643,2,3,0,0,V2,1,0.336002,960.714286,2,0,2,0.663998,0,2,0,200
EDCF-Shield,v2a,FALCON1024+HMAC-SHA512+AES256GCM+DKG4of7,STOLEN_KEY,30,11.19,14,CUMULATIVE,28,3400,4291,20400,164,0.2722,0.116403,0.248502,0.142857,0.953984,96.32,46.88,66.4,0.742902,0.934794,1,3,0,0,76,1448,0.146277,1,0.4643,2,3,0,0,V2,1,0.336002,960.714286,2,0,2,0.663998,0,2,0,200
EDCF-Shield,v2a,FALCON1024+HMAC-SHA512+AES256GCM+DKG4of7,STOLEN_KEY,30,11.19,15,CYCLE,30,0,360,1700,0,0.174757,0.021029,0,0,0,100,44.53,69.34,0.743446,0.934853,1,3,0,0,76,1448,0.14329,1,0.4667,2,3,0,0,V2,1,0.333866,970,2,0,2,0.666134,0,2,0,200
EDCF-Shield,v2a,FALCON1024+HMAC-SHA512+AES256GCM+DKG4of7,STOLEN_KEY,30,11.19,15,CUMULATIVE,30,3400,4651,22100,164,0.265578,0.112658,0.233966,0.133333,0.953984,96.59,46.71,66.61,0.743446,0.934853,1,3,0,0,76,1448,0.14329,1,0.4667,2,3,0,0,V2,1,0.333866,970,2,0,2,0.666134,0,2,0,200
EDCF-Shield,v2a,FALCON1024+HMAC-SHA512+AES256GCM+DKG4of7,STOLEN_KEY,30,11.19,16,CYCLE,32,0,360,1700,0,0.174757,0.019713,0,0,0,100,44.16,69.79,0.743913,0.935005,1,3,0,0,76,1448,0.140505,1,0.4688,2,3,0,0,V2,1,0.331683,978.125,2,0,2,0.668317,0,2,0,200
EDCF-Shield,v2a,FALCON1024+HMAC-SHA512+AES256GCM+DKG4of7,STOLEN_KEY,30,11.19,16,CUMULATIVE,32,3400,5011,23800,164,0.259799,0.109249,0.221038,0.125,0.953984,96.83,46.53,66.83,0.743913,0.935005,1,3,0,0,76,1448,0.140505,1,0.4688,2,3,0,0,V2,1,0.331683,978.125,2,0,2,0.668317,0,2,0,200
EDCF-Shield,v2a,FALCON1024+HMAC-SHA512+AES256GCM+DKG4of7,STOLEN_KEY,30,11.19,17,CYCLE,34,0,360,1700,0,0.174757,0.018552,0,0,0,100,44.13,69.83,0.744318,0.935145,1,3,0,0,76,1448,0.1379,1,0.4706,2,3,0,0,V2,1,0.329754,985.294118,2,0,2,0.670246,0,2,0,200
EDCF-Shield,v2a,FALCON1024+HMAC-SHA512+AES256GCM+DKG4of7,STOLEN_KEY,30,11.19,17,CUMULATIVE,34,3400,5371,25500,164,0.254712,0.106129,0.209463,0.117647,0.953984,97.04,46.38,67.02,0.744318,0.935145,1,3,0,0,76,1448,0.1379,1,0.4706,2,3,0,0,V2,1,0.329754,985.294118,2,0,2,0.670246,0,2,0,200
EDCF-Shield,v2a,FALCON1024+HMAC-SHA512+AES256GCM+DKG4of7,STOLEN_KEY,30,11.19,18,CYCLE,36,0,360,1700,0,0.174757,0.017519,0,0,0,100,44.56,69.3,0.744673,0.935163,1,3,0,0,76,1448,0.135456,1,0.4722,2,3,0,0,V2,1,0.3284,991.666667,2,0,2,0.6716,0,2,0,200
EDCF-Shield,v2a,FALCON1024+HMAC-SHA512+AES256GCM+DKG4of7,STOLEN_KEY,30,11.19,18,CUMULATIVE,36,3400,5731,27200,164,0.250199,0.103259,0.19904,0.111111,0.953984,97.22,46.27,67.16,0.744673,0.935163,1,3,0,0,76,1448,0.135456,1,0.4722,2,3,0,0,V2,1,0.3284,991.666667,2,0,2,0.6716,0,2,0,200
EDCF-Shield,v2a,FALCON1024+HMAC-SHA512+AES256GCM+DKG4of7,STOLEN_KEY,30,11.19,19,CYCLE,38,0,360,1700,0,0.174757,0.016596,0,0,0,100,44.84,68.94,0.744985,0.935115,1,3,0,0,76,1448,0.133157,1,0.4737,2,3,0,0,V2,1,0.32741,997.368421,2,0,2,0.67259,0,2,0,200
EDCF-Shield,v2a,FALCON1024+HMAC-SHA512+AES256GCM+DKG4of7,STOLEN_KEY,30,11.19,19,CUMULATIVE,38,3400,6091,28900,164,0.246168,0.100609,0.189605,0.105263,0.953984,97.38,46.19,67.26,0.744985,0.935115,1,3,0,0,76,1448,0.133157,1,0.4737,2,3,0,0,V2,1,0.32741,997.368421,2,0,2,0.67259,0,2,0,200
EDCF-Shield,v2a,FALCON1024+HMAC-SHA512+AES256GCM+DKG4of7,STOLEN_KEY,30,11.19,20,CYCLE,40,0,360,1700,0,0.174757,0.015765,0,0,0,100,45.04,68.7,0.745263,0.935032,1,3,0,0,76,1448,0.130987,1,0.475,2,3,0,0,V2,1,0.326656,1002.5,2,0,2,0.673344,0,2,0,200
EDCF-Shield,v2a,FALCON1024+HMAC-SHA512+AES256GCM+DKG4of7,STOLEN_KEY,30,11.19,20,CUMULATIVE,40,3400,6451,30600,164,0.242546,0.098152,0.181024,0.1,0.953984,97.52,46.13,67.33,0.745263,0.935032,1,3,0,0,76,1448,0.130987,1,0.475,2,3,0,0,V2,1,0.326656,1002.5,2,0,2,0.673344,0,2,0,200
EDCF-Shield,v2a,FALCON1024+HMAC-SHA512+AES256GCM+DKG4of7,STOLEN_KEY,30,11.19,21,CYCLE,42,0,360,1700,0,0.174757,0.015013,0,0,0,100,45.18,68.53,0.745512,0.93493,1,3,0,0,76,1448,0.128935,1,0.4762,2,3,0,0,V2,1,0.326066,1007.142857,2,0,2,0.673934,0,2,0,200
EDCF-Shield,v2a,FALCON1024+HMAC-SHA512+AES256GCM+DKG4of7,STOLEN_KEY,30,11.19,21,CUMULATIVE,42,3400,6811,32300,164,0.239274,0.095865,0.173187,0.095238,0.953984,97.65,46.09,67.39,0.745512,0.93493,1,3,0,0,76,1448,0.128935,1,0.4762,2,3,0,0,V2,1,0.326066,1007.142857,2,0,2,0.673934,0,2,0,200
EDCF-Shield,v2a,FALCON1024+HMAC-SHA512+AES256GCM+DKG4of7,STOLEN_KEY,30,11.19,22,CYCLE,44,0,360,1700,0,0.174757,0.014329,0,0,0,100,45.08,68.65,0.745736,0.934856,1,3,0,0,76,1448,0.126989,1,0.4773,2,3,0,0,V2,1,0.325472,1011.363636,2,0,2,0.674528,0,2,0,200
EDCF-Shield,v2a,FALCON1024+HMAC-SHA512+AES256GCM+DKG4of7,STOLEN_KEY,30,11.19,22,CUMULATIVE,44,3400,7171,34000,164,0.236303,0.093731,0.165999,0.090909,0.953984,97.76,46.04,67.45,0.745736,0.934856,1,3,0,0,76,1448,0.126989,1,0.4773,2,3,0,0,V2,1,0.325472,1011.363636,2,0,2,0.674528,0,2,0,200
EDCF-Shield,v2a,FALCON1024+HMAC-SHA512+AES256GCM+DKG4of7,STOLEN_KEY,30,11.19,23,CYCLE,46,0,360,1700,0,0.174757,0.013705,0,0,0,100,44.85,68.94,0.745939,0.934831,1,3,0,0,76,1448,0.125142,1,0.4783,2,3,0,0,V2,1,0.324797,1015.217391,2,0,2,0.675203,0,2,0,200
EDCF-Shield,v2a,FALCON1024+HMAC-SHA512+AES256GCM+DKG4of7,STOLEN_KEY,30,11.19,23,CUMULATIVE,46,3400,7531,35700,164,0.233593,0.091732,0.159385,0.086957,0.953984,97.87,45.98,67.52,0.745939,0.934831,1,3,0,0,76,1448,0.125142,1,0.4783,2,3,0,0,V2,1,0.324797,1015.217391,2,0,2,0.675203,0,2,0,200
EDCF-Shield,v2a,FALCON1024+HMAC-SHA512+AES256GCM+DKG4of7,STOLEN_KEY,30,11.19,24,CYCLE,48,0,360,1700,0,0.174757,0.013133,0,0,0,100,44.87,68.92,0.746123,0.934804,1,3,0,0,76,1448,0.123383,1,0.4792,2,3,0,0,V2,1,0.32419,1018.75,2,0,2,0.67581,0,2,0,200
EDCF-Shield,v2a,FALCON1024+HMAC-SHA512+AES256GCM+DKG4of7,STOLEN_KEY,30,11.19,24,CUMULATIVE,48,3400,7891,37400,164,0.231112,0.089855,0.153277,0.083333,0.953984,97.96,45.94,67.58,0.746123,0.934804,1,3,0,0,76,1448,0.123383,1,0.4792,2,3,0,0,V2,1,0.32419,1018.75,2,0,2,0.67581,0,2,0,200
EDCF-Shield,v2a,FALCON1024+HMAC-SHA512+AES256GCM+DKG4of7,STOLEN_KEY,30,11.19,25,CYCLE,50,0,360,1700,0,0.174757,0.012607,0,0,0,100,45.19,68.51,0.746292,0.934726,1,3,0,0,76,1448,0.121707,1,0.48,2,3,0,0,V2,1,0.323807,1022,2,0,2,0.676193,0,2,0,200
EDCF-Shield,v2a,FALCON1024+HMAC-SHA512+AES256GCM+DKG4of7,STOLEN_KEY,30,11.19,25,CUMULATIVE,50,3400,8251,39100,164,0.228832,0.088089,0.147621,0.08,0.953984,98.05,45.9,67.62,0.746292,0.934726,1,3,0,0,76,1448,0.121707,1,0.48,2,3,0,0,V2,1,0.323807,1022,2,0,2,0.676193,0,2,0,200
EDCF-Shield,v2a,FALCON1024+HMAC-SHA512+AES256GCM+DKG4of7,STOLEN_KEY,30,11.19,26,CYCLE,52,0,360,1700,0,0.174757,0.012121,0,0,0,100,45.55,68.06,0.746446,0.934599,1,3,0,0,76,1448,0.120106,1,0.4808,2,3,0,0,V2,1,0.323636,1025,2,0,2,0.676364,0,2,0,200
EDCF-Shield,v2a,FALCON1024+HMAC-SHA512+AES256GCM+DKG4of7,STOLEN_KEY,30,11.19,26,CUMULATIVE,52,3400,8611,40800,164,0.22673,0.086423,0.142367,0.076923,0.953984,98.13,45.89,67.64,0.746446,0.934599,1,3,0,0,76,1448,0.120106,1,0.4808,2,3,0,0,V2,1,0.323636,1025,2,0,2,0.676364,0,2,0,200
EDCF-Shield,v2a,FALCON1024+HMAC-SHA512+AES256GCM+DKG4of7,STOLEN_KEY,30,11.19,27,CYCLE,54,0,360,1700,0,0.174757,0.011671,0,0,0,100,45.68,67.89,0.746588,0.934462,1,3,0,0,76,1448,0.118575,1,0.4815,2,3,0,0,V2,1,0.32354,1027.777778,2,0,2,0.67646,0,2,0,200
EDCF-Shield,v2a,FALCON1024+HMAC-SHA512+AES256GCM+DKG4of7,STOLEN_KEY,30,11.19,27,CUMULATIVE,54,3400,8971,42500,164,0.224784,0.084847,0.137474,0.074074,0.953984,98.2,45.88,67.65,0.746588,0.934462,1,3,0,0,76,1448,0.118575,1,0.4815,2,3,0,0,V2,1,0.32354,1027.777778,2,0,2,0.67646,0,2,0,200
EDCF-Shield,v2a,FALCON1024+HMAC-SHA512+AES256GCM+DKG4of7,STOLEN_KEY,30,11.19,28,CYCLE,56,0,360,1700,0,0.174757,0.011253,0,0,0,100,45.45,68.19,0.746719,0.934368,1,3,0,0,76,1448,0.117109,1,0.4821,2,3,0,0,V2,1,0.323343,1030.357143,2,0,2,0.676657,0,2,0,200
EDCF-Shield,v2a,FALCON1024+HMAC-SHA512+AES256GCM+DKG4of7,STOLEN_KEY,30,11.19,28,CUMULATIVE,56,3400,9331,44200,164,0.222979,0.083354,0.132906,0.071429,0.953984,98.27,45.87,67.67,0.746719,0.934368,1,3,0,0,76,1448,0.117109,1,0.4821,2,3,0,0,V2,1,0.323343,1030.357143,2,0,2,0.676657,0,2,0,200
EDCF-Shield,v2a,FALCON1024+HMAC-SHA512+AES256GCM+DKG4of7,STOLEN_KEY,30,11.19,29,CYCLE,58,0,360,1700,0,0.174757,0.010864,0,0,0,100,45.41,68.24,0.74684,0.934287,1,3,0,0,76,1448,0.115702,1,0.4828,2,3,0,0,V2,1,0.323141,1032.758621,2,0,2,0.676859,0,2,0,200
EDCF-Shield,v2a,FALCON1024+HMAC-SHA512+AES256GCM+DKG4of7,STOLEN_KEY,30,11.19,29,CUMULATIVE,58,3400,9691,45900,164,0.2213,0.081938,0.128632,0.068966,0.953984,98.34,45.85,67.69,0.74684,0.934287,1,3,0,0,76,1448,0.115702,1,0.4828,2,3,0,0,V2,1,0.323141,1032.758621,2,0,2,0.676859,0,2,0,200
EDCF-Shield,v2a,FALCON1024+HMAC-SHA512+AES256GCM+DKG4of7,STOLEN_KEY,30,11.19,30,CYCLE,60,0,360,1700,0,0.174757,0.010501,0,0,0,100,45.53,68.09,0.746953,0.934195,1,3,0,0,76,1448,0.114352,1,0.4833,2,3,0,0,V2,1,0.323006,1035,2,0,2,0.676994,0,2,0,200
EDCF-Shield,v2a,FALCON1024+HMAC-SHA512+AES256GCM+DKG4of7,STOLEN_KEY,30,11.19,30,CUMULATIVE,60,3400,10051,47600,164,0.219734,0.080591,0.124624,0.066667,0.953984,98.39,45.84,67.7,0.746953,0.934195,1,3,0,0,76,1448,0.114352,1,0.4833,2,3,0,0,V2,1,0.323006,1035,2,0,2,0.676994,0,2,0,200
EDCF-Shield,v2a,FALCON1024+HMAC-SHA512+AES256GCM+DKG4of7,STOLEN_KEY,30,11.19,31,CYCLE,62,0,360,1700,0,0.174757,0.010161,0,0,0,100,45.65,67.94,0.747058,0.934094,1,3,0,0,76,1448,0.113053,1,0.4839,2,3,0,0,V2,1,0.322927,1037.096774,2,0,2,0.677073,0,2,0,200
EDCF-Shield,v2a,FALCON1024+HMAC-SHA512+AES256GCM+DKG4of7,STOLEN_KEY,30,11.19,31,CUMULATIVE,62,3400,10411,49300,164,0.218269,0.079308,0.120859,0.064516,0.953984,98.45,45.83,67.71,0.747058,0.934094,1,3,0,0,76,1448,0.113053,1,0.4839,2,3,0,0,V2,1,0.322927,1037.096774,2,0,2,0.677073,0,2,0,200
EDCF-Shield,v2a,FALCON1024+HMAC-SHA512+AES256GCM+DKG4of7,STOLEN_KEY,30,11.19,32,CYCLE,64,0,360,1700,0,0.174757,0.009843,0,0,0,100,45.59,68.01,0.747156,0.934006,1,3,0,0,76,1448,0.111803,1,0.4844,2,3,0,0,V2,1,0.322831,1039.0625,2,0,2,0.677169,0,2,0,200
EDCF-Shield,v2a,FALCON1024+HMAC-SHA512+AES256GCM+DKG4of7,STOLEN_KEY,30,11.19,32,CUMULATIVE,64,3400,10771,51000,164,0.216898,0.078084,0.117314,0.0625,0.953984,98.5,45.83,67.72,0.747156,0.934006,1,3,0,0,76,1448,0.111803,1,0.4844,2,3,0,0,V2,1,0.322831,1039.0625,2,0,2,0.677169,0,2,0,200
EDCF-Shield,v2a,FALCON1024+HMAC-SHA512+AES256GCM+DKG4of7,STOLEN_KEY,30,11.19,33,CYCLE,66,0,360,1700,0,0.174757,0.009544,0,0,0,100,45.64,67.95,0.747248,0.933918,1,3,0,0,76,1448,0.110599,1,0.4848,2,3,0,0,V2,1,0.322759,1040.909091,2,0,2,0.677241,0,2,0,200
EDCF-Shield,v2a,FALCON1024+HMAC-SHA512+AES256GCM+DKG4of7,STOLEN_KEY,30,11.19,33,CUMULATIVE,66,3400,11131,52700,164,0.215609,0.076915,0.113972,0.060606,0.953984,98.55,45.82,67.72,0.747248,0.933918,1,3,0,0,76,1448,0.110599,1,0.4848,2,3,0,0,V2,1,0.322759,1040.909091,2,0,2,0.677241,0,2,0,200
EDCF-Shield,v2a,FALCON1024+HMAC-SHA512+AES256GCM+DKG4of7,STOLEN_KEY,30,11.19,34,CYCLE,68,0,360,1700,0,0.174757,0.009262,0,0,0,100,46.03,67.46,0.747334,0.93379,1,3,0,0,76,1448,0.109437,1,0.4853,2,3,0,0,V2,1,0.322835,1042.647059,2,0,2,0.677165,0,2,0,200
EDCF-Shield,v2a,FALCON1024+HMAC-SHA512+AES256GCM+DKG4of7,STOLEN_KEY,30,11.19,34,CUMULATIVE,68,3400,11491,54400,164,0.214398,0.075797,0.110814,0.058824,0.953984,98.59,45.83,67.72,0.747334,0.93379,1,3,0,0,76,1448,0.109437,1,0.4853,2,3,0,0,V2,1,0.322835,1042.647059,2,0,2,0.677165,0,2,0,200
EDCF-Shield,v2a,FALCON1024+HMAC-SHA512+AES256GCM+DKG4of7,STOLEN_KEY,30,11.19,35,CYCLE,70,0,360,1700,0,0.174757,0.008997,0,0,0,100,46.53,66.84,0.747414,0.933615,1,3,0,0,76,1448,0.108316,1,0.4857,2,3,0,0,V2,1,0.32308,1044.285714,2,0,2,0.67692,0,2,0,200
EDCF-Shield,v2a,FALCON1024+HMAC-SHA512+AES256GCM+DKG4of7,STOLEN_KEY,30,11.19,35,CUMULATIVE,70,3400,11851,56100,164,0.213256,0.074727,0.107827,0.057143,0.953984,98.64,45.85,67.69,0.747414,0.933615,1,3,0,0,76,1448,0.108316,1,0.4857,2,3,0,0,V2,1,0.32308,1044.285714,2,0,2,0.67692,0,2,0,200
EDCF-Shield,v2a,FALCON1024+HMAC-SHA512+AES256GCM+DKG4of7,STOLEN_KEY,30,11.19,36,CYCLE,72,0,360,1700,0,0.174757,0.008746,0,0,0,100,46.67,66.67,0.74749,0.933436,1,3,0,0,76,1448,0.107233,1,0.4861,2,3,0,0,V2,1,0.323356,1045.833333,2,0,2,0.676644,0,2,0,200
EDCF-Shield,v2a,FALCON1024+HMAC-SHA512+AES256GCM+DKG4of7,STOLEN_KEY,30,11.19,36,CUMULATIVE,72,3400,12211,57800,164,0.212178,0.0737,0.104997,0.055556,0.953984,98.67,45.87,67.66,0.74749,0.933436,1,3,0,0,76,1448,0.107233,1,0.4861,2,3,0,0,V2,1,0.323356,1045.833333,2,0,2,0.676644,0,2,0,200
EDCF-Shield,v2a,FALCON1024+HMAC-SHA512+AES256GCM+DKG4of7,STOLEN_KEY,30,11.19,37,CYCLE,74,0,360,1700,0,0.174757,0.008509,0,0,0,100,46.55,66.82,0.747562,0.933277,1,3,0,0,76,1448,0.106185,1,0.4865,2,3,0,0,V2,1,0.32358,1047.297297,2,0,2,0.67642,0,2,0,200
EDCF-Shield,v2a,FALCON1024+HMAC-SHA512+AES256GCM+DKG4of7,STOLEN_KEY,30,11.19,37,CUMULATIVE,74,3400,12571,59500,164,0.211159,0.072715,0.102311,0.054054,0.953984,98.71,45.89,67.64,0.747562,0.933277,1,3,0,0,76,1448,0.106185,1,0.4865,2,3,0,0,V2,1,0.32358,1047.297297,2,0,2,0.67642,0,2,0,200
EDCF-Shield,v2a,FALCON1024+HMAC-SHA512+AES256GCM+DKG4of7,STOLEN_KEY,30,11.19,38,CYCLE,76,0,360,1700,0,0.174757,0.008285,0,0,0,100,46.51,66.86,0.74763,0.933131,1,3,0,0,76,1448,0.10517,1,0.4868,2,3,0,0,V2,1,0.32378,1048.684211,2,0,2,0.67622,0,2,0,200
EDCF-Shield,v2a,FALCON1024+HMAC-SHA512+AES256GCM+DKG4of7,STOLEN_KEY,30,11.19,38,CUMULATIVE,76,3400,12931,61200,164,0.210194,0.071768,0.099759,0.052632,0.953984,98.75,45.9,67.62,0.74763,0.933131,1,3,0,0,76,1448,0.10517,1,0.4868,2,3,0,0,V2,1,0.32378,1048.684211,2,0,2,0.67622,0,2,0,200
EDCF-Shield,v2a,FALCON1024+HMAC-SHA512+AES256GCM+DKG4of7,STOLEN_KEY,30,11.19,39,CYCLE,78,0,360,1700,0,0.174757,0.008072,0,0,0,100,46.65,66.69,0.747694,0.932978,1,3,0,0,76,1448,0.104188,1,0.4872,2,3,0,0,V2,1,0.324012,1050,2,0,2,0.675988,0,2,0,200
EDCF-Shield,v2a,FALCON1024+HMAC-SHA512+AES256GCM+DKG4of7,STOLEN_KEY,30,11.19,39,CUMULATIVE,78,3400,13291,62900,164,0.209278,0.070857,0.097332,0.051282,0.953984,98.78,45.92,67.6,0.747694,0.932978,1,3,0,0,76,1448,0.104188,1,0.4872,2,3,0,0,V2,1,0.324012,1050,2,0,2,0.675988,0,2,0,200
EDCF-Shield,v2a,FALCON1024+HMAC-SHA512+AES256GCM+DKG4of7,STOLEN_KEY,30,11.19,40,CYCLE,80,0,360,1700,0,0.174757,0.007869,0,0,0,100,46.75,66.57,0.747754,0.932824,1,3,0,0,76,1448,0.103236,1,0.4875,2,3,0,0,V2,1,0.324262,1051.25,2,0,2,0.675738,0,2,0,200
EDCF-Shield,v2a,FALCON1024+HMAC-SHA512+AES256GCM+DKG4of7,STOLEN_KEY,30,11.19,40,CUMULATIVE,80,3400,13651,64600,164,0.208409,0.069979,0.09502,0.05,0.953984,98.81,45.94,67.57,0.747754,0.932824,1,3,0,0,76,1448,0.103236,1,0.4875,2,3,0,0,V2,1,0.324262,1051.25,2,0,2,0.675738,0,2,0,200
EDCF-Shield,v2a,FALCON1024+HMAC-SHA512+AES256GCM+DKG4of7,STOLEN_KEY,30,11.19,41,CYCLE,82,0,360,1700,0,0.174757,0.007677,0,0,0,100,46.88,66.4,0.747812,0.932664,1,3,0,0,76,1448,0.102312,1,0.4878,2,3,0,0,V2,1,0.324539,1052.439024,2,0,2,0.675461,0,2,0,200
EDCF-Shield,v2a,FALCON1024+HMAC-SHA512+AES256GCM+DKG4of7,STOLEN_KEY,30,11.19,41,CUMULATIVE,82,3400,14011,66300,164,0.207583,0.069134,0.092815,0.04878,0.953984,98.84,45.96,67.55,0.747812,0.932664,1,3,0,0,76,1448,0.102312,1,0.4878,2,3,0,0,V2,1,0.324539,1052.439024,2,0,2,0.675461,0,2,0,200
EDCF-Shield,v2a,FALCON1024+HMAC-SHA512+AES256GCM+DKG4of7,STOLEN_KEY,30,11.19,42,CYCLE,84,0,360,1700,0,0.174757,0.007493,0,0,0,100,47.27,65.91,0.747866,0.932478,1,3,0,0,76,1448,0.101415,1,0.4881,2,3,0,0,V2,1,0.32491,1053.571429,2,0,2,0.67509,0,2,0,200
EDCF-Shield,v2a,FALCON1024+HMAC-SHA512+AES256GCM+DKG4of7,STOLEN_KEY,30,11.19,42,CUMULATIVE,84,3400,14371,68000,164,0.206796,0.068318,0.09071,0.047619,0.953984,98.87,45.99,67.51,0.747866,0.932478,1,3,0,0,76,1448,0.101415,1,0.4881,2,3,0,0,V2,1,0.32491,1053.571429,2,0,2,0.67509,0,2,0,200
EDCF-Shield,v2a,FALCON1024+HMAC-SHA512+AES256GCM+DKG4of7,STOLEN_KEY,30,11.19,43,CYCLE,86,0,360,1700,0,0.174757,0.007318,0,0,0,100,47.21,65.99,0.747918,0.932304,1,3,0,0,76,1448,0.100544,1,0.4884,2,3,0,0,V2,1,0.325249,1054.651163,2,0,2,0.674751,0,2,0,200
EDCF-Shield,v2a,FALCON1024+HMAC-SHA512+AES256GCM+DKG4of7,STOLEN_KEY,30,11.19,43,CUMULATIVE,86,3400,14731,69700,164,0.206046,0.067531,0.088699,0.046512,0.953984,98.9,46.02,67.48,0.747918,0.932304,1,3,0,0,76,1448,0.100544,1,0.4884,2,3,0,0,V2,1,0.325249,1054.651163,2,0,2,0.674751,0,2,0,200
EDCF-Shield,v2a,FALCON1024+HMAC-SHA512+AES256GCM+DKG4of7,STOLEN_KEY,30,11.19,44,CYCLE,88,0,360,1700,0,0.174757,0.007151,0,0,0,100,47.33,65.84,0.747968,0.932129,1,3,0,0,76,1448,0.099698,1,0.4886,2,3,0,0,V2,1,0.325602,1055.681818,2,0,2,0.674398,0,2,0,200
EDCF-Shield,v2a,FALCON1024+HMAC-SHA512+AES256GCM+DKG4of7,STOLEN_KEY,30,11.19,44,CUMULATIVE,88,3400,15091,71400,164,0.20533,0.06677,0.086775,0.045455,0.953984,98.92,46.05,67.44,0.747968,0.932129,1,3,0,0,76,1448,0.099698,1,0.4886,2,3,0,0,V2,1,0.325602,1055.681818,2,0,2,0.674398,0,2,0,200
EDCF-Shield,v2a,FALCON1024+HMAC-SHA512+AES256GCM+DKG4of7,STOLEN_KEY,30,11.19,45,CYCLE,90,0,360,1700,0,0.174757,0.006992,0,0,0,100,48.05,64.93,0.748015,0.931903,1,3,0,0,76,1448,0.098875,1,0.4889,2,3,0,0,V2,1,0.32612,1056.666667,2,0,2,0.67388,0,2,0,200
EDCF-Shield,v2a,FALCON1024+HMAC-SHA512+AES256GCM+DKG4of7,STOLEN_KEY,30,11.19,45,CUMULATIVE,90,3400,15451,73100,164,0.204646,0.066034,0.084932,0.044444,0.953984,98.95,46.09,67.39,0.748015,0.931903,1,3,0,0,76,1448,0.098875,1,0.4889,2,3,0,0,V2,1,0.32612,1056.666667,2,0,2,0.67388,0,2,0,200
EDCF-Shield,v2a,FALCON1024+HMAC-SHA512+AES256GCM+DKG4of7,STOLEN_KEY,30,11.19,46,CYCLE,92,0,360,1700,0,0.174757,0.006839,0,0,0,100,48.15,64.81,0.74806,0.931679,1,3,0,0,76,1448,0.098074,1,0.4891,2,3,0,0,V2,1,0.32664,1057.608696,2,0,2,0.67336,0,2,0,200
EDCF-Shield,v2a,FALCON1024+HMAC-SHA512+AES256GCM+DKG4of7,STOLEN_KEY,30,11.19,46,CUMULATIVE,92,3400,15811,74800,164,0.203993,0.065322,0.083166,0.043478,0.953984,98.97,46.13,67.34,0.74806,0.931679,1,3,0,0,76,1448,0.098074,1,0.4891,2,3,0,0,V2,1,0.32664,1057.608696,2,0,2,0.67336,0,2,0,200
EDCF-Shield,v2a,FALCON1024+HMAC-SHA512+AES256GCM+DKG4of7,STOLEN_KEY,30,11.19,47,CYCLE,94,0,360,1700,0,0.174757,0.006693,0,0,0,100,47.88,65.15,0.748103,0.931484,1,3,0,0,76,1448,0.097294,1,0.4894,2,3,0,0,V2,1,0.327077,1058.510638,2,0,2,0.672923,0,2,0,200
EDCF-Shield,v2a,FALCON1024+HMAC-SHA512+AES256GCM+DKG4of7,STOLEN_KEY,30,11.19,47,CUMULATIVE,94,3400,16171,76500,164,0.203367,0.064633,0.081472,0.042553,0.953984,99,46.17,67.29,0.748103,0.931484,1,3,0,0,76,1448,0.097294,1,0.4894,2,3,0,0,V2,1,0.327077,1058.510638,2,0,2,0.672923,0,2,0,200
EDCF-Shield,v2a,FALCON1024+HMAC-SHA512+AES256GCM+DKG4of7,STOLEN_KEY,30,11.19,48,CYCLE,96,0,360,1700,0,0.174757,0.006553,0,0,0,100,47.89,65.14,0.748144,0.931295,1,3,0,0,76,1448,0.096534,1,0.4896,2,3,0,0,V2,1,0.327499,1059.375,2,0,2,0.672501,0,2,0,200
EDCF-Shield,v2a,FALCON1024+HMAC-SHA512+AES256GCM+DKG4of7,STOLEN_KEY,30,11.19,48,CUMULATIVE,96,3400,16531,78200,164,0.202767,0.063965,0.079846,0.041667,0.953984,99.02,46.2,67.25,0.748144,0.931295,1,3,0,0,76,1448,0.096534,1,0.4896,2,3,0,0,V2,1,0.327499,1059.375,2,0,2,0.672501,0,2,0,200
EDCF-Shield,v2a,FALCON1024+HMAC-SHA512+AES256GCM+DKG4of7,STOLEN_KEY,30,11.19,49,CYCLE,98,0,360,1700,0,0.174757,0.006419,0,0,0,100,47.54,65.57,0.748184,0.931138,1,3,0,0,76,1448,0.095794,1,0.4898,2,3,0,0,V2,1,0.327825,1060.204082,2,0,2,0.672175,0,2,0,200
EDCF-Shield,v2a,FALCON1024+HMAC-SHA512+AES256GCM+DKG4of7,STOLEN_KEY,30,11.19,49,CUMULATIVE,98,3400,16891,79900,164,0.202192,0.063317,0.078283,0.040816,0.953984,99.04,46.23,67.22,0.748184,0.931138,1,3,0,0,76,1448,0.095794,1,0.4898,2,3,0,0,V2,1,0.327825,1060.204082,2,0,2,0.672175,0,2,0,200
EDCF-Shield,v2a,FALCON1024+HMAC-SHA512+AES256GCM+DKG4of7,STOLEN_KEY,30,11.19,50,CYCLE,100,0,360,1700,0,0.174757,0.00629,0,0,0,100,47.3,65.87,0.748222,0.931006,1,3,0,0,76,1448,0.095072,1,0.49,2,3,0,0,V2,1,0.328084,1061,2,0,2,0.671916,0,2,0,200
EDCF-Shield,v2a,FALCON1024+HMAC-SHA512+AES256GCM+DKG4of7,STOLEN_KEY,30,11.19,50,CUMULATIVE,100,3400,17251,81600,164,0.20164,0.062689,0.076781,0.04,0.953984,99.06,46.25,67.19,0.748222,0.931006,1,3,0,0,76,1448,0.095072,1,0.49,2,3,0,0,V2,1,0.328084,1061,2,0,2,0.671916,0,2,0,200
EDCF-Shield,v2a,FALCON1024+HMAC-SHA512+AES256GCM+DKG4of7,STOLEN_KEY,30,11.19,51,CYCLE,102,0,360,1700,0,0.174757,0.006166,0,0,0,100,47.38,65.78,0.748258,0.930873,1,3,0,0,76,1448,0.094368,1,0.4902,2,3,0,0,V2,1,0.328349,1061.764706,2,0,2,0.671651,0,2,0,200
EDCF-Shield,v2a,FALCON1024+HMAC-SHA512+AES256GCM+DKG4of7,STOLEN_KEY,30,11.19,51,CUMULATIVE,102,3400,17611,83300,164,0.20111,0.062079,0.075335,0.039216,0.953984,99.08,46.27,67.17,0.748258,0.930873,1,3,0,0,76,1448,0.094368,1,0.4902,2,3,0,0,V2,1,0.328349,1061.764706,2,0,2,0.671651,0,2,0,200
EDCF-Shield,v2a,FALCON1024+HMAC-SHA512+AES256GCM+DKG4of7,STOLEN_KEY,30,11.19,52,CYCLE,104,0,360,1700,0,0.174757,0.006047,0,0,0,100,47.75,65.31,0.748293,0.930718,1,3,0,0,76,1448,0.093681,1,0.4904,2,3,0,0,V2,1,0.328687,1062.5,2,0,2,0.671313,0,2,0,200
EDCF-Shield,v2a,FALCON1024+HMAC-SHA512+AES256GCM+DKG4of7,STOLEN_KEY,30,11.19,52,CUMULATIVE,104,3400,17971,85000,164,0.200601,0.061486,0.073942,0.038462,0.953984,99.1,46.29,67.13,0.748293,0.930718,1,3,0,0,76,1448,0.093681,1,0.4904,2,3,0,0,V2,1,0.328687,1062.5,2,0,2,0.671313,0,2,0,200
EDCF-Shield,v2a,FALCON1024+HMAC-SHA512+AES256GCM+DKG4of7,STOLEN_KEY,30,11.19,53,CYCLE,106,0,360,1700,0,0.174757,0.005932,0,0,0,100,47.72,65.35,0.748326,0.93057,1,3,0,0,76,1448,0.093011,1,0.4906,2,3,0,0,V2,1,0.329006,1063.207547,2,0,2,0.670994,0,2,0,200
EDCF-Shield,v2a,FALCON1024+HMAC-SHA512+AES256GCM+DKG4of7,STOLEN_KEY,30,11.19,53,CUMULATIVE,106,3400,18331,86700,164,0.200111,0.06091,0.0726,0.037736,0.953984,99.11,46.32,67.1,0.748326,0.93057,1,3,0,0,76,1448,0.093011,1,0.4906,2,3,0,0,V2,1,0.329006,1063.207547,2,0,2,0.670994,0,2,0,200
EDCF-Shield,v2a,FALCON1024+HMAC-SHA512+AES256GCM+DKG4of7,STOLEN_KEY,30,11.19,54,CYCLE,108,0,360,1700,0,0.174757,0.005822,0,0,0,100,47.65,65.44,0.748358,0.930433,1,3,0,0,76,1448,0.092355,1,0.4907,2,3,0,0,V2,1,0.329299,1063.888889,2,0,2,0.670701,0,2,0,200
EDCF-Shield,v2a,FALCON1024+HMAC-SHA512+AES256GCM+DKG4of7,STOLEN_KEY,30,11.19,54,CUMULATIVE,108,3400,18691,88400,164,0.199639,0.06035,0.071306,0.037037,0.953984,99.13,46.34,67.07,0.748358,0.930433,1,3,0,0,76,1448,0.092355,1,0.4907,2,3,0,0,V2,1,0.329299,1063.888889,2,0,2,0.670701,0,2,0,200
EDCF-Shield,v2a,FALCON1024+HMAC-SHA512+AES256GCM+DKG4of7,STOLEN_KEY,30,11.19,55,CYCLE,110,0,360,1700,0,0.174757,0.005716,0,0,0,100,47.97,65.04,0.748389,0.930279,1,3,0,0,76,1448,0.091715,1,0.4909,2,3,0,0,V2,1,0.329647,1064.545455,2,0,2,0.670353,0,2,0,200
EDCF-Shield,v2a,FALCON1024+HMAC-SHA512+AES256GCM+DKG4of7,STOLEN_KEY,30,11.19,55,CUMULATIVE,110,3400,19051,90100,164,0.199184,0.059805,0.070057,0.036364,0.953984,99.15,46.37,67.04,0.748389,0.930279,1,3,0,0,76,1448,0.091715,1,0.4909,2,3,0,0,V2,1,0.329647,1064.545455,2,0,2,0.670353,0,2,0,200
EDCF-Shield,v2a,FALCON1024+HMAC-SHA512+AES256GCM+DKG4of7,STOLEN_KEY,30,11.19,56,CYCLE,112,0,360,1700,0,0.174757,0.005613,0,0,0,100,47.83,65.21,0.748419,0.930139,1,3,0,0,76,1448,0.09109,1,0.4911,2,3,0,0,V2,1,0.329955,1065.178571,2,0,2,0.670045,0,2,0,200
EDCF-Shield,v2a,FALCON1024+HMAC-SHA512+AES256GCM+DKG4of7,STOLEN_KEY,30,11.19,56,CUMULATIVE,112,3400,19411,91800,164,0.198745,0.059274,0.068851,0.035714,0.953984,99.16,46.4,67,0.748419,0.930139,1,3,0,0,76,1448,0.09109,1,0.4911,2,3,0,0,V2,1,0.329955,1065.178571,2,0,2,0.670045,0,2,0,200
EDCF-Shield,v2a,FALCON1024+HMAC-SHA512+AES256GCM+DKG4of7,STOLEN_KEY,30,11.19,57,CYCLE,114,0,360,1700,0,0.174757,0.005514,0,0,0,100,47.93,65.09,0.748448,0.929997,1,3,0,0,76,1448,0.090478,1,0.4912,2,3,0,0,V2,1,0.330273,1065.789474,2,0,2,0.669727,0,2,0,200
EDCF-Shield,v2a,FALCON1024+HMAC-SHA512+AES256GCM+DKG4of7,STOLEN_KEY,30,11.19,57,CUMULATIVE,114,3400,19771,93500,164,0.198322,0.058758,0.067686,0.035088,0.953984,99.18,46.42,66.97,0.748448,0.929997,1,3,0,0,76,1448,0.090478,1,0.4912,2,3,0,0,V2,1,0.330273,1065.789474,2,0,2,0.669727,0,2,0,200
EDCF-Shield,v2a,FALCON1024+HMAC-SHA512+AES256GCM+DKG4of7,STOLEN_KEY,30,11.19,58,CYCLE,116,0,360,1700,0,0.174757,0.005419,0,0,0,100,48.01,64.99,0.748476,0.929855,1,3,0,0,76,1448,0.089879,1,0.4914,2,3,0,0,V2,1,0.330595,1066.37931,2,0,2,0.669405,0,2,0,200
EDCF-Shield,v2a,FALCON1024+HMAC-SHA512+AES256GCM+DKG4of7,STOLEN_KEY,30,11.19,58,CUMULATIVE,116,3400,20131,95200,164,0.197914,0.058254,0.06656,0.034483,0.953984,99.19,46.45,66.94,0.748476,0.929855,1,3,0,0,76,1448,0.089879,1,0.4914,2,3,0,0,V2,1,0.330595,1066.37931,2,0,2,0.669405,0,2,0,200
EDCF-Shield,v2a,FALCON1024+HMAC-SHA512+AES256GCM+DKG4of7,STOLEN_KEY,30,11.19,59,CYCLE,118,0,360,1700,0,0.174757,0.005326,0,0,0,100,47.95,65.06,0.748502,0.92972,1,3,0,0,76,1448,0.089294,1,0.4915,2,3,0,0,V2,1,0.330898,1066.949153,2,0,2,0.669102,0,2,0,200
EDCF-Shield,v2a,FALCON1024+HMAC-SHA512+AES256GCM+DKG4of7,STOLEN_KEY,30,11.19,59,CUMULATIVE,118,3400,20491,96900,164,0.19752,0.057764,0.06547,0.033898,0.953984,99.21,46.47,66.91,0.748502,0.92972,1,3,0,0,76,1448,0.089294,1,0.4915,2,3,0,0,V2,1,0.330898,1066.949153,2,0,2,0.669102,0,2,0,200
EDCF-Shield,v2a,FALCON1024+HMAC-SHA512+AES256GCM+DKG4of7,STOLEN_KEY,30,11.19,60,CYCLE,120,0,360,1700,0,0.174757,0.005237,0,0,0,100,48.24,64.7,0.748528,0.929572,1,3,0,0,76,1448,0.08872,1,0.4917,2,3,0,0,V2,1,0.331243,1067.5,2,0,2,0.668757,0,2,0,200
EDCF-Shield,v2a,FALCON1024+HMAC-SHA512+AES256GCM+DKG4of7,STOLEN_KEY,30,11.19,60,CUMULATIVE,120,3400,20851,98600,164,0.197139,0.057285,0.064416,0.033333,0.953984,99.22,46.5,66.88,0.748528,0.929572,1,3,0,0,76,1448,0.08872,1,0.4917,2,3,0,0,V2,1,0.331243,1067.5,2,0,2,0.668757,0,2,0,200
EDCF-Shield,v2a,FALCON1024+HMAC-SHA512+AES256GCM+DKG4of7,STOLEN_KEY,30,11.19,61,CYCLE,122,0,360,1700,0,0.174757,0.005151,0,0,0,100,48.18,64.77,0.748553,0.929432,1,3,0,0,76,1448,0.088159,1,0.4918,2,3,0,0,V2,1,0.331567,1068.032787,2,0,2,0.668433,0,2,0,200
EDCF-Shield,v2a,FALCON1024+HMAC-SHA512+AES256GCM+DKG4of7,STOLEN_KEY,30,11.19,61,CUMULATIVE,122,3400,21211,100300,164,0.19677,0.056818,0.063395,0.032787,0.953984,99.23,46.53,66.84,0.748553,0.929432,1,3,0,0,76,1448,0.088159,1,0.4918,2,3,0,0,V2,1,0.331567,1068.032787,2,0,2,0.668433,0,2,0,200
EDCF-Shield,v2a,FALCON1024+HMAC-SHA512+AES256GCM+DKG4of7,STOLEN_KEY,30,11.19,62,CYCLE,124,0,360,1700,0,0.174757,0.005067,0,0,0,100,48.33,64.58,0.748577,0.929287,1,3,0,0,76,1448,0.087609,1,0.4919,2,3,0,0,V2,1,0.331909,1068.548387,2,0,2,0.668091,0,2,0,200
EDCF-Shield,v2a,FALCON1024+HMAC-SHA512+AES256GCM+DKG4of7,STOLEN_KEY,30,11.19,62,CUMULATIVE,124,3400,21571,102000,164,0.196413,0.056363,0.062406,0.032258,0.953984,99.25,46.55,66.81,0.748577,0.929287,1,3,0,0,76,1448,0.087609,1,0.4919,2,3,0,0,V2,1,0.331909,1068.548387,2,0,2,0.668091,0,2,0,200
EDCF-Shield,v2a,FALCON1024+HMAC-SHA512+AES256GCM+DKG4of7,STOLEN_KEY,30,11.19,63,CYCLE,126,0,360,1700,0,0.174757,0.004987,0,0,0,100,48.6,64.25,0.7486,0.929131,1,3,0,0,76,1448,0.08707,1,0.4921,2,3,0,0,V2,1,0.332287,1069.047619,2,0,2,0.667713,0,2,0,200
EDCF-Shield,v2a,FALCON1024+HMAC-SHA512+AES256GCM+DKG4of7,STOLEN_KEY,30,11.19,63,CUMULATIVE,126,3400,21931,103700,164,0.196068,0.055918,0.061447,0.031746,0.953984,99.26,46.58,66.77,0.7486,0.929131,1,3,0,0,76,1448,0.08707,1,0.4921,2,3,0,0,V2,1,0.332287,1069.047619,2,0,2,0.667713,0,2,0,200
EDCF-Shield,v2a,FALCON1024+HMAC-SHA512+AES256GCM+DKG4of7,STOLEN_KEY,30,11.19,64,CYCLE,128,0,360,1700,0,0.174757,0.004908,0,0,0,100,48.6,64.25,0.748623,0.928979,1,3,0,0,76,1448,0.086542,1,0.4922,2,3,0,0,V2,1,0.332654,1069.53125,2,0,2,0.667346,0,2,0,200
EDCF-Shield,v2a,FALCON1024+HMAC-SHA512+AES256GCM+DKG4of7,STOLEN_KEY,30,11.19,64,CUMULATIVE,128,3400,22291,105400,164,0.195733,0.055484,0.060518,0.03125,0.953984,99.27,46.61,66.73,0.748623,0.928979,1,3,0,0,76,1448,0.086542,1,0.4922,2,3,0,0,V2,1,0.332654,1069.53125,2,0,2,0.667346,0,2,0,200
EDCF-Shield,v2a,FALCON1024+HMAC-SHA512+AES256GCM+DKG4of7,STOLEN_KEY,30,11.19,65,CYCLE,130,0,360,1700,0,0.174757,0.004832,0,0,0,100,48.52,64.35,0.748645,0.928836,1,3,0,0,76,1448,0.086025,1,0.4923,2,3,0,0,V2,1,0.332996,1070,2,0,2,0.667004,0,2,0,200
EDCF-Shield,v2a,FALCON1024+HMAC-SHA512+AES256GCM+DKG4of7,STOLEN_KEY,30,11.19,65,CUMULATIVE,130,3400,22651,107100,164,0.195409,0.055059,0.059616,0.030769,0.953984,99.28,46.64,66.7,0.748645,0.928836,1,3,0,0,76,1448,0.086025,1,0.4923,2,3,0,0,V2,1,0.332996,1070,2,0,2,0.667004,0,2,0,200
EDCF-Shield,v2a,FALCON1024+HMAC-SHA512+AES256GCM+DKG4of7,STOLEN_KEY,30,11.19,66,CYCLE,132,0,360,1700,0,0.174757,0.004759,0,0,0,100,48.87,63.91,0.748666,0.928677,1,3,0,0,76,1448,0.085517,1,0.4924,2,3,0,0,V2,1,0.333387,1070.454545,2,0,2,0.666613,0,2,0,200
EDCF-Shield,v2a,FALCON1024+HMAC-SHA512+AES256GCM+DKG4of7,STOLEN_KEY,30,11.19,66,CUMULATIVE,132,3400,23011,108800,164,0.195095,0.054644,0.05874,0.030303,0.953984,99.29,46.67,66.66,0.748666,0.928677,1,3,0,0,76,1448,0.085517,1,0.4924,2,3,0,0,V2,1,0.333387,1070.454545,2,0,2,0.666613,0,2,0,200
EDCF-Shield,v2a,FALCON1024+HMAC-SHA512+AES256GCM+DKG4of7,STOLEN_KEY,30,11.19,67,CYCLE,134,0,360,1700,0,0.174757,0.004687,0,0,0,100,49,63.74,0.748687,0.928516,1,3,0,0,76,1448,0.085019,1,0.4925,2,3,0,0,V2,1,0.333788,1070.895522,2,0,2,0.666212,0,2,0,200
EDCF-Shield,v2a,FALCON1024+HMAC-SHA512+AES256GCM+DKG4of7,STOLEN_KEY,30,11.19,67,CUMULATIVE,134,3400,23371,110500,164,0.19479,0.054239,0.05789,0.029851,0.953984,99.3,46.7,66.62,0.748687,0.928516,1,3,0,0,76,1448,0.085019,1,0.4925,2,3,0,0,V2,1,0.333788,1070.895522,2,0,2,0.666212,0,2,0,200
EDCF-Shield,v2a,FALCON1024+HMAC-SHA512+AES256GCM+DKG4of7,STOLEN_KEY,30,11.19,68,CYCLE,136,0,360,1700,0,0.174757,0.004618,0,0,0,100,49,63.75,0.748706,0.928359,1,3,0,0,76,1448,0.084531,1,0.4926,2,3,0,0,V2,1,0.334176,1071.323529,2,0,2,0.665824,0,2,0,200
EDCF-Shield,v2a,FALCON1024+HMAC-SHA512+AES256GCM+DKG4of7,STOLEN_KEY,30,11.19,68,CUMULATIVE,136,3400,23731,112200,164,0.194494,0.053842,0.057064,0.029412,0.953984,99.31,46.73,66.58,0.748706,0.928359,1,3,0,0,76,1448,0.084531,1,0.4926,2,3,0,0,V2,1,0.334176,1071.323529,2,0,2,0.665824,0,2,0,200
EDCF-Shield,v2a,FALCON1024+HMAC-SHA512+AES256GCM+DKG4of7,STOLEN_KEY,30,11.19,69,CYCLE,138,0,360,1700,0,0.174757,0.004551,0,0,0,100,49.29,63.39,0.748726,0.928192,1,3,0,0,76,1448,0.084051,1,0.4928,2,3,0,0,V2,1,0.3346,1071.73913,2,0,2,0.6654,0,2,0,200
EDCF-Shield,v2a,FALCON1024+HMAC-SHA512+AES256GCM+DKG4of7,STOLEN_KEY,30,11.19,69,CUMULATIVE,138,3400,24091,113900,164,0.194207,0.053454,0.056262,0.028986,0.953984,99.32,46.77,66.54,0.748726,0.928192,1,3,0,0,76,1448,0.084051,1,0.4928,2,3,0,0,V2,1,0.3346,1071.73913,2,0,2,0.6654,0,2,0,200
EDCF-Shield,v2a,FALCON1024+HMAC-SHA512+AES256GCM+DKG4of7,STOLEN_KEY,30,11.19,70,CYCLE,140,0,360,1700,0,0.174757,0.004485,0,0,0,100,49.32,63.35,0.748744,0.928027,1,3,0,0,76,1448,0.08358,1,0.4929,2,3,0,0,V2,1,0.335017,1072.142857,2,0,2,0.664983,0,2,0,200
EDCF-Shield,v2a,FALCON1024+HMAC-SHA512+AES256GCM+DKG4of7,STOLEN_KEY,30,11.19,70,CUMULATIVE,140,3400,24451,115600,164,0.193928,0.053074,0.055481,0.028571,0.953984,99.33,46.8,66.5,0.748744,0.928027,1,3,0,0,76,1448,0.08358,1,0.4929,2,3,0,0,V2,1,0.335017,1072.142857,2,0,2,0.664983,0,2,0,200
EDCF-Shield,v2a,FALCON1024+HMAC-SHA512+AES256GCM+DKG4of7,STOLEN_KEY,30,11.19,71,CYCLE,142,0,360,1700,0,0.174757,0.004422,0,0,0,100,49.44,63.2,0.748763,0.92786,1,3,0,0,76,1448,0.083118,1,0.493,2,3,0,0,V2,1,0.335441,1072.535211,2,0,2,0.664559,0,2,0,200
EDCF-Shield,v2a,FALCON1024+HMAC-SHA512+AES256GCM+DKG4of7,STOLEN_KEY,30,11.19,71,CUMULATIVE,142,3400,24811,117300,164,0.193657,0.052702,0.054722,0.028169,0.953984,99.34,46.84,66.46,0.748763,0.92786,1,3,0,0,76,1448,0.083118,1,0.493,2,3,0,0,V2,1,0.335441,1072.535211,2,0,2,0.664559,0,2,0,200
EDCF-Shield,v2a,FALCON1024+HMAC-SHA512+AES256GCM+DKG4of7,STOLEN_KEY,30,11.19,72,CYCLE,144,0,360,1700,0,0.174757,0.00436,0,0,0,100,49.66,62.93,0.74878,0.927686,1,3,0,0,76,1448,0.082664,1,0.4931,2,3,0,0,V2,1,0.335884,1072.916667,2,0,2,0.664116,0,2,0,200
EDCF-Shield,v2a,FALCON1024+HMAC-SHA512+AES256GCM+DKG4of7,STOLEN_KEY,30,11.19,72,CUMULATIVE,144,3400,25171,119000,164,0.193394,0.052338,0.053984,0.027778,0.953984,99.35,46.87,66.41,0.74878,0.927686,1,3,0,0,76,1448,0.082664,1,0.4931,2,3,0,0,V2,1,0.335884,1072.916667,2,0,2,0.664116,0,2,0,200
EDCF-Shield,v2a,FALCON1024+HMAC-SHA512+AES256GCM+DKG4of7,STOLEN_KEY,30,11.19,73,CYCLE,146,0,360,1700,0,0.174757,0.0043,0,0,0,100,50.11,62.36,0.748798,0.927496,1,3,0,0,76,1448,0.082218,1,0.4932,2,3,0,0,V2,1,0.33638,1073.287671,2,0,2,0.66362,0,2,0,200
EDCF-Shield,v2a,FALCON1024+HMAC-SHA512+AES256GCM+DKG4of7,STOLEN_KEY,30,11.19,73,CUMULATIVE,146,3400,25531,120700,164,0.193137,0.051981,0.053265,0.027397,0.953984,99.36,46.91,66.36,0.748798,0.927496,1,3,0,0,76,1448,0.082218,1,0.4932,2,3,0,0,V2,1,0.33638,1073.287671,2,0,2,0.66362,0,2,0,200
EDCF-Shield,v2a,FALCON1024+HMAC-SHA512+AES256GCM+DKG4of7,STOLEN_KEY,30,11.19,74,CYCLE,148,0,360,1700,0,0.174757,0.004241,0,0,0,100,50.07,62.41,0.748814,0.927312,1,3,0,0,76,1448,0.08178,1,0.4932,2,3,0,0,V2,1,0.336858,1073.648649,2,0,2,0.663142,0,2,0,200
EDCF-Shield,v2a,FALCON1024+HMAC-SHA512+AES256GCM+DKG4of7,STOLEN_KEY,30,11.19,74,CUMULATIVE,148,3400,25891,122400,164,0.192888,0.051631,0.052565,0.027027,0.953984,99.37,46.95,66.31,0.748814,0.927312,1,3,0,0,76,1448,0.08178,1,0.4932,2,3,0,0,V2,1,0.336858,1073.648649,2,0,2,0.663142,0,2,0,200
EDCF-Shield,v2a,FALCON1024+HMAC-SHA512+AES256GCM+DKG4of7,STOLEN_KEY,30,11.19,75,CYCLE,150,0,360,1700,0,0.174757,0.004184,0,0,0,100,50.18,62.27,0.74883,0.927127,1,3,0,0,76,1448,0.081349,1,0.4933,2,3,0,0,V2,1,0.33734,1074,2,0,2,0.66266,0,2,0,200
EDCF-Shield,v2a,FALCON1024+HMAC-SHA512+AES256GCM+DKG4of7,STOLEN_KEY,30,11.19,75,CUMULATIVE,150,3400,26251,124100,164,0.192645,0.051289,0.051883,0.026667,0.953984,99.38,46.99,66.27,0.74883,0.927127,1,3,0,0,76,1448,0.081349,1,0.4933,2,3,0,0,V2,1,0.33734,1074,2,0,2,0.66266,0,2,0,200
EDCF-Shield,v2a,FALCON1024+HMAC-SHA512+AES256GCM+DKG4of7,STOLEN_KEY,30,11.19,76,CYCLE,152,0,360,1700,0,0.174757,0.004129,0,0,0,100,50.13,62.34,0.748846,0.926948,1,3,0,0,76,1448,0.080926,1,0.4934,2,3,0,0,V2,1,0.337803,1074.342105,2,0,2,0.662197,0,2,0,200
EDCF-Shield,v2a,FALCON1024+HMAC-SHA512+AES256GCM+DKG4of7,STOLEN_KEY,30,11.19,76,CUMULATIVE,152,3400,26611,125800,164,0.192409,0.050953,0.051219,0.026316,0.953984,99.39,47.02,66.22,0.748846,0.926948,1,3,0,0,76,1448,0.080926,1,0.4934,2,3,0,0,V2,1,0.337803,1074.342105,2,0,2,0.662197,0,2,0,200
EDCF-Shield,v2a,FALCON1024+HMAC-SHA512+AES256GCM+DKG4of7,STOLEN_KEY,30,11.19,77,CYCLE,154,0,360,1700,0,0.174757,0.004075,0,0,0,100,50.26,62.18,0.748862,0.926767,1,3,0,0,76,1448,0.08051,1,0.4935,2,3,0,0,V2,1,0.338273,1074.675325,2,0,2,0.661727,0,2,0,200
EDCF-Shield,v2a,FALCON1024+HMAC-SHA512+AES256GCM+DKG4of7,STOLEN_KEY,30,11.19,77,CUMULATIVE,154,3400,26971,127500,164,0.192179,0.050624,0.050571,0.025974,0.953984,99.4,47.06,66.17,0.748862,0.926767,1,3,0,0,76,1448,0.08051,1,0.4935,2,3,0,0,V2,1,0.338273,1074.675325,2,0,2,0.661727,0,2,0,200
EDCF-Shield,v2a,FALCON1024+HMAC-SHA512+AES256GCM+DKG4of7,STOLEN_KEY,30,11.19,78,CYCLE,156,0,360,1700,0,0.174757,0.004022,0,0,0,100,50.58,61.78,0.748877,0.926577,1,3,0,0,76,1448,0.0801,1,0.4936,2,3,0,0,V2,1,0.338772,1075,2,0,2,0.661228,0,2,0,200
EDCF-Shield,v2a,FALCON1024+HMAC-SHA512+AES256GCM+DKG4of7,STOLEN_KEY,30,11.19,78,CUMULATIVE,156,3400,27331,129200,164,0.191955,0.050301,0.04994,0.025641,0.953984,99.4,47.1,66.12,0.748877,0.926577,1,3,0,0,76,1448,0.0801,1,0.4936,2,3,0,0,V2,1,0.338772,1075,2,0,2,0.661228,0,2,0,200
EDCF-Shield,v2a,FALCON1024+HMAC-SHA512+AES256GCM+DKG4of7,STOLEN_KEY,30,11.19,79,CYCLE,158,0,360,1700,0,0.174757,0.003971,0,0,0,100,50.49,61.89,0.748891,0.926394,1,3,0,0,76,1448,0.079698,1,0.4937,2,3,0,0,V2,1,0.339249,1075.316456,2,0,2,0.660751,0,2,0,200
EDCF-Shield,v2a,FALCON1024+HMAC-SHA512+AES256GCM+DKG4of7,STOLEN_KEY,30,11.19,79,CUMULATIVE,158,3400,27691,130900,164,0.191736,0.049984,0.049324,0.025316,0.953984,99.41,47.14,66.08,0.748891,0.926394,1,3,0,0,76,1448,0.079698,1,0.4937,2,3,0,0,V2,1,0.339249,1075.316456,2,0,2,0.660751,0,2,0,200
EDCF-Shield,v2a,FALCON1024+HMAC-SHA512+AES256GCM+DKG4of7,STOLEN_KEY,30,11.19,80,CYCLE,160,0,360,1700,0,0.174757,0.003921,0,0,0,100,50.57,61.79,0.748905,0.926212,1,3,0,0,76,1448,0.079301,1,0.4938,2,3,0,0,V2,1,0.339725,1075.625,2,0,2,0.660275,0,2,0,200
EDCF-Shield,v2a,FALCON1024+HMAC-SHA512+AES256GCM+DKG4of7,STOLEN_KEY,30,11.19,80,CUMULATIVE,160,3400,28051,132600,164,0.191523,0.049673,0.048723,0.025,0.953984,99.42,47.18,66.03,0.748905,0.926212,1,3,0,0,76,1448,0.079301,1,0.4938,2,3,0,0,V2,1,0.339725,1075.625,2,0,2,0.660275,0,2,0,200
EDCF-Shield,v2a,FALCON1024+HMAC-SHA512+AES256GCM+DKG4of7,STOLEN_KEY,30,11.19,81,CYCLE,162,0,360,1700,0,0.174757,0.003872,0,0,0,100,50.64,61.69,0.748919,0.92603,1,3,0,0,76,1448,0.078911,1,0.4938,2,3,0,0,V2,1,0.3402,1075.925926,2,0,2,0.6598,0,2,0,200
EDCF-Shield,v2a,FALCON1024+HMAC-SHA512+AES256GCM+DKG4of7,STOLEN_KEY,30,11.19,81,CUMULATIVE,162,3400,28411,134300,164,0.191316,0.049367,0.048137,0.024691,0.953984,99.43,47.22,65.98,0.748919,0.92603,1,3,0,0,76,1448,0.078911,1,0.4938,2,3,0,0,V2,1,0.3402,1075.925926,2,0,2,0.6598,0,2,0,200
EDCF-Shield,v2a,FALCON1024+HMAC-SHA512+AES256GCM+DKG4of7,STOLEN_KEY,30,11.19,82,CYCLE,164,0,360,1700,0,0.174757,0.003825,0,0,0,100,50.68,61.65,0.748933,0.92585,1,3,0,0,76,1448,0.078528,1,0.4939,2,3,0,0,V2,1,0.340669,1076.219512,2,0,2,0.659331,0,2,0,200
EDCF-Shield,v2a,FALCON1024+HMAC-SHA512+AES256GCM+DKG4of7,STOLEN_KEY,30,11.19,82,CUMULATIVE,164,3400,28771,136000,164,0.191113,0.049068,0.047564,0.02439,0.953984,99.43,47.25,65.93,0.748933,0.92585,1,3,0,0,76,1448,0.078528,1,0.4939,2,3,0,0,V2,1,0.340669,1076.219512,2,0,2,0.659331,0,2,0,200
EDCF-Shield,v2a,FALCON1024+HMAC-SHA512+AES256GCM+DKG4of7,STOLEN_KEY,30,11.19,83,CYCLE,166,0,360,1700,0,0.174757,0.003779,0,0,0,100,50.77,61.54,0.748946,0.925671,1,3,0,0,76,1448,0.07815,1,0.494,2,3,0,0,V2,1,0.341138,1076.506024,2,0,2,0.658862,0,2,0,200
EDCF-Shield,v2a,FALCON1024+HMAC-SHA512+AES256GCM+DKG4of7,STOLEN_KEY,30,11.19,83,CUMULATIVE,166,3400,29131,137700,164,0.190915,0.048773,0.047005,0.024096,0.953984,99.44,47.29,65.89,0.748946,0.925671,1,3,0,0,76,1448,0.07815,1,0.494,2,3,0,0,V2,1,0.341138,1076.506024,2,0,2,0.658862,0,2,0,200
EDCF-Shield,v2a,FALCON1024+HMAC-SHA512+AES256GCM+DKG4of7,STOLEN_KEY,30,11.19,84,CYCLE,168,0,360,1700,0,0.174757,0.003733,0,0,0,100,50.77,61.54,0.748959,0.925495,1,3,0,0,76,1448,0.077778,1,0.494,2,3,0,0,V2,1,0.341598,1076.785714,2,0,2,0.658402,0,2,0,200
EDCF-Shield,v2a,FALCON1024+HMAC-SHA512+AES256GCM+DKG4of7,STOLEN_KEY,30,11.19,84,CUMULATIVE,168,3400,29491,139400,164,0.190722,0.048484,0.04646,0.02381,0.953984,99.45,47.33,65.84,0.748959,0.925495,1,3,0,0,76,1448,0.077778,1,0.494,2,3,0,0,V2,1,0.341598,1076.785714,2,0,2,0.658402,0,2,0,200
EDCF-Shield,v2a,FALCON1024+HMAC-SHA512+AES256GCM+DKG4of7,STOLEN_KEY,30,11.19,85,CYCLE,170,0,360,1700,0,0.174757,0.003689,0,0,0,100,50.8,61.5,0.748971,0.925321,1,3,0,0,76,1448,0.077412,1,0.4941,2,3,0,0,V2,1,0.342052,1077.058824,2,0,2,0.657948,0,2,0,200
EDCF-Shield,v2a,FALCON1024+HMAC-SHA512+AES256GCM+DKG4of7,STOLEN_KEY,30,11.19,85,CUMULATIVE,170,3400,29851,141100,164,0.190534,0.0482,0.045926,0.023529,0.953984,99.45,47.36,65.79,0.748971,0.925321,1,3,0,0,76,1448,0.077412,1,0.4941,2,3,0,0,V2,1,0.342052,1077.058824,2,0,2,0.657948,0,2,0,200
EDCF-Shield,v2a,FALCON1024+HMAC-SHA512+AES256GCM+DKG4of7,STOLEN_KEY,30,11.19,86,CYCLE,172,0,360,1700,0,0.174757,0.003646,0,0,0,100,50.68,61.65,0.748984,0.925155,1,3,0,0,76,1448,0.077051,1,0.4942,2,3,0,0,V2,1,0.342482,1077.325581,2,0,2,0.657518,0,2,0,200
EDCF-Shield,v2a,FALCON1024+HMAC-SHA512+AES256GCM+DKG4of7,STOLEN_KEY,30,11.19,86,CUMULATIVE,172,3400,30211,142800,164,0.19035,0.047921,0.045405,0.023256,0.953984,99.46,47.4,65.75,0.748984,0.925155,1,3,0,0,76,1448,0.077051,1,0.4942,2,3,0,0,V2,1,0.342482,1077.325581,2,0,2,0.657518,0,2,0,200
EDCF-Shield,v2a,FALCON1024+HMAC-SHA512+AES256GCM+DKG4of7,STOLEN_KEY,30,11.19,87,CYCLE,174,0,360,1700,0,0.174757,0.003604,0,0,0,100,50.55,61.81,0.748995,0.924998,1,3,0,0,76,1448,0.076696,1,0.4943,2,3,0,0,V2,1,0.342888,1077.586207,2,0,2,0.657112,0,2,0,200
EDCF-Shield,v2a,FALCON1024+HMAC-SHA512+AES256GCM+DKG4of7,STOLEN_KEY,30,11.19,87,CUMULATIVE,174,3400,30571,144500,164,0.19017,0.047647,0.044895,0.022989,0.953984,99.47,47.43,65.71,0.748995,0.924998,1,3,0,0,76,1448,0.076696,1,0.4943,2,3,0,0,V2,1,0.342888,1077.586207,2,0,2,0.657112,0,2,0,200
EDCF-Shield,v2a,FALCON1024+HMAC-SHA512+AES256GCM+DKG4of7,STOLEN_KEY,30,11.19,88,CYCLE,176,0,360,1700,0,0.174757,0.003562,0,0,0,100,50.78,61.53,0.749007,0.924834,1,3,0,0,76,1448,0.076346,1,0.4943,2,3,0,0,V2,1,0.343312,1077.840909,2,0,2,0.656688,0,2,0,200
EDCF-Shield,v2a,FALCON1024+HMAC-SHA512+AES256GCM+DKG4of7,STOLEN_KEY,30,11.19,88,CUMULATIVE,176,3400,30931,146200,164,0.189994,0.047377,0.044397,0.022727,0.953984,99.47,47.46,65.67,0.749007,0.924834,1,3,0,0,76,1448,0.076346,1,0.4943,2,3,0,0,V2,1,0.343312,1077.840909,2,0,2,0.656688,0,2,0,200
EDCF-Shield,v2a,FALCON1024+HMAC-SHA512+AES256GCM+DKG4of7,STOLEN_KEY,30,11.19,89,CYCLE,178,0,360,1700,0,0.174757,0.003522,0,0,0,100,51.11,61.12,0.749019,0.924661,1,3,0,0,76,1448,0.076001,1,0.4944,2,3,0,0,V2,1,0.343764,1078.089888,2,0,2,0.656236,0,2,0,200
EDCF-Shield,v2a,FALCON1024+HMAC-SHA512+AES256GCM+DKG4of7,STOLEN_KEY,30,11.19,89,CUMULATIVE,178,3400,31291,147900,164,0.189822,0.047112,0.043909,0.022472,0.953984,99.48,47.5,65.62,0.749019,0.924661,1,3,0,0,76,1448,0.076001,1,0.4944,2,3,0,0,V2,1,0.343764,1078.089888,2,0,2,0.656236,0,2,0,200
EDCF-Shield,v2a,FALCON1024+HMAC-SHA512+AES256GCM+DKG4of7,STOLEN_KEY,30,11.19,90,CYCLE,180,0,360,1700,0,0.174757,0.003483,0,0,0,100,51.35,60.81,0.74903,0.924482,1,3,0,0,76,1448,0.075661,1,0.4944,2,3,0,0,V2,1,0.344234,1078.333333,2,0,2,0.655766,0,2,0,200
EDCF-Shield,v2a,FALCON1024+HMAC-SHA512+AES256GCM+DKG4of7,STOLEN_KEY,30,11.19,90,CUMULATIVE,180,3400,31651,149600,164,0.189655,0.046851,0.043433,0.022222,0.953984,99.48,47.54,65.58,0.74903,0.924482,1,3,0,0,76,1448,0.075661,1,0.4944,2,3,0,0,V2,1,0.344234,1078.333333,2,0,2,0.655766,0,2,0,200
EDCF-Shield,v2a,FALCON1024+HMAC-SHA512+AES256GCM+DKG4of7,STOLEN_KEY,30,11.19,91,CYCLE,182,0,360,1700,0,0.174757,0.003444,0,0,0,100,51.45,60.69,0.749041,0.924303,1,3,0,0,76,1448,0.075326,1,0.4945,2,3,0,0,V2,1,0.344705,1078.571429,2,0,2,0.655295,0,2,0,200
EDCF-Shield,v2a,FALCON1024+HMAC-SHA512+AES256GCM+DKG4of7,STOLEN_KEY,30,11.19,91,CUMULATIVE,182,3400,32011,151300,164,0.18949,0.046595,0.042966,0.021978,0.953984,99.49,47.58,65.53,0.749041,0.924303,1,3,0,0,76,1448,0.075326,1,0.4945,2,3,0,0,V2,1,0.344705,1078.571429,2,0,2,0.655295,0,2,0,200
EDCF-Shield,v2a,FALCON1024+HMAC-SHA512+AES256GCM+DKG4of7,STOLEN_KEY,30,11.19,92,CYCLE,184,0,360,1700,0,0.174757,0.003406,0,0,0,100,51.47,60.66,0.749051,0.924125,1,3,0,0,76,1448,0.074996,1,0.4946,2,3,0,0,V2,1,0.345169,1078.804348,2,0,2,0.654831,0,2,0,200
EDCF-Shield,v2a,FALCON1024+HMAC-SHA512+AES256GCM+DKG4of7,STOLEN_KEY,30,11.19,92,CUMULATIVE,184,3400,32371,153000,164,0.18933,0.046342,0.04251,0.021739,0.953984,99.5,47.61,65.48,0.749051,0.924125,1,3,0,0,76,1448,0.074996,1,0.4946,2,3,0,0,V2,1,0.345169,1078.804348,2,0,2,0.654831,0,2,0,200
EDCF-Shield,v2a,FALCON1024+HMAC-SHA512+AES256GCM+DKG4of7,STOLEN_KEY,30,11.19,93,CYCLE,186,0,360,1700,0,0.174757,0.003369,0,0,0,100,51.69,60.38,0.749062,0.923943,1,3,0,0,76,1448,0.074671,1,0.4946,2,3,0,0,V2,1,0.345648,1079.032258,2,0,2,0.654352,0,2,0,200
EDCF-Shield,v2a,FALCON1024+HMAC-SHA512+AES256GCM+DKG4of7,STOLEN_KEY,30,11.19,93,CUMULATIVE,186,3400,32731,154700,164,0.189172,0.046094,0.042063,0.021505,0.953984,99.5,47.65,65.44,0.749062,0.923943,1,3,0,0,76,1448,0.074671,1,0.4946,2,3,0,0,V2,1,0.345648,1079.032258,2,0,2,0.654352,0,2,0,200
EDCF-Shield,v2a,FALCON1024+HMAC-SHA512+AES256GCM+DKG4of7,STOLEN_KEY,30,11.19,94,CYCLE,188,0,360,1700,0,0.174757,0.003333,0,0,0,100,51.66,60.43,0.749072,0.923765,1,3,0,0,76,1448,0.074349,1,0.4947,2,3,0,0,V2,1,0.346114,1079.255319,2,0,2,0.653886,0,2,0,200
EDCF-Shield,v2a,FALCON1024+HMAC-SHA512+AES256GCM+DKG4of7,STOLEN_KEY,30,11.19,94,CUMULATIVE,188,3400,33091,156400,164,0.189019,0.04585,0.041625,0.021277,0.953984,99.51,47.69,65.39,0.749072,0.923765,1,3,0,0,76,1448,0.074349,1,0.4947,2,3,0,0,V2,1,0.346114,1079.255319,2,0,2,0.653886,0,2,0,200
EDCF-Shield,v2a,FALCON1024+HMAC-SHA512+AES256GCM+DKG4of7,STOLEN_KEY,30,11.19,95,CYCLE,190,0,360,1700,0,0.174757,0.003298,0,0,0,100,51.76,60.3,0.749082,0.923587,1,3,0,0,76,1448,0.074033,1,0.4947,2,3,0,0,V2,1,0.346581,1079.473684,2,0,2,0.653419,0,2,0,200
EDCF-Shield,v2a,FALCON1024+HMAC-SHA512+AES256GCM+DKG4of7,STOLEN_KEY,30,11.19,95,CUMULATIVE,190,3400,33451,158100,164,0.188868,0.04561,0.041196,0.021053,0.953984,99.51,47.73,65.34,0.749082,0.923587,1,3,0,0,76,1448,0.074033,1,0.4947,2,3,0,0,V2,1,0.346581,1079.473684,2,0,2,0.653419,0,2,0,200
EDCF-Shield,v2a,FALCON1024+HMAC-SHA512+AES256GCM+DKG4of7,STOLEN_KEY,30,11.19,96,CYCLE,192,0,360,1700,0,0.174757,0.003263,0,0,0,100,51.48,60.65,0.749092,0.923422,1,3,0,0,76,1448,0.07372,1,0.4948,2,3,0,0,V2,1,0.347013,1079.6875,2,0,2,0.652987,0,2,0,200
EDCF-Shield,v2a,FALCON1024+HMAC-SHA512+AES256GCM+DKG4of7,STOLEN_KEY,30,11.19,96,CUMULATIVE,192,3400,33811,159800,164,0.188721,0.045373,0.040776,0.020833,0.953984,99.52,47.76,65.3,0.749092,0.923422,1,3,0,0,76,1448,0.07372,1,0.4948,2,3,0,0,V2,1,0.347013,1079.6875,2,0,2,0.652987,0,2,0,200
EDCF-Shield,v2a,FALCON1024+HMAC-SHA512+AES256GCM+DKG4of7,STOLEN_KEY,30,11.19,97,CYCLE,194,0,360,1700,0,0.174757,0.003229,0,0,0,100,51.01,61.24,0.749101,0.923276,1,3,0,0,76,1448,0.073412,1,0.4948,2,3,0,0,V2,1,0.347388,1079.896907,2,0,2,0.652612,0,2,0,200
EDCF-Shield,v2a,FALCON1024+HMAC-SHA512+AES256GCM+DKG4of7,STOLEN_KEY,30,11.19,97,CUMULATIVE,194,3400,34171,161500,164,0.188576,0.04514,0.040365,0.020619,0.953984,99.52,47.79,65.26,0.749101,0.923276,1,3,0,0,76,1448,0.073412,1,0.4948,2,3,0,0,V2,1,0.347388,1079.896907,2,0,2,0.652612,0,2,0,200
EDCF-Shield,v2a,FALCON1024+HMAC-SHA512+AES256GCM+DKG4of7,STOLEN_KEY,30,11.19,98,CYCLE,196,0,360,1700,0,0.174757,0.003196,0,0,0,100,50.87,61.42,0.749111,0.923138,1,3,0,0,76,1448,0.073108,1,0.4949,2,3,0,0,V2,1,0.347741,1080.102041,2,0,2,0.652259,0,2,0,200
EDCF-Shield,v2a,FALCON1024+HMAC-SHA512+AES256GCM+DKG4of7,STOLEN_KEY,30,11.19,98,CUMULATIVE,196,3400,34531,163200,164,0.188435,0.04491,0.039961,0.020408,0.953984,99.53,47.82,65.23,0.749111,0.923138,1,3,0,0,76,1448,0.073108,1,0.4949,2,3,0,0,V2,1,0.347741,1080.102041,2,0,2,0.652259,0,2,0,200
EDCF-Shield,v2a,FALCON1024+HMAC-SHA512+AES256GCM+DKG4of7,STOLEN_KEY,30,11.19,99,CYCLE,198,0,360,1700,0,0.174757,0.003164,0,0,0,100,50.95,61.31,0.74912,0.922999,1,3,0,0,76,1448,0.072808,1,0.4949,2,3,0,0,V2,1,0.348097,1080.30303,2,0,2,0.651903,0,2,0,200
EDCF-Shield,v2a,FALCON1024+HMAC-SHA512+AES256GCM+DKG4of7,STOLEN_KEY,30,11.19,99,CUMULATIVE,198,3400,34891,164900,164,0.188296,0.044684,0.039566,0.020202,0.953984,99.53,47.85,65.19,0.74912,0.922999,1,3,0,0,76,1448,0.072808,1,0.4949,2,3,0,0,V2,1,0.348097,1080.30303,2,0,2,0.651903,0,2,0,200
EDCF-Shield,v2a,FALCON1024+HMAC-SHA512+AES256GCM+DKG4of7,STOLEN_KEY,30,11.19,100,CYCLE,200,0,360,1700,0,0.174757,0.003132,0,0,0,100,51.09,61.13,0.749129,0.922857,1,3,0,0,76,1448,0.072512,1,0.495,2,3,0,0,V2,1,0.348461,1080.5,2,0,2,0.651539,0,2,0,200
EDCF-Shield,v2a,FALCON1024+HMAC-SHA512+AES256GCM+DKG4of7,STOLEN_KEY,30,11.19,100,CUMULATIVE,200,3400,35251,166600,164,0.188161,0.044462,0.039179,0.02,0.953984,99.54,47.88,65.15,0.749129,0.922857,1,3,0,0,76,1448,0.072512,1,0.495,2,3,0,0,V2,1,0.348461,1080.5,2,0,2,0.651539,0,2,0,200
EDCF-Shield,v2a,FALCON1024+HMAC-SHA512+AES256GCM+DKG4of7,STOLEN_KEY,30,11.19,101,CYCLE,202,0,360,1700,0,0.174757,0.0031,0,0,0,100,51.21,60.98,0.749137,0.922713,1,3,0,0,76,1448,0.07222,1,0.495,2,3,0,0,V2,1,0.34883,1080.693069,2,0,2,0.65117,0,2,0,200
EDCF-Shield,v2a,FALCON1024+HMAC-SHA512+AES256GCM+DKG4of7,STOLEN_KEY,30,11.19,101,CUMULATIVE,202,3400,35611,168300,164,0.188027,0.044242,0.038799,0.019802,0.953984,99.54,47.91,65.12,0.749137,0.922713,1,3,0,0,76,1448,0.07222,1,0.495,2,3,0,0,V2,1,0.34883,1080.693069,2,0,2,0.65117,0,2,0,200
EDCF-Shield,v2a,FALCON1024+HMAC-SHA512+AES256GCM+DKG4of7,STOLEN_KEY,30,11.19,102,CYCLE,204,0,360,1700,0,0.174757,0.00307,0,0,0,100,51.16,61.04,0.749146,0.922574,1,3,0,0,76,1448,0.071932,1,0.4951,2,3,0,0,V2,1,0.349188,1080.882353,2,0,2,0.650812,0,2,0,200
EDCF-Shield,v2a,FALCON1024+HMAC-SHA512+AES256GCM+DKG4of7,STOLEN_KEY,30,11.19,102,CUMULATIVE,204,3400,35971,170000,164,0.187897,0.044026,0.038426,0.019608,0.953984,99.55,47.94,65.08,0.749146,0.922574,1,3,0,0,76,1448,0.071932,1,0.4951,2,3,0,0,V2,1,0.349188,1080.882353,2,0,2,0.650812,0,2,0,200
EDCF-Shield,v2a,FALCON1024+HMAC-SHA512+AES256GCM+DKG4of7,STOLEN_KEY,30,11.19,103,CYCLE,206,0,360,1700,0,0.174757,0.00304,0,0,0,100,51,61.25,0.749155,0.922443,1,3,0,0,76,1448,0.071647,1,0.4951,2,3,0,0,V2,1,0.349523,1081.067961,2,0,2,0.650477,0,2,0,200
EDCF-Shield,v2a,FALCON1024+HMAC-SHA512+AES256GCM+DKG4of7,STOLEN_KEY,30,11.19,103,CUMULATIVE,206,3400,36331,171700,164,0.187769,0.043813,0.03806,0.019417,0.953984,99.55,47.96,65.05,0.749155,0.922443,1,3,0,0,76,1448,0.071647,1,0.4951,2,3,0,0,V2,1,0.349523,1081.067961,2,0,2,0.650477,0,2,0,200
EDCF-Shield,v2a,FALCON1024+HMAC-SHA512+AES256GCM+DKG4of7,STOLEN_KEY,30,11.19,104,CYCLE,208,0,360,1700,0,0.174757,0.00301,0,0,0,100,50.92,61.35,0.749163,0.922316,1,3,0,0,76,1448,0.071366,1,0.4952,2,3,0,0,V2,1,0.349845,1081.25,2,0,2,0.650155,0,2,0,200
EDCF-Shield,v2a,FALCON1024+HMAC-SHA512+AES256GCM+DKG4of7,STOLEN_KEY,30,11.19,104,CUMULATIVE,208,3400,36691,173400,164,0.187644,0.043603,0.037702,0.019231,0.953984,99.56,47.99,65.02,0.749163,0.922316,1,3,0,0,76,1448,0.071366,1,0.4952,2,3,0,0,V2,1,0.349845,1081.25,2,0,2,0.650155,0,2,0,200
EDCF-Shield,v2a,FALCON1024+HMAC-SHA512+AES256GCM+DKG4of7,STOLEN_KEY,30,11.19,105,CYCLE,210,0,360,1700,0,0.174757,0.002981,0,0,0,100,50.69,61.64,0.749171,0.9222,1,3,0,0,76,1448,0.071088,1,0.4952,2,3,0,0,V2,1,0.350138,1081.428571,2,0,2,0.649862,0,2,0,200
EDCF-Shield,v2a,FALCON1024+HMAC-SHA512+AES256GCM+DKG4of7,STOLEN_KEY,30,11.19,105,CUMULATIVE,210,3400,37051,175100,164,0.187521,0.043396,0.03735,0.019048,0.953984,99.56,48.01,64.99,0.749171,0.9222,1,3,0,0,76,1448,0.071088,1,0.4952,2,3,0,0,V2,1,0.350138,1081.428571,2,0,2,0.649862,0,2,0,200
EDCF-Shield,v2a,FALCON1024+HMAC-SHA512+AES256GCM+DKG4of7,STOLEN_KEY,30,11.19,106,CYCLE,212,0,360,1700,0,0.174757,0.002953,0,0,0,100,50.48,61.9,0.749179,0.922093,1,3,0,0,76,1448,0.070814,1,0.4953,2,3,0,0,V2,1,0.350406,1081.603774,2,0,2,0.649594,0,2,0,200
EDCF-Shield,v2a,FALCON1024+HMAC-SHA512+AES256GCM+DKG4of7,STOLEN_KEY,30,11.19,106,CUMULATIVE,212,3400,37411,176800,164,0.1874,0.043192,0.037004,0.018868,0.953984,99.56,48.03,64.96,0.749179,0.922093,1,3,0,0,76,1448,0.070814,1,0.4953,2,3,0,0,V2,1,0.350406,1081.603774,2,0,2,0.649594,0,2,0,200
EDCF-Shield,v2a,FALCON1024+HMAC-SHA512+AES256GCM+DKG4of7,STOLEN_KEY,30,11.19,107,CYCLE,214,0,360,1700,0,0.174757,0.002925,0,0,0,100,50.64,61.7,0.749187,0.921982,1,3,0,0,76,1448,0.070543,1,0.4953,2,3,0,0,V2,1,0.350684,1081.775701,2,0,2,0.649316,0,2,0,200
EDCF-Shield,v2a,FALCON1024+HMAC-SHA512+AES256GCM+DKG4of7,STOLEN_KEY,30,11.19,107,CUMULATIVE,214,3400,37771,178500,164,0.187281,0.042991,0.036665,0.018692,0.953984,99.57,48.05,64.93,0.749187,0.921982,1,3,0,0,76,1448,0.070543,1,0.4953,2,3,0,0,V2,1,0.350684,1081.775701,2,0,2,0.649316,0,2,0,200
EDCF-Shield,v2a,FALCON1024+HMAC-SHA512+AES256GCM+DKG4of7,STOLEN_KEY,30,11.19,108,CYCLE,216,0,360,1700,0,0.174757,0.002898,0,0,0,100,50.88,61.4,0.749194,0.921864,1,3,0,0,76,1448,0.070276,1,0.4954,2,3,0,0,V2,1,0.350982,1081.944444,2,0,2,0.649018,0,2,0,200
EDCF-Shield,v2a,FALCON1024+HMAC-SHA512+AES256GCM+DKG4of7,STOLEN_KEY,30,11.19,108,CUMULATIVE,216,3400,38131,180200,164,0.187165,0.042793,0.036332,0.018519,0.953984,99.57,48.08,64.9,0.749194,0.921864,1,3,0,0,76,1448,0.070276,1,0.4954,2,3,0,0,V2,1,0.350982,1081.944444,2,0,2,0.649018,0,2,0,200
EDCF-Shield,v2a,FALCON1024+HMAC-SHA512+AES256GCM+DKG4of7,STOLEN_KEY,30,11.19,109,CYCLE,218,0,360,1700,0,0.174757,0.002871,0,0,0,100,50.94,61.32,0.749202,0.921746,1,3,0,0,76,1448,0.070011,1,0.4954,2,3,0,0,V2,1,0.35128,1082.110092,2,0,2,0.64872,0,2,0,200
EDCF-Shield,v2a,FALCON1024+HMAC-SHA512+AES256GCM+DKG4of7,STOLEN_KEY,30,11.19,109,CUMULATIVE,218,3400,38491,181900,164,0.187051,0.042597,0.036005,0.018349,0.953984,99.58,48.1,64.87,0.749202,0.921746,1,3,0,0,76,1448,0.070011,1,0.4954,2,3,0,0,V2,1,0.35128,1082.110092,2,0,2,0.64872,0,2,0,200
EDCF-Shield,v2a,FALCON1024+HMAC-SHA512+AES256GCM+DKG4of7,STOLEN_KEY,30,11.19,110,CYCLE,219.5,0,270,1020,0,0.209302,0.002844,0,0,0,100,47.1,66.12,0.749208,0.921652,1,3,0,0,76,1448,0.06975,1,0.4966,2,3,0,0,V2,1,0.351209,1082.232346,2,0,2,0.648791,0,2,0,200
EDCF-Shield,v2a,FALCON1024+HMAC-SHA512+AES256GCM+DKG4of7,STOLEN_KEY,30,11.19,110,CUMULATIVE,219.5,3400,38761,182920,164,0.187178,0.042523,0.035811,0.018248,0.953984,99.58,48.1,64.88,0.749208,0.921652,1,3,0,0,76,1448,0.06975,1,0.4966,2,3,0,0,V2,1,0.351209,1082.232346,2,0,2,0.648791,0,2,0,200
EDCF-Shield,v2a,FALCON1024+HMAC-SHA512+AES256GCM+DKG4of7,STOLEN_KEY,90,33.58,1,CYCLE,2,1100,0,0,0,1,0.5,1,1,1,0,100,0,0,0,1,0,0,0,76,1448,0,1,0,0,0,0,0,V2,0,1,-100,1,0,0,0,0,0,0,200
EDCF-Shield,v2a,FALCON1024+HMAC-SHA512+AES256GCM+DKG4of7,STOLEN_KEY,90,33.58,1,CUMULATIVE,2,1100,0,0,0,1,0.5,1,1,1,0,100,0,0,0,1,0,0,0,76,1448,0,1,0,0,0,0,0,V2,0,1,-100,1,0,0,0,0,0,0,200
EDCF-Shield,v2a,FALCON1024+HMAC-SHA512+AES256GCM+DKG4of7,STOLEN_KEY,90,33.58,2,CYCLE,4,1100,0,0,150,0.88,0.250023,0.93617,1,0.88,0,54.78,56.52,0,0.927536,1,0,0,0,76,1448,0,1,0.25,2,0,0,0,V2,0,0.606061,150,2,0,2,0.393939,0,1,0,200
EDCF-Shield,v2a,FALCON1024+HMAC-SHA512+AES256GCM+DKG4of7,STOLEN_KEY,90,33.58,2,CUMULATIVE,4,2200,0,0,150,0.93617,0.000052,0.967033,1,0.93617,0,68.48,39.39,0,0.927536,1,0,0,0,76,1448,0,1,0.25,2,0,0,0,V2,0,0.606061,150,2,0,2,0.393939,0,1,0,200
EDCF-Shield,v2a,FALCON1024+HMAC-SHA512+AES256GCM+DKG4of7,STOLEN_KEY,90,33.58,3,CYCLE,6,0,376,1100,14,0.252349,0.112161,0,0,0,96.41,36.66,79.18,0.676259,0.933738,1,3,0,0,76,1448,0,1,0.3333,2,3,0,0,V2,1,0.370246,500,2,0,2,0.629754,0,2,0,200
EDCF-Shield,v2a,FALCON1024+HMAC-SHA512+AES256GCM+DKG4of7,STOLEN_KEY,90,33.58,3,CUMULATIVE,6,2200,376,1100,164,0.670833,0.259388,0.776836,0.666667,0.930626,69.63,49.62,62.98,0.676259,0.933738,1,3,0,0,76,1448,0,1,0.3333,2,3,0,0,V2,1,0.370246,500,2,0,2,0.629754,0,2,0,200
EDCF-Shield,v2a,FALCON1024+HMAC-SHA512+AES256GCM+DKG4of7,STOLEN_KEY,90,33.58,4,CYCLE,8,0,630,1100,0,0.364162,0.084119,0,0,0,100,31.5,85.62,0.72063,0.933747,1,3,0,0,76,1448,0.259388,1,0.375,2,3,0,0,V2,1,0.265652,875,2,0,2,0.734348,0,2,0,200
EDCF-Shield,v2a,FALCON1024+HMAC-SHA512+AES256GCM+DKG4of7,STOLEN_KEY,90,33.58,4,CUMULATIVE,8,2200,1006,2200,164,0.575583,0.296558,0.650503,0.5,0.930626,85.98,41.25,73.43,0.72063,0.933747,1,3,0,0,76,1448,0.259388,1,0.375,2,3,0,0,V2,1,0.265652,875,2,0,2,0.734348,0,2,0,200
EDCF-Shield,v2a,FALCON1024+HMAC-SHA512+AES256GCM+DKG4of7,STOLEN_KEY,90,33.58,5,CYCLE,10,0,870,1100,0,0.441624,0.067294,0,0,0,100,28.62,89.23,0.733959,0.933965,1,3,0,0,76,1448,0.277973,1,0.4,2,3,0,0,V2,1,0.205415,1260,2,0,2,0.794585,0,2,0,200
EDCF-Shield,v2a,FALCON1024+HMAC-SHA512+AES256GCM+DKG4of7,STOLEN_KEY,90,33.58,5,CUMULATIVE,10,2200,1876,3300,164,0.540584,0.30605,0.559512,0.4,0.930626,91.96,36.43,79.46,0.733959,0.933965,1,3,0,0,76,1448,0.277973,1,0.4,2,3,0,0,V2,1,0.205415,1260,2,0,2,0.794585,0,2,0,200
EDCF-Shield,v2a,FALCON1024+HMAC-SHA512+AES256GCM+DKG4of7,STOLEN_KEY,90,33.58,6,CYCLE,12,0,1065,1100,0,0.491917,0.056078,0,0,0,100,27.36,90.8,0.739688,0.933423,1,3,0,0,76,1448,0,1,0.4167,2,3,0,0,V2,1,0.170424,1625,2,0,2,0.829576,0,2,0,200
EDCF-Shield,v2a,FALCON1024+HMAC-SHA512+AES256GCM+DKG4of7,STOLEN_KEY,90,33.58,6,CUMULATIVE,12,2200,2941,4400,164,0.529727,0.30483,0.490852,0.333333,0.930626,94.72,33.63,82.96,0.739688,0.933423,1,3,0,0,76,1448,0,1,0.4167,2,3,0,0,V2,1,0.170424,1625,2,0,2,0.829576,0,2,0,200
EDCF-Shield,v2a,FALCON1024+HMAC-SHA512+AES256GCM+DKG4of7,STOLEN_KEY,90,33.58,7,CYCLE,14,0,1080,1100,0,0.495413,0.048067,0,0,0,100,27.32,90.85,0.74243,0.933018,1,3,0,0,76,1448,0.30483,1,0.4286,2,3,0,0,V2,1,0.15173,1892.857143,2,0,2,0.84827,0,2,0,200
EDCF-Shield,v2a,FALCON1024+HMAC-SHA512+AES256GCM+DKG4of7,STOLEN_KEY,90,33.58,7,CUMULATIVE,14,2200,4021,5500,164,0.523433,0.29498,0.437202,0.285714,0.930626,96.08,32.14,84.83,0.74243,0.933018,1,3,0,0,76,1448,0.30483,1,0.4286,2,3,0,0,V2,1,0.15173,1892.857143,2,0,2,0.84827,0,2,0,200
EDCF-Shield,v2a,FALCON1024+HMAC-SHA512+AES256GCM+DKG4of7,STOLEN_KEY,90,33.58,8,CYCLE,16,0,1080,1100,0,0.495413,0.042059,0,0,0,100,27.2,91,0.74402,0.93304,1,3,0,0,76,1448,0.299905,1,0.4375,2,3,0,0,V2,1,0.13974,2093.75,2,0,2,0.86026,0,2,0,200
EDCF-Shield,v2a,FALCON1024+HMAC-SHA512+AES256GCM+DKG4of7,STOLEN_KEY,90,33.58,8,CUMULATIVE,16,2200,5101,6600,164,0.51909,0.283239,0.394124,0.25,0.930626,96.89,31.18,86.03,0.74402,0.93304,1,3,0,0,76,1448,0.299905,1,0.4375,2,3,0,0,V2,1,0.13974,2093.75,2,0,2,0.86026,0,2,0,200
EDCF-Shield,v2a,FALCON1024+HMAC-SHA512+AES256GCM+DKG4of7,STOLEN_KEY,90,33.58,9,CYCLE,18,0,1080,1100,0,0.495413,0.037385,0,0,0,100,27.27,90.92,0.745058,0.932931,1,3,0,0,76,1448,0.29435,1,0.4444,2,3,0,0,V2,1,0.131852,2250,2,0,2,0.868148,0,2,0,200
EDCF-Shield,v2a,FALCON1024+HMAC-SHA512+AES256GCM+DKG4of7,STOLEN_KEY,90,33.58,9,CUMULATIVE,18,2200,6181,7700,164,0.515913,0.271698,0.358774,0.222222,0.930626,97.42,30.55,86.81,0.745058,0.932931,1,3,0,0,76,1448,0.29435,1,0.4444,2,3,0,0,V2,1,0.131852,2250,2,0,2,0.868148,0,2,0,200
EDCF-Shield,v2a,FALCON1024+HMAC-SHA512+AES256GCM+DKG4of7,STOLEN_KEY,90,33.58,10,CYCLE,20,0,1080,1100,0,0.495413,0.033647,0,0,0,100,27.25,90.94,0.745789,0.932877,1,3,0,0,76,1448,0.288687,1,0.45,2,3,0,0,V2,1,0.126118,2375,2,0,2,0.873882,0,2,0,200
EDCF-Shield,v2a,FALCON1024+HMAC-SHA512+AES256GCM+DKG4of7,STOLEN_KEY,90,33.58,10,CUMULATIVE,20,2200,7261,8800,164,0.513487,0.26094,0.329243,0.2,0.930626,97.79,30.09,87.39,0.745789,0.932877,1,3,0,0,76,1448,0.288687,1,0.45,2,3,0,0,V2,1,0.126118,2375,2,0,2,0.873882,0,2,0,200
EDCF-Shield,v2a,FALCON1024+HMAC-SHA512+AES256GCM+DKG4of7,STOLEN_KEY,90,33.58,11,CYCLE,22,0,1080,1100,0,0.495413,0.030588,0,0,0,100,27.26,90.92,0.746331,0.932821,1,3,0,0,76,1448,0.283137,1,0.4545,2,3,0,0,V2,1,0.121809,2477.272727,2,0,2,0.878191,0,2,0,200
EDCF-Shield,v2a,FALCON1024+HMAC-SHA512+AES256GCM+DKG4of7,STOLEN_KEY,90,33.58,11,CUMULATIVE,22,2200,8341,9900,164,0.511575,0.25109,0.304204,0.181818,0.930626,98.07,29.74,87.82,0.746331,0.932821,1,3,0,0,76,1448,0.283137,1,0.4545,2,3,0,0,V2,1,0.121809,2477.272727,2,0,2,0.878191,0,2,0,200
EDCF-Shield,v2a,FALCON1024+HMAC-SHA512+AES256GCM+DKG4of7,STOLEN_KEY,90,33.58,12,CYCLE,24,0,1080,1100,0,0.495413,0.028039,0,0,0,100,27.31,90.87,0.74675,0.932725,1,3,0,0,76,1448,0.277796,1,0.4583,2,3,0,0,V2,1,0.118515,2562.5,2,0,2,0.881485,0,2,0,200
EDCF-Shield,v2a,FALCON1024+HMAC-SHA512+AES256GCM+DKG4of7,STOLEN_KEY,90,33.58,12,CUMULATIVE,24,2200,9421,11000,164,0.510029,0.242118,0.282704,0.166667,0.930626,98.29,29.48,88.15,0.74675,0.932725,1,3,0,0,76,1448,0.277796,1,0.4583,2,3,0,0,V2,1,0.118515,2562.5,2,0,2,0.881485,0,2,0,200
EDCF-Shield,v2a,FALCON1024+HMAC-SHA512+AES256GCM+DKG4of7,STOLEN_KEY,90,33.58,13,CYCLE,26,0,1080,1100,0,0.495413,0.025882,0,0,0,100,27.32,90.85,0.747083,0.932638,1,3,0,0,76,1448,0.272699,1,0.4615,2,3,0,0,V2,1,0.11588,2634.615385,2,0,2,0.88412,0,2,0,200
EDCF-Shield,v2a,FALCON1024+HMAC-SHA512+AES256GCM+DKG4of7,STOLEN_KEY,90,33.58,13,CUMULATIVE,26,2200,10501,12100,164,0.508752,0.233944,0.264042,0.153846,0.930626,98.46,29.27,88.41,0.747083,0.932638,1,3,0,0,76,1448,0.272699,1,0.4615,2,3,0,0,V2,1,0.11588,2634.615385,2,0,2,0.88412,0,2,0,200
EDCF-Shield,v2a,FALCON1024+HMAC-SHA512+AES256GCM+DKG4of7,STOLEN_KEY,90,33.58,14,CYCLE,28,0,1080,1100,0,0.495413,0.024033,0,0,0,100,27.35,90.81,0.747354,0.932537,1,3,0,0,76,1448,0.267855,1,0.4643,2,3,0,0,V2,1,0.113755,2696.428571,2,0,2,0.886245,0,2,0,200
EDCF-Shield,v2a,FALCON1024+HMAC-SHA512+AES256GCM+DKG4of7,STOLEN_KEY,90,33.58,14,CUMULATIVE,28,2200,11581,13200,164,0.507681,0.226483,0.247692,0.142857,0.930626,98.6,29.1,88.62,0.747354,0.932537,1,3,0,0,76,1448,0.267855,1,0.4643,2,3,0,0,V2,1,0.113755,2696.428571,2,0,2,0.886245,0,2,0,200
EDCF-Shield,v2a,FALCON1024+HMAC-SHA512+AES256GCM+DKG4of7,STOLEN_KEY,90,33.58,15,CYCLE,30,0,1080,1100,0,0.495413,0.022431,0,0,0,100,27.3,90.88,0.747579,0.932498,1,3,0,0,76,1448,0.263258,1,0.4667,2,3,0,0,V2,1,0.111911,2750,2,0,2,0.888089,0,2,0,200
EDCF-Shield,v2a,FALCON1024+HMAC-SHA512+AES256GCM+DKG4of7,STOLEN_KEY,90,33.58,15,CUMULATIVE,30,2200,12661,14300,164,0.506769,0.21965,0.233249,0.133333,0.930626,98.72,28.95,88.81,0.747579,0.932498,1,3,0,0,76,1448,0.263258,1,0.4667,2,3,0,0,V2,1,0.111911,2750,2,0,2,0.888089,0,2,0,200
EDCF-Shield,v2a,FALCON1024+HMAC-SHA512+AES256GCM+DKG4of7,STOLEN_KEY,90,33.58,16,CYCLE,32,0,1080,1100,0,0.495413,0.021029,0,0,0,100,27.17,91.04,0.747769,0.932573,1,3,0,0,76,1448,0.258897,1,0.4688,2,3,0,0,V2,1,0.110196,2796.875,2,0,2,0.889804,0,2,0,200
EDCF-Shield,v2a,FALCON1024+HMAC-SHA512+AES256GCM+DKG4of7,STOLEN_KEY,90,33.58,16,CUMULATIVE,32,2200,13741,15400,164,0.505983,0.21337,0.220397,0.125,0.930626,98.82,28.82,88.98,0.747769,0.932573,1,3,0,0,76,1448,0.258897,1,0.4688,2,3,0,0,V2,1,0.110196,2796.875,2,0,2,0.889804,0,2,0,200
EDCF-Shield,v2a,FALCON1024+HMAC-SHA512+AES256GCM+DKG4of7,STOLEN_KEY,90,33.58,17,CYCLE,34,0,1080,1100,0,0.495413,0.019792,0,0,0,100,27.23,90.96,0.747931,0.932586,1,3,0,0,76,1448,0.254758,1,0.4706,2,3,0,0,V2,1,0.108795,2838.235294,2,0,2,0.891205,0,2,0,200
EDCF-Shield,v2a,FALCON1024+HMAC-SHA512+AES256GCM+DKG4of7,STOLEN_KEY,90,33.58,17,CUMULATIVE,34,2200,14821,16500,164,0.505299,0.207579,0.208887,0.117647,0.930626,98.91,28.7,89.12,0.747931,0.932586,1,3,0,0,76,1448,0.254758,1,0.4706,2,3,0,0,V2,1,0.108795,2838.235294,2,0,2,0.891205,0,2,0,200
EDCF-Shield,v2a,FALCON1024+HMAC-SHA512+AES256GCM+DKG4of7,STOLEN_KEY,90,33.58,18,CYCLE,36,0,1080,1100,0,0.495413,0.018693,0,0,0,100,27.4,90.75,0.748071,0.932481,1,3,0,0,76,1448,0.250827,1,0.4722,2,3,0,0,V2,1,0.107739,2875,2,0,2,0.892261,0,2,0,200
EDCF-Shield,v2a,FALCON1024+HMAC-SHA512+AES256GCM+DKG4of7,STOLEN_KEY,90,33.58,18,CUMULATIVE,36,2200,15901,17600,164,0.504698,0.202219,0.19852,0.111111,0.930626,98.98,28.62,89.23,0.748071,0.932481,1,3,0,0,76,1448,0.250827,1,0.4722,2,3,0,0,V2,1,0.107739,2875,2,0,2,0.892261,0,2,0,200
EDCF-Shield,v2a,FALCON1024+HMAC-SHA512+AES256GCM+DKG4of7,STOLEN_KEY,90,33.58,19,CYCLE,38,0,1080,1100,0,0.495413,0.017709,0,0,0,100,27.45,90.69,0.748194,0.932357,1,3,0,0,76,1448,0.247088,1,0.4737,2,3,0,0,V2,1,0.106856,2907.894737,2,0,2,0.893144,0,2,0,200
EDCF-Shield,v2a,FALCON1024+HMAC-SHA512+AES256GCM+DKG4of7,STOLEN_KEY,90,33.58,19,CUMULATIVE,38,2200,16981,18700,164,0.504166,0.197243,0.189133,0.105263,0.930626,99.04,28.55,89.31,0.748194,0.932357,1,3,0,0,76,1448,0.247088,1,0.4737,2,3,0,0,V2,1,0.106856,2907.894737,2,0,2,0.893144,0,2,0,200
EDCF-Shield,v2a,FALCON1024+HMAC-SHA512+AES256GCM+DKG4of7,STOLEN_KEY,90,33.58,20,CYCLE,40,0,1080,1100,0,0.495413,0.016823,0,0,0,100,27.47,90.66,0.748301,0.932232,1,3,0,0,76,1448,0.243527,1,0.475,2,3,0,0,V2,1,0.106094,2937.5,2,0,2,0.893906,0,2,0,200
EDCF-Shield,v2a,FALCON1024+HMAC-SHA512+AES256GCM+DKG4of7,STOLEN_KEY,90,33.58,20,CUMULATIVE,40,2200,18061,19800,164,0.503692,0.192608,0.180594,0.1,0.930626,99.1,28.49,89.39,0.748301,0.932232,1,3,0,0,76,1448,0.243527,1,0.475,2,3,0,0,V2,1,0.106094,2937.5,2,0,2,0.893906,0,2,0,200
EDCF-Shield,v2a,FALCON1024+HMAC-SHA512+AES256GCM+DKG4of7,STOLEN_KEY,90,33.58,21,CYCLE,42,0,1080,1100,0,0.495413,0.016022,0,0,0,100,27.48,90.65,0.748397,0.932117,1,3,0,0,76,1448,0.240133,1,0.4762,2,3,0,0,V2,1,0.105419,2964.285714,2,0,2,0.894581,0,2,0,200
EDCF-Shield,v2a,FALCON1024+HMAC-SHA512+AES256GCM+DKG4of7,STOLEN_KEY,90,33.58,21,CUMULATIVE,42,2200,19141,20900,164,0.503266,0.188278,0.172793,0.095238,0.930626,99.15,28.43,89.46,0.748397,0.932117,1,3,0,0,76,1448,0.240133,1,0.4762,2,3,0,0,V2,1,0.105419,2964.285714,2,0,2,0.894581,0,2,0,200
EDCF-Shield,v2a,FALCON1024+HMAC-SHA512+AES256GCM+DKG4of7,STOLEN_KEY,90,33.58,22,CYCLE,44,0,1080,1100,0,0.495413,0.015294,0,0,0,100,27.55,90.57,0.748482,0.931979,1,3,0,0,76,1448,0.236892,1,0.4773,2,3,0,0,V2,1,0.104859,2988.636364,2,0,2,0.895141,0,2,0,200
EDCF-Shield,v2a,FALCON1024+HMAC-SHA512+AES256GCM+DKG4of7,STOLEN_KEY,90,33.58,22,CUMULATIVE,44,2200,20221,22000,164,0.502882,0.184222,0.165638,0.090909,0.930626,99.2,28.39,89.51,0.748482,0.931979,1,3,0,0,76,1448,0.236892,1,0.4773,2,3,0,0,V2,1,0.104859,2988.636364,2,0,2,0.895141,0,2,0,200
EDCF-Shield,v2a,FALCON1024+HMAC-SHA512+AES256GCM+DKG4of7,STOLEN_KEY,90,33.58,23,CYCLE,46,0,1080,1100,0,0.495413,0.014629,0,0,0,100,27.51,90.61,0.748559,0.931872,1,3,0,0,76,1448,0.233794,1,0.4783,2,3,0,0,V2,1,0.10433,3010.869565,2,0,2,0.89567,0,2,0,200
EDCF-Shield,v2a,FALCON1024+HMAC-SHA512+AES256GCM+DKG4of7,STOLEN_KEY,90,33.58,23,CUMULATIVE,46,2200,21301,23100,164,0.502534,0.180413,0.159051,0.086957,0.930626,99.24,28.35,89.57,0.748559,0.931872,1,3,0,0,76,1448,0.233794,1,0.4783,2,3,0,0,V2,1,0.10433,3010.869565,2,0,2,0.89567,0,2,0,200
EDCF-Shield,v2a,FALCON1024+HMAC-SHA512+AES256GCM+DKG4of7,STOLEN_KEY,90,33.58,24,CYCLE,48,0,1080,1100,0,0.495413,0.014019,0,0,0,100,27.53,90.59,0.748629,0.931766,1,3,0,0,76,1448,0.230828,1,0.4792,2,3,0,0,V2,1,0.103861,3031.25,2,0,2,0.896139,0,2,0,200
EDCF-Shield,v2a,FALCON1024+HMAC-SHA512+AES256GCM+DKG4of7,STOLEN_KEY,90,33.58,24,CUMULATIVE,48,2200,22381,24200,164,0.502217,0.176827,0.152969,0.083333,0.930626,99.27,28.31,89.61,0.748629,0.931766,1,3,0,0,76,1448,0.230828,1,0.4792,2,3,0,0,V2,1,0.103861,3031.25,2,0,2,0.896139,0,2,0,200
EDCF-Shield,v2a,FALCON1024+HMAC-SHA512+AES256GCM+DKG4of7,STOLEN_KEY,90,33.58,25,CYCLE,50,0,1080,1100,0,0.495413,0.013459,0,0,0,100,27.63,90.47,0.748692,0.931626,1,3,0,0,76,1448,0.227986,1,0.48,2,3,0,0,V2,1,0.10349,3050,2,0,2,0.89651,0,2,0,200
EDCF-Shield,v2a,FALCON1024+HMAC-SHA512+AES256GCM+DKG4of7,STOLEN_KEY,90,33.58,25,CUMULATIVE,50,2200,23461,25300,164,0.501927,0.173445,0.147335,0.08,0.930626,99.31,28.28,89.65,0.748692,0.931626,1,3,0,0,76,1448,0.227986,1,0.48,2,3,0,0,V2,1,0.10349,3050,2,0,2,0.89651,0,2,0,200
EDCF-Shield,v2a,FALCON1024+HMAC-SHA512+AES256GCM+DKG4of7,STOLEN_KEY,90,33.58,26,CYCLE,52,0,1080,1100,0,0.495413,0.012941,0,0,0,100,27.7,90.37,0.748749,0.931465,1,3,0,0,76,1448,0.225259,1,0.4808,2,3,0,0,V2,1,0.103193,3067.307692,2,0,2,0.896807,0,2,0,200
EDCF-Shield,v2a,FALCON1024+HMAC-SHA512+AES256GCM+DKG4of7,STOLEN_KEY,90,33.58,26,CUMULATIVE,52,2200,24541,26400,164,0.50166,0.170247,0.142101,0.076923,0.930626,99.34,28.26,89.68,0.748749,0.931465,1,3,0,0,76,1448,0.225259,1,0.4808,2,3,0,0,V2,1,0.103193,3067.307692,2,0,2,0.896807,0,2,0,200
EDCF-Shield,v2a,FALCON1024+HMAC-SHA512+AES256GCM+DKG4of7,STOLEN_KEY,90,33.58,27,CYCLE,54,0,1080,1100,0,0.495413,0.012462,0,0,0,100,27.76,90.3,0.748802,0.931293,1,3,0,0,76,1448,0.222639,1,0.4815,2,3,0,0,V2,1,0.102951,3083.333333,2,0,2,0.897049,0,2,0,200
EDCF-Shield,v2a,FALCON1024+HMAC-SHA512+AES256GCM+DKG4of7,STOLEN_KEY,90,33.58,27,CUMULATIVE,54,2200,25621,27500,164,0.501415,0.167218,0.137226,0.074074,0.930626,99.36,28.24,89.7,0.748802,0.931293,1,3,0,0,76,1448,0.222639,1,0.4815,2,3,0,0,V2,1,0.102951,3083.333333,2,0,2,0.897049,0,2,0,200
EDCF-Shield,v2a,FALCON1024+HMAC-SHA512+AES256GCM+DKG4of7,STOLEN_KEY,90,33.58,28,CYCLE,56,0,1080,1100,0,0.495413,0.012017,0,0,0,100,27.65,90.43,0.74885,0.931176,1,3,0,0,76,1448,0.22012,1,0.4821,2,3,0,0,V2,1,0.102672,3098.214286,2,0,2,0.897328,0,2,0,200
EDCF-Shield,v2a,FALCON1024+HMAC-SHA512+AES256GCM+DKG4of7,STOLEN_KEY,90,33.58,28,CUMULATIVE,56,2200,26701,28600,164,0.501188,0.164343,0.132674,0.071429,0.930626,99.39,28.21,89.73,0.74885,0.931176,1,3,0,0,76,1448,0.22012,1,0.4821,2,3,0,0,V2,1,0.102672,3098.214286,2,0,2,0.897328,0,2,0,200
EDCF-Shield,v2a,FALCON1024+HMAC-SHA512+AES256GCM+DKG4of7,STOLEN_KEY,90,33.58,29,CYCLE,58,0,1080,1100,0,0.495413,0.011602,0,0,0,100,27.67,90.42,0.748895,0.931064,1,3,0,0,76,1448,0.217695,1,0.4828,2,3,0,0,V2,1,0.10242,3112.068966,2,0,2,0.89758,0,2,0,200
EDCF-Shield,v2a,FALCON1024+HMAC-SHA512+AES256GCM+DKG4of7,STOLEN_KEY,90,33.58,29,CUMULATIVE,58,2200,27781,29700,164,0.500978,0.16161,0.128415,0.068966,0.930626,99.41,28.19,89.76,0.748895,0.931064,1,3,0,0,76,1448,0.217695,1,0.4828,2,3,0,0,V2,1,0.10242,3112.068966,2,0,2,0.89758,0,2,0,200
EDCF-Shield,v2a,FALCON1024+HMAC-SHA512+AES256GCM+DKG4of7,STOLEN_KEY,90,33.58,30,CYCLE,60,0,1080,1100,0,0.495413,0.011215,0,0,0,100,27.73,90.34,0.748936,0.930936,1,3,0,0,76,1448,0.215358,1,0.4833,2,3,0,0,V2,1,0.102215,3125,2,0,2,0.897785,0,2,0,200
EDCF-Shield,v2a,FALCON1024+HMAC-SHA512+AES256GCM+DKG4of7,STOLEN_KEY,90,33.58,30,CUMULATIVE,60,2200,28861,30800,164,0.500782,0.159009,0.12442,0.066667,0.930626,99.43,28.18,89.78,0.748936,0.930936,1,3,0,0,76,1448,0.215358,1,0.4833,2,3,0,0,V2,1,0.102215,3125,2,0,2,0.897785,0,2,0,200
EDCF-Shield,v2a,FALCON1024+HMAC-SHA512+AES256GCM+DKG4of7,STOLEN_KEY,90,33.58,31,CYCLE,62,0,1080,1100,0,0.495413,0.010854,0,0,0,100,27.82,90.22,0.748974,0.930784,1,3,0,0,76,1448,0.213104,1,0.4839,2,3,0,0,V2,1,0.102066,3137.096774,2,0,2,0.897934,0,2,0,200
EDCF-Shield,v2a,FALCON1024+HMAC-SHA512+AES256GCM+DKG4of7,STOLEN_KEY,90,33.58,31,CUMULATIVE,62,2200,29941,31900,164,0.5006,0.156528,0.120667,0.064516,0.930626,99.46,28.17,89.79,0.748974,0.930784,1,3,0,0,76,1448,0.213104,1,0.4839,2,3,0,0,V2,1,0.102066,3137.096774,2,0,2,0.897934,0,2,0,200
EDCF-Shield,v2a,FALCON1024+HMAC-SHA512+AES256GCM+DKG4of7,STOLEN_KEY,90,33.58,32,CYCLE,64,0,1080,1100,0,0.495413,0.010514,0,0,0,100,27.84,90.2,0.74901,0.930637,1,3,0,0,76,1448,0.210928,1,0.4844,2,3,0,0,V2,1,0.101933,3148.4375,2,0,2,0.898067,0,2,0,200
EDCF-Shield,v2a,FALCON1024+HMAC-SHA512+AES256GCM+DKG4of7,STOLEN_KEY,90,33.58,32,CUMULATIVE,64,2200,31021,33000,164,0.500429,0.154158,0.117133,0.0625,0.930626,99.47,28.15,89.81,0.74901,0.930637,1,3,0,0,76,1448,0.210928,1,0.4844,2,3,0,0,V2,1,0.101933,3148.4375,2,0,2,0.898067,0,2,0,200
EDCF-Shield,v2a,FALCON1024+HMAC-SHA512+AES256GCM+DKG4of7,STOLEN_KEY,90,33.58,33,CYCLE,66,0,1080,1100,0,0.495413,0.010196,0,0,0,100,27.85,90.19,0.749043,0.930497,1,3,0,0,76,1448,0.208825,1,0.4848,2,3,0,0,V2,1,0.101812,3159.090909,2,0,2,0.898188,0,2,0,200
EDCF-Shield,v2a,FALCON1024+HMAC-SHA512+AES256GCM+DKG4of7,STOLEN_KEY,90,33.58,33,CUMULATIVE,66,2200,32101,34100,164,0.50027,0.151893,0.113801,0.060606,0.930626,99.49,28.14,89.82,0.749043,0.930497,1,3,0,0,76,1448,0.208825,1,0.4848,2,3,0,0,V2,1,0.101812,3159.090909,2,0,2,0.898188,0,2,0,200
EDCF-Shield,v2a,FALCON1024+HMAC-SHA512+AES256GCM+DKG4of7,STOLEN_KEY,90,33.58,34,CYCLE,68,0,1080,1100,0,0.495413,0.009896,0,0,0,100,27.89,90.14,0.749074,0.930351,1,3,0,0,76,1448,0.206792,1,0.4853,2,3,0,0,V2,1,0.101716,3169.117647,2,0,2,0.898284,0,2,0,200
EDCF-Shield,v2a,FALCON1024+HMAC-SHA512+AES256GCM+DKG4of7,STOLEN_KEY,90,33.58,34,CUMULATIVE,68,2200,33181,35200,164,0.50012,0.149724,0.110653,0.058824,0.930626,99.51,28.14,89.83,0.749074,0.930351,1,3,0,0,76,1448,0.206792,1,0.4853,2,3,0,0,V2,1,0.101716,3169.117647,2,0,2,0.898284,0,2,0,200
EDCF-Shield,v2a,FALCON1024+HMAC-SHA512+AES256GCM+DKG4of7,STOLEN_KEY,90,33.58,35,CYCLE,70,0,1080,1100,0,0.495413,0.009613,0,0,0,100,27.98,90.02,0.749104,0.930188,1,3,0,0,76,1448,0.204824,1,0.4857,2,3,0,0,V2,1,0.10166,3178.571429,2,0,2,0.89834,0,2,0,200
EDCF-Shield,v2a,FALCON1024+HMAC-SHA512+AES256GCM+DKG4of7,STOLEN_KEY,90,33.58,35,CUMULATIVE,70,2200,34261,36300,164,0.499979,0.147645,0.107674,0.057143,0.930626,99.52,28.13,89.83,0.749104,0.930188,1,3,0,0,76,1448,0.204824,1,0.4857,2,3,0,0,V2,1,0.10166,3178.571429,2,0,2,0.89834,0,2,0,200
EDCF-Shield,v2a,FALCON1024+HMAC-SHA512+AES256GCM+DKG4of7,STOLEN_KEY,90,33.58,36,CYCLE,72,0,1080,1100,0,0.495413,0.009346,0,0,0,100,28,90,0.749131,0.930029,1,3,0,0,76,1448,0.202918,1,0.4861,2,3,0,0,V2,1,0.101612,3187.5,2,0,2,0.898388,0,2,0,200
EDCF-Shield,v2a,FALCON1024+HMAC-SHA512+AES256GCM+DKG4of7,STOLEN_KEY,90,33.58,36,CUMULATIVE,72,2200,35341,37400,164,0.499847,0.145649,0.104852,0.055556,0.930626,99.54,28.13,89.84,0.749131,0.930029,1,3,0,0,76,1448,0.202918,1,0.4861,2,3,0,0,V2,1,0.101612,3187.5,2,0,2,0.898388,0,2,0,200
EDCF-Shield,v2a,FALCON1024+HMAC-SHA512+AES256GCM+DKG4of7,STOLEN_KEY,90,33.58,37,CYCLE,74,0,1080,1100,0,0.495413,0.009094,0,0,0,100,28.01,89.99,0.749157,0.929876,1,3,0,0,76,1448,0.201071,1,0.4865,2,3,0,0,V2,1,0.101571,3195.945946,2,0,2,0.898429,0,2,0,200
EDCF-Shield,v2a,FALCON1024+HMAC-SHA512+AES256GCM+DKG4of7,STOLEN_KEY,90,33.58,37,CUMULATIVE,74,2200,36421,38500,164,0.499722,0.143732,0.102174,0.054054,0.930626,99.55,28.13,89.84,0.749157,0.929876,1,3,0,0,76,1448,0.201071,1,0.4865,2,3,0,0,V2,1,0.101571,3195.945946,2,0,2,0.898429,0,2,0,200
EDCF-Shield,v2a,FALCON1024+HMAC-SHA512+AES256GCM+DKG4of7,STOLEN_KEY,90,33.58,38,CYCLE,76,0,1080,1100,0,0.495413,0.008854,0,0,0,100,28.06,89.93,0.749181,0.929718,1,3,0,0,76,1448,0.199279,1,0.4868,2,3,0,0,V2,1,0.101548,3203.947368,2,0,2,0.898452,0,2,0,200
EDCF-Shield,v2a,FALCON1024+HMAC-SHA512+AES256GCM+DKG4of7,STOLEN_KEY,90,33.58,38,CUMULATIVE,76,2200,37501,39600,164,0.499604,0.141889,0.099629,0.052632,0.930626,99.56,28.12,89.85,0.749181,0.929718,1,3,0,0,76,1448,0.199279,1,0.4868,2,3,0,0,V2,1,0.101548,3203.947368,2,0,2,0.898452,0,2,0,200
EDCF-Shield,v2a,FALCON1024+HMAC-SHA512+AES256GCM+DKG4of7,STOLEN_KEY,90,33.58,39,CYCLE,78,0,1080,1100,0,0.495413,0.008627,0,0,0,100,28.16,89.8,0.749204,0.929542,1,3,0,0,76,1448,0.19754,1,0.4872,2,3,0,0,V2,1,0.101559,3211.538462,2,0,2,0.898441,0,2,0,200
EDCF-Shield,v2a,FALCON1024+HMAC-SHA512+AES256GCM+DKG4of7,STOLEN_KEY,90,33.58,39,CUMULATIVE,78,2200,38581,40700,164,0.499492,0.140114,0.097207,0.051282,0.930626,99.58,28.12,89.84,0.749204,0.929542,1,3,0,0,76,1448,0.19754,1,0.4872,2,3,0,0,V2,1,0.101559,3211.538462,2,0,2,0.898441,0,2,0,200
EDCF-Shield,v2a,FALCON1024+HMAC-SHA512+AES256GCM+DKG4of7,STOLEN_KEY,90,33.58,40,CYCLE,80,0,1080,1100,0,0.495413,0.008412,0,0,0,100,28.19,89.76,0.749225,0.929367,1,3,0,0,76,1448,0.195851,1,0.4875,2,3,0,0,V2,1,0.101579,3218.75,2,0,2,0.898421,0,2,0,200
EDCF-Shield,v2a,FALCON1024+HMAC-SHA512+AES256GCM+DKG4of7,STOLEN_KEY,90,33.58,40,CUMULATIVE,80,2200,39661,41800,164,0.499386,0.138404,0.094901,0.05,0.930626,99.59,28.13,89.84,0.749225,0.929367,1,3,0,0,76,1448,0.195851,1,0.4875,2,3,0,0,V2,1,0.101579,3218.75,2,0,2,0.898421,0,2,0,200
EDCF-Shield,v2a,FALCON1024+HMAC-SHA512+AES256GCM+DKG4of7,STOLEN_KEY,90,33.58,41,CYCLE,82,0,1080,1100,0,0.495413,0.008206,0,0,0,100,28.3,89.62,0.749246,0.929173,1,3,0,0,76,1448,0.19421,1,0.4878,2,3,0,0,V2,1,0.101632,3225.609756,2,0,2,0.898368,0,2,0,200
EDCF-Shield,v2a,FALCON1024+HMAC-SHA512+AES256GCM+DKG4of7,STOLEN_KEY,90,33.58,41,CUMULATIVE,82,2200,40741,42900,164,0.499285,0.136755,0.092702,0.04878,0.930626,99.6,28.13,89.84,0.749246,0.929173,1,3,0,0,76,1448,0.19421,1,0.4878,2,3,0,0,V2,1,0.101632,3225.609756,2,0,2,0.898368,0,2,0,200
EDCF-Shield,v2a,FALCON1024+HMAC-SHA512+AES256GCM+DKG4of7,STOLEN_KEY,90,33.58,42,CYCLE,84,0,1080,1100,0,0.495413,0.008011,0,0,0,100,28.4,89.5,0.749265,0.928967,1,3,0,0,76,1448,0.192614,1,0.4881,2,3,0,0,V2,1,0.101709,3232.142857,2,0,2,0.898291,0,2,0,200
EDCF-Shield,v2a,FALCON1024+HMAC-SHA512+AES256GCM+DKG4of7,STOLEN_KEY,90,33.58,42,CUMULATIVE,84,2200,41821,44000,164,0.499189,0.135163,0.090602,0.047619,0.930626,99.61,28.14,89.83,0.749265,0.928967,1,3,0,0,76,1448,0.192614,1,0.4881,2,3,0,0,V2,1,0.101709,3232.142857,2,0,2,0.898291,0,2,0,200
EDCF-Shield,v2a,FALCON1024+HMAC-SHA512+AES256GCM+DKG4of7,STOLEN_KEY,90,33.58,43,CYCLE,86,0,1080,1100,0,0.495413,0.007825,0,0,0,100,28.23,89.71,0.749284,0.928808,1,3,0,0,76,1448,0.191061,1,0.4884,2,3,0,0,V2,1,0.101735,3238.372093,2,0,2,0.898265,0,2,0,200
EDCF-Shield,v2a,FALCON1024+HMAC-SHA512+AES256GCM+DKG4of7,STOLEN_KEY,90,33.58,43,CUMULATIVE,86,2200,42901,45100,164,0.499098,0.133625,0.088595,0.046512,0.930626,99.62,28.14,89.83,0.749284,0.928808,1,3,0,0,76,1448,0.191061,1,0.4884,2,3,0,0,V2,1,0.101735,3238.372093,2,0,2,0.898265,0,2,0,200
EDCF-Shield,v2a,FALCON1024+HMAC-SHA512+AES256GCM+DKG4of7,STOLEN_KEY,90,33.58,44,CYCLE,88,0,1080,1100,0,0.495413,0.007647,0,0,0,100,28.28,89.65,0.749301,0.928646,1,3,0,0,76,1448,0.189549,1,0.4886,2,3,0,0,V2,1,0.101774,3244.318182,2,0,2,0.898226,0,2,0,200
EDCF-Shield,v2a,FALCON1024+HMAC-SHA512+AES256GCM+DKG4of7,STOLEN_KEY,90,33.58,44,CUMULATIVE,88,2200,43981,46200,164,0.499011,0.132139,0.086676,0.045455,0.930626,99.63,28.14,89.82,0.749301,0.928646,1,3,0,0,76,1448,0.189549,1,0.4886,2,3,0,0,V2,1,0.101774,3244.318182,2,0,2,0.898226,0,2,0,200
EDCF-Shield,v2a,FALCON1024+HMAC-SHA512+AES256GCM+DKG4of7,STOLEN_KEY,90,33.58,45,CYCLE,90,0,1080,1100,0,0.495413,0.007477,0,0,0,100,28.44,89.45,0.749318,0.928456,1,3,0,0,76,1448,0.188077,1,0.4889,2,3,0,0,V2,1,0.101853,3250,2,0,2,0.898147,0,2,0,200
EDCF-Shield,v2a,FALCON1024+HMAC-SHA512+AES256GCM+DKG4of7,STOLEN_KEY,90,33.58,45,CUMULATIVE,90,2200,45061,47300,164,0.498928,0.1307,0.084837,0.044444,0.930626,99.64,28.15,89.81,0.749318,0.928456,1,3,0,0,76,1448,0.188077,1,0.4889,2,3,0,0,V2,1,0.101853,3250,2,0,2,0.898147,0,2,0,200
EDCF-Shield,v2a,FALCON1024+HMAC-SHA512+AES256GCM+DKG4of7,STOLEN_KEY,90,33.58,46,CYCLE,92,0,1080,1100,0,0.495413,0.007314,0,0,0,100,28.48,89.41,0.749334,0.928267,1,3,0,0,76,1448,0.186643,1,0.4891,2,3,0,0,V2,1,0.101938,3255.434783,2,0,2,0.898062,0,2,0,200
EDCF-Shield,v2a,FALCON1024+HMAC-SHA512+AES256GCM+DKG4of7,STOLEN_KEY,90,33.58,46,CUMULATIVE,92,2200,46141,48400,164,0.498849,0.129308,0.083075,0.043478,0.930626,99.65,28.16,89.81,0.749334,0.928267,1,3,0,0,76,1448,0.186643,1,0.4891,2,3,0,0,V2,1,0.101938,3255.434783,2,0,2,0.898062,0,2,0,200
EDCF-Shield,v2a,FALCON1024+HMAC-SHA512+AES256GCM+DKG4of7,STOLEN_KEY,90,33.58,47,CYCLE,94,0,1080,1100,0,0.495413,0.007159,0,0,0,100,28.34,89.57,0.749349,0.928112,1,3,0,0,76,1448,0.185245,1,0.4894,2,3,0,0,V2,1,0.101987,3260.638298,2,0,2,0.898013,0,2,0,200
EDCF-Shield,v2a,FALCON1024+HMAC-SHA512+AES256GCM+DKG4of7,STOLEN_KEY,90,33.58,47,CUMULATIVE,94,2200,47221,49500,164,0.498774,0.127959,0.081385,0.042553,0.930626,99.65,28.16,89.8,0.749349,0.928112,1,3,0,0,76,1448,0.185245,1,0.4894,2,3,0,0,V2,1,0.101987,3260.638298,2,0,2,0.898013,0,2,0,200
EDCF-Shield,v2a,FALCON1024+HMAC-SHA512+AES256GCM+DKG4of7,STOLEN_KEY,90,33.58,48,CYCLE,96,0,1080,1100,0,0.495413,0.00701,0,0,0,100,28.28,89.65,0.749364,0.927976,1,3,0,0,76,1448,0.183881,1,0.4896,2,3,0,0,V2,1,0.102018,3265.625,2,0,2,0.897982,0,2,0,200
EDCF-Shield,v2a,FALCON1024+HMAC-SHA512+AES256GCM+DKG4of7,STOLEN_KEY,90,33.58,48,CUMULATIVE,96,2200,48301,50600,164,0.498701,0.126652,0.079762,0.041667,0.930626,99.66,28.16,89.8,0.749364,0.927976,1,3,0,0,76,1448,0.183881,1,0.4896,2,3,0,0,V2,1,0.102018,3265.625,2,0,2,0.897982,0,2,0,200
EDCF-Shield,v2a,FALCON1024+HMAC-SHA512+AES256GCM+DKG4of7,STOLEN_KEY,90,33.58,49,CYCLE,98,0,1080,1100,0,0.495413,0.006866,0,0,0,100,28.24,89.7,0.749378,0.927855,1,3,0,0,76,1448,0.18255,1,0.4898,2,3,0,0,V2,1,0.102037,3270.408163,2,0,2,0.897963,0,2,0,200
EDCF-Shield,v2a,FALCON1024+HMAC-SHA512+AES256GCM+DKG4of7,STOLEN_KEY,90,33.58,49,CUMULATIVE,98,2200,49381,51700,164,0.498632,0.125383,0.078203,0.040816,0.930626,99.67,28.16,89.8,0.749378,0.927855,1,3,0,0,76,1448,0.18255,1,0.4898,2,3,0,0,V2,1,0.102037,3270.408163,2,0,2,0.897963,0,2,0,200
EDCF-Shield,v2a,FALCON1024+HMAC-SHA512+AES256GCM+DKG4of7,STOLEN_KEY,90,33.58,50,CYCLE,100,0,1080,1100,0,0.495413,0.006729,0,0,0,100,28.23,89.72,0.749391,0.92774,1,3,0,0,76,1448,0.18125,1,0.49,2,3,0,0,V2,1,0.102053,3275,2,0,2,0.897947,0,2,0,200
EDCF-Shield,v2a,FALCON1024+HMAC-SHA512+AES256GCM+DKG4of7,STOLEN_KEY,90,33.58,50,CUMULATIVE,100,2200,50461,52800,164,0.498566,0.124152,0.076703,0.04,0.930626,99.68,28.16,89.79,0.749391,0.92774,1,3,0,0,76,1448,0.18125,1,0.49,2,3,0,0,V2,1,0.102053,3275,2,0,2,0.897947,0,2,0,200
EDCF-Shield,v2a,FALCON1024+HMAC-SHA512+AES256GCM+DKG4of7,STOLEN_KEY,90,33.58,51,CYCLE,102,0,1080,1100,0,0.495413,0.006597,0,0,0,100,28.24,89.7,0.749404,0.927627,1,3,0,0,76,1448,0.179982,1,0.4902,2,3,0,0,V2,1,0.102071,3279.411765,2,0,2,0.897929,0,2,0,200
EDCF-Shield,v2a,FALCON1024+HMAC-SHA512+AES256GCM+DKG4of7,STOLEN_KEY,90,33.58,51,CUMULATIVE,102,2200,51541,53900,164,0.498502,0.122956,0.07526,0.039216,0.930626,99.68,28.17,89.79,0.749404,0.927627,1,3,0,0,76,1448,0.179982,1,0.4902,2,3,0,0,V2,1,0.102071,3279.411765,2,0,2,0.897929,0,2,0,200
EDCF-Shield,v2a,FALCON1024+HMAC-SHA512+AES256GCM+DKG4of7,STOLEN_KEY,90,33.58,52,CYCLE,104,0,1080,1100,0,0.495413,0.00647,0,0,0,100,28.34,89.57,0.749416,0.927499,1,3,0,0,76,1448,0.178742,1,0.4904,2,3,0,0,V2,1,0.102112,3283.653846,2,0,2,0.897888,0,2,0,200
EDCF-Shield,v2a,FALCON1024+HMAC-SHA512+AES256GCM+DKG4of7,STOLEN_KEY,90,33.58,52,CUMULATIVE,104,2200,52621,55000,164,0.498441,0.121794,0.07387,0.038462,0.930626,99.69,28.17,89.79,0.749416,0.927499,1,3,0,0,76,1448,0.178742,1,0.4904,2,3,0,0,V2,1,0.102112,3283.653846,2,0,2,0.897888,0,2,0,200
EDCF-Shield,v2a,FALCON1024+HMAC-SHA512+AES256GCM+DKG4of7,STOLEN_KEY,90,33.58,53,CYCLE,106,0,1080,1100,0,0.495413,0.006348,0,0,0,100,28.38,89.52,0.749428,0.927368,1,3,0,0,76,1448,0.17753,1,0.4906,2,3,0,0,V2,1,0.102161,3287.735849,2,0,2,0.897839,0,2,0,200
EDCF-Shield,v2a,FALCON1024+HMAC-SHA512+AES256GCM+DKG4of7,STOLEN_KEY,90,33.58,53,CUMULATIVE,106,2200,53701,56100,164,0.498382,0.120665,0.072531,0.037736,0.930626,99.7,28.17,89.78,0.749428,0.927368,1,3,0,0,76,1448,0.17753,1,0.4906,2,3,0,0,V2,1,0.102161,3287.735849,2,0,2,0.897839,0,2,0,200
EDCF-Shield,v2a,FALCON1024+HMAC-SHA512+AES256GCM+DKG4of7,STOLEN_KEY,90,33.58,54,CYCLE,108,0,1080,1100,0,0.495413,0.006231,0,0,0,100,28.37,89.54,0.749439,0.927245,1,3,0,0,76,1448,0.176346,1,0.4907,2,3,0,0,V2,1,0.102205,3291.666667,2,0,2,0.897795,0,2,0,200
EDCF-Shield,v2a,FALCON1024+HMAC-SHA512+AES256GCM+DKG4of7,STOLEN_KEY,90,33.58,54,CUMULATIVE,108,2200,54781,57200,164,0.498325,0.119566,0.071239,0.037037,0.930626,99.7,28.18,89.78,0.749439,0.927245,1,3,0,0,76,1448,0.176346,1,0.4907,2,3,0,0,V2,1,0.102205,3291.666667,2,0,2,0.897795,0,2,0,200
EDCF-Shield,v2a,FALCON1024+HMAC-SHA512+AES256GCM+DKG4of7,STOLEN_KEY,90,33.58,55,CYCLE,110,0,1080,1100,0,0.495413,0.006117,0,0,0,100,28.42,89.48,0.74945,0.927117,1,3,0,0,76,1448,0.175187,1,0.4909,2,3,0,0,V2,1,0.102258,3295.454545,2,0,2,0.897742,0,2,0,200
EDCF-Shield,v2a,FALCON1024+HMAC-SHA512+AES256GCM+DKG4of7,STOLEN_KEY,90,33.58,55,CUMULATIVE,110,2200,55861,58300,164,0.498271,0.118496,0.069992,0.036364,0.930626,99.71,28.18,89.77,0.74945,0.927117,1,3,0,0,76,1448,0.175187,1,0.4909,2,3,0,0,V2,1,0.102258,3295.454545,2,0,2,0.897742,0,2,0,200
EDCF-Shield,v2a,FALCON1024+HMAC-SHA512+AES256GCM+DKG4of7,STOLEN_KEY,90,33.58,56,CYCLE,112,0,1080,1100,0,0.495413,0.006008,0,0,0,100,28.39,89.51,0.74946,0.926998,1,3,0,0,76,1448,0.174053,1,0.4911,2,3,0,0,V2,1,0.102304,3299.107143,2,0,2,0.897696,0,2,0,200
EDCF-Shield,v2a,FALCON1024+HMAC-SHA512+AES256GCM+DKG4of7,STOLEN_KEY,90,33.58,56,CUMULATIVE,112,2200,56941,59400,164,0.498218,0.117455,0.068789,0.035714,0.930626,99.71,28.18,89.77,0.74946,0.926998,1,3,0,0,76,1448,0.174053,1,0.4911,2,3,0,0,V2,1,0.102304,3299.107143,2,0,2,0.897696,0,2,0,200
EDCF-Shield,v2a,FALCON1024+HMAC-SHA512+AES256GCM+DKG4of7,STOLEN_KEY,90,33.58,57,CYCLE,114,0,1080,1100,0,0.495413,0.005903,0,0,0,100,28.49,89.39,0.74947,0.926866,1,3,0,0,76,1448,0.172943,1,0.4912,2,3,0,0,V2,1,0.102369,3302.631579,2,0,2,0.897631,0,2,0,200
EDCF-Shield,v2a,FALCON1024+HMAC-SHA512+AES256GCM+DKG4of7,STOLEN_KEY,90,33.58,57,CUMULATIVE,114,2200,58021,60500,164,0.498168,0.116441,0.067626,0.035088,0.930626,99.72,28.19,89.76,0.74947,0.926866,1,3,0,0,76,1448,0.172943,1,0.4912,2,3,0,0,V2,1,0.102369,3302.631579,2,0,2,0.897631,0,2,0,200
EDCF-Shield,v2a,FALCON1024+HMAC-SHA512+AES256GCM+DKG4of7,STOLEN_KEY,90,33.58,58,CYCLE,116,0,1080,1100,0,0.495413,0.005801,0,0,0,100,28.48,89.4,0.74948,0.92674,1,3,0,0,76,1448,0.171857,1,0.4914,2,3,0,0,V2,1,0.10243,3306.034483,2,0,2,0.89757,0,2,0,200
EDCF-Shield,v2a,FALCON1024+HMAC-SHA512+AES256GCM+DKG4of7,STOLEN_KEY,90,33.58,58,CUMULATIVE,116,2200,59101,61600,164,0.498119,0.115452,0.066501,0.034483,0.930626,99.72,28.19,89.76,0.74948,0.92674,1,3,0,0,76,1448,0.171857,1,0.4914,2,3,0,0,V2,1,0.10243,3306.034483,2,0,2,0.89757,0,2,0,200
EDCF-Shield,v2a,FALCON1024+HMAC-SHA512+AES256GCM+DKG4of7,STOLEN_KEY,90,33.58,59,CYCLE,118,0,1080,1100,0,0.495413,0.005703,0,0,0,100,28.47,89.41,0.749489,0.92662,1,3,0,0,76,1448,0.170792,1,0.4915,2,3,0,0,V2,1,0.102487,3309.322034,2,0,2,0.897513,0,2,0,200
EDCF-Shield,v2a,FALCON1024+HMAC-SHA512+AES256GCM+DKG4of7,STOLEN_KEY,90,33.58,59,CUMULATIVE,118,2200,60181,62700,164,0.498072,0.114488,0.065414,0.033898,0.930626,99.73,28.2,89.75,0.749489,0.92662,1,3,0,0,76,1448,0.170792,1,0.4915,2,3,0,0,V2,1,0.102487,3309.322034,2,0,2,0.897513,0,2,0,200
EDCF-Shield,v2a,FALCON1024+HMAC-SHA512+AES256GCM+DKG4of7,STOLEN_KEY,90,33.58,60,CYCLE,120,0,1080,1100,0,0.495413,0.005608,0,0,0,100,28.53,89.34,0.749498,0.926494,1,3,0,0,76,1448,0.16975,1,0.4917,2,3,0,0,V2,1,0.102552,3312.5,2,0,2,0.897448,0,2,0,200
EDCF-Shield,v2a,FALCON1024+HMAC-SHA512+AES256GCM+DKG4of7,STOLEN_KEY,90,33.58,60,CUMULATIVE,120,2200,61261,63800,164,0.498026,0.113548,0.064361,0.033333,0.930626,99.73,28.2,89.74,0.749498,0.926494,1,3,0,0,76,1448,0.16975,1,0.4917,2,3,0,0,V2,1,0.102552,3312.5,2,0,2,0.897448,0,2,0,200
EDCF-Shield,v2a,FALCON1024+HMAC-SHA512+AES256GCM+DKG4of7,STOLEN_KEY,90,33.58,61,CYCLE,122,0,1080,1100,0,0.495413,0.005516,0,0,0,100,28.54,89.33,0.749507,0.926371,1,3,0,0,76,1448,0.168728,1,0.4918,2,3,0,0,V2,1,0.102618,3315.57377,2,0,2,0.897382,0,2,0,200
EDCF-Shield,v2a,FALCON1024+HMAC-SHA512+AES256GCM+DKG4of7,STOLEN_KEY,90,33.58,61,CUMULATIVE,122,2200,62341,64900,164,0.497982,0.112631,0.063342,0.032787,0.930626,99.74,28.21,89.74,0.749507,0.926371,1,3,0,0,76,1448,0.168728,1,0.4918,2,3,0,0,V2,1,0.102618,3315.57377,2,0,2,0.897382,0,2,0,200
EDCF-Shield,v2a,FALCON1024+HMAC-SHA512+AES256GCM+DKG4of7,STOLEN_KEY,90,33.58,62,CYCLE,124,0,1080,1100,0,0.495413,0.005427,0,0,0,100,28.54,89.32,0.749515,0.926251,1,3,0,0,76,1448,0.167726,1,0.4919,2,3,0,0,V2,1,0.102683,3318.548387,2,0,2,0.897317,0,2,0,200
EDCF-Shield,v2a,FALCON1024+HMAC-SHA512+AES256GCM+DKG4of7,STOLEN_KEY,90,33.58,62,CUMULATIVE,124,2200,63421,66000,164,0.49794,0.111735,0.062355,0.032258,0.930626,99.74,28.21,89.73,0.749515,0.926251,1,3,0,0,76,1448,0.167726,1,0.4919,2,3,0,0,V2,1,0.102683,3318.548387,2,0,2,0.897317,0,2,0,200
EDCF-Shield,v2a,FALCON1024+HMAC-SHA512+AES256GCM+DKG4of7,STOLEN_KEY,90,33.58,63,CYCLE,126,0,1080,1100,0,0.495413,0.005341,0,0,0,100,28.61,89.24,0.749524,0.926124,1,3,0,0,76,1448,0.166744,1,0.4921,2,3,0,0,V2,1,0.102758,3321.428571,2,0,2,0.897242,0,2,0,200
EDCF-Shield,v2a,FALCON1024+HMAC-SHA512+AES256GCM+DKG4of7,STOLEN_KEY,90,33.58,63,CUMULATIVE,126,2200,64501,67100,164,0.497899,0.110861,0.061398,0.031746,0.930626,99.75,28.22,89.72,0.749524,0.926124,1,3,0,0,76,1448,0.166744,1,0.4921,2,3,0,0,V2,1,0.102758,3321.428571,2,0,2,0.897242,0,2,0,200
EDCF-Shield,v2a,FALCON1024+HMAC-SHA512+AES256GCM+DKG4of7,STOLEN_KEY,90,33.58,64,CYCLE,128,0,1080,1100,0,0.495413,0.005257,0,0,0,100,28.64,89.2,0.749531,0.925997,1,3,0,0,76,1448,0.16578,1,0.4922,2,3,0,0,V2,1,0.102836,3324.21875,2,0,2,0.897164,0,2,0,200
EDCF-Shield,v2a,FALCON1024+HMAC-SHA512+AES256GCM+DKG4of7,STOLEN_KEY,90,33.58,64,CUMULATIVE,128,2200,65581,68200,164,0.497859,0.110006,0.060469,0.03125,0.930626,99.75,28.23,89.72,0.749531,0.925997,1,3,0,0,76,1448,0.16578,1,0.4922,2,3,0,0,V2,1,0.102836,3324.21875,2,0,2,0.897164,0,2,0,200
EDCF-Shield,v2a,FALCON1024+HMAC-SHA512+AES256GCM+DKG4of7,STOLEN_KEY,90,33.58,65,CYCLE,130,0,1080,1100,0,0.495413,0.005176,0,0,0,100,28.66,89.18,0.749539,0.925871,1,3,0,0,76,1448,0.164835,1,0.4923,2,3,0,0,V2,1,0.102914,3326.923077,2,0,2,0.897086,0,2,0,200
EDCF-Shield,v2a,FALCON1024+HMAC-SHA512+AES256GCM+DKG4of7,STOLEN_KEY,90,33.58,65,CUMULATIVE,130,2200,66661,69300,164,0.49782,0.109171,0.059569,0.030769,0.930626,99.75,28.23,89.71,0.749539,0.925871,1,3,0,0,76,1448,0.164835,1,0.4923,2,3,0,0,V2,1,0.102914,3326.923077,2,0,2,0.897086,0,2,0,200
EDCF-Shield,v2a,FALCON1024+HMAC-SHA512+AES256GCM+DKG4of7,STOLEN_KEY,90,33.58,66,CYCLE,132,0,1080,1100,0,0.495413,0.005098,0,0,0,100,28.68,89.15,0.749546,0.925745,1,3,0,0,76,1448,0.163907,1,0.4924,2,3,0,0,V2,1,0.102995,3329.545455,2,0,2,0.897005,0,2,0,200
EDCF-Shield,v2a,FALCON1024+HMAC-SHA512+AES256GCM+DKG4of7,STOLEN_KEY,90,33.58,66,CUMULATIVE,132,2200,67741,70400,164,0.497783,0.108355,0.058695,0.030303,0.930626,99.76,28.24,89.7,0.749546,0.925745,1,3,0,0,76,1448,0.163907,1,0.4924,2,3,0,0,V2,1,0.102995,3329.545455,2,0,2,0.897005,0,2,0,200
EDCF-Shield,v2a,FALCON1024+HMAC-SHA512+AES256GCM+DKG4of7,STOLEN_KEY,90,33.58,67,CYCLE,134,0,1080,1100,0,0.495413,0.005022,0,0,0,100,28.68,89.15,0.749553,0.925623,1,3,0,0,76,1448,0.162997,1,0.4925,2,3,0,0,V2,1,0.103073,3332.089552,2,0,2,0.896927,0,2,0,200
EDCF-Shield,v2a,FALCON1024+HMAC-SHA512+AES256GCM+DKG4of7,STOLEN_KEY,90,33.58,67,CUMULATIVE,134,2200,68821,71500,164,0.497747,0.107557,0.057846,0.029851,0.930626,99.76,28.25,89.69,0.749553,0.925623,1,3,0,0,76,1448,0.162997,1,0.4925,2,3,0,0,V2,1,0.103073,3332.089552,2,0,2,0.896927,0,2,0,200
EDCF-Shield,v2a,FALCON1024+HMAC-SHA512+AES256GCM+DKG4of7,STOLEN_KEY,90,33.58,68,CYCLE,136,0,1080,1100,0,0.495413,0.004948,0,0,0,100,28.62,89.22,0.74956,0.925512,1,3,0,0,76,1448,0.162102,1,0.4926,2,3,0,0,V2,1,0.103139,3334.558824,2,0,2,0.896861,0,2,0,200
EDCF-Shield,v2a,FALCON1024+HMAC-SHA512+AES256GCM+DKG4of7,STOLEN_KEY,90,33.58,68,CUMULATIVE,136,2200,69901,72600,164,0.497712,0.106776,0.057021,0.029412,0.930626,99.77,28.25,89.69,0.74956,0.925512,1,3,0,0,76,1448,0.162102,1,0.4926,2,3,0,0,V2,1,0.103139,3334.558824,2,0,2,0.896861,0,2,0,200
EDCF-Shield,v2a,FALCON1024+HMAC-SHA512+AES256GCM+DKG4of7,STOLEN_KEY,90,33.58,69,CYCLE,138,0,1080,1100,0,0.495413,0.004876,0,0,0,100,28.66,89.18,0.749567,0.9254,1,3,0,0,76,1448,0.161224,1,0.4928,2,3,0,0,V2,1,0.103209,3336.956522,2,0,2,0.896791,0,2,0,200
EDCF-Shield,v2a,FALCON1024+HMAC-SHA512+AES256GCM+DKG4of7,STOLEN_KEY,90,33.58,69,CUMULATIVE,138,2200,70981,73700,164,0.497678,0.106012,0.05622,0.028986,0.930626,99.77,28.26,89.68,0.749567,0.9254,1,3,0,0,76,1448,0.161224,1,0.4928,2,3,0,0,V2,1,0.103209,3336.956522,2,0,2,0.896791,0,2,0,200
EDCF-Shield,v2a,FALCON1024+HMAC-SHA512+AES256GCM+DKG4of7,STOLEN_KEY,90,33.58,70,CYCLE,140,0,1080,1100,0,0.495413,0.004806,0,0,0,100,28.65,89.19,0.749574,0.925292,1,3,0,0,76,1448,0.160362,1,0.4929,2,3,0,0,V2,1,0.103275,3339.285714,2,0,2,0.896725,0,2,0,200
EDCF-Shield,v2a,FALCON1024+HMAC-SHA512+AES256GCM+DKG4of7,STOLEN_KEY,90,33.58,70,CUMULATIVE,140,2200,72061,74800,164,0.497644,0.105264,0.055441,0.028571,0.930626,99.77,28.26,89.67,0.749574,0.925292,1,3,0,0,76,1448,0.160362,1,0.4929,2,3,0,0,V2,1,0.103275,3339.285714,2,0,2,0.896725,0,2,0,200
EDCF-Shield,v2a,FALCON1024+HMAC-SHA512+AES256GCM+DKG4of7,STOLEN_KEY,90,33.58,71,CYCLE,142,0,1080,1100,0,0.495413,0.004739,0,0,0,100,28.69,89.14,0.74958,0.925181,1,3,0,0,76,1448,0.159514,1,0.493,2,3,0,0,V2,1,0.103346,3341.549296,2,0,2,0.896654,0,2,0,200
EDCF-Shield,v2a,FALCON1024+HMAC-SHA512+AES256GCM+DKG4of7,STOLEN_KEY,90,33.58,71,CUMULATIVE,142,2200,73141,75900,164,0.497612,0.104532,0.054683,0.028169,0.930626,99.78,28.27,89.67,0.74958,0.925181,1,3,0,0,76,1448,0.159514,1,0.493,2,3,0,0,V2,1,0.103346,3341.549296,2,0,2,0.896654,0,2,0,200
EDCF-Shield,v2a,FALCON1024+HMAC-SHA512+AES256GCM+DKG4of7,STOLEN_KEY,90,33.58,72,CYCLE,144,0,1080,1100,0,0.495413,0.004673,0,0,0,100,28.71,89.11,0.749586,0.92507,1,3,0,0,76,1448,0.158681,1,0.4931,2,3,0,0,V2,1,0.10342,3343.75,2,0,2,0.89658,0,2,0,200
EDCF-Shield,v2a,FALCON1024+HMAC-SHA512+AES256GCM+DKG4of7,STOLEN_KEY,90,33.58,72,CUMULATIVE,144,2200,74221,77000,164,0.497581,0.103814,0.053945,0.027778,0.930626,99.78,28.27,89.66,0.749586,0.92507,1,3,0,0,76,1448,0.158681,1,0.4931,2,3,0,0,V2,1,0.10342,3343.75,2,0,2,0.89658,0,2,0,200
EDCF-Shield,v2a,FALCON1024+HMAC-SHA512+AES256GCM+DKG4of7,STOLEN_KEY,90,33.58,73,CYCLE,146,0,1080,1100,0,0.495413,0.004609,0,0,0,100,28.81,88.99,0.749592,0.924949,1,3,0,0,76,1448,0.157862,1,0.4932,2,3,0,0,V2,1,0.103506,3345.890411,2,0,2,0.896494,0,2,0,200
EDCF-Shield,v2a,FALCON1024+HMAC-SHA512+AES256GCM+DKG4of7,STOLEN_KEY,90,33.58,73,CUMULATIVE,146,2200,75301,78100,164,0.497551,0.103112,0.053228,0.027397,0.930626,99.78,28.28,89.65,0.749592,0.924949,1,3,0,0,76,1448,0.157862,1,0.4932,2,3,0,0,V2,1,0.103506,3345.890411,2,0,2,0.896494,0,2,0,200
EDCF-Shield,v2a,FALCON1024+HMAC-SHA512+AES256GCM+DKG4of7,STOLEN_KEY,90,33.58,74,CYCLE,148,0,1080,1100,0,0.495413,0.004547,0,0,0,100,28.79,89.02,0.749598,0.924834,1,3,0,0,76,1448,0.157057,1,0.4932,2,3,0,0,V2,1,0.103587,3347.972973,2,0,2,0.896413,0,2,0,200
EDCF-Shield,v2a,FALCON1024+HMAC-SHA512+AES256GCM+DKG4of7,STOLEN_KEY,90,33.58,74,CUMULATIVE,148,2200,76381,79200,164,0.497521,0.102423,0.052529,0.027027,0.930626,99.79,28.29,89.64,0.749598,0.924834,1,3,0,0,76,1448,0.157057,1,0.4932,2,3,0,0,V2,1,0.103587,3347.972973,2,0,2,0.896413,0,2,0,200
EDCF-Shield,v2a,FALCON1024+HMAC-SHA512+AES256GCM+DKG4of7,STOLEN_KEY,90,33.58,75,CYCLE,150,0,1080,1100,0,0.495413,0.004486,0,0,0,100,28.75,89.07,0.749603,0.924727,1,3,0,0,76,1448,0.156265,1,0.4933,2,3,0,0,V2,1,0.103659,3350,2,0,2,0.896341,0,2,0,200
EDCF-Shield,v2a,FALCON1024+HMAC-SHA512+AES256GCM+DKG4of7,STOLEN_KEY,90,33.58,75,CUMULATIVE,150,2200,77461,80300,164,0.497493,0.101748,0.051848,0.026667,0.930626,99.79,28.29,89.63,0.749603,0.924727,1,3,0,0,76,1448,0.156265,1,0.4933,2,3,0,0,V2,1,0.103659,3350,2,0,2,0.896341,0,2,0,200
EDCF-Shield,v2a,FALCON1024+HMAC-SHA512+AES256GCM+DKG4of7,STOLEN_KEY,90,33.58,76,CYCLE,152,0,1080,1100,0,0.495413,0.004427,0,0,0,100,28.75,89.06,0.749609,0.924622,1,3,0,0,76,1448,0.155486,1,0.4934,2,3,0,0,V2,1,0.103731,3351.973684,2,0,2,0.896269,0,2,0,200
EDCF-Shield,v2a,FALCON1024+HMAC-SHA512+AES256GCM+DKG4of7,STOLEN_KEY,90,33.58,76,CUMULATIVE,152,2200,78541,81400,164,0.497465,0.101086,0.051184,0.026316,0.930626,99.79,28.3,89.63,0.749609,0.924622,1,3,0,0,76,1448,0.155486,1,0.4934,2,3,0,0,V2,1,0.103731,3351.973684,2,0,2,0.896269,0,2,0,200
EDCF-Shield,v2a,FALCON1024+HMAC-SHA512+AES256GCM+DKG4of7,STOLEN_KEY,90,33.58,77,CYCLE,154,0,1080,1100,0,0.495413,0.004369,0,0,0,100,28.81,88.98,0.749614,0.924512,1,3,0,0,76,1448,0.15472,1,0.4935,2,3,0,0,V2,1,0.10381,3353.896104,2,0,2,0.89619,0,2,0,200
EDCF-Shield,v2a,FALCON1024+HMAC-SHA512+AES256GCM+DKG4of7,STOLEN_KEY,90,33.58,77,CUMULATIVE,154,2200,79621,82500,164,0.497437,0.100437,0.050538,0.025974,0.930626,99.79,28.3,89.62,0.749614,0.924512,1,3,0,0,76,1448,0.15472,1,0.4935,2,3,0,0,V2,1,0.10381,3353.896104,2,0,2,0.89619,0,2,0,200
EDCF-Shield,v2a,FALCON1024+HMAC-SHA512+AES256GCM+DKG4of7,STOLEN_KEY,90,33.58,78,CYCLE,156,0,1080,1100,0,0.495413,0.004313,0,0,0,100,28.88,88.9,0.749619,0.924397,1,3,0,0,76,1448,0.153966,1,0.4936,2,3,0,0,V2,1,0.103897,3355.769231,2,0,2,0.896103,0,2,0,200
EDCF-Shield,v2a,FALCON1024+HMAC-SHA512+AES256GCM+DKG4of7,STOLEN_KEY,90,33.58,78,CUMULATIVE,156,2200,80701,83600,164,0.497411,0.0998,0.049907,0.025641,0.930626,99.8,28.31,89.61,0.749619,0.924397,1,3,0,0,76,1448,0.153966,1,0.4936,2,3,0,0,V2,1,0.103897,3355.769231,2,0,2,0.896103,0,2,0,200
EDCF-Shield,v2a,FALCON1024+HMAC-SHA512+AES256GCM+DKG4of7,STOLEN_KEY,90,33.58,79,CYCLE,158,0,1080,1100,0,0.495413,0.004259,0,0,0,100,28.83,88.96,0.749624,0.92429,1,3,0,0,76,1448,0.153224,1,0.4937,2,3,0,0,V2,1,0.103974,3357.594937,2,0,2,0.896026,0,2,0,200
EDCF-Shield,v2a,FALCON1024+HMAC-SHA512+AES256GCM+DKG4of7,STOLEN_KEY,90,33.58,79,CUMULATIVE,158,2200,81781,84700,164,0.497385,0.099175,0.049292,0.025316,0.930626,99.8,28.32,89.6,0.749624,0.92429,1,3,0,0,76,1448,0.153224,1,0.4937,2,3,0,0,V2,1,0.103974,3357.594937,2,0,2,0.896026,0,2,0,200
EDCF-Shield,v2a,FALCON1024+HMAC-SHA512+AES256GCM+DKG4of7,STOLEN_KEY,90,33.58,80,CYCLE,160,0,1080,1100,0,0.495413,0.004206,0,0,0,100,28.82,88.97,0.749629,0.924186,1,3,0,0,76,1448,0.152494,1,0.4938,2,3,0,0,V2,1,0.104049,3359.375,2,0,2,0.895951,0,2,0,200
EDCF-Shield,v2a,FALCON1024+HMAC-SHA512+AES256GCM+DKG4of7,STOLEN_KEY,90,33.58,80,CUMULATIVE,160,2200,82861,85800,164,0.49736,0.098562,0.048692,0.025,0.930626,99.8,28.32,89.6,0.749629,0.924186,1,3,0,0,76,1448,0.152494,1,0.4938,2,3,0,0,V2,1,0.104049,3359.375,2,0,2,0.895951,0,2,0,200
EDCF-Shield,v2a,FALCON1024+HMAC-SHA512+AES256GCM+DKG4of7,STOLEN_KEY,90,33.58,81,CYCLE,162,0,1080,1100,0,0.495413,0.004154,0,0,0,100,28.83,88.96,0.749634,0.924085,1,3,0,0,76,1448,0.151775,1,0.4938,2,3,0,0,V2,1,0.104123,3361.111111,2,0,2,0.895877,0,2,0,200
EDCF-Shield,v2a,FALCON1024+HMAC-SHA512+AES256GCM+DKG4of7,STOLEN_KEY,90,33.58,81,CUMULATIVE,162,2200,83941,86900,164,0.497336,0.09796,0.048106,0.024691,0.930626,99.81,28.33,89.59,0.749634,0.924085,1,3,0,0,76,1448,0.151775,1,0.4938,2,3,0,0,V2,1,0.104123,3361.111111,2,0,2,0.895877,0,2,0,200
EDCF-Shield,v2a,FALCON1024+HMAC-SHA512+AES256GCM+DKG4of7,STOLEN_KEY,90,33.58,82,CYCLE,164,0,1080,1100,0,0.495413,0.004103,0,0,0,100,28.85,88.94,0.749638,0.923983,1,3,0,0,76,1448,0.151066,1,0.4939,2,3,0,0,V2,1,0.104197,3362.804878,2,0,2,0.895803,0,2,0,200
EDCF-Shield,v2a,FALCON1024+HMAC-SHA512+AES256GCM+DKG4of7,STOLEN_KEY,90,33.58,82,CUMULATIVE,164,2200,85021,88000,164,0.497312,0.097369,0.047535,0.02439,0.930626,99.81,28.34,89.58,0.749638,0.923983,1,3,0,0,76,1448,0.151066,1,0.4939,2,3,0,0,V2,1,0.104197,3362.804878,2,0,2,0.895803,0,2,0,200
EDCF-Shield,v2a,FALCON1024+HMAC-SHA512+AES256GCM+DKG4of7,STOLEN_KEY,90,33.58,83,CYCLE,166,0,1080,1100,0,0.495413,0.004054,0,0,0,100,28.87,88.91,0.749643,0.923881,1,3,0,0,76,1448,0.150369,1,0.494,2,3,0,0,V2,1,0.104273,3364.457831,2,0,2,0.895727,0,2,0,200
EDCF-Shield,v2a,FALCON1024+HMAC-SHA512+AES256GCM+DKG4of7,STOLEN_KEY,90,33.58,83,CUMULATIVE,166,2200,86101,89100,164,0.497288,0.096788,0.046976,0.024096,0.930626,99.81,28.34,89.57,0.749643,0.923881,1,3,0,0,76,1448,0.150369,1,0.494,2,3,0,0,V2,1,0.104273,3364.457831,2,0,2,0.895727,0,2,0,200
EDCF-Shield,v2a,FALCON1024+HMAC-SHA512+AES256GCM+DKG4of7,STOLEN_KEY,90,33.58,84,CYCLE,168,0,1080,1100,0,0.495413,0.004005,0,0,0,100,28.89,88.89,0.749647,0.92378,1,3,0,0,76,1448,0.149682,1,0.494,2,3,0,0,V2,1,0.104349,3366.071429,2,0,2,0.895651,0,2,0,200
EDCF-Shield,v2a,FALCON1024+HMAC-SHA512+AES256GCM+DKG4of7,STOLEN_KEY,90,33.58,84,CUMULATIVE,168,2200,87181,90200,164,0.497266,0.096218,0.046431,0.02381,0.930626,99.81,28.35,89.57,0.749647,0.92378,1,3,0,0,76,1448,0.149682,1,0.494,2,3,0,0,V2,1,0.104349,3366.071429,2,0,2,0.895651,0,2,0,200
EDCF-Shield,v2a,FALCON1024+HMAC-SHA512+AES256GCM+DKG4of7,STOLEN_KEY,90,33.58,85,CYCLE,170,0,1080,1100,0,0.495413,0.003958,0,0,0,100,28.81,88.98,0.749652,0.923689,1,3,0,0,76,1448,0.149005,1,0.4941,2,3,0,0,V2,1,0.104414,3367.647059,2,0,2,0.895586,0,2,0,200
EDCF-Shield,v2a,FALCON1024+HMAC-SHA512+AES256GCM+DKG4of7,STOLEN_KEY,90,33.58,85,CUMULATIVE,170,2200,88261,91300,164,0.497243,0.095657,0.045898,0.023529,0.930626,99.81,28.35,89.56,0.749652,0.923689,1,3,0,0,76,1448,0.149005,1,0.4941,2,3,0,0,V2,1,0.104414,3367.647059,2,0,2,0.895586,0,2,0,200
EDCF-Shield,v2a,FALCON1024+HMAC-SHA512+AES256GCM+DKG4of7,STOLEN_KEY,90,33.58,86,CYCLE,172,0,1080,1100,0,0.495413,0.003912,0,0,0,100,28.74,89.07,0.749656,0.923608,1,3,0,0,76,1448,0.148339,1,0.4942,2,3,0,0,V2,1,0.104469,3369.186047,2,0,2,0.895531,0,2,0,200
EDCF-Shield,v2a,FALCON1024+HMAC-SHA512+AES256GCM+DKG4of7,STOLEN_KEY,90,33.58,86,CUMULATIVE,172,2200,89341,92400,164,0.497222,0.095106,0.045378,0.023256,0.930626,99.82,28.36,89.55,0.749656,0.923608,1,3,0,0,76,1448,0.148339,1,0.4942,2,3,0,0,V2,1,0.104469,3369.186047,2,0,2,0.895531,0,2,0,200
EDCF-Shield,v2a,FALCON1024+HMAC-SHA512+AES256GCM+DKG4of7,STOLEN_KEY,90,33.58,87,CYCLE,174,0,1080,1100,0,0.495413,0.003867,0,0,0,100,28.58,89.27,0.74966,0.923547,1,3,0,0,76,1448,0.147681,1,0.4943,2,3,0,0,V2,1,0.1045,3370.689655,2,0,2,0.8955,0,2,0,200
EDCF-Shield,v2a,FALCON1024+HMAC-SHA512+AES256GCM+DKG4of7,STOLEN_KEY,90,33.58,87,CUMULATIVE,174,2200,90421,93500,164,0.497201,0.094565,0.044869,0.022989,0.930626,99.82,28.36,89.55,0.74966,0.923547,1,3,0,0,76,1448,0.147681,1,0.4943,2,3,0,0,V2,1,0.1045,3370.689655,2,0,2,0.8955,0,2,0,200
EDCF-Shield,v2a,FALCON1024+HMAC-SHA512+AES256GCM+DKG4of7,STOLEN_KEY,90,33.58,88,CYCLE,176,0,1080,1100,0,0.495413,0.003823,0,0,0,100,28.59,89.27,0.749664,0.923486,1,3,0,0,76,1448,0.147034,1,0.4943,2,3,0,0,V2,1,0.104532,3372.159091,2,0,2,0.895468,0,2,0,200
EDCF-Shield,v2a,FALCON1024+HMAC-SHA512+AES256GCM+DKG4of7,STOLEN_KEY,90,33.58,88,CUMULATIVE,176,2200,91501,94600,164,0.49718,0.094033,0.044371,0.022727,0.930626,99.82,28.36,89.55,0.749664,0.923486,1,3,0,0,76,1448,0.147034,1,0.4943,2,3,0,0,V2,1,0.104532,3372.159091,2,0,2,0.895468,0,2,0,200
EDCF-Shield,v2a,FALCON1024+HMAC-SHA512+AES256GCM+DKG4of7,STOLEN_KEY,90,33.58,89,CYCLE,178,0,1080,1100,0,0.495413,0.00378,0,0,0,100,28.71,89.11,0.749668,0.923413,1,3,0,0,76,1448,0.146395,1,0.4944,2,3,0,0,V2,1,0.104579,3373.595506,2,0,2,0.895421,0,2,0,200
EDCF-Shield,v2a,FALCON1024+HMAC-SHA512+AES256GCM+DKG4of7,STOLEN_KEY,90,33.58,89,CUMULATIVE,178,2200,92581,95700,164,0.49716,0.09351,0.043884,0.022472,0.930626,99.82,28.37,89.54,0.749668,0.923413,1,3,0,0,76,1448,0.146395,1,0.4944,2,3,0,0,V2,1,0.104579,3373.595506,2,0,2,0.895421,0,2,0,200
EDCF-Shield,v2a,FALCON1024+HMAC-SHA512+AES256GCM+DKG4of7,STOLEN_KEY,90,33.58,90,CYCLE,180,0,1080,1100,0,0.495413,0.003738,0,0,0,100,28.88,88.91,0.749672,0.923325,1,3,0,0,76,1448,0.145765,1,0.4944,2,3,0,0,V2,1,0.104645,3375,2,0,2,0.895355,0,2,0,200
EDCF-Shield,v2a,FALCON1024+HMAC-SHA512+AES256GCM+DKG4of7,STOLEN_KEY,90,33.58,90,CUMULATIVE,180,2200,93661,96800,164,0.49714,0.092995,0.043408,0.022222,0.930626,99.83,28.37,89.54,0.749672,0.923325,1,3,0,0,76,1448,0.145765,1,0.4944,2,3,0,0,V2,1,0.104645,3375,2,0,2,0.895355,0,2,0,200
EDCF-Shield,v2a,FALCON1024+HMAC-SHA512+AES256GCM+DKG4of7,STOLEN_KEY,90,33.58,91,CYCLE,182,0,1080,1100,0,0.495413,0.003697,0,0,0,100,28.91,88.86,0.749676,0.923234,1,3,0,0,76,1448,0.145145,1,0.4945,2,3,0,0,V2,1,0.104715,3376.373626,2,0,2,0.895285,0,2,0,200
EDCF-Shield,v2a,FALCON1024+HMAC-SHA512+AES256GCM+DKG4of7,STOLEN_KEY,90,33.58,91,CUMULATIVE,182,2200,94741,97900,164,0.497121,0.092489,0.042942,0.021978,0.930626,99.83,28.38,89.53,0.749676,0.923234,1,3,0,0,76,1448,0.145145,1,0.4945,2,3,0,0,V2,1,0.104715,3376.373626,2,0,2,0.895285,0,2,0,200
EDCF-Shield,v2a,FALCON1024+HMAC-SHA512+AES256GCM+DKG4of7,STOLEN_KEY,90,33.58,92,CYCLE,184,0,1080,1100,0,0.495413,0.003657,0,0,0,100,28.96,88.8,0.749679,0.92314,1,3,0,0,76,1448,0.144532,1,0.4946,2,3,0,0,V2,1,0.104789,3377.717391,2,0,2,0.895211,0,2,0,200
EDCF-Shield,v2a,FALCON1024+HMAC-SHA512+AES256GCM+DKG4of7,STOLEN_KEY,90,33.58,92,CUMULATIVE,184,2200,95821,99000,164,0.497102,0.09199,0.042486,0.021739,0.930626,99.83,28.38,89.52,0.749679,0.92314,1,3,0,0,76,1448,0.144532,1,0.4946,2,3,0,0,V2,1,0.104789,3377.717391,2,0,2,0.895211,0,2,0,200
EDCF-Shield,v2a,FALCON1024+HMAC-SHA512+AES256GCM+DKG4of7,STOLEN_KEY,90,33.58,93,CYCLE,186,0,1080,1100,0,0.495413,0.003618,0,0,0,100,28.93,88.83,0.749683,0.923051,1,3,0,0,76,1448,0.143928,1,0.4946,2,3,0,0,V2,1,0.104859,3379.032258,2,0,2,0.895141,0,2,0,200
EDCF-Shield,v2a,FALCON1024+HMAC-SHA512+AES256GCM+DKG4of7,STOLEN_KEY,90,33.58,93,CUMULATIVE,186,2200,96901,100100,164,0.497083,0.0915,0.042039,0.021505,0.930626,99.83,28.39,89.51,0.749683,0.923051,1,3,0,0,76,1448,0.143928,1,0.4946,2,3,0,0,V2,1,0.104859,3379.032258,2,0,2,0.895141,0,2,0,200
EDCF-Shield,v2a,FALCON1024+HMAC-SHA512+AES256GCM+DKG4of7,STOLEN_KEY,90,33.58,94,CYCLE,188,0,1080,1100,0,0.495413,0.003579,0,0,0,100,28.9,88.87,0.749686,0.922966,1,3,0,0,76,1448,0.143333,1,0.4947,2,3,0,0,V2,1,0.104923,3380.319149,2,0,2,0.895077,0,2,0,200
EDCF-Shield,v2a,FALCON1024+HMAC-SHA512+AES256GCM+DKG4of7,STOLEN_KEY,90,33.58,94,CUMULATIVE,188,2200,97981,101200,164,0.497065,0.091018,0.041602,0.021277,0.930626,99.83,28.39,89.51,0.749686,0.922966,1,3,0,0,76,1448,0.143333,1,0.4947,2,3,0,0,V2,1,0.104923,3380.319149,2,0,2,0.895077,0,2,0,200
EDCF-Shield,v2a,FALCON1024+HMAC-SHA512+AES256GCM+DKG4of7,STOLEN_KEY,90,33.58,95,CYCLE,190,0,1080,1100,0,0.495413,0.003542,0,0,0,100,28.92,88.85,0.74969,0.922881,1,3,0,0,76,1448,0.142745,1,0.4947,2,3,0,0,V2,1,0.104989,3381.578947,2,0,2,0.895011,0,2,0,200
EDCF-Shield,v2a,FALCON1024+HMAC-SHA512+AES256GCM+DKG4of7,STOLEN_KEY,90,33.58,95,CUMULATIVE,190,2200,99061,102300,164,0.497047,0.090543,0.041174,0.021053,0.930626,99.83,28.4,89.5,0.74969,0.922881,1,3,0,0,76,1448,0.142745,1,0.4947,2,3,0,0,V2,1,0.104989,3381.578947,2,0,2,0.895011,0,2,0,200
EDCF-Shield,v2a,FALCON1024+HMAC-SHA512+AES256GCM+DKG4of7,STOLEN_KEY,90,33.58,96,CYCLE,192,0,1080,1100,0,0.495413,0.003505,0,0,0,100,28.9,88.87,0.749693,0.9228,1,3,0,0,76,1448,0.142165,1,0.4948,2,3,0,0,V2,1,0.105051,3382.8125,2,0,2,0.894949,0,2,0,200
EDCF-Shield,v2a,FALCON1024+HMAC-SHA512+AES256GCM+DKG4of7,STOLEN_KEY,90,33.58,96,CUMULATIVE,192,2200,100141,103400,164,0.49703,0.090076,0.040754,0.020833,0.930626,99.84,28.4,89.49,0.749693,0.9228,1,3,0,0,76,1448,0.142165,1,0.4948,2,3,0,0,V2,1,0.105051,3382.8125,2,0,2,0.894949,0,2,0,200
EDCF-Shield,v2a,FALCON1024+HMAC-SHA512+AES256GCM+DKG4of7,STOLEN_KEY,90,33.58,97,CYCLE,194,0,1080,1100,0,0.495413,0.003469,0,0,0,100,28.87,88.91,0.749696,0.922724,1,3,0,0,76,1448,0.141592,1,0.4948,2,3,0,0,V2,1,0.105107,3384.020619,2,0,2,0.894893,0,2,0,200
EDCF-Shield,v2a,FALCON1024+HMAC-SHA512+AES256GCM+DKG4of7,STOLEN_KEY,90,33.58,97,CUMULATIVE,194,2200,101221,104500,164,0.497013,0.089615,0.040343,0.020619,0.930626,99.84,28.41,89.49,0.749696,0.922724,1,3,0,0,76,1448,0.141592,1,0.4948,2,3,0,0,V2,1,0.105107,3384.020619,2,0,2,0.894893,0,2,0,200
EDCF-Shield,v2a,FALCON1024+HMAC-SHA512+AES256GCM+DKG4of7,STOLEN_KEY,90,33.58,98,CYCLE,196,0,1080,1100,0,0.495413,0.003433,0,0,0,100,28.84,88.95,0.7497,0.922652,1,3,0,0,76,1448,0.141027,1,0.4949,2,3,0,0,V2,1,0.105159,3385.204082,2,0,2,0.894841,0,2,0,200
EDCF-Shield,v2a,FALCON1024+HMAC-SHA512+AES256GCM+DKG4of7,STOLEN_KEY,90,33.58,98,CUMULATIVE,196,2200,102301,105600,164,0.496997,0.089162,0.03994,0.020408,0.930626,99.84,28.41,89.48,0.7497,0.922652,1,3,0,0,76,1448,0.141027,1,0.4949,2,3,0,0,V2,1,0.105159,3385.204082,2,0,2,0.894841,0,2,0,200
EDCF-Shield,v2a,FALCON1024+HMAC-SHA512+AES256GCM+DKG4of7,STOLEN_KEY,90,33.58,99,CYCLE,198,0,1080,1100,0,0.495413,0.003398,0,0,0,100,28.87,88.91,0.749703,0.922579,1,3,0,0,76,1448,0.14047,1,0.4949,2,3,0,0,V2,1,0.105214,3386.363636,2,0,2,0.894786,0,2,0,200
EDCF-Shield,v2a,FALCON1024+HMAC-SHA512+AES256GCM+DKG4of7,STOLEN_KEY,90,33.58,99,CUMULATIVE,198,2200,103381,106700,164,0.49698,0.088715,0.039546,0.020202,0.930626,99.84,28.42,89.48,0.749703,0.922579,1,3,0,0,76,1448,0.14047,1,0.4949,2,3,0,0,V2,1,0.105214,3386.363636,2,0,2,0.894786,0,2,0,200
EDCF-Shield,v2a,FALCON1024+HMAC-SHA512+AES256GCM+DKG4of7,STOLEN_KEY,90,33.58,100,CYCLE,200,0,1080,1100,0,0.495413,0.003364,0,0,0,100,28.92,88.86,0.749706,0.922502,1,3,0,0,76,1448,0.139919,1,0.495,2,3,0,0,V2,1,0.105273,3387.5,2,0,2,0.894727,0,2,0,200
EDCF-Shield,v2a,FALCON1024+HMAC-SHA512+AES256GCM+DKG4of7,STOLEN_KEY,90,33.58,100,CUMULATIVE,200,2200,104461,107800,164,0.496964,0.088275,0.039158,0.02,0.930626,99.84,28.42,89.47,0.749706,0.922502,1,3,0,0,76,1448,0.139919,1,0.495,2,3,0,0,V2,1,0.105273,3387.5,2,0,2,0.894727,0,2,0,200
EDCF-Shield,v2a,FALCON1024+HMAC-SHA512+AES256GCM+DKG4of7,STOLEN_KEY,90,33.58,101,CYCLE,202,0,1080,1100,0,0.495413,0.003331,0,0,0,100,28.94,88.82,0.749709,0.922425,1,3,0,0,76,1448,0.139376,1,0.495,2,3,0,0,V2,1,0.105334,3388.613861,2,0,2,0.894666,0,2,0,200
EDCF-Shield,v2a,FALCON1024+HMAC-SHA512+AES256GCM+DKG4of7,STOLEN_KEY,90,33.58,101,CUMULATIVE,202,2200,105541,108900,164,0.496949,0.087842,0.038779,0.019802,0.930626,99.84,28.43,89.47,0.749709,0.922425,1,3,0,0,76,1448,0.139376,1,0.495,2,3,0,0,V2,1,0.105334,3388.613861,2,0,2,0.894666,0,2,0,200
EDCF-Shield,v2a,FALCON1024+HMAC-SHA512+AES256GCM+DKG4of7,STOLEN_KEY,90,33.58,102,CYCLE,204,0,1080,1100,0,0.495413,0.003298,0,0,0,100,28.87,88.91,0.749712,0.922355,1,3,0,0,76,1448,0.138839,1,0.4951,2,3,0,0,V2,1,0.105385,3389.705882,2,0,2,0.894615,0,2,0,200
EDCF-Shield,v2a,FALCON1024+HMAC-SHA512+AES256GCM+DKG4of7,STOLEN_KEY,90,33.58,102,CUMULATIVE,204,2200,106621,110000,164,0.496934,0.087415,0.038406,0.019608,0.930626,99.85,28.43,89.46,0.749712,0.922355,1,3,0,0,76,1448,0.138839,1,0.4951,2,3,0,0,V2,1,0.105385,3389.705882,2,0,2,0.894615,0,2,0,200
EDCF-Shield,v2a,FALCON1024+HMAC-SHA512+AES256GCM+DKG4of7,STOLEN_KEY,90,33.58,103,CYCLE,206,0,1080,1100,0,0.495413,0.003266,0,0,0,100,28.82,88.98,0.749715,0.922292,1,3,0,0,76,1448,0.138309,1,0.4951,2,3,0,0,V2,1,0.105431,3390.776699,2,0,2,0.894569,0,2,0,200
EDCF-Shield,v2a,FALCON1024+HMAC-SHA512+AES256GCM+DKG4of7,STOLEN_KEY,90,33.58,103,CUMULATIVE,206,2200,107701,111100,164,0.496919,0.086994,0.038041,0.019417,0.930626,99.85,28.43,89.46,0.749715,0.922292,1,3,0,0,76,1448,0.138309,1,0.4951,2,3,0,0,V2,1,0.105431,3390.776699,2,0,2,0.894569,0,2,0,200
EDCF-Shield,v2a,FALCON1024+HMAC-SHA512+AES256GCM+DKG4of7,STOLEN_KEY,90,33.58,104,CYCLE,208,0,1080,1100,0,0.495413,0.003235,0,0,0,100,28.78,89.02,0.749717,0.922233,1,3,0,0,76,1448,0.137785,1,0.4952,2,3,0,0,V2,1,0.105471,3391.826923,2,0,2,0.894529,0,2,0,200
EDCF-Shield,v2a,FALCON1024+HMAC-SHA512+AES256GCM+DKG4of7,STOLEN_KEY,90,33.58,104,CUMULATIVE,208,2200,108781,112200,164,0.496904,0.086579,0.037683,0.019231,0.930626,99.85,28.44,89.45,0.749717,0.922233,1,3,0,0,76,1448,0.137785,1,0.4952,2,3,0,0,V2,1,0.105471,3391.826923,2,0,2,0.894529,0,2,0,200
EDCF-Shield,v2a,FALCON1024+HMAC-SHA512+AES256GCM+DKG4of7,STOLEN_KEY,90,33.58,105,CYCLE,210,0,1080,1100,0,0.495413,0.003204,0,0,0,100,28.74,89.08,0.74972,0.92218,1,3,0,0,76,1448,0.137268,1,0.4952,2,3,0,0,V2,1,0.105505,3392.857143,2,0,2,0.894495,0,2,0,200
EDCF-Shield,v2a,FALCON1024+HMAC-SHA512+AES256GCM+DKG4of7,STOLEN_KEY,90,33.58,105,CUMULATIVE,210,2200,109861,113300,164,0.496889,0.08617,0.037331,0.019048,0.930626,99.85,28.44,89.45,0.74972,0.92218,1,3,0,0,76,1448,0.137268,1,0.4952,2,3,0,0,V2,1,0.105505,3392.857143,2,0,2,0.894495,0,2,0,200
EDCF-Shield,v2a,FALCON1024+HMAC-SHA512+AES256GCM+DKG4of7,STOLEN_KEY,90,33.58,106,CYCLE,212,0,1080,1100,0,0.495413,0.003174,0,0,0,100,28.72,89.1,0.749723,0.922129,1,3,0,0,76,1448,0.136757,1,0.4953,2,3,0,0,V2,1,0.105537,3393.867925,2,0,2,0.894463,0,2,0,200
EDCF-Shield,v2a,FALCON1024+HMAC-SHA512+AES256GCM+DKG4of7,STOLEN_KEY,90,33.58,106,CUMULATIVE,212,2200,110941,114400,164,0.496875,0.085767,0.036986,0.018868,0.930626,99.85,28.44,89.45,0.749723,0.922129,1,3,0,0,76,1448,0.136757,1,0.4953,2,3,0,0,V2,1,0.105537,3393.867925,2,0,2,0.894463,0,2,0,200
EDCF-Shield,v2a,FALCON1024+HMAC-SHA512+AES256GCM+DKG4of7,STOLEN_KEY,90,33.58,107,CYCLE,214,0,1080,1100,0,0.495413,0.003144,0,0,0,100,28.75,89.06,0.749726,0.922076,1,3,0,0,76,1448,0.136252,1,0.4953,2,3,0,0,V2,1,0.105572,3394.859813,2,0,2,0.894428,0,2,0,200
EDCF-Shield,v2a,FALCON1024+HMAC-SHA512+AES256GCM+DKG4of7,STOLEN_KEY,90,33.58,107,CUMULATIVE,214,2200,112021,115500,164,0.496861,0.085369,0.036647,0.018692,0.930626,99.85,28.45,89.44,0.749726,0.922076,1,3,0,0,76,1448,0.136252,1,0.4953,2,3,0,0,V2,1,0.105572,3394.859813,2,0,2,0.894428,0,2,0,200
EDCF-Shield,v2a,FALCON1024+HMAC-SHA512+AES256GCM+DKG4of7,STOLEN_KEY,90,33.58,108,CYCLE,216,0,1080,1100,0,0.495413,0.003115,0,0,0,100,28.81,88.98,0.749728,0.922019,1,3,0,0,76,1448,0.135753,1,0.4954,2,3,0,0,V2,1,0.105613,3395.833333,2,0,2,0.894387,0,2,0,200
EDCF-Shield,v2a,FALCON1024+HMAC-SHA512+AES256GCM+DKG4of7,STOLEN_KEY,90,33.58,108,CUMULATIVE,216,2200,113101,116600,164,0.496848,0.084977,0.036314,0.018519,0.930626,99.86,28.45,89.44,0.749728,0.922019,1,3,0,0,76,1448,0.135753,1,0.4954,2,3,0,0,V2,1,0.105613,3395.833333,2,0,2,0.894387,0,2,0,200
EDCF-Shield,v2a,FALCON1024+HMAC-SHA512+AES256GCM+DKG4of7,STOLEN_KEY,90,33.58,109,CYCLE,218,0,1080,1100,0,0.495413,0.003087,0,0,0,100,28.86,88.92,0.749731,0.921958,1,3,0,0,76,1448,0.13526,1,0.4954,2,3,0,0,V2,1,0.105658,3396.788991,2,0,2,0.894342,0,2,0,200
EDCF-Shield,v2a,FALCON1024+HMAC-SHA512+AES256GCM+DKG4of7,STOLEN_KEY,90,33.58,109,CUMULATIVE,218,2200,114181,117700,164,0.496835,0.08459,0.035988,0.018349,0.930626,99.86,28.45,89.43,0.749731,0.921958,1,3,0,0,76,1448,0.13526,1,0.4954,2,3,0,0,V2,1,0.105658,3396.788991,2,0,2,0.894342,0,2,0,200
EDCF-Shield,v2a,FALCON1024+HMAC-SHA512+AES256GCM+DKG4of7,STOLEN_KEY,90,33.58,110,CYCLE,219.5,0,810,660,0,0.55102,0.003059,0,0,0,100,27.27,90.92,0.749733,0.921911,1,3,0,0,76,1448,0.134773,1,0.4966,2,3,0,0,V2,1,0.105564,3397.494305,2,0,2,0.894436,0,2,0,200
EDCF-Shield,v2a,FALCON1024+HMAC-SHA512+AES256GCM+DKG4of7,STOLEN_KEY,90,33.58,110,CUMULATIVE,219.5,2200,114991,118360,164,0.497172,0.0844,0.035794,0.018248,0.930626,99.86,28.45,89.44,0.749733,0.921911,1,3,0,0,76,1448,0.134773,1,0.4966,2,3,0,0,V2,1,0.105564,3397.494305,2,0,2,0.894436,0,2,0,200
EDCF-Shield,v2a,FALCON1024+HMAC-SHA512+AES256GCM+DKG4of7,STOLEN_KEY,150,55.97,1,CYCLE,2,500,0,0,0,1,0.5,1,1,1,0,100,0,0,0,1,0,0,0,76,1448,0,1,0,0,0,0,0,V2,0,1,-100,1,0,0,0,0,0,0,200
EDCF-Shield,v2a,FALCON1024+HMAC-SHA512+AES256GCM+DKG4of7,STOLEN_KEY,150,55.97,1,CUMULATIVE,2,500,0,0,0,1,0.5,1,1,1,0,100,0,0,0,1,0,0,0,76,1448,0,1,0,0,0,0,0,V2,0,1,-100,1,0,0,0,0,0,0,200
EDCF-Shield,v2a,FALCON1024+HMAC-SHA512+AES256GCM+DKG4of7,STOLEN_KEY,150,55.97,2,CYCLE,4,500,0,0,150,0.769231,0.250018,0.869565,1,0.769231,0,40.73,74.09,0,0.927536,1,0,0,0,76,1448,0,1,0.25,2,0,0,0,V2,0,0.411523,150,2,0,2,0.588477,0,1,0,200
EDCF-Shield,v2a,FALCON1024+HMAC-SHA512+AES256GCM+DKG4of7,STOLEN_KEY,150,55.97,2,CUMULATIVE,4,1000,0,0,150,0.869565,0.000046,0.930233,1,0.869565,0,52.92,58.85,0,0.927536,1,0,0,0,76,1448,0,1,0.25,2,0,0,0,V2,0,0.411523,150,2,0,2,0.588477,0,1,0,200
EDCF-Shield,v2a,FALCON1024+HMAC-SHA512+AES256GCM+DKG4of7,STOLEN_KEY,150,55.97,3,CYCLE,6,0,376,500,14,0.422472,0.118965,0,0,0,96.41,28.54,89.32,0.676259,0.933738,1,3,0,0,76,1448,0,1,0.3333,2,3,0,0,V2,1,0.210881,500,2,0,2,0.789119,0,2,0,200
EDCF-Shield,v2a,FALCON1024+HMAC-SHA512+AES256GCM+DKG4of7,STOLEN_KEY,150,55.97,3,CUMULATIVE,6,1000,376,500,164,0.67451,0.323501,0.750751,0.666667,0.859107,69.63,36.87,78.91,0.676259,0.933738,1,3,0,0,76,1448,0,1,0.3333,2,3,0,0,V2,1,0.210881,500,2,0,2,0.789119,0,2,0,200
EDCF-Shield,v2a,FALCON1024+HMAC-SHA512+AES256GCM+DKG4of7,STOLEN_KEY,150,55.97,4,CYCLE,8,0,630,500,0,0.557522,0.089225,0,0,0,100,25.67,92.91,0.72063,0.933747,1,3,0,0,76,1448,0,1,0.375,2,3,0,0,V2,1,0.141213,875,2,0,2,0.858787,0,2,0,200
EDCF-Shield,v2a,FALCON1024+HMAC-SHA512+AES256GCM+DKG4of7,STOLEN_KEY,150,55.97,4,CUMULATIVE,8,1000,1006,1000,164,0.632808,0.360215,0.632111,0.5,0.859107,85.98,31.3,85.88,0.72063,0.933747,1,3,0,0,76,1448,0,1,0.375,2,3,0,0,V2,1,0.141213,875,2,0,2,0.858787,0,2,0,200
EDCF-Shield,v2a,FALCON1024+HMAC-SHA512+AES256GCM+DKG4of7,STOLEN_KEY,150,55.97,5,CYCLE,10,0,870,500,0,0.635036,0.071382,0,0,0,100,24.16,94.8,0.733959,0.933965,1,3,0,0,76,1448,0.360215,1,0.4,2,3,0,0,V2,1,0.105152,1260,2,0,2,0.894848,0,2,0,200
EDCF-Shield,v2a,FALCON1024+HMAC-SHA512+AES256GCM+DKG4of7,STOLEN_KEY,150,55.97,5,CUMULATIVE,10,1000,1876,1500,164,0.63348,0.364103,0.545852,0.4,0.859107,91.96,28.41,89.48,0.733959,0.933965,1,3,0,0,76,1448,0.360215,1,0.4,2,3,0,0,V2,1,0.105152,1260,2,0,2,0.894848,0,2,0,200
EDCF-Shield,v2a,FALCON1024+HMAC-SHA512+AES256GCM+DKG4of7,STOLEN_KEY,150,55.97,6,CYCLE,12,0,1110,500,0,0.689441,0.059487,0,0,0,100,23.42,95.72,0.739841,0.933157,1,3,0,0,76,1448,0.362159,1,0.4167,2,3,0,0,V2,1,0.084586,1650,2,0,2,0.915414,0,2,0,200
EDCF-Shield,v2a,FALCON1024+HMAC-SHA512+AES256GCM+DKG4of7,STOLEN_KEY,150,55.97,6,CUMULATIVE,12,1000,2986,2000,164,0.64813,0.358911,0.480307,0.333333,0.859107,94.79,26.77,91.54,0.739841,0.933157,1,3,0,0,76,1448,0.362159,1,0.4167,2,3,0,0,V2,1,0.084586,1650,2,0,2,0.915414,0,2,0,200
EDCF-Shield,v2a,FALCON1024+HMAC-SHA512+AES256GCM+DKG4of7,STOLEN_KEY,150,55.97,7,CYCLE,14,0,1350,500,0,0.72973,0.050992,0,0,0,100,22.85,96.43,0.742975,0.932563,1,3,0,0,76,1448,0.361077,1,0.4286,2,3,0,0,V2,1,0.070727,2042.857143,2,0,2,0.929273,0,2,0,200
EDCF-Shield,v2a,FALCON1024+HMAC-SHA512+AES256GCM+DKG4of7,STOLEN_KEY,150,55.97,7,CUMULATIVE,14,1000,4336,2500,164,0.667,0.350697,0.428816,0.285714,0.859107,96.36,25.66,92.93,0.742975,0.932563,1,3,0,0,76,1448,0.361077,1,0.4286,2,3,0,0,V2,1,0.070727,2042.857143,2,0,2,0.929273,0,2,0,200
EDCF-Shield,v2a,FALCON1024+HMAC-SHA512+AES256GCM+DKG4of7,STOLEN_KEY,150,55.97,8,CYCLE,16,0,1590,500,0,0.760766,0.04462,0,0,0,100,22.49,96.89,0.744847,0.931774,1,3,0,0,76,1448,0.358482,1,0.4375,2,3,0,0,V2,1,0.061033,2437.5,2,0,2,0.938967,0,2,0,200
EDCF-Shield,v2a,FALCON1024+HMAC-SHA512+AES256GCM+DKG4of7,STOLEN_KEY,150,55.97,8,CUMULATIVE,16,1000,5926,3000,164,0.686422,0.341567,0.387297,0.25,0.859107,97.31,24.88,93.9,0.744847,0.931774,1,3,0,0,76,1448,0.358482,1,0.4375,2,3,0,0,V2,1,0.061033,2437.5,2,0,2,0.938967,0,2,0,200
EDCF-Shield,v2a,FALCON1024+HMAC-SHA512+AES256GCM+DKG4of7,STOLEN_KEY,150,55.97,9,CYCLE,18,0,1785,500,0,0.781182,0.039664,0,0,0,100,22.29,97.13,0.746033,0.930797,1,3,0,0,76,1448,0.355099,1,0.4444,2,3,0,0,V2,1,0.054224,2816.666667,2,0,2,0.945776,0,2,0,200
EDCF-Shield,v2a,FALCON1024+HMAC-SHA512+AES256GCM+DKG4of7,STOLEN_KEY,150,55.97,9,CUMULATIVE,18,1000,7711,3500,164,0.703919,0.331883,0.353107,0.222222,0.859107,97.92,24.34,94.58,0.746033,0.930797,1,3,0,0,76,1448,0.355099,1,0.4444,2,3,0,0,V2,1,0.054224,2816.666667,2,0,2,0.945776,0,2,0,200
EDCF-Shield,v2a,FALCON1024+HMAC-SHA512+AES256GCM+DKG4of7,STOLEN_KEY,150,55.97,10,CYCLE,20,0,1800,500,0,0.782609,0.0357,0,0,0,100,22.26,97.17,0.746781,0.930239,1,3,0,0,76,1448,0.35123,1,0.45,2,3,0,0,V2,1,0.049661,3125,2,0,2,0.950339,0,2,0,200
EDCF-Shield,v2a,FALCON1024+HMAC-SHA512+AES256GCM+DKG4of7,STOLEN_KEY,150,55.97,10,CUMULATIVE,20,1000,9511,4000,164,0.716252,0.321039,0.324465,0.2,0.859107,98.3,23.97,95.03,0.746781,0.930239,1,3,0,0,76,1448,0.35123,1,0.45,2,3,0,0,V2,1,0.049661,3125,2,0,2,0.950339,0,2,0,200
EDCF-Shield,v2a,FALCON1024+HMAC-SHA512+AES256GCM+DKG4of7,STOLEN_KEY,150,55.97,11,CYCLE,22,0,1800,500,0,0.782609,0.032456,0,0,0,100,22.27,97.16,0.747291,0.929802,1,3,0,0,76,1448,0.346917,1,0.4545,2,3,0,0,V2,1,0.046491,3377.272727,2,0,2,0.953509,0,2,0,200
EDCF-Shield,v2a,FALCON1024+HMAC-SHA512+AES256GCM+DKG4of7,STOLEN_KEY,150,55.97,11,CUMULATIVE,22,1000,11311,4500,164,0.725243,0.31023,0.30012,0.181818,0.859107,98.57,23.72,95.35,0.747291,0.929802,1,3,0,0,76,1448,0.346917,1,0.4545,2,3,0,0,V2,1,0.046491,3377.272727,2,0,2,0.953509,0,2,0,200
EDCF-Shield,v2a,FALCON1024+HMAC-SHA512+AES256GCM+DKG4of7,STOLEN_KEY,150,55.97,12,CYCLE,24,0,1800,500,0,0.782609,0.029753,0,0,0,100,22.29,97.13,0.747662,0.929375,1,3,0,0,76,1448,0.342331,1,0.4583,2,3,0,0,V2,1,0.044204,3587.5,2,0,2,0.955796,0,2,0,200
EDCF-Shield,v2a,FALCON1024+HMAC-SHA512+AES256GCM+DKG4of7,STOLEN_KEY,150,55.97,12,CUMULATIVE,24,1000,13111,5000,164,0.732088,0.299948,0.279174,0.166667,0.859107,98.76,23.54,95.58,0.747662,0.929375,1,3,0,0,76,1448,0.342331,1,0.4583,2,3,0,0,V2,1,0.044204,3587.5,2,0,2,0.955796,0,2,0,200
EDCF-Shield,v2a,FALCON1024+HMAC-SHA512+AES256GCM+DKG4of7,STOLEN_KEY,150,55.97,13,CYCLE,26,0,1800,500,0,0.782609,0.027466,0,0,0,100,22.31,97.12,0.747943,0.929002,1,3,0,0,76,1448,0.337622,1,0.4615,2,3,0,0,V2,1,0.042462,3765.384615,2,0,2,0.957538,0,2,0,200
EDCF-Shield,v2a,FALCON1024+HMAC-SHA512+AES256GCM+DKG4of7,STOLEN_KEY,150,55.97,13,CUMULATIVE,26,1000,14911,5500,164,0.737474,0.290344,0.26096,0.153846,0.859107,98.91,23.4,95.75,0.747943,0.929002,1,3,0,0,76,1448,0.337622,1,0.4615,2,3,0,0,V2,1,0.042462,3765.384615,2,0,2,0.957538,0,2,0,200
EDCF-Shield,v2a,FALCON1024+HMAC-SHA512+AES256GCM+DKG4of7,STOLEN_KEY,150,55.97,14,CYCLE,28,0,1800,500,0,0.782609,0.025506,0,0,0,100,22.31,97.11,0.748164,0.928677,1,3,0,0,76,1448,0.332894,1,0.4643,2,3,0,0,V2,1,0.04109,3917.857143,2,0,2,0.95891,0,2,0,200
EDCF-Shield,v2a,FALCON1024+HMAC-SHA512+AES256GCM+DKG4of7,STOLEN_KEY,150,55.97,14,CUMULATIVE,28,1000,16711,6000,164,0.741822,0.281436,0.244978,0.142857,0.859107,99.03,23.29,95.89,0.748164,0.928677,1,3,0,0,76,1448,0.332894,1,0.4643,2,3,0,0,V2,1,0.04109,3917.857143,2,0,2,0.95891,0,2,0,200
EDCF-Shield,v2a,FALCON1024+HMAC-SHA512+AES256GCM+DKG4of7,STOLEN_KEY,150,55.97,15,CYCLE,30,0,1800,500,0,0.782609,0.023807,0,0,0,100,22.3,97.13,0.748342,0.928459,1,3,0,0,76,1448,0.328216,1,0.4667,2,3,0,0,V2,1,0.039947,4050,2,0,2,0.960053,0,2,0,200
EDCF-Shield,v2a,FALCON1024+HMAC-SHA512+AES256GCM+DKG4of7,STOLEN_KEY,150,55.97,15,CUMULATIVE,30,1000,18511,6500,164,0.745406,0.273192,0.23084,0.133333,0.859107,99.12,23.2,96.01,0.748342,0.928459,1,3,0,0,76,1448,0.328216,1,0.4667,2,3,0,0,V2,1,0.039947,4050,2,0,2,0.960053,0,2,0,200
EDCF-Shield,v2a,FALCON1024+HMAC-SHA512+AES256GCM+DKG4of7,STOLEN_KEY,150,55.97,16,CYCLE,32,0,1800,500,0,0.782609,0.02232,0,0,0,100,22.27,97.16,0.748489,0.928368,1,3,0,0,76,1448,0.323631,1,0.4688,2,3,0,0,V2,1,0.038952,4165.625,2,0,2,0.961048,0,2,0,200
EDCF-Shield,v2a,FALCON1024+HMAC-SHA512+AES256GCM+DKG4of7,STOLEN_KEY,150,55.97,16,CUMULATIVE,32,1000,20311,7000,164,0.748411,0.265559,0.218245,0.125,0.859107,99.2,23.12,96.1,0.748489,0.928368,1,3,0,0,76,1448,0.323631,1,0.4688,2,3,0,0,V2,1,0.038952,4165.625,2,0,2,0.961048,0,2,0,200
EDCF-Shield,v2a,FALCON1024+HMAC-SHA512+AES256GCM+DKG4of7,STOLEN_KEY,150,55.97,17,CYCLE,34,0,1800,500,0,0.782609,0.021008,0,0,0,100,22.29,97.14,0.748612,0.928231,1,3,0,0,76,1448,0.319164,1,0.4706,2,3,0,0,V2,1,0.038144,4267.647059,2,0,2,0.961856,0,2,0,200
EDCF-Shield,v2a,FALCON1024+HMAC-SHA512+AES256GCM+DKG4of7,STOLEN_KEY,150,55.97,17,CUMULATIVE,34,1000,22111,7500,164,0.750967,0.258482,0.206954,0.117647,0.859107,99.26,23.05,96.19,0.748612,0.928231,1,3,0,0,76,1448,0.319164,1,0.4706,2,3,0,0,V2,1,0.038144,4267.647059,2,0,2,0.961856,0,2,0,200
EDCF-Shield,v2a,FALCON1024+HMAC-SHA512+AES256GCM+DKG4of7,STOLEN_KEY,150,55.97,18,CYCLE,36,0,1800,500,0,0.782609,0.019842,0,0,0,100,22.33,97.09,0.748716,0.928022,1,3,0,0,76,1448,0.314829,1,0.4722,2,3,0,0,V2,1,0.037499,4358.333333,2,0,2,0.962501,0,2,0,200
EDCF-Shield,v2a,FALCON1024+HMAC-SHA512+AES256GCM+DKG4of7,STOLEN_KEY,150,55.97,18,CUMULATIVE,36,1000,23911,8000,164,0.753167,0.251906,0.196773,0.111111,0.859107,99.32,23,96.25,0.748716,0.928022,1,3,0,0,76,1448,0.314829,1,0.4722,2,3,0,0,V2,1,0.037499,4358.333333,2,0,2,0.962501,0,2,0,200
EDCF-Shield,v2a,FALCON1024+HMAC-SHA512+AES256GCM+DKG4of7,STOLEN_KEY,150,55.97,19,CYCLE,38,0,1800,500,0,0.782609,0.018799,0,0,0,100,22.34,97.07,0.748806,0.927812,1,3,0,0,76,1448,0.310634,1,0.4737,2,3,0,0,V2,1,0.036953,4439.473684,2,0,2,0.963047,0,2,0,200
EDCF-Shield,v2a,FALCON1024+HMAC-SHA512+AES256GCM+DKG4of7,STOLEN_KEY,150,55.97,19,CUMULATIVE,38,1000,25711,8500,164,0.755081,0.245781,0.187547,0.105263,0.859107,99.37,22.96,96.3,0.748806,0.927812,1,3,0,0,76,1448,0.310634,1,0.4737,2,3,0,0,V2,1,0.036953,4439.473684,2,0,2,0.963047,0,2,0,200
EDCF-Shield,v2a,FALCON1024+HMAC-SHA512+AES256GCM+DKG4of7,STOLEN_KEY,150,55.97,20,CYCLE,40,0,1800,500,0,0.782609,0.01786,0,0,0,100,22.35,97.07,0.748884,0.927618,1,3,0,0,76,1448,0.306581,1,0.475,2,3,0,0,V2,1,0.03648,4512.5,2,0,2,0.96352,0,2,0,200
EDCF-Shield,v2a,FALCON1024+HMAC-SHA512+AES256GCM+DKG4of7,STOLEN_KEY,150,55.97,20,CUMULATIVE,40,1000,27511,9000,164,0.756762,0.240063,0.179147,0.1,0.859107,99.41,22.92,96.35,0.748884,0.927618,1,3,0,0,76,1448,0.306581,1,0.475,2,3,0,0,V2,1,0.03648,4512.5,2,0,2,0.96352,0,2,0,200
EDCF-Shield,v2a,FALCON1024+HMAC-SHA512+AES256GCM+DKG4of7,STOLEN_KEY,150,55.97,21,CYCLE,42,0,1800,500,0,0.782609,0.017011,0,0,0,100,22.35,97.06,0.748952,0.927441,1,3,0,0,76,1448,0.302668,1,0.4762,2,3,0,0,V2,1,0.036065,4578.571429,2,0,2,0.963935,0,2,0,200
EDCF-Shield,v2a,FALCON1024+HMAC-SHA512+AES256GCM+DKG4of7,STOLEN_KEY,150,55.97,21,CUMULATIVE,42,1000,29311,9500,164,0.758249,0.234712,0.171468,0.095238,0.859107,99.44,22.89,96.39,0.748952,0.927441,1,3,0,0,76,1448,0.302668,1,0.4762,2,3,0,0,V2,1,0.036065,4578.571429,2,0,2,0.963935,0,2,0,200
EDCF-Shield,v2a,FALCON1024+HMAC-SHA512+AES256GCM+DKG4of7,STOLEN_KEY,150,55.97,22,CYCLE,44,0,1800,500,0,0.782609,0.016238,0,0,0,100,22.38,97.02,0.749013,0.927226,1,3,0,0,76,1448,0.298893,1,0.4773,2,3,0,0,V2,1,0.035722,4638.636364,2,0,2,0.964278,0,2,0,200
EDCF-Shield,v2a,FALCON1024+HMAC-SHA512+AES256GCM+DKG4of7,STOLEN_KEY,150,55.97,22,CUMULATIVE,44,1000,31111,10000,164,0.759574,0.229691,0.16442,0.090909,0.859107,99.48,22.86,96.43,0.749013,0.927226,1,3,0,0,76,1448,0.298893,1,0.4773,2,3,0,0,V2,1,0.035722,4638.636364,2,0,2,0.964278,0,2,0,200
EDCF-Shield,v2a,FALCON1024+HMAC-SHA512+AES256GCM+DKG4of7,STOLEN_KEY,150,55.97,23,CYCLE,46,0,1800,500,0,0.782609,0.015533,0,0,0,100,22.38,97.02,0.749067,0.927036,1,3,0,0,76,1448,0.295251,1,0.4783,2,3,0,0,V2,1,0.035414,4693.478261,2,0,2,0.964586,0,2,0,200
EDCF-Shield,v2a,FALCON1024+HMAC-SHA512+AES256GCM+DKG4of7,STOLEN_KEY,150,55.97,23,CUMULATIVE,46,1000,32911,10500,164,0.760763,0.224971,0.157928,0.086957,0.859107,99.5,22.83,96.46,0.749067,0.927036,1,3,0,0,76,1448,0.295251,1,0.4783,2,3,0,0,V2,1,0.035414,4693.478261,2,0,2,0.964586,0,2,0,200
EDCF-Shield,v2a,FALCON1024+HMAC-SHA512+AES256GCM+DKG4of7,STOLEN_KEY,150,55.97,24,CYCLE,48,0,1800,500,0,0.782609,0.014887,0,0,0,100,22.38,97.02,0.749115,0.926862,1,3,0,0,76,1448,0.291737,1,0.4792,2,3,0,0,V2,1,0.035137,4743.75,2,0,2,0.964863,0,2,0,200
EDCF-Shield,v2a,FALCON1024+HMAC-SHA512+AES256GCM+DKG4of7,STOLEN_KEY,150,55.97,24,CUMULATIVE,48,1000,34711,11000,164,0.761835,0.220523,0.15193,0.083333,0.859107,99.53,22.81,96.49,0.749115,0.926862,1,3,0,0,76,1448,0.291737,1,0.4792,2,3,0,0,V2,1,0.035137,4743.75,2,0,2,0.964863,0,2,0,200
EDCF-Shield,v2a,FALCON1024+HMAC-SHA512+AES256GCM+DKG4of7,STOLEN_KEY,150,55.97,25,CYCLE,50,0,1800,500,0,0.782609,0.014292,0,0,0,100,22.41,96.98,0.749159,0.926657,1,3,0,0,76,1448,0.288345,1,0.48,2,3,0,0,V2,1,0.034908,4790,2,0,2,0.965092,0,2,0,200
EDCF-Shield,v2a,FALCON1024+HMAC-SHA512+AES256GCM+DKG4of7,STOLEN_KEY,150,55.97,25,CUMULATIVE,50,1000,36511,11500,164,0.762806,0.216323,0.14637,0.08,0.859107,99.55,22.79,96.51,0.749159,0.926657,1,3,0,0,76,1448,0.288345,1,0.48,2,3,0,0,V2,1,0.034908,4790,2,0,2,0.965092,0,2,0,200
EDCF-Shield,v2a,FALCON1024+HMAC-SHA512+AES256GCM+DKG4of7,STOLEN_KEY,150,55.97,26,CYCLE,52,0,1800,500,0,0.782609,0.013743,0,0,0,100,22.42,96.97,0.749198,0.926459,1,3,0,0,76,1448,0.285072,1,0.4808,2,3,0,0,V2,1,0.034703,4832.692308,2,0,2,0.965297,0,2,0,200
EDCF-Shield,v2a,FALCON1024+HMAC-SHA512+AES256GCM+DKG4of7,STOLEN_KEY,150,55.97,26,CUMULATIVE,52,1000,38311,12000,164,0.763691,0.21235,0.141203,0.076923,0.859107,99.57,22.78,96.53,0.749198,0.926459,1,3,0,0,76,1448,0.285072,1,0.4808,2,3,0,0,V2,1,0.034703,4832.692308,2,0,2,0.965297,0,2,0,200
EDCF-Shield,v2a,FALCON1024+HMAC-SHA512+AES256GCM+DKG4of7,STOLEN_KEY,150,55.97,27,CYCLE,54,0,1800,500,0,0.782609,0.013235,0,0,0,100,22.44,96.95,0.749234,0.926253,1,3,0,0,76,1448,0.28191,1,0.4815,2,3,0,0,V2,1,0.034526,4872.222222,2,0,2,0.965474,0,2,0,200
EDCF-Shield,v2a,FALCON1024+HMAC-SHA512+AES256GCM+DKG4of7,STOLEN_KEY,150,55.97,27,CUMULATIVE,54,1000,40111,12500,164,0.7645,0.208584,0.136388,0.074074,0.859107,99.59,22.76,96.55,0.749234,0.926253,1,3,0,0,76,1448,0.28191,1,0.4815,2,3,0,0,V2,1,0.034526,4872.222222,2,0,2,0.965474,0,2,0,200
EDCF-Shield,v2a,FALCON1024+HMAC-SHA512+AES256GCM+DKG4of7,STOLEN_KEY,150,55.97,28,CYCLE,56,0,1800,500,0,0.782609,0.012763,0,0,0,100,22.43,96.96,0.749267,0.926079,1,3,0,0,76,1448,0.278855,1,0.4821,2,3,0,0,V2,1,0.034357,4908.928571,2,0,2,0.965643,0,2,0,200
EDCF-Shield,v2a,FALCON1024+HMAC-SHA512+AES256GCM+DKG4of7,STOLEN_KEY,150,55.97,28,CUMULATIVE,56,1000,41911,13000,164,0.765243,0.205008,0.131891,0.071429,0.859107,99.61,22.75,96.56,0.749267,0.926079,1,3,0,0,76,1448,0.278855,1,0.4821,2,3,0,0,V2,1,0.034357,4908.928571,2,0,2,0.965643,0,2,0,200
EDCF-Shield,v2a,FALCON1024+HMAC-SHA512+AES256GCM+DKG4of7,STOLEN_KEY,150,55.97,29,CYCLE,58,0,1800,500,0,0.782609,0.012324,0,0,0,100,22.44,96.96,0.749297,0.925908,1,3,0,0,76,1448,0.275901,1,0.4828,2,3,0,0,V2,1,0.034206,4943.103448,2,0,2,0.965794,0,2,0,200
EDCF-Shield,v2a,FALCON1024+HMAC-SHA512+AES256GCM+DKG4of7,STOLEN_KEY,150,55.97,29,CUMULATIVE,58,1000,43711,13500,164,0.765927,0.201608,0.127681,0.068966,0.859107,99.63,22.74,96.58,0.749297,0.925908,1,3,0,0,76,1448,0.275901,1,0.4828,2,3,0,0,V2,1,0.034206,4943.103448,2,0,2,0.965794,0,2,0,200
EDCF-Shield,v2a,FALCON1024+HMAC-SHA512+AES256GCM+DKG4of7,STOLEN_KEY,150,55.97,30,CYCLE,60,0,1800,500,0,0.782609,0.011913,0,0,0,100,22.44,96.95,0.749325,0.925741,1,3,0,0,76,1448,0.273043,1,0.4833,2,3,0,0,V2,1,0.034069,4975,2,0,2,0.965931,0,2,0,200
EDCF-Shield,v2a,FALCON1024+HMAC-SHA512+AES256GCM+DKG4of7,STOLEN_KEY,150,55.97,30,CUMULATIVE,60,1000,45511,14000,164,0.76656,0.198369,0.123732,0.066667,0.859107,99.64,22.73,96.59,0.749325,0.925741,1,3,0,0,76,1448,0.273043,1,0.4833,2,3,0,0,V2,1,0.034069,4975,2,0,2,0.965931,0,2,0,200
EDCF-Shield,v2a,FALCON1024+HMAC-SHA512+AES256GCM+DKG4of7,STOLEN_KEY,150,55.97,31,CYCLE,62,0,1800,500,0,0.782609,0.01153,0,0,0,100,22.47,96.91,0.749351,0.925551,1,3,0,0,76,1448,0.270278,1,0.4839,2,3,0,0,V2,1,0.033958,5004.83871,2,0,2,0.966042,0,2,0,200
EDCF-Shield,v2a,FALCON1024+HMAC-SHA512+AES256GCM+DKG4of7,STOLEN_KEY,150,55.97,31,CUMULATIVE,62,1000,47311,14500,164,0.767146,0.19528,0.120019,0.064516,0.859107,99.65,22.72,96.6,0.749351,0.925551,1,3,0,0,76,1448,0.270278,1,0.4839,2,3,0,0,V2,1,0.033958,5004.83871,2,0,2,0.966042,0,2,0,200
EDCF-Shield,v2a,FALCON1024+HMAC-SHA512+AES256GCM+DKG4of7,STOLEN_KEY,150,55.97,32,CYCLE,64,0,1800,500,0,0.782609,0.01117,0,0,0,100,22.48,96.9,0.749374,0.925364,1,3,0,0,76,1448,0.267599,1,0.4844,2,3,0,0,V2,1,0.033858,5032.8125,2,0,2,0.966142,0,2,0,200
EDCF-Shield,v2a,FALCON1024+HMAC-SHA512+AES256GCM+DKG4of7,STOLEN_KEY,150,55.97,32,CUMULATIVE,64,1000,49111,15000,164,0.767691,0.192329,0.116523,0.0625,0.859107,99.67,22.71,96.61,0.749374,0.925364,1,3,0,0,76,1448,0.267599,1,0.4844,2,3,0,0,V2,1,0.033858,5032.8125,2,0,2,0.966142,0,2,0,200
EDCF-Shield,v2a,FALCON1024+HMAC-SHA512+AES256GCM+DKG4of7,STOLEN_KEY,150,55.97,33,CYCLE,66,0,1800,500,0,0.782609,0.010832,0,0,0,100,22.5,96.88,0.749396,0.925176,1,3,0,0,76,1448,0.265004,1,0.4848,2,3,0,0,V2,1,0.033771,5059.090909,2,0,2,0.966229,0,2,0,200
EDCF-Shield,v2a,FALCON1024+HMAC-SHA512+AES256GCM+DKG4of7,STOLEN_KEY,150,55.97,33,CUMULATIVE,66,1000,50911,15500,164,0.768198,0.189507,0.113225,0.060606,0.859107,99.68,22.7,96.62,0.749396,0.925176,1,3,0,0,76,1448,0.265004,1,0.4848,2,3,0,0,V2,1,0.033771,5059.090909,2,0,2,0.966229,0,2,0,200
EDCF-Shield,v2a,FALCON1024+HMAC-SHA512+AES256GCM+DKG4of7,STOLEN_KEY,150,55.97,34,CYCLE,68,0,1800,500,0,0.782609,0.010514,0,0,0,100,22.52,96.85,0.749417,0.92497,1,3,0,0,76,1448,0.262487,1,0.4853,2,3,0,0,V2,1,0.033701,5083.823529,2,0,2,0.966299,0,2,0,200
EDCF-Shield,v2a,FALCON1024+HMAC-SHA512+AES256GCM+DKG4of7,STOLEN_KEY,150,55.97,34,CUMULATIVE,68,1000,52711,16000,164,0.768673,0.186804,0.110108,0.058824,0.859107,99.69,22.7,96.63,0.749417,0.92497,1,3,0,0,76,1448,0.262487,1,0.4853,2,3,0,0,V2,1,0.033701,5083.823529,2,0,2,0.966299,0,2,0,200
EDCF-Shield,v2a,FALCON1024+HMAC-SHA512+AES256GCM+DKG4of7,STOLEN_KEY,150,55.97,35,CYCLE,70,0,1800,500,0,0.782609,0.010214,0,0,0,100,22.56,96.8,0.749436,0.92474,1,3,0,0,76,1448,0.260046,1,0.4857,2,3,0,0,V2,1,0.033651,5107.142857,2,0,2,0.966349,0,2,0,200
EDCF-Shield,v2a,FALCON1024+HMAC-SHA512+AES256GCM+DKG4of7,STOLEN_KEY,150,55.97,35,CUMULATIVE,70,1000,54511,16500,164,0.769117,0.184212,0.107158,0.057143,0.859107,99.7,22.69,96.63,0.749436,0.92474,1,3,0,0,76,1448,0.260046,1,0.4857,2,3,0,0,V2,1,0.033651,5107.142857,2,0,2,0.966349,0,2,0,200
EDCF-Shield,v2a,FALCON1024+HMAC-SHA512+AES256GCM+DKG4of7,STOLEN_KEY,150,55.97,36,CYCLE,72,0,1800,500,0,0.782609,0.009931,0,0,0,100,22.57,96.78,0.749454,0.924514,1,3,0,0,76,1448,0.257676,1,0.4861,2,3,0,0,V2,1,0.033608,5129.166667,2,0,2,0.966392,0,2,0,200
EDCF-Shield,v2a,FALCON1024+HMAC-SHA512+AES256GCM+DKG4of7,STOLEN_KEY,150,55.97,36,CUMULATIVE,72,1000,56311,17000,164,0.769533,0.181725,0.104362,0.055556,0.859107,99.71,22.69,96.64,0.749454,0.924514,1,3,0,0,76,1448,0.257676,1,0.4861,2,3,0,0,V2,1,0.033608,5129.166667,2,0,2,0.966392,0,2,0,200
EDCF-Shield,v2a,FALCON1024+HMAC-SHA512+AES256GCM+DKG4of7,STOLEN_KEY,150,55.97,37,CYCLE,74,0,1800,500,0,0.782609,0.009663,0,0,0,100,22.55,96.81,0.749471,0.92432,1,3,0,0,76,1448,0.255374,1,0.4865,2,3,0,0,V2,1,0.033559,5150,2,0,2,0.966441,0,2,0,200
EDCF-Shield,v2a,FALCON1024+HMAC-SHA512+AES256GCM+DKG4of7,STOLEN_KEY,150,55.97,37,CUMULATIVE,74,1000,58111,17500,164,0.769925,0.179335,0.101709,0.054054,0.859107,99.72,22.68,96.64,0.749471,0.92432,1,3,0,0,76,1448,0.255374,1,0.4865,2,3,0,0,V2,1,0.033559,5150,2,0,2,0.966441,0,2,0,200
EDCF-Shield,v2a,FALCON1024+HMAC-SHA512+AES256GCM+DKG4of7,STOLEN_KEY,150,55.97,38,CYCLE,76,0,1800,500,0,0.782609,0.00941,0,0,0,100,22.54,96.83,0.749487,0.924148,1,3,0,0,76,1448,0.253138,1,0.4868,2,3,0,0,V2,1,0.033508,5169.736842,2,0,2,0.966492,0,2,0,200
EDCF-Shield,v2a,FALCON1024+HMAC-SHA512+AES256GCM+DKG4of7,STOLEN_KEY,150,55.97,38,CUMULATIVE,76,1000,59911,18000,164,0.770294,0.177036,0.099187,0.052632,0.859107,99.73,22.68,96.65,0.749487,0.924148,1,3,0,0,76,1448,0.253138,1,0.4868,2,3,0,0,V2,1,0.033508,5169.736842,2,0,2,0.966492,0,2,0,200
EDCF-Shield,v2a,FALCON1024+HMAC-SHA512+AES256GCM+DKG4of7,STOLEN_KEY,150,55.97,39,CYCLE,78,0,1800,500,0,0.782609,0.009169,0,0,0,100,22.56,96.79,0.749502,0.923963,1,3,0,0,76,1448,0.250964,1,0.4872,2,3,0,0,V2,1,0.033469,5188.461538,2,0,2,0.966531,0,2,0,200
EDCF-Shield,v2a,FALCON1024+HMAC-SHA512+AES256GCM+DKG4of7,STOLEN_KEY,150,55.97,39,CUMULATIVE,78,1000,61711,18500,164,0.770642,0.174823,0.096787,0.051282,0.859107,99.73,22.68,96.65,0.749502,0.923963,1,3,0,0,76,1448,0.250964,1,0.4872,2,3,0,0,V2,1,0.033469,5188.461538,2,0,2,0.966531,0,2,0,200
EDCF-Shield,v2a,FALCON1024+HMAC-SHA512+AES256GCM+DKG4of7,STOLEN_KEY,150,55.97,40,CYCLE,80,0,1800,500,0,0.782609,0.00894,0,0,0,100,22.59,96.77,0.749516,0.923769,1,3,0,0,76,1448,0.248849,1,0.4875,2,3,0,0,V2,1,0.03344,5206.25,2,0,2,0.96656,0,2,0,200
EDCF-Shield,v2a,FALCON1024+HMAC-SHA512+AES256GCM+DKG4of7,STOLEN_KEY,150,55.97,40,CUMULATIVE,80,1000,63511,19000,164,0.770971,0.172691,0.0945,0.05,0.859107,99.74,22.68,96.66,0.749516,0.923769,1,3,0,0,76,1448,0.248849,1,0.4875,2,3,0,0,V2,1,0.03344,5206.25,2,0,2,0.96656,0,2,0,200
EDCF-Shield,v2a,FALCON1024+HMAC-SHA512+AES256GCM+DKG4of7,STOLEN_KEY,150,55.97,41,CYCLE,82,0,1800,500,0,0.782609,0.008723,0,0,0,100,22.63,96.71,0.749529,0.923552,1,3,0,0,76,1448,0.24679,1,0.4878,2,3,0,0,V2,1,0.033426,5223.170732,2,0,2,0.966574,0,2,0,200
EDCF-Shield,v2a,FALCON1024+HMAC-SHA512+AES256GCM+DKG4of7,STOLEN_KEY,150,55.97,41,CUMULATIVE,82,1000,65311,19500,164,0.771282,0.170634,0.092319,0.04878,0.859107,99.75,22.67,96.66,0.749529,0.923552,1,3,0,0,76,1448,0.24679,1,0.4878,2,3,0,0,V2,1,0.033426,5223.170732,2,0,2,0.966574,0,2,0,200
EDCF-Shield,v2a,FALCON1024+HMAC-SHA512+AES256GCM+DKG4of7,STOLEN_KEY,150,55.97,42,CYCLE,84,0,1800,500,0,0.782609,0.008515,0,0,0,100,22.66,96.68,0.749542,0.923324,1,3,0,0,76,1448,0.244786,1,0.4881,2,3,0,0,V2,1,0.033421,5239.285714,2,0,2,0.966579,0,2,0,200
EDCF-Shield,v2a,FALCON1024+HMAC-SHA512+AES256GCM+DKG4of7,STOLEN_KEY,150,55.97,42,CUMULATIVE,84,1000,67111,20000,164,0.771577,0.168648,0.090236,0.047619,0.859107,99.76,22.67,96.66,0.749542,0.923324,1,3,0,0,76,1448,0.244786,1,0.4881,2,3,0,0,V2,1,0.033421,5239.285714,2,0,2,0.966579,0,2,0,200
EDCF-Shield,v2a,FALCON1024+HMAC-SHA512+AES256GCM+DKG4of7,STOLEN_KEY,150,55.97,43,CYCLE,86,0,1800,500,0,0.782609,0.008318,0,0,0,100,22.59,96.77,0.749554,0.92316,1,3,0,0,76,1448,0.242834,1,0.4884,2,3,0,0,V2,1,0.033394,5254.651163,2,0,2,0.966606,0,2,0,200
EDCF-Shield,v2a,FALCON1024+HMAC-SHA512+AES256GCM+DKG4of7,STOLEN_KEY,150,55.97,43,CUMULATIVE,86,1000,68911,20500,164,0.771858,0.16673,0.088246,0.046512,0.859107,99.76,22.67,96.66,0.749554,0.92316,1,3,0,0,76,1448,0.242834,1,0.4884,2,3,0,0,V2,1,0.033394,5254.651163,2,0,2,0.966606,0,2,0,200
EDCF-Shield,v2a,FALCON1024+HMAC-SHA512+AES256GCM+DKG4of7,STOLEN_KEY,150,55.97,44,CYCLE,88,0,1800,500,0,0.782609,0.008129,0,0,0,100,22.59,96.76,0.749565,0.922998,1,3,0,0,76,1448,0.240931,1,0.4886,2,3,0,0,V2,1,0.033372,5269.318182,2,0,2,0.966628,0,2,0,200
EDCF-Shield,v2a,FALCON1024+HMAC-SHA512+AES256GCM+DKG4of7,STOLEN_KEY,150,55.97,44,CUMULATIVE,88,1000,70711,21000,164,0.772124,0.164876,0.086341,0.045455,0.859107,99.77,22.67,96.66,0.749565,0.922998,1,3,0,0,76,1448,0.240931,1,0.4886,2,3,0,0,V2,1,0.033372,5269.318182,2,0,2,0.966628,0,2,0,200
EDCF-Shield,v2a,FALCON1024+HMAC-SHA512+AES256GCM+DKG4of7,STOLEN_KEY,150,55.97,45,CYCLE,90,0,1800,500,0,0.782609,0.007949,0,0,0,100,22.64,96.69,0.749576,0.922807,1,3,0,0,76,1448,0.239076,1,0.4889,2,3,0,0,V2,1,0.033365,5283.333333,2,0,2,0.966635,0,2,0,200
EDCF-Shield,v2a,FALCON1024+HMAC-SHA512+AES256GCM+DKG4of7,STOLEN_KEY,150,55.97,45,CUMULATIVE,90,1000,72511,21500,164,0.772377,0.163082,0.084517,0.044444,0.859107,99.77,22.67,96.66,0.749576,0.922807,1,3,0,0,76,1448,0.239076,1,0.4889,2,3,0,0,V2,1,0.033365,5283.333333,2,0,2,0.966635,0,2,0,200
EDCF-Shield,v2a,FALCON1024+HMAC-SHA512+AES256GCM+DKG4of7,STOLEN_KEY,150,55.97,46,CYCLE,92,0,1800,500,0,0.782609,0.007777,0,0,0,100,22.65,96.69,0.749586,0.92262,1,3,0,0,76,1448,0.237267,1,0.4891,2,3,0,0,V2,1,0.033359,5296.73913,2,0,2,0.966641,0,2,0,200
EDCF-Shield,v2a,FALCON1024+HMAC-SHA512+AES256GCM+DKG4of7,STOLEN_KEY,150,55.97,46,CUMULATIVE,92,1000,74311,22000,164,0.772619,0.161345,0.082768,0.043478,0.859107,99.78,22.67,96.66,0.749586,0.92262,1,3,0,0,76,1448,0.237267,1,0.4891,2,3,0,0,V2,1,0.033359,5296.73913,2,0,2,0.966641,0,2,0,200
EDCF-Shield,v2a,FALCON1024+HMAC-SHA512+AES256GCM+DKG4of7,STOLEN_KEY,150,55.97,47,CYCLE,94,0,1800,500,0,0.782609,0.007612,0,0,0,100,22.63,96.72,0.749596,0.922457,1,3,0,0,76,1448,0.235501,1,0.4894,2,3,0,0,V2,1,0.033348,5309.574468,2,0,2,0.966652,0,2,0,200
EDCF-Shield,v2a,FALCON1024+HMAC-SHA512+AES256GCM+DKG4of7,STOLEN_KEY,150,55.97,47,CUMULATIVE,94,1000,76111,22500,164,0.772849,0.159662,0.08109,0.042553,0.859107,99.78,22.67,96.67,0.749596,0.922457,1,3,0,0,76,1448,0.235501,1,0.4894,2,3,0,0,V2,1,0.033348,5309.574468,2,0,2,0.966652,0,2,0,200
EDCF-Shield,v2a,FALCON1024+HMAC-SHA512+AES256GCM+DKG4of7,STOLEN_KEY,150,55.97,48,CYCLE,96,0,1800,500,0,0.782609,0.007454,0,0,0,100,22.59,96.76,0.749606,0.922327,1,3,0,0,76,1448,0.233778,1,0.4896,2,3,0,0,V2,1,0.033327,5321.875,2,0,2,0.966673,0,2,0,200
EDCF-Shield,v2a,FALCON1024+HMAC-SHA512+AES256GCM+DKG4of7,STOLEN_KEY,150,55.97,48,CUMULATIVE,96,1000,77911,23000,164,0.773069,0.15803,0.079479,0.041667,0.859107,99.79,22.67,96.67,0.749606,0.922327,1,3,0,0,76,1448,0.233778,1,0.4896,2,3,0,0,V2,1,0.033327,5321.875,2,0,2,0.966673,0,2,0,200
EDCF-Shield,v2a,FALCON1024+HMAC-SHA512+AES256GCM+DKG4of7,STOLEN_KEY,150,55.97,49,CYCLE,98,0,1800,500,0,0.782609,0.007302,0,0,0,100,22.58,96.78,0.749614,0.922211,1,3,0,0,76,1448,0.232094,1,0.4898,2,3,0,0,V2,1,0.033303,5333.673469,2,0,2,0.966697,0,2,0,200
EDCF-Shield,v2a,FALCON1024+HMAC-SHA512+AES256GCM+DKG4of7,STOLEN_KEY,150,55.97,49,CUMULATIVE,98,1000,79711,23500,164,0.773279,0.156447,0.07793,0.040816,0.859107,99.79,22.66,96.67,0.749614,0.922211,1,3,0,0,76,1448,0.232094,1,0.4898,2,3,0,0,V2,1,0.033303,5333.673469,2,0,2,0.966697,0,2,0,200
EDCF-Shield,v2a,FALCON1024+HMAC-SHA512+AES256GCM+DKG4of7,STOLEN_KEY,150,55.97,50,CYCLE,100,0,1800,500,0,0.782609,0.007156,0,0,0,100,22.59,96.77,0.749623,0.922093,1,3,0,0,76,1448,0.23045,1,0.49,2,3,0,0,V2,1,0.033283,5345,2,0,2,0.966717,0,2,0,200
EDCF-Shield,v2a,FALCON1024+HMAC-SHA512+AES256GCM+DKG4of7,STOLEN_KEY,150,55.97,50,CUMULATIVE,100,1000,81511,24000,164,0.77348,0.154911,0.076441,0.04,0.859107,99.8,22.66,96.67,0.749623,0.922093,1,3,0,0,76,1448,0.23045,1,0.49,2,3,0,0,V2,1,0.033283,5345,2,0,2,0.966717,0,2,0,200
EDCF-Shield,v2a,FALCON1024+HMAC-SHA512+AES256GCM+DKG4of7,STOLEN_KEY,150,55.97,51,CYCLE,102,0,1800,500,0,0.782609,0.007016,0,0,0,100,22.6,96.75,0.749631,0.921973,1,3,0,0,76,1448,0.228843,1,0.4902,2,3,0,0,V2,1,0.033267,5355.882353,2,0,2,0.966733,0,2,0,200
EDCF-Shield,v2a,FALCON1024+HMAC-SHA512+AES256GCM+DKG4of7,STOLEN_KEY,150,55.97,51,CUMULATIVE,102,1000,83311,24500,164,0.773673,0.153419,0.075008,0.039216,0.859107,99.8,22.66,96.67,0.749631,0.921973,1,3,0,0,76,1448,0.228843,1,0.4902,2,3,0,0,V2,1,0.033267,5355.882353,2,0,2,0.966733,0,2,0,200
EDCF-Shield,v2a,FALCON1024+HMAC-SHA512+AES256GCM+DKG4of7,STOLEN_KEY,150,55.97,52,CYCLE,104,0,1800,500,0,0.782609,0.006882,0,0,0,100,22.63,96.71,0.749639,0.921834,1,3,0,0,76,1448,0.227271,1,0.4904,2,3,0,0,V2,1,0.03326,5366.346154,2,0,2,0.96674,0,2,0,200
EDCF-Shield,v2a,FALCON1024+HMAC-SHA512+AES256GCM+DKG4of7,STOLEN_KEY,150,55.97,52,CUMULATIVE,104,1000,85111,25000,164,0.773858,0.151969,0.073627,0.038462,0.859107,99.81,22.66,96.67,0.749639,0.921834,1,3,0,0,76,1448,0.227271,1,0.4904,2,3,0,0,V2,1,0.03326,5366.346154,2,0,2,0.96674,0,2,0,200
EDCF-Shield,v2a,FALCON1024+HMAC-SHA512+AES256GCM+DKG4of7,STOLEN_KEY,150,55.97,53,CYCLE,106,0,1800,500,0,0.782609,0.006752,0,0,0,100,22.65,96.69,0.749646,0.921693,1,3,0,0,76,1448,0.225735,1,0.4906,2,3,0,0,V2,1,0.033256,5376.415094,2,0,2,0.966744,0,2,0,200
EDCF-Shield,v2a,FALCON1024+HMAC-SHA512+AES256GCM+DKG4of7,STOLEN_KEY,150,55.97,53,CUMULATIVE,106,1000,86911,25500,164,0.774035,0.150559,0.072296,0.037736,0.859107,99.81,22.66,96.67,0.749646,0.921693,1,3,0,0,76,1448,0.225735,1,0.4906,2,3,0,0,V2,1,0.033256,5376.415094,2,0,2,0.966744,0,2,0,200
EDCF-Shield,v2a,FALCON1024+HMAC-SHA512+AES256GCM+DKG4of7,STOLEN_KEY,150,55.97,54,CYCLE,108,0,1800,500,0,0.782609,0.006628,0,0,0,100,22.63,96.71,0.749654,0.921568,1,3,0,0,76,1448,0.224231,1,0.4907,2,3,0,0,V2,1,0.033249,5386.111111,2,0,2,0.966751,0,2,0,200
EDCF-Shield,v2a,FALCON1024+HMAC-SHA512+AES256GCM+DKG4of7,STOLEN_KEY,150,55.97,54,CUMULATIVE,108,1000,88711,26000,164,0.774205,0.149188,0.071013,0.037037,0.859107,99.82,22.66,96.68,0.749654,0.921568,1,3,0,0,76,1448,0.224231,1,0.4907,2,3,0,0,V2,1,0.033249,5386.111111,2,0,2,0.966751,0,2,0,200
EDCF-Shield,v2a,FALCON1024+HMAC-SHA512+AES256GCM+DKG4of7,STOLEN_KEY,150,55.97,55,CYCLE,110,0,1800,500,0,0.782609,0.006507,0,0,0,100,22.65,96.69,0.74966,0.921437,1,3,0,0,76,1448,0.22276,1,0.4909,2,3,0,0,V2,1,0.033246,5395.454545,2,0,2,0.966754,0,2,0,200
EDCF-Shield,v2a,FALCON1024+HMAC-SHA512+AES256GCM+DKG4of7,STOLEN_KEY,150,55.97,55,CUMULATIVE,110,1000,90511,26500,164,0.774369,0.147853,0.069774,0.036364,0.859107,99.82,22.66,96.68,0.74966,0.921437,1,3,0,0,76,1448,0.22276,1,0.4909,2,3,0,0,V2,1,0.033246,5395.454545,2,0,2,0.966754,0,2,0,200
EDCF-Shield,v2a,FALCON1024+HMAC-SHA512+AES256GCM+DKG4of7,STOLEN_KEY,150,55.97,56,CYCLE,112,0,1800,500,0,0.782609,0.006392,0,0,0,100,22.65,96.69,0.749667,0.921311,1,3,0,0,76,1448,0.221319,1,0.4911,2,3,0,0,V2,1,0.033243,5404.464286,2,0,2,0.966757,0,2,0,200
EDCF-Shield,v2a,FALCON1024+HMAC-SHA512+AES256GCM+DKG4of7,STOLEN_KEY,150,55.97,56,CUMULATIVE,112,1000,92311,27000,164,0.774526,0.146554,0.068578,0.035714,0.859107,99.82,22.66,96.68,0.749667,0.921311,1,3,0,0,76,1448,0.221319,1,0.4911,2,3,0,0,V2,1,0.033243,5404.464286,2,0,2,0.966757,0,2,0,200
EDCF-Shield,v2a,FALCON1024+HMAC-SHA512+AES256GCM+DKG4of7,STOLEN_KEY,150,55.97,57,CYCLE,114,0,1800,500,0,0.782609,0.00628,0,0,0,100,22.68,96.65,0.749673,0.921172,1,3,0,0,76,1448,0.219908,1,0.4912,2,3,0,0,V2,1,0.033247,5413.157895,2,0,2,0.966753,0,2,0,200
EDCF-Shield,v2a,FALCON1024+HMAC-SHA512+AES256GCM+DKG4of7,STOLEN_KEY,150,55.97,57,CUMULATIVE,114,1000,94111,27500,164,0.774677,0.145288,0.067422,0.035088,0.859107,99.83,22.66,96.68,0.749673,0.921172,1,3,0,0,76,1448,0.219908,1,0.4912,2,3,0,0,V2,1,0.033247,5413.157895,2,0,2,0.966753,0,2,0,200
EDCF-Shield,v2a,FALCON1024+HMAC-SHA512+AES256GCM+DKG4of7,STOLEN_KEY,150,55.97,58,CYCLE,116,0,1800,500,0,0.782609,0.006172,0,0,0,100,22.67,96.66,0.74968,0.92104,1,3,0,0,76,1448,0.218527,1,0.4914,2,3,0,0,V2,1,0.03325,5421.551724,2,0,2,0.96675,0,2,0,200
EDCF-Shield,v2a,FALCON1024+HMAC-SHA512+AES256GCM+DKG4of7,STOLEN_KEY,150,55.97,58,CUMULATIVE,116,1000,95911,28000,164,0.774823,0.144054,0.066304,0.034483,0.859107,99.83,22.66,96.68,0.74968,0.92104,1,3,0,0,76,1448,0.218527,1,0.4914,2,3,0,0,V2,1,0.03325,5421.551724,2,0,2,0.96675,0,2,0,200
EDCF-Shield,v2a,FALCON1024+HMAC-SHA512+AES256GCM+DKG4of7,STOLEN_KEY,150,55.97,59,CYCLE,118,0,1800,500,0,0.782609,0.006068,0,0,0,100,22.68,96.64,0.749685,0.920906,1,3,0,0,76,1448,0.217173,1,0.4915,2,3,0,0,V2,1,0.033255,5429.661017,2,0,2,0.966745,0,2,0,200
EDCF-Shield,v2a,FALCON1024+HMAC-SHA512+AES256GCM+DKG4of7,STOLEN_KEY,150,55.97,59,CUMULATIVE,118,1000,97711,28500,164,0.774964,0.142851,0.065223,0.033898,0.859107,99.83,22.66,96.67,0.749685,0.920906,1,3,0,0,76,1448,0.217173,1,0.4915,2,3,0,0,V2,1,0.033255,5429.661017,2,0,2,0.966745,0,2,0,200
EDCF-Shield,v2a,FALCON1024+HMAC-SHA512+AES256GCM+DKG4of7,STOLEN_KEY,150,55.97,60,CYCLE,120,0,1800,500,0,0.782609,0.005967,0,0,0,100,22.68,96.65,0.749691,0.920778,1,3,0,0,76,1448,0.215845,1,0.4917,2,3,0,0,V2,1,0.033259,5437.5,2,0,2,0.966741,0,2,0,200
EDCF-Shield,v2a,FALCON1024+HMAC-SHA512+AES256GCM+DKG4of7,STOLEN_KEY,150,55.97,60,CUMULATIVE,120,1000,99511,29000,164,0.775099,0.141678,0.064177,0.033333,0.859107,99.84,22.66,96.67,0.749691,0.920778,1,3,0,0,76,1448,0.215845,1,0.4917,2,3,0,0,V2,1,0.033259,5437.5,2,0,2,0.966741,0,2,0,200
EDCF-Shield,v2a,FALCON1024+HMAC-SHA512+AES256GCM+DKG4of7,STOLEN_KEY,150,55.97,61,CYCLE,122,0,1800,500,0,0.782609,0.005869,0,0,0,100,22.68,96.65,0.749697,0.920654,1,3,0,0,76,1448,0.214544,1,0.4918,2,3,0,0,V2,1,0.033264,5445.081967,2,0,2,0.966736,0,2,0,200
EDCF-Shield,v2a,FALCON1024+HMAC-SHA512+AES256GCM+DKG4of7,STOLEN_KEY,150,55.97,61,CUMULATIVE,122,1000,101311,29500,164,0.77523,0.140533,0.063163,0.032787,0.859107,99.84,22.66,96.67,0.749697,0.920654,1,3,0,0,76,1448,0.214544,1,0.4918,2,3,0,0,V2,1,0.033264,5445.081967,2,0,2,0.966736,0,2,0,200
EDCF-Shield,v2a,FALCON1024+HMAC-SHA512+AES256GCM+DKG4of7,STOLEN_KEY,150,55.97,62,CYCLE,124,0,1800,500,0,0.782609,0.005775,0,0,0,100,22.69,96.64,0.749702,0.92053,1,3,0,0,76,1448,0.213268,1,0.4919,2,3,0,0,V2,1,0.033269,5452.419355,2,0,2,0.966731,0,2,0,200
EDCF-Shield,v2a,FALCON1024+HMAC-SHA512+AES256GCM+DKG4of7,STOLEN_KEY,150,55.97,62,CUMULATIVE,124,1000,103111,30000,164,0.775357,0.139415,0.062181,0.032258,0.859107,99.84,22.66,96.67,0.749702,0.92053,1,3,0,0,76,1448,0.213268,1,0.4919,2,3,0,0,V2,1,0.033269,5452.419355,2,0,2,0.966731,0,2,0,200
EDCF-Shield,v2a,FALCON1024+HMAC-SHA512+AES256GCM+DKG4of7,STOLEN_KEY,150,55.97,63,CYCLE,126,0,1800,500,0,0.782609,0.005684,0,0,0,100,22.72,96.6,0.749707,0.920394,1,3,0,0,76,1448,0.212016,1,0.4921,2,3,0,0,V2,1,0.033281,5459.52381,2,0,2,0.966719,0,2,0,200
EDCF-Shield,v2a,FALCON1024+HMAC-SHA512+AES256GCM+DKG4of7,STOLEN_KEY,150,55.97,63,CUMULATIVE,126,1000,104911,30500,164,0.775479,0.138324,0.061229,0.031746,0.859107,99.84,22.66,96.67,0.749707,0.920394,1,3,0,0,76,1448,0.212016,1,0.4921,2,3,0,0,V2,1,0.033281,5459.52381,2,0,2,0.966719,0,2,0,200
EDCF-Shield,v2a,FALCON1024+HMAC-SHA512+AES256GCM+DKG4of7,STOLEN_KEY,150,55.97,64,CYCLE,128,0,1800,500,0,0.782609,0.005595,0,0,0,100,22.75,96.57,0.749712,0.92025,1,3,0,0,76,1448,0.210788,1,0.4922,2,3,0,0,V2,1,0.033297,5466.40625,2,0,2,0.966703,0,2,0,200
EDCF-Shield,v2a,FALCON1024+HMAC-SHA512+AES256GCM+DKG4of7,STOLEN_KEY,150,55.97,64,CUMULATIVE,128,1000,106711,31000,164,0.775597,0.137257,0.060306,0.03125,0.859107,99.85,22.66,96.67,0.749712,0.92025,1,3,0,0,76,1448,0.210788,1,0.4922,2,3,0,0,V2,1,0.033297,5466.40625,2,0,2,0.966703,0,2,0,200
EDCF-Shield,v2a,FALCON1024+HMAC-SHA512+AES256GCM+DKG4of7,STOLEN_KEY,150,55.97,65,CYCLE,130,0,1800,500,0,0.782609,0.005509,0,0,0,100,22.75,96.56,0.749717,0.920109,1,3,0,0,76,1448,0.209583,1,0.4923,2,3,0,0,V2,1,0.033313,5473.076923,2,0,2,0.966687,0,2,0,200
EDCF-Shield,v2a,FALCON1024+HMAC-SHA512+AES256GCM+DKG4of7,STOLEN_KEY,150,55.97,65,CUMULATIVE,130,1000,108511,31500,164,0.775711,0.136215,0.059411,0.030769,0.859107,99.85,22.67,96.67,0.749717,0.920109,1,3,0,0,76,1448,0.209583,1,0.4923,2,3,0,0,V2,1,0.033313,5473.076923,2,0,2,0.966687,0,2,0,200
EDCF-Shield,v2a,FALCON1024+HMAC-SHA512+AES256GCM+DKG4of7,STOLEN_KEY,150,55.97,66,CYCLE,132,0,1800,500,0,0.782609,0.005426,0,0,0,100,22.76,96.55,0.749721,0.919968,1,3,0,0,76,1448,0.208399,1,0.4924,2,3,0,0,V2,1,0.033331,5479.545455,2,0,2,0.966669,0,2,0,200
EDCF-Shield,v2a,FALCON1024+HMAC-SHA512+AES256GCM+DKG4of7,STOLEN_KEY,150,55.97,66,CUMULATIVE,132,1000,110311,32000,164,0.775822,0.135196,0.058541,0.030303,0.859107,99.85,22.67,96.67,0.749721,0.919968,1,3,0,0,76,1448,0.208399,1,0.4924,2,3,0,0,V2,1,0.033331,5479.545455,2,0,2,0.966669,0,2,0,200
EDCF-Shield,v2a,FALCON1024+HMAC-SHA512+AES256GCM+DKG4of7,STOLEN_KEY,150,55.97,67,CYCLE,134,0,1800,500,0,0.782609,0.005346,0,0,0,100,22.77,96.54,0.749726,0.919826,1,3,0,0,76,1448,0.207237,1,0.4925,2,3,0,0,V2,1,0.033349,5485.820896,2,0,2,0.966651,0,2,0,200
EDCF-Shield,v2a,FALCON1024+HMAC-SHA512+AES256GCM+DKG4of7,STOLEN_KEY,150,55.97,67,CUMULATIVE,134,1000,112111,32500,164,0.775929,0.1342,0.057697,0.029851,0.859107,99.85,22.67,96.67,0.749726,0.919826,1,3,0,0,76,1448,0.207237,1,0.4925,2,3,0,0,V2,1,0.033349,5485.820896,2,0,2,0.966651,0,2,0,200
EDCF-Shield,v2a,FALCON1024+HMAC-SHA512+AES256GCM+DKG4of7,STOLEN_KEY,150,55.97,68,CYCLE,136,0,1800,500,0,0.782609,0.005267,0,0,0,100,22.73,96.59,0.74973,0.919708,1,3,0,0,76,1448,0.206096,1,0.4926,2,3,0,0,V2,1,0.03336,5491.911765,2,0,2,0.96664,0,2,0,200
EDCF-Shield,v2a,FALCON1024+HMAC-SHA512+AES256GCM+DKG4of7,STOLEN_KEY,150,55.97,68,CUMULATIVE,136,1000,113911,33000,164,0.776032,0.133226,0.056876,0.029412,0.859107,99.86,22.67,96.66,0.74973,0.919708,1,3,0,0,76,1448,0.206096,1,0.4926,2,3,0,0,V2,1,0.03336,5491.911765,2,0,2,0.96664,0,2,0,200
EDCF-Shield,v2a,FALCON1024+HMAC-SHA512+AES256GCM+DKG4of7,STOLEN_KEY,150,55.97,69,CYCLE,138,0,1800,500,0,0.782609,0.005191,0,0,0,100,22.75,96.57,0.749734,0.919585,1,3,0,0,76,1448,0.204975,1,0.4928,2,3,0,0,V2,1,0.033373,5497.826087,2,0,2,0.966627,0,2,0,200
EDCF-Shield,v2a,FALCON1024+HMAC-SHA512+AES256GCM+DKG4of7,STOLEN_KEY,150,55.97,69,CUMULATIVE,138,1000,115711,33500,164,0.776133,0.132272,0.056079,0.028986,0.859107,99.86,22.67,96.66,0.749734,0.919585,1,3,0,0,76,1448,0.204975,1,0.4928,2,3,0,0,V2,1,0.033373,5497.826087,2,0,2,0.966627,0,2,0,200
EDCF-Shield,v2a,FALCON1024+HMAC-SHA512+AES256GCM+DKG4of7,STOLEN_KEY,150,55.97,70,CYCLE,140,0,1800,500,0,0.782609,0.005117,0,0,0,100,22.76,96.55,0.749738,0.919457,1,3,0,0,76,1448,0.203874,1,0.4929,2,3,0,0,V2,1,0.033389,5503.571429,2,0,2,0.966611,0,2,0,200
EDCF-Shield,v2a,FALCON1024+HMAC-SHA512+AES256GCM+DKG4of7,STOLEN_KEY,150,55.97,70,CUMULATIVE,140,1000,117511,34000,164,0.776231,0.131338,0.055304,0.028571,0.859107,99.86,22.67,96.66,0.749738,0.919457,1,3,0,0,76,1448,0.203874,1,0.4929,2,3,0,0,V2,1,0.033389,5503.571429,2,0,2,0.966611,0,2,0,200
EDCF-Shield,v2a,FALCON1024+HMAC-SHA512+AES256GCM+DKG4of7,STOLEN_KEY,150,55.97,71,CYCLE,142,0,1800,500,0,0.782609,0.005046,0,0,0,100,22.78,96.52,0.749742,0.919325,1,3,0,0,76,1448,0.202791,1,0.493,2,3,0,0,V2,1,0.033408,5509.15493,2,0,2,0.966592,0,2,0,200
EDCF-Shield,v2a,FALCON1024+HMAC-SHA512+AES256GCM+DKG4of7,STOLEN_KEY,150,55.97,71,CUMULATIVE,142,1000,119311,34500,164,0.776325,0.130424,0.054549,0.028169,0.859107,99.86,22.67,96.66,0.749742,0.919325,1,3,0,0,76,1448,0.202791,1,0.493,2,3,0,0,V2,1,0.033408,5509.15493,2,0,2,0.966592,0,2,0,200
EDCF-Shield,v2a,FALCON1024+HMAC-SHA512+AES256GCM+DKG4of7,STOLEN_KEY,150,55.97,72,CYCLE,144,0,1800,500,0,0.782609,0.004976,0,0,0,100,22.77,96.53,0.749746,0.919201,1,3,0,0,76,1448,0.201727,1,0.4931,2,3,0,0,V2,1,0.033425,5514.583333,2,0,2,0.966575,0,2,0,200
EDCF-Shield,v2a,FALCON1024+HMAC-SHA512+AES256GCM+DKG4of7,STOLEN_KEY,150,55.97,72,CUMULATIVE,144,1000,121111,35000,164,0.776417,0.129529,0.053816,0.027778,0.859107,99.86,22.67,96.66,0.749746,0.919201,1,3,0,0,76,1448,0.201727,1,0.4931,2,3,0,0,V2,1,0.033425,5514.583333,2,0,2,0.966575,0,2,0,200
EDCF-Shield,v2a,FALCON1024+HMAC-SHA512+AES256GCM+DKG4of7,STOLEN_KEY,150,55.97,73,CYCLE,146,0,1800,500,0,0.782609,0.004908,0,0,0,100,22.79,96.51,0.74975,0.919073,1,3,0,0,76,1448,0.20068,1,0.4932,2,3,0,0,V2,1,0.033443,5519.863014,2,0,2,0.966557,0,2,0,200
EDCF-Shield,v2a,FALCON1024+HMAC-SHA512+AES256GCM+DKG4of7,STOLEN_KEY,150,55.97,73,CUMULATIVE,146,1000,122911,35500,164,0.776506,0.128652,0.053101,0.027397,0.859107,99.87,22.68,96.66,0.74975,0.919073,1,3,0,0,76,1448,0.20068,1,0.4932,2,3,0,0,V2,1,0.033443,5519.863014,2,0,2,0.966557,0,2,0,200
EDCF-Shield,v2a,FALCON1024+HMAC-SHA512+AES256GCM+DKG4of7,STOLEN_KEY,150,55.97,74,CYCLE,148,0,1800,500,0,0.782609,0.004842,0,0,0,100,22.78,96.53,0.749754,0.918952,1,3,0,0,76,1448,0.199651,1,0.4932,2,3,0,0,V2,1,0.03346,5525,2,0,2,0.96654,0,2,0,200
EDCF-Shield,v2a,FALCON1024+HMAC-SHA512+AES256GCM+DKG4of7,STOLEN_KEY,150,55.97,74,CUMULATIVE,148,1000,124711,36000,164,0.776593,0.127792,0.052405,0.027027,0.859107,99.87,22.68,96.65,0.749754,0.918952,1,3,0,0,76,1448,0.199651,1,0.4932,2,3,0,0,V2,1,0.03346,5525,2,0,2,0.96654,0,2,0,200
EDCF-Shield,v2a,FALCON1024+HMAC-SHA512+AES256GCM+DKG4of7,STOLEN_KEY,150,55.97,75,CYCLE,150,0,1800,500,0,0.782609,0.004778,0,0,0,100,22.76,96.55,0.749757,0.91884,1,3,0,0,76,1448,0.198639,1,0.4933,2,3,0,0,V2,1,0.033474,5530,2,0,2,0.966526,0,2,0,200
EDCF-Shield,v2a,FALCON1024+HMAC-SHA512+AES256GCM+DKG4of7,STOLEN_KEY,150,55.97,75,CUMULATIVE,150,1000,126511,36500,164,0.776677,0.12695,0.051728,0.026667,0.859107,99.87,22.68,96.65,0.749757,0.91884,1,3,0,0,76,1448,0.198639,1,0.4933,2,3,0,0,V2,1,0.033474,5530,2,0,2,0.966526,0,2,0,200
EDCF-Shield,v2a,FALCON1024+HMAC-SHA512+AES256GCM+DKG4of7,STOLEN_KEY,150,55.97,76,CYCLE,152,0,1800,500,0,0.782609,0.004715,0,0,0,100,22.76,96.55,0.74976,0.918734,1,3,0,0,76,1448,0.197644,1,0.4934,2,3,0,0,V2,1,0.033487,5534.868421,2,0,2,0.966513,0,2,0,200
EDCF-Shield,v2a,FALCON1024+HMAC-SHA512+AES256GCM+DKG4of7,STOLEN_KEY,150,55.97,76,CUMULATIVE,152,1000,128311,37000,164,0.776759,0.126123,0.051067,0.026316,0.859107,99.87,22.68,96.65,0.74976,0.918734,1,3,0,0,76,1448,0.197644,1,0.4934,2,3,0,0,V2,1,0.033487,5534.868421,2,0,2,0.966513,0,2,0,200
EDCF-Shield,v2a,FALCON1024+HMAC-SHA512+AES256GCM+DKG4of7,STOLEN_KEY,150,55.97,77,CYCLE,154,0,1800,500,0,0.782609,0.004654,0,0,0,100,22.78,96.52,0.749764,0.918621,1,3,0,0,76,1448,0.196664,1,0.4935,2,3,0,0,V2,1,0.033503,5539.61039,2,0,2,0.966497,0,2,0,200
EDCF-Shield,v2a,FALCON1024+HMAC-SHA512+AES256GCM+DKG4of7,STOLEN_KEY,150,55.97,77,CUMULATIVE,154,1000,130111,37500,164,0.776839,0.125313,0.050424,0.025974,0.859107,99.87,22.68,96.65,0.749764,0.918621,1,3,0,0,76,1448,0.196664,1,0.4935,2,3,0,0,V2,1,0.033503,5539.61039,2,0,2,0.966497,0,2,0,200
EDCF-Shield,v2a,FALCON1024+HMAC-SHA512+AES256GCM+DKG4of7,STOLEN_KEY,150,55.97,78,CYCLE,156,0,1800,500,0,0.782609,0.004595,0,0,0,100,22.8,96.5,0.749767,0.918504,1,3,0,0,76,1448,0.1957,1,0.4936,2,3,0,0,V2,1,0.033521,5544.230769,2,0,2,0.966479,0,2,0,200
EDCF-Shield,v2a,FALCON1024+HMAC-SHA512+AES256GCM+DKG4of7,STOLEN_KEY,150,55.97,78,CUMULATIVE,156,1000,131911,38000,164,0.776917,0.124518,0.049796,0.025641,0.859107,99.88,22.68,96.65,0.749767,0.918504,1,3,0,0,76,1448,0.1957,1,0.4936,2,3,0,0,V2,1,0.033521,5544.230769,2,0,2,0.966479,0,2,0,200
EDCF-Shield,v2a,FALCON1024+HMAC-SHA512+AES256GCM+DKG4of7,STOLEN_KEY,150,55.97,79,CYCLE,158,0,1800,500,0,0.782609,0.004537,0,0,0,100,22.79,96.52,0.74977,0.918395,1,3,0,0,76,1448,0.194751,1,0.4937,2,3,0,0,V2,1,0.033537,5548.734177,2,0,2,0.966463,0,2,0,200
EDCF-Shield,v2a,FALCON1024+HMAC-SHA512+AES256GCM+DKG4of7,STOLEN_KEY,150,55.97,79,CUMULATIVE,158,1000,133711,38500,164,0.776992,0.123738,0.049184,0.025316,0.859107,99.88,22.68,96.65,0.74977,0.918395,1,3,0,0,76,1448,0.194751,1,0.4937,2,3,0,0,V2,1,0.033537,5548.734177,2,0,2,0.966463,0,2,0,200
EDCF-Shield,v2a,FALCON1024+HMAC-SHA512+AES256GCM+DKG4of7,STOLEN_KEY,150,55.97,80,CYCLE,160,0,1800,500,0,0.782609,0.00448,0,0,0,100,22.78,96.53,0.749773,0.918292,1,3,0,0,76,1448,0.193816,1,0.4938,2,3,0,0,V2,1,0.033551,5553.125,2,0,2,0.966449,0,2,0,200
EDCF-Shield,v2a,FALCON1024+HMAC-SHA512+AES256GCM+DKG4of7,STOLEN_KEY,150,55.97,80,CUMULATIVE,160,1000,135511,39000,164,0.777066,0.122973,0.048586,0.025,0.859107,99.88,22.68,96.64,0.749773,0.918292,1,3,0,0,76,1448,0.193816,1,0.4938,2,3,0,0,V2,1,0.033551,5553.125,2,0,2,0.966449,0,2,0,200
EDCF-Shield,v2a,FALCON1024+HMAC-SHA512+AES256GCM+DKG4of7,STOLEN_KEY,150,55.97,81,CYCLE,162,0,1800,500,0,0.782609,0.004425,0,0,0,100,22.76,96.55,0.749776,0.918196,1,3,0,0,76,1448,0.192896,1,0.4938,2,3,0,0,V2,1,0.033563,5557.407407,2,0,2,0.966437,0,2,0,200
EDCF-Shield,v2a,FALCON1024+HMAC-SHA512+AES256GCM+DKG4of7,STOLEN_KEY,150,55.97,81,CUMULATIVE,162,1000,137311,39500,164,0.777137,0.122221,0.048003,0.024691,0.859107,99.88,22.69,96.64,0.749776,0.918196,1,3,0,0,76,1448,0.192896,1,0.4938,2,3,0,0,V2,1,0.033563,5557.407407,2,0,2,0.966437,0,2,0,200
EDCF-Shield,v2a,FALCON1024+HMAC-SHA512+AES256GCM+DKG4of7,STOLEN_KEY,150,55.97,82,CYCLE,164,0,1800,500,0,0.782609,0.004371,0,0,0,100,22.77,96.54,0.749779,0.918101,1,3,0,0,76,1448,0.19199,1,0.4939,2,3,0,0,V2,1,0.033575,5561.585366,2,0,2,0.966425,0,2,0,200
EDCF-Shield,v2a,FALCON1024+HMAC-SHA512+AES256GCM+DKG4of7,STOLEN_KEY,150,55.97,82,CUMULATIVE,164,1000,139111,40000,164,0.777207,0.121483,0.047434,0.02439,0.859107,99.88,22.69,96.64,0.749779,0.918101,1,3,0,0,76,1448,0.19199,1,0.4939,2,3,0,0,V2,1,0.033575,5561.585366,2,0,2,0.966425,0,2,0,200
EDCF-Shield,v2a,FALCON1024+HMAC-SHA512+AES256GCM+DKG4of7,STOLEN_KEY,150,55.97,83,CYCLE,166,0,1800,500,0,0.782609,0.004319,0,0,0,100,22.78,96.53,0.749782,0.918006,1,3,0,0,76,1448,0.191098,1,0.494,2,3,0,0,V2,1,0.033588,5565.662651,2,0,2,0.966412,0,2,0,200
EDCF-Shield,v2a,FALCON1024+HMAC-SHA512+AES256GCM+DKG4of7,STOLEN_KEY,150,55.97,83,CUMULATIVE,166,1000,140911,40500,164,0.777275,0.120759,0.046878,0.024096,0.859107,99.88,22.69,96.64,0.749782,0.918006,1,3,0,0,76,1448,0.191098,1,0.494,2,3,0,0,V2,1,0.033588,5565.662651,2,0,2,0.966412,0,2,0,200
EDCF-Shield,v2a,FALCON1024+HMAC-SHA512+AES256GCM+DKG4of7,STOLEN_KEY,150,55.97,84,CYCLE,168,0,1800,500,0,0.782609,0.004268,0,0,0,100,22.76,96.55,0.749785,0.917919,1,3,0,0,76,1448,0.190218,1,0.494,2,3,0,0,V2,1,0.033598,5569.642857,2,0,2,0.966402,0,2,0,200
EDCF-Shield,v2a,FALCON1024+HMAC-SHA512+AES256GCM+DKG4of7,STOLEN_KEY,150,55.97,84,CUMULATIVE,168,1000,142711,41000,164,0.777341,0.120047,0.046335,0.02381,0.859107,99.89,22.69,96.64,0.749785,0.917919,1,3,0,0,76,1448,0.190218,1,0.494,2,3,0,0,V2,1,0.033598,5569.642857,2,0,2,0.966402,0,2,0,200
EDCF-Shield,v2a,FALCON1024+HMAC-SHA512+AES256GCM+DKG4of7,STOLEN_KEY,150,55.97,85,CYCLE,170,0,1800,500,0,0.782609,0.004218,0,0,0,100,22.74,96.57,0.749787,0.91784,1,3,0,0,76,1448,0.189352,1,0.4941,2,3,0,0,V2,1,0.033606,5573.529412,2,0,2,0.966394,0,2,0,200
EDCF-Shield,v2a,FALCON1024+HMAC-SHA512+AES256GCM+DKG4of7,STOLEN_KEY,150,55.97,85,CUMULATIVE,170,1000,144511,41500,164,0.777406,0.119347,0.045804,0.023529,0.859107,99.89,22.69,96.64,0.749787,0.91784,1,3,0,0,76,1448,0.189352,1,0.4941,2,3,0,0,V2,1,0.033606,5573.529412,2,0,2,0.966394,0,2,0,200
EDCF-Shield,v2a,FALCON1024+HMAC-SHA512+AES256GCM+DKG4of7,STOLEN_KEY,150,55.97,86,CYCLE,172,0,1800,500,0,0.782609,0.004169,0,0,0,100,22.72,96.6,0.74979,0.917771,1,3,0,0,76,1448,0.188498,1,0.4942,2,3,0,0,V2,1,0.033611,5577.325581,2,0,2,0.966389,0,2,0,200
EDCF-Shield,v2a,FALCON1024+HMAC-SHA512+AES256GCM+DKG4of7,STOLEN_KEY,150,55.97,86,CUMULATIVE,172,1000,146311,42000,164,0.777469,0.11866,0.045286,0.023256,0.859107,99.89,22.69,96.64,0.74979,0.917771,1,3,0,0,76,1448,0.188498,1,0.4942,2,3,0,0,V2,1,0.033611,5577.325581,2,0,2,0.966389,0,2,0,200
EDCF-Shield,v2a,FALCON1024+HMAC-SHA512+AES256GCM+DKG4of7,STOLEN_KEY,150,55.97,87,CYCLE,174,0,1800,500,0,0.782609,0.004121,0,0,0,100,22.67,96.67,0.749792,0.917723,1,3,0,0,76,1448,0.187657,1,0.4943,2,3,0,0,V2,1,0.033607,5581.034483,2,0,2,0.966393,0,2,0,200
EDCF-Shield,v2a,FALCON1024+HMAC-SHA512+AES256GCM+DKG4of7,STOLEN_KEY,150,55.97,87,CUMULATIVE,174,1000,148111,42500,164,0.777531,0.117984,0.044779,0.022989,0.859107,99.89,22.69,96.64,0.749792,0.917723,1,3,0,0,76,1448,0.187657,1,0.4943,2,3,0,0,V2,1,0.033607,5581.034483,2,0,2,0.966393,0,2,0,200
EDCF-Shield,v2a,FALCON1024+HMAC-SHA512+AES256GCM+DKG4of7,STOLEN_KEY,150,55.97,88,CYCLE,176,0,1800,500,0,0.782609,0.004075,0,0,0,100,22.66,96.67,0.749795,0.917679,1,3,0,0,76,1448,0.186827,1,0.4943,2,3,0,0,V2,1,0.033603,5584.659091,2,0,2,0.966397,0,2,0,200
EDCF-Shield,v2a,FALCON1024+HMAC-SHA512+AES256GCM+DKG4of7,STOLEN_KEY,150,55.97,88,CUMULATIVE,176,1000,149911,43000,164,0.777591,0.11732,0.044283,0.022727,0.859107,99.89,22.69,96.64,0.749795,0.917679,1,3,0,0,76,1448,0.186827,1,0.4943,2,3,0,0,V2,1,0.033603,5584.659091,2,0,2,0.966397,0,2,0,200
EDCF-Shield,v2a,FALCON1024+HMAC-SHA512+AES256GCM+DKG4of7,STOLEN_KEY,150,55.97,89,CYCLE,178,0,1800,500,0,0.782609,0.004029,0,0,0,100,22.71,96.62,0.749797,0.917619,1,3,0,0,76,1448,0.18601,1,0.4944,2,3,0,0,V2,1,0.033606,5588.202247,2,0,2,0.966394,0,2,0,200
EDCF-Shield,v2a,FALCON1024+HMAC-SHA512+AES256GCM+DKG4of7,STOLEN_KEY,150,55.97,89,CUMULATIVE,178,1000,151711,43500,164,0.77765,0.116667,0.043798,0.022472,0.859107,99.89,22.69,96.64,0.749797,0.917619,1,3,0,0,76,1448,0.18601,1,0.4944,2,3,0,0,V2,1,0.033606,5588.202247,2,0,2,0.966394,0,2,0,200
EDCF-Shield,v2a,FALCON1024+HMAC-SHA512+AES256GCM+DKG4of7,STOLEN_KEY,150,55.97,90,CYCLE,180,0,1800,500,0,0.782609,0.003985,0,0,0,100,22.75,96.56,0.7498,0.917544,1,3,0,0,76,1448,0.185203,1,0.4944,2,3,0,0,V2,1,0.033615,5591.666667,2,0,2,0.966385,0,2,0,200
EDCF-Shield,v2a,FALCON1024+HMAC-SHA512+AES256GCM+DKG4of7,STOLEN_KEY,150,55.97,90,CUMULATIVE,180,1000,153511,44000,164,0.777707,0.116024,0.043324,0.022222,0.859107,99.89,22.69,96.64,0.7498,0.917544,1,3,0,0,76,1448,0.185203,1,0.4944,2,3,0,0,V2,1,0.033615,5591.666667,2,0,2,0.966385,0,2,0,200
EDCF-Shield,v2a,FALCON1024+HMAC-SHA512+AES256GCM+DKG4of7,STOLEN_KEY,150,55.97,91,CYCLE,182,0,1800,500,0,0.782609,0.003941,0,0,0,100,22.75,96.56,0.749802,0.917469,1,3,0,0,76,1448,0.184408,1,0.4945,2,3,0,0,V2,1,0.033623,5595.054945,2,0,2,0.966377,0,2,0,200
EDCF-Shield,v2a,FALCON1024+HMAC-SHA512+AES256GCM+DKG4of7,STOLEN_KEY,150,55.97,91,CUMULATIVE,182,1000,155311,44500,164,0.777763,0.115393,0.04286,0.021978,0.859107,99.89,22.69,96.64,0.749802,0.917469,1,3,0,0,76,1448,0.184408,1,0.4945,2,3,0,0,V2,1,0.033623,5595.054945,2,0,2,0.966377,0,2,0,200
EDCF-Shield,v2a,FALCON1024+HMAC-SHA512+AES256GCM+DKG4of7,STOLEN_KEY,150,55.97,92,CYCLE,184,0,1800,500,0,0.782609,0.003898,0,0,0,100,22.76,96.55,0.749804,0.917394,1,3,0,0,76,1448,0.183624,1,0.4946,2,3,0,0,V2,1,0.033633,5598.369565,2,0,2,0.966367,0,2,0,200
EDCF-Shield,v2a,FALCON1024+HMAC-SHA512+AES256GCM+DKG4of7,STOLEN_KEY,150,55.97,92,CUMULATIVE,184,1000,157111,45000,164,0.777818,0.114771,0.042405,0.021739,0.859107,99.9,22.69,96.64,0.749804,0.917394,1,3,0,0,76,1448,0.183624,1,0.4946,2,3,0,0,V2,1,0.033633,5598.369565,2,0,2,0.966367,0,2,0,200
EDCF-Shield,v2a,FALCON1024+HMAC-SHA512+AES256GCM+DKG4of7,STOLEN_KEY,150,55.97,93,CYCLE,186,0,1800,500,0,0.782609,0.003857,0,0,0,100,22.75,96.56,0.749807,0.917324,1,3,0,0,76,1448,0.18285,1,0.4946,2,3,0,0,V2,1,0.033641,5601.612903,2,0,2,0.966359,0,2,0,200
EDCF-Shield,v2a,FALCON1024+HMAC-SHA512+AES256GCM+DKG4of7,STOLEN_KEY,150,55.97,93,CUMULATIVE,186,1000,158911,45500,164,0.777872,0.114159,0.04196,0.021505,0.859107,99.9,22.69,96.64,0.749807,0.917324,1,3,0,0,76,1448,0.18285,1,0.4946,2,3,0,0,V2,1,0.033641,5601.612903,2,0,2,0.966359,0,2,0,200
EDCF-Shield,v2a,FALCON1024+HMAC-SHA512+AES256GCM+DKG4of7,STOLEN_KEY,150,55.97,94,CYCLE,188,0,1800,500,0,0.782609,0.003816,0,0,0,100,22.74,96.57,0.749809,0.917258,1,3,0,0,76,1448,0.182087,1,0.4947,2,3,0,0,V2,1,0.033648,5604.787234,2,0,2,0.966352,0,2,0,200
EDCF-Shield,v2a,FALCON1024+HMAC-SHA512+AES256GCM+DKG4of7,STOLEN_KEY,150,55.97,94,CUMULATIVE,188,1000,160711,46000,164,0.777924,0.113557,0.041525,0.021277,0.859107,99.9,22.69,96.64,0.749809,0.917258,1,3,0,0,76,1448,0.182087,1,0.4947,2,3,0,0,V2,1,0.033648,5604.787234,2,0,2,0.966352,0,2,0,200
EDCF-Shield,v2a,FALCON1024+HMAC-SHA512+AES256GCM+DKG4of7,STOLEN_KEY,150,55.97,95,CYCLE,190,0,1800,500,0,0.782609,0.003776,0,0,0,100,22.73,96.58,0.749811,0.917197,1,3,0,0,76,1448,0.181334,1,0.4947,2,3,0,0,V2,1,0.033653,5607.894737,2,0,2,0.966347,0,2,0,200
EDCF-Shield,v2a,FALCON1024+HMAC-SHA512+AES256GCM+DKG4of7,STOLEN_KEY,150,55.97,95,CUMULATIVE,190,1000,162511,46500,164,0.777975,0.112964,0.041098,0.021053,0.859107,99.9,22.69,96.63,0.749811,0.917197,1,3,0,0,76,1448,0.181334,1,0.4947,2,3,0,0,V2,1,0.033653,5607.894737,2,0,2,0.966347,0,2,0,200
EDCF-Shield,v2a,FALCON1024+HMAC-SHA512+AES256GCM+DKG4of7,STOLEN_KEY,150,55.97,96,CYCLE,192,0,1800,500,0,0.782609,0.003737,0,0,0,100,22.72,96.6,0.749813,0.917141,1,3,0,0,76,1448,0.180591,1,0.4948,2,3,0,0,V2,1,0.033657,5610.9375,2,0,2,0.966343,0,2,0,200
EDCF-Shield,v2a,FALCON1024+HMAC-SHA512+AES256GCM+DKG4of7,STOLEN_KEY,150,55.97,96,CUMULATIVE,192,1000,164311,47000,164,0.778026,0.112381,0.04068,0.020833,0.859107,99.9,22.69,96.63,0.749813,0.917141,1,3,0,0,76,1448,0.180591,1,0.4948,2,3,0,0,V2,1,0.033657,5610.9375,2,0,2,0.966343,0,2,0,200
EDCF-Shield,v2a,FALCON1024+HMAC-SHA512+AES256GCM+DKG4of7,STOLEN_KEY,150,55.97,97,CYCLE,194,0,1800,500,0,0.782609,0.003699,0,0,0,100,22.73,96.59,0.749815,0.917083,1,3,0,0,76,1448,0.179857,1,0.4948,2,3,0,0,V2,1,0.033662,5613.917526,2,0,2,0.966338,0,2,0,200
EDCF-Shield,v2a,FALCON1024+HMAC-SHA512+AES256GCM+DKG4of7,STOLEN_KEY,150,55.97,97,CUMULATIVE,194,1000,166111,47500,164,0.778075,0.111806,0.040271,0.020619,0.859107,99.9,22.69,96.63,0.749815,0.917083,1,3,0,0,76,1448,0.179857,1,0.4948,2,3,0,0,V2,1,0.033662,5613.917526,2,0,2,0.966338,0,2,0,200
EDCF-Shield,v2a,FALCON1024+HMAC-SHA512+AES256GCM+DKG4of7,STOLEN_KEY,150,55.97,98,CYCLE,196,0,1800,500,0,0.782609,0.003661,0,0,0,100,22.73,96.59,0.749817,0.917027,1,3,0,0,76,1448,0.179133,1,0.4949,2,3,0,0,V2,1,0.033666,5616.836735,2,0,2,0.966334,0,2,0,200
EDCF-Shield,v2a,FALCON1024+HMAC-SHA512+AES256GCM+DKG4of7,STOLEN_KEY,150,55.97,98,CUMULATIVE,196,1000,167911,48000,164,0.778123,0.11124,0.039869,0.020408,0.859107,99.9,22.69,96.63,0.749817,0.917027,1,3,0,0,76,1448,0.179133,1,0.4949,2,3,0,0,V2,1,0.033666,5616.836735,2,0,2,0.966334,0,2,0,200
EDCF-Shield,v2a,FALCON1024+HMAC-SHA512+AES256GCM+DKG4of7,STOLEN_KEY,150,55.97,99,CYCLE,198,0,1800,500,0,0.782609,0.003624,0,0,0,100,22.74,96.58,0.749819,0.916969,1,3,0,0,76,1448,0.178419,1,0.4949,2,3,0,0,V2,1,0.033672,5619.69697,2,0,2,0.966328,0,2,0,200
EDCF-Shield,v2a,FALCON1024+HMAC-SHA512+AES256GCM+DKG4of7,STOLEN_KEY,150,55.97,99,CUMULATIVE,198,1000,169711,48500,164,0.77817,0.110683,0.039476,0.020202,0.859107,99.9,22.69,96.63,0.749819,0.916969,1,3,0,0,76,1448,0.178419,1,0.4949,2,3,0,0,V2,1,0.033672,5619.69697,2,0,2,0.966328,0,2,0,200
EDCF-Shield,v2a,FALCON1024+HMAC-SHA512+AES256GCM+DKG4of7,STOLEN_KEY,150,55.97,100,CYCLE,200,0,1800,500,0,0.782609,0.003588,0,0,0,100,22.75,96.56,0.749821,0.916909,1,3,0,0,76,1448,0.177713,1,0.495,2,3,0,0,V2,1,0.033678,5622.5,2,0,2,0.966322,0,2,0,200
EDCF-Shield,v2a,FALCON1024+HMAC-SHA512+AES256GCM+DKG4of7,STOLEN_KEY,150,55.97,100,CUMULATIVE,200,1000,171511,49000,164,0.778216,0.110134,0.03909,0.02,0.859107,99.9,22.69,96.63,0.749821,0.916909,1,3,0,0,76,1448,0.177713,1,0.495,2,3,0,0,V2,1,0.033678,5622.5,2,0,2,0.966322,0,2,0,200
EDCF-Shield,v2a,FALCON1024+HMAC-SHA512+AES256GCM+DKG4of7,STOLEN_KEY,150,55.97,101,CYCLE,202,0,1800,500,0,0.782609,0.003553,0,0,0,100,22.74,96.57,0.749823,0.916851,1,3,0,0,76,1448,0.177017,1,0.495,2,3,0,0,V2,1,0.033684,5625.247525,2,0,2,0.966316,0,2,0,200
EDCF-Shield,v2a,FALCON1024+HMAC-SHA512+AES256GCM+DKG4of7,STOLEN_KEY,150,55.97,101,CUMULATIVE,202,1000,173311,49500,164,0.778261,0.109593,0.038712,0.019802,0.859107,99.91,22.69,96.63,0.749823,0.916851,1,3,0,0,76,1448,0.177017,1,0.495,2,3,0,0,V2,1,0.033684,5625.247525,2,0,2,0.966316,0,2,0,200
EDCF-Shield,v2a,FALCON1024+HMAC-SHA512+AES256GCM+DKG4of7,STOLEN_KEY,150,55.97,102,CYCLE,204,0,1800,500,0,0.782609,0.003518,0,0,0,100,22.72,96.6,0.749824,0.916803,1,3,0,0,76,1448,0.176329,1,0.4951,2,3,0,0,V2,1,0.033687,5627.941176,2,0,2,0.966313,0,2,0,200
EDCF-Shield,v2a,FALCON1024+HMAC-SHA512+AES256GCM+DKG4of7,STOLEN_KEY,150,55.97,102,CUMULATIVE,204,1000,175111,50000,164,0.778305,0.10906,0.038341,0.019608,0.859107,99.91,22.69,96.63,0.749824,0.916803,1,3,0,0,76,1448,0.176329,1,0.4951,2,3,0,0,V2,1,0.033687,5627.941176,2,0,2,0.966313,0,2,0,200
EDCF-Shield,v2a,FALCON1024+HMAC-SHA512+AES256GCM+DKG4of7,STOLEN_KEY,150,55.97,103,CYCLE,206,0,1800,500,0,0.782609,0.003484,0,0,0,100,22.7,96.62,0.749826,0.916761,1,3,0,0,76,1448,0.175649,1,0.4951,2,3,0,0,V2,1,0.033688,5630.582524,2,0,2,0.966312,0,2,0,200
EDCF-Shield,v2a,FALCON1024+HMAC-SHA512+AES256GCM+DKG4of7,STOLEN_KEY,150,55.97,103,CUMULATIVE,206,1000,176911,50500,164,0.778348,0.108534,0.037977,0.019417,0.859107,99.91,22.7,96.63,0.749826,0.916761,1,3,0,0,76,1448,0.175649,1,0.4951,2,3,0,0,V2,1,0.033688,5630.582524,2,0,2,0.966312,0,2,0,200
EDCF-Shield,v2a,FALCON1024+HMAC-SHA512+AES256GCM+DKG4of7,STOLEN_KEY,150,55.97,104,CYCLE,208,0,1800,500,0,0.782609,0.003451,0,0,0,100,22.69,96.63,0.749828,0.916722,1,3,0,0,76,1448,0.174978,1,0.4952,2,3,0,0,V2,1,0.033688,5633.173077,2,0,2,0.966312,0,2,0,200
EDCF-Shield,v2a,FALCON1024+HMAC-SHA512+AES256GCM+DKG4of7,STOLEN_KEY,150,55.97,104,CUMULATIVE,208,1000,178711,51000,164,0.778391,0.108017,0.037619,0.019231,0.859107,99.91,22.7,96.63,0.749828,0.916722,1,3,0,0,76,1448,0.174978,1,0.4952,2,3,0,0,V2,1,0.033688,5633.173077,2,0,2,0.966312,0,2,0,200
EDCF-Shield,v2a,FALCON1024+HMAC-SHA512+AES256GCM+DKG4of7,STOLEN_KEY,150,55.97,105,CYCLE,210,0,1800,500,0,0.782609,0.003418,0,0,0,100,22.67,96.67,0.74983,0.916693,1,3,0,0,76,1448,0.174315,1,0.4952,2,3,0,0,V2,1,0.033684,5635.714286,2,0,2,0.966316,0,2,0,200
EDCF-Shield,v2a,FALCON1024+HMAC-SHA512+AES256GCM+DKG4of7,STOLEN_KEY,150,55.97,105,CUMULATIVE,210,1000,180511,51500,164,0.778433,0.107506,0.037269,0.019048,0.859107,99.91,22.69,96.63,0.74983,0.916693,1,3,0,0,76,1448,0.174315,1,0.4952,2,3,0,0,V2,1,0.033684,5635.714286,2,0,2,0.966316,0,2,0,200
EDCF-Shield,v2a,FALCON1024+HMAC-SHA512+AES256GCM+DKG4of7,STOLEN_KEY,150,55.97,106,CYCLE,212,0,1800,500,0,0.782609,0.003386,0,0,0,100,22.64,96.7,0.749831,0.916672,1,3,0,0,76,1448,0.17366,1,0.4953,2,3,0,0,V2,1,0.033678,5638.207547,2,0,2,0.966322,0,2,0,200
EDCF-Shield,v2a,FALCON1024+HMAC-SHA512+AES256GCM+DKG4of7,STOLEN_KEY,150,55.97,106,CUMULATIVE,212,1000,182311,52000,164,0.778473,0.107003,0.036925,0.018868,0.859107,99.91,22.69,96.63,0.749831,0.916672,1,3,0,0,76,1448,0.17366,1,0.4953,2,3,0,0,V2,1,0.033678,5638.207547,2,0,2,0.966322,0,2,0,200
EDCF-Shield,v2a,FALCON1024+HMAC-SHA512+AES256GCM+DKG4of7,STOLEN_KEY,150,55.97,107,CYCLE,214,0,1800,500,0,0.782609,0.003355,0,0,0,100,22.64,96.69,0.749833,0.916651,1,3,0,0,76,1448,0.173013,1,0.4953,2,3,0,0,V2,1,0.033672,5640.654206,2,0,2,0.966328,0,2,0,200
EDCF-Shield,v2a,FALCON1024+HMAC-SHA512+AES256GCM+DKG4of7,STOLEN_KEY,150,55.97,107,CUMULATIVE,214,1000,184111,52500,164,0.778513,0.106506,0.036587,0.018692,0.859107,99.91,22.69,96.63,0.749833,0.916651,1,3,0,0,76,1448,0.173013,1,0.4953,2,3,0,0,V2,1,0.033672,5640.654206,2,0,2,0.966328,0,2,0,200
EDCF-Shield,v2a,FALCON1024+HMAC-SHA512+AES256GCM+DKG4of7,STOLEN_KEY,150,55.97,108,CYCLE,216,0,1800,500,0,0.782609,0.003324,0,0,0,100,22.65,96.69,0.749835,0.916628,1,3,0,0,76,1448,0.172373,1,0.4954,2,3,0,0,V2,1,0.033667,5643.055556,2,0,2,0.966333,0,2,0,200
EDCF-Shield,v2a,FALCON1024+HMAC-SHA512+AES256GCM+DKG4of7,STOLEN_KEY,150,55.97,108,CUMULATIVE,216,1000,185911,53000,164,0.778553,0.106017,0.036256,0.018519,0.859107,99.91,22.69,96.63,0.749835,0.916628,1,3,0,0,76,1448,0.172373,1,0.4954,2,3,0,0,V2,1,0.033667,5643.055556,2,0,2,0.966333,0,2,0,200
EDCF-Shield,v2a,FALCON1024+HMAC-SHA512+AES256GCM+DKG4of7,STOLEN_KEY,150,55.97,109,CYCLE,218,0,1800,500,0,0.782609,0.003294,0,0,0,100,22.65,96.69,0.749836,0.916606,1,3,0,0,76,1448,0.171741,1,0.4954,2,3,0,0,V2,1,0.033662,5645.412844,2,0,2,0.966338,0,2,0,200
EDCF-Shield,v2a,FALCON1024+HMAC-SHA512+AES256GCM+DKG4of7,STOLEN_KEY,150,55.97,109,CUMULATIVE,218,1000,187711,53500,164,0.778591,0.105534,0.03593,0.018349,0.859107,99.91,22.69,96.63,0.749836,0.916606,1,3,0,0,76,1448,0.171741,1,0.4954,2,3,0,0,V2,1,0.033662,5645.412844,2,0,2,0.966338,0,2,0,200
EDCF-Shield,v2a,FALCON1024+HMAC-SHA512+AES256GCM+DKG4of7,STOLEN_KEY,150,55.97,110,CYCLE,219.5,0,1350,300,0,0.818182,0.003264,0,0,0,100,22.14,97.32,0.749837,0.916586,1,3,0,0,76,1448,0.171117,1,0.4966,2,3,0,0,V2,1,0.033615,5647.15262,2,0,2,0.966385,0,2,0,200
EDCF-Shield,v2a,FALCON1024+HMAC-SHA512+AES256GCM+DKG4of7,STOLEN_KEY,150,55.97,110,CUMULATIVE,219.5,1000,189061,53800,164,0.778859,0.105272,0.035737,0.018248,0.859107,99.91,22.69,96.64,0.749837,0.916586,1,3,0,0,76,1448,0.171117,1,0.4966,2,3,0,0,V2,1,0.033615,5647.15262,2,0,2,0.966385,0,2,0,200
EDCF-Shield,v2b,FALCON1024+HMAC-SHA512+AES256GCM+DKG4of7,COMPROMISED_CTRL,30,11.19,1,CYCLE,2,1700,0,0,0,1,0.5,1,1,1,0,100,0,0,0,1,0,0,0,76,1448,0,1,0,0,0,0,0,V2,0,1,-100,1,0,0,0,0,0,0,200
EDCF-Shield,v2b,FALCON1024+HMAC-SHA512+AES256GCM+DKG4of7,COMPROMISED_CTRL,30,11.19,1,CUMULATIVE,2,1700,0,0,0,1,0.5,1,1,1,0,100,0,0,0,1,0,0,0,76,1448,0,1,0,0,0,0,0,V2,0,1,-100,1,0,0,0,0,0,0,200
EDCF-Shield,v2b,FALCON1024+HMAC-SHA512+AES256GCM+DKG4of7,COMPROMISED_CTRL,30,11.19,2,CYCLE,4,1700,150,0,6,0.996767,0.739427,0.998238,1,0.996483,96.15,63.42,45.72,0.742574,0.924638,1,3,0,0,76,1448,0,1,0.25,2,3,0,0,V2,1,0.703642,160,2,0,2,0.296358,0,1,0,200
EDCF-Shield,v2b,FALCON1024+HMAC-SHA512+AES256GCM+DKG4of7,COMPROMISED_CTRL,30,11.19,2,CUMULATIVE,4,3400,150,0,6,0.998313,0.979717,0.999118,1,0.998238,96.15,76.29,29.64,0.742574,0.924638,1,3,0,0,76,1448,0,1,0.25,2,3,0,0,V2,1,0.703642,160,2,0,2,0.296358,0,1,0,200
EDCF-Shield,v2b,FALCON1024+HMAC-SHA512+AES256GCM+DKG4of7,COMPROMISED_CTRL,30,11.19,3,CYCLE,6,0,354,1700,3,0.172095,0.465153,0,0,0,99.16,45.18,68.52,0.746667,0.931076,1,3,0,0,76,1448,0,1,0.3333,2,3,0,0,V2,1,0.498388,470,2,0,2,0.501612,0,2,0,200
EDCF-Shield,v2b,FALCON1024+HMAC-SHA512+AES256GCM+DKG4of7,COMPROMISED_CTRL,30,11.19,3,CUMULATIVE,6,3400,504,1700,9,0.695528,0.383046,0.799154,0.666667,0.99736,98.25,59.87,50.16,0.746667,0.931076,1,3,0,0,76,1448,0,1,0.3333,2,3,0,0,V2,1,0.498388,470,2,0,2,0.501612,0,2,0,200
EDCF-Shield,v2b,FALCON1024+HMAC-SHA512+AES256GCM+DKG4of7,COMPROMISED_CTRL,30,11.19,4,CYCLE,8,0,372,1700,0,0.179537,0.348858,0,0,0,100,44.48,69.4,0.748079,0.932137,1,3,0,0,76,1448,0.383046,1,0.375,2,3,0,0,V2,1,0.43068,637.5,2,0,2,0.56932,0,2,0,200
EDCF-Shield,v2b,FALCON1024+HMAC-SHA512+AES256GCM+DKG4of7,COMPROMISED_CTRL,30,11.19,4,CUMULATIVE,8,3400,876,3400,9,0.556409,0.314731,0.666079,0.5,0.99736,98.98,54.45,56.93,0.748079,0.932137,1,3,0,0,76,1448,0.383046,1,0.375,2,3,0,0,V2,1,0.43068,637.5,2,0,2,0.56932,0,2,0,200
EDCF-Shield,v2b,FALCON1024+HMAC-SHA512+AES256GCM+DKG4of7,COMPROMISED_CTRL,30,11.19,5,CYCLE,10,0,372,1700,0,0.179537,0.279081,0,0,0,100,44.52,69.35,0.74865,0.932512,1,3,0,0,76,1448,0,1,0.4,2,3,0,0,V2,1,0.398388,738,2,0,2,0.601612,0,2,0,200
EDCF-Shield,v2b,FALCON1024+HMAC-SHA512+AES256GCM+DKG4of7,COMPROMISED_CTRL,30,11.19,5,CUMULATIVE,10,3400,1248,5100,9,0.476376,0.276033,0.570997,0.4,0.99736,99.28,51.87,60.16,0.74865,0.932512,1,3,0,0,76,1448,0,1,0.4,2,3,0,0,V2,1,0.398388,738,2,0,2,0.601612,0,2,0,200
EDCF-Shield,v2b,FALCON1024+HMAC-SHA512+AES256GCM+DKG4of7,COMPROMISED_CTRL,30,11.19,6,CYCLE,12,0,372,1700,0,0.179537,0.232563,0,0,0,100,44.89,68.88,0.74896,0.932362,1,3,0,0,76,1448,0.276033,1,0.4167,2,3,0,0,V2,1,0.380611,805,2,0,2,0.619389,0,2,0,200
EDCF-Shield,v2b,FALCON1024+HMAC-SHA512+AES256GCM+DKG4of7,COMPROMISED_CTRL,30,11.19,6,CUMULATIVE,12,3400,1620,6800,9,0.424381,0.249409,0.499669,0.333333,0.99736,99.45,50.45,61.94,0.74896,0.932362,1,3,0,0,76,1448,0.276033,1,0.4167,2,3,0,0,V2,1,0.380611,805,2,0,2,0.619389,0,2,0,200
EDCF-Shield,v2b,FALCON1024+HMAC-SHA512+AES256GCM+DKG4of7,COMPROMISED_CTRL,30,11.19,7,CYCLE,14,0,372,1700,0,0.179537,0.199336,0,0,0,100,44.94,68.83,0.749154,0.932236,1,3,0,0,76,1448,0.262721,1,0.4286,2,3,0,0,V2,1,0.368958,852.857143,2,0,2,0.631042,0,2,0,200
EDCF-Shield,v2b,FALCON1024+HMAC-SHA512+AES256GCM+DKG4of7,COMPROMISED_CTRL,30,11.19,7,CUMULATIVE,14,3400,1992,8500,9,0.387886,0.229454,0.444183,0.285714,0.99736,99.55,49.52,63.1,0.749154,0.932236,1,3,0,0,76,1448,0.262721,1,0.4286,2,3,0,0,V2,1,0.368958,852.857143,2,0,2,0.631042,0,2,0,200
EDCF-Shield,v2b,FALCON1024+HMAC-SHA512+AES256GCM+DKG4of7,COMPROMISED_CTRL,30,11.19,8,CYCLE,16,0,372,1700,0,0.179537,0.174416,0,0,0,100,44.54,69.32,0.749287,0.932402,1,3,0,0,76,1448,0.251632,1,0.4375,2,3,0,0,V2,1,0.359845,888.75,2,0,2,0.640155,0,2,0,200
EDCF-Shield,v2b,FALCON1024+HMAC-SHA512+AES256GCM+DKG4of7,COMPROMISED_CTRL,30,11.19,8,CUMULATIVE,16,3400,2364,10200,9,0.360859,0.213718,0.399788,0.25,0.99736,99.62,48.79,64.02,0.749287,0.932402,1,3,0,0,76,1448,0.251632,1,0.4375,2,3,0,0,V2,1,0.359845,888.75,2,0,2,0.640155,0,2,0,200
EDCF-Shield,v2b,FALCON1024+HMAC-SHA512+AES256GCM+DKG4of7,COMPROMISED_CTRL,30,11.19,9,CYCLE,18,0,372,1700,0,0.179537,0.155034,0,0,0,100,44.7,69.13,0.749384,0.932437,1,3,0,0,76,1448,0.242153,1,0.4444,2,3,0,0,V2,1,0.353341,916.666667,2,0,2,0.646659,0,2,0,200
EDCF-Shield,v2b,FALCON1024+HMAC-SHA512+AES256GCM+DKG4of7,COMPROMISED_CTRL,30,11.19,9,CUMULATIVE,18,3400,2736,11900,9,0.340039,0.200874,0.363461,0.222222,0.99736,99.67,48.27,64.67,0.749384,0.932437,1,3,0,0,76,1448,0.242153,1,0.4444,2,3,0,0,V2,1,0.353341,916.666667,2,0,2,0.646659,0,2,0,200
EDCF-Shield,v2b,FALCON1024+HMAC-SHA512+AES256GCM+DKG4of7,COMPROMISED_CTRL,30,11.19,10,CYCLE,20,0,372,1700,0,0.179537,0.139528,0,0,0,100,44.75,69.06,0.749457,0.932438,1,3,0,0,76,1448,0.233898,1,0.45,2,3,0,0,V2,1,0.348389,939,2,0,2,0.651611,0,2,0,200
EDCF-Shield,v2b,FALCON1024+HMAC-SHA512+AES256GCM+DKG4of7,COMPROMISED_CTRL,30,11.19,10,CUMULATIVE,20,3400,3108,13600,9,0.323507,0.190122,0.333186,0.2,0.99736,99.71,47.87,65.16,0.749457,0.932438,1,3,0,0,76,1448,0.233898,1,0.45,2,3,0,0,V2,1,0.348389,939,2,0,2,0.651611,0,2,0,200
EDCF-Shield,v2b,FALCON1024+HMAC-SHA512+AES256GCM+DKG4of7,COMPROMISED_CTRL,30,11.19,11,CYCLE,22,0,372,1700,0,0.179537,0.126841,0,0,0,100,44.56,69.3,0.749515,0.932523,1,3,0,0,76,1448,0.226602,1,0.4545,2,3,0,0,V2,1,0.344168,957.272727,2,0,2,0.655832,0,2,0,200
EDCF-Shield,v2b,FALCON1024+HMAC-SHA512+AES256GCM+DKG4of7,COMPROMISED_CTRL,30,11.19,11,CUMULATIVE,22,3400,3480,15300,9,0.310064,0.180943,0.307567,0.181818,0.99736,99.74,47.53,65.58,0.749515,0.932523,1,3,0,0,76,1448,0.226602,1,0.4545,2,3,0,0,V2,1,0.344168,957.272727,2,0,2,0.655832,0,2,0,200
EDCF-Shield,v2b,FALCON1024+HMAC-SHA512+AES256GCM+DKG4of7,COMPROMISED_CTRL,30,11.19,12,CYCLE,24,0,372,1700,0,0.179537,0.116269,0,0,0,100,44.64,69.2,0.749562,0.93256,1,3,0,0,76,1448,0.220079,1,0.4583,2,3,0,0,V2,1,0.340829,972.5,2,0,2,0.659171,0,2,0,200
EDCF-Shield,v2b,FALCON1024+HMAC-SHA512+AES256GCM+DKG4of7,COMPROMISED_CTRL,30,11.19,12,CUMULATIVE,24,3400,3852,17000,9,0.298916,0.172985,0.285606,0.166667,0.99736,99.77,47.27,65.92,0.749562,0.93256,1,3,0,0,76,1448,0.220079,1,0.4583,2,3,0,0,V2,1,0.340829,972.5,2,0,2,0.659171,0,2,0,200
EDCF-Shield,v2b,FALCON1024+HMAC-SHA512+AES256GCM+DKG4of7,COMPROMISED_CTRL,30,11.19,13,CYCLE,26,0,372,1700,0,0.179537,0.107323,0,0,0,100,44.64,69.2,0.749601,0.93259,1,3,0,0,76,1448,0.214192,1,0.4615,2,3,0,0,V2,1,0.338055,985.384615,2,0,2,0.661945,0,2,0,200
EDCF-Shield,v2b,FALCON1024+HMAC-SHA512+AES256GCM+DKG4of7,COMPROMISED_CTRL,30,11.19,13,CUMULATIVE,26,3400,4224,18700,9,0.289523,0.165999,0.266573,0.153846,0.99736,99.79,47.04,66.19,0.749601,0.93259,1,3,0,0,76,1448,0.214192,1,0.4615,2,3,0,0,V2,1,0.338055,985.384615,2,0,2,0.661945,0,2,0,200
EDCF-Shield,v2b,FALCON1024+HMAC-SHA512+AES256GCM+DKG4of7,COMPROMISED_CTRL,30,11.19,14,CYCLE,28,0,372,1700,0,0.179537,0.099655,0,0,0,100,44.69,69.14,0.749633,0.932599,1,3,0,0,76,1448,0.208837,1,0.4643,2,3,0,0,V2,1,0.335765,996.428571,2,0,2,0.664235,0,2,0,200
EDCF-Shield,v2b,FALCON1024+HMAC-SHA512+AES256GCM+DKG4of7,COMPROMISED_CTRL,30,11.19,14,CUMULATIVE,28,3400,4596,20400,9,0.2815,0.159799,0.249917,0.142857,0.99736,99.8,46.86,66.42,0.749633,0.932599,1,3,0,0,76,1448,0.208837,1,0.4643,2,3,0,0,V2,1,0.335765,996.428571,2,0,2,0.664235,0,2,0,200
EDCF-Shield,v2b,FALCON1024+HMAC-SHA512+AES256GCM+DKG4of7,COMPROMISED_CTRL,30,11.19,15,CYCLE,30,0,372,1700,0,0.179537,0.09301,0,0,0,100,44.51,69.36,0.74966,0.932661,1,3,0,0,76,1448,0.203934,1,0.4667,2,3,0,0,V2,1,0.33363,1006,2,0,2,0.66637,0,2,0,200
EDCF-Shield,v2b,FALCON1024+HMAC-SHA512+AES256GCM+DKG4of7,COMPROMISED_CTRL,30,11.19,15,CUMULATIVE,30,3400,4968,22100,9,0.274568,0.154248,0.235221,0.133333,0.99736,99.82,46.69,66.64,0.74966,0.932661,1,3,0,0,76,1448,0.203934,1,0.4667,2,3,0,0,V2,1,0.33363,1006,2,0,2,0.66637,0,2,0,200
EDCF-Shield,v2b,FALCON1024+HMAC-SHA512+AES256GCM+DKG4of7,COMPROMISED_CTRL,30,11.19,16,CYCLE,32,0,372,1700,0,0.179537,0.087195,0,0,0,100,44.15,69.82,0.749684,0.93282,1,3,0,0,76,1448,0.199417,1,0.4688,2,3,0,0,V2,1,0.331449,1014.375,2,0,2,0.668551,0,2,0,200
EDCF-Shield,v2b,FALCON1024+HMAC-SHA512+AES256GCM+DKG4of7,COMPROMISED_CTRL,30,11.19,16,CUMULATIVE,32,3400,5340,23800,9,0.268518,0.149241,0.222157,0.125,0.99736,99.83,46.52,66.86,0.749684,0.93282,1,3,0,0,76,1448,0.199417,1,0.4688,2,3,0,0,V2,1,0.331449,1014.375,2,0,2,0.668551,0,2,0,200
EDCF-Shield,v2b,FALCON1024+HMAC-SHA512+AES256GCM+DKG4of7,COMPROMISED_CTRL,30,11.19,17,CYCLE,34,0,372,1700,0,0.179537,0.082064,0,0,0,100,44.12,69.85,0.749705,0.932965,1,3,0,0,76,1448,0.195235,1,0.4706,2,3,0,0,V2,1,0.329521,1021.764706,2,0,2,0.670479,0,2,0,200
EDCF-Shield,v2b,FALCON1024+HMAC-SHA512+AES256GCM+DKG4of7,COMPROMISED_CTRL,30,11.19,17,CUMULATIVE,34,3400,5712,25500,9,0.263193,0.144692,0.210468,0.117647,0.99736,99.84,46.36,67.05,0.749705,0.932965,1,3,0,0,76,1448,0.195235,1,0.4706,2,3,0,0,V2,1,0.329521,1021.764706,2,0,2,0.670479,0,2,0,200
EDCF-Shield,v2b,FALCON1024+HMAC-SHA512+AES256GCM+DKG4of7,COMPROMISED_CTRL,30,11.19,18,CYCLE,36,0,372,1700,0,0.179537,0.077504,0,0,0,100,44.54,69.33,0.749723,0.932986,1,3,0,0,76,1448,0.191347,1,0.4722,2,3,0,0,V2,1,0.328168,1028.333333,2,0,2,0.671832,0,2,0,200
EDCF-Shield,v2b,FALCON1024+HMAC-SHA512+AES256GCM+DKG4of7,COMPROMISED_CTRL,30,11.19,18,CUMULATIVE,36,3400,6084,27200,9,0.258469,0.140537,0.199947,0.111111,0.99736,99.85,46.25,67.18,0.749723,0.932986,1,3,0,0,76,1448,0.191347,1,0.4722,2,3,0,0,V2,1,0.328168,1028.333333,2,0,2,0.671832,0,2,0,200
EDCF-Shield,v2b,FALCON1024+HMAC-SHA512+AES256GCM+DKG4of7,COMPROMISED_CTRL,30,11.19,19,CYCLE,38,0,372,1700,0,0.179537,0.073423,0,0,0,100,44.83,68.97,0.749739,0.932937,1,3,0,0,76,1448,0.187718,1,0.4737,2,3,0,0,V2,1,0.327178,1034.210526,2,0,2,0.672822,0,2,0,200
EDCF-Shield,v2b,FALCON1024+HMAC-SHA512+AES256GCM+DKG4of7,COMPROMISED_CTRL,30,11.19,19,CUMULATIVE,38,3400,6456,28900,9,0.25425,0.136721,0.190428,0.105263,0.99736,99.86,46.17,67.28,0.749739,0.932937,1,3,0,0,76,1448,0.187718,1,0.4737,2,3,0,0,V2,1,0.327178,1034.210526,2,0,2,0.672822,0,2,0,200
EDCF-Shield,v2b,FALCON1024+HMAC-SHA512+AES256GCM+DKG4of7,COMPROMISED_CTRL,30,11.19,20,CYCLE,40,0,372,1700,0,0.179537,0.069751,0,0,0,100,45.02,68.73,0.749753,0.932852,1,3,0,0,76,1448,0.184318,1,0.475,2,3,0,0,V2,1,0.326424,1039.5,2,0,2,0.673576,0,2,0,200
EDCF-Shield,v2b,FALCON1024+HMAC-SHA512+AES256GCM+DKG4of7,COMPROMISED_CTRL,30,11.19,20,CUMULATIVE,40,3400,6828,30600,9,0.250459,0.1332,0.181774,0.1,0.99736,99.87,46.11,67.36,0.749753,0.932852,1,3,0,0,76,1448,0.184318,1,0.475,2,3,0,0,V2,1,0.326424,1039.5,2,0,2,0.673576,0,2,0,200
EDCF-Shield,v2b,FALCON1024+HMAC-SHA512+AES256GCM+DKG4of7,COMPROMISED_CTRL,30,11.19,21,CYCLE,42,0,372,1700,0,0.179537,0.066428,0,0,0,100,45.16,68.55,0.749766,0.932747,1,3,0,0,76,1448,0.181123,1,0.4762,2,3,0,0,V2,1,0.325834,1044.285714,2,0,2,0.674166,0,2,0,200
EDCF-Shield,v2b,FALCON1024+HMAC-SHA512+AES256GCM+DKG4of7,COMPROMISED_CTRL,30,11.19,21,CUMULATIVE,42,3400,7200,32300,9,0.247034,0.129939,0.173873,0.095238,0.99736,99.88,46.07,67.42,0.749766,0.932747,1,3,0,0,76,1448,0.181123,1,0.4762,2,3,0,0,V2,1,0.325834,1044.285714,2,0,2,0.674166,0,2,0,200
EDCF-Shield,v2b,FALCON1024+HMAC-SHA512+AES256GCM+DKG4of7,COMPROMISED_CTRL,30,11.19,22,CYCLE,44,0,372,1700,0,0.179537,0.063407,0,0,0,100,45.06,68.68,0.749777,0.932672,1,3,0,0,76,1448,0.178113,1,0.4773,2,3,0,0,V2,1,0.32524,1048.636364,2,0,2,0.67476,0,2,0,200
EDCF-Shield,v2b,FALCON1024+HMAC-SHA512+AES256GCM+DKG4of7,COMPROMISED_CTRL,30,11.19,22,CUMULATIVE,44,3400,7572,34000,9,0.243925,0.126906,0.16663,0.090909,0.99736,99.88,46.02,67.48,0.749777,0.932672,1,3,0,0,76,1448,0.178113,1,0.4773,2,3,0,0,V2,1,0.32524,1048.636364,2,0,2,0.67476,0,2,0,200
EDCF-Shield,v2b,FALCON1024+HMAC-SHA512+AES256GCM+DKG4of7,COMPROMISED_CTRL,30,11.19,23,CYCLE,46,0,372,1700,0,0.179537,0.06065,0,0,0,100,44.83,68.96,0.749788,0.932646,1,3,0,0,76,1448,0.175268,1,0.4783,2,3,0,0,V2,1,0.324565,1052.608696,2,0,2,0.675435,0,2,0,200
EDCF-Shield,v2b,FALCON1024+HMAC-SHA512+AES256GCM+DKG4of7,COMPROMISED_CTRL,30,11.19,23,CUMULATIVE,46,3400,7944,35700,9,0.24109,0.124077,0.159966,0.086957,0.99736,99.89,45.97,67.54,0.749788,0.932646,1,3,0,0,76,1448,0.175268,1,0.4783,2,3,0,0,V2,1,0.324565,1052.608696,2,0,2,0.675435,0,2,0,200
EDCF-Shield,v2b,FALCON1024+HMAC-SHA512+AES256GCM+DKG4of7,COMPROMISED_CTRL,30,11.19,24,CYCLE,48,0,372,1700,0,0.179537,0.058121,0,0,0,100,44.85,68.94,0.749797,0.932619,1,3,0,0,76,1448,0.172574,1,0.4792,2,3,0,0,V2,1,0.323959,1056.25,2,0,2,0.676041,0,2,0,200
EDCF-Shield,v2b,FALCON1024+HMAC-SHA512+AES256GCM+DKG4of7,COMPROMISED_CTRL,30,11.19,24,CUMULATIVE,48,3400,8316,37400,9,0.238494,0.121429,0.153815,0.083333,0.99736,99.89,45.92,67.6,0.749797,0.932619,1,3,0,0,76,1448,0.172574,1,0.4792,2,3,0,0,V2,1,0.323959,1056.25,2,0,2,0.676041,0,2,0,200
EDCF-Shield,v2b,FALCON1024+HMAC-SHA512+AES256GCM+DKG4of7,COMPROMISED_CTRL,30,11.19,25,CYCLE,50,0,372,1700,0,0.179537,0.055795,0,0,0,100,45.17,68.54,0.749806,0.932539,1,3,0,0,76,1448,0.170016,1,0.48,2,3,0,0,V2,1,0.323575,1059.6,2,0,2,0.676425,0,2,0,200
EDCF-Shield,v2b,FALCON1024+HMAC-SHA512+AES256GCM+DKG4of7,COMPROMISED_CTRL,30,11.19,25,CUMULATIVE,50,3400,8688,39100,9,0.236108,0.118944,0.148119,0.08,0.99736,99.9,45.89,67.64,0.749806,0.932539,1,3,0,0,76,1448,0.170016,1,0.48,2,3,0,0,V2,1,0.323575,1059.6,2,0,2,0.676425,0,2,0,200
EDCF-Shield,v2b,FALCON1024+HMAC-SHA512+AES256GCM+DKG4of7,COMPROMISED_CTRL,30,11.19,26,CYCLE,52,0,372,1700,0,0.179537,0.053649,0,0,0,100,45.54,68.08,0.749814,0.932408,1,3,0,0,76,1448,0.167584,1,0.4808,2,3,0,0,V2,1,0.323404,1062.692308,2,0,2,0.676596,0,2,0,200
EDCF-Shield,v2b,FALCON1024+HMAC-SHA512+AES256GCM+DKG4of7,COMPROMISED_CTRL,30,11.19,26,CUMULATIVE,52,3400,9060,40800,9,0.233907,0.116605,0.14283,0.076923,0.99736,99.9,45.87,67.66,0.749814,0.932408,1,3,0,0,76,1448,0.167584,1,0.4808,2,3,0,0,V2,1,0.323404,1062.692308,2,0,2,0.676596,0,2,0,200
EDCF-Shield,v2b,FALCON1024+HMAC-SHA512+AES256GCM+DKG4of7,COMPROMISED_CTRL,30,11.19,27,CYCLE,54,0,372,1700,0,0.179537,0.051661,0,0,0,100,45.67,67.92,0.749821,0.932267,1,3,0,0,76,1448,0.165267,1,0.4815,2,3,0,0,V2,1,0.323308,1065.555556,2,0,2,0.676692,0,2,0,200
EDCF-Shield,v2b,FALCON1024+HMAC-SHA512+AES256GCM+DKG4of7,COMPROMISED_CTRL,30,11.19,27,CUMULATIVE,54,3400,9432,42500,9,0.231871,0.1144,0.137906,0.074074,0.99736,99.9,45.86,67.67,0.749821,0.932267,1,3,0,0,76,1448,0.165267,1,0.4815,2,3,0,0,V2,1,0.323308,1065.555556,2,0,2,0.676692,0,2,0,200
EDCF-Shield,v2b,FALCON1024+HMAC-SHA512+AES256GCM+DKG4of7,COMPROMISED_CTRL,30,11.19,28,CYCLE,56,0,372,1700,0,0.179537,0.049815,0,0,0,100,45.43,68.21,0.749828,0.93217,1,3,0,0,76,1448,0.163055,1,0.4821,2,3,0,0,V2,1,0.323111,1068.214286,2,0,2,0.676889,0,2,0,200
EDCF-Shield,v2b,FALCON1024+HMAC-SHA512+AES256GCM+DKG4of7,COMPROMISED_CTRL,30,11.19,28,CUMULATIVE,56,3400,9804,44200,9,0.229983,0.112315,0.13331,0.071429,0.99736,99.91,45.85,67.69,0.749828,0.93217,1,3,0,0,76,1448,0.163055,1,0.4821,2,3,0,0,V2,1,0.323111,1068.214286,2,0,2,0.676889,0,2,0,200
EDCF-Shield,v2b,FALCON1024+HMAC-SHA512+AES256GCM+DKG4of7,COMPROMISED_CTRL,30,11.19,29,CYCLE,58,0,372,1700,0,0.179537,0.048096,0,0,0,100,45.39,68.27,0.749834,0.932086,1,3,0,0,76,1448,0.160941,1,0.4828,2,3,0,0,V2,1,0.322908,1070.689655,2,0,2,0.677092,0,2,0,200
EDCF-Shield,v2b,FALCON1024+HMAC-SHA512+AES256GCM+DKG4of7,COMPROMISED_CTRL,30,11.19,29,CUMULATIVE,58,3400,10176,45900,9,0.228226,0.11034,0.12901,0.068966,0.99736,99.91,45.83,67.71,0.749834,0.932086,1,3,0,0,76,1448,0.160941,1,0.4828,2,3,0,0,V2,1,0.322908,1070.689655,2,0,2,0.677092,0,2,0,200
EDCF-Shield,v2b,FALCON1024+HMAC-SHA512+AES256GCM+DKG4of7,COMPROMISED_CTRL,30,11.19,30,CYCLE,60,0,372,1700,0,0.179537,0.046492,0,0,0,100,45.51,68.11,0.74984,0.931991,1,3,0,0,76,1448,0.158917,1,0.4833,2,3,0,0,V2,1,0.322773,1073,2,0,2,0.677227,0,2,0,200
EDCF-Shield,v2b,FALCON1024+HMAC-SHA512+AES256GCM+DKG4of7,COMPROMISED_CTRL,30,11.19,30,CUMULATIVE,60,3400,10548,47600,9,0.226587,0.108466,0.124979,0.066667,0.99736,99.91,45.82,67.72,0.74984,0.931991,1,3,0,0,76,1448,0.158917,1,0.4833,2,3,0,0,V2,1,0.322773,1073,2,0,2,0.677227,0,2,0,200
EDCF-Shield,v2b,FALCON1024+HMAC-SHA512+AES256GCM+DKG4of7,COMPROMISED_CTRL,30,11.19,31,CYCLE,62,0,372,1700,0,0.179537,0.044991,0,0,0,100,45.63,67.97,0.749845,0.931887,1,3,0,0,76,1448,0.156977,1,0.4839,2,3,0,0,V2,1,0.322693,1075.16129,2,0,2,0.677307,0,2,0,200
EDCF-Shield,v2b,FALCON1024+HMAC-SHA512+AES256GCM+DKG4of7,COMPROMISED_CTRL,30,11.19,31,CUMULATIVE,62,3400,10920,49300,9,0.225055,0.106684,0.121193,0.064516,0.99736,99.92,45.82,67.73,0.749845,0.931887,1,3,0,0,76,1448,0.156977,1,0.4839,2,3,0,0,V2,1,0.322693,1075.16129,2,0,2,0.677307,0,2,0,200
EDCF-Shield,v2b,FALCON1024+HMAC-SHA512+AES256GCM+DKG4of7,COMPROMISED_CTRL,30,11.19,32,CYCLE,64,0,372,1700,0,0.179537,0.043585,0,0,0,100,45.57,68.03,0.749851,0.931797,1,3,0,0,76,1448,0.155114,1,0.4844,2,3,0,0,V2,1,0.322598,1077.1875,2,0,2,0.677402,0,2,0,200
EDCF-Shield,v2b,FALCON1024+HMAC-SHA512+AES256GCM+DKG4of7,COMPROMISED_CTRL,30,11.19,32,CUMULATIVE,64,3400,11292,51000,9,0.223619,0.104988,0.117629,0.0625,0.99736,99.92,45.81,67.74,0.749851,0.931797,1,3,0,0,76,1448,0.155114,1,0.4844,2,3,0,0,V2,1,0.322598,1077.1875,2,0,2,0.677402,0,2,0,200
EDCF-Shield,v2b,FALCON1024+HMAC-SHA512+AES256GCM+DKG4of7,COMPROMISED_CTRL,30,11.19,33,CYCLE,66,0,372,1700,0,0.179537,0.042263,0,0,0,100,45.62,67.98,0.749855,0.931706,1,3,0,0,76,1448,0.153324,1,0.4848,2,3,0,0,V2,1,0.322525,1079.090909,2,0,2,0.677475,0,2,0,200
EDCF-Shield,v2b,FALCON1024+HMAC-SHA512+AES256GCM+DKG4of7,COMPROMISED_CTRL,30,11.19,33,CUMULATIVE,66,3400,11664,52700,9,0.222271,0.10337,0.114268,0.060606,0.99736,99.92,45.8,67.75,0.749855,0.931706,1,3,0,0,76,1448,0.153324,1,0.4848,2,3,0,0,V2,1,0.322525,1079.090909,2,0,2,0.677475,0,2,0,200
EDCF-Shield,v2b,FALCON1024+HMAC-SHA512+AES256GCM+DKG4of7,COMPROMISED_CTRL,30,11.19,34,CYCLE,68,0,372,1700,0,0.179537,0.041019,0,0,0,100,46.01,67.49,0.74986,0.931575,1,3,0,0,76,1448,0.151601,1,0.4853,2,3,0,0,V2,1,0.3226,1080.882353,2,0,2,0.6774,0,2,0,200
EDCF-Shield,v2b,FALCON1024+HMAC-SHA512+AES256GCM+DKG4of7,COMPROMISED_CTRL,30,11.19,34,CUMULATIVE,68,3400,12036,54400,9,0.221004,0.101824,0.111095,0.058824,0.99736,99.93,45.81,67.74,0.74986,0.931575,1,3,0,0,76,1448,0.151601,1,0.4853,2,3,0,0,V2,1,0.3226,1080.882353,2,0,2,0.6774,0,2,0,200
EDCF-Shield,v2b,FALCON1024+HMAC-SHA512+AES256GCM+DKG4of7,COMPROMISED_CTRL,30,11.19,35,CYCLE,70,0,372,1700,0,0.179537,0.039847,0,0,0,100,46.51,66.86,0.749864,0.931394,1,3,0,0,76,1448,0.149942,1,0.4857,2,3,0,0,V2,1,0.322845,1082.571429,2,0,2,0.677155,0,2,0,200
EDCF-Shield,v2b,FALCON1024+HMAC-SHA512+AES256GCM+DKG4of7,COMPROMISED_CTRL,30,11.19,35,CUMULATIVE,70,3400,12408,56100,9,0.219809,0.100346,0.108093,0.057143,0.99736,99.93,45.83,67.72,0.749864,0.931394,1,3,0,0,76,1448,0.149942,1,0.4857,2,3,0,0,V2,1,0.322845,1082.571429,2,0,2,0.677155,0,2,0,200
EDCF-Shield,v2b,FALCON1024+HMAC-SHA512+AES256GCM+DKG4of7,COMPROMISED_CTRL,30,11.19,36,CYCLE,72,0,372,1700,0,0.179537,0.038739,0,0,0,100,46.65,66.69,0.749868,0.931209,1,3,0,0,76,1448,0.148342,1,0.4861,2,3,0,0,V2,1,0.323121,1084.166667,2,0,2,0.676879,0,2,0,200
EDCF-Shield,v2b,FALCON1024+HMAC-SHA512+AES256GCM+DKG4of7,COMPROMISED_CTRL,30,11.19,36,CUMULATIVE,72,3400,12780,57800,9,0.218681,0.098931,0.105248,0.055556,0.99736,99.93,45.85,67.69,0.749868,0.931209,1,3,0,0,76,1448,0.148342,1,0.4861,2,3,0,0,V2,1,0.323121,1084.166667,2,0,2,0.676879,0,2,0,200
EDCF-Shield,v2b,FALCON1024+HMAC-SHA512+AES256GCM+DKG4of7,COMPROMISED_CTRL,30,11.19,37,CYCLE,74,0,372,1700,0,0.179537,0.037691,0,0,0,100,46.53,66.84,0.749872,0.931045,1,3,0,0,76,1448,0.146798,1,0.4865,2,3,0,0,V2,1,0.323343,1085.675676,2,0,2,0.676657,0,2,0,200
EDCF-Shield,v2b,FALCON1024+HMAC-SHA512+AES256GCM+DKG4of7,COMPROMISED_CTRL,30,11.19,37,CUMULATIVE,74,3400,13152,59500,9,0.217615,0.097573,0.10255,0.054054,0.99736,99.93,45.87,67.67,0.749872,0.931045,1,3,0,0,76,1448,0.146798,1,0.4865,2,3,0,0,V2,1,0.323343,1085.675676,2,0,2,0.676657,0,2,0,200
EDCF-Shield,v2b,FALCON1024+HMAC-SHA512+AES256GCM+DKG4of7,COMPROMISED_CTRL,30,11.19,38,CYCLE,76,0,372,1700,0,0.179537,0.036699,0,0,0,100,46.49,66.89,0.749875,0.930894,1,3,0,0,76,1448,0.145306,1,0.4868,2,3,0,0,V2,1,0.323544,1087.105263,2,0,2,0.676456,0,2,0,200
EDCF-Shield,v2b,FALCON1024+HMAC-SHA512+AES256GCM+DKG4of7,COMPROMISED_CTRL,30,11.19,38,CUMULATIVE,76,3400,13524,61200,9,0.216605,0.096271,0.099987,0.052632,0.99736,99.93,45.88,67.65,0.749875,0.930894,1,3,0,0,76,1448,0.145306,1,0.4868,2,3,0,0,V2,1,0.323544,1087.105263,2,0,2,0.676456,0,2,0,200
EDCF-Shield,v2b,FALCON1024+HMAC-SHA512+AES256GCM+DKG4of7,COMPROMISED_CTRL,30,11.19,39,CYCLE,78,0,372,1700,0,0.179537,0.035757,0,0,0,100,46.62,66.72,0.749879,0.930737,1,3,0,0,76,1448,0.143864,1,0.4872,2,3,0,0,V2,1,0.323775,1088.461538,2,0,2,0.676225,0,2,0,200
EDCF-Shield,v2b,FALCON1024+HMAC-SHA512+AES256GCM+DKG4of7,COMPROMISED_CTRL,30,11.19,39,CUMULATIVE,78,3400,13896,62900,9,0.215647,0.095019,0.097548,0.051282,0.99736,99.94,45.9,67.62,0.749879,0.930737,1,3,0,0,76,1448,0.143864,1,0.4872,2,3,0,0,V2,1,0.323775,1088.461538,2,0,2,0.676225,0,2,0,200
EDCF-Shield,v2b,FALCON1024+HMAC-SHA512+AES256GCM+DKG4of7,COMPROMISED_CTRL,30,11.19,40,CYCLE,80,0,372,1700,0,0.179537,0.034862,0,0,0,100,46.72,66.59,0.749882,0.930577,1,3,0,0,76,1448,0.142469,1,0.4875,2,3,0,0,V2,1,0.324024,1089.75,2,0,2,0.675976,0,2,0,200
EDCF-Shield,v2b,FALCON1024+HMAC-SHA512+AES256GCM+DKG4of7,COMPROMISED_CTRL,30,11.19,40,CUMULATIVE,80,3400,14268,64600,9,0.214738,0.093814,0.095226,0.05,0.99736,99.94,45.92,67.6,0.749882,0.930577,1,3,0,0,76,1448,0.142469,1,0.4875,2,3,0,0,V2,1,0.324024,1089.75,2,0,2,0.675976,0,2,0,200
EDCF-Shield,v2b,FALCON1024+HMAC-SHA512+AES256GCM+DKG4of7,COMPROMISED_CTRL,30,11.19,41,CYCLE,82,0,372,1700,0,0.179537,0.034012,0,0,0,100,46.86,66.42,0.749885,0.930412,1,3,0,0,76,1448,0.141117,1,0.4878,2,3,0,0,V2,1,0.324301,1090.97561,2,0,2,0.675699,0,2,0,200
EDCF-Shield,v2b,FALCON1024+HMAC-SHA512+AES256GCM+DKG4of7,COMPROMISED_CTRL,30,11.19,41,CUMULATIVE,82,3400,14640,66300,9,0.213873,0.092655,0.093012,0.04878,0.99736,99.94,45.94,67.57,0.749885,0.930412,1,3,0,0,76,1448,0.141117,1,0.4878,2,3,0,0,V2,1,0.324301,1090.97561,2,0,2,0.675699,0,2,0,200
EDCF-Shield,v2b,FALCON1024+HMAC-SHA512+AES256GCM+DKG4of7,COMPROMISED_CTRL,30,11.19,42,CYCLE,84,0,372,1700,0,0.179537,0.033201,0,0,0,100,47.25,65.94,0.749888,0.93022,1,3,0,0,76,1448,0.139807,1,0.4881,2,3,0,0,V2,1,0.324671,1092.142857,2,0,2,0.675329,0,2,0,200
EDCF-Shield,v2b,FALCON1024+HMAC-SHA512+AES256GCM+DKG4of7,COMPROMISED_CTRL,30,11.19,42,CUMULATIVE,84,3400,15012,68000,9,0.21305,0.091537,0.090898,0.047619,0.99736,99.94,45.97,67.53,0.749888,0.93022,1,3,0,0,76,1448,0.139807,1,0.4881,2,3,0,0,V2,1,0.324671,1092.142857,2,0,2,0.675329,0,2,0,200
EDCF-Shield,v2b,FALCON1024+HMAC-SHA512+AES256GCM+DKG4of7,COMPROMISED_CTRL,30,11.19,43,CYCLE,86,0,372,1700,0,0.179537,0.032428,0,0,0,100,47.19,66.01,0.74989,0.930041,1,3,0,0,76,1448,0.138537,1,0.4884,2,3,0,0,V2,1,0.325009,1093.255814,2,0,2,0.674991,0,2,0,200
EDCF-Shield,v2b,FALCON1024+HMAC-SHA512+AES256GCM+DKG4of7,COMPROMISED_CTRL,30,11.19,43,CUMULATIVE,86,3400,15384,69700,9,0.212265,0.090459,0.088878,0.046512,0.99736,99.94,46,67.5,0.74989,0.930041,1,3,0,0,76,1448,0.138537,1,0.4884,2,3,0,0,V2,1,0.325009,1093.255814,2,0,2,0.674991,0,2,0,200
EDCF-Shield,v2b,FALCON1024+HMAC-SHA512+AES256GCM+DKG4of7,COMPROMISED_CTRL,30,11.19,44,CYCLE,88,0,372,1700,0,0.179537,0.031691,0,0,0,100,47.3,65.87,0.749893,0.92986,1,3,0,0,76,1448,0.137304,1,0.4886,2,3,0,0,V2,1,0.325362,1094.318182,2,0,2,0.674638,0,2,0,200
EDCF-Shield,v2b,FALCON1024+HMAC-SHA512+AES256GCM+DKG4of7,COMPROMISED_CTRL,30,11.19,44,CUMULATIVE,88,3400,15756,71400,9,0.211517,0.089418,0.086947,0.045455,0.99736,99.94,46.03,67.46,0.749893,0.92986,1,3,0,0,76,1448,0.137304,1,0.4886,2,3,0,0,V2,1,0.325362,1094.318182,2,0,2,0.674638,0,2,0,200
EDCF-Shield,v2b,FALCON1024+HMAC-SHA512+AES256GCM+DKG4of7,COMPROMISED_CTRL,30,11.19,45,CYCLE,90,0,372,1700,0,0.179537,0.030986,0,0,0,100,48.03,64.96,0.749895,0.929627,1,3,0,0,76,1448,0.136107,1,0.4889,2,3,0,0,V2,1,0.325879,1095.333333,2,0,2,0.674121,0,2,0,200
EDCF-Shield,v2b,FALCON1024+HMAC-SHA512+AES256GCM+DKG4of7,COMPROMISED_CTRL,30,11.19,45,CUMULATIVE,90,3400,16128,73100,9,0.210801,0.088412,0.085097,0.044444,0.99736,99.94,46.07,67.41,0.749895,0.929627,1,3,0,0,76,1448,0.136107,1,0.4889,2,3,0,0,V2,1,0.325879,1095.333333,2,0,2,0.674121,0,2,0,200
EDCF-Shield,v2b,FALCON1024+HMAC-SHA512+AES256GCM+DKG4of7,COMPROMISED_CTRL,30,11.19,46,CYCLE,92,0,372,1700,0,0.179537,0.030312,0,0,0,100,48.13,64.84,0.749898,0.929395,1,3,0,0,76,1448,0.134944,1,0.4891,2,3,0,0,V2,1,0.326398,1096.304348,2,0,2,0.673602,0,2,0,200
EDCF-Shield,v2b,FALCON1024+HMAC-SHA512+AES256GCM+DKG4of7,COMPROMISED_CTRL,30,11.19,46,CUMULATIVE,92,3400,16500,74800,9,0.210117,0.087439,0.083324,0.043478,0.99736,99.95,46.11,67.36,0.749898,0.929395,1,3,0,0,76,1448,0.134944,1,0.4891,2,3,0,0,V2,1,0.326398,1096.304348,2,0,2,0.673602,0,2,0,200
EDCF-Shield,v2b,FALCON1024+HMAC-SHA512+AES256GCM+DKG4of7,COMPROMISED_CTRL,30,11.19,47,CYCLE,94,0,372,1700,0,0.179537,0.029666,0,0,0,100,47.86,65.18,0.7499,0.929193,1,3,0,0,76,1448,0.133813,1,0.4894,2,3,0,0,V2,1,0.326833,1097.234043,2,0,2,0.673167,0,2,0,200
EDCF-Shield,v2b,FALCON1024+HMAC-SHA512+AES256GCM+DKG4of7,COMPROMISED_CTRL,30,11.19,47,CUMULATIVE,94,3400,16872,76500,9,0.209463,0.086498,0.081624,0.042553,0.99736,99.95,46.15,67.32,0.7499,0.929193,1,3,0,0,76,1448,0.133813,1,0.4894,2,3,0,0,V2,1,0.326833,1097.234043,2,0,2,0.673167,0,2,0,200
EDCF-Shield,v2b,FALCON1024+HMAC-SHA512+AES256GCM+DKG4of7,COMPROMISED_CTRL,30,11.19,48,CYCLE,96,0,372,1700,0,0.179537,0.029048,0,0,0,100,47.87,65.16,0.749902,0.928998,1,3,0,0,76,1448,0.132712,1,0.4896,2,3,0,0,V2,1,0.327255,1098.125,2,0,2,0.672745,0,2,0,200
EDCF-Shield,v2b,FALCON1024+HMAC-SHA512+AES256GCM+DKG4of7,COMPROMISED_CTRL,30,11.19,48,CUMULATIVE,96,3400,17244,78200,9,0.208835,0.085587,0.079992,0.041667,0.99736,99.95,46.18,67.27,0.749902,0.928998,1,3,0,0,76,1448,0.132712,1,0.4896,2,3,0,0,V2,1,0.327255,1098.125,2,0,2,0.672745,0,2,0,200
EDCF-Shield,v2b,FALCON1024+HMAC-SHA512+AES256GCM+DKG4of7,COMPROMISED_CTRL,30,11.19,49,CYCLE,98,0,372,1700,0,0.179537,0.028454,0,0,0,100,47.52,65.6,0.749904,0.928837,1,3,0,0,76,1448,0.131641,1,0.4898,2,3,0,0,V2,1,0.32758,1098.979592,2,0,2,0.67242,0,2,0,200
EDCF-Shield,v2b,FALCON1024+HMAC-SHA512+AES256GCM+DKG4of7,COMPROMISED_CTRL,30,11.19,49,CUMULATIVE,98,3400,17616,79900,9,0.208234,0.084704,0.078423,0.040816,0.99736,99.95,46.21,67.24,0.749904,0.928837,1,3,0,0,76,1448,0.131641,1,0.4898,2,3,0,0,V2,1,0.32758,1098.979592,2,0,2,0.67242,0,2,0,200
EDCF-Shield,v2b,FALCON1024+HMAC-SHA512+AES256GCM+DKG4of7,COMPROMISED_CTRL,30,11.19,50,CYCLE,100,0,372,1700,0,0.179537,0.027885,0,0,0,100,47.28,65.9,0.749906,0.9287,1,3,0,0,76,1448,0.130598,1,0.49,2,3,0,0,V2,1,0.327839,1099.8,2,0,2,0.672161,0,2,0,200
EDCF-Shield,v2b,FALCON1024+HMAC-SHA512+AES256GCM+DKG4of7,COMPROMISED_CTRL,30,11.19,50,CUMULATIVE,100,3400,17988,81600,9,0.207657,0.083847,0.076915,0.04,0.99736,99.95,46.23,67.22,0.749906,0.9287,1,3,0,0,76,1448,0.130598,1,0.49,2,3,0,0,V2,1,0.327839,1099.8,2,0,2,0.672161,0,2,0,200
EDCF-Shield,v2b,FALCON1024+HMAC-SHA512+AES256GCM+DKG4of7,COMPROMISED_CTRL,30,11.19,51,CYCLE,102,0,372,1700,0,0.179537,0.027338,0,0,0,100,47.35,65.81,0.749908,0.928563,1,3,0,0,76,1448,0.129582,1,0.4902,2,3,0,0,V2,1,0.328103,1100.588235,2,0,2,0.671897,0,2,0,200
EDCF-Shield,v2b,FALCON1024+HMAC-SHA512+AES256GCM+DKG4of7,COMPROMISED_CTRL,30,11.19,51,CUMULATIVE,102,3400,18360,83300,9,0.207102,0.083016,0.075464,0.039216,0.99736,99.95,46.25,67.19,0.749908,0.928563,1,3,0,0,76,1448,0.129582,1,0.4902,2,3,0,0,V2,1,0.328103,1100.588235,2,0,2,0.671897,0,2,0,200
EDCF-Shield,v2b,FALCON1024+HMAC-SHA512+AES256GCM+DKG4of7,COMPROMISED_CTRL,30,11.19,52,CYCLE,104,0,372,1700,0,0.179537,0.026811,0,0,0,100,47.73,65.34,0.74991,0.928403,1,3,0,0,76,1448,0.128591,1,0.4904,2,3,0,0,V2,1,0.32844,1101.346154,2,0,2,0.67156,0,2,0,200
EDCF-Shield,v2b,FALCON1024+HMAC-SHA512+AES256GCM+DKG4of7,COMPROMISED_CTRL,30,11.19,52,CUMULATIVE,104,3400,18732,85000,9,0.206569,0.08221,0.074067,0.038462,0.99736,99.95,46.28,67.16,0.74991,0.928403,1,3,0,0,76,1448,0.128591,1,0.4904,2,3,0,0,V2,1,0.32844,1101.346154,2,0,2,0.67156,0,2,0,200
EDCF-Shield,v2b,FALCON1024+HMAC-SHA512+AES256GCM+DKG4of7,COMPROMISED_CTRL,30,11.19,53,CYCLE,106,0,372,1700,0,0.179537,0.026305,0,0,0,100,47.7,65.38,0.749912,0.92825,1,3,0,0,76,1448,0.127625,1,0.4906,2,3,0,0,V2,1,0.328759,1102.075472,2,0,2,0.671241,0,2,0,200
EDCF-Shield,v2b,FALCON1024+HMAC-SHA512+AES256GCM+DKG4of7,COMPROMISED_CTRL,30,11.19,53,CUMULATIVE,106,3400,19104,86700,9,0.206056,0.081426,0.07272,0.037736,0.99736,99.95,46.3,67.12,0.749912,0.92825,1,3,0,0,76,1448,0.127625,1,0.4906,2,3,0,0,V2,1,0.328759,1102.075472,2,0,2,0.671241,0,2,0,200
EDCF-Shield,v2b,FALCON1024+HMAC-SHA512+AES256GCM+DKG4of7,COMPROMISED_CTRL,30,11.19,54,CYCLE,108,0,372,1700,0,0.179537,0.025817,0,0,0,100,47.63,65.47,0.749913,0.928109,1,3,0,0,76,1448,0.126682,1,0.4907,2,3,0,0,V2,1,0.329051,1102.777778,2,0,2,0.670949,0,2,0,200
EDCF-Shield,v2b,FALCON1024+HMAC-SHA512+AES256GCM+DKG4of7,COMPROMISED_CTRL,30,11.19,54,CUMULATIVE,108,3400,19476,88400,9,0.205562,0.080664,0.071422,0.037037,0.99736,99.95,46.32,67.09,0.749913,0.928109,1,3,0,0,76,1448,0.126682,1,0.4907,2,3,0,0,V2,1,0.329051,1102.777778,2,0,2,0.670949,0,2,0,200
EDCF-Shield,v2b,FALCON1024+HMAC-SHA512+AES256GCM+DKG4of7,COMPROMISED_CTRL,30,11.19,55,CYCLE,110,0,372,1700,0,0.179537,0.025347,0,0,0,100,47.94,65.07,0.749915,0.927949,1,3,0,0,76,1448,0.125762,1,0.4909,2,3,0,0,V2,1,0.329398,1103.454545,2,0,2,0.670602,0,2,0,200
EDCF-Shield,v2b,FALCON1024+HMAC-SHA512+AES256GCM+DKG4of7,COMPROMISED_CTRL,30,11.19,55,CUMULATIVE,110,3400,19848,90100,9,0.205087,0.079924,0.070169,0.036364,0.99736,99.95,46.35,67.06,0.749915,0.927949,1,3,0,0,76,1448,0.125762,1,0.4909,2,3,0,0,V2,1,0.329398,1103.454545,2,0,2,0.670602,0,2,0,200
EDCF-Shield,v2b,FALCON1024+HMAC-SHA512+AES256GCM+DKG4of7,COMPROMISED_CTRL,30,11.19,56,CYCLE,112,0,372,1700,0,0.179537,0.024894,0,0,0,100,47.81,65.24,0.749917,0.927805,1,3,0,0,76,1448,0.124863,1,0.4911,2,3,0,0,V2,1,0.329706,1104.107143,2,0,2,0.670294,0,2,0,200
EDCF-Shield,v2b,FALCON1024+HMAC-SHA512+AES256GCM+DKG4of7,COMPROMISED_CTRL,30,11.19,56,CUMULATIVE,112,3400,20220,91800,9,0.204628,0.079203,0.068959,0.035714,0.99736,99.96,46.38,67.03,0.749917,0.927805,1,3,0,0,76,1448,0.124863,1,0.4911,2,3,0,0,V2,1,0.329706,1104.107143,2,0,2,0.670294,0,2,0,200
EDCF-Shield,v2b,FALCON1024+HMAC-SHA512+AES256GCM+DKG4of7,COMPROMISED_CTRL,30,11.19,57,CYCLE,114,0,372,1700,0,0.179537,0.024457,0,0,0,100,47.9,65.12,0.749918,0.927658,1,3,0,0,76,1448,0.123985,1,0.4912,2,3,0,0,V2,1,0.330023,1104.736842,2,0,2,0.669977,0,2,0,200
EDCF-Shield,v2b,FALCON1024+HMAC-SHA512+AES256GCM+DKG4of7,COMPROMISED_CTRL,30,11.19,57,CUMULATIVE,114,3400,20592,93500,9,0.204185,0.078502,0.067791,0.035088,0.99736,99.96,46.4,67,0.749918,0.927658,1,3,0,0,76,1448,0.123985,1,0.4912,2,3,0,0,V2,1,0.330023,1104.736842,2,0,2,0.669977,0,2,0,200
EDCF-Shield,v2b,FALCON1024+HMAC-SHA512+AES256GCM+DKG4of7,COMPROMISED_CTRL,30,11.19,58,CYCLE,116,0,372,1700,0,0.179537,0.024035,0,0,0,100,47.98,65.02,0.74992,0.927511,1,3,0,0,76,1448,0.123127,1,0.4914,2,3,0,0,V2,1,0.330345,1105.344828,2,0,2,0.669655,0,2,0,200
EDCF-Shield,v2b,FALCON1024+HMAC-SHA512+AES256GCM+DKG4of7,COMPROMISED_CTRL,30,11.19,58,CUMULATIVE,116,3400,20964,95200,9,0.203758,0.077819,0.066661,0.034483,0.99736,99.96,46.43,66.97,0.74992,0.927511,1,3,0,0,76,1448,0.123127,1,0.4914,2,3,0,0,V2,1,0.330345,1105.344828,2,0,2,0.669655,0,2,0,200
EDCF-Shield,v2b,FALCON1024+HMAC-SHA512+AES256GCM+DKG4of7,COMPROMISED_CTRL,30,11.19,59,CYCLE,118,0,372,1700,0,0.179537,0.023627,0,0,0,100,47.93,65.09,0.749921,0.927372,1,3,0,0,76,1448,0.122288,1,0.4915,2,3,0,0,V2,1,0.330647,1105.932203,2,0,2,0.669353,0,2,0,200
EDCF-Shield,v2b,FALCON1024+HMAC-SHA512+AES256GCM+DKG4of7,COMPROMISED_CTRL,30,11.19,59,CUMULATIVE,118,3400,21336,96900,9,0.203346,0.077153,0.065568,0.033898,0.99736,99.96,46.45,66.94,0.749921,0.927372,1,3,0,0,76,1448,0.122288,1,0.4915,2,3,0,0,V2,1,0.330647,1105.932203,2,0,2,0.669353,0,2,0,200
EDCF-Shield,v2b,FALCON1024+HMAC-SHA512+AES256GCM+DKG4of7,COMPROMISED_CTRL,30,11.19,60,CYCLE,120,0,372,1700,0,0.179537,0.023233,0,0,0,100,48.22,64.73,0.749922,0.927219,1,3,0,0,76,1448,0.121467,1,0.4917,2,3,0,0,V2,1,0.330992,1106.5,2,0,2,0.669008,0,2,0,200
EDCF-Shield,v2b,FALCON1024+HMAC-SHA512+AES256GCM+DKG4of7,COMPROMISED_CTRL,30,11.19,60,CUMULATIVE,120,3400,21708,98600,9,0.202947,0.076504,0.064511,0.033333,0.99736,99.96,46.48,66.9,0.749922,0.927219,1,3,0,0,76,1448,0.121467,1,0.4917,2,3,0,0,V2,1,0.330992,1106.5,2,0,2,0.669008,0,2,0,200
EDCF-Shield,v2b,FALCON1024+HMAC-SHA512+AES256GCM+DKG4of7,COMPROMISED_CTRL,30,11.19,61,CYCLE,122,0,372,1700,0,0.179537,0.022852,0,0,0,100,48.16,64.8,0.749924,0.927074,1,3,0,0,76,1448,0.120664,1,0.4918,2,3,0,0,V2,1,0.331315,1107.04918,2,0,2,0.668685,0,2,0,200
EDCF-Shield,v2b,FALCON1024+HMAC-SHA512+AES256GCM+DKG4of7,COMPROMISED_CTRL,30,11.19,61,CUMULATIVE,122,3400,22080,100300,9,0.202561,0.075871,0.063487,0.032787,0.99736,99.96,46.51,66.87,0.749924,0.927074,1,3,0,0,76,1448,0.120664,1,0.4918,2,3,0,0,V2,1,0.331315,1107.04918,2,0,2,0.668685,0,2,0,200
EDCF-Shield,v2b,FALCON1024+HMAC-SHA512+AES256GCM+DKG4of7,COMPROMISED_CTRL,30,11.19,62,CYCLE,124,0,372,1700,0,0.179537,0.022483,0,0,0,100,48.31,64.61,0.749925,0.926925,1,3,0,0,76,1448,0.119878,1,0.4919,2,3,0,0,V2,1,0.331656,1107.580645,2,0,2,0.668344,0,2,0,200
EDCF-Shield,v2b,FALCON1024+HMAC-SHA512+AES256GCM+DKG4of7,COMPROMISED_CTRL,30,11.19,62,CUMULATIVE,124,3400,22452,102000,9,0.202188,0.075254,0.062495,0.032258,0.99736,99.96,46.53,66.83,0.749925,0.926925,1,3,0,0,76,1448,0.119878,1,0.4919,2,3,0,0,V2,1,0.331656,1107.580645,2,0,2,0.668344,0,2,0,200
EDCF-Shield,v2b,FALCON1024+HMAC-SHA512+AES256GCM+DKG4of7,COMPROMISED_CTRL,30,11.19,63,CYCLE,126,0,372,1700,0,0.179537,0.022125,0,0,0,100,48.58,64.28,0.749926,0.926763,1,3,0,0,76,1448,0.119109,1,0.4921,2,3,0,0,V2,1,0.332033,1108.095238,2,0,2,0.667967,0,2,0,200
EDCF-Shield,v2b,FALCON1024+HMAC-SHA512+AES256GCM+DKG4of7,COMPROMISED_CTRL,30,11.19,63,CUMULATIVE,126,3400,22824,103700,9,0.201827,0.074652,0.061533,0.031746,0.99736,99.96,46.56,66.8,0.749926,0.926763,1,3,0,0,76,1448,0.119109,1,0.4921,2,3,0,0,V2,1,0.332033,1108.095238,2,0,2,0.667967,0,2,0,200
EDCF-Shield,v2b,FALCON1024+HMAC-SHA512+AES256GCM+DKG4of7,COMPROMISED_CTRL,30,11.19,64,CYCLE,128,0,372,1700,0,0.179537,0.021779,0,0,0,100,48.58,64.28,0.749927,0.926607,1,3,0,0,76,1448,0.118355,1,0.4922,2,3,0,0,V2,1,0.332399,1108.59375,2,0,2,0.667601,0,2,0,200
EDCF-Shield,v2b,FALCON1024+HMAC-SHA512+AES256GCM+DKG4of7,COMPROMISED_CTRL,30,11.19,64,CUMULATIVE,128,3400,23196,105400,9,0.201477,0.074063,0.060601,0.03125,0.99736,99.96,46.59,66.76,0.749927,0.926607,1,3,0,0,76,1448,0.118355,1,0.4922,2,3,0,0,V2,1,0.332399,1108.59375,2,0,2,0.667601,0,2,0,200
EDCF-Shield,v2b,FALCON1024+HMAC-SHA512+AES256GCM+DKG4of7,COMPROMISED_CTRL,30,11.19,65,CYCLE,130,0,372,1700,0,0.179537,0.021444,0,0,0,100,48.49,64.38,0.749928,0.926459,1,3,0,0,76,1448,0.117617,1,0.4923,2,3,0,0,V2,1,0.332741,1109.076923,2,0,2,0.667259,0,2,0,200
EDCF-Shield,v2b,FALCON1024+HMAC-SHA512+AES256GCM+DKG4of7,COMPROMISED_CTRL,30,11.19,65,CUMULATIVE,130,3400,23568,107100,9,0.201138,0.073489,0.059697,0.030769,0.99736,99.96,46.62,66.73,0.749928,0.926459,1,3,0,0,76,1448,0.117617,1,0.4923,2,3,0,0,V2,1,0.332741,1109.076923,2,0,2,0.667259,0,2,0,200
EDCF-Shield,v2b,FALCON1024+HMAC-SHA512+AES256GCM+DKG4of7,COMPROMISED_CTRL,30,11.19,66,CYCLE,132,0,372,1700,0,0.179537,0.021119,0,0,0,100,48.85,63.94,0.74993,0.926295,1,3,0,0,76,1448,0.116894,1,0.4924,2,3,0,0,V2,1,0.333131,1109.545455,2,0,2,0.666869,0,2,0,200
EDCF-Shield,v2b,FALCON1024+HMAC-SHA512+AES256GCM+DKG4of7,COMPROMISED_CTRL,30,11.19,66,CUMULATIVE,132,3400,23940,108800,9,0.200809,0.072928,0.058819,0.030303,0.99736,99.96,46.65,66.69,0.74993,0.926295,1,3,0,0,76,1448,0.116894,1,0.4924,2,3,0,0,V2,1,0.333131,1109.545455,2,0,2,0.666869,0,2,0,200
EDCF-Shield,v2b,FALCON1024+HMAC-SHA512+AES256GCM+DKG4of7,COMPROMISED_CTRL,30,11.19,67,CYCLE,134,0,372,1700,0,0.179537,0.020803,0,0,0,100,48.98,63.78,0.749931,0.926129,1,3,0,0,76,1448,0.116185,1,0.4925,2,3,0,0,V2,1,0.333531,1110,2,0,2,0.666469,0,2,0,200
EDCF-Shield,v2b,FALCON1024+HMAC-SHA512+AES256GCM+DKG4of7,COMPROMISED_CTRL,30,11.19,67,CUMULATIVE,134,3400,24312,110500,9,0.200491,0.072379,0.057967,0.029851,0.99736,99.96,46.68,66.65,0.749931,0.926129,1,3,0,0,76,1448,0.116185,1,0.4925,2,3,0,0,V2,1,0.333531,1110,2,0,2,0.666469,0,2,0,200
EDCF-Shield,v2b,FALCON1024+HMAC-SHA512+AES256GCM+DKG4of7,COMPROMISED_CTRL,30,11.19,68,CYCLE,136,0,372,1700,0,0.179537,0.020497,0,0,0,100,48.97,63.78,0.749932,0.925967,1,3,0,0,76,1448,0.115489,1,0.4926,2,3,0,0,V2,1,0.33392,1110.441176,2,0,2,0.66608,0,2,0,200
EDCF-Shield,v2b,FALCON1024+HMAC-SHA512+AES256GCM+DKG4of7,COMPROMISED_CTRL,30,11.19,68,CUMULATIVE,136,3400,24684,112200,9,0.200181,0.071843,0.057139,0.029412,0.99736,99.96,46.71,66.61,0.749932,0.925967,1,3,0,0,76,1448,0.115489,1,0.4926,2,3,0,0,V2,1,0.33392,1110.441176,2,0,2,0.66608,0,2,0,200
EDCF-Shield,v2b,FALCON1024+HMAC-SHA512+AES256GCM+DKG4of7,COMPROMISED_CTRL,30,11.19,69,CYCLE,138,0,372,1700,0,0.179537,0.020199,0,0,0,100,49.27,63.42,0.749933,0.925794,1,3,0,0,76,1448,0.114807,1,0.4928,2,3,0,0,V2,1,0.334342,1110.869565,2,0,2,0.665658,0,2,0,200
EDCF-Shield,v2b,FALCON1024+HMAC-SHA512+AES256GCM+DKG4of7,COMPROMISED_CTRL,30,11.19,69,CUMULATIVE,138,3400,25056,113900,9,0.199881,0.071318,0.056334,0.028986,0.99736,99.96,46.75,66.57,0.749933,0.925794,1,3,0,0,76,1448,0.114807,1,0.4928,2,3,0,0,V2,1,0.334342,1110.869565,2,0,2,0.665658,0,2,0,200
EDCF-Shield,v2b,FALCON1024+HMAC-SHA512+AES256GCM+DKG4of7,COMPROMISED_CTRL,30,11.19,70,CYCLE,140,0,372,1700,0,0.179537,0.01991,0,0,0,100,49.3,63.38,0.749934,0.925623,1,3,0,0,76,1448,0.114138,1,0.4929,2,3,0,0,V2,1,0.334759,1111.285714,2,0,2,0.665241,0,2,0,200
EDCF-Shield,v2b,FALCON1024+HMAC-SHA512+AES256GCM+DKG4of7,COMPROMISED_CTRL,30,11.19,70,CUMULATIVE,140,3400,25428,115600,9,0.199589,0.070804,0.055551,0.028571,0.99736,99.96,46.78,66.52,0.749934,0.925623,1,3,0,0,76,1448,0.114138,1,0.4929,2,3,0,0,V2,1,0.334759,1111.285714,2,0,2,0.665241,0,2,0,200
EDCF-Shield,v2b,FALCON1024+HMAC-SHA512+AES256GCM+DKG4of7,COMPROMISED_CTRL,30,11.19,71,CYCLE,142,0,372,1700,0,0.179537,0.019629,0,0,0,100,49.42,63.23,0.749935,0.925451,1,3,0,0,76,1448,0.113482,1,0.493,2,3,0,0,V2,1,0.335182,1111.690141,2,0,2,0.664818,0,2,0,200
EDCF-Shield,v2b,FALCON1024+HMAC-SHA512+AES256GCM+DKG4of7,COMPROMISED_CTRL,30,11.19,71,CUMULATIVE,142,3400,25800,117300,9,0.199305,0.070302,0.054791,0.028169,0.99736,99.97,46.81,66.48,0.749935,0.925451,1,3,0,0,76,1448,0.113482,1,0.493,2,3,0,0,V2,1,0.335182,1111.690141,2,0,2,0.664818,0,2,0,200
EDCF-Shield,v2b,FALCON1024+HMAC-SHA512+AES256GCM+DKG4of7,COMPROMISED_CTRL,30,11.19,72,CYCLE,144,0,372,1700,0,0.179537,0.019356,0,0,0,100,49.63,62.96,0.749936,0.925272,1,3,0,0,76,1448,0.112837,1,0.4931,2,3,0,0,V2,1,0.335625,1112.083333,2,0,2,0.664375,0,2,0,200
EDCF-Shield,v2b,FALCON1024+HMAC-SHA512+AES256GCM+DKG4of7,COMPROMISED_CTRL,30,11.19,72,CUMULATIVE,144,3400,26172,119000,9,0.199029,0.06981,0.05405,0.027778,0.99736,99.97,46.85,66.44,0.749936,0.925272,1,3,0,0,76,1448,0.112837,1,0.4931,2,3,0,0,V2,1,0.335625,1112.083333,2,0,2,0.664375,0,2,0,200
EDCF-Shield,v2b,FALCON1024+HMAC-SHA512+AES256GCM+DKG4of7,COMPROMISED_CTRL,30,11.19,73,CYCLE,146,0,372,1700,0,0.179537,0.019091,0,0,0,100,50.08,62.4,0.749936,0.925075,1,3,0,0,76,1448,0.112204,1,0.4932,2,3,0,0,V2,1,0.336119,1112.465753,2,0,2,0.663881,0,2,0,200
EDCF-Shield,v2b,FALCON1024+HMAC-SHA512+AES256GCM+DKG4of7,COMPROMISED_CTRL,30,11.19,73,CUMULATIVE,146,3400,26544,120700,9,0.198761,0.069328,0.05333,0.027397,0.99736,99.97,46.89,66.39,0.749936,0.925075,1,3,0,0,76,1448,0.112204,1,0.4932,2,3,0,0,V2,1,0.336119,1112.465753,2,0,2,0.663881,0,2,0,200
EDCF-Shield,v2b,FALCON1024+HMAC-SHA512+AES256GCM+DKG4of7,COMPROMISED_CTRL,30,11.19,74,CYCLE,148,0,372,1700,0,0.179537,0.018833,0,0,0,100,50.04,62.45,0.749937,0.924885,1,3,0,0,76,1448,0.111583,1,0.4932,2,3,0,0,V2,1,0.336597,1112.837838,2,0,2,0.663403,0,2,0,200
EDCF-Shield,v2b,FALCON1024+HMAC-SHA512+AES256GCM+DKG4of7,COMPROMISED_CTRL,30,11.19,74,CUMULATIVE,148,3400,26916,122400,9,0.198501,0.068857,0.052628,0.027027,0.99736,99.97,46.93,66.34,0.749937,0.924885,1,3,0,0,76,1448,0.111583,1,0.4932,2,3,0,0,V2,1,0.336597,1112.837838,2,0,2,0.663403,0,2,0,200
EDCF-Shield,v2b,FALCON1024+HMAC-SHA512+AES256GCM+DKG4of7,COMPROMISED_CTRL,30,11.19,75,CYCLE,150,0,372,1700,0,0.179537,0.018581,0,0,0,100,50.16,62.31,0.749938,0.924693,1,3,0,0,76,1448,0.110973,1,0.4933,2,3,0,0,V2,1,0.337078,1113.2,2,0,2,0.662922,0,2,0,200
EDCF-Shield,v2b,FALCON1024+HMAC-SHA512+AES256GCM+DKG4of7,COMPROMISED_CTRL,30,11.19,75,CUMULATIVE,150,3400,27288,124100,9,0.198247,0.068394,0.051944,0.026667,0.99736,99.97,46.97,66.29,0.749938,0.924693,1,3,0,0,76,1448,0.110973,1,0.4933,2,3,0,0,V2,1,0.337078,1113.2,2,0,2,0.662922,0,2,0,200
EDCF-Shield,v2b,FALCON1024+HMAC-SHA512+AES256GCM+DKG4of7,COMPROMISED_CTRL,30,11.19,76,CYCLE,152,0,372,1700,0,0.179537,0.018336,0,0,0,100,50.1,62.37,0.749939,0.924509,1,3,0,0,76,1448,0.110373,1,0.4934,2,3,0,0,V2,1,0.33754,1113.552632,2,0,2,0.66246,0,2,0,200
EDCF-Shield,v2b,FALCON1024+HMAC-SHA512+AES256GCM+DKG4of7,COMPROMISED_CTRL,30,11.19,76,CUMULATIVE,152,3400,27660,125800,9,0.198,0.067941,0.051279,0.026316,0.99736,99.97,47,66.25,0.749939,0.924509,1,3,0,0,76,1448,0.110373,1,0.4934,2,3,0,0,V2,1,0.33754,1113.552632,2,0,2,0.66246,0,2,0,200
EDCF-Shield,v2b,FALCON1024+HMAC-SHA512+AES256GCM+DKG4of7,COMPROMISED_CTRL,30,11.19,77,CYCLE,154,0,372,1700,0,0.179537,0.018098,0,0,0,100,50.23,62.21,0.74994,0.924322,1,3,0,0,76,1448,0.109784,1,0.4935,2,3,0,0,V2,1,0.338009,1113.896104,2,0,2,0.661991,0,2,0,200
EDCF-Shield,v2b,FALCON1024+HMAC-SHA512+AES256GCM+DKG4of7,COMPROMISED_CTRL,30,11.19,77,CUMULATIVE,154,3400,28032,127500,9,0.197759,0.067497,0.05063,0.025974,0.99736,99.97,47.04,66.2,0.74994,0.924322,1,3,0,0,76,1448,0.109784,1,0.4935,2,3,0,0,V2,1,0.338009,1113.896104,2,0,2,0.661991,0,2,0,200
EDCF-Shield,v2b,FALCON1024+HMAC-SHA512+AES256GCM+DKG4of7,COMPROMISED_CTRL,30,11.19,78,CYCLE,156,0,372,1700,0,0.179537,0.017866,0,0,0,100,50.55,61.81,0.749941,0.924125,1,3,0,0,76,1448,0.109204,1,0.4936,2,3,0,0,V2,1,0.338507,1114.230769,2,0,2,0.661493,0,2,0,200
EDCF-Shield,v2b,FALCON1024+HMAC-SHA512+AES256GCM+DKG4of7,COMPROMISED_CTRL,30,11.19,78,CUMULATIVE,156,3400,28404,129200,9,0.197524,0.067061,0.049997,0.025641,0.99736,99.97,47.08,66.15,0.749941,0.924125,1,3,0,0,76,1448,0.109204,1,0.4936,2,3,0,0,V2,1,0.338507,1114.230769,2,0,2,0.661493,0,2,0,200
EDCF-Shield,v2b,FALCON1024+HMAC-SHA512+AES256GCM+DKG4of7,COMPROMISED_CTRL,30,11.19,79,CYCLE,158,0,372,1700,0,0.179537,0.017639,0,0,0,100,50.46,61.93,0.749941,0.923937,1,3,0,0,76,1448,0.108635,1,0.4937,2,3,0,0,V2,1,0.338983,1114.556962,2,0,2,0.661017,0,2,0,200
EDCF-Shield,v2b,FALCON1024+HMAC-SHA512+AES256GCM+DKG4of7,COMPROMISED_CTRL,30,11.19,79,CUMULATIVE,158,3400,28776,130900,9,0.197296,0.066634,0.049379,0.025316,0.99736,99.97,47.12,66.1,0.749941,0.923937,1,3,0,0,76,1448,0.108635,1,0.4937,2,3,0,0,V2,1,0.338983,1114.556962,2,0,2,0.661017,0,2,0,200
EDCF-Shield,v2b,FALCON1024+HMAC-SHA512+AES256GCM+DKG4of7,COMPROMISED_CTRL,30,11.19,80,CYCLE,160,0,372,1700,0,0.179537,0.017418,0,0,0,100,50.54,61.82,0.749942,0.923748,1,3,0,0,76,1448,0.108075,1,0.4938,2,3,0,0,V2,1,0.339459,1114.875,2,0,2,0.660541,0,2,0,200
EDCF-Shield,v2b,FALCON1024+HMAC-SHA512+AES256GCM+DKG4of7,COMPROMISED_CTRL,30,11.19,80,CUMULATIVE,160,3400,29148,132600,9,0.197073,0.066214,0.048777,0.025,0.99736,99.97,47.16,66.05,0.749942,0.923748,1,3,0,0,76,1448,0.108075,1,0.4938,2,3,0,0,V2,1,0.339459,1114.875,2,0,2,0.660541,0,2,0,200
EDCF-Shield,v2b,FALCON1024+HMAC-SHA512+AES256GCM+DKG4of7,COMPROMISED_CTRL,30,11.19,81,CYCLE,162,0,372,1700,0,0.179537,0.017203,0,0,0,100,50.62,61.73,0.749943,0.92356,1,3,0,0,76,1448,0.107524,1,0.4938,2,3,0,0,V2,1,0.339933,1115.185185,2,0,2,0.660067,0,2,0,200
EDCF-Shield,v2b,FALCON1024+HMAC-SHA512+AES256GCM+DKG4of7,COMPROMISED_CTRL,30,11.19,81,CUMULATIVE,162,3400,29520,134300,9,0.196856,0.065803,0.04819,0.024691,0.99736,99.97,47.19,66.01,0.749943,0.92356,1,3,0,0,76,1448,0.107524,1,0.4938,2,3,0,0,V2,1,0.339933,1115.185185,2,0,2,0.660067,0,2,0,200
EDCF-Shield,v2b,FALCON1024+HMAC-SHA512+AES256GCM+DKG4of7,COMPROMISED_CTRL,30,11.19,82,CYCLE,164,0,372,1700,0,0.179537,0.016993,0,0,0,100,50.65,61.69,0.749944,0.923375,1,3,0,0,76,1448,0.106982,1,0.4939,2,3,0,0,V2,1,0.340401,1115.487805,2,0,2,0.659599,0,2,0,200
EDCF-Shield,v2b,FALCON1024+HMAC-SHA512+AES256GCM+DKG4of7,COMPROMISED_CTRL,30,11.19,82,CUMULATIVE,164,3400,29892,136000,9,0.196644,0.065399,0.047616,0.02439,0.99736,99.97,47.23,65.96,0.749944,0.923375,1,3,0,0,76,1448,0.106982,1,0.4939,2,3,0,0,V2,1,0.340401,1115.487805,2,0,2,0.659599,0,2,0,200
EDCF-Shield,v2b,FALCON1024+HMAC-SHA512+AES256GCM+DKG4of7,COMPROMISED_CTRL,30,11.19,83,CYCLE,166,0,372,1700,0,0.179537,0.016788,0,0,0,100,50.74,61.57,0.749944,0.923189,1,3,0,0,76,1448,0.106449,1,0.494,2,3,0,0,V2,1,0.34087,1115.783133,2,0,2,0.65913,0,2,0,200
EDCF-Shield,v2b,FALCON1024+HMAC-SHA512+AES256GCM+DKG4of7,COMPROMISED_CTRL,30,11.19,83,CUMULATIVE,166,3400,30264,137700,9,0.196437,0.065002,0.047056,0.024096,0.99736,99.97,47.27,65.91,0.749944,0.923189,1,3,0,0,76,1448,0.106449,1,0.494,2,3,0,0,V2,1,0.34087,1115.783133,2,0,2,0.65913,0,2,0,200
EDCF-Shield,v2b,FALCON1024+HMAC-SHA512+AES256GCM+DKG4of7,COMPROMISED_CTRL,30,11.19,84,CYCLE,168,0,372,1700,0,0.179537,0.016588,0,0,0,100,50.74,61.57,0.749945,0.923007,1,3,0,0,76,1448,0.105924,1,0.494,2,3,0,0,V2,1,0.341329,1116.071429,2,0,2,0.658671,0,2,0,200
EDCF-Shield,v2b,FALCON1024+HMAC-SHA512+AES256GCM+DKG4of7,COMPROMISED_CTRL,30,11.19,84,CUMULATIVE,168,3400,30636,139400,9,0.196235,0.064613,0.046509,0.02381,0.99736,99.97,47.31,65.87,0.749945,0.923007,1,3,0,0,76,1448,0.105924,1,0.494,2,3,0,0,V2,1,0.341329,1116.071429,2,0,2,0.658671,0,2,0,200
EDCF-Shield,v2b,FALCON1024+HMAC-SHA512+AES256GCM+DKG4of7,COMPROMISED_CTRL,30,11.19,85,CYCLE,170,0,372,1700,0,0.179537,0.016392,0,0,0,100,50.77,61.54,0.749946,0.922828,1,3,0,0,76,1448,0.105408,1,0.4941,2,3,0,0,V2,1,0.341781,1116.352941,2,0,2,0.658219,0,2,0,200
EDCF-Shield,v2b,FALCON1024+HMAC-SHA512+AES256GCM+DKG4of7,COMPROMISED_CTRL,30,11.19,85,CUMULATIVE,170,3400,31008,141100,9,0.196038,0.064231,0.045974,0.023529,0.99736,99.97,47.34,65.82,0.749946,0.922828,1,3,0,0,76,1448,0.105408,1,0.4941,2,3,0,0,V2,1,0.341781,1116.352941,2,0,2,0.658219,0,2,0,200
EDCF-Shield,v2b,FALCON1024+HMAC-SHA512+AES256GCM+DKG4of7,COMPROMISED_CTRL,30,11.19,86,CYCLE,172,0,372,1700,0,0.179537,0.016201,0,0,0,100,50.65,61.69,0.749946,0.922656,1,3,0,0,76,1448,0.1049,1,0.4942,2,3,0,0,V2,1,0.342211,1116.627907,2,0,2,0.657789,0,2,0,200
EDCF-Shield,v2b,FALCON1024+HMAC-SHA512+AES256GCM+DKG4of7,COMPROMISED_CTRL,30,11.19,86,CUMULATIVE,172,3400,31380,142800,9,0.195845,0.063855,0.045452,0.023256,0.99736,99.97,47.38,65.78,0.749946,0.922656,1,3,0,0,76,1448,0.1049,1,0.4942,2,3,0,0,V2,1,0.342211,1116.627907,2,0,2,0.657789,0,2,0,200
EDCF-Shield,v2b,FALCON1024+HMAC-SHA512+AES256GCM+DKG4of7,COMPROMISED_CTRL,30,11.19,87,CYCLE,174,0,372,1700,0,0.179537,0.016015,0,0,0,100,50.52,61.85,0.749947,0.922494,1,3,0,0,76,1448,0.104399,1,0.4943,2,3,0,0,V2,1,0.342616,1116.896552,2,0,2,0.657384,0,2,0,200
EDCF-Shield,v2b,FALCON1024+HMAC-SHA512+AES256GCM+DKG4of7,COMPROMISED_CTRL,30,11.19,87,CUMULATIVE,174,3400,31752,144500,9,0.195657,0.063486,0.044941,0.022989,0.99736,99.97,47.41,65.74,0.749947,0.922494,1,3,0,0,76,1448,0.104399,1,0.4943,2,3,0,0,V2,1,0.342616,1116.896552,2,0,2,0.657384,0,2,0,200
EDCF-Shield,v2b,FALCON1024+HMAC-SHA512+AES256GCM+DKG4of7,COMPROMISED_CTRL,30,11.19,88,CYCLE,176,0,372,1700,0,0.179537,0.015832,0,0,0,100,50.75,61.56,0.749947,0.922325,1,3,0,0,76,1448,0.103906,1,0.4943,2,3,0,0,V2,1,0.34304,1117.159091,2,0,2,0.65696,0,2,0,200
EDCF-Shield,v2b,FALCON1024+HMAC-SHA512+AES256GCM+DKG4of7,COMPROMISED_CTRL,30,11.19,88,CUMULATIVE,176,3400,32124,146200,9,0.195474,0.063123,0.044442,0.022727,0.99736,99.97,47.44,65.7,0.749947,0.922325,1,3,0,0,76,1448,0.103906,1,0.4943,2,3,0,0,V2,1,0.34304,1117.159091,2,0,2,0.65696,0,2,0,200
EDCF-Shield,v2b,FALCON1024+HMAC-SHA512+AES256GCM+DKG4of7,COMPROMISED_CTRL,30,11.19,89,CYCLE,178,0,372,1700,0,0.179537,0.015654,0,0,0,100,51.08,61.15,0.749948,0.922146,1,3,0,0,76,1448,0.103421,1,0.4944,2,3,0,0,V2,1,0.343491,1117.41573,2,0,2,0.656509,0,2,0,200
EDCF-Shield,v2b,FALCON1024+HMAC-SHA512+AES256GCM+DKG4of7,COMPROMISED_CTRL,30,11.19,89,CUMULATIVE,178,3400,32496,147900,9,0.195294,0.062766,0.043953,0.022472,0.99736,99.97,47.48,65.65,0.749948,0.922146,1,3,0,0,76,1448,0.103421,1,0.4944,2,3,0,0,V2,1,0.343491,1117.41573,2,0,2,0.656509,0,2,0,200
EDCF-Shield,v2b,FALCON1024+HMAC-SHA512+AES256GCM+DKG4of7,COMPROMISED_CTRL,30,11.19,90,CYCLE,180,0,372,1700,0,0.179537,0.01548,0,0,0,100,51.32,60.85,0.749949,0.921961,1,3,0,0,76,1448,0.102942,1,0.4944,2,3,0,0,V2,1,0.34396,1117.666667,2,0,2,0.65604,0,2,0,200
EDCF-Shield,v2b,FALCON1024+HMAC-SHA512+AES256GCM+DKG4of7,COMPROMISED_CTRL,30,11.19,90,CUMULATIVE,180,3400,32868,149600,9,0.195118,0.062415,0.043476,0.022222,0.99736,99.97,47.52,65.6,0.749949,0.921961,1,3,0,0,76,1448,0.102942,1,0.4944,2,3,0,0,V2,1,0.34396,1117.666667,2,0,2,0.65604,0,2,0,200
EDCF-Shield,v2b,FALCON1024+HMAC-SHA512+AES256GCM+DKG4of7,COMPROMISED_CTRL,30,11.19,91,CYCLE,182,0,372,1700,0,0.179537,0.01531,0,0,0,100,51.42,60.73,0.749949,0.921776,1,3,0,0,76,1448,0.102471,1,0.4945,2,3,0,0,V2,1,0.34443,1117.912088,2,0,2,0.65557,0,2,0,200
EDCF-Shield,v2b,FALCON1024+HMAC-SHA512+AES256GCM+DKG4of7,COMPROMISED_CTRL,30,11.19,91,CUMULATIVE,182,3400,33240,151300,9,0.194947,0.06207,0.043008,0.021978,0.99736,99.97,47.55,65.56,0.749949,0.921776,1,3,0,0,76,1448,0.102471,1,0.4945,2,3,0,0,V2,1,0.34443,1117.912088,2,0,2,0.65557,0,2,0,200
EDCF-Shield,v2b,FALCON1024+HMAC-SHA512+AES256GCM+DKG4of7,COMPROMISED_CTRL,30,11.19,92,CYCLE,184,0,372,1700,0,0.179537,0.015143,0,0,0,100,51.45,60.69,0.74995,0.921593,1,3,0,0,76,1448,0.102007,1,0.4946,2,3,0,0,V2,1,0.344894,1118.152174,2,0,2,0.655106,0,2,0,200
EDCF-Shield,v2b,FALCON1024+HMAC-SHA512+AES256GCM+DKG4of7,COMPROMISED_CTRL,30,11.19,92,CUMULATIVE,184,3400,33612,153000,9,0.194778,0.061731,0.042551,0.021739,0.99736,99.97,47.59,65.51,0.74995,0.921593,1,3,0,0,76,1448,0.102007,1,0.4946,2,3,0,0,V2,1,0.344894,1118.152174,2,0,2,0.655106,0,2,0,200
EDCF-Shield,v2b,FALCON1024+HMAC-SHA512+AES256GCM+DKG4of7,COMPROMISED_CTRL,30,11.19,93,CYCLE,186,0,372,1700,0,0.179537,0.01498,0,0,0,100,51.66,60.42,0.74995,0.921404,1,3,0,0,76,1448,0.101549,1,0.4946,2,3,0,0,V2,1,0.345371,1118.387097,2,0,2,0.654629,0,2,0,200
EDCF-Shield,v2b,FALCON1024+HMAC-SHA512+AES256GCM+DKG4of7,COMPROMISED_CTRL,30,11.19,93,CUMULATIVE,186,3400,33984,154700,9,0.194614,0.061397,0.042103,0.021505,0.99736,99.97,47.63,65.46,0.74995,0.921404,1,3,0,0,76,1448,0.101549,1,0.4946,2,3,0,0,V2,1,0.345371,1118.387097,2,0,2,0.654629,0,2,0,200
EDCF-Shield,v2b,FALCON1024+HMAC-SHA512+AES256GCM+DKG4of7,COMPROMISED_CTRL,30,11.19,94,CYCLE,188,0,372,1700,0,0.179537,0.01482,0,0,0,100,51.63,60.47,0.749951,0.921221,1,3,0,0,76,1448,0.101098,1,0.4947,2,3,0,0,V2,1,0.345837,1118.617021,2,0,2,0.654163,0,2,0,200
EDCF-Shield,v2b,FALCON1024+HMAC-SHA512+AES256GCM+DKG4of7,COMPROMISED_CTRL,30,11.19,94,CUMULATIVE,188,3400,34356,156400,9,0.194453,0.061068,0.041664,0.021277,0.99736,99.97,47.67,65.42,0.749951,0.921221,1,3,0,0,76,1448,0.101098,1,0.4947,2,3,0,0,V2,1,0.345837,1118.617021,2,0,2,0.654163,0,2,0,200
EDCF-Shield,v2b,FALCON1024+HMAC-SHA512+AES256GCM+DKG4of7,COMPROMISED_CTRL,30,11.19,95,CYCLE,190,0,372,1700,0,0.179537,0.014664,0,0,0,100,51.73,60.34,0.749951,0.921037,1,3,0,0,76,1448,0.100653,1,0.4947,2,3,0,0,V2,1,0.346303,1118.842105,2,0,2,0.653697,0,2,0,200
EDCF-Shield,v2b,FALCON1024+HMAC-SHA512+AES256GCM+DKG4of7,COMPROMISED_CTRL,30,11.19,95,CUMULATIVE,190,3400,34728,158100,9,0.194296,0.060745,0.041235,0.021053,0.99736,99.97,47.7,65.37,0.749951,0.921037,1,3,0,0,76,1448,0.100653,1,0.4947,2,3,0,0,V2,1,0.346303,1118.842105,2,0,2,0.653697,0,2,0,200
EDCF-Shield,v2b,FALCON1024+HMAC-SHA512+AES256GCM+DKG4of7,COMPROMISED_CTRL,30,11.19,96,CYCLE,192,0,372,1700,0,0.179537,0.014511,0,0,0,100,51.45,60.68,0.749952,0.920866,1,3,0,0,76,1448,0.100215,1,0.4948,2,3,0,0,V2,1,0.346734,1119.0625,2,0,2,0.653266,0,2,0,200
EDCF-Shield,v2b,FALCON1024+HMAC-SHA512+AES256GCM+DKG4of7,COMPROMISED_CTRL,30,11.19,96,CUMULATIVE,192,3400,35100,159800,9,0.194141,0.060427,0.040814,0.020833,0.99736,99.97,47.74,65.33,0.749952,0.920866,1,3,0,0,76,1448,0.100215,1,0.4948,2,3,0,0,V2,1,0.346734,1119.0625,2,0,2,0.653266,0,2,0,200
EDCF-Shield,v2b,FALCON1024+HMAC-SHA512+AES256GCM+DKG4of7,COMPROMISED_CTRL,30,11.19,97,CYCLE,194,0,372,1700,0,0.179537,0.014361,0,0,0,100,50.98,61.28,0.749952,0.920715,1,3,0,0,76,1448,0.099782,1,0.4948,2,3,0,0,V2,1,0.347108,1119.278351,2,0,2,0.652892,0,2,0,200
EDCF-Shield,v2b,FALCON1024+HMAC-SHA512+AES256GCM+DKG4of7,COMPROMISED_CTRL,30,11.19,97,CUMULATIVE,194,3400,35472,161500,9,0.19399,0.060114,0.040402,0.020619,0.99736,99.97,47.77,65.29,0.749952,0.920715,1,3,0,0,76,1448,0.099782,1,0.4948,2,3,0,0,V2,1,0.347108,1119.278351,2,0,2,0.652892,0,2,0,200
EDCF-Shield,v2b,FALCON1024+HMAC-SHA512+AES256GCM+DKG4of7,COMPROMISED_CTRL,30,11.19,98,CYCLE,196,0,372,1700,0,0.179537,0.014214,0,0,0,100,50.84,61.45,0.749953,0.920572,1,3,0,0,76,1448,0.099356,1,0.4949,2,3,0,0,V2,1,0.347461,1119.489796,2,0,2,0.652539,0,2,0,200
EDCF-Shield,v2b,FALCON1024+HMAC-SHA512+AES256GCM+DKG4of7,COMPROMISED_CTRL,30,11.19,98,CUMULATIVE,196,3400,35844,163200,9,0.193843,0.059805,0.039998,0.020408,0.99736,99.97,47.8,65.25,0.749953,0.920572,1,3,0,0,76,1448,0.099356,1,0.4949,2,3,0,0,V2,1,0.347461,1119.489796,2,0,2,0.652539,0,2,0,200
EDCF-Shield,v2b,FALCON1024+HMAC-SHA512+AES256GCM+DKG4of7,COMPROMISED_CTRL,30,11.19,99,CYCLE,198,0,372,1700,0,0.179537,0.01407,0,0,0,100,50.92,61.35,0.749953,0.920429,1,3,0,0,76,1448,0.098935,1,0.4949,2,3,0,0,V2,1,0.347816,1119.69697,2,0,2,0.652184,0,2,0,200
EDCF-Shield,v2b,FALCON1024+HMAC-SHA512+AES256GCM+DKG4of7,COMPROMISED_CTRL,30,11.19,99,CUMULATIVE,198,3400,36216,164900,9,0.193698,0.059502,0.039602,0.020202,0.99736,99.98,47.83,65.22,0.749953,0.920429,1,3,0,0,76,1448,0.098935,1,0.4949,2,3,0,0,V2,1,0.347816,1119.69697,2,0,2,0.652184,0,2,0,200
EDCF-Shield,v2b,FALCON1024+HMAC-SHA512+AES256GCM+DKG4of7,COMPROMISED_CTRL,30,11.19,100,CYCLE,200,0,372,1700,0,0.179537,0.013929,0,0,0,100,51.06,61.17,0.749954,0.920282,1,3,0,0,76,1448,0.09852,1,0.495,2,3,0,0,V2,1,0.348179,1119.9,2,0,2,0.651821,0,2,0,200
EDCF-Shield,v2b,FALCON1024+HMAC-SHA512+AES256GCM+DKG4of7,COMPROMISED_CTRL,30,11.19,100,CUMULATIVE,200,3400,36588,166600,9,0.193556,0.059203,0.039214,0.02,0.99736,99.98,47.85,65.18,0.749954,0.920282,1,3,0,0,76,1448,0.09852,1,0.495,2,3,0,0,V2,1,0.348179,1119.9,2,0,2,0.651821,0,2,0,200
EDCF-Shield,v2b,FALCON1024+HMAC-SHA512+AES256GCM+DKG4of7,COMPROMISED_CTRL,30,11.19,101,CYCLE,202,0,372,1700,0,0.179537,0.013791,0,0,0,100,51.19,61.02,0.749954,0.920134,1,3,0,0,76,1448,0.09811,1,0.495,2,3,0,0,V2,1,0.348548,1120.09901,2,0,2,0.651452,0,2,0,200
EDCF-Shield,v2b,FALCON1024+HMAC-SHA512+AES256GCM+DKG4of7,COMPROMISED_CTRL,30,11.19,101,CUMULATIVE,202,3400,36960,168300,9,0.193416,0.058908,0.038833,0.019802,0.99736,99.98,47.88,65.15,0.749954,0.920134,1,3,0,0,76,1448,0.09811,1,0.495,2,3,0,0,V2,1,0.348548,1120.09901,2,0,2,0.651452,0,2,0,200
EDCF-Shield,v2b,FALCON1024+HMAC-SHA512+AES256GCM+DKG4of7,COMPROMISED_CTRL,30,11.19,102,CYCLE,204,0,372,1700,0,0.179537,0.013656,0,0,0,100,51.14,61.08,0.749955,0.91999,1,3,0,0,76,1448,0.097706,1,0.4951,2,3,0,0,V2,1,0.348905,1120.294118,2,0,2,0.651095,0,2,0,200
EDCF-Shield,v2b,FALCON1024+HMAC-SHA512+AES256GCM+DKG4of7,COMPROMISED_CTRL,30,11.19,102,CUMULATIVE,204,3400,37332,170000,9,0.19328,0.058618,0.03846,0.019608,0.99736,99.98,47.91,65.11,0.749955,0.91999,1,3,0,0,76,1448,0.097706,1,0.4951,2,3,0,0,V2,1,0.348905,1120.294118,2,0,2,0.651095,0,2,0,200
EDCF-Shield,v2b,FALCON1024+HMAC-SHA512+AES256GCM+DKG4of7,COMPROMISED_CTRL,30,11.19,103,CYCLE,206,0,372,1700,0,0.179537,0.013523,0,0,0,100,50.97,61.28,0.749955,0.919854,1,3,0,0,76,1448,0.097307,1,0.4951,2,3,0,0,V2,1,0.34924,1120.485437,2,0,2,0.65076,0,2,0,200
EDCF-Shield,v2b,FALCON1024+HMAC-SHA512+AES256GCM+DKG4of7,COMPROMISED_CTRL,30,11.19,103,CUMULATIVE,206,3400,37704,171700,9,0.193146,0.058332,0.038093,0.019417,0.99736,99.98,47.94,65.08,0.749955,0.919854,1,3,0,0,76,1448,0.097307,1,0.4951,2,3,0,0,V2,1,0.34924,1120.485437,2,0,2,0.65076,0,2,0,200
EDCF-Shield,v2b,FALCON1024+HMAC-SHA512+AES256GCM+DKG4of7,COMPROMISED_CTRL,30,11.19,104,CYCLE,208,0,372,1700,0,0.179537,0.013393,0,0,0,100,50.89,61.39,0.749956,0.919724,1,3,0,0,76,1448,0.096914,1,0.4952,2,3,0,0,V2,1,0.349561,1120.673077,2,0,2,0.650439,0,2,0,200
EDCF-Shield,v2b,FALCON1024+HMAC-SHA512+AES256GCM+DKG4of7,COMPROMISED_CTRL,30,11.19,104,CUMULATIVE,208,3400,38076,173400,9,0.193015,0.05805,0.037734,0.019231,0.99736,99.98,47.96,65.04,0.749956,0.919724,1,3,0,0,76,1448,0.096914,1,0.4952,2,3,0,0,V2,1,0.349561,1120.673077,2,0,2,0.650439,0,2,0,200
EDCF-Shield,v2b,FALCON1024+HMAC-SHA512+AES256GCM+DKG4of7,COMPROMISED_CTRL,30,11.19,105,CYCLE,210,0,372,1700,0,0.179537,0.013265,0,0,0,100,50.66,61.68,0.749956,0.919603,1,3,0,0,76,1448,0.096525,1,0.4952,2,3,0,0,V2,1,0.349854,1120.857143,2,0,2,0.650146,0,2,0,200
EDCF-Shield,v2b,FALCON1024+HMAC-SHA512+AES256GCM+DKG4of7,COMPROMISED_CTRL,30,11.19,105,CUMULATIVE,210,3400,38448,175100,9,0.192886,0.057772,0.037381,0.019048,0.99736,99.98,47.99,65.01,0.749956,0.919603,1,3,0,0,76,1448,0.096525,1,0.4952,2,3,0,0,V2,1,0.349854,1120.857143,2,0,2,0.650146,0,2,0,200
EDCF-Shield,v2b,FALCON1024+HMAC-SHA512+AES256GCM+DKG4of7,COMPROMISED_CTRL,30,11.19,106,CYCLE,212,0,372,1700,0,0.179537,0.013139,0,0,0,100,50.45,61.93,0.749957,0.919493,1,3,0,0,76,1448,0.096141,1,0.4953,2,3,0,0,V2,1,0.350121,1121.037736,2,0,2,0.649879,0,2,0,200
EDCF-Shield,v2b,FALCON1024+HMAC-SHA512+AES256GCM+DKG4of7,COMPROMISED_CTRL,30,11.19,106,CUMULATIVE,212,3400,38820,176800,9,0.19276,0.057498,0.037035,0.018868,0.99736,99.98,48.01,64.99,0.749957,0.919493,1,3,0,0,76,1448,0.096141,1,0.4953,2,3,0,0,V2,1,0.350121,1121.037736,2,0,2,0.649879,0,2,0,200
EDCF-Shield,v2b,FALCON1024+HMAC-SHA512+AES256GCM+DKG4of7,COMPROMISED_CTRL,30,11.19,107,CYCLE,214,0,372,1700,0,0.179537,0.013016,0,0,0,100,50.61,61.74,0.749957,0.919378,1,3,0,0,76,1448,0.095762,1,0.4953,2,3,0,0,V2,1,0.350399,1121.214953,2,0,2,0.649601,0,2,0,200
EDCF-Shield,v2b,FALCON1024+HMAC-SHA512+AES256GCM+DKG4of7,COMPROMISED_CTRL,30,11.19,107,CUMULATIVE,214,3400,39192,178500,9,0.192636,0.057228,0.036695,0.018692,0.99736,99.98,48.03,64.96,0.749957,0.919378,1,3,0,0,76,1448,0.095762,1,0.4953,2,3,0,0,V2,1,0.350399,1121.214953,2,0,2,0.649601,0,2,0,200
EDCF-Shield,v2b,FALCON1024+HMAC-SHA512+AES256GCM+DKG4of7,COMPROMISED_CTRL,30,11.19,108,CYCLE,216,0,372,1700,0,0.179537,0.012896,0,0,0,100,50.85,61.43,0.749957,0.919257,1,3,0,0,76,1448,0.095388,1,0.4954,2,3,0,0,V2,1,0.350696,1121.388889,2,0,2,0.649304,0,2,0,200
EDCF-Shield,v2b,FALCON1024+HMAC-SHA512+AES256GCM+DKG4of7,COMPROMISED_CTRL,30,11.19,108,CUMULATIVE,216,3400,39564,180200,9,0.192514,0.056962,0.036362,0.018519,0.99736,99.98,48.06,64.93,0.749957,0.919257,1,3,0,0,76,1448,0.095388,1,0.4954,2,3,0,0,V2,1,0.350696,1121.388889,2,0,2,0.649304,0,2,0,200
EDCF-Shield,v2b,FALCON1024+HMAC-SHA512+AES256GCM+DKG4of7,COMPROMISED_CTRL,30,11.19,109,CYCLE,218,0,372,1700,0,0.179537,0.012777,0,0,0,100,50.92,61.35,0.749958,0.919135,1,3,0,0,76,1448,0.095019,1,0.4954,2,3,0,0,V2,1,0.350994,1121.559633,2,0,2,0.649006,0,2,0,200
EDCF-Shield,v2b,FALCON1024+HMAC-SHA512+AES256GCM+DKG4of7,COMPROMISED_CTRL,30,11.19,109,CUMULATIVE,218,3400,39936,181900,9,0.192395,0.056699,0.036034,0.018349,0.99736,99.98,48.08,64.9,0.749958,0.919135,1,3,0,0,76,1448,0.095019,1,0.4954,2,3,0,0,V2,1,0.350994,1121.559633,2,0,2,0.649006,0,2,0,200
EDCF-Shield,v2b,FALCON1024+HMAC-SHA512+AES256GCM+DKG4of7,COMPROMISED_CTRL,30,11.19,110,CYCLE,219.5,0,279,1020,0,0.214781,0.012661,0,0,0,100,47.07,66.16,0.749958,0.919037,1,3,0,0,76,1448,0.094654,1,0.4966,2,3,0,0,V2,1,0.350923,1121.685649,2,0,2,0.649077,0,2,0,200
EDCF-Shield,v2b,FALCON1024+HMAC-SHA512+AES256GCM+DKG4of7,COMPROMISED_CTRL,30,11.19,110,CUMULATIVE,219.5,3400,40215,182920,9,0.192523,0.056577,0.035841,0.018248,0.99736,99.98,48.07,64.91,0.749958,0.919037,1,3,0,0,76,1448,0.094654,1,0.4966,2,3,0,0,V2,1,0.350923,1121.685649,2,0,2,0.649077,0,2,0,200
EDCF-Shield,v2b,FALCON1024+HMAC-SHA512+AES256GCM+DKG4of7,COMPROMISED_CTRL,90,33.58,1,CYCLE,2,1100,0,0,0,1,0.5,1,1,1,0,100,0,0,0,1,0,0,0,76,1448,0,1,0,0,0,0,0,V2,0,1,-100,1,0,0,0,0,0,0,200
EDCF-Shield,v2b,FALCON1024+HMAC-SHA512+AES256GCM+DKG4of7,COMPROMISED_CTRL,90,33.58,1,CUMULATIVE,2,1100,0,0,0,1,0.5,1,1,1,0,100,0,0,0,1,0,0,0,76,1448,0,1,0,0,0,0,0,V2,0,1,-100,1,0,0,0,0,0,0,200
EDCF-Shield,v2b,FALCON1024+HMAC-SHA512+AES256GCM+DKG4of7,COMPROMISED_CTRL,90,33.58,2,CYCLE,4,1100,150,0,6,0.995223,0.738959,0.99728,1,0.994575,96.15,54.76,56.56,0.742574,0.924638,1,3,0,0,76,1448,0,1,0.25,2,3,0,0,V2,1,0.605727,160,2,0,2,0.394273,0,1,0,200
EDCF-Shield,v2b,FALCON1024+HMAC-SHA512+AES256GCM+DKG4of7,COMPROMISED_CTRL,90,33.58,2,CUMULATIVE,4,2200,150,0,6,0.997453,0.979246,0.998638,1,0.99728,96.15,68.46,39.43,0.742574,0.924638,1,3,0,0,76,1448,0,1,0.25,2,3,0,0,V2,1,0.605727,160,2,0,2,0.394273,0,1,0,200
EDCF-Shield,v2b,FALCON1024+HMAC-SHA512+AES256GCM+DKG4of7,COMPROMISED_CTRL,90,33.58,3,CYCLE,6,0,399,1100,3,0.265646,0.467972,0,0,0,99.25,36.64,79.19,0.746939,0.93153,1,3,0,0,76,1448,0,1,0.3333,2,3,0,0,V2,1,0.369997,520,2,0,2,0.630003,0,2,0,200
EDCF-Shield,v2b,FALCON1024+HMAC-SHA512+AES256GCM+DKG4of7,COMPROMISED_CTRL,90,33.58,3,CUMULATIVE,6,2200,549,1100,9,0.712545,0.462528,0.798693,0.666667,0.995926,98.39,49.6,63,0.746939,0.93153,1,3,0,0,76,1448,0,1,0.3333,2,3,0,0,V2,1,0.369997,520,2,0,2,0.630003,0,2,0,200
EDCF-Shield,v2b,FALCON1024+HMAC-SHA512+AES256GCM+DKG4of7,COMPROMISED_CTRL,90,33.58,4,CYCLE,8,0,642,1100,0,0.368542,0.350977,0,0,0,100,31.5,85.63,0.748586,0.932048,1,3,0,0,76,1448,0.462528,1,0.375,2,3,0,0,V2,1,0.265492,900,2,0,2,0.734508,0,2,0,200
EDCF-Shield,v2b,FALCON1024+HMAC-SHA512+AES256GCM+DKG4of7,COMPROMISED_CTRL,90,33.58,4,CUMULATIVE,8,2200,1191,2200,9,0.605536,0.413487,0.665759,0.5,0.995926,99.25,41.24,73.45,0.748586,0.932048,1,3,0,0,76,1448,0.462528,1,0.375,2,3,0,0,V2,1,0.265492,900,2,0,2,0.734508,0,2,0,200
EDCF-Shield,v2b,FALCON1024+HMAC-SHA512+AES256GCM+DKG4of7,COMPROMISED_CTRL,90,33.58,5,CYCLE,10,0,882,1100,0,0.445005,0.280781,0,0,0,100,28.61,89.23,0.749187,0.932605,1,3,0,0,76,1448,0.438007,1,0.4,2,3,0,0,V2,1,0.205308,1288,2,0,2,0.794692,0,2,0,200
EDCF-Shield,v2b,FALCON1024+HMAC-SHA512+AES256GCM+DKG4of7,COMPROMISED_CTRL,90,33.58,5,CUMULATIVE,10,2200,2073,3300,9,0.563572,0.388648,0.570761,0.4,0.995926,99.57,36.42,79.47,0.749187,0.932605,1,3,0,0,76,1448,0.438007,1,0.4,2,3,0,0,V2,1,0.205308,1288,2,0,2,0.794692,0,2,0,200
EDCF-Shield,v2b,FALCON1024+HMAC-SHA512+AES256GCM+DKG4of7,COMPROMISED_CTRL,90,33.58,6,CYCLE,12,0,1077,1100,0,0.494718,0.233984,0,0,0,100,27.36,90.8,0.749465,0.932266,1,3,0,0,76,1448,0,1,0.4167,2,3,0,0,V2,1,0.170345,1655,2,0,2,0.829655,0,2,0,200
EDCF-Shield,v2b,FALCON1024+HMAC-SHA512+AES256GCM+DKG4of7,COMPROMISED_CTRL,90,33.58,6,CUMULATIVE,12,2200,3150,4400,9,0.548212,0.36951,0.499489,0.333333,0.995926,99.72,33.63,82.97,0.749465,0.932266,1,3,0,0,76,1448,0,1,0.4167,2,3,0,0,V2,1,0.170345,1655,2,0,2,0.829655,0,2,0,200
EDCF-Shield,v2b,FALCON1024+HMAC-SHA512+AES256GCM+DKG4of7,COMPROMISED_CTRL,90,33.58,7,CYCLE,14,0,1092,1100,0,0.498175,0.200557,0,0,0,100,27.32,90.85,0.749602,0.931962,1,3,0,0,76,1448,0.36951,1,0.4286,2,3,0,0,V2,1,0.151664,1924.285714,2,0,2,0.848336,0,2,0,200
EDCF-Shield,v2b,FALCON1024+HMAC-SHA512+AES256GCM+DKG4of7,COMPROMISED_CTRL,90,33.58,7,CUMULATIVE,14,2200,4242,5500,9,0.539034,0.349761,0.444041,0.285714,0.995926,99.79,32.13,84.83,0.749602,0.931962,1,3,0,0,76,1448,0.36951,1,0.4286,2,3,0,0,V2,1,0.151664,1924.285714,2,0,2,0.848336,0,2,0,200
EDCF-Shield,v2b,FALCON1024+HMAC-SHA512+AES256GCM+DKG4of7,COMPROMISED_CTRL,90,33.58,8,CYCLE,16,0,1092,1100,0,0.498175,0.175488,0,0,0,100,27.2,91.01,0.749684,0.932048,1,3,0,0,76,1448,0.359635,1,0.4375,2,3,0,0,V2,1,0.139683,2126.25,2,0,2,0.860317,0,2,0,200
EDCF-Shield,v2b,FALCON1024+HMAC-SHA512+AES256GCM+DKG4of7,COMPROMISED_CTRL,90,33.58,8,CUMULATIVE,16,2200,5334,6600,9,0.532702,0.331625,0.399673,0.25,0.995926,99.83,31.17,86.03,0.749684,0.932048,1,3,0,0,76,1448,0.359635,1,0.4375,2,3,0,0,V2,1,0.139683,2126.25,2,0,2,0.860317,0,2,0,200
EDCF-Shield,v2b,FALCON1024+HMAC-SHA512+AES256GCM+DKG4of7,COMPROMISED_CTRL,90,33.58,9,CYCLE,18,0,1092,1100,0,0.498175,0.155989,0,0,0,100,27.26,90.92,0.749737,0.931979,1,3,0,0,76,1448,0.350298,1,0.4444,2,3,0,0,V2,1,0.1318,2283.333333,2,0,2,0.8682,0,2,0,200
EDCF-Shield,v2b,FALCON1024+HMAC-SHA512+AES256GCM+DKG4of7,COMPROMISED_CTRL,90,33.58,9,CUMULATIVE,18,2200,6426,7700,9,0.528069,0.315522,0.363366,0.222222,0.995926,99.86,30.54,86.82,0.749737,0.931979,1,3,0,0,76,1448,0.350298,1,0.4444,2,3,0,0,V2,1,0.1318,2283.333333,2,0,2,0.8682,0,2,0,200
EDCF-Shield,v2b,FALCON1024+HMAC-SHA512+AES256GCM+DKG4of7,COMPROMISED_CTRL,90,33.58,10,CYCLE,20,0,1092,1100,0,0.498175,0.14039,0,0,0,100,27.25,90.94,0.749776,0.931955,1,3,0,0,76,1448,0.341604,1,0.45,2,3,0,0,V2,1,0.126069,2409,2,0,2,0.873931,0,2,0,200
EDCF-Shield,v2b,FALCON1024+HMAC-SHA512+AES256GCM+DKG4of7,COMPROMISED_CTRL,90,33.58,10,CUMULATIVE,20,2200,7518,8800,9,0.524532,0.301302,0.333106,0.2,0.995926,99.88,30.09,87.39,0.749776,0.931955,1,3,0,0,76,1448,0.341604,1,0.45,2,3,0,0,V2,1,0.126069,2409,2,0,2,0.873931,0,2,0,200
EDCF-Shield,v2b,FALCON1024+HMAC-SHA512+AES256GCM+DKG4of7,COMPROMISED_CTRL,90,33.58,11,CYCLE,22,0,1092,1100,0,0.498175,0.127627,0,0,0,100,27.26,90.92,0.749804,0.93192,1,3,0,0,76,1448,0.333544,1,0.4545,2,3,0,0,V2,1,0.121762,2511.818182,2,0,2,0.878238,0,2,0,200
EDCF-Shield,v2b,FALCON1024+HMAC-SHA512+AES256GCM+DKG4of7,COMPROMISED_CTRL,90,33.58,11,CUMULATIVE,22,2200,8610,9900,9,0.521743,0.288706,0.307499,0.181818,0.995926,99.9,29.74,87.82,0.749804,0.93192,1,3,0,0,76,1448,0.333544,1,0.4545,2,3,0,0,V2,1,0.121762,2511.818182,2,0,2,0.878238,0,2,0,200
EDCF-Shield,v2b,FALCON1024+HMAC-SHA512+AES256GCM+DKG4of7,COMPROMISED_CTRL,90,33.58,12,CYCLE,24,0,1092,1100,0,0.498175,0.116992,0,0,0,100,27.31,90.87,0.749826,0.93184,1,3,0,0,76,1448,0.326071,1,0.4583,2,3,0,0,V2,1,0.118471,2597.5,2,0,2,0.881529,0,2,0,200
EDCF-Shield,v2b,FALCON1024+HMAC-SHA512+AES256GCM+DKG4of7,COMPROMISED_CTRL,90,33.58,12,CUMULATIVE,24,2200,9702,11000,9,0.519488,0.277487,0.285547,0.166667,0.995926,99.91,29.48,88.15,0.749826,0.93184,1,3,0,0,76,1448,0.326071,1,0.4583,2,3,0,0,V2,1,0.118471,2597.5,2,0,2,0.881529,0,2,0,200
EDCF-Shield,v2b,FALCON1024+HMAC-SHA512+AES256GCM+DKG4of7,COMPROMISED_CTRL,90,33.58,13,CYCLE,26,0,1092,1100,0,0.498175,0.107992,0,0,0,100,27.32,90.86,0.749844,0.931766,1,3,0,0,76,1448,0.31913,1,0.4615,2,3,0,0,V2,1,0.115836,2670,2,0,2,0.884164,0,2,0,200
EDCF-Shield,v2b,FALCON1024+HMAC-SHA512+AES256GCM+DKG4of7,COMPROMISED_CTRL,90,33.58,13,CUMULATIVE,26,2200,10794,12100,9,0.517627,0.26743,0.266521,0.153846,0.995926,99.92,29.27,88.42,0.749844,0.931766,1,3,0,0,76,1448,0.31913,1,0.4615,2,3,0,0,V2,1,0.115836,2670,2,0,2,0.884164,0,2,0,200
EDCF-Shield,v2b,FALCON1024+HMAC-SHA512+AES256GCM+DKG4of7,COMPROMISED_CTRL,90,33.58,14,CYCLE,28,0,1092,1100,0,0.498175,0.100279,0,0,0,100,27.35,90.82,0.749858,0.931676,1,3,0,0,76,1448,0.312668,1,0.4643,2,3,0,0,V2,1,0.113713,2732.142857,2,0,2,0.886287,0,2,0,200
EDCF-Shield,v2b,FALCON1024+HMAC-SHA512+AES256GCM+DKG4of7,COMPROMISED_CTRL,90,33.58,14,CUMULATIVE,28,2200,11886,13200,9,0.516065,0.25836,0.249872,0.142857,0.995926,99.92,29.1,88.63,0.749858,0.931676,1,3,0,0,76,1448,0.312668,1,0.4643,2,3,0,0,V2,1,0.113713,2732.142857,2,0,2,0.886287,0,2,0,200
EDCF-Shield,v2b,FALCON1024+HMAC-SHA512+AES256GCM+DKG4of7,COMPROMISED_CTRL,90,33.58,15,CYCLE,30,0,1092,1100,0,0.498175,0.093593,0,0,0,100,27.3,90.88,0.74987,0.931645,1,3,0,0,76,1448,0.306634,1,0.4667,2,3,0,0,V2,1,0.11187,2786,2,0,2,0.88813,0,2,0,200
EDCF-Shield,v2b,FALCON1024+HMAC-SHA512+AES256GCM+DKG4of7,COMPROMISED_CTRL,90,33.58,15,CUMULATIVE,30,2200,12978,14300,9,0.514735,0.250131,0.235181,0.133333,0.995926,99.93,28.95,88.81,0.74987,0.931645,1,3,0,0,76,1448,0.306634,1,0.4667,2,3,0,0,V2,1,0.11187,2786,2,0,2,0.88813,0,2,0,200
EDCF-Shield,v2b,FALCON1024+HMAC-SHA512+AES256GCM+DKG4of7,COMPROMISED_CTRL,90,33.58,16,CYCLE,32,0,1092,1100,0,0.498175,0.087744,0,0,0,100,27.16,91.04,0.74988,0.931729,1,3,0,0,76,1448,0.300983,1,0.4688,2,3,0,0,V2,1,0.110156,2833.125,2,0,2,0.889844,0,2,0,200
EDCF-Shield,v2b,FALCON1024+HMAC-SHA512+AES256GCM+DKG4of7,COMPROMISED_CTRL,90,33.58,16,CUMULATIVE,32,2200,14070,15400,9,0.513589,0.242626,0.222121,0.125,0.995926,99.94,28.81,88.98,0.74988,0.931729,1,3,0,0,76,1448,0.300983,1,0.4688,2,3,0,0,V2,1,0.110156,2833.125,2,0,2,0.889844,0,2,0,200
EDCF-Shield,v2b,FALCON1024+HMAC-SHA512+AES256GCM+DKG4of7,COMPROMISED_CTRL,90,33.58,17,CYCLE,34,0,1092,1100,0,0.498175,0.082582,0,0,0,100,27.23,90.96,0.749889,0.931749,1,3,0,0,76,1448,0.295678,1,0.4706,2,3,0,0,V2,1,0.108756,2874.705882,2,0,2,0.891244,0,2,0,200
EDCF-Shield,v2b,FALCON1024+HMAC-SHA512+AES256GCM+DKG4of7,COMPROMISED_CTRL,90,33.58,17,CUMULATIVE,34,2200,15162,16500,9,0.512592,0.235747,0.210436,0.117647,0.995926,99.94,28.7,89.12,0.749889,0.931749,1,3,0,0,76,1448,0.295678,1,0.4706,2,3,0,0,V2,1,0.108756,2874.705882,2,0,2,0.891244,0,2,0,200
EDCF-Shield,v2b,FALCON1024+HMAC-SHA512+AES256GCM+DKG4of7,COMPROMISED_CTRL,90,33.58,18,CYCLE,36,0,1092,1100,0,0.498175,0.077994,0,0,0,100,27.4,90.75,0.749896,0.931649,1,3,0,0,76,1448,0.290684,1,0.4722,2,3,0,0,V2,1,0.107701,2911.666667,2,0,2,0.892299,0,2,0,200
EDCF-Shield,v2b,FALCON1024+HMAC-SHA512+AES256GCM+DKG4of7,COMPROMISED_CTRL,90,33.58,18,CUMULATIVE,36,2200,16254,17600,9,0.511716,0.229414,0.199918,0.111111,0.995926,99.94,28.62,89.23,0.749896,0.931649,1,3,0,0,76,1448,0.290684,1,0.4722,2,3,0,0,V2,1,0.107701,2911.666667,2,0,2,0.892299,0,2,0,200
EDCF-Shield,v2b,FALCON1024+HMAC-SHA512+AES256GCM+DKG4of7,COMPROMISED_CTRL,90,33.58,19,CYCLE,38,0,1092,1100,0,0.498175,0.07389,0,0,0,100,27.45,90.69,0.749903,0.931528,1,3,0,0,76,1448,0.285971,1,0.4737,2,3,0,0,V2,1,0.106818,2944.736842,2,0,2,0.893182,0,2,0,200
EDCF-Shield,v2b,FALCON1024+HMAC-SHA512+AES256GCM+DKG4of7,COMPROMISED_CTRL,90,33.58,19,CUMULATIVE,38,2200,17346,18700,9,0.51094,0.223558,0.190402,0.105263,0.995926,99.95,28.55,89.32,0.749903,0.931528,1,3,0,0,76,1448,0.285971,1,0.4737,2,3,0,0,V2,1,0.106818,2944.736842,2,0,2,0.893182,0,2,0,200
EDCF-Shield,v2b,FALCON1024+HMAC-SHA512+AES256GCM+DKG4of7,COMPROMISED_CTRL,90,33.58,20,CYCLE,40,0,1092,1100,0,0.498175,0.070195,0,0,0,100,27.47,90.66,0.749908,0.931406,1,3,0,0,76,1448,0.281513,1,0.475,2,3,0,0,V2,1,0.106056,2974.5,2,0,2,0.893944,0,2,0,200
EDCF-Shield,v2b,FALCON1024+HMAC-SHA512+AES256GCM+DKG4of7,COMPROMISED_CTRL,90,33.58,20,CUMULATIVE,40,2200,18438,19800,9,0.510248,0.218125,0.181751,0.1,0.995926,99.95,28.48,89.39,0.749908,0.931406,1,3,0,0,76,1448,0.281513,1,0.475,2,3,0,0,V2,1,0.106056,2974.5,2,0,2,0.893944,0,2,0,200
EDCF-Shield,v2b,FALCON1024+HMAC-SHA512+AES256GCM+DKG4of7,COMPROMISED_CTRL,90,33.58,21,CYCLE,42,0,1092,1100,0,0.498175,0.066852,0,0,0,100,27.48,90.65,0.749914,0.931294,1,3,0,0,76,1448,0.277287,1,0.4762,2,3,0,0,V2,1,0.105382,3001.428571,2,0,2,0.894618,0,2,0,200
EDCF-Shield,v2b,FALCON1024+HMAC-SHA512+AES256GCM+DKG4of7,COMPROMISED_CTRL,90,33.58,21,CUMULATIVE,42,2200,19530,20900,9,0.509627,0.213065,0.173851,0.095238,0.995926,99.95,28.43,89.46,0.749914,0.931294,1,3,0,0,76,1448,0.277287,1,0.4762,2,3,0,0,V2,1,0.105382,3001.428571,2,0,2,0.894618,0,2,0,200
EDCF-Shield,v2b,FALCON1024+HMAC-SHA512+AES256GCM+DKG4of7,COMPROMISED_CTRL,90,33.58,22,CYCLE,44,0,1092,1100,0,0.498175,0.063814,0,0,0,100,27.54,90.57,0.749918,0.931158,1,3,0,0,76,1448,0.273273,1,0.4773,2,3,0,0,V2,1,0.104822,3025.909091,2,0,2,0.895178,0,2,0,200
EDCF-Shield,v2b,FALCON1024+HMAC-SHA512+AES256GCM+DKG4of7,COMPROMISED_CTRL,90,33.58,22,CUMULATIVE,44,2200,20622,22000,9,0.509067,0.208339,0.16661,0.090909,0.995926,99.96,28.39,89.52,0.749918,0.931158,1,3,0,0,76,1448,0.273273,1,0.4773,2,3,0,0,V2,1,0.104822,3025.909091,2,0,2,0.895178,0,2,0,200
EDCF-Shield,v2b,FALCON1024+HMAC-SHA512+AES256GCM+DKG4of7,COMPROMISED_CTRL,90,33.58,23,CYCLE,46,0,1092,1100,0,0.498175,0.061039,0,0,0,100,27.51,90.61,0.749922,0.931053,1,3,0,0,76,1448,0.269453,1,0.4783,2,3,0,0,V2,1,0.104293,3048.26087,2,0,2,0.895707,0,2,0,200
EDCF-Shield,v2b,FALCON1024+HMAC-SHA512+AES256GCM+DKG4of7,COMPROMISED_CTRL,90,33.58,23,CUMULATIVE,46,2200,21714,23100,9,0.50856,0.203912,0.159948,0.086957,0.995926,99.96,28.34,89.57,0.749922,0.931053,1,3,0,0,76,1448,0.269453,1,0.4783,2,3,0,0,V2,1,0.104293,3048.26087,2,0,2,0.895707,0,2,0,200
EDCF-Shield,v2b,FALCON1024+HMAC-SHA512+AES256GCM+DKG4of7,COMPROMISED_CTRL,90,33.58,24,CYCLE,48,0,1092,1100,0,0.498175,0.058496,0,0,0,100,27.53,90.59,0.749926,0.930949,1,3,0,0,76,1448,0.265812,1,0.4792,2,3,0,0,V2,1,0.103824,3068.75,2,0,2,0.896176,0,2,0,200
EDCF-Shield,v2b,FALCON1024+HMAC-SHA512+AES256GCM+DKG4of7,COMPROMISED_CTRL,90,33.58,24,CUMULATIVE,48,2200,22806,24200,9,0.508097,0.199754,0.153798,0.083333,0.995926,99.96,28.31,89.62,0.749926,0.930949,1,3,0,0,76,1448,0.265812,1,0.4792,2,3,0,0,V2,1,0.103824,3068.75,2,0,2,0.896176,0,2,0,200
EDCF-Shield,v2b,FALCON1024+HMAC-SHA512+AES256GCM+DKG4of7,COMPROMISED_CTRL,90,33.58,25,CYCLE,50,0,1092,1100,0,0.498175,0.056156,0,0,0,100,27.62,90.47,0.749929,0.93081,1,3,0,0,76,1448,0.262335,1,0.48,2,3,0,0,V2,1,0.103453,3087.6,2,0,2,0.896547,0,2,0,200
EDCF-Shield,v2b,FALCON1024+HMAC-SHA512+AES256GCM+DKG4of7,COMPROMISED_CTRL,90,33.58,25,CUMULATIVE,50,2200,23898,25300,9,0.507674,0.195839,0.148103,0.08,0.995926,99.96,28.28,89.65,0.749929,0.93081,1,3,0,0,76,1448,0.262335,1,0.48,2,3,0,0,V2,1,0.103453,3087.6,2,0,2,0.896547,0,2,0,200
EDCF-Shield,v2b,FALCON1024+HMAC-SHA512+AES256GCM+DKG4of7,COMPROMISED_CTRL,90,33.58,26,CYCLE,52,0,1092,1100,0,0.498175,0.053996,0,0,0,100,27.7,90.38,0.749932,0.93065,1,3,0,0,76,1448,0.259011,1,0.4808,2,3,0,0,V2,1,0.103156,3105,2,0,2,0.896844,0,2,0,200
EDCF-Shield,v2b,FALCON1024+HMAC-SHA512+AES256GCM+DKG4of7,COMPROMISED_CTRL,90,33.58,26,CUMULATIVE,52,2200,24990,26400,9,0.507286,0.192144,0.142815,0.076923,0.995926,99.96,28.25,89.68,0.749932,0.93065,1,3,0,0,76,1448,0.259011,1,0.4808,2,3,0,0,V2,1,0.103156,3105,2,0,2,0.896844,0,2,0,200
EDCF-Shield,v2b,FALCON1024+HMAC-SHA512+AES256GCM+DKG4of7,COMPROMISED_CTRL,90,33.58,27,CYCLE,54,0,1092,1100,0,0.498175,0.051996,0,0,0,100,27.76,90.3,0.749935,0.930478,1,3,0,0,76,1448,0.255826,1,0.4815,2,3,0,0,V2,1,0.102914,3121.111111,2,0,2,0.897086,0,2,0,200
EDCF-Shield,v2b,FALCON1024+HMAC-SHA512+AES256GCM+DKG4of7,COMPROMISED_CTRL,90,33.58,27,CUMULATIVE,54,2200,26082,27500,9,0.506928,0.188649,0.137892,0.074074,0.995926,99.97,28.23,89.71,0.749935,0.930478,1,3,0,0,76,1448,0.255826,1,0.4815,2,3,0,0,V2,1,0.102914,3121.111111,2,0,2,0.897086,0,2,0,200
EDCF-Shield,v2b,FALCON1024+HMAC-SHA512+AES256GCM+DKG4of7,COMPROMISED_CTRL,90,33.58,28,CYCLE,56,0,1092,1100,0,0.498175,0.050139,0,0,0,100,27.65,90.43,0.749938,0.930361,1,3,0,0,76,1448,0.252773,1,0.4821,2,3,0,0,V2,1,0.102636,3136.071429,2,0,2,0.897364,0,2,0,200
EDCF-Shield,v2b,FALCON1024+HMAC-SHA512+AES256GCM+DKG4of7,COMPROMISED_CTRL,90,33.58,28,CUMULATIVE,56,2200,27174,28600,9,0.506597,0.185338,0.133297,0.071429,0.995926,99.97,28.21,89.74,0.749938,0.930361,1,3,0,0,76,1448,0.252773,1,0.4821,2,3,0,0,V2,1,0.102636,3136.071429,2,0,2,0.897364,0,2,0,200
EDCF-Shield,v2b,FALCON1024+HMAC-SHA512+AES256GCM+DKG4of7,COMPROMISED_CTRL,90,33.58,29,CYCLE,58,0,1092,1100,0,0.498175,0.04841,0,0,0,100,27.66,90.42,0.74994,0.93025,1,3,0,0,76,1448,0.249841,1,0.4828,2,3,0,0,V2,1,0.102383,3150,2,0,2,0.897617,0,2,0,200
EDCF-Shield,v2b,FALCON1024+HMAC-SHA512+AES256GCM+DKG4of7,COMPROMISED_CTRL,90,33.58,29,CUMULATIVE,58,2200,28266,29700,9,0.50629,0.182194,0.128998,0.068966,0.995926,99.97,28.19,89.76,0.74994,0.93025,1,3,0,0,76,1448,0.249841,1,0.4828,2,3,0,0,V2,1,0.102383,3150,2,0,2,0.897617,0,2,0,200
EDCF-Shield,v2b,FALCON1024+HMAC-SHA512+AES256GCM+DKG4of7,COMPROMISED_CTRL,90,33.58,30,CYCLE,60,0,1092,1100,0,0.498175,0.046797,0,0,0,100,27.73,90.34,0.749943,0.930122,1,3,0,0,76,1448,0.247022,1,0.4833,2,3,0,0,V2,1,0.102179,3163,2,0,2,0.897821,0,2,0,200
EDCF-Shield,v2b,FALCON1024+HMAC-SHA512+AES256GCM+DKG4of7,COMPROMISED_CTRL,90,33.58,30,CUMULATIVE,60,2200,29358,30800,9,0.506005,0.179205,0.124968,0.066667,0.995926,99.97,28.17,89.78,0.749943,0.930122,1,3,0,0,76,1448,0.247022,1,0.4833,2,3,0,0,V2,1,0.102179,3163,2,0,2,0.897821,0,2,0,200
EDCF-Shield,v2b,FALCON1024+HMAC-SHA512+AES256GCM+DKG4of7,COMPROMISED_CTRL,90,33.58,31,CYCLE,62,0,1092,1100,0,0.498175,0.045287,0,0,0,100,27.82,90.22,0.749945,0.92997,1,3,0,0,76,1448,0.24431,1,0.4839,2,3,0,0,V2,1,0.10203,3175.16129,2,0,2,0.89797,0,2,0,200
EDCF-Shield,v2b,FALCON1024+HMAC-SHA512+AES256GCM+DKG4of7,COMPROMISED_CTRL,90,33.58,31,CUMULATIVE,62,2200,30450,31900,9,0.505739,0.176357,0.121182,0.064516,0.995926,99.97,28.16,89.8,0.749945,0.92997,1,3,0,0,76,1448,0.24431,1,0.4839,2,3,0,0,V2,1,0.10203,3175.16129,2,0,2,0.89797,0,2,0,200
EDCF-Shield,v2b,FALCON1024+HMAC-SHA512+AES256GCM+DKG4of7,COMPROMISED_CTRL,90,33.58,32,CYCLE,64,0,1092,1100,0,0.498175,0.043872,0,0,0,100,27.84,90.2,0.749947,0.929823,1,3,0,0,76,1448,0.241696,1,0.4844,2,3,0,0,V2,1,0.101897,3186.5625,2,0,2,0.898103,0,2,0,200
EDCF-Shield,v2b,FALCON1024+HMAC-SHA512+AES256GCM+DKG4of7,COMPROMISED_CTRL,90,33.58,32,CUMULATIVE,64,2200,31542,33000,9,0.505491,0.173641,0.117619,0.0625,0.995926,99.97,28.15,89.81,0.749947,0.929823,1,3,0,0,76,1448,0.241696,1,0.4844,2,3,0,0,V2,1,0.101897,3186.5625,2,0,2,0.898103,0,2,0,200
EDCF-Shield,v2b,FALCON1024+HMAC-SHA512+AES256GCM+DKG4of7,COMPROMISED_CTRL,90,33.58,33,CYCLE,66,0,1092,1100,0,0.498175,0.042542,0,0,0,100,27.84,90.19,0.749948,0.929683,1,3,0,0,76,1448,0.239176,1,0.4848,2,3,0,0,V2,1,0.101776,3197.272727,2,0,2,0.898224,0,2,0,200
EDCF-Shield,v2b,FALCON1024+HMAC-SHA512+AES256GCM+DKG4of7,COMPROMISED_CTRL,90,33.58,33,CUMULATIVE,66,2200,32634,34100,9,0.505258,0.171046,0.114259,0.060606,0.995926,99.97,28.14,89.82,0.749948,0.929683,1,3,0,0,76,1448,0.239176,1,0.4848,2,3,0,0,V2,1,0.101776,3197.272727,2,0,2,0.898224,0,2,0,200
EDCF-Shield,v2b,FALCON1024+HMAC-SHA512+AES256GCM+DKG4of7,COMPROMISED_CTRL,90,33.58,34,CYCLE,68,0,1092,1100,0,0.498175,0.041291,0,0,0,100,27.89,90.14,0.74995,0.929537,1,3,0,0,76,1448,0.236742,1,0.4853,2,3,0,0,V2,1,0.10168,3207.352941,2,0,2,0.89832,0,2,0,200
EDCF-Shield,v2b,FALCON1024+HMAC-SHA512+AES256GCM+DKG4of7,COMPROMISED_CTRL,90,33.58,34,CUMULATIVE,68,2200,33726,35200,9,0.50504,0.168564,0.111086,0.058824,0.995926,99.97,28.13,89.83,0.74995,0.929537,1,3,0,0,76,1448,0.236742,1,0.4853,2,3,0,0,V2,1,0.10168,3207.352941,2,0,2,0.89832,0,2,0,200
EDCF-Shield,v2b,FALCON1024+HMAC-SHA512+AES256GCM+DKG4of7,COMPROMISED_CTRL,90,33.58,35,CYCLE,70,0,1092,1100,0,0.498175,0.040111,0,0,0,100,27.98,90.03,0.749952,0.929373,1,3,0,0,76,1448,0.234391,1,0.4857,2,3,0,0,V2,1,0.101624,3216.857143,2,0,2,0.898376,0,2,0,200
EDCF-Shield,v2b,FALCON1024+HMAC-SHA512+AES256GCM+DKG4of7,COMPROMISED_CTRL,90,33.58,35,CUMULATIVE,70,2200,34818,36300,9,0.504835,0.166186,0.108084,0.057143,0.995926,99.97,28.13,89.84,0.749952,0.929373,1,3,0,0,76,1448,0.234391,1,0.4857,2,3,0,0,V2,1,0.101624,3216.857143,2,0,2,0.898376,0,2,0,200
EDCF-Shield,v2b,FALCON1024+HMAC-SHA512+AES256GCM+DKG4of7,COMPROMISED_CTRL,90,33.58,36,CYCLE,72,0,1092,1100,0,0.498175,0.038997,0,0,0,100,28,90,0.749953,0.929213,1,3,0,0,76,1448,0.232118,1,0.4861,2,3,0,0,V2,1,0.101576,3225.833333,2,0,2,0.898424,0,2,0,200
EDCF-Shield,v2b,FALCON1024+HMAC-SHA512+AES256GCM+DKG4of7,COMPROMISED_CTRL,90,33.58,36,CUMULATIVE,72,2200,35910,37400,9,0.504641,0.163906,0.10524,0.055556,0.995926,99.97,28.13,89.84,0.749953,0.929213,1,3,0,0,76,1448,0.232118,1,0.4861,2,3,0,0,V2,1,0.101576,3225.833333,2,0,2,0.898424,0,2,0,200
EDCF-Shield,v2b,FALCON1024+HMAC-SHA512+AES256GCM+DKG4of7,COMPROMISED_CTRL,90,33.58,37,CYCLE,74,0,1092,1100,0,0.498175,0.037943,0,0,0,100,28,89.99,0.749954,0.929059,1,3,0,0,76,1448,0.229918,1,0.4865,2,3,0,0,V2,1,0.101535,3234.324324,2,0,2,0.898465,0,2,0,200
EDCF-Shield,v2b,FALCON1024+HMAC-SHA512+AES256GCM+DKG4of7,COMPROMISED_CTRL,90,33.58,37,CUMULATIVE,74,2200,37002,38500,9,0.504459,0.161717,0.102543,0.054054,0.995926,99.98,28.12,89.85,0.749954,0.929059,1,3,0,0,76,1448,0.229918,1,0.4865,2,3,0,0,V2,1,0.101535,3234.324324,2,0,2,0.898465,0,2,0,200
EDCF-Shield,v2b,FALCON1024+HMAC-SHA512+AES256GCM+DKG4of7,COMPROMISED_CTRL,90,33.58,38,CYCLE,76,0,1092,1100,0,0.498175,0.036945,0,0,0,100,28.05,89.93,0.749956,0.9289,1,3,0,0,76,1448,0.227786,1,0.4868,2,3,0,0,V2,1,0.101512,3242.368421,2,0,2,0.898488,0,2,0,200
EDCF-Shield,v2b,FALCON1024+HMAC-SHA512+AES256GCM+DKG4of7,COMPROMISED_CTRL,90,33.58,38,CUMULATIVE,76,2200,38094,39600,9,0.504286,0.159613,0.09998,0.052632,0.995926,99.98,28.12,89.85,0.749956,0.9289,1,3,0,0,76,1448,0.227786,1,0.4868,2,3,0,0,V2,1,0.101512,3242.368421,2,0,2,0.898488,0,2,0,200
EDCF-Shield,v2b,FALCON1024+HMAC-SHA512+AES256GCM+DKG4of7,COMPROMISED_CTRL,90,33.58,39,CYCLE,78,0,1092,1100,0,0.498175,0.035997,0,0,0,100,28.15,89.81,0.749957,0.928723,1,3,0,0,76,1448,0.22572,1,0.4872,2,3,0,0,V2,1,0.101523,3250,2,0,2,0.898477,0,2,0,200
EDCF-Shield,v2b,FALCON1024+HMAC-SHA512+AES256GCM+DKG4of7,COMPROMISED_CTRL,90,33.58,39,CUMULATIVE,78,2200,39186,40700,9,0.504123,0.157589,0.097542,0.051282,0.995926,99.98,28.12,89.85,0.749957,0.928723,1,3,0,0,76,1448,0.22572,1,0.4872,2,3,0,0,V2,1,0.101523,3250,2,0,2,0.898477,0,2,0,200
EDCF-Shield,v2b,FALCON1024+HMAC-SHA512+AES256GCM+DKG4of7,COMPROMISED_CTRL,90,33.58,40,CYCLE,80,0,1092,1100,0,0.498175,0.035097,0,0,0,100,28.19,89.77,0.749958,0.928547,1,3,0,0,76,1448,0.223717,1,0.4875,2,3,0,0,V2,1,0.101543,3257.25,2,0,2,0.898457,0,2,0,200
EDCF-Shield,v2b,FALCON1024+HMAC-SHA512+AES256GCM+DKG4of7,COMPROMISED_CTRL,90,33.58,40,CUMULATIVE,80,2200,40278,41800,9,0.503969,0.155641,0.09522,0.05,0.995926,99.98,28.12,89.85,0.749958,0.928547,1,3,0,0,76,1448,0.223717,1,0.4875,2,3,0,0,V2,1,0.101543,3257.25,2,0,2,0.898457,0,2,0,200
EDCF-Shield,v2b,FALCON1024+HMAC-SHA512+AES256GCM+DKG4of7,COMPROMISED_CTRL,90,33.58,41,CYCLE,82,0,1092,1100,0,0.498175,0.034241,0,0,0,100,28.3,89.63,0.749959,0.928353,1,3,0,0,76,1448,0.221772,1,0.4878,2,3,0,0,V2,1,0.101595,3264.146341,2,0,2,0.898405,0,2,0,200
EDCF-Shield,v2b,FALCON1024+HMAC-SHA512+AES256GCM+DKG4of7,COMPROMISED_CTRL,90,33.58,41,CUMULATIVE,82,2200,41370,42900,9,0.503822,0.153762,0.093006,0.04878,0.995926,99.98,28.13,89.84,0.749959,0.928353,1,3,0,0,76,1448,0.221772,1,0.4878,2,3,0,0,V2,1,0.101595,3264.146341,2,0,2,0.898405,0,2,0,200
EDCF-Shield,v2b,FALCON1024+HMAC-SHA512+AES256GCM+DKG4of7,COMPROMISED_CTRL,90,33.58,42,CYCLE,84,0,1092,1100,0,0.498175,0.033426,0,0,0,100,28.39,89.51,0.74996,0.928145,1,3,0,0,76,1448,0.219882,1,0.4881,2,3,0,0,V2,1,0.101672,3270.714286,2,0,2,0.898328,0,2,0,200
EDCF-Shield,v2b,FALCON1024+HMAC-SHA512+AES256GCM+DKG4of7,COMPROMISED_CTRL,90,33.58,42,CUMULATIVE,84,2200,42462,44000,9,0.503682,0.15195,0.090892,0.047619,0.995926,99.98,28.13,89.83,0.74996,0.928145,1,3,0,0,76,1448,0.219882,1,0.4881,2,3,0,0,V2,1,0.101672,3270.714286,2,0,2,0.898328,0,2,0,200
EDCF-Shield,v2b,FALCON1024+HMAC-SHA512+AES256GCM+DKG4of7,COMPROMISED_CTRL,90,33.58,43,CYCLE,86,0,1092,1100,0,0.498175,0.032649,0,0,0,100,28.23,89.72,0.749961,0.927985,1,3,0,0,76,1448,0.218046,1,0.4884,2,3,0,0,V2,1,0.101699,3276.976744,2,0,2,0.898301,0,2,0,200
EDCF-Shield,v2b,FALCON1024+HMAC-SHA512+AES256GCM+DKG4of7,COMPROMISED_CTRL,90,33.58,43,CUMULATIVE,86,2200,43554,45100,9,0.503549,0.1502,0.088873,0.046512,0.995926,99.98,28.14,89.83,0.749961,0.927985,1,3,0,0,76,1448,0.218046,1,0.4884,2,3,0,0,V2,1,0.101699,3276.976744,2,0,2,0.898301,0,2,0,200
EDCF-Shield,v2b,FALCON1024+HMAC-SHA512+AES256GCM+DKG4of7,COMPROMISED_CTRL,90,33.58,44,CYCLE,88,0,1092,1100,0,0.498175,0.031907,0,0,0,100,28.27,89.66,0.749962,0.927821,1,3,0,0,76,1448,0.216261,1,0.4886,2,3,0,0,V2,1,0.101738,3282.954545,2,0,2,0.898262,0,2,0,200
EDCF-Shield,v2b,FALCON1024+HMAC-SHA512+AES256GCM+DKG4of7,COMPROMISED_CTRL,90,33.58,44,CUMULATIVE,88,2200,44646,46200,9,0.503423,0.14851,0.086941,0.045455,0.995926,99.98,28.14,89.83,0.749962,0.927821,1,3,0,0,76,1448,0.216261,1,0.4886,2,3,0,0,V2,1,0.101738,3282.954545,2,0,2,0.898262,0,2,0,200
EDCF-Shield,v2b,FALCON1024+HMAC-SHA512+AES256GCM+DKG4of7,COMPROMISED_CTRL,90,33.58,45,CYCLE,90,0,1092,1100,0,0.498175,0.031198,0,0,0,100,28.43,89.46,0.749963,0.92763,1,3,0,0,76,1448,0.214524,1,0.4889,2,3,0,0,V2,1,0.101816,3288.666667,2,0,2,0.898184,0,2,0,200
EDCF-Shield,v2b,FALCON1024+HMAC-SHA512+AES256GCM+DKG4of7,COMPROMISED_CTRL,90,33.58,45,CUMULATIVE,90,2200,45738,47300,9,0.503302,0.146875,0.085092,0.044444,0.995926,99.98,28.15,89.82,0.749963,0.92763,1,3,0,0,76,1448,0.214524,1,0.4889,2,3,0,0,V2,1,0.101816,3288.666667,2,0,2,0.898184,0,2,0,200
EDCF-Shield,v2b,FALCON1024+HMAC-SHA512+AES256GCM+DKG4of7,COMPROMISED_CTRL,90,33.58,46,CYCLE,92,0,1092,1100,0,0.498175,0.03052,0,0,0,100,28.47,89.41,0.749964,0.927439,1,3,0,0,76,1448,0.212832,1,0.4891,2,3,0,0,V2,1,0.101902,3294.130435,2,0,2,0.898098,0,2,0,200
EDCF-Shield,v2b,FALCON1024+HMAC-SHA512+AES256GCM+DKG4of7,COMPROMISED_CTRL,90,33.58,46,CUMULATIVE,92,2200,46830,48400,9,0.503187,0.145292,0.083319,0.043478,0.995926,99.98,28.15,89.81,0.749964,0.927439,1,3,0,0,76,1448,0.212832,1,0.4891,2,3,0,0,V2,1,0.101902,3294.130435,2,0,2,0.898098,0,2,0,200
EDCF-Shield,v2b,FALCON1024+HMAC-SHA512+AES256GCM+DKG4of7,COMPROMISED_CTRL,90,33.58,47,CYCLE,94,0,1092,1100,0,0.498175,0.02987,0,0,0,100,28.34,89.58,0.749965,0.927283,1,3,0,0,76,1448,0.211185,1,0.4894,2,3,0,0,V2,1,0.10195,3299.361702,2,0,2,0.89805,0,2,0,200
EDCF-Shield,v2b,FALCON1024+HMAC-SHA512+AES256GCM+DKG4of7,COMPROMISED_CTRL,90,33.58,47,CUMULATIVE,94,2200,47922,49500,9,0.503076,0.14376,0.081619,0.042553,0.995926,99.98,28.16,89.8,0.749965,0.927283,1,3,0,0,76,1448,0.211185,1,0.4894,2,3,0,0,V2,1,0.10195,3299.361702,2,0,2,0.89805,0,2,0,200
EDCF-Shield,v2b,FALCON1024+HMAC-SHA512+AES256GCM+DKG4of7,COMPROMISED_CTRL,90,33.58,48,CYCLE,96,0,1092,1100,0,0.498175,0.029248,0,0,0,100,28.27,89.66,0.749966,0.927147,1,3,0,0,76,1448,0.20958,1,0.4896,2,3,0,0,V2,1,0.101981,3304.375,2,0,2,0.898019,0,2,0,200
EDCF-Shield,v2b,FALCON1024+HMAC-SHA512+AES256GCM+DKG4of7,COMPROMISED_CTRL,90,33.58,48,CUMULATIVE,96,2200,49014,50600,9,0.502971,0.142275,0.079987,0.041667,0.995926,99.98,28.16,89.8,0.749966,0.927147,1,3,0,0,76,1448,0.20958,1,0.4896,2,3,0,0,V2,1,0.101981,3304.375,2,0,2,0.898019,0,2,0,200
EDCF-Shield,v2b,FALCON1024+HMAC-SHA512+AES256GCM+DKG4of7,COMPROMISED_CTRL,90,33.58,49,CYCLE,98,0,1092,1100,0,0.498175,0.028651,0,0,0,100,28.24,89.71,0.749966,0.927025,1,3,0,0,76,1448,0.208015,1,0.4898,2,3,0,0,V2,1,0.102,3309.183673,2,0,2,0.898,0,2,0,200
EDCF-Shield,v2b,FALCON1024+HMAC-SHA512+AES256GCM+DKG4of7,COMPROMISED_CTRL,90,33.58,49,CUMULATIVE,98,2200,50106,51700,9,0.50287,0.140836,0.078419,0.040816,0.995926,99.98,28.16,89.8,0.749966,0.927025,1,3,0,0,76,1448,0.208015,1,0.4898,2,3,0,0,V2,1,0.102,3309.183673,2,0,2,0.898,0,2,0,200
EDCF-Shield,v2b,FALCON1024+HMAC-SHA512+AES256GCM+DKG4of7,COMPROMISED_CTRL,90,33.58,50,CYCLE,100,0,1092,1100,0,0.498175,0.028078,0,0,0,100,28.22,89.72,0.749967,0.926909,1,3,0,0,76,1448,0.206488,1,0.49,2,3,0,0,V2,1,0.102016,3313.8,2,0,2,0.897984,0,2,0,200
EDCF-Shield,v2b,FALCON1024+HMAC-SHA512+AES256GCM+DKG4of7,COMPROMISED_CTRL,90,33.58,50,CUMULATIVE,100,2200,51198,52800,9,0.502773,0.139439,0.076911,0.04,0.995926,99.98,28.16,89.8,0.749967,0.926909,1,3,0,0,76,1448,0.206488,1,0.49,2,3,0,0,V2,1,0.102016,3313.8,2,0,2,0.897984,0,2,0,200
EDCF-Shield,v2b,FALCON1024+HMAC-SHA512+AES256GCM+DKG4of7,COMPROMISED_CTRL,90,33.58,51,CYCLE,102,0,1092,1100,0,0.498175,0.027527,0,0,0,100,28.24,89.7,0.749968,0.926795,1,3,0,0,76,1448,0.204998,1,0.4902,2,3,0,0,V2,1,0.102035,3318.235294,2,0,2,0.897965,0,2,0,200
EDCF-Shield,v2b,FALCON1024+HMAC-SHA512+AES256GCM+DKG4of7,COMPROMISED_CTRL,90,33.58,51,CUMULATIVE,102,2200,52290,53900,9,0.50268,0.138082,0.07546,0.039216,0.995926,99.98,28.16,89.8,0.749968,0.926795,1,3,0,0,76,1448,0.204998,1,0.4902,2,3,0,0,V2,1,0.102035,3318.235294,2,0,2,0.897965,0,2,0,200
EDCF-Shield,v2b,FALCON1024+HMAC-SHA512+AES256GCM+DKG4of7,COMPROMISED_CTRL,90,33.58,52,CYCLE,104,0,1092,1100,0,0.498175,0.026998,0,0,0,100,28.34,89.58,0.749968,0.926667,1,3,0,0,76,1448,0.203543,1,0.4904,2,3,0,0,V2,1,0.102076,3322.5,2,0,2,0.897924,0,2,0,200
EDCF-Shield,v2b,FALCON1024+HMAC-SHA512+AES256GCM+DKG4of7,COMPROMISED_CTRL,90,33.58,52,CUMULATIVE,104,2200,53382,55000,9,0.502591,0.136765,0.074063,0.038462,0.995926,99.98,28.17,89.79,0.749968,0.926667,1,3,0,0,76,1448,0.203543,1,0.4904,2,3,0,0,V2,1,0.102076,3322.5,2,0,2,0.897924,0,2,0,200
EDCF-Shield,v2b,FALCON1024+HMAC-SHA512+AES256GCM+DKG4of7,COMPROMISED_CTRL,90,33.58,53,CYCLE,106,0,1092,1100,0,0.498175,0.026489,0,0,0,100,28.38,89.53,0.749969,0.926535,1,3,0,0,76,1448,0.202122,1,0.4906,2,3,0,0,V2,1,0.102124,3326.603774,2,0,2,0.897876,0,2,0,200
EDCF-Shield,v2b,FALCON1024+HMAC-SHA512+AES256GCM+DKG4of7,COMPROMISED_CTRL,90,33.58,53,CUMULATIVE,106,2200,54474,56100,9,0.502505,0.135484,0.072716,0.037736,0.995926,99.98,28.17,89.79,0.749969,0.926535,1,3,0,0,76,1448,0.202122,1,0.4906,2,3,0,0,V2,1,0.102124,3326.603774,2,0,2,0.897876,0,2,0,200
EDCF-Shield,v2b,FALCON1024+HMAC-SHA512+AES256GCM+DKG4of7,COMPROMISED_CTRL,90,33.58,54,CYCLE,108,0,1092,1100,0,0.498175,0.025998,0,0,0,100,28.36,89.55,0.74997,0.926411,1,3,0,0,76,1448,0.200734,1,0.4907,2,3,0,0,V2,1,0.102168,3330.555556,2,0,2,0.897832,0,2,0,200
EDCF-Shield,v2b,FALCON1024+HMAC-SHA512+AES256GCM+DKG4of7,COMPROMISED_CTRL,90,33.58,54,CUMULATIVE,108,2200,55566,57200,9,0.502422,0.134239,0.071418,0.037037,0.995926,99.98,28.17,89.78,0.74997,0.926411,1,3,0,0,76,1448,0.200734,1,0.4907,2,3,0,0,V2,1,0.102168,3330.555556,2,0,2,0.897832,0,2,0,200
EDCF-Shield,v2b,FALCON1024+HMAC-SHA512+AES256GCM+DKG4of7,COMPROMISED_CTRL,90,33.58,55,CYCLE,110,0,1092,1100,0,0.498175,0.025525,0,0,0,100,28.41,89.48,0.74997,0.926282,1,3,0,0,76,1448,0.199377,1,0.4909,2,3,0,0,V2,1,0.102221,3334.363636,2,0,2,0.897779,0,2,0,200
EDCF-Shield,v2b,FALCON1024+HMAC-SHA512+AES256GCM+DKG4of7,COMPROMISED_CTRL,90,33.58,55,CUMULATIVE,110,2200,56658,58300,9,0.502343,0.133028,0.070165,0.036364,0.995926,99.98,28.18,89.78,0.74997,0.926282,1,3,0,0,76,1448,0.199377,1,0.4909,2,3,0,0,V2,1,0.102221,3334.363636,2,0,2,0.897779,0,2,0,200
EDCF-Shield,v2b,FALCON1024+HMAC-SHA512+AES256GCM+DKG4of7,COMPROMISED_CTRL,90,33.58,56,CYCLE,112,0,1092,1100,0,0.498175,0.02507,0,0,0,100,28.39,89.51,0.749971,0.926162,1,3,0,0,76,1448,0.19805,1,0.4911,2,3,0,0,V2,1,0.102267,3338.035714,2,0,2,0.897733,0,2,0,200
EDCF-Shield,v2b,FALCON1024+HMAC-SHA512+AES256GCM+DKG4of7,COMPROMISED_CTRL,90,33.58,56,CUMULATIVE,112,2200,57750,59400,9,0.502266,0.131848,0.068956,0.035714,0.995926,99.98,28.18,89.77,0.749971,0.926162,1,3,0,0,76,1448,0.19805,1,0.4911,2,3,0,0,V2,1,0.102267,3338.035714,2,0,2,0.897733,0,2,0,200
EDCF-Shield,v2b,FALCON1024+HMAC-SHA512+AES256GCM+DKG4of7,COMPROMISED_CTRL,90,33.58,57,CYCLE,114,0,1092,1100,0,0.498175,0.02463,0,0,0,100,28.49,89.39,0.749971,0.926029,1,3,0,0,76,1448,0.196752,1,0.4912,2,3,0,0,V2,1,0.102332,3341.578947,2,0,2,0.897668,0,2,0,200
EDCF-Shield,v2b,FALCON1024+HMAC-SHA512+AES256GCM+DKG4of7,COMPROMISED_CTRL,90,33.58,57,CUMULATIVE,114,2200,58842,60500,9,0.502192,0.1307,0.067787,0.035088,0.995926,99.98,28.19,89.77,0.749971,0.926029,1,3,0,0,76,1448,0.196752,1,0.4912,2,3,0,0,V2,1,0.102332,3341.578947,2,0,2,0.897668,0,2,0,200
EDCF-Shield,v2b,FALCON1024+HMAC-SHA512+AES256GCM+DKG4of7,COMPROMISED_CTRL,90,33.58,58,CYCLE,116,0,1092,1100,0,0.498175,0.024205,0,0,0,100,28.48,89.4,0.749972,0.925902,1,3,0,0,76,1448,0.195482,1,0.4914,2,3,0,0,V2,1,0.102393,3345,2,0,2,0.897607,0,2,0,200
EDCF-Shield,v2b,FALCON1024+HMAC-SHA512+AES256GCM+DKG4of7,COMPROMISED_CTRL,90,33.58,58,CUMULATIVE,116,2200,59934,61600,9,0.502121,0.129581,0.066658,0.034483,0.995926,99.98,28.19,89.76,0.749972,0.925902,1,3,0,0,76,1448,0.195482,1,0.4914,2,3,0,0,V2,1,0.102393,3345,2,0,2,0.897607,0,2,0,200
EDCF-Shield,v2b,FALCON1024+HMAC-SHA512+AES256GCM+DKG4of7,COMPROMISED_CTRL,90,33.58,59,CYCLE,118,0,1092,1100,0,0.498175,0.023795,0,0,0,100,28.47,89.42,0.749972,0.925781,1,3,0,0,76,1448,0.194238,1,0.4915,2,3,0,0,V2,1,0.102449,3348.305085,2,0,2,0.897551,0,2,0,200
EDCF-Shield,v2b,FALCON1024+HMAC-SHA512+AES256GCM+DKG4of7,COMPROMISED_CTRL,90,33.58,59,CUMULATIVE,118,2200,61026,62700,9,0.502053,0.12849,0.065565,0.033898,0.995926,99.99,28.2,89.76,0.749972,0.925781,1,3,0,0,76,1448,0.194238,1,0.4915,2,3,0,0,V2,1,0.102449,3348.305085,2,0,2,0.897551,0,2,0,200
EDCF-Shield,v2b,FALCON1024+HMAC-SHA512+AES256GCM+DKG4of7,COMPROMISED_CTRL,90,33.58,60,CYCLE,120,0,1092,1100,0,0.498175,0.023398,0,0,0,100,28.52,89.35,0.749973,0.925654,1,3,0,0,76,1448,0.193021,1,0.4917,2,3,0,0,V2,1,0.102515,3351.5,2,0,2,0.897485,0,2,0,200
EDCF-Shield,v2b,FALCON1024+HMAC-SHA512+AES256GCM+DKG4of7,COMPROMISED_CTRL,90,33.58,60,CUMULATIVE,120,2200,62118,63800,9,0.501986,0.127426,0.064508,0.033333,0.995926,99.99,28.2,89.75,0.749973,0.925654,1,3,0,0,76,1448,0.193021,1,0.4917,2,3,0,0,V2,1,0.102515,3351.5,2,0,2,0.897485,0,2,0,200
EDCF-Shield,v2b,FALCON1024+HMAC-SHA512+AES256GCM+DKG4of7,COMPROMISED_CTRL,90,33.58,61,CYCLE,122,0,1092,1100,0,0.498175,0.023015,0,0,0,100,28.53,89.33,0.749973,0.92553,1,3,0,0,76,1448,0.191828,1,0.4918,2,3,0,0,V2,1,0.10258,3354.590164,2,0,2,0.89742,0,2,0,200
EDCF-Shield,v2b,FALCON1024+HMAC-SHA512+AES256GCM+DKG4of7,COMPROMISED_CTRL,90,33.58,61,CUMULATIVE,122,2200,63210,64900,9,0.501922,0.126388,0.063484,0.032787,0.995926,99.99,28.21,89.74,0.749973,0.92553,1,3,0,0,76,1448,0.191828,1,0.4918,2,3,0,0,V2,1,0.10258,3354.590164,2,0,2,0.89742,0,2,0,200
EDCF-Shield,v2b,FALCON1024+HMAC-SHA512+AES256GCM+DKG4of7,COMPROMISED_CTRL,90,33.58,62,CYCLE,124,0,1092,1100,0,0.498175,0.022643,0,0,0,100,28.54,89.32,0.749974,0.925409,1,3,0,0,76,1448,0.19066,1,0.4919,2,3,0,0,V2,1,0.102645,3357.580645,2,0,2,0.897355,0,2,0,200
EDCF-Shield,v2b,FALCON1024+HMAC-SHA512+AES256GCM+DKG4of7,COMPROMISED_CTRL,90,33.58,62,CUMULATIVE,124,2200,64302,66000,9,0.50186,0.125375,0.062492,0.032258,0.995926,99.99,28.21,89.74,0.749974,0.925409,1,3,0,0,76,1448,0.19066,1,0.4919,2,3,0,0,V2,1,0.102645,3357.580645,2,0,2,0.897355,0,2,0,200
EDCF-Shield,v2b,FALCON1024+HMAC-SHA512+AES256GCM+DKG4of7,COMPROMISED_CTRL,90,33.58,63,CYCLE,126,0,1092,1100,0,0.498175,0.022284,0,0,0,100,28.61,89.24,0.749974,0.925281,1,3,0,0,76,1448,0.189514,1,0.4921,2,3,0,0,V2,1,0.10272,3360.47619,2,0,2,0.89728,0,2,0,200
EDCF-Shield,v2b,FALCON1024+HMAC-SHA512+AES256GCM+DKG4of7,COMPROMISED_CTRL,90,33.58,63,CUMULATIVE,126,2200,65394,67100,9,0.5018,0.124386,0.061531,0.031746,0.995926,99.99,28.22,89.73,0.749974,0.925281,1,3,0,0,76,1448,0.189514,1,0.4921,2,3,0,0,V2,1,0.10272,3360.47619,2,0,2,0.89728,0,2,0,200
EDCF-Shield,v2b,FALCON1024+HMAC-SHA512+AES256GCM+DKG4of7,COMPROMISED_CTRL,90,33.58,64,CYCLE,128,0,1092,1100,0,0.498175,0.021936,0,0,0,100,28.64,89.2,0.749975,0.925153,1,3,0,0,76,1448,0.188391,1,0.4922,2,3,0,0,V2,1,0.102798,3363.28125,2,0,2,0.897202,0,2,0,200
EDCF-Shield,v2b,FALCON1024+HMAC-SHA512+AES256GCM+DKG4of7,COMPROMISED_CTRL,90,33.58,64,CUMULATIVE,128,2200,66486,68200,9,0.501742,0.12342,0.060599,0.03125,0.995926,99.99,28.22,89.72,0.749975,0.925153,1,3,0,0,76,1448,0.188391,1,0.4922,2,3,0,0,V2,1,0.102798,3363.28125,2,0,2,0.897202,0,2,0,200
EDCF-Shield,v2b,FALCON1024+HMAC-SHA512+AES256GCM+DKG4of7,COMPROMISED_CTRL,90,33.58,65,CYCLE,130,0,1092,1100,0,0.498175,0.021598,0,0,0,100,28.65,89.18,0.749975,0.925025,1,3,0,0,76,1448,0.18729,1,0.4923,2,3,0,0,V2,1,0.102877,3366,2,0,2,0.897123,0,2,0,200
EDCF-Shield,v2b,FALCON1024+HMAC-SHA512+AES256GCM+DKG4of7,COMPROMISED_CTRL,90,33.58,65,CUMULATIVE,130,2200,67578,69300,9,0.501686,0.122477,0.059694,0.030769,0.995926,99.99,28.23,89.71,0.749975,0.925025,1,3,0,0,76,1448,0.18729,1,0.4923,2,3,0,0,V2,1,0.102877,3366,2,0,2,0.897123,0,2,0,200
EDCF-Shield,v2b,FALCON1024+HMAC-SHA512+AES256GCM+DKG4of7,COMPROMISED_CTRL,90,33.58,66,CYCLE,132,0,1092,1100,0,0.498175,0.021271,0,0,0,100,28.68,89.15,0.749975,0.924898,1,3,0,0,76,1448,0.18621,1,0.4924,2,3,0,0,V2,1,0.102958,3368.636364,2,0,2,0.897042,0,2,0,200
EDCF-Shield,v2b,FALCON1024+HMAC-SHA512+AES256GCM+DKG4of7,COMPROMISED_CTRL,90,33.58,66,CUMULATIVE,132,2200,68670,70400,9,0.501632,0.121554,0.058816,0.030303,0.995926,99.99,28.24,89.7,0.749975,0.924898,1,3,0,0,76,1448,0.18621,1,0.4924,2,3,0,0,V2,1,0.102958,3368.636364,2,0,2,0.897042,0,2,0,200
EDCF-Shield,v2b,FALCON1024+HMAC-SHA512+AES256GCM+DKG4of7,COMPROMISED_CTRL,90,33.58,67,CYCLE,134,0,1092,1100,0,0.498175,0.020954,0,0,0,100,28.67,89.16,0.749976,0.924775,1,3,0,0,76,1448,0.18515,1,0.4925,2,3,0,0,V2,1,0.103035,3371.19403,2,0,2,0.896965,0,2,0,200
EDCF-Shield,v2b,FALCON1024+HMAC-SHA512+AES256GCM+DKG4of7,COMPROMISED_CTRL,90,33.58,67,CUMULATIVE,134,2200,69762,71500,9,0.501579,0.120652,0.057964,0.029851,0.995926,99.99,28.24,89.7,0.749976,0.924775,1,3,0,0,76,1448,0.18515,1,0.4925,2,3,0,0,V2,1,0.103035,3371.19403,2,0,2,0.896965,0,2,0,200
EDCF-Shield,v2b,FALCON1024+HMAC-SHA512+AES256GCM+DKG4of7,COMPROMISED_CTRL,90,33.58,68,CYCLE,136,0,1092,1100,0,0.498175,0.020646,0,0,0,100,28.62,89.23,0.749976,0.924664,1,3,0,0,76,1448,0.18411,1,0.4926,2,3,0,0,V2,1,0.103101,3373.676471,2,0,2,0.896899,0,2,0,200
EDCF-Shield,v2b,FALCON1024+HMAC-SHA512+AES256GCM+DKG4of7,COMPROMISED_CTRL,90,33.58,68,CUMULATIVE,136,2200,70854,72600,9,0.501527,0.11977,0.057136,0.029412,0.995926,99.99,28.25,89.69,0.749976,0.924664,1,3,0,0,76,1448,0.18411,1,0.4926,2,3,0,0,V2,1,0.103101,3373.676471,2,0,2,0.896899,0,2,0,200
EDCF-Shield,v2b,FALCON1024+HMAC-SHA512+AES256GCM+DKG4of7,COMPROMISED_CTRL,90,33.58,69,CYCLE,138,0,1092,1100,0,0.498175,0.020346,0,0,0,100,28.65,89.18,0.749977,0.92455,1,3,0,0,76,1448,0.183088,1,0.4928,2,3,0,0,V2,1,0.103171,3376.086957,2,0,2,0.896829,0,2,0,200
EDCF-Shield,v2b,FALCON1024+HMAC-SHA512+AES256GCM+DKG4of7,COMPROMISED_CTRL,90,33.58,69,CUMULATIVE,138,2200,71946,73700,9,0.501478,0.118907,0.056332,0.028986,0.995926,99.99,28.25,89.68,0.749977,0.92455,1,3,0,0,76,1448,0.183088,1,0.4928,2,3,0,0,V2,1,0.103171,3376.086957,2,0,2,0.896829,0,2,0,200
EDCF-Shield,v2b,FALCON1024+HMAC-SHA512+AES256GCM+DKG4of7,COMPROMISED_CTRL,90,33.58,70,CYCLE,140,0,1092,1100,0,0.498175,0.020056,0,0,0,100,28.64,89.2,0.749977,0.924441,1,3,0,0,76,1448,0.182086,1,0.4929,2,3,0,0,V2,1,0.103237,3378.428571,2,0,2,0.896763,0,2,0,200
EDCF-Shield,v2b,FALCON1024+HMAC-SHA512+AES256GCM+DKG4of7,COMPROMISED_CTRL,90,33.58,70,CUMULATIVE,140,2200,73038,74800,9,0.50143,0.118062,0.055549,0.028571,0.995926,99.99,28.26,89.68,0.749977,0.924441,1,3,0,0,76,1448,0.182086,1,0.4929,2,3,0,0,V2,1,0.103237,3378.428571,2,0,2,0.896763,0,2,0,200
EDCF-Shield,v2b,FALCON1024+HMAC-SHA512+AES256GCM+DKG4of7,COMPROMISED_CTRL,90,33.58,71,CYCLE,142,0,1092,1100,0,0.498175,0.019773,0,0,0,100,28.68,89.15,0.749977,0.92433,1,3,0,0,76,1448,0.181101,1,0.493,2,3,0,0,V2,1,0.103308,3380.704225,2,0,2,0.896692,0,2,0,200
EDCF-Shield,v2b,FALCON1024+HMAC-SHA512+AES256GCM+DKG4of7,COMPROMISED_CTRL,90,33.58,71,CUMULATIVE,142,2200,74130,75900,9,0.501383,0.117235,0.054788,0.028169,0.995926,99.99,28.26,89.67,0.749977,0.92433,1,3,0,0,76,1448,0.181101,1,0.493,2,3,0,0,V2,1,0.103308,3380.704225,2,0,2,0.896692,0,2,0,200
EDCF-Shield,v2b,FALCON1024+HMAC-SHA512+AES256GCM+DKG4of7,COMPROMISED_CTRL,90,33.58,72,CYCLE,144,0,1092,1100,0,0.498175,0.019499,0,0,0,100,28.71,89.11,0.749978,0.924217,1,3,0,0,76,1448,0.180133,1,0.4931,2,3,0,0,V2,1,0.103382,3382.916667,2,0,2,0.896618,0,2,0,200
EDCF-Shield,v2b,FALCON1024+HMAC-SHA512+AES256GCM+DKG4of7,COMPROMISED_CTRL,90,33.58,72,CUMULATIVE,144,2200,75222,77000,9,0.501337,0.116425,0.054048,0.027778,0.995926,99.99,28.27,89.66,0.749978,0.924217,1,3,0,0,76,1448,0.180133,1,0.4931,2,3,0,0,V2,1,0.103382,3382.916667,2,0,2,0.896618,0,2,0,200
EDCF-Shield,v2b,FALCON1024+HMAC-SHA512+AES256GCM+DKG4of7,COMPROMISED_CTRL,90,33.58,73,CYCLE,146,0,1092,1100,0,0.498175,0.019231,0,0,0,100,28.81,88.99,0.749978,0.924096,1,3,0,0,76,1448,0.179182,1,0.4932,2,3,0,0,V2,1,0.103468,3385.068493,2,0,2,0.896532,0,2,0,200
EDCF-Shield,v2b,FALCON1024+HMAC-SHA512+AES256GCM+DKG4of7,COMPROMISED_CTRL,90,33.58,73,CUMULATIVE,146,2200,76314,78100,9,0.501293,0.115632,0.053328,0.027397,0.995926,99.99,28.28,89.65,0.749978,0.924096,1,3,0,0,76,1448,0.179182,1,0.4932,2,3,0,0,V2,1,0.103468,3385.068493,2,0,2,0.896532,0,2,0,200
EDCF-Shield,v2b,FALCON1024+HMAC-SHA512+AES256GCM+DKG4of7,COMPROMISED_CTRL,90,33.58,74,CYCLE,148,0,1092,1100,0,0.498175,0.018972,0,0,0,100,28.78,89.02,0.749978,0.92398,1,3,0,0,76,1448,0.178247,1,0.4932,2,3,0,0,V2,1,0.103549,3387.162162,2,0,2,0.896451,0,2,0,200
EDCF-Shield,v2b,FALCON1024+HMAC-SHA512+AES256GCM+DKG4of7,COMPROMISED_CTRL,90,33.58,74,CUMULATIVE,148,2200,77406,79200,9,0.50125,0.114855,0.052626,0.027027,0.995926,99.99,28.28,89.65,0.749978,0.92398,1,3,0,0,76,1448,0.178247,1,0.4932,2,3,0,0,V2,1,0.103549,3387.162162,2,0,2,0.896451,0,2,0,200
EDCF-Shield,v2b,FALCON1024+HMAC-SHA512+AES256GCM+DKG4of7,COMPROMISED_CTRL,90,33.58,75,CYCLE,150,0,1092,1100,0,0.498175,0.018719,0,0,0,100,28.74,89.07,0.749979,0.923872,1,3,0,0,76,1448,0.177329,1,0.4933,2,3,0,0,V2,1,0.103621,3389.2,2,0,2,0.896379,0,2,0,200
EDCF-Shield,v2b,FALCON1024+HMAC-SHA512+AES256GCM+DKG4of7,COMPROMISED_CTRL,90,33.58,75,CUMULATIVE,150,2200,78498,80300,9,0.501208,0.114093,0.051943,0.026667,0.995926,99.99,28.29,89.64,0.749979,0.923872,1,3,0,0,76,1448,0.177329,1,0.4933,2,3,0,0,V2,1,0.103621,3389.2,2,0,2,0.896379,0,2,0,200
EDCF-Shield,v2b,FALCON1024+HMAC-SHA512+AES256GCM+DKG4of7,COMPROMISED_CTRL,90,33.58,76,CYCLE,152,0,1092,1100,0,0.498175,0.018472,0,0,0,100,28.75,89.06,0.749979,0.923766,1,3,0,0,76,1448,0.176425,1,0.4934,2,3,0,0,V2,1,0.103693,3391.184211,2,0,2,0.896307,0,2,0,200
EDCF-Shield,v2b,FALCON1024+HMAC-SHA512+AES256GCM+DKG4of7,COMPROMISED_CTRL,90,33.58,76,CUMULATIVE,152,2200,79590,81400,9,0.501167,0.113346,0.051277,0.026316,0.995926,99.99,28.3,89.63,0.749979,0.923766,1,3,0,0,76,1448,0.176425,1,0.4934,2,3,0,0,V2,1,0.103693,3391.184211,2,0,2,0.896307,0,2,0,200
EDCF-Shield,v2b,FALCON1024+HMAC-SHA512+AES256GCM+DKG4of7,COMPROMISED_CTRL,90,33.58,77,CYCLE,154,0,1092,1100,0,0.498175,0.018232,0,0,0,100,28.81,88.99,0.749979,0.923655,1,3,0,0,76,1448,0.175537,1,0.4935,2,3,0,0,V2,1,0.103772,3393.116883,2,0,2,0.896228,0,2,0,200
EDCF-Shield,v2b,FALCON1024+HMAC-SHA512+AES256GCM+DKG4of7,COMPROMISED_CTRL,90,33.58,77,CUMULATIVE,154,2200,80682,82500,9,0.501128,0.112614,0.050628,0.025974,0.995926,99.99,28.3,89.62,0.749979,0.923655,1,3,0,0,76,1448,0.175537,1,0.4935,2,3,0,0,V2,1,0.103772,3393.116883,2,0,2,0.896228,0,2,0,200
EDCF-Shield,v2b,FALCON1024+HMAC-SHA512+AES256GCM+DKG4of7,COMPROMISED_CTRL,90,33.58,78,CYCLE,156,0,1092,1100,0,0.498175,0.017999,0,0,0,100,28.88,88.9,0.749979,0.923538,1,3,0,0,76,1448,0.174663,1,0.4936,2,3,0,0,V2,1,0.103859,3395,2,0,2,0.896141,0,2,0,200
EDCF-Shield,v2b,FALCON1024+HMAC-SHA512+AES256GCM+DKG4of7,COMPROMISED_CTRL,90,33.58,78,CUMULATIVE,156,2200,81774,83600,9,0.501089,0.111895,0.049995,0.025641,0.995926,99.99,28.31,89.61,0.749979,0.923538,1,3,0,0,76,1448,0.174663,1,0.4936,2,3,0,0,V2,1,0.103859,3395,2,0,2,0.896141,0,2,0,200
EDCF-Shield,v2b,FALCON1024+HMAC-SHA512+AES256GCM+DKG4of7,COMPROMISED_CTRL,90,33.58,79,CYCLE,158,0,1092,1100,0,0.498175,0.017771,0,0,0,100,28.83,88.96,0.74998,0.923431,1,3,0,0,76,1448,0.173803,1,0.4937,2,3,0,0,V2,1,0.103936,3396.835443,2,0,2,0.896064,0,2,0,200
EDCF-Shield,v2b,FALCON1024+HMAC-SHA512+AES256GCM+DKG4of7,COMPROMISED_CTRL,90,33.58,79,CUMULATIVE,158,2200,82866,84700,9,0.501051,0.11119,0.049378,0.025316,0.995926,99.99,28.31,89.61,0.74998,0.923431,1,3,0,0,76,1448,0.173803,1,0.4937,2,3,0,0,V2,1,0.103936,3396.835443,2,0,2,0.896064,0,2,0,200
EDCF-Shield,v2b,FALCON1024+HMAC-SHA512+AES256GCM+DKG4of7,COMPROMISED_CTRL,90,33.58,80,CYCLE,160,0,1092,1100,0,0.498175,0.017549,0,0,0,100,28.82,88.97,0.74998,0.923326,1,3,0,0,76,1448,0.172957,1,0.4938,2,3,0,0,V2,1,0.104011,3398.625,2,0,2,0.895989,0,2,0,200
EDCF-Shield,v2b,FALCON1024+HMAC-SHA512+AES256GCM+DKG4of7,COMPROMISED_CTRL,90,33.58,80,CUMULATIVE,160,2200,83958,85800,9,0.501015,0.110499,0.048776,0.025,0.995926,99.99,28.32,89.6,0.74998,0.923326,1,3,0,0,76,1448,0.172957,1,0.4938,2,3,0,0,V2,1,0.104011,3398.625,2,0,2,0.895989,0,2,0,200
EDCF-Shield,v2b,FALCON1024+HMAC-SHA512+AES256GCM+DKG4of7,COMPROMISED_CTRL,90,33.58,81,CYCLE,162,0,1092,1100,0,0.498175,0.017332,0,0,0,100,28.83,88.97,0.74998,0.923223,1,3,0,0,76,1448,0.172124,1,0.4938,2,3,0,0,V2,1,0.104084,3400.37037,2,0,2,0.895916,0,2,0,200
EDCF-Shield,v2b,FALCON1024+HMAC-SHA512+AES256GCM+DKG4of7,COMPROMISED_CTRL,90,33.58,81,CUMULATIVE,162,2200,85050,86900,9,0.500979,0.10982,0.048188,0.024691,0.995926,99.99,28.33,89.59,0.74998,0.923223,1,3,0,0,76,1448,0.172124,1,0.4938,2,3,0,0,V2,1,0.104084,3400.37037,2,0,2,0.895916,0,2,0,200
EDCF-Shield,v2b,FALCON1024+HMAC-SHA512+AES256GCM+DKG4of7,COMPROMISED_CTRL,90,33.58,82,CYCLE,164,0,1092,1100,0,0.498175,0.017121,0,0,0,100,28.84,88.95,0.74998,0.923121,1,3,0,0,76,1448,0.171304,1,0.4939,2,3,0,0,V2,1,0.104158,3402.073171,2,0,2,0.895842,0,2,0,200
EDCF-Shield,v2b,FALCON1024+HMAC-SHA512+AES256GCM+DKG4of7,COMPROMISED_CTRL,90,33.58,82,CUMULATIVE,164,2200,86142,88000,9,0.500944,0.109153,0.047614,0.02439,0.995926,99.99,28.33,89.58,0.74998,0.923121,1,3,0,0,76,1448,0.171304,1,0.4939,2,3,0,0,V2,1,0.104158,3402.073171,2,0,2,0.895842,0,2,0,200
EDCF-Shield,v2b,FALCON1024+HMAC-SHA512+AES256GCM+DKG4of7,COMPROMISED_CTRL,90,33.58,83,CYCLE,166,0,1092,1100,0,0.498175,0.016914,0,0,0,100,28.87,88.91,0.749981,0.923018,1,3,0,0,76,1448,0.170497,1,0.494,2,3,0,0,V2,1,0.104234,3403.73494,2,0,2,0.895766,0,2,0,200
EDCF-Shield,v2b,FALCON1024+HMAC-SHA512+AES256GCM+DKG4of7,COMPROMISED_CTRL,90,33.58,83,CUMULATIVE,166,2200,87234,89100,9,0.50091,0.108498,0.047054,0.024096,0.995926,99.99,28.34,89.58,0.749981,0.923018,1,3,0,0,76,1448,0.170497,1,0.494,2,3,0,0,V2,1,0.104234,3403.73494,2,0,2,0.895766,0,2,0,200
EDCF-Shield,v2b,FALCON1024+HMAC-SHA512+AES256GCM+DKG4of7,COMPROMISED_CTRL,90,33.58,84,CYCLE,168,0,1092,1100,0,0.498175,0.016713,0,0,0,100,28.88,88.9,0.749981,0.922916,1,3,0,0,76,1448,0.169702,1,0.494,2,3,0,0,V2,1,0.10431,3405.357143,2,0,2,0.89569,0,2,0,200
EDCF-Shield,v2b,FALCON1024+HMAC-SHA512+AES256GCM+DKG4of7,COMPROMISED_CTRL,90,33.58,84,CUMULATIVE,168,2200,88326,90200,9,0.500877,0.107855,0.046507,0.02381,0.995926,99.99,28.34,89.57,0.749981,0.922916,1,3,0,0,76,1448,0.169702,1,0.494,2,3,0,0,V2,1,0.10431,3405.357143,2,0,2,0.89569,0,2,0,200
EDCF-Shield,v2b,FALCON1024+HMAC-SHA512+AES256GCM+DKG4of7,COMPROMISED_CTRL,90,33.58,85,CYCLE,170,0,1092,1100,0,0.498175,0.016516,0,0,0,100,28.81,88.99,0.749981,0.922824,1,3,0,0,76,1448,0.16892,1,0.4941,2,3,0,0,V2,1,0.104375,3406.941176,2,0,2,0.895625,0,2,0,200
EDCF-Shield,v2b,FALCON1024+HMAC-SHA512+AES256GCM+DKG4of7,COMPROMISED_CTRL,90,33.58,85,CUMULATIVE,170,2200,89418,91300,9,0.500845,0.107224,0.045973,0.023529,0.995926,99.99,28.35,89.56,0.749981,0.922824,1,3,0,0,76,1448,0.16892,1,0.4941,2,3,0,0,V2,1,0.104375,3406.941176,2,0,2,0.895625,0,2,0,200
EDCF-Shield,v2b,FALCON1024+HMAC-SHA512+AES256GCM+DKG4of7,COMPROMISED_CTRL,90,33.58,86,CYCLE,172,0,1092,1100,0,0.498175,0.016324,0,0,0,100,28.74,89.08,0.749981,0.922742,1,3,0,0,76,1448,0.168148,1,0.4942,2,3,0,0,V2,1,0.10443,3408.488372,2,0,2,0.89557,0,2,0,200
EDCF-Shield,v2b,FALCON1024+HMAC-SHA512+AES256GCM+DKG4of7,COMPROMISED_CTRL,90,33.58,86,CUMULATIVE,172,2200,90510,92400,9,0.500813,0.106603,0.04545,0.023256,0.995926,99.99,28.35,89.56,0.749981,0.922742,1,3,0,0,76,1448,0.168148,1,0.4942,2,3,0,0,V2,1,0.10443,3408.488372,2,0,2,0.89557,0,2,0,200
EDCF-Shield,v2b,FALCON1024+HMAC-SHA512+AES256GCM+DKG4of7,COMPROMISED_CTRL,90,33.58,87,CYCLE,174,0,1092,1100,0,0.498175,0.016137,0,0,0,100,28.58,89.27,0.749982,0.922681,1,3,0,0,76,1448,0.167389,1,0.4943,2,3,0,0,V2,1,0.104461,3410,2,0,2,0.895539,0,2,0,200
EDCF-Shield,v2b,FALCON1024+HMAC-SHA512+AES256GCM+DKG4of7,COMPROMISED_CTRL,90,33.58,87,CUMULATIVE,174,2200,91602,93500,9,0.500782,0.105993,0.04494,0.022989,0.995926,99.99,28.36,89.55,0.749982,0.922681,1,3,0,0,76,1448,0.167389,1,0.4943,2,3,0,0,V2,1,0.104461,3410,2,0,2,0.895539,0,2,0,200
EDCF-Shield,v2b,FALCON1024+HMAC-SHA512+AES256GCM+DKG4of7,COMPROMISED_CTRL,90,33.58,88,CYCLE,176,0,1092,1100,0,0.498175,0.015953,0,0,0,100,28.58,89.27,0.749982,0.92262,1,3,0,0,76,1448,0.16664,1,0.4943,2,3,0,0,V2,1,0.104493,3411.477273,2,0,2,0.895507,0,2,0,200
EDCF-Shield,v2b,FALCON1024+HMAC-SHA512+AES256GCM+DKG4of7,COMPROMISED_CTRL,90,33.58,88,CUMULATIVE,176,2200,92694,94600,9,0.500752,0.105393,0.04444,0.022727,0.995926,99.99,28.36,89.55,0.749982,0.92262,1,3,0,0,76,1448,0.16664,1,0.4943,2,3,0,0,V2,1,0.104493,3411.477273,2,0,2,0.895507,0,2,0,200
EDCF-Shield,v2b,FALCON1024+HMAC-SHA512+AES256GCM+DKG4of7,COMPROMISED_CTRL,90,33.58,89,CYCLE,178,0,1092,1100,0,0.498175,0.015774,0,0,0,100,28.71,89.12,0.749982,0.922546,1,3,0,0,76,1448,0.165902,1,0.4944,2,3,0,0,V2,1,0.10454,3412.921348,2,0,2,0.89546,0,2,0,200
EDCF-Shield,v2b,FALCON1024+HMAC-SHA512+AES256GCM+DKG4of7,COMPROMISED_CTRL,90,33.58,89,CUMULATIVE,178,2200,93786,95700,9,0.500723,0.104804,0.043952,0.022472,0.995926,99.99,28.36,89.55,0.749982,0.922546,1,3,0,0,76,1448,0.165902,1,0.4944,2,3,0,0,V2,1,0.10454,3412.921348,2,0,2,0.89546,0,2,0,200
EDCF-Shield,v2b,FALCON1024+HMAC-SHA512+AES256GCM+DKG4of7,COMPROMISED_CTRL,90,33.58,90,CYCLE,180,0,1092,1100,0,0.498175,0.015599,0,0,0,100,28.87,88.91,0.749982,0.922457,1,3,0,0,76,1448,0.165175,1,0.4944,2,3,0,0,V2,1,0.104606,3414.333333,2,0,2,0.895394,0,2,0,200
EDCF-Shield,v2b,FALCON1024+HMAC-SHA512+AES256GCM+DKG4of7,COMPROMISED_CTRL,90,33.58,90,CUMULATIVE,180,2200,94878,96800,9,0.500694,0.104224,0.043474,0.022222,0.995926,99.99,28.37,89.54,0.749982,0.922457,1,3,0,0,76,1448,0.165175,1,0.4944,2,3,0,0,V2,1,0.104606,3414.333333,2,0,2,0.895394,0,2,0,200
EDCF-Shield,v2b,FALCON1024+HMAC-SHA512+AES256GCM+DKG4of7,COMPROMISED_CTRL,90,33.58,91,CYCLE,182,0,1092,1100,0,0.498175,0.015427,0,0,0,100,28.91,88.86,0.749982,0.922365,1,3,0,0,76,1448,0.164457,1,0.4945,2,3,0,0,V2,1,0.104676,3415.714286,2,0,2,0.895324,0,2,0,200
EDCF-Shield,v2b,FALCON1024+HMAC-SHA512+AES256GCM+DKG4of7,COMPROMISED_CTRL,90,33.58,91,CUMULATIVE,182,2200,95970,97900,9,0.500666,0.103653,0.043007,0.021978,0.995926,99.99,28.37,89.53,0.749982,0.922365,1,3,0,0,76,1448,0.164457,1,0.4945,2,3,0,0,V2,1,0.104676,3415.714286,2,0,2,0.895324,0,2,0,200
EDCF-Shield,v2b,FALCON1024+HMAC-SHA512+AES256GCM+DKG4of7,COMPROMISED_CTRL,90,33.58,92,CYCLE,184,0,1092,1100,0,0.498175,0.01526,0,0,0,100,28.95,88.81,0.749983,0.922271,1,3,0,0,76,1448,0.16375,1,0.4946,2,3,0,0,V2,1,0.10475,3417.065217,2,0,2,0.89525,0,2,0,200
EDCF-Shield,v2b,FALCON1024+HMAC-SHA512+AES256GCM+DKG4of7,COMPROMISED_CTRL,90,33.58,92,CUMULATIVE,184,2200,97062,99000,9,0.500638,0.103092,0.042549,0.021739,0.995926,99.99,28.38,89.53,0.749983,0.922271,1,3,0,0,76,1448,0.16375,1,0.4946,2,3,0,0,V2,1,0.10475,3417.065217,2,0,2,0.89525,0,2,0,200
EDCF-Shield,v2b,FALCON1024+HMAC-SHA512+AES256GCM+DKG4of7,COMPROMISED_CTRL,90,33.58,93,CYCLE,186,0,1092,1100,0,0.498175,0.015096,0,0,0,100,28.93,88.84,0.749983,0.92218,1,3,0,0,76,1448,0.163053,1,0.4946,2,3,0,0,V2,1,0.104819,3418.387097,2,0,2,0.895181,0,2,0,200
EDCF-Shield,v2b,FALCON1024+HMAC-SHA512+AES256GCM+DKG4of7,COMPROMISED_CTRL,90,33.58,93,CUMULATIVE,186,2200,98154,100100,9,0.500611,0.10254,0.042102,0.021505,0.995926,99.99,28.39,89.52,0.749983,0.92218,1,3,0,0,76,1448,0.163053,1,0.4946,2,3,0,0,V2,1,0.104819,3418.387097,2,0,2,0.895181,0,2,0,200
EDCF-Shield,v2b,FALCON1024+HMAC-SHA512+AES256GCM+DKG4of7,COMPROMISED_CTRL,90,33.58,94,CYCLE,188,0,1092,1100,0,0.498175,0.014935,0,0,0,100,28.9,88.88,0.749983,0.922095,1,3,0,0,76,1448,0.162366,1,0.4947,2,3,0,0,V2,1,0.104884,3419.680851,2,0,2,0.895116,0,2,0,200
EDCF-Shield,v2b,FALCON1024+HMAC-SHA512+AES256GCM+DKG4of7,COMPROMISED_CTRL,90,33.58,94,CUMULATIVE,188,2200,99246,101200,9,0.500585,0.101997,0.041663,0.021277,0.995926,99.99,28.39,89.51,0.749983,0.922095,1,3,0,0,76,1448,0.162366,1,0.4947,2,3,0,0,V2,1,0.104884,3419.680851,2,0,2,0.895116,0,2,0,200
EDCF-Shield,v2b,FALCON1024+HMAC-SHA512+AES256GCM+DKG4of7,COMPROMISED_CTRL,90,33.58,95,CYCLE,190,0,1092,1100,0,0.498175,0.014778,0,0,0,100,28.92,88.85,0.749983,0.922009,1,3,0,0,76,1448,0.161687,1,0.4947,2,3,0,0,V2,1,0.104949,3420.947368,2,0,2,0.895051,0,2,0,200
EDCF-Shield,v2b,FALCON1024+HMAC-SHA512+AES256GCM+DKG4of7,COMPROMISED_CTRL,90,33.58,95,CUMULATIVE,190,2200,100338,102300,9,0.500559,0.101462,0.041234,0.021053,0.995926,99.99,28.4,89.51,0.749983,0.922009,1,3,0,0,76,1448,0.161687,1,0.4947,2,3,0,0,V2,1,0.104949,3420.947368,2,0,2,0.895051,0,2,0,200
EDCF-Shield,v2b,FALCON1024+HMAC-SHA512+AES256GCM+DKG4of7,COMPROMISED_CTRL,90,33.58,96,CYCLE,192,0,1092,1100,0,0.498175,0.014624,0,0,0,100,28.9,88.88,0.749983,0.921927,1,3,0,0,76,1448,0.161018,1,0.4948,2,3,0,0,V2,1,0.105011,3422.1875,2,0,2,0.894989,0,2,0,200
EDCF-Shield,v2b,FALCON1024+HMAC-SHA512+AES256GCM+DKG4of7,COMPROMISED_CTRL,90,33.58,96,CUMULATIVE,192,2200,101430,103400,9,0.500534,0.100936,0.040813,0.020833,0.995926,99.99,28.4,89.5,0.749983,0.921927,1,3,0,0,76,1448,0.161018,1,0.4948,2,3,0,0,V2,1,0.105011,3422.1875,2,0,2,0.894989,0,2,0,200
EDCF-Shield,v2b,FALCON1024+HMAC-SHA512+AES256GCM+DKG4of7,COMPROMISED_CTRL,90,33.58,97,CYCLE,194,0,1092,1100,0,0.498175,0.014473,0,0,0,100,28.86,88.92,0.749984,0.921851,1,3,0,0,76,1448,0.160358,1,0.4948,2,3,0,0,V2,1,0.105068,3423.402062,2,0,2,0.894932,0,2,0,200
EDCF-Shield,v2b,FALCON1024+HMAC-SHA512+AES256GCM+DKG4of7,COMPROMISED_CTRL,90,33.58,97,CUMULATIVE,194,2200,102522,104500,9,0.500509,0.100417,0.040401,0.020619,0.995926,99.99,28.41,89.49,0.749984,0.921851,1,3,0,0,76,1448,0.160358,1,0.4948,2,3,0,0,V2,1,0.105068,3423.402062,2,0,2,0.894932,0,2,0,200
EDCF-Shield,v2b,FALCON1024+HMAC-SHA512+AES256GCM+DKG4of7,COMPROMISED_CTRL,90,33.58,98,CYCLE,196,0,1092,1100,0,0.498175,0.014325,0,0,0,100,28.83,88.96,0.749984,0.921778,1,3,0,0,76,1448,0.159706,1,0.4949,2,3,0,0,V2,1,0.10512,3424.591837,2,0,2,0.89488,0,2,0,200
EDCF-Shield,v2b,FALCON1024+HMAC-SHA512+AES256GCM+DKG4of7,COMPROMISED_CTRL,90,33.58,98,CUMULATIVE,196,2200,103614,105600,9,0.500485,0.099907,0.039997,0.020408,0.995926,99.99,28.41,89.49,0.749984,0.921778,1,3,0,0,76,1448,0.159706,1,0.4949,2,3,0,0,V2,1,0.10512,3424.591837,2,0,2,0.89488,0,2,0,200
EDCF-Shield,v2b,FALCON1024+HMAC-SHA512+AES256GCM+DKG4of7,COMPROMISED_CTRL,90,33.58,99,CYCLE,198,0,1092,1100,0,0.498175,0.014181,0,0,0,100,28.87,88.92,0.749984,0.921704,1,3,0,0,76,1448,0.159063,1,0.4949,2,3,0,0,V2,1,0.105175,3425.757576,2,0,2,0.894825,0,2,0,200
EDCF-Shield,v2b,FALCON1024+HMAC-SHA512+AES256GCM+DKG4of7,COMPROMISED_CTRL,90,33.58,99,CUMULATIVE,198,2200,104706,106700,9,0.500461,0.099404,0.039601,0.020202,0.995926,99.99,28.41,89.48,0.749984,0.921704,1,3,0,0,76,1448,0.159063,1,0.4949,2,3,0,0,V2,1,0.105175,3425.757576,2,0,2,0.894825,0,2,0,200
EDCF-Shield,v2b,FALCON1024+HMAC-SHA512+AES256GCM+DKG4of7,COMPROMISED_CTRL,90,33.58,100,CYCLE,200,0,1092,1100,0,0.498175,0.014039,0,0,0,100,28.91,88.86,0.749984,0.921627,1,3,0,0,76,1448,0.158429,1,0.495,2,3,0,0,V2,1,0.105233,3426.9,2,0,2,0.894767,0,2,0,200
EDCF-Shield,v2b,FALCON1024+HMAC-SHA512+AES256GCM+DKG4of7,COMPROMISED_CTRL,90,33.58,100,CUMULATIVE,200,2200,105798,107800,9,0.500438,0.098909,0.039213,0.02,0.995926,99.99,28.42,89.48,0.749984,0.921627,1,3,0,0,76,1448,0.158429,1,0.495,2,3,0,0,V2,1,0.105233,3426.9,2,0,2,0.894767,0,2,0,200
EDCF-Shield,v2b,FALCON1024+HMAC-SHA512+AES256GCM+DKG4of7,COMPROMISED_CTRL,90,33.58,101,CYCLE,202,0,1092,1100,0,0.498175,0.0139,0,0,0,100,28.94,88.83,0.749984,0.921548,1,3,0,0,76,1448,0.157802,1,0.495,2,3,0,0,V2,1,0.105294,3428.019802,2,0,2,0.894706,0,2,0,200
EDCF-Shield,v2b,FALCON1024+HMAC-SHA512+AES256GCM+DKG4of7,COMPROMISED_CTRL,90,33.58,101,CUMULATIVE,202,2200,106890,108900,9,0.500415,0.098421,0.038832,0.019802,0.995926,99.99,28.42,89.47,0.749984,0.921548,1,3,0,0,76,1448,0.157802,1,0.495,2,3,0,0,V2,1,0.105294,3428.019802,2,0,2,0.894706,0,2,0,200
EDCF-Shield,v2b,FALCON1024+HMAC-SHA512+AES256GCM+DKG4of7,COMPROMISED_CTRL,90,33.58,102,CYCLE,204,0,1092,1100,0,0.498175,0.013764,0,0,0,100,28.87,88.92,0.749984,0.921478,1,3,0,0,76,1448,0.157184,1,0.4951,2,3,0,0,V2,1,0.105346,3429.117647,2,0,2,0.894654,0,2,0,200
EDCF-Shield,v2b,FALCON1024+HMAC-SHA512+AES256GCM+DKG4of7,COMPROMISED_CTRL,90,33.58,102,CUMULATIVE,204,2200,107982,110000,9,0.500393,0.09794,0.038459,0.019608,0.995926,99.99,28.43,89.47,0.749984,0.921478,1,3,0,0,76,1448,0.157184,1,0.4951,2,3,0,0,V2,1,0.105346,3429.117647,2,0,2,0.894654,0,2,0,200
EDCF-Shield,v2b,FALCON1024+HMAC-SHA512+AES256GCM+DKG4of7,COMPROMISED_CTRL,90,33.58,103,CYCLE,206,0,1092,1100,0,0.498175,0.01363,0,0,0,100,28.82,88.98,0.749985,0.921414,1,3,0,0,76,1448,0.156573,1,0.4951,2,3,0,0,V2,1,0.105391,3430.194175,2,0,2,0.894609,0,2,0,200
EDCF-Shield,v2b,FALCON1024+HMAC-SHA512+AES256GCM+DKG4of7,COMPROMISED_CTRL,90,33.58,103,CUMULATIVE,206,2200,109074,111100,9,0.500371,0.097467,0.038092,0.019417,0.995926,99.99,28.43,89.46,0.749985,0.921414,1,3,0,0,76,1448,0.156573,1,0.4951,2,3,0,0,V2,1,0.105391,3430.194175,2,0,2,0.894609,0,2,0,200
EDCF-Shield,v2b,FALCON1024+HMAC-SHA512+AES256GCM+DKG4of7,COMPROMISED_CTRL,90,33.58,104,CYCLE,208,0,1092,1100,0,0.498175,0.013499,0,0,0,100,28.78,89.03,0.749985,0.921355,1,3,0,0,76,1448,0.15597,1,0.4952,2,3,0,0,V2,1,0.105431,3431.25,2,0,2,0.894569,0,2,0,200
EDCF-Shield,v2b,FALCON1024+HMAC-SHA512+AES256GCM+DKG4of7,COMPROMISED_CTRL,90,33.58,104,CUMULATIVE,208,2200,110166,112200,9,0.50035,0.097,0.037733,0.019231,0.995926,99.99,28.43,89.46,0.749985,0.921355,1,3,0,0,76,1448,0.15597,1,0.4952,2,3,0,0,V2,1,0.105431,3431.25,2,0,2,0.894569,0,2,0,200
EDCF-Shield,v2b,FALCON1024+HMAC-SHA512+AES256GCM+DKG4of7,COMPROMISED_CTRL,90,33.58,105,CYCLE,210,0,1092,1100,0,0.498175,0.01337,0,0,0,100,28.74,89.08,0.749985,0.921301,1,3,0,0,76,1448,0.155374,1,0.4952,2,3,0,0,V2,1,0.105466,3432.285714,2,0,2,0.894534,0,2,0,200
EDCF-Shield,v2b,FALCON1024+HMAC-SHA512+AES256GCM+DKG4of7,COMPROMISED_CTRL,90,33.58,105,CUMULATIVE,210,2200,111258,113300,9,0.500329,0.096539,0.03738,0.019048,0.995926,99.99,28.44,89.45,0.749985,0.921301,1,3,0,0,76,1448,0.155374,1,0.4952,2,3,0,0,V2,1,0.105466,3432.285714,2,0,2,0.894534,0,2,0,200
EDCF-Shield,v2b,FALCON1024+HMAC-SHA512+AES256GCM+DKG4of7,COMPROMISED_CTRL,90,33.58,106,CYCLE,212,0,1092,1100,0,0.498175,0.013244,0,0,0,100,28.72,89.1,0.749985,0.92125,1,3,0,0,76,1448,0.154786,1,0.4953,2,3,0,0,V2,1,0.105498,3433.301887,2,0,2,0.894502,0,2,0,200
EDCF-Shield,v2b,FALCON1024+HMAC-SHA512+AES256GCM+DKG4of7,COMPROMISED_CTRL,90,33.58,106,CUMULATIVE,212,2200,112350,114400,9,0.500308,0.096086,0.037034,0.018868,0.995926,99.99,28.44,89.45,0.749985,0.92125,1,3,0,0,76,1448,0.154786,1,0.4953,2,3,0,0,V2,1,0.105498,3433.301887,2,0,2,0.894502,0,2,0,200
EDCF-Shield,v2b,FALCON1024+HMAC-SHA512+AES256GCM+DKG4of7,COMPROMISED_CTRL,90,33.58,107,CYCLE,214,0,1092,1100,0,0.498175,0.01312,0,0,0,100,28.75,89.07,0.749985,0.921197,1,3,0,0,76,1448,0.154205,1,0.4953,2,3,0,0,V2,1,0.105532,3434.299065,2,0,2,0.894468,0,2,0,200
EDCF-Shield,v2b,FALCON1024+HMAC-SHA512+AES256GCM+DKG4of7,COMPROMISED_CTRL,90,33.58,107,CUMULATIVE,214,2200,113442,115500,9,0.500288,0.095638,0.036694,0.018692,0.995926,99.99,28.44,89.45,0.749985,0.921197,1,3,0,0,76,1448,0.154205,1,0.4953,2,3,0,0,V2,1,0.105532,3434.299065,2,0,2,0.894468,0,2,0,200
EDCF-Shield,v2b,FALCON1024+HMAC-SHA512+AES256GCM+DKG4of7,COMPROMISED_CTRL,90,33.58,108,CYCLE,216,0,1092,1100,0,0.498175,0.012999,0,0,0,100,28.81,88.99,0.749985,0.921139,1,3,0,0,76,1448,0.15363,1,0.4954,2,3,0,0,V2,1,0.105573,3435.277778,2,0,2,0.894427,0,2,0,200
EDCF-Shield,v2b,FALCON1024+HMAC-SHA512+AES256GCM+DKG4of7,COMPROMISED_CTRL,90,33.58,108,CUMULATIVE,216,2200,114534,116600,9,0.500268,0.095197,0.036361,0.018519,0.995926,99.99,28.45,89.44,0.749985,0.921139,1,3,0,0,76,1448,0.15363,1,0.4954,2,3,0,0,V2,1,0.105573,3435.277778,2,0,2,0.894427,0,2,0,200
EDCF-Shield,v2b,FALCON1024+HMAC-SHA512+AES256GCM+DKG4of7,COMPROMISED_CTRL,90,33.58,109,CYCLE,218,0,1092,1100,0,0.498175,0.01288,0,0,0,100,28.86,88.93,0.749985,0.921077,1,3,0,0,76,1448,0.153063,1,0.4954,2,3,0,0,V2,1,0.105618,3436.238532,2,0,2,0.894382,0,2,0,200
EDCF-Shield,v2b,FALCON1024+HMAC-SHA512+AES256GCM+DKG4of7,COMPROMISED_CTRL,90,33.58,109,CUMULATIVE,218,2200,115626,117700,9,0.500248,0.094762,0.036033,0.018349,0.995926,99.99,28.45,89.44,0.749985,0.921077,1,3,0,0,76,1448,0.153063,1,0.4954,2,3,0,0,V2,1,0.105618,3436.238532,2,0,2,0.894382,0,2,0,200
EDCF-Shield,v2b,FALCON1024+HMAC-SHA512+AES256GCM+DKG4of7,COMPROMISED_CTRL,90,33.58,110,CYCLE,219.5,0,819,660,0,0.553753,0.012763,0,0,0,100,27.26,90.92,0.749986,0.92103,1,3,0,0,76,1448,0.152502,1,0.4966,2,3,0,0,V2,1,0.105524,3436.947608,2,0,2,0.894476,0,2,0,200
EDCF-Shield,v2b,FALCON1024+HMAC-SHA512+AES256GCM+DKG4of7,COMPROMISED_CTRL,90,33.58,110,CUMULATIVE,219.5,2200,116445,118360,9,0.500582,0.094537,0.03584,0.018248,0.995926,99.99,28.44,89.45,0.749986,0.92103,1,3,0,0,76,1448,0.152502,1,0.4966,2,3,0,0,V2,1,0.105524,3436.947608,2,0,2,0.894476,0,2,0,200
EDCF-Shield,v2b,FALCON1024+HMAC-SHA512+AES256GCM+DKG4of7,COMPROMISED_CTRL,150,55.97,1,CYCLE,2,500,0,0,0,1,0.5,1,1,1,0,100,0,0,0,1,0,0,0,76,1448,0,1,0,0,0,0,0,V2,0,1,-100,1,0,0,0,0,0,0,200
EDCF-Shield,v2b,FALCON1024+HMAC-SHA512+AES256GCM+DKG4of7,COMPROMISED_CTRL,150,55.97,1,CUMULATIVE,2,500,0,0,0,1,0.5,1,1,1,0,100,0,0,0,1,0,0,0,76,1448,0,1,0,0,0,0,0,V2,0,1,-100,1,0,0,0,0,0,0,200
EDCF-Shield,v2b,FALCON1024+HMAC-SHA512+AES256GCM+DKG4of7,COMPROMISED_CTRL,150,55.97,2,CYCLE,4,500,150,0,6,0.990854,0.737375,0.994036,1,0.988142,96.15,40.7,74.12,0.742574,0.924638,1,3,0,0,76,1448,0,1,0.25,2,3,0,0,V2,1,0.411184,160,2,0,2,0.588816,0,1,0,200
EDCF-Shield,v2b,FALCON1024+HMAC-SHA512+AES256GCM+DKG4of7,COMPROMISED_CTRL,150,55.97,2,CUMULATIVE,4,1000,150,0,6,0.99481,0.977652,0.997009,1,0.994036,96.15,52.89,58.88,0.742574,0.924638,1,3,0,0,76,1448,0,1,0.25,2,3,0,0,V2,1,0.411184,160,2,0,2,0.588816,0,1,0,200
EDCF-Shield,v2b,FALCON1024+HMAC-SHA512+AES256GCM+DKG4of7,COMPROMISED_CTRL,150,55.97,3,CYCLE,6,0,399,500,3,0.44235,0.470108,0,0,0,99.25,28.53,89.33,0.746939,0.93153,1,3,0,0,76,1448,0,1,0.3333,2,3,0,0,V2,1,0.210704,520,2,0,2,0.789296,0,2,0,200
EDCF-Shield,v2b,FALCON1024+HMAC-SHA512+AES256GCM+DKG4of7,COMPROMISED_CTRL,150,55.97,3,CUMULATIVE,6,1000,549,500,9,0.752672,0.578498,0.79713,0.666667,0.99108,98.39,36.86,78.93,0.746939,0.93153,1,3,0,0,76,1448,0,1,0.3333,2,3,0,0,V2,1,0.210704,520,2,0,2,0.789296,0,2,0,200
EDCF-Shield,v2b,FALCON1024+HMAC-SHA512+AES256GCM+DKG4of7,COMPROMISED_CTRL,150,55.97,4,CYCLE,8,0,642,500,0,0.562172,0.352583,0,0,0,100,25.67,92.91,0.748586,0.932048,1,3,0,0,76,1448,0,1,0.375,2,3,0,0,V2,1,0.141113,900,2,0,2,0.858887,0,2,0,200
EDCF-Shield,v2b,FALCON1024+HMAC-SHA512+AES256GCM+DKG4of7,COMPROMISED_CTRL,150,55.97,4,CUMULATIVE,8,1000,1191,1000,9,0.684688,0.513151,0.664673,0.5,0.99108,99.25,31.29,85.89,0.748586,0.932048,1,3,0,0,76,1448,0,1,0.375,2,3,0,0,V2,1,0.141113,900,2,0,2,0.858887,0,2,0,200
EDCF-Shield,v2b,FALCON1024+HMAC-SHA512+AES256GCM+DKG4of7,COMPROMISED_CTRL,150,55.97,5,CYCLE,10,0,882,500,0,0.638205,0.282068,0,0,0,100,24.16,94.8,0.749187,0.932605,1,3,0,0,76,1448,0.513151,1,0.4,2,3,0,0,V2,1,0.105091,1288,2,0,2,0.894909,0,2,0,200
EDCF-Shield,v2b,FALCON1024+HMAC-SHA512+AES256GCM+DKG4of7,COMPROMISED_CTRL,150,55.97,5,CUMULATIVE,10,1000,2073,1500,9,0.670668,0.475433,0.569963,0.4,0.99108,99.57,28.41,89.49,0.749187,0.932605,1,3,0,0,76,1448,0.513151,1,0.4,2,3,0,0,V2,1,0.105091,1288,2,0,2,0.894909,0,2,0,200
EDCF-Shield,v2b,FALCON1024+HMAC-SHA512+AES256GCM+DKG4of7,COMPROMISED_CTRL,150,55.97,6,CYCLE,12,0,1122,500,0,0.691739,0.235059,0,0,0,100,23.42,95.73,0.749472,0.932011,1,3,0,0,76,1448,0.494292,1,0.4167,2,3,0,0,V2,1,0.084543,1680,2,0,2,0.915457,0,2,0,200
EDCF-Shield,v2b,FALCON1024+HMAC-SHA512+AES256GCM+DKG4of7,COMPROMISED_CTRL,150,55.97,6,CUMULATIVE,12,1000,3195,2000,9,0.676177,0.447581,0.498878,0.333333,0.99108,99.72,26.76,91.55,0.749472,0.932011,1,3,0,0,76,1448,0.494292,1,0.4167,2,3,0,0,V2,1,0.084543,1680,2,0,2,0.915457,0,2,0,200
EDCF-Shield,v2b,FALCON1024+HMAC-SHA512+AES256GCM+DKG4of7,COMPROMISED_CTRL,150,55.97,7,CYCLE,14,0,1362,500,0,0.731472,0.201482,0,0,0,100,22.85,96.43,0.74963,0.931574,1,3,0,0,76,1448,0.478722,1,0.4286,2,3,0,0,V2,1,0.070696,2074.285714,2,0,2,0.929304,0,2,0,200
EDCF-Shield,v2b,FALCON1024+HMAC-SHA512+AES256GCM+DKG4of7,COMPROMISED_CTRL,150,55.97,7,CUMULATIVE,14,1000,4557,2500,9,0.688941,0.425081,0.443557,0.285714,0.99108,99.8,25.66,92.93,0.74963,0.931574,1,3,0,0,76,1448,0.478722,1,0.4286,2,3,0,0,V2,1,0.070696,2074.285714,2,0,2,0.929304,0,2,0,200
EDCF-Shield,v2b,FALCON1024+HMAC-SHA512+AES256GCM+DKG4of7,COMPROMISED_CTRL,150,55.97,8,CYCLE,16,0,1602,500,0,0.762131,0.176299,0,0,0,100,22.49,96.89,0.749726,0.9309,1,3,0,0,76,1448,0.465312,1,0.4375,2,3,0,0,V2,1,0.061009,2470,2,0,2,0.938991,0,2,0,200
EDCF-Shield,v2b,FALCON1024+HMAC-SHA512+AES256GCM+DKG4of7,COMPROMISED_CTRL,150,55.97,8,CUMULATIVE,16,1000,6159,3000,9,0.704072,0.406098,0.399281,0.25,0.99108,99.85,24.88,93.9,0.749726,0.9309,1,3,0,0,76,1448,0.465312,1,0.4375,2,3,0,0,V2,1,0.061009,2470,2,0,2,0.938991,0,2,0,200
EDCF-Shield,v2b,FALCON1024+HMAC-SHA512+AES256GCM+DKG4of7,COMPROMISED_CTRL,150,55.97,9,CYCLE,18,0,1797,500,0,0.782325,0.156712,0,0,0,100,22.29,97.14,0.749788,0.930006,1,3,0,0,76,1448,0.453469,1,0.4444,2,3,0,0,V2,1,0.054204,2850,2,0,2,0.945796,0,2,0,200
EDCF-Shield,v2b,FALCON1024+HMAC-SHA512+AES256GCM+DKG4of7,COMPROMISED_CTRL,150,55.97,9,CUMULATIVE,18,1000,7956,3500,9,0.718492,0.389324,0.363042,0.222222,0.99108,99.89,24.34,94.58,0.749788,0.930006,1,3,0,0,76,1448,0.453469,1,0.4444,2,3,0,0,V2,1,0.054204,2850,2,0,2,0.945796,0,2,0,200
EDCF-Shield,v2b,FALCON1024+HMAC-SHA512+AES256GCM+DKG4of7,COMPROMISED_CTRL,150,55.97,10,CYCLE,20,0,1812,500,0,0.783737,0.141043,0,0,0,100,22.26,97.17,0.749827,0.929503,1,3,0,0,76,1448,0.442778,1,0.45,2,3,0,0,V2,1,0.049644,3159,2,0,2,0.950356,0,2,0,200
EDCF-Shield,v2b,FALCON1024+HMAC-SHA512+AES256GCM+DKG4of7,COMPROMISED_CTRL,150,55.97,10,CUMULATIVE,20,1000,9768,4000,9,0.7287,0.373451,0.332834,0.2,0.99108,99.91,23.97,95.04,0.749827,0.929503,1,3,0,0,76,1448,0.442778,1,0.45,2,3,0,0,V2,1,0.049644,3159,2,0,2,0.950356,0,2,0,200
EDCF-Shield,v2b,FALCON1024+HMAC-SHA512+AES256GCM+DKG4of7,COMPROMISED_CTRL,150,55.97,11,CYCLE,22,0,1812,500,0,0.783737,0.128223,0,0,0,100,22.27,97.16,0.749854,0.929104,1,3,0,0,76,1448,0.432874,1,0.4545,2,3,0,0,V2,1,0.046476,3411.818182,2,0,2,0.953524,0,2,0,200
EDCF-Shield,v2b,FALCON1024+HMAC-SHA512+AES256GCM+DKG4of7,COMPROMISED_CTRL,150,55.97,11,CUMULATIVE,22,1000,11580,4500,9,0.736146,0.358834,0.307267,0.181818,0.99108,99.92,23.72,95.35,0.749854,0.929104,1,3,0,0,76,1448,0.432874,1,0.4545,2,3,0,0,V2,1,0.046476,3411.818182,2,0,2,0.953524,0,2,0,200
EDCF-Shield,v2b,FALCON1024+HMAC-SHA512+AES256GCM+DKG4of7,COMPROMISED_CTRL,150,55.97,12,CYCLE,24,0,1812,500,0,0.783737,0.117539,0,0,0,100,22.29,97.13,0.749874,0.928704,1,3,0,0,76,1448,0.423619,1,0.4583,2,3,0,0,V2,1,0.04419,3622.5,2,0,2,0.95581,0,2,0,200
EDCF-Shield,v2b,FALCON1024+HMAC-SHA512+AES256GCM+DKG4of7,COMPROMISED_CTRL,150,55.97,12,CUMULATIVE,24,1000,13392,5000,9,0.741817,0.345525,0.285347,0.166667,0.99108,99.93,23.54,95.58,0.749874,0.928704,1,3,0,0,76,1448,0.423619,1,0.4583,2,3,0,0,V2,1,0.04419,3622.5,2,0,2,0.95581,0,2,0,200
EDCF-Shield,v2b,FALCON1024+HMAC-SHA512+AES256GCM+DKG4of7,COMPROMISED_CTRL,150,55.97,13,CYCLE,26,0,1812,500,0,0.783737,0.108499,0,0,0,100,22.31,97.12,0.749889,0.928352,1,3,0,0,76,1448,0.414942,1,0.4615,2,3,0,0,V2,1,0.042449,3800.769231,2,0,2,0.957551,0,2,0,200
EDCF-Shield,v2b,FALCON1024+HMAC-SHA512+AES256GCM+DKG4of7,COMPROMISED_CTRL,150,55.97,13,CUMULATIVE,26,1000,15204,5500,9,0.746281,0.33343,0.266347,0.153846,0.99108,99.94,23.4,95.76,0.749889,0.928352,1,3,0,0,76,1448,0.414942,1,0.4615,2,3,0,0,V2,1,0.042449,3800.769231,2,0,2,0.957551,0,2,0,200
EDCF-Shield,v2b,FALCON1024+HMAC-SHA512+AES256GCM+DKG4of7,COMPROMISED_CTRL,150,55.97,14,CYCLE,28,0,1812,500,0,0.783737,0.100751,0,0,0,100,22.31,97.11,0.749901,0.928043,1,3,0,0,76,1448,0.406791,1,0.4643,2,3,0,0,V2,1,0.041078,3953.571429,2,0,2,0.958922,0,2,0,200
EDCF-Shield,v2b,FALCON1024+HMAC-SHA512+AES256GCM+DKG4of7,COMPROMISED_CTRL,150,55.97,14,CUMULATIVE,28,1000,17016,6000,9,0.749886,0.322421,0.249719,0.142857,0.99108,99.95,23.29,95.89,0.749901,0.928043,1,3,0,0,76,1448,0.406791,1,0.4643,2,3,0,0,V2,1,0.041078,3953.571429,2,0,2,0.958922,0,2,0,200
EDCF-Shield,v2b,FALCON1024+HMAC-SHA512+AES256GCM+DKG4of7,COMPROMISED_CTRL,150,55.97,15,CYCLE,30,0,1812,500,0,0.783737,0.094036,0,0,0,100,22.3,97.13,0.74991,0.927838,1,3,0,0,76,1448,0.399121,1,0.4667,2,3,0,0,V2,1,0.039935,4086,2,0,2,0.960065,0,2,0,200
EDCF-Shield,v2b,FALCON1024+HMAC-SHA512+AES256GCM+DKG4of7,COMPROMISED_CTRL,150,55.97,15,CUMULATIVE,30,1000,18828,6500,9,0.752857,0.312371,0.235045,0.133333,0.99108,99.95,23.19,96.01,0.74991,0.927838,1,3,0,0,76,1448,0.399121,1,0.4667,2,3,0,0,V2,1,0.039935,4086,2,0,2,0.960065,0,2,0,200
EDCF-Shield,v2b,FALCON1024+HMAC-SHA512+AES256GCM+DKG4of7,COMPROMISED_CTRL,150,55.97,16,CYCLE,32,0,1812,500,0,0.783737,0.08816,0,0,0,100,22.27,97.17,0.749918,0.92776,1,3,0,0,76,1448,0.391892,1,0.4688,2,3,0,0,V2,1,0.038941,4201.875,2,0,2,0.961059,0,2,0,200
EDCF-Shield,v2b,FALCON1024+HMAC-SHA512+AES256GCM+DKG4of7,COMPROMISED_CTRL,150,55.97,16,CUMULATIVE,32,1000,20640,7000,9,0.755349,0.303161,0.222,0.125,0.99108,99.96,23.12,96.11,0.749918,0.92776,1,3,0,0,76,1448,0.391892,1,0.4688,2,3,0,0,V2,1,0.038941,4201.875,2,0,2,0.961059,0,2,0,200
EDCF-Shield,v2b,FALCON1024+HMAC-SHA512+AES256GCM+DKG4of7,COMPROMISED_CTRL,150,55.97,17,CYCLE,34,0,1812,500,0,0.783737,0.082975,0,0,0,100,22.29,97.14,0.749925,0.927632,1,3,0,0,76,1448,0.385066,1,0.4706,2,3,0,0,V2,1,0.038133,4304.117647,2,0,2,0.961867,0,2,0,200
EDCF-Shield,v2b,FALCON1024+HMAC-SHA512+AES256GCM+DKG4of7,COMPROMISED_CTRL,150,55.97,17,CUMULATIVE,34,1000,22452,7500,9,0.757469,0.29469,0.210327,0.117647,0.99108,99.96,23.05,96.19,0.749925,0.927632,1,3,0,0,76,1448,0.385066,1,0.4706,2,3,0,0,V2,1,0.038133,4304.117647,2,0,2,0.961867,0,2,0,200
EDCF-Shield,v2b,FALCON1024+HMAC-SHA512+AES256GCM+DKG4of7,COMPROMISED_CTRL,150,55.97,18,CYCLE,36,0,1812,500,0,0.783737,0.078366,0,0,0,100,22.33,97.09,0.74993,0.92743,1,3,0,0,76,1448,0.378611,1,0.4722,2,3,0,0,V2,1,0.037488,4395,2,0,2,0.962512,0,2,0,200
EDCF-Shield,v2b,FALCON1024+HMAC-SHA512+AES256GCM+DKG4of7,COMPROMISED_CTRL,150,55.97,18,CUMULATIVE,36,1000,24264,8000,9,0.759294,0.286869,0.19982,0.111111,0.99108,99.96,23,96.25,0.74993,0.92743,1,3,0,0,76,1448,0.378611,1,0.4722,2,3,0,0,V2,1,0.037488,4395,2,0,2,0.962512,0,2,0,200
EDCF-Shield,v2b,FALCON1024+HMAC-SHA512+AES256GCM+DKG4of7,COMPROMISED_CTRL,150,55.97,19,CYCLE,38,0,1812,500,0,0.783737,0.074243,0,0,0,100,22.34,97.07,0.749935,0.927226,1,3,0,0,76,1448,0.372495,1,0.4737,2,3,0,0,V2,1,0.036943,4476.315789,2,0,2,0.963057,0,2,0,200
EDCF-Shield,v2b,FALCON1024+HMAC-SHA512+AES256GCM+DKG4of7,COMPROMISED_CTRL,150,55.97,19,CUMULATIVE,38,1000,26076,8500,9,0.760882,0.279624,0.190313,0.105263,0.99108,99.97,22.96,96.31,0.749935,0.927226,1,3,0,0,76,1448,0.372495,1,0.4737,2,3,0,0,V2,1,0.036943,4476.315789,2,0,2,0.963057,0,2,0,200
EDCF-Shield,v2b,FALCON1024+HMAC-SHA512+AES256GCM+DKG4of7,COMPROMISED_CTRL,150,55.97,20,CYCLE,40,0,1812,500,0,0.783737,0.070532,0,0,0,100,22.35,97.07,0.749939,0.927038,1,3,0,0,76,1448,0.36669,1,0.475,2,3,0,0,V2,1,0.03647,4549.5,2,0,2,0.96353,0,2,0,200
EDCF-Shield,v2b,FALCON1024+HMAC-SHA512+AES256GCM+DKG4of7,COMPROMISED_CTRL,150,55.97,20,CUMULATIVE,40,1000,27888,9000,9,0.762277,0.27289,0.18167,0.1,0.99108,99.97,22.92,96.35,0.749939,0.927038,1,3,0,0,76,1448,0.36669,1,0.475,2,3,0,0,V2,1,0.03647,4549.5,2,0,2,0.96353,0,2,0,200
EDCF-Shield,v2b,FALCON1024+HMAC-SHA512+AES256GCM+DKG4of7,COMPROMISED_CTRL,150,55.97,21,CYCLE,42,0,1812,500,0,0.783737,0.067174,0,0,0,100,22.35,97.06,0.749943,0.926865,1,3,0,0,76,1448,0.361173,1,0.4762,2,3,0,0,V2,1,0.036055,4615.714286,2,0,2,0.963945,0,2,0,200
EDCF-Shield,v2b,FALCON1024+HMAC-SHA512+AES256GCM+DKG4of7,COMPROMISED_CTRL,150,55.97,21,CUMULATIVE,42,1000,29700,9500,9,0.763511,0.26661,0.173777,0.095238,0.99108,99.97,22.88,96.39,0.749943,0.926865,1,3,0,0,76,1448,0.361173,1,0.4762,2,3,0,0,V2,1,0.036055,4615.714286,2,0,2,0.963945,0,2,0,200
EDCF-Shield,v2b,FALCON1024+HMAC-SHA512+AES256GCM+DKG4of7,COMPROMISED_CTRL,150,55.97,22,CYCLE,44,0,1812,500,0,0.783737,0.064122,0,0,0,100,22.38,97.02,0.749946,0.926654,1,3,0,0,76,1448,0.355919,1,0.4773,2,3,0,0,V2,1,0.035713,4675.909091,2,0,2,0.964287,0,2,0,200
EDCF-Shield,v2b,FALCON1024+HMAC-SHA512+AES256GCM+DKG4of7,COMPROMISED_CTRL,150,55.97,22,CUMULATIVE,44,1000,31512,10000,9,0.76461,0.260738,0.166542,0.090909,0.99108,99.97,22.86,96.43,0.749946,0.926654,1,3,0,0,76,1448,0.355919,1,0.4773,2,3,0,0,V2,1,0.035713,4675.909091,2,0,2,0.964287,0,2,0,200
EDCF-Shield,v2b,FALCON1024+HMAC-SHA512+AES256GCM+DKG4of7,COMPROMISED_CTRL,150,55.97,23,CYCLE,46,0,1812,500,0,0.783737,0.061335,0,0,0,100,22.38,97.02,0.749949,0.926467,1,3,0,0,76,1448,0.35091,1,0.4783,2,3,0,0,V2,1,0.035405,4730.869565,2,0,2,0.964595,0,2,0,200
EDCF-Shield,v2b,FALCON1024+HMAC-SHA512+AES256GCM+DKG4of7,COMPROMISED_CTRL,150,55.97,23,CUMULATIVE,46,1000,33324,10500,9,0.765597,0.255233,0.159885,0.086957,0.99108,99.97,22.83,96.46,0.749949,0.926467,1,3,0,0,76,1448,0.35091,1,0.4783,2,3,0,0,V2,1,0.035405,4730.869565,2,0,2,0.964595,0,2,0,200
EDCF-Shield,v2b,FALCON1024+HMAC-SHA512+AES256GCM+DKG4of7,COMPROMISED_CTRL,150,55.97,24,CYCLE,48,0,1812,500,0,0.783737,0.05878,0,0,0,100,22.38,97.02,0.749952,0.926296,1,3,0,0,76,1448,0.346126,1,0.4792,2,3,0,0,V2,1,0.035128,4781.25,2,0,2,0.964872,0,2,0,200
EDCF-Shield,v2b,FALCON1024+HMAC-SHA512+AES256GCM+DKG4of7,COMPROMISED_CTRL,150,55.97,24,CUMULATIVE,48,1000,35136,11000,9,0.766486,0.250057,0.15374,0.083333,0.99108,99.97,22.81,96.49,0.749952,0.926296,1,3,0,0,76,1448,0.346126,1,0.4792,2,3,0,0,V2,1,0.035128,4781.25,2,0,2,0.964872,0,2,0,200
EDCF-Shield,v2b,FALCON1024+HMAC-SHA512+AES256GCM+DKG4of7,COMPROMISED_CTRL,150,55.97,25,CYCLE,50,0,1812,500,0,0.783737,0.056429,0,0,0,100,22.41,96.98,0.749954,0.926093,1,3,0,0,76,1448,0.341551,1,0.48,2,3,0,0,V2,1,0.034898,4827.6,2,0,2,0.965102,0,2,0,200
EDCF-Shield,v2b,FALCON1024+HMAC-SHA512+AES256GCM+DKG4of7,COMPROMISED_CTRL,150,55.97,25,CUMULATIVE,50,1000,36948,11500,9,0.767293,0.24518,0.148049,0.08,0.99108,99.98,22.79,96.51,0.749954,0.926093,1,3,0,0,76,1448,0.341551,1,0.48,2,3,0,0,V2,1,0.034898,4827.6,2,0,2,0.965102,0,2,0,200
EDCF-Shield,v2b,FALCON1024+HMAC-SHA512+AES256GCM+DKG4of7,COMPROMISED_CTRL,150,55.97,26,CYCLE,52,0,1812,500,0,0.783737,0.05426,0,0,0,100,22.42,96.97,0.749956,0.925897,1,3,0,0,76,1448,0.337171,1,0.4808,2,3,0,0,V2,1,0.034694,4870.384615,2,0,2,0.965306,0,2,0,200
EDCF-Shield,v2b,FALCON1024+HMAC-SHA512+AES256GCM+DKG4of7,COMPROMISED_CTRL,150,55.97,26,CUMULATIVE,52,1000,38760,12000,9,0.768027,0.240576,0.142765,0.076923,0.99108,99.98,22.78,96.53,0.749956,0.925897,1,3,0,0,76,1448,0.337171,1,0.4808,2,3,0,0,V2,1,0.034694,4870.384615,2,0,2,0.965306,0,2,0,200
EDCF-Shield,v2b,FALCON1024+HMAC-SHA512+AES256GCM+DKG4of7,COMPROMISED_CTRL,150,55.97,27,CYCLE,54,0,1812,500,0,0.783737,0.052251,0,0,0,100,22.44,96.95,0.749958,0.925693,1,3,0,0,76,1448,0.332971,1,0.4815,2,3,0,0,V2,1,0.034517,4910,2,0,2,0.965483,0,2,0,200
EDCF-Shield,v2b,FALCON1024+HMAC-SHA512+AES256GCM+DKG4of7,COMPROMISED_CTRL,150,55.97,27,CUMULATIVE,54,1000,40572,12500,9,0.768699,0.236219,0.137845,0.074074,0.99108,99.98,22.76,96.55,0.749958,0.925693,1,3,0,0,76,1448,0.332971,1,0.4815,2,3,0,0,V2,1,0.034517,4910,2,0,2,0.965483,0,2,0,200
EDCF-Shield,v2b,FALCON1024+HMAC-SHA512+AES256GCM+DKG4of7,COMPROMISED_CTRL,150,55.97,28,CYCLE,56,0,1812,500,0,0.783737,0.050386,0,0,0,100,22.43,96.97,0.74996,0.92552,1,3,0,0,76,1448,0.328939,1,0.4821,2,3,0,0,V2,1,0.034348,4946.785714,2,0,2,0.965652,0,2,0,200
EDCF-Shield,v2b,FALCON1024+HMAC-SHA512+AES256GCM+DKG4of7,COMPROMISED_CTRL,150,55.97,28,CUMULATIVE,56,1000,42384,13000,9,0.769315,0.232088,0.133253,0.071429,0.99108,99.98,22.75,96.57,0.74996,0.92552,1,3,0,0,76,1448,0.328939,1,0.4821,2,3,0,0,V2,1,0.034348,4946.785714,2,0,2,0.965652,0,2,0,200
EDCF-Shield,v2b,FALCON1024+HMAC-SHA512+AES256GCM+DKG4of7,COMPROMISED_CTRL,150,55.97,29,CYCLE,58,0,1812,500,0,0.783737,0.048649,0,0,0,100,22.44,96.96,0.749962,0.925351,1,3,0,0,76,1448,0.325065,1,0.4828,2,3,0,0,V2,1,0.034197,4981.034483,2,0,2,0.965803,0,2,0,200
EDCF-Shield,v2b,FALCON1024+HMAC-SHA512+AES256GCM+DKG4of7,COMPROMISED_CTRL,150,55.97,29,CUMULATIVE,58,1000,44196,13500,9,0.769883,0.228165,0.128957,0.068966,0.99108,99.98,22.74,96.58,0.749962,0.925351,1,3,0,0,76,1448,0.325065,1,0.4828,2,3,0,0,V2,1,0.034197,4981.034483,2,0,2,0.965803,0,2,0,200
EDCF-Shield,v2b,FALCON1024+HMAC-SHA512+AES256GCM+DKG4of7,COMPROMISED_CTRL,150,55.97,30,CYCLE,60,0,1812,500,0,0.783737,0.047028,0,0,0,100,22.44,96.95,0.749963,0.925185,1,3,0,0,76,1448,0.321338,1,0.4833,2,3,0,0,V2,1,0.034061,5013,2,0,2,0.965939,0,2,0,200
EDCF-Shield,v2b,FALCON1024+HMAC-SHA512+AES256GCM+DKG4of7,COMPROMISED_CTRL,150,55.97,30,CUMULATIVE,60,1000,46008,14000,9,0.770408,0.224433,0.12493,0.066667,0.99108,99.98,22.72,96.59,0.749963,0.925185,1,3,0,0,76,1448,0.321338,1,0.4833,2,3,0,0,V2,1,0.034061,5013,2,0,2,0.965939,0,2,0,200
EDCF-Shield,v2b,FALCON1024+HMAC-SHA512+AES256GCM+DKG4of7,COMPROMISED_CTRL,150,55.97,31,CYCLE,62,0,1812,500,0,0.783737,0.045512,0,0,0,100,22.47,96.91,0.749965,0.924996,1,3,0,0,76,1448,0.317749,1,0.4839,2,3,0,0,V2,1,0.033949,5042.903226,2,0,2,0.966051,0,2,0,200
EDCF-Shield,v2b,FALCON1024+HMAC-SHA512+AES256GCM+DKG4of7,COMPROMISED_CTRL,150,55.97,31,CUMULATIVE,62,1000,47820,14500,9,0.770895,0.220878,0.121146,0.064516,0.99108,99.98,22.72,96.61,0.749965,0.924996,1,3,0,0,76,1448,0.317749,1,0.4839,2,3,0,0,V2,1,0.033949,5042.903226,2,0,2,0.966051,0,2,0,200
EDCF-Shield,v2b,FALCON1024+HMAC-SHA512+AES256GCM+DKG4of7,COMPROMISED_CTRL,150,55.97,32,CYCLE,64,0,1812,500,0,0.783737,0.04409,0,0,0,100,22.48,96.9,0.749966,0.924809,1,3,0,0,76,1448,0.31429,1,0.4844,2,3,0,0,V2,1,0.033849,5070.9375,2,0,2,0.966151,0,2,0,200
EDCF-Shield,v2b,FALCON1024+HMAC-SHA512+AES256GCM+DKG4of7,COMPROMISED_CTRL,150,55.97,32,CUMULATIVE,64,1000,49632,15000,9,0.771347,0.217485,0.117585,0.0625,0.99108,99.98,22.71,96.62,0.749966,0.924809,1,3,0,0,76,1448,0.31429,1,0.4844,2,3,0,0,V2,1,0.033849,5070.9375,2,0,2,0.966151,0,2,0,200
EDCF-Shield,v2b,FALCON1024+HMAC-SHA512+AES256GCM+DKG4of7,COMPROMISED_CTRL,150,55.97,33,CYCLE,66,0,1812,500,0,0.783737,0.042754,0,0,0,100,22.49,96.88,0.749967,0.924622,1,3,0,0,76,1448,0.310952,1,0.4848,2,3,0,0,V2,1,0.033762,5097.272727,2,0,2,0.966238,0,2,0,200
EDCF-Shield,v2b,FALCON1024+HMAC-SHA512+AES256GCM+DKG4of7,COMPROMISED_CTRL,150,55.97,33,CUMULATIVE,66,1000,51444,15500,9,0.771769,0.214243,0.114227,0.060606,0.99108,99.98,22.7,96.62,0.749967,0.924622,1,3,0,0,76,1448,0.310952,1,0.4848,2,3,0,0,V2,1,0.033762,5097.272727,2,0,2,0.966238,0,2,0,200
EDCF-Shield,v2b,FALCON1024+HMAC-SHA512+AES256GCM+DKG4of7,COMPROMISED_CTRL,150,55.97,34,CYCLE,68,0,1812,500,0,0.783737,0.041498,0,0,0,100,22.52,96.85,0.749968,0.924417,1,3,0,0,76,1448,0.307728,1,0.4853,2,3,0,0,V2,1,0.033692,5122.058824,2,0,2,0.966308,0,2,0,200
EDCF-Shield,v2b,FALCON1024+HMAC-SHA512+AES256GCM+DKG4of7,COMPROMISED_CTRL,150,55.97,34,CUMULATIVE,68,1000,53256,16000,9,0.772163,0.211141,0.111056,0.058824,0.99108,99.98,22.7,96.63,0.749968,0.924417,1,3,0,0,76,1448,0.307728,1,0.4853,2,3,0,0,V2,1,0.033692,5122.058824,2,0,2,0.966308,0,2,0,200
EDCF-Shield,v2b,FALCON1024+HMAC-SHA512+AES256GCM+DKG4of7,COMPROMISED_CTRL,150,55.97,35,CYCLE,70,0,1812,500,0,0.783737,0.040313,0,0,0,100,22.56,96.8,0.749969,0.924187,1,3,0,0,76,1448,0.304612,1,0.4857,2,3,0,0,V2,1,0.033642,5145.428571,2,0,2,0.966358,0,2,0,200
EDCF-Shield,v2b,FALCON1024+HMAC-SHA512+AES256GCM+DKG4of7,COMPROMISED_CTRL,150,55.97,35,CUMULATIVE,70,1000,55068,16500,9,0.772531,0.20817,0.108056,0.057143,0.99108,99.98,22.69,96.64,0.749969,0.924187,1,3,0,0,76,1448,0.304612,1,0.4857,2,3,0,0,V2,1,0.033642,5145.428571,2,0,2,0.966358,0,2,0,200
EDCF-Shield,v2b,FALCON1024+HMAC-SHA512+AES256GCM+DKG4of7,COMPROMISED_CTRL,150,55.97,36,CYCLE,72,0,1812,500,0,0.783737,0.039193,0,0,0,100,22.57,96.78,0.74997,0.923961,1,3,0,0,76,1448,0.301598,1,0.4861,2,3,0,0,V2,1,0.033599,5167.5,2,0,2,0.966401,0,2,0,200
EDCF-Shield,v2b,FALCON1024+HMAC-SHA512+AES256GCM+DKG4of7,COMPROMISED_CTRL,150,55.97,36,CUMULATIVE,72,1000,56880,17000,9,0.772877,0.20532,0.105213,0.055556,0.99108,99.98,22.69,96.64,0.74997,0.923961,1,3,0,0,76,1448,0.301598,1,0.4861,2,3,0,0,V2,1,0.033599,5167.5,2,0,2,0.966401,0,2,0,200
EDCF-Shield,v2b,FALCON1024+HMAC-SHA512+AES256GCM+DKG4of7,COMPROMISED_CTRL,150,55.97,37,CYCLE,74,0,1812,500,0,0.783737,0.038135,0,0,0,100,22.55,96.81,0.749971,0.923767,1,3,0,0,76,1448,0.298681,1,0.4865,2,3,0,0,V2,1,0.03355,5188.378378,2,0,2,0.96645,0,2,0,200
EDCF-Shield,v2b,FALCON1024+HMAC-SHA512+AES256GCM+DKG4of7,COMPROMISED_CTRL,150,55.97,37,CUMULATIVE,74,1000,58692,17500,9,0.773202,0.202583,0.102517,0.054054,0.99108,99.98,22.68,96.64,0.749971,0.923767,1,3,0,0,76,1448,0.298681,1,0.4865,2,3,0,0,V2,1,0.03355,5188.378378,2,0,2,0.96645,0,2,0,200
EDCF-Shield,v2b,FALCON1024+HMAC-SHA512+AES256GCM+DKG4of7,COMPROMISED_CTRL,150,55.97,38,CYCLE,76,0,1812,500,0,0.783737,0.037132,0,0,0,100,22.54,96.83,0.749972,0.923595,1,3,0,0,76,1448,0.295854,1,0.4868,2,3,0,0,V2,1,0.0335,5208.157895,2,0,2,0.9665,0,2,0,200
EDCF-Shield,v2b,FALCON1024+HMAC-SHA512+AES256GCM+DKG4of7,COMPROMISED_CTRL,150,55.97,38,CUMULATIVE,76,1000,60504,18000,9,0.773509,0.199953,0.099955,0.052632,0.99108,99.99,22.68,96.65,0.749972,0.923595,1,3,0,0,76,1448,0.295854,1,0.4868,2,3,0,0,V2,1,0.0335,5208.157895,2,0,2,0.9665,0,2,0,200
EDCF-Shield,v2b,FALCON1024+HMAC-SHA512+AES256GCM+DKG4of7,COMPROMISED_CTRL,150,55.97,39,CYCLE,78,0,1812,500,0,0.783737,0.03618,0,0,0,100,22.56,96.8,0.749973,0.92341,1,3,0,0,76,1448,0.293114,1,0.4872,2,3,0,0,V2,1,0.033461,5226.923077,2,0,2,0.966539,0,2,0,200
EDCF-Shield,v2b,FALCON1024+HMAC-SHA512+AES256GCM+DKG4of7,COMPROMISED_CTRL,150,55.97,39,CUMULATIVE,78,1000,62316,18500,9,0.773798,0.197422,0.097518,0.051282,0.99108,99.99,22.68,96.65,0.749973,0.92341,1,3,0,0,76,1448,0.293114,1,0.4872,2,3,0,0,V2,1,0.033461,5226.923077,2,0,2,0.966539,0,2,0,200
EDCF-Shield,v2b,FALCON1024+HMAC-SHA512+AES256GCM+DKG4of7,COMPROMISED_CTRL,150,55.97,40,CYCLE,80,0,1812,500,0,0.783737,0.035276,0,0,0,100,22.59,96.77,0.749974,0.923216,1,3,0,0,76,1448,0.290456,1,0.4875,2,3,0,0,V2,1,0.033432,5244.75,2,0,2,0.966568,0,2,0,200
EDCF-Shield,v2b,FALCON1024+HMAC-SHA512+AES256GCM+DKG4of7,COMPROMISED_CTRL,150,55.97,40,CUMULATIVE,80,1000,64128,19000,9,0.774071,0.194984,0.095197,0.05,0.99108,99.99,22.67,96.66,0.749974,0.923216,1,3,0,0,76,1448,0.290456,1,0.4875,2,3,0,0,V2,1,0.033432,5244.75,2,0,2,0.966568,0,2,0,200
EDCF-Shield,v2b,FALCON1024+HMAC-SHA512+AES256GCM+DKG4of7,COMPROMISED_CTRL,150,55.97,41,CYCLE,82,0,1812,500,0,0.783737,0.034416,0,0,0,100,22.63,96.72,0.749974,0.922999,1,3,0,0,76,1448,0.287876,1,0.4878,2,3,0,0,V2,1,0.033417,5261.707317,2,0,2,0.966583,0,2,0,200
EDCF-Shield,v2b,FALCON1024+HMAC-SHA512+AES256GCM+DKG4of7,COMPROMISED_CTRL,150,55.97,41,CUMULATIVE,82,1000,65940,19500,9,0.774329,0.192635,0.092984,0.04878,0.99108,99.99,22.67,96.66,0.749974,0.922999,1,3,0,0,76,1448,0.287876,1,0.4878,2,3,0,0,V2,1,0.033417,5261.707317,2,0,2,0.966583,0,2,0,200
EDCF-Shield,v2b,FALCON1024+HMAC-SHA512+AES256GCM+DKG4of7,COMPROMISED_CTRL,150,55.97,42,CYCLE,84,0,1812,500,0,0.783737,0.033597,0,0,0,100,22.66,96.68,0.749975,0.92277,1,3,0,0,76,1448,0.28537,1,0.4881,2,3,0,0,V2,1,0.033412,5277.857143,2,0,2,0.966588,0,2,0,200
EDCF-Shield,v2b,FALCON1024+HMAC-SHA512+AES256GCM+DKG4of7,COMPROMISED_CTRL,150,55.97,42,CUMULATIVE,84,1000,67752,20000,9,0.774574,0.190368,0.090872,0.047619,0.99108,99.99,22.67,96.66,0.749975,0.92277,1,3,0,0,76,1448,0.28537,1,0.4881,2,3,0,0,V2,1,0.033412,5277.857143,2,0,2,0.966588,0,2,0,200
EDCF-Shield,v2b,FALCON1024+HMAC-SHA512+AES256GCM+DKG4of7,COMPROMISED_CTRL,150,55.97,43,CYCLE,86,0,1812,500,0,0.783737,0.032816,0,0,0,100,22.59,96.77,0.749976,0.922606,1,3,0,0,76,1448,0.282934,1,0.4884,2,3,0,0,V2,1,0.033386,5293.255814,2,0,2,0.966614,0,2,0,200
EDCF-Shield,v2b,FALCON1024+HMAC-SHA512+AES256GCM+DKG4of7,COMPROMISED_CTRL,150,55.97,43,CUMULATIVE,86,1000,69564,20500,9,0.774807,0.188179,0.088853,0.046512,0.99108,99.99,22.67,96.66,0.749976,0.922606,1,3,0,0,76,1448,0.282934,1,0.4884,2,3,0,0,V2,1,0.033386,5293.255814,2,0,2,0.966614,0,2,0,200
EDCF-Shield,v2b,FALCON1024+HMAC-SHA512+AES256GCM+DKG4of7,COMPROMISED_CTRL,150,55.97,44,CYCLE,88,0,1812,500,0,0.783737,0.032071,0,0,0,100,22.59,96.76,0.749976,0.922443,1,3,0,0,76,1448,0.280565,1,0.4886,2,3,0,0,V2,1,0.033363,5307.954545,2,0,2,0.966637,0,2,0,200
EDCF-Shield,v2b,FALCON1024+HMAC-SHA512+AES256GCM+DKG4of7,COMPROMISED_CTRL,150,55.97,44,CUMULATIVE,88,1000,71376,21000,9,0.775028,0.186063,0.086923,0.045455,0.99108,99.99,22.67,96.66,0.749976,0.922443,1,3,0,0,76,1448,0.280565,1,0.4886,2,3,0,0,V2,1,0.033363,5307.954545,2,0,2,0.966637,0,2,0,200
EDCF-Shield,v2b,FALCON1024+HMAC-SHA512+AES256GCM+DKG4of7,COMPROMISED_CTRL,150,55.97,45,CYCLE,90,0,1812,500,0,0.783737,0.031359,0,0,0,100,22.64,96.7,0.749977,0.922252,1,3,0,0,76,1448,0.27826,1,0.4889,2,3,0,0,V2,1,0.033356,5322,2,0,2,0.966644,0,2,0,200
EDCF-Shield,v2b,FALCON1024+HMAC-SHA512+AES256GCM+DKG4of7,COMPROMISED_CTRL,150,55.97,45,CUMULATIVE,90,1000,73188,21500,9,0.775239,0.184018,0.085074,0.044444,0.99108,99.99,22.67,96.66,0.749977,0.922252,1,3,0,0,76,1448,0.27826,1,0.4889,2,3,0,0,V2,1,0.033356,5322,2,0,2,0.966644,0,2,0,200
EDCF-Shield,v2b,FALCON1024+HMAC-SHA512+AES256GCM+DKG4of7,COMPROMISED_CTRL,150,55.97,46,CYCLE,92,0,1812,500,0,0.783737,0.030677,0,0,0,100,22.65,96.69,0.749978,0.922065,1,3,0,0,76,1448,0.276016,1,0.4891,2,3,0,0,V2,1,0.033351,5335.434783,2,0,2,0.966649,0,2,0,200
EDCF-Shield,v2b,FALCON1024+HMAC-SHA512+AES256GCM+DKG4of7,COMPROMISED_CTRL,150,55.97,46,CUMULATIVE,92,1000,75000,22000,9,0.775439,0.182038,0.083302,0.043478,0.99108,99.99,22.67,96.66,0.749978,0.922065,1,3,0,0,76,1448,0.276016,1,0.4891,2,3,0,0,V2,1,0.033351,5335.434783,2,0,2,0.966649,0,2,0,200
EDCF-Shield,v2b,FALCON1024+HMAC-SHA512+AES256GCM+DKG4of7,COMPROMISED_CTRL,150,55.97,47,CYCLE,94,0,1812,500,0,0.783737,0.030025,0,0,0,100,22.63,96.72,0.749978,0.921902,1,3,0,0,76,1448,0.27383,1,0.4894,2,3,0,0,V2,1,0.033339,5348.297872,2,0,2,0.966661,0,2,0,200
EDCF-Shield,v2b,FALCON1024+HMAC-SHA512+AES256GCM+DKG4of7,COMPROMISED_CTRL,150,55.97,47,CUMULATIVE,94,1000,76812,22500,9,0.77563,0.18012,0.081603,0.042553,0.99108,99.99,22.67,96.67,0.749978,0.921902,1,3,0,0,76,1448,0.27383,1,0.4894,2,3,0,0,V2,1,0.033339,5348.297872,2,0,2,0.966661,0,2,0,200
EDCF-Shield,v2b,FALCON1024+HMAC-SHA512+AES256GCM+DKG4of7,COMPROMISED_CTRL,150,55.97,48,CYCLE,96,0,1812,500,0,0.783737,0.0294,0,0,0,100,22.59,96.76,0.749979,0.921772,1,3,0,0,76,1448,0.271701,1,0.4896,2,3,0,0,V2,1,0.033318,5360.625,2,0,2,0.966682,0,2,0,200
EDCF-Shield,v2b,FALCON1024+HMAC-SHA512+AES256GCM+DKG4of7,COMPROMISED_CTRL,150,55.97,48,CUMULATIVE,96,1000,78624,23000,9,0.775813,0.178262,0.079971,0.041667,0.99108,99.99,22.67,96.67,0.749979,0.921772,1,3,0,0,76,1448,0.271701,1,0.4896,2,3,0,0,V2,1,0.033318,5360.625,2,0,2,0.966682,0,2,0,200
EDCF-Shield,v2b,FALCON1024+HMAC-SHA512+AES256GCM+DKG4of7,COMPROMISED_CTRL,150,55.97,49,CYCLE,98,0,1812,500,0,0.783737,0.0288,0,0,0,100,22.58,96.78,0.749979,0.921656,1,3,0,0,76,1448,0.269624,1,0.4898,2,3,0,0,V2,1,0.033295,5372.44898,2,0,2,0.966705,0,2,0,200
EDCF-Shield,v2b,FALCON1024+HMAC-SHA512+AES256GCM+DKG4of7,COMPROMISED_CTRL,150,55.97,49,CUMULATIVE,98,1000,80436,23500,9,0.775987,0.17646,0.078404,0.040816,0.99108,99.99,22.66,96.67,0.749979,0.921656,1,3,0,0,76,1448,0.269624,1,0.4898,2,3,0,0,V2,1,0.033295,5372.44898,2,0,2,0.966705,0,2,0,200
EDCF-Shield,v2b,FALCON1024+HMAC-SHA512+AES256GCM+DKG4of7,COMPROMISED_CTRL,150,55.97,50,CYCLE,100,0,1812,500,0,0.783737,0.028225,0,0,0,100,22.59,96.77,0.749979,0.921537,1,3,0,0,76,1448,0.267599,1,0.49,2,3,0,0,V2,1,0.033275,5383.8,2,0,2,0.966725,0,2,0,200
EDCF-Shield,v2b,FALCON1024+HMAC-SHA512+AES256GCM+DKG4of7,COMPROMISED_CTRL,150,55.97,50,CUMULATIVE,100,1000,82248,24000,9,0.776154,0.174711,0.076896,0.04,0.99108,99.99,22.66,96.67,0.749979,0.921537,1,3,0,0,76,1448,0.267599,1,0.49,2,3,0,0,V2,1,0.033275,5383.8,2,0,2,0.966725,0,2,0,200
EDCF-Shield,v2b,FALCON1024+HMAC-SHA512+AES256GCM+DKG4of7,COMPROMISED_CTRL,150,55.97,51,CYCLE,102,0,1812,500,0,0.783737,0.027672,0,0,0,100,22.6,96.76,0.74998,0.921417,1,3,0,0,76,1448,0.265623,1,0.4902,2,3,0,0,V2,1,0.033258,5394.705882,2,0,2,0.966742,0,2,0,200
EDCF-Shield,v2b,FALCON1024+HMAC-SHA512+AES256GCM+DKG4of7,COMPROMISED_CTRL,150,55.97,51,CUMULATIVE,102,1000,84060,24500,9,0.776314,0.173014,0.075446,0.039216,0.99108,99.99,22.66,96.67,0.74998,0.921417,1,3,0,0,76,1448,0.265623,1,0.4902,2,3,0,0,V2,1,0.033258,5394.705882,2,0,2,0.966742,0,2,0,200
EDCF-Shield,v2b,FALCON1024+HMAC-SHA512+AES256GCM+DKG4of7,COMPROMISED_CTRL,150,55.97,52,CYCLE,104,0,1812,500,0,0.783737,0.02714,0,0,0,100,22.63,96.71,0.74998,0.921278,1,3,0,0,76,1448,0.263693,1,0.4904,2,3,0,0,V2,1,0.033251,5405.192308,2,0,2,0.966749,0,2,0,200
EDCF-Shield,v2b,FALCON1024+HMAC-SHA512+AES256GCM+DKG4of7,COMPROMISED_CTRL,150,55.97,52,CUMULATIVE,104,1000,85872,25000,9,0.776468,0.171364,0.074049,0.038462,0.99108,99.99,22.66,96.67,0.74998,0.921278,1,3,0,0,76,1448,0.263693,1,0.4904,2,3,0,0,V2,1,0.033251,5405.192308,2,0,2,0.966749,0,2,0,200
EDCF-Shield,v2b,FALCON1024+HMAC-SHA512+AES256GCM+DKG4of7,COMPROMISED_CTRL,150,55.97,53,CYCLE,106,0,1812,500,0,0.783737,0.026628,0,0,0,100,22.65,96.69,0.749981,0.921137,1,3,0,0,76,1448,0.261809,1,0.4906,2,3,0,0,V2,1,0.033248,5415.283019,2,0,2,0.966752,0,2,0,200
EDCF-Shield,v2b,FALCON1024+HMAC-SHA512+AES256GCM+DKG4of7,COMPROMISED_CTRL,150,55.97,53,CUMULATIVE,106,1000,87684,25500,9,0.776615,0.169761,0.072703,0.037736,0.99108,99.99,22.66,96.68,0.749981,0.921137,1,3,0,0,76,1448,0.261809,1,0.4906,2,3,0,0,V2,1,0.033248,5415.283019,2,0,2,0.966752,0,2,0,200
EDCF-Shield,v2b,FALCON1024+HMAC-SHA512+AES256GCM+DKG4of7,COMPROMISED_CTRL,150,55.97,54,CYCLE,108,0,1812,500,0,0.783737,0.026136,0,0,0,100,22.63,96.72,0.749981,0.921012,1,3,0,0,76,1448,0.259968,1,0.4907,2,3,0,0,V2,1,0.03324,5425,2,0,2,0.96676,0,2,0,200
EDCF-Shield,v2b,FALCON1024+HMAC-SHA512+AES256GCM+DKG4of7,COMPROMISED_CTRL,150,55.97,54,CUMULATIVE,108,1000,89496,26000,9,0.776756,0.168202,0.071406,0.037037,0.99108,99.99,22.66,96.68,0.749981,0.921012,1,3,0,0,76,1448,0.259968,1,0.4907,2,3,0,0,V2,1,0.03324,5425,2,0,2,0.96676,0,2,0,200
EDCF-Shield,v2b,FALCON1024+HMAC-SHA512+AES256GCM+DKG4of7,COMPROMISED_CTRL,150,55.97,55,CYCLE,110,0,1812,500,0,0.783737,0.025661,0,0,0,100,22.64,96.69,0.749982,0.920881,1,3,0,0,76,1448,0.258169,1,0.4909,2,3,0,0,V2,1,0.033237,5434.363636,2,0,2,0.966763,0,2,0,200
EDCF-Shield,v2b,FALCON1024+HMAC-SHA512+AES256GCM+DKG4of7,COMPROMISED_CTRL,150,55.97,55,CUMULATIVE,110,1000,91308,26500,9,0.776892,0.166685,0.070153,0.036364,0.99108,99.99,22.66,96.68,0.749982,0.920881,1,3,0,0,76,1448,0.258169,1,0.4909,2,3,0,0,V2,1,0.033237,5434.363636,2,0,2,0.966763,0,2,0,200
EDCF-Shield,v2b,FALCON1024+HMAC-SHA512+AES256GCM+DKG4of7,COMPROMISED_CTRL,150,55.97,56,CYCLE,112,0,1812,500,0,0.783737,0.025203,0,0,0,100,22.65,96.69,0.749982,0.920754,1,3,0,0,76,1448,0.256409,1,0.4911,2,3,0,0,V2,1,0.033234,5443.392857,2,0,2,0.966766,0,2,0,200
EDCF-Shield,v2b,FALCON1024+HMAC-SHA512+AES256GCM+DKG4of7,COMPROMISED_CTRL,150,55.97,56,CUMULATIVE,112,1000,93120,27000,9,0.777023,0.165209,0.068944,0.035714,0.99108,99.99,22.66,96.68,0.749982,0.920754,1,3,0,0,76,1448,0.256409,1,0.4911,2,3,0,0,V2,1,0.033234,5443.392857,2,0,2,0.966766,0,2,0,200
EDCF-Shield,v2b,FALCON1024+HMAC-SHA512+AES256GCM+DKG4of7,COMPROMISED_CTRL,150,55.97,57,CYCLE,114,0,1812,500,0,0.783737,0.024761,0,0,0,100,22.68,96.66,0.749982,0.920615,1,3,0,0,76,1448,0.254689,1,0.4912,2,3,0,0,V2,1,0.033238,5452.105263,2,0,2,0.966762,0,2,0,200
EDCF-Shield,v2b,FALCON1024+HMAC-SHA512+AES256GCM+DKG4of7,COMPROMISED_CTRL,150,55.97,57,CUMULATIVE,114,1000,94932,27500,9,0.777149,0.163771,0.067776,0.035088,0.99108,99.99,22.66,96.68,0.749982,0.920615,1,3,0,0,76,1448,0.254689,1,0.4912,2,3,0,0,V2,1,0.033238,5452.105263,2,0,2,0.966762,0,2,0,200
EDCF-Shield,v2b,FALCON1024+HMAC-SHA512+AES256GCM+DKG4of7,COMPROMISED_CTRL,150,55.97,58,CYCLE,116,0,1812,500,0,0.783737,0.024335,0,0,0,100,22.67,96.66,0.749983,0.920482,1,3,0,0,76,1448,0.253005,1,0.4914,2,3,0,0,V2,1,0.033241,5460.517241,2,0,2,0.966759,0,2,0,200
EDCF-Shield,v2b,FALCON1024+HMAC-SHA512+AES256GCM+DKG4of7,COMPROMISED_CTRL,150,55.97,58,CUMULATIVE,116,1000,96744,28000,9,0.77727,0.16237,0.066647,0.034483,0.99108,99.99,22.66,96.68,0.749983,0.920482,1,3,0,0,76,1448,0.253005,1,0.4914,2,3,0,0,V2,1,0.033241,5460.517241,2,0,2,0.966759,0,2,0,200
EDCF-Shield,v2b,FALCON1024+HMAC-SHA512+AES256GCM+DKG4of7,COMPROMISED_CTRL,150,55.97,59,CYCLE,118,0,1812,500,0,0.783737,0.023922,0,0,0,100,22.68,96.64,0.749983,0.920348,1,3,0,0,76,1448,0.251357,1,0.4915,2,3,0,0,V2,1,0.033246,5468.644068,2,0,2,0.966754,0,2,0,200
EDCF-Shield,v2b,FALCON1024+HMAC-SHA512+AES256GCM+DKG4of7,COMPROMISED_CTRL,150,55.97,59,CUMULATIVE,118,1000,98556,28500,9,0.777386,0.161004,0.065554,0.033898,0.99108,99.99,22.66,96.68,0.749983,0.920348,1,3,0,0,76,1448,0.251357,1,0.4915,2,3,0,0,V2,1,0.033246,5468.644068,2,0,2,0.966754,0,2,0,200
EDCF-Shield,v2b,FALCON1024+HMAC-SHA512+AES256GCM+DKG4of7,COMPROMISED_CTRL,150,55.97,60,CYCLE,120,0,1812,500,0,0.783737,0.023524,0,0,0,100,22.68,96.65,0.749983,0.92022,1,3,0,0,76,1448,0.249744,1,0.4917,2,3,0,0,V2,1,0.03325,5476.5,2,0,2,0.96675,0,2,0,200
EDCF-Shield,v2b,FALCON1024+HMAC-SHA512+AES256GCM+DKG4of7,COMPROMISED_CTRL,150,55.97,60,CUMULATIVE,120,1000,100368,29000,9,0.777499,0.159672,0.064497,0.033333,0.99108,99.99,22.66,96.67,0.749983,0.92022,1,3,0,0,76,1448,0.249744,1,0.4917,2,3,0,0,V2,1,0.03325,5476.5,2,0,2,0.96675,0,2,0,200
EDCF-Shield,v2b,FALCON1024+HMAC-SHA512+AES256GCM+DKG4of7,COMPROMISED_CTRL,150,55.97,61,CYCLE,122,0,1812,500,0,0.783737,0.023139,0,0,0,100,22.68,96.65,0.749983,0.920096,1,3,0,0,76,1448,0.248163,1,0.4918,2,3,0,0,V2,1,0.033255,5484.098361,2,0,2,0.966745,0,2,0,200
EDCF-Shield,v2b,FALCON1024+HMAC-SHA512+AES256GCM+DKG4of7,COMPROMISED_CTRL,150,55.97,61,CUMULATIVE,122,1000,102180,29500,9,0.777608,0.158372,0.063474,0.032787,0.99108,99.99,22.66,96.67,0.749983,0.920096,1,3,0,0,76,1448,0.248163,1,0.4918,2,3,0,0,V2,1,0.033255,5484.098361,2,0,2,0.966745,0,2,0,200
EDCF-Shield,v2b,FALCON1024+HMAC-SHA512+AES256GCM+DKG4of7,COMPROMISED_CTRL,150,55.97,62,CYCLE,124,0,1812,500,0,0.783737,0.022766,0,0,0,100,22.69,96.64,0.749984,0.919971,1,3,0,0,76,1448,0.246615,1,0.4919,2,3,0,0,V2,1,0.033261,5491.451613,2,0,2,0.966739,0,2,0,200
EDCF-Shield,v2b,FALCON1024+HMAC-SHA512+AES256GCM+DKG4of7,COMPROMISED_CTRL,150,55.97,62,CUMULATIVE,124,1000,103992,30000,9,0.777713,0.157104,0.062482,0.032258,0.99108,99.99,22.66,96.67,0.749984,0.919971,1,3,0,0,76,1448,0.246615,1,0.4919,2,3,0,0,V2,1,0.033261,5491.451613,2,0,2,0.966739,0,2,0,200
EDCF-Shield,v2b,FALCON1024+HMAC-SHA512+AES256GCM+DKG4of7,COMPROMISED_CTRL,150,55.97,63,CYCLE,126,0,1812,500,0,0.783737,0.022405,0,0,0,100,22.72,96.6,0.749984,0.919835,1,3,0,0,76,1448,0.245098,1,0.4921,2,3,0,0,V2,1,0.033273,5498.571429,2,0,2,0.966727,0,2,0,200
EDCF-Shield,v2b,FALCON1024+HMAC-SHA512+AES256GCM+DKG4of7,COMPROMISED_CTRL,150,55.97,63,CUMULATIVE,126,1000,105804,30500,9,0.777814,0.155865,0.061521,0.031746,0.99108,99.99,22.66,96.67,0.749984,0.919835,1,3,0,0,76,1448,0.245098,1,0.4921,2,3,0,0,V2,1,0.033273,5498.571429,2,0,2,0.966727,0,2,0,200
EDCF-Shield,v2b,FALCON1024+HMAC-SHA512+AES256GCM+DKG4of7,COMPROMISED_CTRL,150,55.97,64,CYCLE,128,0,1812,500,0,0.783737,0.022055,0,0,0,100,22.75,96.57,0.749984,0.91969,1,3,0,0,76,1448,0.243611,1,0.4922,2,3,0,0,V2,1,0.033289,5505.46875,2,0,2,0.966711,0,2,0,200
EDCF-Shield,v2b,FALCON1024+HMAC-SHA512+AES256GCM+DKG4of7,COMPROMISED_CTRL,150,55.97,64,CUMULATIVE,128,1000,107616,31000,9,0.777912,0.154656,0.06059,0.03125,0.99108,99.99,22.66,96.67,0.749984,0.91969,1,3,0,0,76,1448,0.243611,1,0.4922,2,3,0,0,V2,1,0.033289,5505.46875,2,0,2,0.966711,0,2,0,200
EDCF-Shield,v2b,FALCON1024+HMAC-SHA512+AES256GCM+DKG4of7,COMPROMISED_CTRL,150,55.97,65,CYCLE,130,0,1812,500,0,0.783737,0.021716,0,0,0,100,22.75,96.56,0.749985,0.919549,1,3,0,0,76,1448,0.242153,1,0.4923,2,3,0,0,V2,1,0.033305,5512.153846,2,0,2,0.966695,0,2,0,200
EDCF-Shield,v2b,FALCON1024+HMAC-SHA512+AES256GCM+DKG4of7,COMPROMISED_CTRL,150,55.97,65,CUMULATIVE,130,1000,109428,31500,9,0.778007,0.153474,0.059685,0.030769,0.99108,99.99,22.66,96.67,0.749985,0.919549,1,3,0,0,76,1448,0.242153,1,0.4923,2,3,0,0,V2,1,0.033305,5512.153846,2,0,2,0.966695,0,2,0,200
EDCF-Shield,v2b,FALCON1024+HMAC-SHA512+AES256GCM+DKG4of7,COMPROMISED_CTRL,150,55.97,66,CYCLE,132,0,1812,500,0,0.783737,0.021387,0,0,0,100,22.76,96.55,0.749985,0.919407,1,3,0,0,76,1448,0.240722,1,0.4924,2,3,0,0,V2,1,0.033322,5518.636364,2,0,2,0.966678,0,2,0,200
EDCF-Shield,v2b,FALCON1024+HMAC-SHA512+AES256GCM+DKG4of7,COMPROMISED_CTRL,150,55.97,66,CUMULATIVE,132,1000,111240,32000,9,0.778099,0.152318,0.058808,0.030303,0.99108,99.99,22.67,96.67,0.749985,0.919407,1,3,0,0,76,1448,0.240722,1,0.4924,2,3,0,0,V2,1,0.033322,5518.636364,2,0,2,0.966678,0,2,0,200
EDCF-Shield,v2b,FALCON1024+HMAC-SHA512+AES256GCM+DKG4of7,COMPROMISED_CTRL,150,55.97,67,CYCLE,134,0,1812,500,0,0.783737,0.021068,0,0,0,100,22.77,96.54,0.749985,0.919265,1,3,0,0,76,1448,0.239319,1,0.4925,2,3,0,0,V2,1,0.03334,5524.925373,2,0,2,0.96666,0,2,0,200
EDCF-Shield,v2b,FALCON1024+HMAC-SHA512+AES256GCM+DKG4of7,COMPROMISED_CTRL,150,55.97,67,CUMULATIVE,134,1000,113052,32500,9,0.778188,0.151189,0.057956,0.029851,0.99108,99.99,22.67,96.67,0.749985,0.919265,1,3,0,0,76,1448,0.239319,1,0.4925,2,3,0,0,V2,1,0.03334,5524.925373,2,0,2,0.96666,0,2,0,200
EDCF-Shield,v2b,FALCON1024+HMAC-SHA512+AES256GCM+DKG4of7,COMPROMISED_CTRL,150,55.97,68,CYCLE,136,0,1812,500,0,0.783737,0.020759,0,0,0,100,22.73,96.59,0.749985,0.919147,1,3,0,0,76,1448,0.237942,1,0.4926,2,3,0,0,V2,1,0.033351,5531.029412,2,0,2,0.966649,0,2,0,200
EDCF-Shield,v2b,FALCON1024+HMAC-SHA512+AES256GCM+DKG4of7,COMPROMISED_CTRL,150,55.97,68,CUMULATIVE,136,1000,114864,33000,9,0.778274,0.150084,0.057128,0.029412,0.99108,99.99,22.67,96.66,0.749985,0.919147,1,3,0,0,76,1448,0.237942,1,0.4926,2,3,0,0,V2,1,0.033351,5531.029412,2,0,2,0.966649,0,2,0,200
EDCF-Shield,v2b,FALCON1024+HMAC-SHA512+AES256GCM+DKG4of7,COMPROMISED_CTRL,150,55.97,69,CYCLE,138,0,1812,500,0,0.783737,0.020458,0,0,0,100,22.74,96.57,0.749986,0.919023,1,3,0,0,76,1448,0.23659,1,0.4928,2,3,0,0,V2,1,0.033364,5536.956522,2,0,2,0.966636,0,2,0,200
EDCF-Shield,v2b,FALCON1024+HMAC-SHA512+AES256GCM+DKG4of7,COMPROMISED_CTRL,150,55.97,69,CUMULATIVE,138,1000,116676,33500,9,0.778358,0.149003,0.056324,0.028986,0.99108,99.99,22.67,96.66,0.749986,0.919023,1,3,0,0,76,1448,0.23659,1,0.4928,2,3,0,0,V2,1,0.033364,5536.956522,2,0,2,0.966636,0,2,0,200
EDCF-Shield,v2b,FALCON1024+HMAC-SHA512+AES256GCM+DKG4of7,COMPROMISED_CTRL,150,55.97,70,CYCLE,140,0,1812,500,0,0.783737,0.020166,0,0,0,100,22.76,96.55,0.749986,0.918895,1,3,0,0,76,1448,0.235263,1,0.4929,2,3,0,0,V2,1,0.03338,5542.714286,2,0,2,0.96662,0,2,0,200
EDCF-Shield,v2b,FALCON1024+HMAC-SHA512+AES256GCM+DKG4of7,COMPROMISED_CTRL,150,55.97,70,CUMULATIVE,140,1000,118488,34000,9,0.778439,0.147945,0.055542,0.028571,0.99108,99.99,22.67,96.66,0.749986,0.918895,1,3,0,0,76,1448,0.235263,1,0.4929,2,3,0,0,V2,1,0.03338,5542.714286,2,0,2,0.96662,0,2,0,200
EDCF-Shield,v2b,FALCON1024+HMAC-SHA512+AES256GCM+DKG4of7,COMPROMISED_CTRL,150,55.97,71,CYCLE,142,0,1812,500,0,0.783737,0.019883,0,0,0,100,22.78,96.52,0.749986,0.918762,1,3,0,0,76,1448,0.23396,1,0.493,2,3,0,0,V2,1,0.033399,5548.309859,2,0,2,0.966601,0,2,0,200
EDCF-Shield,v2b,FALCON1024+HMAC-SHA512+AES256GCM+DKG4of7,COMPROMISED_CTRL,150,55.97,71,CUMULATIVE,142,1000,120300,34500,9,0.778517,0.146909,0.054781,0.028169,0.99108,99.99,22.67,96.66,0.749986,0.918762,1,3,0,0,76,1448,0.23396,1,0.493,2,3,0,0,V2,1,0.033399,5548.309859,2,0,2,0.966601,0,2,0,200
EDCF-Shield,v2b,FALCON1024+HMAC-SHA512+AES256GCM+DKG4of7,COMPROMISED_CTRL,150,55.97,72,CYCLE,144,0,1812,500,0,0.783737,0.019607,0,0,0,100,22.77,96.54,0.749986,0.918637,1,3,0,0,76,1448,0.23268,1,0.4931,2,3,0,0,V2,1,0.033416,5553.75,2,0,2,0.966584,0,2,0,200
EDCF-Shield,v2b,FALCON1024+HMAC-SHA512+AES256GCM+DKG4of7,COMPROMISED_CTRL,150,55.97,72,CUMULATIVE,144,1000,122112,35000,9,0.778594,0.145895,0.054041,0.027778,0.99108,99.99,22.67,96.66,0.749986,0.918637,1,3,0,0,76,1448,0.23268,1,0.4931,2,3,0,0,V2,1,0.033416,5553.75,2,0,2,0.966584,0,2,0,200
EDCF-Shield,v2b,FALCON1024+HMAC-SHA512+AES256GCM+DKG4of7,COMPROMISED_CTRL,150,55.97,73,CYCLE,146,0,1812,500,0,0.783737,0.019338,0,0,0,100,22.79,96.51,0.749986,0.918508,1,3,0,0,76,1448,0.231422,1,0.4932,2,3,0,0,V2,1,0.033435,5559.041096,2,0,2,0.966565,0,2,0,200
EDCF-Shield,v2b,FALCON1024+HMAC-SHA512+AES256GCM+DKG4of7,COMPROMISED_CTRL,150,55.97,73,CUMULATIVE,146,1000,123924,35500,9,0.778668,0.144901,0.053321,0.027397,0.99108,99.99,22.67,96.66,0.749986,0.918508,1,3,0,0,76,1448,0.231422,1,0.4932,2,3,0,0,V2,1,0.033435,5559.041096,2,0,2,0.966565,0,2,0,200
EDCF-Shield,v2b,FALCON1024+HMAC-SHA512+AES256GCM+DKG4of7,COMPROMISED_CTRL,150,55.97,74,CYCLE,148,0,1812,500,0,0.783737,0.019077,0,0,0,100,22.78,96.53,0.749987,0.918387,1,3,0,0,76,1448,0.230186,1,0.4932,2,3,0,0,V2,1,0.033451,5564.189189,2,0,2,0.966549,0,2,0,200
EDCF-Shield,v2b,FALCON1024+HMAC-SHA512+AES256GCM+DKG4of7,COMPROMISED_CTRL,150,55.97,74,CUMULATIVE,148,1000,125736,36000,9,0.77874,0.143928,0.052619,0.027027,0.99108,99.99,22.68,96.65,0.749987,0.918387,1,3,0,0,76,1448,0.230186,1,0.4932,2,3,0,0,V2,1,0.033451,5564.189189,2,0,2,0.966549,0,2,0,200
EDCF-Shield,v2b,FALCON1024+HMAC-SHA512+AES256GCM+DKG4of7,COMPROMISED_CTRL,150,55.97,75,CYCLE,150,0,1812,500,0,0.783737,0.018823,0,0,0,100,22.76,96.55,0.749987,0.918275,1,3,0,0,76,1448,0.228971,1,0.4933,2,3,0,0,V2,1,0.033466,5569.2,2,0,2,0.966534,0,2,0,200
EDCF-Shield,v2b,FALCON1024+HMAC-SHA512+AES256GCM+DKG4of7,COMPROMISED_CTRL,150,55.97,75,CUMULATIVE,150,1000,127548,36500,9,0.77881,0.142973,0.051936,0.026667,0.99108,99.99,22.68,96.65,0.749987,0.918275,1,3,0,0,76,1448,0.228971,1,0.4933,2,3,0,0,V2,1,0.033466,5569.2,2,0,2,0.966534,0,2,0,200
EDCF-Shield,v2b,FALCON1024+HMAC-SHA512+AES256GCM+DKG4of7,COMPROMISED_CTRL,150,55.97,76,CYCLE,152,0,1812,500,0,0.783737,0.018576,0,0,0,100,22.76,96.55,0.749987,0.918168,1,3,0,0,76,1448,0.227777,1,0.4934,2,3,0,0,V2,1,0.033478,5574.078947,2,0,2,0.966522,0,2,0,200
EDCF-Shield,v2b,FALCON1024+HMAC-SHA512+AES256GCM+DKG4of7,COMPROMISED_CTRL,150,55.97,76,CUMULATIVE,152,1000,129360,37000,9,0.778878,0.142038,0.05127,0.026316,0.99108,99.99,22.68,96.65,0.749987,0.918168,1,3,0,0,76,1448,0.227777,1,0.4934,2,3,0,0,V2,1,0.033478,5574.078947,2,0,2,0.966522,0,2,0,200
EDCF-Shield,v2b,FALCON1024+HMAC-SHA512+AES256GCM+DKG4of7,COMPROMISED_CTRL,150,55.97,77,CYCLE,154,0,1812,500,0,0.783737,0.018335,0,0,0,100,22.78,96.53,0.749987,0.918055,1,3,0,0,76,1448,0.226602,1,0.4935,2,3,0,0,V2,1,0.033494,5578.831169,2,0,2,0.966506,0,2,0,200
EDCF-Shield,v2b,FALCON1024+HMAC-SHA512+AES256GCM+DKG4of7,COMPROMISED_CTRL,150,55.97,77,CUMULATIVE,154,1000,131172,37500,9,0.778944,0.14112,0.050621,0.025974,0.99108,99.99,22.68,96.65,0.749987,0.918055,1,3,0,0,76,1448,0.226602,1,0.4935,2,3,0,0,V2,1,0.033494,5578.831169,2,0,2,0.966506,0,2,0,200
EDCF-Shield,v2b,FALCON1024+HMAC-SHA512+AES256GCM+DKG4of7,COMPROMISED_CTRL,150,55.97,78,CYCLE,156,0,1812,500,0,0.783737,0.0181,0,0,0,100,22.8,96.5,0.749987,0.917938,1,3,0,0,76,1448,0.225447,1,0.4936,2,3,0,0,V2,1,0.033512,5583.461538,2,0,2,0.966488,0,2,0,200
EDCF-Shield,v2b,FALCON1024+HMAC-SHA512+AES256GCM+DKG4of7,COMPROMISED_CTRL,150,55.97,78,CUMULATIVE,156,1000,132984,38000,9,0.779008,0.14022,0.049989,0.025641,0.99108,99.99,22.68,96.65,0.749987,0.917938,1,3,0,0,76,1448,0.225447,1,0.4936,2,3,0,0,V2,1,0.033512,5583.461538,2,0,2,0.966488,0,2,0,200
EDCF-Shield,v2b,FALCON1024+HMAC-SHA512+AES256GCM+DKG4of7,COMPROMISED_CTRL,150,55.97,79,CYCLE,158,0,1812,500,0,0.783737,0.017871,0,0,0,100,22.78,96.52,0.749987,0.917828,1,3,0,0,76,1448,0.224311,1,0.4937,2,3,0,0,V2,1,0.033528,5587.974684,2,0,2,0.966472,0,2,0,200
EDCF-Shield,v2b,FALCON1024+HMAC-SHA512+AES256GCM+DKG4of7,COMPROMISED_CTRL,150,55.97,79,CUMULATIVE,158,1000,134796,38500,9,0.779071,0.139337,0.049372,0.025316,0.99108,99.99,22.68,96.65,0.749987,0.917828,1,3,0,0,76,1448,0.224311,1,0.4937,2,3,0,0,V2,1,0.033528,5587.974684,2,0,2,0.966472,0,2,0,200
EDCF-Shield,v2b,FALCON1024+HMAC-SHA512+AES256GCM+DKG4of7,COMPROMISED_CTRL,150,55.97,80,CYCLE,160,0,1812,500,0,0.783737,0.017648,0,0,0,100,22.78,96.53,0.749988,0.917724,1,3,0,0,76,1448,0.223193,1,0.4938,2,3,0,0,V2,1,0.033542,5592.375,2,0,2,0.966458,0,2,0,200
EDCF-Shield,v2b,FALCON1024+HMAC-SHA512+AES256GCM+DKG4of7,COMPROMISED_CTRL,150,55.97,80,CUMULATIVE,160,1000,136608,39000,9,0.779132,0.138471,0.04877,0.025,0.99108,99.99,22.68,96.65,0.749988,0.917724,1,3,0,0,76,1448,0.223193,1,0.4938,2,3,0,0,V2,1,0.033542,5592.375,2,0,2,0.966458,0,2,0,200
EDCF-Shield,v2b,FALCON1024+HMAC-SHA512+AES256GCM+DKG4of7,COMPROMISED_CTRL,150,55.97,81,CYCLE,162,0,1812,500,0,0.783737,0.017431,0,0,0,100,22.76,96.55,0.749988,0.917629,1,3,0,0,76,1448,0.222092,1,0.4938,2,3,0,0,V2,1,0.033554,5596.666667,2,0,2,0.966446,0,2,0,200
EDCF-Shield,v2b,FALCON1024+HMAC-SHA512+AES256GCM+DKG4of7,COMPROMISED_CTRL,150,55.97,81,CUMULATIVE,162,1000,138420,39500,9,0.779192,0.13762,0.048182,0.024691,0.99108,99.99,22.68,96.64,0.749988,0.917629,1,3,0,0,76,1448,0.222092,1,0.4938,2,3,0,0,V2,1,0.033554,5596.666667,2,0,2,0.966446,0,2,0,200
EDCF-Shield,v2b,FALCON1024+HMAC-SHA512+AES256GCM+DKG4of7,COMPROMISED_CTRL,150,55.97,82,CYCLE,164,0,1812,500,0,0.783737,0.017218,0,0,0,100,22.77,96.54,0.749988,0.917533,1,3,0,0,76,1448,0.221009,1,0.4939,2,3,0,0,V2,1,0.033566,5600.853659,2,0,2,0.966434,0,2,0,200
EDCF-Shield,v2b,FALCON1024+HMAC-SHA512+AES256GCM+DKG4of7,COMPROMISED_CTRL,150,55.97,82,CUMULATIVE,164,1000,140232,40000,9,0.77925,0.136785,0.047609,0.02439,0.99108,99.99,22.69,96.64,0.749988,0.917533,1,3,0,0,76,1448,0.221009,1,0.4939,2,3,0,0,V2,1,0.033566,5600.853659,2,0,2,0.966434,0,2,0,200
EDCF-Shield,v2b,FALCON1024+HMAC-SHA512+AES256GCM+DKG4of7,COMPROMISED_CTRL,150,55.97,83,CYCLE,166,0,1812,500,0,0.783737,0.017011,0,0,0,100,22.77,96.53,0.749988,0.917437,1,3,0,0,76,1448,0.219943,1,0.494,2,3,0,0,V2,1,0.033579,5604.939759,2,0,2,0.966421,0,2,0,200
EDCF-Shield,v2b,FALCON1024+HMAC-SHA512+AES256GCM+DKG4of7,COMPROMISED_CTRL,150,55.97,83,CUMULATIVE,166,1000,142044,40500,9,0.779306,0.135965,0.047049,0.024096,0.99108,99.99,22.69,96.64,0.749988,0.917437,1,3,0,0,76,1448,0.219943,1,0.494,2,3,0,0,V2,1,0.033579,5604.939759,2,0,2,0.966421,0,2,0,200
EDCF-Shield,v2b,FALCON1024+HMAC-SHA512+AES256GCM+DKG4of7,COMPROMISED_CTRL,150,55.97,84,CYCLE,168,0,1812,500,0,0.783737,0.016809,0,0,0,100,22.76,96.55,0.749988,0.91735,1,3,0,0,76,1448,0.218894,1,0.494,2,3,0,0,V2,1,0.033589,5608.928571,2,0,2,0.966411,0,2,0,200
EDCF-Shield,v2b,FALCON1024+HMAC-SHA512+AES256GCM+DKG4of7,COMPROMISED_CTRL,150,55.97,84,CUMULATIVE,168,1000,143856,41000,9,0.779361,0.13516,0.046502,0.02381,0.99108,99.99,22.69,96.64,0.749988,0.91735,1,3,0,0,76,1448,0.218894,1,0.494,2,3,0,0,V2,1,0.033589,5608.928571,2,0,2,0.966411,0,2,0,200
EDCF-Shield,v2b,FALCON1024+HMAC-SHA512+AES256GCM+DKG4of7,COMPROMISED_CTRL,150,55.97,85,CYCLE,170,0,1812,500,0,0.783737,0.016611,0,0,0,100,22.74,96.57,0.749988,0.917271,1,3,0,0,76,1448,0.21786,1,0.4941,2,3,0,0,V2,1,0.033597,5612.823529,2,0,2,0.966403,0,2,0,200
EDCF-Shield,v2b,FALCON1024+HMAC-SHA512+AES256GCM+DKG4of7,COMPROMISED_CTRL,150,55.97,85,CUMULATIVE,170,1000,145668,41500,9,0.779415,0.134369,0.045968,0.023529,0.99108,99.99,22.69,96.64,0.749988,0.917271,1,3,0,0,76,1448,0.21786,1,0.4941,2,3,0,0,V2,1,0.033597,5612.823529,2,0,2,0.966403,0,2,0,200
EDCF-Shield,v2b,FALCON1024+HMAC-SHA512+AES256GCM+DKG4of7,COMPROMISED_CTRL,150,55.97,86,CYCLE,172,0,1812,500,0,0.783737,0.016418,0,0,0,100,22.72,96.6,0.749989,0.917201,1,3,0,0,76,1448,0.216842,1,0.4942,2,3,0,0,V2,1,0.033602,5616.627907,2,0,2,0.966398,0,2,0,200
EDCF-Shield,v2b,FALCON1024+HMAC-SHA512+AES256GCM+DKG4of7,COMPROMISED_CTRL,150,55.97,86,CUMULATIVE,172,1000,147480,42000,9,0.779468,0.133591,0.045445,0.023256,0.99108,99.99,22.69,96.64,0.749989,0.917201,1,3,0,0,76,1448,0.216842,1,0.4942,2,3,0,0,V2,1,0.033602,5616.627907,2,0,2,0.966398,0,2,0,200
EDCF-Shield,v2b,FALCON1024+HMAC-SHA512+AES256GCM+DKG4of7,COMPROMISED_CTRL,150,55.97,87,CYCLE,174,0,1812,500,0,0.783737,0.01623,0,0,0,100,22.67,96.67,0.749989,0.917154,1,3,0,0,76,1448,0.215839,1,0.4943,2,3,0,0,V2,1,0.033598,5620.344828,2,0,2,0.966402,0,2,0,200
EDCF-Shield,v2b,FALCON1024+HMAC-SHA512+AES256GCM+DKG4of7,COMPROMISED_CTRL,150,55.97,87,CUMULATIVE,174,1000,149292,42500,9,0.779519,0.132827,0.044935,0.022989,0.99108,99.99,22.69,96.64,0.749989,0.917154,1,3,0,0,76,1448,0.215839,1,0.4943,2,3,0,0,V2,1,0.033598,5620.344828,2,0,2,0.966402,0,2,0,200
EDCF-Shield,v2b,FALCON1024+HMAC-SHA512+AES256GCM+DKG4of7,COMPROMISED_CTRL,150,55.97,88,CYCLE,176,0,1812,500,0,0.783737,0.016046,0,0,0,100,22.66,96.68,0.749989,0.91711,1,3,0,0,76,1448,0.21485,1,0.4943,2,3,0,0,V2,1,0.033594,5623.977273,2,0,2,0.966406,0,2,0,200
EDCF-Shield,v2b,FALCON1024+HMAC-SHA512+AES256GCM+DKG4of7,COMPROMISED_CTRL,150,55.97,88,CUMULATIVE,176,1000,151104,43000,9,0.779569,0.132075,0.044436,0.022727,0.99108,99.99,22.69,96.64,0.749989,0.91711,1,3,0,0,76,1448,0.21485,1,0.4943,2,3,0,0,V2,1,0.033594,5623.977273,2,0,2,0.966406,0,2,0,200
EDCF-Shield,v2b,FALCON1024+HMAC-SHA512+AES256GCM+DKG4of7,COMPROMISED_CTRL,150,55.97,89,CYCLE,178,0,1812,500,0,0.783737,0.015866,0,0,0,100,22.71,96.62,0.749989,0.917049,1,3,0,0,76,1448,0.213877,1,0.4944,2,3,0,0,V2,1,0.033597,5627.52809,2,0,2,0.966403,0,2,0,200
EDCF-Shield,v2b,FALCON1024+HMAC-SHA512+AES256GCM+DKG4of7,COMPROMISED_CTRL,150,55.97,89,CUMULATIVE,178,1000,152916,43500,9,0.779618,0.131337,0.043947,0.022472,0.99108,99.99,22.69,96.64,0.749989,0.917049,1,3,0,0,76,1448,0.213877,1,0.4944,2,3,0,0,V2,1,0.033597,5627.52809,2,0,2,0.966403,0,2,0,200
EDCF-Shield,v2b,FALCON1024+HMAC-SHA512+AES256GCM+DKG4of7,COMPROMISED_CTRL,150,55.97,90,CYCLE,180,0,1812,500,0,0.783737,0.015689,0,0,0,100,22.75,96.56,0.749989,0.916974,1,3,0,0,76,1448,0.212917,1,0.4944,2,3,0,0,V2,1,0.033606,5631,2,0,2,0.966394,0,2,0,200
EDCF-Shield,v2b,FALCON1024+HMAC-SHA512+AES256GCM+DKG4of7,COMPROMISED_CTRL,150,55.97,90,CUMULATIVE,180,1000,154728,44000,9,0.779665,0.13061,0.04347,0.022222,0.99108,99.99,22.69,96.64,0.749989,0.916974,1,3,0,0,76,1448,0.212917,1,0.4944,2,3,0,0,V2,1,0.033606,5631,2,0,2,0.966394,0,2,0,200
EDCF-Shield,v2b,FALCON1024+HMAC-SHA512+AES256GCM+DKG4of7,COMPROMISED_CTRL,150,55.97,91,CYCLE,182,0,1812,500,0,0.783737,0.015517,0,0,0,100,22.75,96.56,0.749989,0.916899,1,3,0,0,76,1448,0.211971,1,0.4945,2,3,0,0,V2,1,0.033615,5634.395604,2,0,2,0.966385,0,2,0,200
EDCF-Shield,v2b,FALCON1024+HMAC-SHA512+AES256GCM+DKG4of7,COMPROMISED_CTRL,150,55.97,91,CUMULATIVE,182,1000,156540,44500,9,0.779712,0.129896,0.043002,0.021978,0.99108,99.99,22.69,96.64,0.749989,0.916899,1,3,0,0,76,1448,0.211971,1,0.4945,2,3,0,0,V2,1,0.033615,5634.395604,2,0,2,0.966385,0,2,0,200
EDCF-Shield,v2b,FALCON1024+HMAC-SHA512+AES256GCM+DKG4of7,COMPROMISED_CTRL,150,55.97,92,CYCLE,184,0,1812,500,0,0.783737,0.015349,0,0,0,100,22.76,96.55,0.749989,0.916823,1,3,0,0,76,1448,0.211038,1,0.4946,2,3,0,0,V2,1,0.033624,5637.717391,2,0,2,0.966376,0,2,0,200
EDCF-Shield,v2b,FALCON1024+HMAC-SHA512+AES256GCM+DKG4of7,COMPROMISED_CTRL,150,55.97,92,CUMULATIVE,184,1000,158352,45000,9,0.779757,0.129193,0.042545,0.021739,0.99108,99.99,22.69,96.64,0.749989,0.916823,1,3,0,0,76,1448,0.211038,1,0.4946,2,3,0,0,V2,1,0.033624,5637.717391,2,0,2,0.966376,0,2,0,200
EDCF-Shield,v2b,FALCON1024+HMAC-SHA512+AES256GCM+DKG4of7,COMPROMISED_CTRL,150,55.97,93,CYCLE,186,0,1812,500,0,0.783737,0.015184,0,0,0,100,22.75,96.56,0.749989,0.916754,1,3,0,0,76,1448,0.210118,1,0.4946,2,3,0,0,V2,1,0.033632,5640.967742,2,0,2,0.966368,0,2,0,200
EDCF-Shield,v2b,FALCON1024+HMAC-SHA512+AES256GCM+DKG4of7,COMPROMISED_CTRL,150,55.97,93,CUMULATIVE,186,1000,160164,45500,9,0.779802,0.128501,0.042097,0.021505,0.99108,99.99,22.69,96.64,0.749989,0.916754,1,3,0,0,76,1448,0.210118,1,0.4946,2,3,0,0,V2,1,0.033632,5640.967742,2,0,2,0.966368,0,2,0,200
EDCF-Shield,v2b,FALCON1024+HMAC-SHA512+AES256GCM+DKG4of7,COMPROMISED_CTRL,150,55.97,94,CYCLE,188,0,1812,500,0,0.783737,0.015023,0,0,0,100,22.74,96.57,0.74999,0.916687,1,3,0,0,76,1448,0.209212,1,0.4947,2,3,0,0,V2,1,0.033639,5644.148936,2,0,2,0.966361,0,2,0,200
EDCF-Shield,v2b,FALCON1024+HMAC-SHA512+AES256GCM+DKG4of7,COMPROMISED_CTRL,150,55.97,94,CUMULATIVE,188,1000,161976,46000,9,0.779845,0.127821,0.041659,0.021277,0.99108,99.99,22.69,96.64,0.74999,0.916687,1,3,0,0,76,1448,0.209212,1,0.4947,2,3,0,0,V2,1,0.033639,5644.148936,2,0,2,0.966361,0,2,0,200
EDCF-Shield,v2b,FALCON1024+HMAC-SHA512+AES256GCM+DKG4of7,COMPROMISED_CTRL,150,55.97,95,CYCLE,190,0,1812,500,0,0.783737,0.014865,0,0,0,100,22.73,96.58,0.74999,0.916626,1,3,0,0,76,1448,0.208317,1,0.4947,2,3,0,0,V2,1,0.033644,5647.263158,2,0,2,0.966356,0,2,0,200
EDCF-Shield,v2b,FALCON1024+HMAC-SHA512+AES256GCM+DKG4of7,COMPROMISED_CTRL,150,55.97,95,CUMULATIVE,190,1000,163788,46500,9,0.779888,0.127151,0.041229,0.021053,0.99108,99.99,22.69,96.64,0.74999,0.916626,1,3,0,0,76,1448,0.208317,1,0.4947,2,3,0,0,V2,1,0.033644,5647.263158,2,0,2,0.966356,0,2,0,200
EDCF-Shield,v2b,FALCON1024+HMAC-SHA512+AES256GCM+DKG4of7,COMPROMISED_CTRL,150,55.97,96,CYCLE,192,0,1812,500,0,0.783737,0.01471,0,0,0,100,22.72,96.6,0.74999,0.916569,1,3,0,0,76,1448,0.207435,1,0.4948,2,3,0,0,V2,1,0.033648,5650.3125,2,0,2,0.966352,0,2,0,200
EDCF-Shield,v2b,FALCON1024+HMAC-SHA512+AES256GCM+DKG4of7,COMPROMISED_CTRL,150,55.97,96,CUMULATIVE,192,1000,165600,47000,9,0.77993,0.126491,0.040809,0.020833,0.99108,99.99,22.69,96.64,0.74999,0.916569,1,3,0,0,76,1448,0.207435,1,0.4948,2,3,0,0,V2,1,0.033648,5650.3125,2,0,2,0.966352,0,2,0,200
EDCF-Shield,v2b,FALCON1024+HMAC-SHA512+AES256GCM+DKG4of7,COMPROMISED_CTRL,150,55.97,97,CYCLE,194,0,1812,500,0,0.783737,0.014559,0,0,0,100,22.73,96.59,0.74999,0.916511,1,3,0,0,76,1448,0.206565,1,0.4948,2,3,0,0,V2,1,0.033653,5653.298969,2,0,2,0.966347,0,2,0,200
EDCF-Shield,v2b,FALCON1024+HMAC-SHA512+AES256GCM+DKG4of7,COMPROMISED_CTRL,150,55.97,97,CUMULATIVE,194,1000,167412,47500,9,0.77997,0.125842,0.040397,0.020619,0.99108,99.99,22.69,96.63,0.74999,0.916511,1,3,0,0,76,1448,0.206565,1,0.4948,2,3,0,0,V2,1,0.033653,5653.298969,2,0,2,0.966347,0,2,0,200
EDCF-Shield,v2b,FALCON1024+HMAC-SHA512+AES256GCM+DKG4of7,COMPROMISED_CTRL,150,55.97,98,CYCLE,196,0,1812,500,0,0.783737,0.01441,0,0,0,100,22.73,96.59,0.74999,0.916456,1,3,0,0,76,1448,0.205706,1,0.4949,2,3,0,0,V2,1,0.033657,5656.22449,2,0,2,0.966343,0,2,0,200
EDCF-Shield,v2b,FALCON1024+HMAC-SHA512+AES256GCM+DKG4of7,COMPROMISED_CTRL,150,55.97,98,CUMULATIVE,196,1000,169224,48000,9,0.78001,0.125202,0.039993,0.020408,0.99108,99.99,22.69,96.63,0.74999,0.916456,1,3,0,0,76,1448,0.205706,1,0.4949,2,3,0,0,V2,1,0.033657,5656.22449,2,0,2,0.966343,0,2,0,200
EDCF-Shield,v2b,FALCON1024+HMAC-SHA512+AES256GCM+DKG4of7,COMPROMISED_CTRL,150,55.97,99,CYCLE,198,0,1812,500,0,0.783737,0.014265,0,0,0,100,22.74,96.58,0.74999,0.916397,1,3,0,0,76,1448,0.204858,1,0.4949,2,3,0,0,V2,1,0.033663,5659.090909,2,0,2,0.966337,0,2,0,200
EDCF-Shield,v2b,FALCON1024+HMAC-SHA512+AES256GCM+DKG4of7,COMPROMISED_CTRL,150,55.97,99,CUMULATIVE,198,1000,171036,48500,9,0.780049,0.124572,0.039597,0.020202,0.99108,99.99,22.69,96.63,0.74999,0.916397,1,3,0,0,76,1448,0.204858,1,0.4949,2,3,0,0,V2,1,0.033663,5659.090909,2,0,2,0.966337,0,2,0,200
EDCF-Shield,v2b,FALCON1024+HMAC-SHA512+AES256GCM+DKG4of7,COMPROMISED_CTRL,150,55.97,100,CYCLE,200,0,1812,500,0,0.783737,0.014123,0,0,0,100,22.75,96.56,0.74999,0.916337,1,3,0,0,76,1448,0.204022,1,0.495,2,3,0,0,V2,1,0.03367,5661.9,2,0,2,0.96633,0,2,0,200
EDCF-Shield,v2b,FALCON1024+HMAC-SHA512+AES256GCM+DKG4of7,COMPROMISED_CTRL,150,55.97,100,CUMULATIVE,200,1000,172848,49000,9,0.780088,0.123952,0.039209,0.02,0.99108,99.99,22.69,96.63,0.74999,0.916337,1,3,0,0,76,1448,0.204022,1,0.495,2,3,0,0,V2,1,0.03367,5661.9,2,0,2,0.96633,0,2,0,200
EDCF-Shield,v2b,FALCON1024+HMAC-SHA512+AES256GCM+DKG4of7,COMPROMISED_CTRL,150,55.97,101,CYCLE,202,0,1812,500,0,0.783737,0.013983,0,0,0,100,22.74,96.57,0.74999,0.916279,1,3,0,0,76,1448,0.203197,1,0.495,2,3,0,0,V2,1,0.033675,5664.653465,2,0,2,0.966325,0,2,0,200
EDCF-Shield,v2b,FALCON1024+HMAC-SHA512+AES256GCM+DKG4of7,COMPROMISED_CTRL,150,55.97,101,CUMULATIVE,202,1000,174660,49500,9,0.780125,0.123341,0.038828,0.019802,0.99108,99.99,22.69,96.63,0.74999,0.916279,1,3,0,0,76,1448,0.203197,1,0.495,2,3,0,0,V2,1,0.033675,5664.653465,2,0,2,0.966325,0,2,0,200
EDCF-Shield,v2b,FALCON1024+HMAC-SHA512+AES256GCM+DKG4of7,COMPROMISED_CTRL,150,55.97,102,CYCLE,204,0,1812,500,0,0.783737,0.013846,0,0,0,100,22.72,96.6,0.74999,0.916231,1,3,0,0,76,1448,0.202382,1,0.4951,2,3,0,0,V2,1,0.033678,5667.352941,2,0,2,0.966322,0,2,0,200
EDCF-Shield,v2b,FALCON1024+HMAC-SHA512+AES256GCM+DKG4of7,COMPROMISED_CTRL,150,55.97,102,CUMULATIVE,204,1000,176472,50000,9,0.780162,0.122738,0.038455,0.019608,0.99108,99.99,22.69,96.63,0.74999,0.916231,1,3,0,0,76,1448,0.202382,1,0.4951,2,3,0,0,V2,1,0.033678,5667.352941,2,0,2,0.966322,0,2,0,200
EDCF-Shield,v2b,FALCON1024+HMAC-SHA512+AES256GCM+DKG4of7,COMPROMISED_CTRL,150,55.97,103,CYCLE,206,0,1812,500,0,0.783737,0.013712,0,0,0,100,22.7,96.62,0.749991,0.916189,1,3,0,0,76,1448,0.201577,1,0.4951,2,3,0,0,V2,1,0.033679,5670,2,0,2,0.966321,0,2,0,200
EDCF-Shield,v2b,FALCON1024+HMAC-SHA512+AES256GCM+DKG4of7,COMPROMISED_CTRL,150,55.97,103,CUMULATIVE,206,1000,178284,50500,9,0.780198,0.122145,0.038089,0.019417,0.99108,99.99,22.69,96.63,0.749991,0.916189,1,3,0,0,76,1448,0.201577,1,0.4951,2,3,0,0,V2,1,0.033679,5670,2,0,2,0.966321,0,2,0,200
EDCF-Shield,v2b,FALCON1024+HMAC-SHA512+AES256GCM+DKG4of7,COMPROMISED_CTRL,150,55.97,104,CYCLE,208,0,1812,500,0,0.783737,0.01358,0,0,0,100,22.69,96.63,0.749991,0.91615,1,3,0,0,76,1448,0.200783,1,0.4952,2,3,0,0,V2,1,0.033679,5672.596154,2,0,2,0.966321,0,2,0,200
EDCF-Shield,v2b,FALCON1024+HMAC-SHA512+AES256GCM+DKG4of7,COMPROMISED_CTRL,150,55.97,104,CUMULATIVE,208,1000,180096,51000,9,0.780233,0.12156,0.037729,0.019231,0.99108,100,22.69,96.63,0.749991,0.91615,1,3,0,0,76,1448,0.200783,1,0.4952,2,3,0,0,V2,1,0.033679,5672.596154,2,0,2,0.966321,0,2,0,200
EDCF-Shield,v2b,FALCON1024+HMAC-SHA512+AES256GCM+DKG4of7,COMPROMISED_CTRL,150,55.97,105,CYCLE,210,0,1812,500,0,0.783737,0.013451,0,0,0,100,22.67,96.67,0.749991,0.91612,1,3,0,0,76,1448,0.199999,1,0.4952,2,3,0,0,V2,1,0.033675,5675.142857,2,0,2,0.966325,0,2,0,200
EDCF-Shield,v2b,FALCON1024+HMAC-SHA512+AES256GCM+DKG4of7,COMPROMISED_CTRL,150,55.97,105,CUMULATIVE,210,1000,181908,51500,9,0.780268,0.120983,0.037377,0.019048,0.99108,100,22.69,96.63,0.749991,0.91612,1,3,0,0,76,1448,0.199999,1,0.4952,2,3,0,0,V2,1,0.033675,5675.142857,2,0,2,0.966325,0,2,0,200
EDCF-Shield,v2b,FALCON1024+HMAC-SHA512+AES256GCM+DKG4of7,COMPROMISED_CTRL,150,55.97,106,CYCLE,212,0,1812,500,0,0.783737,0.013324,0,0,0,100,22.64,96.7,0.749991,0.916099,1,3,0,0,76,1448,0.199224,1,0.4953,2,3,0,0,V2,1,0.033669,5677.641509,2,0,2,0.966331,0,2,0,200
EDCF-Shield,v2b,FALCON1024+HMAC-SHA512+AES256GCM+DKG4of7,COMPROMISED_CTRL,150,55.97,106,CUMULATIVE,212,1000,183720,52000,9,0.780302,0.120414,0.037031,0.018868,0.99108,100,22.69,96.63,0.749991,0.916099,1,3,0,0,76,1448,0.199224,1,0.4953,2,3,0,0,V2,1,0.033669,5677.641509,2,0,2,0.966331,0,2,0,200
EDCF-Shield,v2b,FALCON1024+HMAC-SHA512+AES256GCM+DKG4of7,COMPROMISED_CTRL,150,55.97,107,CYCLE,214,0,1812,500,0,0.783737,0.0132,0,0,0,100,22.64,96.7,0.749991,0.916078,1,3,0,0,76,1448,0.198459,1,0.4953,2,3,0,0,V2,1,0.033663,5680.093458,2,0,2,0.966337,0,2,0,200
EDCF-Shield,v2b,FALCON1024+HMAC-SHA512+AES256GCM+DKG4of7,COMPROMISED_CTRL,150,55.97,107,CUMULATIVE,214,1000,185532,52500,9,0.780335,0.119854,0.036691,0.018692,0.99108,100,22.69,96.63,0.749991,0.916078,1,3,0,0,76,1448,0.198459,1,0.4953,2,3,0,0,V2,1,0.033663,5680.093458,2,0,2,0.966337,0,2,0,200
EDCF-Shield,v2b,FALCON1024+HMAC-SHA512+AES256GCM+DKG4of7,COMPROMISED_CTRL,150,55.97,108,CYCLE,216,0,1812,500,0,0.783737,0.013078,0,0,0,100,22.65,96.69,0.749991,0.916055,1,3,0,0,76,1448,0.197703,1,0.4954,2,3,0,0,V2,1,0.033658,5682.5,2,0,2,0.966342,0,2,0,200
EDCF-Shield,v2b,FALCON1024+HMAC-SHA512+AES256GCM+DKG4of7,COMPROMISED_CTRL,150,55.97,108,CUMULATIVE,216,1000,187344,53000,9,0.780367,0.119301,0.036358,0.018519,0.99108,100,22.69,96.63,0.749991,0.916055,1,3,0,0,76,1448,0.197703,1,0.4954,2,3,0,0,V2,1,0.033658,5682.5,2,0,2,0.966342,0,2,0,200
EDCF-Shield,v2b,FALCON1024+HMAC-SHA512+AES256GCM+DKG4of7,COMPROMISED_CTRL,150,55.97,109,CYCLE,218,0,1812,500,0,0.783737,0.012958,0,0,0,100,22.65,96.69,0.749991,0.916033,1,3,0,0,76,1448,0.196956,1,0.4954,2,3,0,0,V2,1,0.033653,5684.862385,2,0,2,0.966347,0,2,0,200
EDCF-Shield,v2b,FALCON1024+HMAC-SHA512+AES256GCM+DKG4of7,COMPROMISED_CTRL,150,55.97,109,CUMULATIVE,218,1000,189156,53500,9,0.780399,0.118755,0.03603,0.018349,0.99108,100,22.69,96.63,0.749991,0.916033,1,3,0,0,76,1448,0.196956,1,0.4954,2,3,0,0,V2,1,0.033653,5684.862385,2,0,2,0.966347,0,2,0,200
EDCF-Shield,v2b,FALCON1024+HMAC-SHA512+AES256GCM+DKG4of7,COMPROMISED_CTRL,150,55.97,110,CYCLE,219.5,0,1359,300,0,0.819168,0.012841,0,0,0,100,22.14,97.32,0.749991,0.916014,1,3,0,0,76,1448,0.196219,1,0.4966,2,3,0,0,V2,1,0.033606,5686.605923,2,0,2,0.966394,0,2,0,200
EDCF-Shield,v2b,FALCON1024+HMAC-SHA512+AES256GCM+DKG4of7,COMPROMISED_CTRL,150,55.97,110,CUMULATIVE,219.5,1000,190515,53800,9,0.780661,0.118451,0.035837,0.018248,0.99108,100,22.69,96.64,0.749991,0.916014,1,3,0,0,76,1448,0.196219,1,0.4966,2,3,0,0,V2,1,0.033606,5686.605923,2,0,2,0.966394,0,2,0,200
