# EDCF-Shield (our method) results,,,,,,,,,,,,,,,,,,,,,,,,,,,,,,,,,,,,,,,,,,,,,,,
# MCC DECREASES with attack% (Eq 3.4 mobility camouflage),,,,,,,,,,,,,,,,,,,,,,,,,,,,,,,,,,,,,,,,,,,,,,,
method,scenario,key_type,atk_key_type,atk_count,atk_pct,cycle,row_type,time_s,TP,TN,FP,FN,Accuracy,MCC,F1,Precision,Recall,DetRate_pct,PDR_pct,ch_load_pct,CFSR,PAIR,CDR,EML_trusted_ms,EML_bypass_ms,EML_safe_ms,SO_V2I_bytes,SO_RSU2BC_bytes,MCR,CCR,BLP_throughput_tx_s,BLP_merkle_ms,BLP_multisig_ms,KRP_rekey_ms,KRP_demote_ms,label,detected,hmac_valid_pct,delta_tm_rate,gamma,eps_topo,d_prop,eta_c,phi_v1_net,phi_v2_net,phi_v3_net,n_vehicles_active
EDCF-Shield,v3a,FALCON1024+HMAC-SHA512+AES256GCM+DKG4of7,STOLEN_KEY,0,0,1,CYCLE,2,2000,0,0,0,1,0.5,1,1,1,0,100,0,0,0,1,0,0,0,76,1448,0,1,0,0,0,0,0,benign,0,1,-100,1,0,0,0,0,0,0,200
EDCF-Shield,v3a,FALCON1024+HMAC-SHA512+AES256GCM+DKG4of7,STOLEN_KEY,0,0,1,CUMULATIVE,2,2000,0,0,0,1,0.5,1,1,1,0,100,0,0,0,1,0,0,0,76,1448,0,1,0,0,0,0,0,benign,0,1,-100,1,0,0,0,0,0,0,200
EDCF-Shield,v3a,FALCON1024+HMAC-SHA512+AES256GCM+DKG4of7,STOLEN_KEY,0,0,2,CYCLE,4,2000,0,0,0,1,0.5,1,1,1,0,100,0,0,0,1,0,0,0,76,1448,0.5,1,0.25,2,0,0,0,benign,0,1,-100,1,0,0,0,0,0,0,200
EDCF-Shield,v3a,FALCON1024+HMAC-SHA512+AES256GCM+DKG4of7,STOLEN_KEY,0,0,2,CUMULATIVE,4,4000,0,0,0,1,0.5,1,1,1,0,100,0,0,0,1,0,0,0,76,1448,0.5,1,0.25,2,0,0,0,benign,0,1,-100,1,0,0,0,0,0,0,200
EDCF-Shield,v3a,FALCON1024+HMAC-SHA512+AES256GCM+DKG4of7,STOLEN_KEY,0,0,3,CYCLE,6,2000,0,0,0,1,0.5,1,1,1,0,100,0,0,0,1,0,0,0,76,1448,0.5,1,0.3333,2,0,0,0,benign,0,1,-100,1,0,0,0,0,0,0,200
EDCF-Shield,v3a,FALCON1024+HMAC-SHA512+AES256GCM+DKG4of7,STOLEN_KEY,0,0,3,CUMULATIVE,6,6000,0,0,0,1,0.5,1,1,1,0,100,0,0,0,1,0,0,0,76,1448,0.5,1,0.3333,2,0,0,0,benign,0,1,-100,1,0,0,0,0,0,0,200
EDCF-Shield,v3a,FALCON1024+HMAC-SHA512+AES256GCM+DKG4of7,STOLEN_KEY,0,0,4,CYCLE,8,2000,0,0,0,1,0.5,1,1,1,0,100,0,0,0,1,0,0,0,76,1448,0.5,1,0.375,2,0,0,0,benign,0,1,-100,1,0,0,0,0,0,0,200
EDCF-Shield,v3a,FALCON1024+HMAC-SHA512+AES256GCM+DKG4of7,STOLEN_KEY,0,0,4,CUMULATIVE,8,8000,0,0,0,1,0.5,1,1,1,0,100,0,0,0,1,0,0,0,76,1448,0.5,1,0.375,2,0,0,0,benign,0,1,-100,1,0,0,0,0,0,0,200
EDCF-Shield,v3a,FALCON1024+HMAC-SHA512+AES256GCM+DKG4of7,STOLEN_KEY,0,0,5,CYCLE,10,2000,0,0,0,1,0.5,1,1,1,0,100,0,0,0,1,0,0,0,76,1448,0.5,1,0.4,2,0,0,0,benign,0,1,-100,1,0,0,0,0,0,0,200
EDCF-Shield,v3a,FALCON1024+HMAC-SHA512+AES256GCM+DKG4of7,STOLEN_KEY,0,0,5,CUMULATIVE,10,10000,0,0,0,1,0.5,1,1,1,0,100,0,0,0,1,0,0,0,76,1448,0.5,1,0.4,2,0,0,0,benign,0,1,-100,1,0,0,0,0,0,0,200
EDCF-Shield,v3a,FALCON1024+HMAC-SHA512+AES256GCM+DKG4of7,STOLEN_KEY,0,0,6,CYCLE,12,2000,0,0,0,1,0.5,1,1,1,0,100,0,0,0,1,0,0,0,76,1448,0.5,1,0.4167,2,0,0,0,benign,0,1,-100,1,0,0,0,0,0,0,200
EDCF-Shield,v3a,FALCON1024+HMAC-SHA512+AES256GCM+DKG4of7,STOLEN_KEY,0,0,6,CUMULATIVE,12,12000,0,0,0,1,0.5,1,1,1,0,100,0,0,0,1,0,0,0,76,1448,0.5,1,0.4167,2,0,0,0,benign,0,1,-100,1,0,0,0,0,0,0,200
EDCF-Shield,v3a,FALCON1024+HMAC-SHA512+AES256GCM+DKG4of7,STOLEN_KEY,0,0,7,CYCLE,14,2000,0,0,0,1,0.5,1,1,1,0,100,0,0,0,1,0,0,0,76,1448,0.5,1,0.4286,2,0,0,0,benign,0,1,-100,1,0,0,0,0,0,0,200
EDCF-Shield,v3a,FALCON1024+HMAC-SHA512+AES256GCM+DKG4of7,STOLEN_KEY,0,0,7,CUMULATIVE,14,14000,0,0,0,1,0.5,1,1,1,0,100,0,0,0,1,0,0,0,76,1448,0.5,1,0.4286,2,0,0,0,benign,0,1,-100,1,0,0,0,0,0,0,200
EDCF-Shield,v3a,FALCON1024+HMAC-SHA512+AES256GCM+DKG4of7,STOLEN_KEY,0,0,8,CYCLE,16,2000,0,0,0,1,0.5,1,1,1,0,100,0,0,0,1,0,0,0,76,1448,0.5,1,0.4375,2,0,0,0,benign,0,1,-100,1,0,0,0,0,0,0,200
EDCF-Shield,v3a,FALCON1024+HMAC-SHA512+AES256GCM+DKG4of7,STOLEN_KEY,0,0,8,CUMULATIVE,16,16000,0,0,0,1,0.5,1,1,1,0,100,0,0,0,1,0,0,0,76,1448,0.5,1,0.4375,2,0,0,0,benign,0,1,-100,1,0,0,0,0,0,0,200
EDCF-Shield,v3a,FALCON1024+HMAC-SHA512+AES256GCM+DKG4of7,STOLEN_KEY,0,0,9,CYCLE,18,2000,0,0,0,1,0.5,1,1,1,0,100,0,0,0,1,0,0,0,76,1448,0.5,1,0.4444,2,0,0,0,benign,0,1,-100,1,0,0,0,0,0,0,200
EDCF-Shield,v3a,FALCON1024+HMAC-SHA512+AES256GCM+DKG4of7,STOLEN_KEY,0,0,9,CUMULATIVE,18,18000,0,0,0,1,0.5,1,1,1,0,100,0,0,0,1,0,0,0,76,1448,0.5,1,0.4444,2,0,0,0,benign,0,1,-100,1,0,0,0,0,0,0,200
EDCF-Shield,v3a,FALCON1024+HMAC-SHA512+AES256GCM+DKG4of7,STOLEN_KEY,0,0,10,CYCLE,20,2000,0,0,0,1,0.5,1,1,1,0,100,0,0,0,1,0,0,0,76,1448,0.5,1,0.45,2,0,0,0,benign,0,1,-100,1,0,0,0,0,0,0,200
EDCF-Shield,v3a,FALCON1024+HMAC-SHA512+AES256GCM+DKG4of7,STOLEN_KEY,0,0,10,CUMULATIVE,20,20000,0,0,0,1,0.5,1,1,1,0,100,0,0,0,1,0,0,0,76,1448,0.5,1,0.45,2,0,0,0,benign,0,1,-100,1,0,0,0,0,0,0,200
EDCF-Shield,v3a,FALCON1024+HMAC-SHA512+AES256GCM+DKG4of7,STOLEN_KEY,0,0,11,CYCLE,22,2000,0,0,0,1,0.5,1,1,1,0,100,0,0,0,1,0,0,0,76,1448,0.5,1,0.4545,2,0,0,0,benign,0,1,-100,1,0,0,0,0,0,0,200
EDCF-Shield,v3a,FALCON1024+HMAC-SHA512+AES256GCM+DKG4of7,STOLEN_KEY,0,0,11,CUMULATIVE,22,22000,0,0,0,1,0.5,1,1,1,0,100,0,0,0,1,0,0,0,76,1448,0.5,1,0.4545,2,0,0,0,benign,0,1,-100,1,0,0,0,0,0,0,200
EDCF-Shield,v3a,FALCON1024+HMAC-SHA512+AES256GCM+DKG4of7,STOLEN_KEY,0,0,12,CYCLE,24,2000,0,0,0,1,0.5,1,1,1,0,100,0,0,0,1,0,0,0,76,1448,0.5,1,0.4583,2,0,0,0,benign,0,1,-100,1,0,0,0,0,0,0,200
EDCF-Shield,v3a,FALCON1024+HMAC-SHA512+AES256GCM+DKG4of7,STOLEN_KEY,0,0,12,CUMULATIVE,24,24000,0,0,0,1,0.5,1,1,1,0,100,0,0,0,1,0,0,0,76,1448,0.5,1,0.4583,2,0,0,0,benign,0,1,-100,1,0,0,0,0,0,0,200
EDCF-Shield,v3a,FALCON1024+HMAC-SHA512+AES256GCM+DKG4of7,STOLEN_KEY,0,0,13,CYCLE,26,2000,0,0,0,1,0.5,1,1,1,0,100,0,0,0,1,0,0,0,76,1448,0.5,1,0.4615,2,0,0,0,benign,0,1,-100,1,0,0,0,0,0,0,200
EDCF-Shield,v3a,FALCON1024+HMAC-SHA512+AES256GCM+DKG4of7,STOLEN_KEY,0,0,13,CUMULATIVE,26,26000,0,0,0,1,0.5,1,1,1,0,100,0,0,0,1,0,0,0,76,1448,0.5,1,0.4615,2,0,0,0,benign,0,1,-100,1,0,0,0,0,0,0,200
EDCF-Shield,v3a,FALCON1024+HMAC-SHA512+AES256GCM+DKG4of7,STOLEN_KEY,0,0,14,CYCLE,28,2000,0,0,0,1,0.5,1,1,1,0,100,0,0,0,1,0,0,0,76,1448,0.5,1,0.4643,2,0,0,0,benign,0,1,-100,1,0,0,0,0,0,0,200
EDCF-Shield,v3a,FALCON1024+HMAC-SHA512+AES256GCM+DKG4of7,STOLEN_KEY,0,0,14,CUMULATIVE,28,28000,0,0,0,1,0.5,1,1,1,0,100,0,0,0,1,0,0,0,76,1448,0.5,1,0.4643,2,0,0,0,benign,0,1,-100,1,0,0,0,0,0,0,200
EDCF-Shield,v3a,FALCON1024+HMAC-SHA512+AES256GCM+DKG4of7,STOLEN_KEY,0,0,15,CYCLE,30,2000,0,0,0,1,0.5,1,1,1,0,100,0,0,0,1,0,0,0,76,1448,0.5,1,0.4667,2,0,0,0,benign,0,1,-100,1,0,0,0,0,0,0,200
EDCF-Shield,v3a,FALCON1024+HMAC-SHA512+AES256GCM+DKG4of7,STOLEN_KEY,0,0,15,CUMULATIVE,30,30000,0,0,0,1,0.5,1,1,1,0,100,0,0,0,1,0,0,0,76,1448,0.5,1,0.4667,2,0,0,0,benign,0,1,-100,1,0,0,0,0,0,0,200
EDCF-Shield,v3a,FALCON1024+HMAC-SHA512+AES256GCM+DKG4of7,STOLEN_KEY,0,0,16,CYCLE,32,2000,0,0,0,1,0.5,1,1,1,0,100,0,0,0,1,0,0,0,76,1448,0.5,1,0.4688,2,0,0,0,benign,0,1,-100,1,0,0,0,0,0,0,200
EDCF-Shield,v3a,FALCON1024+HMAC-SHA512+AES256GCM+DKG4of7,STOLEN_KEY,0,0,16,CUMULATIVE,32,32000,0,0,0,1,0.5,1,1,1,0,100,0,0,0,1,0,0,0,76,1448,0.5,1,0.4688,2,0,0,0,benign,0,1,-100,1,0,0,0,0,0,0,200
EDCF-Shield,v3a,FALCON1024+HMAC-SHA512+AES256GCM+DKG4of7,STOLEN_KEY,0,0,17,CYCLE,34,2000,0,0,0,1,0.5,1,1,1,0,100,0,0,0,1,0,0,0,76,1448,0.5,1,0.4706,2,0,0,0,benign,0,1,-100,1,0,0,0,0,0,0,200
EDCF-Shield,v3a,FALCON1024+HMAC-SHA512+AES256GCM+DKG4of7,STOLEN_KEY,0,0,17,CUMULATIVE,34,34000,0,0,0,1,0.5,1,1,1,0,100,0,0,0,1,0,0,0,76,1448,0.5,1,0.4706,2,0,0,0,benign,0,1,-100,1,0,0,0,0,0,0,200
EDCF-Shield,v3a,FALCON1024+HMAC-SHA512+AES256GCM+DKG4of7,STOLEN_KEY,0,0,18,CYCLE,36,2000,0,0,0,1,0.5,1,1,1,0,100,0,0,0,1,0,0,0,76,1448,0.5,1,0.4722,2,0,0,0,benign,0,1,-100,1,0,0,0,0,0,0,200
EDCF-Shield,v3a,FALCON1024+HMAC-SHA512+AES256GCM+DKG4of7,STOLEN_KEY,0,0,18,CUMULATIVE,36,36000,0,0,0,1,0.5,1,1,1,0,100,0,0,0,1,0,0,0,76,1448,0.5,1,0.4722,2,0,0,0,benign,0,1,-100,1,0,0,0,0,0,0,200
EDCF-Shield,v3a,FALCON1024+HMAC-SHA512+AES256GCM+DKG4of7,STOLEN_KEY,0,0,19,CYCLE,38,2000,0,0,0,1,0.5,1,1,1,0,100,0,0,0,1,0,0,0,76,1448,0.5,1,0.4737,2,0,0,0,benign,0,1,-100,1,0,0,0,0,0,0,200
EDCF-Shield,v3a,FALCON1024+HMAC-SHA512+AES256GCM+DKG4of7,STOLEN_KEY,0,0,19,CUMULATIVE,38,38000,0,0,0,1,0.5,1,1,1,0,100,0,0,0,1,0,0,0,76,1448,0.5,1,0.4737,2,0,0,0,benign,0,1,-100,1,0,0,0,0,0,0,200
EDCF-Shield,v3a,FALCON1024+HMAC-SHA512+AES256GCM+DKG4of7,STOLEN_KEY,0,0,20,CYCLE,40,2000,0,0,0,1,0.5,1,1,1,0,100,0,0,0,1,0,0,0,76,1448,0.5,1,0.475,2,0,0,0,benign,0,1,-100,1,0,0,0,0,0,0,200
EDCF-Shield,v3a,FALCON1024+HMAC-SHA512+AES256GCM+DKG4of7,STOLEN_KEY,0,0,20,CUMULATIVE,40,40000,0,0,0,1,0.5,1,1,1,0,100,0,0,0,1,0,0,0,76,1448,0.5,1,0.475,2,0,0,0,benign,0,1,-100,1,0,0,0,0,0,0,200
EDCF-Shield,v3a,FALCON1024+HMAC-SHA512+AES256GCM+DKG4of7,STOLEN_KEY,0,0,21,CYCLE,42,2000,0,0,0,1,0.5,1,1,1,0,100,0,0,0,1,0,0,0,76,1448,0.5,1,0.4762,2,0,0,0,benign,0,1,-100,1,0,0,0,0,0,0,200
EDCF-Shield,v3a,FALCON1024+HMAC-SHA512+AES256GCM+DKG4of7,STOLEN_KEY,0,0,21,CUMULATIVE,42,42000,0,0,0,1,0.5,1,1,1,0,100,0,0,0,1,0,0,0,76,1448,0.5,1,0.4762,2,0,0,0,benign,0,1,-100,1,0,0,0,0,0,0,200
EDCF-Shield,v3a,FALCON1024+HMAC-SHA512+AES256GCM+DKG4of7,STOLEN_KEY,0,0,22,CYCLE,44,2000,0,0,0,1,0.5,1,1,1,0,100,0,0,0,1,0,0,0,76,1448,0.5,1,0.4773,2,0,0,0,benign,0,1,-100,1,0,0,0,0,0,0,200
EDCF-Shield,v3a,FALCON1024+HMAC-SHA512+AES256GCM+DKG4of7,STOLEN_KEY,0,0,22,CUMULATIVE,44,44000,0,0,0,1,0.5,1,1,1,0,100,0,0,0,1,0,0,0,76,1448,0.5,1,0.4773,2,0,0,0,benign,0,1,-100,1,0,0,0,0,0,0,200
EDCF-Shield,v3a,FALCON1024+HMAC-SHA512+AES256GCM+DKG4of7,STOLEN_KEY,0,0,23,CYCLE,46,2000,0,0,0,1,0.5,1,1,1,0,100,0,0,0,1,0,0,0,76,1448,0.5,1,0.4783,2,0,0,0,benign,0,1,-100,1,0,0,0,0,0,0,200
EDCF-Shield,v3a,FALCON1024+HMAC-SHA512+AES256GCM+DKG4of7,STOLEN_KEY,0,0,23,CUMULATIVE,46,46000,0,0,0,1,0.5,1,1,1,0,100,0,0,0,1,0,0,0,76,1448,0.5,1,0.4783,2,0,0,0,benign,0,1,-100,1,0,0,0,0,0,0,200
EDCF-Shield,v3a,FALCON1024+HMAC-SHA512+AES256GCM+DKG4of7,STOLEN_KEY,0,0,24,CYCLE,48,2000,0,0,0,1,0.5,1,1,1,0,100,0,0,0,1,0,0,0,76,1448,0.5,1,0.4792,2,0,0,0,benign,0,1,-100,1,0,0,0,0,0,0,200
EDCF-Shield,v3a,FALCON1024+HMAC-SHA512+AES256GCM+DKG4of7,STOLEN_KEY,0,0,24,CUMULATIVE,48,48000,0,0,0,1,0.5,1,1,1,0,100,0,0,0,1,0,0,0,76,1448,0.5,1,0.4792,2,0,0,0,benign,0,1,-100,1,0,0,0,0,0,0,200
EDCF-Shield,v3a,FALCON1024+HMAC-SHA512+AES256GCM+DKG4of7,STOLEN_KEY,0,0,25,CYCLE,50,2000,0,0,0,1,0.5,1,1,1,0,100,0,0,0,1,0,0,0,76,1448,0.5,1,0.48,2,0,0,0,benign,0,1,-100,1,0,0,0,0,0,0,200
EDCF-Shield,v3a,FALCON1024+HMAC-SHA512+AES256GCM+DKG4of7,STOLEN_KEY,0,0,25,CUMULATIVE,50,50000,0,0,0,1,0.5,1,1,1,0,100,0,0,0,1,0,0,0,76,1448,0.5,1,0.48,2,0,0,0,benign,0,1,-100,1,0,0,0,0,0,0,200
EDCF-Shield,v3a,FALCON1024+HMAC-SHA512+AES256GCM+DKG4of7,STOLEN_KEY,0,0,26,CYCLE,52,2000,0,0,0,1,0.5,1,1,1,0,100,0,0,0,1,0,0,0,76,1448,0.5,1,0.4808,2,0,0,0,benign,0,1,-100,1,0,0,0,0,0,0,200
EDCF-Shield,v3a,FALCON1024+HMAC-SHA512+AES256GCM+DKG4of7,STOLEN_KEY,0,0,26,CUMULATIVE,52,52000,0,0,0,1,0.5,1,1,1,0,100,0,0,0,1,0,0,0,76,1448,0.5,1,0.4808,2,0,0,0,benign,0,1,-100,1,0,0,0,0,0,0,200
EDCF-Shield,v3a,FALCON1024+HMAC-SHA512+AES256GCM+DKG4of7,STOLEN_KEY,0,0,27,CYCLE,54,2000,0,0,0,1,0.5,1,1,1,0,100,0,0,0,1,0,0,0,76,1448,0.5,1,0.4815,2,0,0,0,benign,0,1,-100,1,0,0,0,0,0,0,200
EDCF-Shield,v3a,FALCON1024+HMAC-SHA512+AES256GCM+DKG4of7,STOLEN_KEY,0,0,27,CUMULATIVE,54,54000,0,0,0,1,0.5,1,1,1,0,100,0,0,0,1,0,0,0,76,1448,0.5,1,0.4815,2,0,0,0,benign,0,1,-100,1,0,0,0,0,0,0,200
EDCF-Shield,v3a,FALCON1024+HMAC-SHA512+AES256GCM+DKG4of7,STOLEN_KEY,0,0,28,CYCLE,56,2000,0,0,0,1,0.5,1,1,1,0,100,0,0,0,1,0,0,0,76,1448,0.5,1,0.4821,2,0,0,0,benign,0,1,-100,1,0,0,0,0,0,0,200
EDCF-Shield,v3a,FALCON1024+HMAC-SHA512+AES256GCM+DKG4of7,STOLEN_KEY,0,0,28,CUMULATIVE,56,56000,0,0,0,1,0.5,1,1,1,0,100,0,0,0,1,0,0,0,76,1448,0.5,1,0.4821,2,0,0,0,benign,0,1,-100,1,0,0,0,0,0,0,200
EDCF-Shield,v3a,FALCON1024+HMAC-SHA512+AES256GCM+DKG4of7,STOLEN_KEY,0,0,29,CYCLE,58,2000,0,0,0,1,0.5,1,1,1,0,100,0,0,0,1,0,0,0,76,1448,0.5,1,0.4828,2,0,0,0,benign,0,1,-100,1,0,0,0,0,0,0,200
EDCF-Shield,v3a,FALCON1024+HMAC-SHA512+AES256GCM+DKG4of7,STOLEN_KEY,0,0,29,CUMULATIVE,58,58000,0,0,0,1,0.5,1,1,1,0,100,0,0,0,1,0,0,0,76,1448,0.5,1,0.4828,2,0,0,0,benign,0,1,-100,1,0,0,0,0,0,0,200
EDCF-Shield,v3a,FALCON1024+HMAC-SHA512+AES256GCM+DKG4of7,STOLEN_KEY,0,0,30,CYCLE,60,2000,0,0,0,1,0.5,1,1,1,0,100,0,0,0,1,0,0,0,76,1448,0.5,1,0.4833,2,0,0,0,benign,0,1,-100,1,0,0,0,0,0,0,200
EDCF-Shield,v3a,FALCON1024+HMAC-SHA512+AES256GCM+DKG4of7,STOLEN_KEY,0,0,30,CUMULATIVE,60,60000,0,0,0,1,0.5,1,1,1,0,100,0,0,0,1,0,0,0,76,1448,0.5,1,0.4833,2,0,0,0,benign,0,1,-100,1,0,0,0,0,0,0,200
EDCF-Shield,v3a,FALCON1024+HMAC-SHA512+AES256GCM+DKG4of7,STOLEN_KEY,0,0,31,CYCLE,62,2000,0,0,0,1,0.5,1,1,1,0,100,0,0,0,1,0,0,0,76,1448,0.5,1,0.4839,2,0,0,0,benign,0,1,-100,1,0,0,0,0,0,0,200
EDCF-Shield,v3a,FALCON1024+HMAC-SHA512+AES256GCM+DKG4of7,STOLEN_KEY,0,0,31,CUMULATIVE,62,62000,0,0,0,1,0.5,1,1,1,0,100,0,0,0,1,0,0,0,76,1448,0.5,1,0.4839,2,0,0,0,benign,0,1,-100,1,0,0,0,0,0,0,200
EDCF-Shield,v3a,FALCON1024+HMAC-SHA512+AES256GCM+DKG4of7,STOLEN_KEY,0,0,32,CYCLE,64,2000,0,0,0,1,0.5,1,1,1,0,100,0,0,0,1,0,0,0,76,1448,0.5,1,0.4844,2,0,0,0,benign,0,1,-100,1,0,0,0,0,0,0,200
EDCF-Shield,v3a,FALCON1024+HMAC-SHA512+AES256GCM+DKG4of7,STOLEN_KEY,0,0,32,CUMULATIVE,64,64000,0,0,0,1,0.5,1,1,1,0,100,0,0,0,1,0,0,0,76,1448,0.5,1,0.4844,2,0,0,0,benign,0,1,-100,1,0,0,0,0,0,0,200
EDCF-Shield,v3a,FALCON1024+HMAC-SHA512+AES256GCM+DKG4of7,STOLEN_KEY,0,0,33,CYCLE,66,2000,0,0,0,1,0.5,1,1,1,0,100,0,0,0,1,0,0,0,76,1448,0.5,1,0.4848,2,0,0,0,benign,0,1,-100,1,0,0,0,0,0,0,200
EDCF-Shield,v3a,FALCON1024+HMAC-SHA512+AES256GCM+DKG4of7,STOLEN_KEY,0,0,33,CUMULATIVE,66,66000,0,0,0,1,0.5,1,1,1,0,100,0,0,0,1,0,0,0,76,1448,0.5,1,0.4848,2,0,0,0,benign,0,1,-100,1,0,0,0,0,0,0,200
EDCF-Shield,v3a,FALCON1024+HMAC-SHA512+AES256GCM+DKG4of7,STOLEN_KEY,0,0,34,CYCLE,68,2000,0,0,0,1,0.5,1,1,1,0,100,0,0,0,1,0,0,0,76,1448,0.5,1,0.4853,2,0,0,0,benign,0,1,-100,1,0,0,0,0,0,0,200
EDCF-Shield,v3a,FALCON1024+HMAC-SHA512+AES256GCM+DKG4of7,STOLEN_KEY,0,0,34,CUMULATIVE,68,68000,0,0,0,1,0.5,1,1,1,0,100,0,0,0,1,0,0,0,76,1448,0.5,1,0.4853,2,0,0,0,benign,0,1,-100,1,0,0,0,0,0,0,200
EDCF-Shield,v3a,FALCON1024+HMAC-SHA512+AES256GCM+DKG4of7,STOLEN_KEY,0,0,35,CYCLE,70,2000,0,0,0,1,0.5,1,1,1,0,100,0,0,0,1,0,0,0,76,1448,0.5,1,0.4857,2,0,0,0,benign,0,1,-100,1,0,0,0,0,0,0,200
EDCF-Shield,v3a,FALCON1024+HMAC-SHA512+AES256GCM+DKG4of7,STOLEN_KEY,0,0,35,CUMULATIVE,70,70000,0,0,0,1,0.5,1,1,1,0,100,0,0,0,1,0,0,0,76,1448,0.5,1,0.4857,2,0,0,0,benign,0,1,-100,1,0,0,0,0,0,0,200
EDCF-Shield,v3a,FALCON1024+HMAC-SHA512+AES256GCM+DKG4of7,STOLEN_KEY,0,0,36,CYCLE,72,2000,0,0,0,1,0.5,1,1,1,0,100,0,0,0,1,0,0,0,76,1448,0.5,1,0.4861,2,0,0,0,benign,0,1,-100,1,0,0,0,0,0,0,200
EDCF-Shield,v3a,FALCON1024+HMAC-SHA512+AES256GCM+DKG4of7,STOLEN_KEY,0,0,36,CUMULATIVE,72,72000,0,0,0,1,0.5,1,1,1,0,100,0,0,0,1,0,0,0,76,1448,0.5,1,0.4861,2,0,0,0,benign,0,1,-100,1,0,0,0,0,0,0,200
EDCF-Shield,v3a,FALCON1024+HMAC-SHA512+AES256GCM+DKG4of7,STOLEN_KEY,0,0,37,CYCLE,74,2000,0,0,0,1,0.5,1,1,1,0,100,0,0,0,1,0,0,0,76,1448,0.5,1,0.4865,2,0,0,0,benign,0,1,-100,1,0,0,0,0,0,0,200
EDCF-Shield,v3a,FALCON1024+HMAC-SHA512+AES256GCM+DKG4of7,STOLEN_KEY,0,0,37,CUMULATIVE,74,74000,0,0,0,1,0.5,1,1,1,0,100,0,0,0,1,0,0,0,76,1448,0.5,1,0.4865,2,0,0,0,benign,0,1,-100,1,0,0,0,0,0,0,200
EDCF-Shield,v3a,FALCON1024+HMAC-SHA512+AES256GCM+DKG4of7,STOLEN_KEY,0,0,38,CYCLE,76,2000,0,0,0,1,0.5,1,1,1,0,100,0,0,0,1,0,0,0,76,1448,0.5,1,0.4868,2,0,0,0,benign,0,1,-100,1,0,0,0,0,0,0,200
EDCF-Shield,v3a,FALCON1024+HMAC-SHA512+AES256GCM+DKG4of7,STOLEN_KEY,0,0,38,CUMULATIVE,76,76000,0,0,0,1,0.5,1,1,1,0,100,0,0,0,1,0,0,0,76,1448,0.5,1,0.4868,2,0,0,0,benign,0,1,-100,1,0,0,0,0,0,0,200
EDCF-Shield,v3a,FALCON1024+HMAC-SHA512+AES256GCM+DKG4of7,STOLEN_KEY,0,0,39,CYCLE,78,2000,0,0,0,1,0.5,1,1,1,0,100,0,0,0,1,0,0,0,76,1448,0.5,1,0.4872,2,0,0,0,benign,0,1,-100,1,0,0,0,0,0,0,200
EDCF-Shield,v3a,FALCON1024+HMAC-SHA512+AES256GCM+DKG4of7,STOLEN_KEY,0,0,39,CUMULATIVE,78,78000,0,0,0,1,0.5,1,1,1,0,100,0,0,0,1,0,0,0,76,1448,0.5,1,0.4872,2,0,0,0,benign,0,1,-100,1,0,0,0,0,0,0,200
EDCF-Shield,v3a,FALCON1024+HMAC-SHA512+AES256GCM+DKG4of7,STOLEN_KEY,0,0,40,CYCLE,80,2000,0,0,0,1,0.5,1,1,1,0,100,0,0,0,1,0,0,0,76,1448,0.5,1,0.4875,2,0,0,0,benign,0,1,-100,1,0,0,0,0,0,0,200
EDCF-Shield,v3a,FALCON1024+HMAC-SHA512+AES256GCM+DKG4of7,STOLEN_KEY,0,0,40,CUMULATIVE,80,80000,0,0,0,1,0.5,1,1,1,0,100,0,0,0,1,0,0,0,76,1448,0.5,1,0.4875,2,0,0,0,benign,0,1,-100,1,0,0,0,0,0,0,200
EDCF-Shield,v3a,FALCON1024+HMAC-SHA512+AES256GCM+DKG4of7,STOLEN_KEY,0,0,41,CYCLE,82,2000,0,0,0,1,0.5,1,1,1,0,100,0,0,0,1,0,0,0,76,1448,0.5,1,0.4878,2,0,0,0,benign,0,1,-100,1,0,0,0,0,0,0,200
EDCF-Shield,v3a,FALCON1024+HMAC-SHA512+AES256GCM+DKG4of7,STOLEN_KEY,0,0,41,CUMULATIVE,82,82000,0,0,0,1,0.5,1,1,1,0,100,0,0,0,1,0,0,0,76,1448,0.5,1,0.4878,2,0,0,0,benign,0,1,-100,1,0,0,0,0,0,0,200
EDCF-Shield,v3a,FALCON1024+HMAC-SHA512+AES256GCM+DKG4of7,STOLEN_KEY,0,0,42,CYCLE,84,2000,0,0,0,1,0.5,1,1,1,0,100,0,0,0,1,0,0,0,76,1448,0.5,1,0.4881,2,0,0,0,benign,0,1,-100,1,0,0,0,0,0,0,200
EDCF-Shield,v3a,FALCON1024+HMAC-SHA512+AES256GCM+DKG4of7,STOLEN_KEY,0,0,42,CUMULATIVE,84,84000,0,0,0,1,0.5,1,1,1,0,100,0,0,0,1,0,0,0,76,1448,0.5,1,0.4881,2,0,0,0,benign,0,1,-100,1,0,0,0,0,0,0,200
EDCF-Shield,v3a,FALCON1024+HMAC-SHA512+AES256GCM+DKG4of7,STOLEN_KEY,0,0,43,CYCLE,86,2000,0,0,0,1,0.5,1,1,1,0,100,0,0,0,1,0,0,0,76,1448,0.5,1,0.4884,2,0,0,0,benign,0,1,-100,1,0,0,0,0,0,0,200
EDCF-Shield,v3a,FALCON1024+HMAC-SHA512+AES256GCM+DKG4of7,STOLEN_KEY,0,0,43,CUMULATIVE,86,86000,0,0,0,1,0.5,1,1,1,0,100,0,0,0,1,0,0,0,76,1448,0.5,1,0.4884,2,0,0,0,benign,0,1,-100,1,0,0,0,0,0,0,200
EDCF-Shield,v3a,FALCON1024+HMAC-SHA512+AES256GCM+DKG4of7,STOLEN_KEY,0,0,44,CYCLE,88,2000,0,0,0,1,0.5,1,1,1,0,100,0,0,0,1,0,0,0,76,1448,0.5,1,0.4886,2,0,0,0,benign,0,1,-100,1,0,0,0,0,0,0,200
EDCF-Shield,v3a,FALCON1024+HMAC-SHA512+AES256GCM+DKG4of7,STOLEN_KEY,0,0,44,CUMULATIVE,88,88000,0,0,0,1,0.5,1,1,1,0,100,0,0,0,1,0,0,0,76,1448,0.5,1,0.4886,2,0,0,0,benign,0,1,-100,1,0,0,0,0,0,0,200
EDCF-Shield,v3a,FALCON1024+HMAC-SHA512+AES256GCM+DKG4of7,STOLEN_KEY,0,0,45,CYCLE,90,2000,0,0,0,1,0.5,1,1,1,0,100,0,0,0,1,0,0,0,76,1448,0.5,1,0.4889,2,0,0,0,benign,0,1,-100,1,0,0,0,0,0,0,200
EDCF-Shield,v3a,FALCON1024+HMAC-SHA512+AES256GCM+DKG4of7,STOLEN_KEY,0,0,45,CUMULATIVE,90,90000,0,0,0,1,0.5,1,1,1,0,100,0,0,0,1,0,0,0,76,1448,0.5,1,0.4889,2,0,0,0,benign,0,1,-100,1,0,0,0,0,0,0,200
EDCF-Shield,v3a,FALCON1024+HMAC-SHA512+AES256GCM+DKG4of7,STOLEN_KEY,0,0,46,CYCLE,92,2000,0,0,0,1,0.5,1,1,1,0,100,0,0,0,1,0,0,0,76,1448,0.5,1,0.4891,2,0,0,0,benign,0,1,-100,1,0,0,0,0,0,0,200
EDCF-Shield,v3a,FALCON1024+HMAC-SHA512+AES256GCM+DKG4of7,STOLEN_KEY,0,0,46,CUMULATIVE,92,92000,0,0,0,1,0.5,1,1,1,0,100,0,0,0,1,0,0,0,76,1448,0.5,1,0.4891,2,0,0,0,benign,0,1,-100,1,0,0,0,0,0,0,200
EDCF-Shield,v3a,FALCON1024+HMAC-SHA512+AES256GCM+DKG4of7,STOLEN_KEY,0,0,47,CYCLE,94,2000,0,0,0,1,0.5,1,1,1,0,100,0,0,0,1,0,0,0,76,1448,0.5,1,0.4894,2,0,0,0,benign,0,1,-100,1,0,0,0,0,0,0,200
EDCF-Shield,v3a,FALCON1024+HMAC-SHA512+AES256GCM+DKG4of7,STOLEN_KEY,0,0,47,CUMULATIVE,94,94000,0,0,0,1,0.5,1,1,1,0,100,0,0,0,1,0,0,0,76,1448,0.5,1,0.4894,2,0,0,0,benign,0,1,-100,1,0,0,0,0,0,0,200
EDCF-Shield,v3a,FALCON1024+HMAC-SHA512+AES256GCM+DKG4of7,STOLEN_KEY,0,0,48,CYCLE,96,2000,0,0,0,1,0.5,1,1,1,0,100,0,0,0,1,0,0,0,76,1448,0.5,1,0.4896,2,0,0,0,benign,0,1,-100,1,0,0,0,0,0,0,200
EDCF-Shield,v3a,FALCON1024+HMAC-SHA512+AES256GCM+DKG4of7,STOLEN_KEY,0,0,48,CUMULATIVE,96,96000,0,0,0,1,0.5,1,1,1,0,100,0,0,0,1,0,0,0,76,1448,0.5,1,0.4896,2,0,0,0,benign,0,1,-100,1,0,0,0,0,0,0,200
EDCF-Shield,v3a,FALCON1024+HMAC-SHA512+AES256GCM+DKG4of7,STOLEN_KEY,0,0,49,CYCLE,98,2000,0,0,0,1,0.5,1,1,1,0,100,0,0,0,1,0,0,0,76,1448,0.5,1,0.4898,2,0,0,0,benign,0,1,-100,1,0,0,0,0,0,0,200
EDCF-Shield,v3a,FALCON1024+HMAC-SHA512+AES256GCM+DKG4of7,STOLEN_KEY,0,0,49,CUMULATIVE,98,98000,0,0,0,1,0.5,1,1,1,0,100,0,0,0,1,0,0,0,76,1448,0.5,1,0.4898,2,0,0,0,benign,0,1,-100,1,0,0,0,0,0,0,200
EDCF-Shield,v3a,FALCON1024+HMAC-SHA512+AES256GCM+DKG4of7,STOLEN_KEY,0,0,50,CYCLE,100,2000,0,0,0,1,0.5,1,1,1,0,100,0,0,0,1,0,0,0,76,1448,0.5,1,0.49,2,0,0,0,benign,0,1,-100,1,0,0,0,0,0,0,200
EDCF-Shield,v3a,FALCON1024+HMAC-SHA512+AES256GCM+DKG4of7,STOLEN_KEY,0,0,50,CUMULATIVE,100,100000,0,0,0,1,0.5,1,1,1,0,100,0,0,0,1,0,0,0,76,1448,0.5,1,0.49,2,0,0,0,benign,0,1,-100,1,0,0,0,0,0,0,200
EDCF-Shield,v3a,FALCON1024+HMAC-SHA512+AES256GCM+DKG4of7,STOLEN_KEY,0,0,51,CYCLE,102,2000,0,0,0,1,0.5,1,1,1,0,100,0,0,0,1,0,0,0,76,1448,0.5,1,0.4902,2,0,0,0,benign,0,1,-100,1,0,0,0,0,0,0,200
EDCF-Shield,v3a,FALCON1024+HMAC-SHA512+AES256GCM+DKG4of7,STOLEN_KEY,0,0,51,CUMULATIVE,102,102000,0,0,0,1,0.5,1,1,1,0,100,0,0,0,1,0,0,0,76,1448,0.5,1,0.4902,2,0,0,0,benign,0,1,-100,1,0,0,0,0,0,0,200
EDCF-Shield,v3a,FALCON1024+HMAC-SHA512+AES256GCM+DKG4of7,STOLEN_KEY,0,0,52,CYCLE,104,2000,0,0,0,1,0.5,1,1,1,0,100,0,0,0,1,0,0,0,76,1448,0.5,1,0.4904,2,0,0,0,benign,0,1,-100,1,0,0,0,0,0,0,200
EDCF-Shield,v3a,FALCON1024+HMAC-SHA512+AES256GCM+DKG4of7,STOLEN_KEY,0,0,52,CUMULATIVE,104,104000,0,0,0,1,0.5,1,1,1,0,100,0,0,0,1,0,0,0,76,1448,0.5,1,0.4904,2,0,0,0,benign,0,1,-100,1,0,0,0,0,0,0,200
EDCF-Shield,v3a,FALCON1024+HMAC-SHA512+AES256GCM+DKG4of7,STOLEN_KEY,0,0,53,CYCLE,106,2000,0,0,0,1,0.5,1,1,1,0,100,0,0,0,1,0,0,0,76,1448,0.5,1,0.4906,2,0,0,0,benign,0,1,-100,1,0,0,0,0,0,0,200
EDCF-Shield,v3a,FALCON1024+HMAC-SHA512+AES256GCM+DKG4of7,STOLEN_KEY,0,0,53,CUMULATIVE,106,106000,0,0,0,1,0.5,1,1,1,0,100,0,0,0,1,0,0,0,76,1448,0.5,1,0.4906,2,0,0,0,benign,0,1,-100,1,0,0,0,0,0,0,200
EDCF-Shield,v3a,FALCON1024+HMAC-SHA512+AES256GCM+DKG4of7,STOLEN_KEY,0,0,54,CYCLE,108,2000,0,0,0,1,0.5,1,1,1,0,100,0,0,0,1,0,0,0,76,1448,0.5,1,0.4907,2,0,0,0,benign,0,1,-100,1,0,0,0,0,0,0,200
EDCF-Shield,v3a,FALCON1024+HMAC-SHA512+AES256GCM+DKG4of7,STOLEN_KEY,0,0,54,CUMULATIVE,108,108000,0,0,0,1,0.5,1,1,1,0,100,0,0,0,1,0,0,0,76,1448,0.5,1,0.4907,2,0,0,0,benign,0,1,-100,1,0,0,0,0,0,0,200
EDCF-Shield,v3a,FALCON1024+HMAC-SHA512+AES256GCM+DKG4of7,STOLEN_KEY,0,0,55,CYCLE,110,2000,0,0,0,1,0.5,1,1,1,0,100,0,0,0,1,0,0,0,76,1448,0.5,1,0.4909,2,0,0,0,benign,0,1,-100,1,0,0,0,0,0,0,200
EDCF-Shield,v3a,FALCON1024+HMAC-SHA512+AES256GCM+DKG4of7,STOLEN_KEY,0,0,55,CUMULATIVE,110,110000,0,0,0,1,0.5,1,1,1,0,100,0,0,0,1,0,0,0,76,1448,0.5,1,0.4909,2,0,0,0,benign,0,1,-100,1,0,0,0,0,0,0,200
EDCF-Shield,v3a,FALCON1024+HMAC-SHA512+AES256GCM+DKG4of7,STOLEN_KEY,0,0,56,CYCLE,112,2000,0,0,0,1,0.5,1,1,1,0,100,0,0,0,1,0,0,0,76,1448,0.5,1,0.4911,2,0,0,0,benign,0,1,-100,1,0,0,0,0,0,0,200
EDCF-Shield,v3a,FALCON1024+HMAC-SHA512+AES256GCM+DKG4of7,STOLEN_KEY,0,0,56,CUMULATIVE,112,112000,0,0,0,1,0.5,1,1,1,0,100,0,0,0,1,0,0,0,76,1448,0.5,1,0.4911,2,0,0,0,benign,0,1,-100,1,0,0,0,0,0,0,200
EDCF-Shield,v3a,FALCON1024+HMAC-SHA512+AES256GCM+DKG4of7,STOLEN_KEY,0,0,57,CYCLE,114,2000,0,0,0,1,0.5,1,1,1,0,100,0,0,0,1,0,0,0,76,1448,0.5,1,0.4912,2,0,0,0,benign,0,1,-100,1,0,0,0,0,0,0,200
EDCF-Shield,v3a,FALCON1024+HMAC-SHA512+AES256GCM+DKG4of7,STOLEN_KEY,0,0,57,CUMULATIVE,114,114000,0,0,0,1,0.5,1,1,1,0,100,0,0,0,1,0,0,0,76,1448,0.5,1,0.4912,2,0,0,0,benign,0,1,-100,1,0,0,0,0,0,0,200
EDCF-Shield,v3a,FALCON1024+HMAC-SHA512+AES256GCM+DKG4of7,STOLEN_KEY,0,0,58,CYCLE,116,2000,0,0,0,1,0.5,1,1,1,0,100,0,0,0,1,0,0,0,76,1448,0.5,1,0.4914,2,0,0,0,benign,0,1,-100,1,0,0,0,0,0,0,200
EDCF-Shield,v3a,FALCON1024+HMAC-SHA512+AES256GCM+DKG4of7,STOLEN_KEY,0,0,58,CUMULATIVE,116,116000,0,0,0,1,0.5,1,1,1,0,100,0,0,0,1,0,0,0,76,1448,0.5,1,0.4914,2,0,0,0,benign,0,1,-100,1,0,0,0,0,0,0,200
EDCF-Shield,v3a,FALCON1024+HMAC-SHA512+AES256GCM+DKG4of7,STOLEN_KEY,0,0,59,CYCLE,118,2000,0,0,0,1,0.5,1,1,1,0,100,0,0,0,1,0,0,0,76,1448,0.5,1,0.4915,2,0,0,0,benign,0,1,-100,1,0,0,0,0,0,0,200
EDCF-Shield,v3a,FALCON1024+HMAC-SHA512+AES256GCM+DKG4of7,STOLEN_KEY,0,0,59,CUMULATIVE,118,118000,0,0,0,1,0.5,1,1,1,0,100,0,0,0,1,0,0,0,76,1448,0.5,1,0.4915,2,0,0,0,benign,0,1,-100,1,0,0,0,0,0,0,200
EDCF-Shield,v3a,FALCON1024+HMAC-SHA512+AES256GCM+DKG4of7,STOLEN_KEY,0,0,60,CYCLE,120,2000,0,0,0,1,0.5,1,1,1,0,100,0,0,0,1,0,0,0,76,1448,0.5,1,0.4917,2,0,0,0,benign,0,1,-100,1,0,0,0,0,0,0,200
EDCF-Shield,v3a,FALCON1024+HMAC-SHA512+AES256GCM+DKG4of7,STOLEN_KEY,0,0,60,CUMULATIVE,120,120000,0,0,0,1,0.5,1,1,1,0,100,0,0,0,1,0,0,0,76,1448,0.5,1,0.4917,2,0,0,0,benign,0,1,-100,1,0,0,0,0,0,0,200
EDCF-Shield,v3a,FALCON1024+HMAC-SHA512+AES256GCM+DKG4of7,STOLEN_KEY,0,0,61,CYCLE,122,2000,0,0,0,1,0.5,1,1,1,0,100,0,0,0,1,0,0,0,76,1448,0.5,1,0.4918,2,0,0,0,benign,0,1,-100,1,0,0,0,0,0,0,200
EDCF-Shield,v3a,FALCON1024+HMAC-SHA512+AES256GCM+DKG4of7,STOLEN_KEY,0,0,61,CUMULATIVE,122,122000,0,0,0,1,0.5,1,1,1,0,100,0,0,0,1,0,0,0,76,1448,0.5,1,0.4918,2,0,0,0,benign,0,1,-100,1,0,0,0,0,0,0,200
EDCF-Shield,v3a,FALCON1024+HMAC-SHA512+AES256GCM+DKG4of7,STOLEN_KEY,0,0,62,CYCLE,124,2000,0,0,0,1,0.5,1,1,1,0,100,0,0,0,1,0,0,0,76,1448,0.5,1,0.4919,2,0,0,0,benign,0,1,-100,1,0,0,0,0,0,0,200
EDCF-Shield,v3a,FALCON1024+HMAC-SHA512+AES256GCM+DKG4of7,STOLEN_KEY,0,0,62,CUMULATIVE,124,124000,0,0,0,1,0.5,1,1,1,0,100,0,0,0,1,0,0,0,76,1448,0.5,1,0.4919,2,0,0,0,benign,0,1,-100,1,0,0,0,0,0,0,200
EDCF-Shield,v3a,FALCON1024+HMAC-SHA512+AES256GCM+DKG4of7,STOLEN_KEY,0,0,63,CYCLE,126,2000,0,0,0,1,0.5,1,1,1,0,100,0,0,0,1,0,0,0,76,1448,0.5,1,0.4921,2,0,0,0,benign,0,1,-100,1,0,0,0,0,0,0,200
EDCF-Shield,v3a,FALCON1024+HMAC-SHA512+AES256GCM+DKG4of7,STOLEN_KEY,0,0,63,CUMULATIVE,126,126000,0,0,0,1,0.5,1,1,1,0,100,0,0,0,1,0,0,0,76,1448,0.5,1,0.4921,2,0,0,0,benign,0,1,-100,1,0,0,0,0,0,0,200
EDCF-Shield,v3a,FALCON1024+HMAC-SHA512+AES256GCM+DKG4of7,STOLEN_KEY,0,0,64,CYCLE,128,2000,0,0,0,1,0.5,1,1,1,0,100,0,0,0,1,0,0,0,76,1448,0.5,1,0.4922,2,0,0,0,benign,0,1,-100,1,0,0,0,0,0,0,200
EDCF-Shield,v3a,FALCON1024+HMAC-SHA512+AES256GCM+DKG4of7,STOLEN_KEY,0,0,64,CUMULATIVE,128,128000,0,0,0,1,0.5,1,1,1,0,100,0,0,0,1,0,0,0,76,1448,0.5,1,0.4922,2,0,0,0,benign,0,1,-100,1,0,0,0,0,0,0,200
EDCF-Shield,v3a,FALCON1024+HMAC-SHA512+AES256GCM+DKG4of7,STOLEN_KEY,0,0,65,CYCLE,130,2000,0,0,0,1,0.5,1,1,1,0,100,0,0,0,1,0,0,0,76,1448,0.5,1,0.4923,2,0,0,0,benign,0,1,-100,1,0,0,0,0,0,0,200
EDCF-Shield,v3a,FALCON1024+HMAC-SHA512+AES256GCM+DKG4of7,STOLEN_KEY,0,0,65,CUMULATIVE,130,130000,0,0,0,1,0.5,1,1,1,0,100,0,0,0,1,0,0,0,76,1448,0.5,1,0.4923,2,0,0,0,benign,0,1,-100,1,0,0,0,0,0,0,200
EDCF-Shield,v3a,FALCON1024+HMAC-SHA512+AES256GCM+DKG4of7,STOLEN_KEY,0,0,66,CYCLE,132,2000,0,0,0,1,0.5,1,1,1,0,100,0,0,0,1,0,0,0,76,1448,0.5,1,0.4924,2,0,0,0,benign,0,1,-100,1,0,0,0,0,0,0,200
EDCF-Shield,v3a,FALCON1024+HMAC-SHA512+AES256GCM+DKG4of7,STOLEN_KEY,0,0,66,CUMULATIVE,132,132000,0,0,0,1,0.5,1,1,1,0,100,0,0,0,1,0,0,0,76,1448,0.5,1,0.4924,2,0,0,0,benign,0,1,-100,1,0,0,0,0,0,0,200
EDCF-Shield,v3a,FALCON1024+HMAC-SHA512+AES256GCM+DKG4of7,STOLEN_KEY,0,0,67,CYCLE,134,2000,0,0,0,1,0.5,1,1,1,0,100,0,0,0,1,0,0,0,76,1448,0.5,1,0.4925,2,0,0,0,benign,0,1,-100,1,0,0,0,0,0,0,200
EDCF-Shield,v3a,FALCON1024+HMAC-SHA512+AES256GCM+DKG4of7,STOLEN_KEY,0,0,67,CUMULATIVE,134,134000,0,0,0,1,0.5,1,1,1,0,100,0,0,0,1,0,0,0,76,1448,0.5,1,0.4925,2,0,0,0,benign,0,1,-100,1,0,0,0,0,0,0,200
EDCF-Shield,v3a,FALCON1024+HMAC-SHA512+AES256GCM+DKG4of7,STOLEN_KEY,0,0,68,CYCLE,136,2000,0,0,0,1,0.5,1,1,1,0,100,0,0,0,1,0,0,0,76,1448,0.5,1,0.4926,2,0,0,0,benign,0,1,-100,1,0,0,0,0,0,0,200
EDCF-Shield,v3a,FALCON1024+HMAC-SHA512+AES256GCM+DKG4of7,STOLEN_KEY,0,0,68,CUMULATIVE,136,136000,0,0,0,1,0.5,1,1,1,0,100,0,0,0,1,0,0,0,76,1448,0.5,1,0.4926,2,0,0,0,benign,0,1,-100,1,0,0,0,0,0,0,200
EDCF-Shield,v3a,FALCON1024+HMAC-SHA512+AES256GCM+DKG4of7,STOLEN_KEY,0,0,69,CYCLE,138,2000,0,0,0,1,0.5,1,1,1,0,100,0,0,0,1,0,0,0,76,1448,0.5,1,0.4928,2,0,0,0,benign,0,1,-100,1,0,0,0,0,0,0,200
EDCF-Shield,v3a,FALCON1024+HMAC-SHA512+AES256GCM+DKG4of7,STOLEN_KEY,0,0,69,CUMULATIVE,138,138000,0,0,0,1,0.5,1,1,1,0,100,0,0,0,1,0,0,0,76,1448,0.5,1,0.4928,2,0,0,0,benign,0,1,-100,1,0,0,0,0,0,0,200
EDCF-Shield,v3a,FALCON1024+HMAC-SHA512+AES256GCM+DKG4of7,STOLEN_KEY,0,0,70,CYCLE,140,2000,0,0,0,1,0.5,1,1,1,0,100,0,0,0,1,0,0,0,76,1448,0.5,1,0.4929,2,0,0,0,benign,0,1,-100,1,0,0,0,0,0,0,200
EDCF-Shield,v3a,FALCON1024+HMAC-SHA512+AES256GCM+DKG4of7,STOLEN_KEY,0,0,70,CUMULATIVE,140,140000,0,0,0,1,0.5,1,1,1,0,100,0,0,0,1,0,0,0,76,1448,0.5,1,0.4929,2,0,0,0,benign,0,1,-100,1,0,0,0,0,0,0,200
EDCF-Shield,v3a,FALCON1024+HMAC-SHA512+AES256GCM+DKG4of7,STOLEN_KEY,0,0,71,CYCLE,142,2000,0,0,0,1,0.5,1,1,1,0,100,0,0,0,1,0,0,0,76,1448,0.5,1,0.493,2,0,0,0,benign,0,1,-100,1,0,0,0,0,0,0,200
EDCF-Shield,v3a,FALCON1024+HMAC-SHA512+AES256GCM+DKG4of7,STOLEN_KEY,0,0,71,CUMULATIVE,142,142000,0,0,0,1,0.5,1,1,1,0,100,0,0,0,1,0,0,0,76,1448,0.5,1,0.493,2,0,0,0,benign,0,1,-100,1,0,0,0,0,0,0,200
EDCF-Shield,v3a,FALCON1024+HMAC-SHA512+AES256GCM+DKG4of7,STOLEN_KEY,0,0,72,CYCLE,144,2000,0,0,0,1,0.5,1,1,1,0,100,0,0,0,1,0,0,0,76,1448,0.5,1,0.4931,2,0,0,0,benign,0,1,-100,1,0,0,0,0,0,0,200
EDCF-Shield,v3a,FALCON1024+HMAC-SHA512+AES256GCM+DKG4of7,STOLEN_KEY,0,0,72,CUMULATIVE,144,144000,0,0,0,1,0.5,1,1,1,0,100,0,0,0,1,0,0,0,76,1448,0.5,1,0.4931,2,0,0,0,benign,0,1,-100,1,0,0,0,0,0,0,200
EDCF-Shield,v3a,FALCON1024+HMAC-SHA512+AES256GCM+DKG4of7,STOLEN_KEY,0,0,73,CYCLE,146,2000,0,0,0,1,0.5,1,1,1,0,100,0,0,0,1,0,0,0,76,1448,0.5,1,0.4932,2,0,0,0,benign,0,1,-100,1,0,0,0,0,0,0,200
EDCF-Shield,v3a,FALCON1024+HMAC-SHA512+AES256GCM+DKG4of7,STOLEN_KEY,0,0,73,CUMULATIVE,146,146000,0,0,0,1,0.5,1,1,1,0,100,0,0,0,1,0,0,0,76,1448,0.5,1,0.4932,2,0,0,0,benign,0,1,-100,1,0,0,0,0,0,0,200
EDCF-Shield,v3a,FALCON1024+HMAC-SHA512+AES256GCM+DKG4of7,STOLEN_KEY,0,0,74,CYCLE,148,2000,0,0,0,1,0.5,1,1,1,0,100,0,0,0,1,0,0,0,76,1448,0.5,1,0.4932,2,0,0,0,benign,0,1,-100,1,0,0,0,0,0,0,200
EDCF-Shield,v3a,FALCON1024+HMAC-SHA512+AES256GCM+DKG4of7,STOLEN_KEY,0,0,74,CUMULATIVE,148,148000,0,0,0,1,0.5,1,1,1,0,100,0,0,0,1,0,0,0,76,1448,0.5,1,0.4932,2,0,0,0,benign,0,1,-100,1,0,0,0,0,0,0,200
EDCF-Shield,v3a,FALCON1024+HMAC-SHA512+AES256GCM+DKG4of7,STOLEN_KEY,0,0,75,CYCLE,150,2000,0,0,0,1,0.5,1,1,1,0,100,0,0,0,1,0,0,0,76,1448,0.5,1,0.4933,2,0,0,0,benign,0,1,-100,1,0,0,0,0,0,0,200
EDCF-Shield,v3a,FALCON1024+HMAC-SHA512+AES256GCM+DKG4of7,STOLEN_KEY,0,0,75,CUMULATIVE,150,150000,0,0,0,1,0.5,1,1,1,0,100,0,0,0,1,0,0,0,76,1448,0.5,1,0.4933,2,0,0,0,benign,0,1,-100,1,0,0,0,0,0,0,200
EDCF-Shield,v3a,FALCON1024+HMAC-SHA512+AES256GCM+DKG4of7,STOLEN_KEY,0,0,76,CYCLE,152,2000,0,0,0,1,0.5,1,1,1,0,100,0,0,0,1,0,0,0,76,1448,0.5,1,0.4934,2,0,0,0,benign,0,1,-100,1,0,0,0,0,0,0,200
EDCF-Shield,v3a,FALCON1024+HMAC-SHA512+AES256GCM+DKG4of7,STOLEN_KEY,0,0,76,CUMULATIVE,152,152000,0,0,0,1,0.5,1,1,1,0,100,0,0,0,1,0,0,0,76,1448,0.5,1,0.4934,2,0,0,0,benign,0,1,-100,1,0,0,0,0,0,0,200
EDCF-Shield,v3a,FALCON1024+HMAC-SHA512+AES256GCM+DKG4of7,STOLEN_KEY,0,0,77,CYCLE,154,2000,0,0,0,1,0.5,1,1,1,0,100,0,0,0,1,0,0,0,76,1448,0.5,1,0.4935,2,0,0,0,benign,0,1,-100,1,0,0,0,0,0,0,200
EDCF-Shield,v3a,FALCON1024+HMAC-SHA512+AES256GCM+DKG4of7,STOLEN_KEY,0,0,77,CUMULATIVE,154,154000,0,0,0,1,0.5,1,1,1,0,100,0,0,0,1,0,0,0,76,1448,0.5,1,0.4935,2,0,0,0,benign,0,1,-100,1,0,0,0,0,0,0,200
EDCF-Shield,v3a,FALCON1024+HMAC-SHA512+AES256GCM+DKG4of7,STOLEN_KEY,0,0,78,CYCLE,156,2000,0,0,0,1,0.5,1,1,1,0,100,0,0,0,1,0,0,0,76,1448,0.5,1,0.4936,2,0,0,0,benign,0,1,-100,1,0,0,0,0,0,0,200
EDCF-Shield,v3a,FALCON1024+HMAC-SHA512+AES256GCM+DKG4of7,STOLEN_KEY,0,0,78,CUMULATIVE,156,156000,0,0,0,1,0.5,1,1,1,0,100,0,0,0,1,0,0,0,76,1448,0.5,1,0.4936,2,0,0,0,benign,0,1,-100,1,0,0,0,0,0,0,200
EDCF-Shield,v3a,FALCON1024+HMAC-SHA512+AES256GCM+DKG4of7,STOLEN_KEY,0,0,79,CYCLE,158,2000,0,0,0,1,0.5,1,1,1,0,100,0,0,0,1,0,0,0,76,1448,0.5,1,0.4937,2,0,0,0,benign,0,1,-100,1,0,0,0,0,0,0,200
EDCF-Shield,v3a,FALCON1024+HMAC-SHA512+AES256GCM+DKG4of7,STOLEN_KEY,0,0,79,CUMULATIVE,158,158000,0,0,0,1,0.5,1,1,1,0,100,0,0,0,1,0,0,0,76,1448,0.5,1,0.4937,2,0,0,0,benign,0,1,-100,1,0,0,0,0,0,0,200
EDCF-Shield,v3a,FALCON1024+HMAC-SHA512+AES256GCM+DKG4of7,STOLEN_KEY,0,0,80,CYCLE,160,2000,0,0,0,1,0.5,1,1,1,0,100,0,0,0,1,0,0,0,76,1448,0.5,1,0.4938,2,0,0,0,benign,0,1,-100,1,0,0,0,0,0,0,200
EDCF-Shield,v3a,FALCON1024+HMAC-SHA512+AES256GCM+DKG4of7,STOLEN_KEY,0,0,80,CUMULATIVE,160,160000,0,0,0,1,0.5,1,1,1,0,100,0,0,0,1,0,0,0,76,1448,0.5,1,0.4938,2,0,0,0,benign,0,1,-100,1,0,0,0,0,0,0,200
EDCF-Shield,v3a,FALCON1024+HMAC-SHA512+AES256GCM+DKG4of7,STOLEN_KEY,0,0,81,CYCLE,162,2000,0,0,0,1,0.5,1,1,1,0,100,0,0,0,1,0,0,0,76,1448,0.5,1,0.4938,2,0,0,0,benign,0,1,-100,1,0,0,0,0,0,0,200
EDCF-Shield,v3a,FALCON1024+HMAC-SHA512+AES256GCM+DKG4of7,STOLEN_KEY,0,0,81,CUMULATIVE,162,162000,0,0,0,1,0.5,1,1,1,0,100,0,0,0,1,0,0,0,76,1448,0.5,1,0.4938,2,0,0,0,benign,0,1,-100,1,0,0,0,0,0,0,200
EDCF-Shield,v3a,FALCON1024+HMAC-SHA512+AES256GCM+DKG4of7,STOLEN_KEY,0,0,82,CYCLE,164,2000,0,0,0,1,0.5,1,1,1,0,100,0,0,0,1,0,0,0,76,1448,0.5,1,0.4939,2,0,0,0,benign,0,1,-100,1,0,0,0,0,0,0,200
EDCF-Shield,v3a,FALCON1024+HMAC-SHA512+AES256GCM+DKG4of7,STOLEN_KEY,0,0,82,CUMULATIVE,164,164000,0,0,0,1,0.5,1,1,1,0,100,0,0,0,1,0,0,0,76,1448,0.5,1,0.4939,2,0,0,0,benign,0,1,-100,1,0,0,0,0,0,0,200
EDCF-Shield,v3a,FALCON1024+HMAC-SHA512+AES256GCM+DKG4of7,STOLEN_KEY,0,0,83,CYCLE,166,2000,0,0,0,1,0.5,1,1,1,0,100,0,0,0,1,0,0,0,76,1448,0.5,1,0.494,2,0,0,0,benign,0,1,-100,1,0,0,0,0,0,0,200
EDCF-Shield,v3a,FALCON1024+HMAC-SHA512+AES256GCM+DKG4of7,STOLEN_KEY,0,0,83,CUMULATIVE,166,166000,0,0,0,1,0.5,1,1,1,0,100,0,0,0,1,0,0,0,76,1448,0.5,1,0.494,2,0,0,0,benign,0,1,-100,1,0,0,0,0,0,0,200
EDCF-Shield,v3a,FALCON1024+HMAC-SHA512+AES256GCM+DKG4of7,STOLEN_KEY,0,0,84,CYCLE,168,2000,0,0,0,1,0.5,1,1,1,0,100,0,0,0,1,0,0,0,76,1448,0.5,1,0.494,2,0,0,0,benign,0,1,-100,1,0,0,0,0,0,0,200
EDCF-Shield,v3a,FALCON1024+HMAC-SHA512+AES256GCM+DKG4of7,STOLEN_KEY,0,0,84,CUMULATIVE,168,168000,0,0,0,1,0.5,1,1,1,0,100,0,0,0,1,0,0,0,76,1448,0.5,1,0.494,2,0,0,0,benign,0,1,-100,1,0,0,0,0,0,0,200
EDCF-Shield,v3a,FALCON1024+HMAC-SHA512+AES256GCM+DKG4of7,STOLEN_KEY,0,0,85,CYCLE,170,2000,0,0,0,1,0.5,1,1,1,0,100,0,0,0,1,0,0,0,76,1448,0.5,1,0.4941,2,0,0,0,benign,0,1,-100,1,0,0,0,0,0,0,200
EDCF-Shield,v3a,FALCON1024+HMAC-SHA512+AES256GCM+DKG4of7,STOLEN_KEY,0,0,85,CUMULATIVE,170,170000,0,0,0,1,0.5,1,1,1,0,100,0,0,0,1,0,0,0,76,1448,0.5,1,0.4941,2,0,0,0,benign,0,1,-100,1,0,0,0,0,0,0,200
EDCF-Shield,v3a,FALCON1024+HMAC-SHA512+AES256GCM+DKG4of7,STOLEN_KEY,0,0,86,CYCLE,172,2000,0,0,0,1,0.5,1,1,1,0,100,0,0,0,1,0,0,0,76,1448,0.5,1,0.4942,2,0,0,0,benign,0,1,-100,1,0,0,0,0,0,0,200
EDCF-Shield,v3a,FALCON1024+HMAC-SHA512+AES256GCM+DKG4of7,STOLEN_KEY,0,0,86,CUMULATIVE,172,172000,0,0,0,1,0.5,1,1,1,0,100,0,0,0,1,0,0,0,76,1448,0.5,1,0.4942,2,0,0,0,benign,0,1,-100,1,0,0,0,0,0,0,200
EDCF-Shield,v3a,FALCON1024+HMAC-SHA512+AES256GCM+DKG4of7,STOLEN_KEY,0,0,87,CYCLE,174,2000,0,0,0,1,0.5,1,1,1,0,100,0,0,0,1,0,0,0,76,1448,0.5,1,0.4943,2,0,0,0,benign,0,1,-100,1,0,0,0,0,0,0,200
EDCF-Shield,v3a,FALCON1024+HMAC-SHA512+AES256GCM+DKG4of7,STOLEN_KEY,0,0,87,CUMULATIVE,174,174000,0,0,0,1,0.5,1,1,1,0,100,0,0,0,1,0,0,0,76,1448,0.5,1,0.4943,2,0,0,0,benign,0,1,-100,1,0,0,0,0,0,0,200
EDCF-Shield,v3a,FALCON1024+HMAC-SHA512+AES256GCM+DKG4of7,STOLEN_KEY,0,0,88,CYCLE,176,2000,0,0,0,1,0.5,1,1,1,0,100,0,0,0,1,0,0,0,76,1448,0.5,1,0.4943,2,0,0,0,benign,0,1,-100,1,0,0,0,0,0,0,200
EDCF-Shield,v3a,FALCON1024+HMAC-SHA512+AES256GCM+DKG4of7,STOLEN_KEY,0,0,88,CUMULATIVE,176,176000,0,0,0,1,0.5,1,1,1,0,100,0,0,0,1,0,0,0,76,1448,0.5,1,0.4943,2,0,0,0,benign,0,1,-100,1,0,0,0,0,0,0,200
EDCF-Shield,v3a,FALCON1024+HMAC-SHA512+AES256GCM+DKG4of7,STOLEN_KEY,0,0,89,CYCLE,178,2000,0,0,0,1,0.5,1,1,1,0,100,0,0,0,1,0,0,0,76,1448,0.5,1,0.4944,2,0,0,0,benign,0,1,-100,1,0,0,0,0,0,0,200
EDCF-Shield,v3a,FALCON1024+HMAC-SHA512+AES256GCM+DKG4of7,STOLEN_KEY,0,0,89,CUMULATIVE,178,178000,0,0,0,1,0.5,1,1,1,0,100,0,0,0,1,0,0,0,76,1448,0.5,1,0.4944,2,0,0,0,benign,0,1,-100,1,0,0,0,0,0,0,200
EDCF-Shield,v3a,FALCON1024+HMAC-SHA512+AES256GCM+DKG4of7,STOLEN_KEY,0,0,90,CYCLE,179.5,1200,0,0,0,1,0.5,1,1,1,0,100,0,0,0,1,0,0,0,76,1448,0.5,1,0.4958,2,0,0,0,benign,0,1,-100,1,0,0,0,0,0,0,200
EDCF-Shield,v3a,FALCON1024+HMAC-SHA512+AES256GCM+DKG4of7,STOLEN_KEY,0,0,90,CUMULATIVE,179.5,179200,0,0,0,1,0.5,1,1,1,0,100,0,0,0,1,0,0,0,76,1448,0.5,1,0.4958,2,0,0,0,benign,0,1,-100,1,0,0,0,0,0,0,200
EDCF-Shield,v3a,FALCON1024+HMAC-SHA512+AES256GCM+DKG4of7,STOLEN_KEY,60,22.39,1,CYCLE,2,1400,0,0,0,1,0.5,1,1,1,0,100,0,0,0,1,0,0,0,76,1448,0,1,0,0,0,0,0,V3,0,1,-100,1,0,0,0,0,0,0,200
EDCF-Shield,v3a,FALCON1024+HMAC-SHA512+AES256GCM+DKG4of7,STOLEN_KEY,60,22.39,1,CUMULATIVE,2,1400,0,0,0,1,0.5,1,1,1,0,100,0,0,0,1,0,0,0,76,1448,0,1,0,0,0,0,0,V3,0,1,-100,1,0,0,0,0,0,0,200
EDCF-Shield,v3a,FALCON1024+HMAC-SHA512+AES256GCM+DKG4of7,STOLEN_KEY,60,22.39,2,CYCLE,4,1382,35,18,119,0.91184,0.426491,0.952775,0.987143,0.92072,22.73,100,0,0.3125,0,1,3,0,0,76,1448,0.5,1,0.25,2,3,0,0,V3,1,1,-100,1,0.385,0,0,0,0,2,200
EDCF-Shield,v3a,FALCON1024+HMAC-SHA512+AES256GCM+DKG4of7,STOLEN_KEY,60,22.39,2,CUMULATIVE,4,2782,35,18,119,0.953622,0.36984,0.975969,0.993571,0.95898,22.73,100,0,0.3125,0,1,3,0,0,76,1448,0.5,1,0.25,2,3,0,0,V3,1,1,-100,1,0.385,0,0,0,0,1,200
EDCF-Shield,v3a,FALCON1024+HMAC-SHA512+AES256GCM+DKG4of7,STOLEN_KEY,60,22.39,3,CYCLE,6,1380,40,20,380,0.78022,0.348002,0.873418,0.985714,0.784091,9.52,100,0,0.207182,0,1,3,0,0,76,1448,0.43492,1,0.3333,2,3,0,0,V3,1,1,-100,1,1.435,0,0,0,0,2,200
EDCF-Shield,v3a,FALCON1024+HMAC-SHA512+AES256GCM+DKG4of7,STOLEN_KEY,60,22.39,3,CUMULATIVE,6,4162,75,38,499,0.887516,0.260188,0.939397,0.990952,0.892941,13.07,100,0,0.207182,0,1,3,0,0,76,1448,0.43492,1,0.3333,2,3,0,0,V3,1,1,-100,1,1.435,0,0,0,0,1,200
EDCF-Shield,v3a,FALCON1024+HMAC-SHA512+AES256GCM+DKG4of7,STOLEN_KEY,60,22.39,4,CYCLE,8,1380,40,20,646,0.680729,0.291937,0.805604,0.985714,0.681145,5.83,100,0,0.154362,0,1,3,0,0,76,1448,0.376676,1,0.375,2,3,0,0,V3,1,1,-100,1,3.15,0,0,0,0,2,200
EDCF-Shield,v3a,FALCON1024+HMAC-SHA512+AES256GCM+DKG4of7,STOLEN_KEY,60,22.39,4,CUMULATIVE,8,5542,115,58,1145,0.824636,0.199828,0.902092,0.989643,0.828772,9.13,100,0,0.154362,0,1,3,0,0,76,1448,0.376676,1,0.375,2,3,0,0,V3,1,1,-100,1,3.15,0,0,0,0,1,200
EDCF-Shield,v3a,FALCON1024+HMAC-SHA512+AES256GCM+DKG4of7,STOLEN_KEY,60,22.39,5,CYCLE,10,1380,1,20,799,0.627727,0.220651,0.771165,0.985714,0.633318,0.12,100,0,0.101222,0,1,3,0,0,76,1448,0.332464,1,0.4,2,3,0,0,V3,1,1,-100,1,5.15,0,0,0,0,2,200
EDCF-Shield,v3a,FALCON1024+HMAC-SHA512+AES256GCM+DKG4of7,STOLEN_KEY,60,22.39,5,CUMULATIVE,10,6922,116,78,1944,0.776821,0.130782,0.872558,0.988857,0.780735,5.63,100,0,0.101222,0,1,3,0,0,76,1448,0.332464,1,0.4,2,3,0,0,V3,1,1,-100,1,5.15,0,0,0,0,1,200
EDCF-Shield,v3a,FALCON1024+HMAC-SHA512+AES256GCM+DKG4of7,STOLEN_KEY,60,22.39,6,CYCLE,12,1380,2,20,798,0.628182,0.174379,0.771381,0.985714,0.633609,0.25,100,0,0.076227,0,1,3,0,0,76,1448,0.292128,1,0.4167,2,3,0,0,V3,1,1,-100,1,7.15,0,0,0,0,2,200
EDCF-Shield,v3a,FALCON1024+HMAC-SHA512+AES256GCM+DKG4of7,STOLEN_KEY,60,22.39,6,CUMULATIVE,12,8302,118,98,2742,0.74778,0.093909,0.85394,0.988333,0.75172,4.13,100,0,0.076227,0,1,3,0,0,76,1448,0.292128,1,0.4167,2,3,0,0,V3,1,1,-100,1,7.15,0,0,0,0,1,200
EDCF-Shield,v3a,FALCON1024+HMAC-SHA512+AES256GCM+DKG4of7,STOLEN_KEY,60,22.39,7,CYCLE,14,1380,2,20,798,0.628182,0.141328,0.771381,0.985714,0.633609,0.25,100,0,0.061538,0,1,3,0,0,76,1448,0.259091,1,0.4286,2,3,0,0,V3,1,1,-100,1,9.15,0,0,0,0,2,200
EDCF-Shield,v3a,FALCON1024+HMAC-SHA512+AES256GCM+DKG4of7,STOLEN_KEY,60,22.39,7,CUMULATIVE,14,9682,120,118,3540,0.728232,0.070041,0.841109,0.987959,0.732264,3.28,100,0,0.061538,0,1,3,0,0,76,1448,0.259091,1,0.4286,2,3,0,0,V3,1,1,-100,1,9.15,0,0,0,0,1,200
EDCF-Shield,v3a,FALCON1024+HMAC-SHA512+AES256GCM+DKG4of7,STOLEN_KEY,60,22.39,8,CYCLE,16,1380,1,20,799,0.627727,0.1156,0.771165,0.985714,0.633318,0.12,100,0,0.051467,0,1,3,0,0,76,1448,0.232084,1,0.4375,2,3,0,0,V3,1,1,-100,1,11.15,0,0,0,0,2,200
EDCF-Shield,v3a,FALCON1024+HMAC-SHA512+AES256GCM+DKG4of7,STOLEN_KEY,60,22.39,8,CUMULATIVE,16,11062,121,138,4339,0.714112,0.052404,0.831698,0.987679,0.718265,2.71,100,0,0.051467,0,1,3,0,0,76,1448,0.232084,1,0.4375,2,3,0,0,V3,1,1,-100,1,11.15,0,0,0,0,1,200
EDCF-Shield,v3a,FALCON1024+HMAC-SHA512+AES256GCM+DKG4of7,STOLEN_KEY,60,22.39,9,CYCLE,18,1380,2,20,798,0.628182,0.096425,0.771381,0.985714,0.633609,0.25,100,0,0.044679,0,1,3,0,0,76,1448,0.209624,1,0.4444,2,3,0,0,V3,1,1,-100,1,13.15,0,0,0,0,2,200
EDCF-Shield,v3a,FALCON1024+HMAC-SHA512+AES256GCM+DKG4of7,STOLEN_KEY,60,22.39,9,CUMULATIVE,18,12442,123,158,5137,0.703527,0.039722,0.824547,0.98746,0.707776,2.34,100,0,0.044679,0,1,3,0,0,76,1448,0.209624,1,0.4444,2,3,0,0,V3,1,1,-100,1,13.15,0,0,0,0,1,200
EDCF-Shield,v3a,FALCON1024+HMAC-SHA512+AES256GCM+DKG4of7,STOLEN_KEY,60,22.39,10,CYCLE,20,1380,2,20,798,0.628182,0.081084,0.771381,0.985714,0.633609,0.25,100,0,0.03962,0,1,3,0,0,76,1448,0.190746,1,0.45,2,3,0,0,V3,1,1,-100,1,15.15,0,0,0,0,2,200
EDCF-Shield,v3a,FALCON1024+HMAC-SHA512+AES256GCM+DKG4of7,STOLEN_KEY,60,22.39,10,CUMULATIVE,20,13822,125,178,5935,0.695264,0.029788,0.818912,0.987286,0.6996,2.06,100,0,0.03962,0,1,3,0,0,76,1448,0.190746,1,0.45,2,3,0,0,V3,1,1,-100,1,15.15,0,0,0,0,1,200
EDCF-Shield,v3a,FALCON1024+HMAC-SHA512+AES256GCM+DKG4of7,STOLEN_KEY,60,22.39,11,CYCLE,22,1380,1,20,799,0.627727,0.06785,0.771165,0.985714,0.633318,0.12,100,0,0.035433,0,1,3,0,0,76,1448,0.17465,1,0.4545,2,3,0,0,V3,1,1,-100,1,17.15,0,0,0,0,2,200
EDCF-Shield,v3a,FALCON1024+HMAC-SHA512+AES256GCM+DKG4of7,STOLEN_KEY,60,22.39,11,CUMULATIVE,22,15202,126,198,6734,0.688589,0.021244,0.814335,0.987143,0.693016,1.84,100,0,0.035433,0,1,3,0,0,76,1448,0.17465,1,0.4545,2,3,0,0,V3,1,1,-100,1,17.15,0,0,0,0,1,200
EDCF-Shield,v3a,FALCON1024+HMAC-SHA512+AES256GCM+DKG4of7,STOLEN_KEY,60,22.39,12,CYCLE,24,1380,2,20,798,0.628182,0.057447,0.771381,0.985714,0.633609,0.25,100,0,0.03234,0,1,3,0,0,76,1448,0.160704,1,0.4583,2,3,0,0,V3,1,1,-100,1,19.15,0,0,0,0,2,200
EDCF-Shield,v3a,FALCON1024+HMAC-SHA512+AES256GCM+DKG4of7,STOLEN_KEY,60,22.39,12,CUMULATIVE,24,16582,128,218,7532,0.683156,0.014665,0.810578,0.987024,0.68765,1.67,100,0,0.03234,0,1,3,0,0,76,1448,0.160704,1,0.4583,2,3,0,0,V3,1,1,-100,1,19.15,0,0,0,0,1,200
EDCF-Shield,v3a,FALCON1024+HMAC-SHA512+AES256GCM+DKG4of7,STOLEN_KEY,60,22.39,13,CYCLE,26,1380,2,20,798,0.628182,0.048645,0.771381,0.985714,0.633609,0.25,100,0,0.029817,0,1,3,0,0,76,1448,0.148534,1,0.4615,2,3,0,0,V3,1,1,-100,1,21.15,0,0,0,0,2,200
EDCF-Shield,v3a,FALCON1024+HMAC-SHA512+AES256GCM+DKG4of7,STOLEN_KEY,60,22.39,13,CUMULATIVE,26,17962,130,238,8330,0.67862,0.009133,0.807426,0.986923,0.683174,1.54,100,0,0.029817,0,1,3,0,0,76,1448,0.148534,1,0.4615,2,3,0,0,V3,1,1,-100,1,21.15,0,0,0,0,1,200
EDCF-Shield,v3a,FALCON1024+HMAC-SHA512+AES256GCM+DKG4of7,STOLEN_KEY,60,22.39,14,CYCLE,28,1380,1,20,799,0.627727,0.040564,0.771165,0.985714,0.633318,0.12,100,0,0.027515,0,1,3,0,0,76,1448,0.137811,1,0.4643,2,3,0,0,V3,1,1,-100,1,23.15,0,0,0,0,2,200
EDCF-Shield,v3a,FALCON1024+HMAC-SHA512+AES256GCM+DKG4of7,STOLEN_KEY,60,22.39,14,CUMULATIVE,28,19342,131,258,9129,0.67474,0.003982,0.804726,0.986837,0.679358,1.41,100,0,0.027515,0,1,3,0,0,76,1448,0.137811,1,0.4643,2,3,0,0,V3,1,1,-100,1,23.15,0,0,0,0,1,200
EDCF-Shield,v3a,FALCON1024+HMAC-SHA512+AES256GCM+DKG4of7,STOLEN_KEY,60,22.39,15,CYCLE,30,1380,2,20,798,0.628182,0.034061,0.771381,0.985714,0.633609,0.25,100,0,0.02576,0,1,3,0,0,76,1448,0.128252,1,0.4667,2,3,0,0,V3,1,1,-100,1,25.15,0,0,0,0,2,200
EDCF-Shield,v3a,FALCON1024+HMAC-SHA512+AES256GCM+DKG4of7,STOLEN_KEY,60,22.39,15,CUMULATIVE,30,20722,133,278,9927,0.671442,-0.000071,0.802416,0.986762,0.676107,1.32,100,0,0.02576,0,1,3,0,0,76,1448,0.128252,1,0.4667,2,3,0,0,V3,1,1,-100,1,25.15,0,0,0,0,1,200
EDCF-Shield,v3a,FALCON1024+HMAC-SHA512+AES256GCM+DKG4of7,STOLEN_KEY,60,22.39,16,CYCLE,32,1380,2,20,798,0.628182,0.028371,0.771381,0.985714,0.633609,0.25,100,0,0.024259,0,1,3,0,0,76,1448,0.119697,1,0.4688,2,3,0,0,V3,1,1,-100,1,27.15,0,0,0,0,2,200
EDCF-Shield,v3a,FALCON1024+HMAC-SHA512+AES256GCM+DKG4of7,STOLEN_KEY,60,22.39,16,CUMULATIVE,32,22102,135,298,10725,0.668581,-0.00361,0.800406,0.986696,0.673287,1.24,100,0,0.024259,0,1,3,0,0,76,1448,0.119697,1,0.4688,2,3,0,0,V3,1,1,-100,1,27.15,0,0,0,0,1,200
EDCF-Shield,v3a,FALCON1024+HMAC-SHA512+AES256GCM+DKG4of7,STOLEN_KEY,60,22.39,17,CYCLE,34,1380,1,20,799,0.627727,0.022908,0.771165,0.985714,0.633318,0.12,100,0,0.022796,0,1,3,0,0,76,1448,0.11199,1,0.4706,2,3,0,0,V3,1,1,-100,1,29.15,0,0,0,0,2,200
EDCF-Shield,v3a,FALCON1024+HMAC-SHA512+AES256GCM+DKG4of7,STOLEN_KEY,60,22.39,17,CUMULATIVE,34,23482,136,318,11524,0.666046,-0.007093,0.798626,0.986639,0.670799,1.17,100,0,0.022796,0,1,3,0,0,76,1448,0.11199,1,0.4706,2,3,0,0,V3,1,1,-100,1,29.15,0,0,0,0,1,200
EDCF-Shield,v3a,FALCON1024+HMAC-SHA512+AES256GCM+DKG4of7,STOLEN_KEY,60,22.39,18,CYCLE,36,1380,2,20,798,0.628182,0.01847,0.771381,0.985714,0.633609,0.25,100,0,0.021671,0,1,3,0,0,76,1448,0.104985,1,0.4722,2,3,0,0,V3,1,1,-100,1,31.15,0,0,0,0,2,200
EDCF-Shield,v3a,FALCON1024+HMAC-SHA512+AES256GCM+DKG4of7,STOLEN_KEY,60,22.39,18,CUMULATIVE,36,24862,138,338,12322,0.663834,-0.009844,0.797063,0.986587,0.668621,1.11,100,0,0.021671,0,1,3,0,0,76,1448,0.104985,1,0.4722,2,3,0,0,V3,1,1,-100,1,31.15,0,0,0,0,1,200
EDCF-Shield,v3a,FALCON1024+HMAC-SHA512+AES256GCM+DKG4of7,STOLEN_KEY,60,22.39,19,CYCLE,38,1380,2,20,798,0.628182,0.014499,0.771381,0.985714,0.633609,0.25,100,0,0.020679,0,1,3,0,0,76,1448,0.098606,1,0.4737,2,3,0,0,V3,1,1,-100,1,33.15,0,0,0,0,2,200
EDCF-Shield,v3a,FALCON1024+HMAC-SHA512+AES256GCM+DKG4of7,STOLEN_KEY,60,22.39,19,CUMULATIVE,38,26242,140,358,13120,0.661867,-0.012304,0.79567,0.986541,0.666684,1.06,100,0,0.020679,0,1,3,0,0,76,1448,0.098606,1,0.4737,2,3,0,0,V3,1,1,-100,1,33.15,0,0,0,0,1,200
EDCF-Shield,v3a,FALCON1024+HMAC-SHA512+AES256GCM+DKG4of7,STOLEN_KEY,60,22.39,20,CYCLE,40,1380,1,20,799,0.627727,0.01055,0.771165,0.985714,0.633318,0.12,100,0,0.019663,0,1,3,0,0,76,1448,0.092769,1,0.475,2,3,0,0,V3,1,1,-100,1,35.15,0,0,0,0,2,200
EDCF-Shield,v3a,FALCON1024+HMAC-SHA512+AES256GCM+DKG4of7,STOLEN_KEY,60,22.39,20,CUMULATIVE,40,27622,141,378,13919,0.660081,-0.014835,0.794409,0.9865,0.664933,1,100,0,0.019663,0,1,3,0,0,76,1448,0.092769,1,0.475,2,3,0,0,V3,1,1,-100,1,35.15,0,0,0,0,1,200
EDCF-Shield,v3a,FALCON1024+HMAC-SHA512+AES256GCM+DKG4of7,STOLEN_KEY,60,22.39,21,CYCLE,42,1380,2,20,798,0.628182,0.007334,0.771381,0.985714,0.633609,0.25,100,0,0.018883,0,1,3,0,0,76,1448,0.087388,1,0.4762,2,3,0,0,V3,1,1,-100,1,37.15,0,0,0,0,2,200
EDCF-Shield,v3a,FALCON1024+HMAC-SHA512+AES256GCM+DKG4of7,STOLEN_KEY,60,22.39,21,CUMULATIVE,42,29002,143,398,14717,0.658495,-0.016823,0.793282,0.986463,0.663373,0.96,100,0,0.018883,0,1,3,0,0,76,1448,0.087388,1,0.4762,2,3,0,0,V3,1,1,-100,1,37.15,0,0,0,0,1,200
EDCF-Shield,v3a,FALCON1024+HMAC-SHA512+AES256GCM+DKG4of7,STOLEN_KEY,60,22.39,22,CYCLE,44,1380,2,20,798,0.628182,0.004411,0.771381,0.985714,0.633609,0.25,100,0,0.018182,0,1,3,0,0,76,1448,0.082426,1,0.4773,2,3,0,0,V3,1,1,-100,1,39.15,0,0,0,0,2,200
EDCF-Shield,v3a,FALCON1024+HMAC-SHA512+AES256GCM+DKG4of7,STOLEN_KEY,60,22.39,22,CUMULATIVE,44,30382,145,418,15515,0.65706,-0.01863,0.79226,0.986429,0.66196,0.93,100,0,0.018182,0,1,3,0,0,76,1448,0.082426,1,0.4773,2,3,0,0,V3,1,1,-100,1,39.15,0,0,0,0,1,200
EDCF-Shield,v3a,FALCON1024+HMAC-SHA512+AES256GCM+DKG4of7,STOLEN_KEY,60,22.39,23,CYCLE,46,1380,1,20,799,0.627727,0.001415,0.771165,0.985714,0.633318,0.12,100,0,0.017431,0,1,3,0,0,76,1448,0.077833,1,0.4783,2,3,0,0,V3,1,1,-100,1,41.15,0,0,0,0,2,200
EDCF-Shield,v3a,FALCON1024+HMAC-SHA512+AES256GCM+DKG4of7,STOLEN_KEY,60,22.39,23,CUMULATIVE,46,31762,146,438,16314,0.655734,-0.020562,0.79132,0.986398,0.660662,0.89,100,0,0.017431,0,1,3,0,0,76,1448,0.077833,1,0.4783,2,3,0,0,V3,1,1,-100,1,41.15,0,0,0,0,1,200
EDCF-Shield,v3a,FALCON1024+HMAC-SHA512+AES256GCM+DKG4of7,STOLEN_KEY,60,22.39,24,CYCLE,48,1380,2,20,798,0.628182,-0.001018,0.771381,0.985714,0.633609,0.25,100,0,0.01686,0,1,3,0,0,76,1448,0.073555,1,0.4792,2,3,0,0,V3,1,1,-100,1,43.15,0,0,0,0,2,200
EDCF-Shield,v3a,FALCON1024+HMAC-SHA512+AES256GCM+DKG4of7,STOLEN_KEY,60,22.39,24,CUMULATIVE,48,33142,148,458,17112,0.654542,-0.022064,0.790469,0.986369,0.65949,0.86,100,0,0.01686,0,1,3,0,0,76,1448,0.073555,1,0.4792,2,3,0,0,V3,1,1,-100,1,43.15,0,0,0,0,1,200
EDCF-Shield,v3a,FALCON1024+HMAC-SHA512+AES256GCM+DKG4of7,STOLEN_KEY,60,22.39,25,CYCLE,50,1380,2,20,798,0.628182,-0.003257,0.771381,0.985714,0.633609,0.25,100,0,0.01634,0,1,3,0,0,76,1448,0.06957,1,0.48,2,3,0,0,V3,1,1,-100,1,45.15,0,0,0,0,2,200
EDCF-Shield,v3a,FALCON1024+HMAC-SHA512+AES256GCM+DKG4of7,STOLEN_KEY,60,22.39,25,CUMULATIVE,50,34522,150,478,17910,0.653449,-0.023447,0.789688,0.986343,0.658415,0.83,100,0,0.01634,0,1,3,0,0,76,1448,0.06957,1,0.48,2,3,0,0,V3,1,1,-100,1,45.15,0,0,0,0,1,200
EDCF-Shield,v3a,FALCON1024+HMAC-SHA512+AES256GCM+DKG4of7,STOLEN_KEY,60,22.39,26,CYCLE,52,1380,1,20,799,0.627727,-0.005612,0.771165,0.985714,0.633318,0.12,100,0,0.01576,0,1,3,0,0,76,1448,0.06585,1,0.4808,2,3,0,0,V3,1,1,-100,1,47.15,0,0,0,0,2,200
EDCF-Shield,v3a,FALCON1024+HMAC-SHA512+AES256GCM+DKG4of7,STOLEN_KEY,60,22.39,26,CUMULATIVE,52,35902,151,498,18709,0.652425,-0.024976,0.78896,0.986319,0.657413,0.8,100,0,0.01576,0,1,3,0,0,76,1448,0.06585,1,0.4808,2,3,0,0,V3,1,1,-100,1,47.15,0,0,0,0,1,200
EDCF-Shield,v3a,FALCON1024+HMAC-SHA512+AES256GCM+DKG4of7,STOLEN_KEY,60,22.39,27,CYCLE,54,1380,2,20,798,0.628182,-0.007515,0.771381,0.985714,0.633609,0.25,100,0,0.015326,0,1,3,0,0,76,1448,0.062356,1,0.4815,2,3,0,0,V3,1,1,-100,1,49.15,0,0,0,0,2,200
EDCF-Shield,v3a,FALCON1024+HMAC-SHA512+AES256GCM+DKG4of7,STOLEN_KEY,60,22.39,27,CUMULATIVE,54,37282,153,518,19507,0.651497,-0.02615,0.788295,0.986296,0.6565,0.78,100,0,0.015326,0,1,3,0,0,76,1448,0.062356,1,0.4815,2,3,0,0,V3,1,1,-100,1,49.15,0,0,0,0,1,200
EDCF-Shield,v3a,FALCON1024+HMAC-SHA512+AES256GCM+DKG4of7,STOLEN_KEY,60,22.39,28,CYCLE,56,1380,2,20,798,0.628182,-0.009281,0.771381,0.985714,0.633609,0.25,100,0,0.014925,0,1,3,0,0,76,1448,0.059078,1,0.4821,2,3,0,0,V3,1,1,-100,1,51.15,0,0,0,0,2,200
EDCF-Shield,v3a,FALCON1024+HMAC-SHA512+AES256GCM+DKG4of7,STOLEN_KEY,60,22.39,28,CUMULATIVE,56,38662,155,538,20305,0.650637,-0.02724,0.787678,0.986276,0.655655,0.76,100,0,0.014925,0,1,3,0,0,76,1448,0.059078,1,0.4821,2,3,0,0,V3,1,1,-100,1,51.15,0,0,0,0,1,200
EDCF-Shield,v3a,FALCON1024+HMAC-SHA512+AES256GCM+DKG4of7,STOLEN_KEY,60,22.39,29,CYCLE,58,1380,1,20,799,0.627727,-0.011185,0.771165,0.985714,0.633318,0.12,100,0,0.014463,0,1,3,0,0,76,1448,0.055996,1,0.4828,2,3,0,0,V3,1,1,-100,1,53.15,0,0,0,0,2,200
EDCF-Shield,v3a,FALCON1024+HMAC-SHA512+AES256GCM+DKG4of7,STOLEN_KEY,60,22.39,29,CUMULATIVE,58,40042,156,558,21104,0.649822,-0.028484,0.787097,0.986256,0.654859,0.73,100,0,0.014463,0,1,3,0,0,76,1448,0.055996,1,0.4828,2,3,0,0,V3,1,1,-100,1,53.15,0,0,0,0,1,200
EDCF-Shield,v3a,FALCON1024+HMAC-SHA512+AES256GCM+DKG4of7,STOLEN_KEY,60,22.39,30,CYCLE,60,1380,2,20,798,0.628182,-0.012712,0.771381,0.985714,0.633609,0.25,100,0,0.014122,0,1,3,0,0,76,1448,0.053082,1,0.4833,2,3,0,0,V3,1,1,-100,1,55.15,0,0,0,0,2,200
EDCF-Shield,v3a,FALCON1024+HMAC-SHA512+AES256GCM+DKG4of7,STOLEN_KEY,60,22.39,30,CUMULATIVE,60,41422,158,578,21902,0.649079,-0.029425,0.786563,0.986238,0.654128,0.72,100,0,0.014122,0,1,3,0,0,76,1448,0.053082,1,0.4833,2,3,0,0,V3,1,1,-100,1,55.15,0,0,0,0,1,200
EDCF-Shield,v3a,FALCON1024+HMAC-SHA512+AES256GCM+DKG4of7,STOLEN_KEY,60,22.39,31,CYCLE,62,1380,2,20,798,0.628182,-0.01414,0.771381,0.985714,0.633609,0.25,100,0,0.013805,0,1,3,0,0,76,1448,0.050332,1,0.4839,2,3,0,0,V3,1,1,-100,1,57.15,0,0,0,0,2,200
EDCF-Shield,v3a,FALCON1024+HMAC-SHA512+AES256GCM+DKG4of7,STOLEN_KEY,60,22.39,31,CUMULATIVE,62,42802,160,598,22700,0.648385,-0.030306,0.786065,0.986221,0.653446,0.7,100,0,0.013805,0,1,3,0,0,76,1448,0.050332,1,0.4839,2,3,0,0,V3,1,1,-100,1,57.15,0,0,0,0,1,200
EDCF-Shield,v3a,FALCON1024+HMAC-SHA512+AES256GCM+DKG4of7,STOLEN_KEY,60,22.39,32,CYCLE,64,1380,1,20,799,0.627727,-0.015713,0.771165,0.985714,0.633318,0.12,100,0,0.013427,0,1,3,0,0,76,1448,0.047731,1,0.4844,2,3,0,0,V3,1,1,-100,1,59.15,0,0,0,0,2,200
EDCF-Shield,v3a,FALCON1024+HMAC-SHA512+AES256GCM+DKG4of7,STOLEN_KEY,60,22.39,32,CUMULATIVE,64,44182,161,618,23499,0.647721,-0.031341,0.78559,0.986205,0.652798,0.68,100,0,0.013427,0,1,3,0,0,76,1448,0.047731,1,0.4844,2,3,0,0,V3,1,1,-100,1,59.15,0,0,0,0,1,200
EDCF-Shield,v3a,FALCON1024+HMAC-SHA512+AES256GCM+DKG4of7,STOLEN_KEY,60,22.39,33,CYCLE,66,1380,2,20,798,0.628182,-0.016964,0.771381,0.985714,0.633609,0.25,100,0,0.013153,0,1,3,0,0,76,1448,0.04526,1,0.4848,2,3,0,0,V3,1,1,-100,1,61.15,0,0,0,0,2,200
EDCF-Shield,v3a,FALCON1024+HMAC-SHA512+AES256GCM+DKG4of7,STOLEN_KEY,60,22.39,33,CUMULATIVE,66,45562,163,638,24297,0.647113,-0.032111,0.785152,0.98619,0.652199,0.67,100,0,0.013153,0,1,3,0,0,76,1448,0.04526,1,0.4848,2,3,0,0,V3,1,1,-100,1,61.15,0,0,0,0,1,200
EDCF-Shield,v3a,FALCON1024+HMAC-SHA512+AES256GCM+DKG4of7,STOLEN_KEY,60,22.39,34,CYCLE,68,1380,2,20,798,0.628182,-0.018141,0.771381,0.985714,0.633609,0.25,100,0,0.012896,0,1,3,0,0,76,1448,0.042915,1,0.4853,2,3,0,0,V3,1,1,-100,1,63.15,0,0,0,0,2,200
EDCF-Shield,v3a,FALCON1024+HMAC-SHA512+AES256GCM+DKG4of7,STOLEN_KEY,60,22.39,34,CUMULATIVE,68,46942,165,658,25095,0.646541,-0.032837,0.784741,0.986176,0.651637,0.65,100,0,0.012896,0,1,3,0,0,76,1448,0.042915,1,0.4853,2,3,0,0,V3,1,1,-100,1,63.15,0,0,0,0,1,200
EDCF-Shield,v3a,FALCON1024+HMAC-SHA512+AES256GCM+DKG4of7,STOLEN_KEY,60,22.39,35,CYCLE,70,1380,1,20,799,0.627727,-0.019465,0.771165,0.985714,0.633318,0.12,100,0,0.01258,0,1,3,0,0,76,1448,0.040687,1,0.4857,2,3,0,0,V3,1,1,-100,1,65.15,0,0,0,0,2,200
EDCF-Shield,v3a,FALCON1024+HMAC-SHA512+AES256GCM+DKG4of7,STOLEN_KEY,60,22.39,35,CUMULATIVE,70,48322,166,678,25894,0.64599,-0.033713,0.784346,0.986163,0.651099,0.64,100,0,0.01258,0,1,3,0,0,76,1448,0.040687,1,0.4857,2,3,0,0,V3,1,1,-100,1,65.15,0,0,0,0,1,200
EDCF-Shield,v3a,FALCON1024+HMAC-SHA512+AES256GCM+DKG4of7,STOLEN_KEY,60,22.39,36,CYCLE,72,1380,2,20,798,0.628182,-0.020507,0.771381,0.985714,0.633609,0.25,100,0,0.012355,0,1,3,0,0,76,1448,0.038562,1,0.4861,2,3,0,0,V3,1,1,-100,1,67.15,0,0,0,0,2,200
EDCF-Shield,v3a,FALCON1024+HMAC-SHA512+AES256GCM+DKG4of7,STOLEN_KEY,60,22.39,36,CUMULATIVE,72,49702,168,698,26692,0.645483,-0.034354,0.78398,0.986151,0.650601,0.63,100,0,0.012355,0,1,3,0,0,76,1448,0.038562,1,0.4861,2,3,0,0,V3,1,1,-100,1,67.15,0,0,0,0,1,200
EDCF-Shield,v3a,FALCON1024+HMAC-SHA512+AES256GCM+DKG4of7,STOLEN_KEY,60,22.39,37,CYCLE,74,1380,2,20,798,0.628182,-0.021493,0.771381,0.985714,0.633609,0.25,100,0,0.012143,0,1,3,0,0,76,1448,0.036536,1,0.4865,2,3,0,0,V3,1,1,-100,1,69.15,0,0,0,0,2,200
EDCF-Shield,v3a,FALCON1024+HMAC-SHA512+AES256GCM+DKG4of7,STOLEN_KEY,60,22.39,37,CUMULATIVE,74,51082,170,718,27490,0.645004,-0.034961,0.783635,0.986139,0.65013,0.61,100,0,0.012143,0,1,3,0,0,76,1448,0.036536,1,0.4865,2,3,0,0,V3,1,1,-100,1,69.15,0,0,0,0,1,200
EDCF-Shield,v3a,FALCON1024+HMAC-SHA512+AES256GCM+DKG4of7,STOLEN_KEY,60,22.39,38,CYCLE,76,1380,1,20,799,0.627727,-0.022624,0.771165,0.985714,0.633318,0.12,100,0,0.011874,0,1,3,0,0,76,1448,0.034604,1,0.4868,2,3,0,0,V3,1,1,-100,1,71.15,0,0,0,0,2,200
EDCF-Shield,v3a,FALCON1024+HMAC-SHA512+AES256GCM+DKG4of7,STOLEN_KEY,60,22.39,38,CUMULATIVE,76,52462,171,738,28289,0.644538,-0.035715,0.783301,0.986128,0.649676,0.6,100,0,0.011874,0,1,3,0,0,76,1448,0.034604,1,0.4868,2,3,0,0,V3,1,1,-100,1,71.15,0,0,0,0,1,200
EDCF-Shield,v3a,FALCON1024+HMAC-SHA512+AES256GCM+DKG4of7,STOLEN_KEY,60,22.39,39,CYCLE,78,1380,2,20,798,0.628182,-0.023505,0.771381,0.985714,0.633609,0.25,100,0,0.011687,0,1,3,0,0,76,1448,0.032753,1,0.4872,2,3,0,0,V3,1,1,-100,1,73.15,0,0,0,0,2,200
EDCF-Shield,v3a,FALCON1024+HMAC-SHA512+AES256GCM+DKG4of7,STOLEN_KEY,60,22.39,39,CUMULATIVE,78,53842,173,758,29087,0.644109,-0.036256,0.782991,0.986117,0.649254,0.59,100,0,0.011687,0,1,3,0,0,76,1448,0.032753,1,0.4872,2,3,0,0,V3,1,1,-100,1,73.15,0,0,0,0,1,200
EDCF-Shield,v3a,FALCON1024+HMAC-SHA512+AES256GCM+DKG4of7,STOLEN_KEY,60,22.39,40,CYCLE,80,1380,2,20,798,0.628182,-0.024342,0.771381,0.985714,0.633609,0.25,100,0,0.011509,0,1,3,0,0,76,1448,0.030984,1,0.4875,2,3,0,0,V3,1,1,-100,1,75.15,0,0,0,0,2,200
EDCF-Shield,v3a,FALCON1024+HMAC-SHA512+AES256GCM+DKG4of7,STOLEN_KEY,60,22.39,40,CUMULATIVE,80,55222,175,778,29885,0.643702,-0.03677,0.782697,0.986107,0.648854,0.58,100,0,0.011509,0,1,3,0,0,76,1448,0.030984,1,0.4875,2,3,0,0,V3,1,1,-100,1,75.15,0,0,0,0,1,200
EDCF-Shield,v3a,FALCON1024+HMAC-SHA512+AES256GCM+DKG4of7,STOLEN_KEY,60,22.39,41,CYCLE,82,1380,1,20,799,0.627727,-0.025321,0.771165,0.985714,0.633318,0.12,100,0,0.011278,0,1,3,0,0,76,1448,0.02929,1,0.4878,2,3,0,0,V3,1,1,-100,1,77.15,0,0,0,0,2,200
EDCF-Shield,v3a,FALCON1024+HMAC-SHA512+AES256GCM+DKG4of7,STOLEN_KEY,60,22.39,41,CUMULATIVE,82,56602,176,798,30684,0.643304,-0.037426,0.782412,0.986098,0.648466,0.57,100,0,0.011278,0,1,3,0,0,76,1448,0.02929,1,0.4878,2,3,0,0,V3,1,1,-100,1,77.15,0,0,0,0,1,200
EDCF-Shield,v3a,FALCON1024+HMAC-SHA512+AES256GCM+DKG4of7,STOLEN_KEY,60,22.39,42,CYCLE,84,1380,2,20,798,0.628182,-0.026075,0.771381,0.985714,0.633609,0.25,100,0,0.011119,0,1,3,0,0,76,1448,0.027663,1,0.4881,2,3,0,0,V3,1,1,-100,1,79.15,0,0,0,0,2,200
EDCF-Shield,v3a,FALCON1024+HMAC-SHA512+AES256GCM+DKG4of7,STOLEN_KEY,60,22.39,42,CUMULATIVE,84,57982,178,818,31482,0.642936,-0.037889,0.782145,0.986088,0.648104,0.56,100,0,0.011119,0,1,3,0,0,76,1448,0.027663,1,0.4881,2,3,0,0,V3,1,1,-100,1,79.15,0,0,0,0,1,200
EDCF-Shield,v3a,FALCON1024+HMAC-SHA512+AES256GCM+DKG4of7,STOLEN_KEY,60,22.39,43,CYCLE,86,1380,2,20,798,0.628182,-0.026794,0.771381,0.985714,0.633609,0.25,100,0,0.010969,0,1,3,0,0,76,1448,0.026102,1,0.4884,2,3,0,0,V3,1,1,-100,1,81.15,0,0,0,0,2,200
EDCF-Shield,v3a,FALCON1024+HMAC-SHA512+AES256GCM+DKG4of7,STOLEN_KEY,60,22.39,43,CUMULATIVE,86,59362,180,838,32280,0.642586,-0.03833,0.781892,0.98608,0.64776,0.55,100,0,0.010969,0,1,3,0,0,76,1448,0.026102,1,0.4884,2,3,0,0,V3,1,1,-100,1,81.15,0,0,0,0,1,200
EDCF-Shield,v3a,FALCON1024+HMAC-SHA512+AES256GCM+DKG4of7,STOLEN_KEY,60,22.39,44,CYCLE,88,1380,1,20,799,0.627727,-0.027651,0.771165,0.985714,0.633318,0.12,100,0,0.010767,0,1,3,0,0,76,1448,0.024604,1,0.4886,2,3,0,0,V3,1,1,-100,1,83.15,0,0,0,0,2,200
EDCF-Shield,v3a,FALCON1024+HMAC-SHA512+AES256GCM+DKG4of7,STOLEN_KEY,60,22.39,44,CUMULATIVE,88,60742,181,858,33079,0.642241,-0.038907,0.781645,0.986071,0.647424,0.54,100,0,0.010767,0,1,3,0,0,76,1448,0.024604,1,0.4886,2,3,0,0,V3,1,1,-100,1,83.15,0,0,0,0,1,200
EDCF-Shield,v3a,FALCON1024+HMAC-SHA512+AES256GCM+DKG4of7,STOLEN_KEY,60,22.39,45,CYCLE,90,1380,2,20,798,0.628182,-0.028302,0.771381,0.985714,0.633609,0.25,100,0,0.010631,0,1,3,0,0,76,1448,0.02316,1,0.4889,2,3,0,0,V3,1,1,-100,1,85.15,0,0,0,0,2,200
EDCF-Shield,v3a,FALCON1024+HMAC-SHA512+AES256GCM+DKG4of7,STOLEN_KEY,60,22.39,45,CUMULATIVE,90,62122,183,878,33877,0.641923,-0.039306,0.781414,0.986063,0.647111,0.54,100,0,0.010631,0,1,3,0,0,76,1448,0.02316,1,0.4889,2,3,0,0,V3,1,1,-100,1,85.15,0,0,0,0,1,200
EDCF-Shield,v3a,FALCON1024+HMAC-SHA512+AES256GCM+DKG4of7,STOLEN_KEY,60,22.39,46,CYCLE,92,1380,2,20,798,0.628182,-0.028926,0.771381,0.985714,0.633609,0.25,100,0,0.010502,0,1,3,0,0,76,1448,0.021772,1,0.4891,2,3,0,0,V3,1,1,-100,1,87.15,0,0,0,0,2,200
EDCF-Shield,v3a,FALCON1024+HMAC-SHA512+AES256GCM+DKG4of7,STOLEN_KEY,60,22.39,46,CUMULATIVE,92,63502,185,898,34675,0.641618,-0.039688,0.781193,0.986056,0.646811,0.53,100,0,0.010502,0,1,3,0,0,76,1448,0.021772,1,0.4891,2,3,0,0,V3,1,1,-100,1,87.15,0,0,0,0,1,200
EDCF-Shield,v3a,FALCON1024+HMAC-SHA512+AES256GCM+DKG4of7,STOLEN_KEY,60,22.39,47,CYCLE,94,1380,1,20,799,0.627727,-0.029683,0.771165,0.985714,0.633318,0.12,100,0,0.010324,0,1,3,0,0,76,1448,0.020436,1,0.4894,2,3,0,0,V3,1,1,-100,1,89.15,0,0,0,0,2,200
EDCF-Shield,v3a,FALCON1024+HMAC-SHA512+AES256GCM+DKG4of7,STOLEN_KEY,60,22.39,47,CUMULATIVE,94,64882,186,918,35474,0.641317,-0.040201,0.780977,0.986049,0.646518,0.52,100,0,0.010324,0,1,3,0,0,76,1448,0.020436,1,0.4894,2,3,0,0,V3,1,1,-100,1,89.15,0,0,0,0,1,200
EDCF-Shield,v3a,FALCON1024+HMAC-SHA512+AES256GCM+DKG4of7,STOLEN_KEY,60,22.39,48,CYCLE,96,1380,2,20,798,0.628182,-0.030251,0.771381,0.985714,0.633609,0.25,100,0,0.010207,0,1,3,0,0,76,1448,0.019146,1,0.4896,2,3,0,0,V3,1,1,-100,1,91.15,0,0,0,0,2,200
EDCF-Shield,v3a,FALCON1024+HMAC-SHA512+AES256GCM+DKG4of7,STOLEN_KEY,60,22.39,48,CUMULATIVE,96,66262,188,938,36272,0.641038,-0.040548,0.780775,0.986042,0.646244,0.52,100,0,0.010207,0,1,3,0,0,76,1448,0.019146,1,0.4896,2,3,0,0,V3,1,1,-100,1,91.15,0,0,0,0,1,200
EDCF-Shield,v3a,FALCON1024+HMAC-SHA512+AES256GCM+DKG4of7,STOLEN_KEY,60,22.39,49,CYCLE,98,1380,2,20,798,0.628182,-0.030797,0.771381,0.985714,0.633609,0.25,100,0,0.010096,0,1,3,0,0,76,1448,0.017902,1,0.4898,2,3,0,0,V3,1,1,-100,1,93.15,0,0,0,0,2,200
EDCF-Shield,v3a,FALCON1024+HMAC-SHA512+AES256GCM+DKG4of7,STOLEN_KEY,60,22.39,49,CUMULATIVE,98,67642,190,958,37070,0.640771,-0.040882,0.780581,0.986035,0.645981,0.51,100,0,0.010096,0,1,3,0,0,76,1448,0.017902,1,0.4898,2,3,0,0,V3,1,1,-100,1,93.15,0,0,0,0,1,200
EDCF-Shield,v3a,FALCON1024+HMAC-SHA512+AES256GCM+DKG4of7,STOLEN_KEY,60,22.39,50,CYCLE,100,1380,1,20,799,0.627727,-0.031471,0.771165,0.985714,0.633318,0.12,100,0,0.009937,0,1,3,0,0,76,1448,0.016703,1,0.49,2,3,0,0,V3,1,1,-100,1,95.15,0,0,0,0,2,200
EDCF-Shield,v3a,FALCON1024+HMAC-SHA512+AES256GCM+DKG4of7,STOLEN_KEY,60,22.39,50,CUMULATIVE,100,69022,191,978,37869,0.640505,-0.041341,0.78039,0.986029,0.645723,0.5,100,0,0.009937,0,1,3,0,0,76,1448,0.016703,1,0.49,2,3,0,0,V3,1,1,-100,1,95.15,0,0,0,0,1,200
EDCF-Shield,v3a,FALCON1024+HMAC-SHA512+AES256GCM+DKG4of7,STOLEN_KEY,60,22.39,51,CYCLE,102,1380,2,20,798,0.628182,-0.031971,0.771381,0.985714,0.633609,0.25,100,0,0.009835,0,1,3,0,0,76,1448,0.015542,1,0.4902,2,3,0,0,V3,1,1,-100,1,97.15,0,0,0,0,2,200
EDCF-Shield,v3a,FALCON1024+HMAC-SHA512+AES256GCM+DKG4of7,STOLEN_KEY,60,22.39,51,CUMULATIVE,102,70402,193,998,38667,0.640259,-0.041646,0.780212,0.986022,0.645481,0.5,100,0,0.009835,0,1,3,0,0,76,1448,0.015542,1,0.4902,2,3,0,0,V3,1,1,-100,1,97.15,0,0,0,0,1,200
EDCF-Shield,v3a,FALCON1024+HMAC-SHA512+AES256GCM+DKG4of7,STOLEN_KEY,60,22.39,52,CYCLE,104,1380,2,20,798,0.628182,-0.032452,0.771381,0.985714,0.633609,0.25,100,0,0.009738,0,1,3,0,0,76,1448,0.01442,1,0.4904,2,3,0,0,V3,1,1,-100,1,99.15,0,0,0,0,2,200
EDCF-Shield,v3a,FALCON1024+HMAC-SHA512+AES256GCM+DKG4of7,STOLEN_KEY,60,22.39,52,CUMULATIVE,104,71782,195,1018,39465,0.640023,-0.041939,0.78004,0.986016,0.645249,0.49,100,0,0.009738,0,1,3,0,0,76,1448,0.01442,1,0.4904,2,3,0,0,V3,1,1,-100,1,99.15,0,0,0,0,1,200
EDCF-Shield,v3a,FALCON1024+HMAC-SHA512+AES256GCM+DKG4of7,STOLEN_KEY,60,22.39,53,CYCLE,106,1380,1,20,799,0.627727,-0.033056,0.771165,0.985714,0.633318,0.12,100,0,0.009596,0,1,3,0,0,76,1448,0.013337,1,0.4906,2,3,0,0,V3,1,1,-100,1,101.15,0,0,0,0,2,200
EDCF-Shield,v3a,FALCON1024+HMAC-SHA512+AES256GCM+DKG4of7,STOLEN_KEY,60,22.39,53,CUMULATIVE,106,73162,196,1038,40264,0.639787,-0.042353,0.779871,0.986011,0.64502,0.48,100,0,0.009596,0,1,3,0,0,76,1448,0.013337,1,0.4906,2,3,0,0,V3,1,1,-100,1,101.15,0,0,0,0,1,200
EDCF-Shield,v3a,FALCON1024+HMAC-SHA512+AES256GCM+DKG4of7,STOLEN_KEY,60,22.39,54,CYCLE,108,1380,2,20,798,0.628182,-0.033499,0.771381,0.985714,0.633609,0.25,100,0,0.009506,0,1,3,0,0,76,1448,0.012286,1,0.4907,2,3,0,0,V3,1,1,-100,1,103.15,0,0,0,0,2,200
EDCF-Shield,v3a,FALCON1024+HMAC-SHA512+AES256GCM+DKG4of7,STOLEN_KEY,60,22.39,54,CUMULATIVE,108,74542,198,1058,41062,0.639569,-0.042622,0.779712,0.986005,0.644805,0.48,100,0,0.009506,0,1,3,0,0,76,1448,0.012286,1,0.4907,2,3,0,0,V3,1,1,-100,1,103.15,0,0,0,0,1,200
EDCF-Shield,v3a,FALCON1024+HMAC-SHA512+AES256GCM+DKG4of7,STOLEN_KEY,60,22.39,55,CYCLE,110,1380,2,20,798,0.628182,-0.033926,0.771381,0.985714,0.633609,0.25,100,0,0.009421,0,1,3,0,0,76,1448,0.011269,1,0.4909,2,3,0,0,V3,1,1,-100,1,105.15,0,0,0,0,2,200
EDCF-Shield,v3a,FALCON1024+HMAC-SHA512+AES256GCM+DKG4of7,STOLEN_KEY,60,22.39,55,CUMULATIVE,110,75922,200,1078,41860,0.639358,-0.042882,0.779559,0.986,0.644598,0.48,100,0,0.009421,0,1,3,0,0,76,1448,0.011269,1,0.4909,2,3,0,0,V3,1,1,-100,1,105.15,0,0,0,0,1,200
EDCF-Shield,v3a,FALCON1024+HMAC-SHA512+AES256GCM+DKG4of7,STOLEN_KEY,60,22.39,56,CYCLE,112,1380,1,20,799,0.627727,-0.034472,0.771165,0.985714,0.633318,0.12,100,0,0.009292,0,1,3,0,0,76,1448,0.010284,1,0.4911,2,3,0,0,V3,1,1,-100,1,107.15,0,0,0,0,2,200
EDCF-Shield,v3a,FALCON1024+HMAC-SHA512+AES256GCM+DKG4of7,STOLEN_KEY,60,22.39,56,CUMULATIVE,112,77302,201,1098,42659,0.639147,-0.043258,0.779407,0.985995,0.644393,0.47,100,0,0.009292,0,1,3,0,0,76,1448,0.010284,1,0.4911,2,3,0,0,V3,1,1,-100,1,107.15,0,0,0,0,1,200
EDCF-Shield,v3a,FALCON1024+HMAC-SHA512+AES256GCM+DKG4of7,STOLEN_KEY,60,22.39,57,CYCLE,114,1380,2,20,798,0.628182,-0.034867,0.771381,0.985714,0.633609,0.25,100,0,0.009213,0,1,3,0,0,76,1448,0.009328,1,0.4912,2,3,0,0,V3,1,1,-100,1,109.15,0,0,0,0,2,200
EDCF-Shield,v3a,FALCON1024+HMAC-SHA512+AES256GCM+DKG4of7,STOLEN_KEY,60,22.39,57,CUMULATIVE,114,78682,203,1118,43457,0.638952,-0.043497,0.779265,0.98599,0.6442,0.46,100,0,0.009213,0,1,3,0,0,76,1448,0.009328,1,0.4912,2,3,0,0,V3,1,1,-100,1,109.15,0,0,0,0,1,200
EDCF-Shield,v3a,FALCON1024+HMAC-SHA512+AES256GCM+DKG4of7,STOLEN_KEY,60,22.39,58,CYCLE,116,1380,2,20,798,0.628182,-0.035248,0.771381,0.985714,0.633609,0.25,100,0,0.009138,0,1,3,0,0,76,1448,0.008402,1,0.4914,2,3,0,0,V3,1,1,-100,1,111.15,0,0,0,0,2,200
EDCF-Shield,v3a,FALCON1024+HMAC-SHA512+AES256GCM+DKG4of7,STOLEN_KEY,60,22.39,58,CUMULATIVE,116,80062,205,1138,44255,0.638763,-0.043729,0.779128,0.985985,0.644015,0.46,100,0,0.009138,0,1,3,0,0,76,1448,0.008402,1,0.4914,2,3,0,0,V3,1,1,-100,1,111.15,0,0,0,0,1,200
EDCF-Shield,v3a,FALCON1024+HMAC-SHA512+AES256GCM+DKG4of7,STOLEN_KEY,60,22.39,59,CYCLE,118,1380,1,20,799,0.627727,-0.035744,0.771165,0.985714,0.633318,0.12,100,0,0.009021,0,1,3,0,0,76,1448,0.007503,1,0.4915,2,3,0,0,V3,1,1,-100,1,113.15,0,0,0,0,2,200
EDCF-Shield,v3a,FALCON1024+HMAC-SHA512+AES256GCM+DKG4of7,STOLEN_KEY,60,22.39,59,CUMULATIVE,118,81442,206,1158,45054,0.638573,-0.044071,0.778991,0.985981,0.643831,0.46,100,0,0.009021,0,1,3,0,0,76,1448,0.007503,1,0.4915,2,3,0,0,V3,1,1,-100,1,113.15,0,0,0,0,1,200
EDCF-Shield,v3a,FALCON1024+HMAC-SHA512+AES256GCM+DKG4of7,STOLEN_KEY,60,22.39,60,CYCLE,120,1380,2,20,798,0.628182,-0.036098,0.771381,0.985714,0.633609,0.25,100,0,0.008951,0,1,3,0,0,76,1448,0.006629,1,0.4917,2,3,0,0,V3,1,1,-100,1,115.15,0,0,0,0,2,200
EDCF-Shield,v3a,FALCON1024+HMAC-SHA512+AES256GCM+DKG4of7,STOLEN_KEY,60,22.39,60,CUMULATIVE,120,82822,208,1178,45852,0.638398,-0.044286,0.778863,0.985976,0.643658,0.45,100,0,0.008951,0,1,3,0,0,76,1448,0.006629,1,0.4917,2,3,0,0,V3,1,1,-100,1,115.15,0,0,0,0,1,200
EDCF-Shield,v3a,FALCON1024+HMAC-SHA512+AES256GCM+DKG4of7,STOLEN_KEY,60,22.39,61,CYCLE,122,1380,2,20,798,0.628182,-0.03644,0.771381,0.985714,0.633609,0.25,100,0,0.008883,0,1,3,0,0,76,1448,0.00578,1,0.4918,2,3,0,0,V3,1,1,-100,1,117.15,0,0,0,0,2,200
EDCF-Shield,v3a,FALCON1024+HMAC-SHA512+AES256GCM+DKG4of7,STOLEN_KEY,60,22.39,61,CUMULATIVE,122,84202,210,1198,46650,0.638228,-0.044493,0.77874,0.985972,0.64349,0.45,100,0,0.008883,0,1,3,0,0,76,1448,0.00578,1,0.4918,2,3,0,0,V3,1,1,-100,1,117.15,0,0,0,0,1,200
EDCF-Shield,v3a,FALCON1024+HMAC-SHA512+AES256GCM+DKG4of7,STOLEN_KEY,60,22.39,62,CYCLE,124,1380,1,20,799,0.627727,-0.036893,0.771165,0.985714,0.633318,0.12,100,0,0.008777,0,1,3,0,0,76,1448,0.004956,1,0.4919,2,3,0,0,V3,1,1,-100,1,119.15,0,0,0,0,2,200
EDCF-Shield,v3a,FALCON1024+HMAC-SHA512+AES256GCM+DKG4of7,STOLEN_KEY,60,22.39,62,CUMULATIVE,124,85582,211,1218,47449,0.638056,-0.044807,0.778616,0.985968,0.643324,0.44,100,0,0.008777,0,1,3,0,0,76,1448,0.004956,1,0.4919,2,3,0,0,V3,1,1,-100,1,119.15,0,0,0,0,1,200
EDCF-Shield,v3a,FALCON1024+HMAC-SHA512+AES256GCM+DKG4of7,STOLEN_KEY,60,22.39,63,CYCLE,126,1380,2,20,798,0.628182,-0.037211,0.771381,0.985714,0.633609,0.25,100,0,0.008714,0,1,3,0,0,76,1448,0.004153,1,0.4921,2,3,0,0,V3,1,1,-100,1,121.15,0,0,0,0,2,200
EDCF-Shield,v3a,FALCON1024+HMAC-SHA512+AES256GCM+DKG4of7,STOLEN_KEY,60,22.39,63,CUMULATIVE,126,86962,213,1238,48247,0.637897,-0.044999,0.7785,0.985964,0.643167,0.44,100,0,0.008714,0,1,3,0,0,76,1448,0.004153,1,0.4921,2,3,0,0,V3,1,1,-100,1,121.15,0,0,0,0,1,200
EDCF-Shield,v3a,FALCON1024+HMAC-SHA512+AES256GCM+DKG4of7,STOLEN_KEY,60,22.39,64,CYCLE,128,1380,2,20,798,0.628182,-0.03752,0.771381,0.985714,0.633609,0.25,100,0,0.008654,0,1,3,0,0,76,1448,0.003373,1,0.4922,2,3,0,0,V3,1,1,-100,1,123.15,0,0,0,0,2,200
EDCF-Shield,v3a,FALCON1024+HMAC-SHA512+AES256GCM+DKG4of7,STOLEN_KEY,60,22.39,64,CUMULATIVE,128,88342,215,1258,49045,0.637743,-0.045186,0.778388,0.98596,0.643016,0.44,100,0,0.008654,0,1,3,0,0,76,1448,0.003373,1,0.4922,2,3,0,0,V3,1,1,-100,1,123.15,0,0,0,0,1,200
EDCF-Shield,v3a,FALCON1024+HMAC-SHA512+AES256GCM+DKG4of7,STOLEN_KEY,60,22.39,65,CYCLE,130,1380,1,20,799,0.627727,-0.037935,0.771165,0.985714,0.633318,0.12,100,0,0.008556,0,1,3,0,0,76,1448,0.002614,1,0.4923,2,3,0,0,V3,1,1,-100,1,125.15,0,0,0,0,2,200
EDCF-Shield,v3a,FALCON1024+HMAC-SHA512+AES256GCM+DKG4of7,STOLEN_KEY,60,22.39,65,CUMULATIVE,130,89722,216,1278,49844,0.637587,-0.045475,0.778276,0.985956,0.642864,0.43,100,0,0.008556,0,1,3,0,0,76,1448,0.002614,1,0.4923,2,3,0,0,V3,1,1,-100,1,125.15,0,0,0,0,1,200
EDCF-Shield,v3a,FALCON1024+HMAC-SHA512+AES256GCM+DKG4of7,STOLEN_KEY,60,22.39,66,CYCLE,132,1380,2,20,798,0.628182,-0.038224,0.771381,0.985714,0.633609,0.25,100,0,0.0085,0,1,3,0,0,76,1448,0.001875,1,0.4924,2,3,0,0,V3,1,1,-100,1,127.15,0,0,0,0,2,200
EDCF-Shield,v3a,FALCON1024+HMAC-SHA512+AES256GCM+DKG4of7,STOLEN_KEY,60,22.39,66,CUMULATIVE,132,91102,218,1298,50642,0.637442,-0.045649,0.778171,0.985952,0.642722,0.43,100,0,0.0085,0,1,3,0,0,76,1448,0.001875,1,0.4924,2,3,0,0,V3,1,1,-100,1,127.15,0,0,0,0,1,200
EDCF-Shield,v3a,FALCON1024+HMAC-SHA512+AES256GCM+DKG4of7,STOLEN_KEY,60,22.39,67,CYCLE,134,1380,2,20,798,0.628182,-0.038504,0.771381,0.985714,0.633609,0.25,100,0,0.008445,0,1,3,0,0,76,1448,0.001154,1,0.4925,2,3,0,0,V3,1,1,-100,1,129.15,0,0,0,0,2,200
EDCF-Shield,v3a,FALCON1024+HMAC-SHA512+AES256GCM+DKG4of7,STOLEN_KEY,60,22.39,67,CUMULATIVE,134,92482,220,1318,51440,0.637302,-0.045818,0.778069,0.985949,0.642584,0.43,100,0,0.008445,0,1,3,0,0,76,1448,0.001154,1,0.4925,2,3,0,0,V3,1,1,-100,1,129.15,0,0,0,0,1,200
EDCF-Shield,v3a,FALCON1024+HMAC-SHA512+AES256GCM+DKG4of7,STOLEN_KEY,60,22.39,68,CYCLE,136,1380,1,20,799,0.627727,-0.038886,0.771165,0.985714,0.633318,0.12,100,0,0.008355,0,1,3,0,0,76,1448,0.000453,1,0.4926,2,3,0,0,V3,1,1,-100,1,131.15,0,0,0,0,2,200
EDCF-Shield,v3a,FALCON1024+HMAC-SHA512+AES256GCM+DKG4of7,STOLEN_KEY,60,22.39,68,CUMULATIVE,136,93862,221,1338,52239,0.63716,-0.046085,0.777966,0.985945,0.642446,0.42,100,0,0.008355,0,1,3,0,0,76,1448,0.000453,1,0.4926,2,3,0,0,V3,1,1,-100,1,131.15,0,0,0,0,1,200
EDCF-Shield,v3a,FALCON1024+HMAC-SHA512+AES256GCM+DKG4of7,STOLEN_KEY,60,22.39,69,CYCLE,138,1380,2,20,798,0.628182,-0.039148,0.771381,0.985714,0.633609,0.25,100,0,0.008304,0,1,3,0,0,76,1448,-0.000231,1,0.4928,2,3,0,0,V3,1,1,-100,1,133.15,0,0,0,0,2,200
EDCF-Shield,v3a,FALCON1024+HMAC-SHA512+AES256GCM+DKG4of7,STOLEN_KEY,60,22.39,69,CUMULATIVE,138,95242,223,1358,53037,0.637028,-0.046243,0.77787,0.985942,0.642316,0.42,100,0,0.008304,0,1,3,0,0,76,1448,-0.000231,1,0.4928,2,3,0,0,V3,1,1,-100,1,133.15,0,0,0,0,1,200
EDCF-Shield,v3a,FALCON1024+HMAC-SHA512+AES256GCM+DKG4of7,STOLEN_KEY,60,22.39,70,CYCLE,140,1380,2,20,798,0.628182,-0.039403,0.771381,0.985714,0.633609,0.25,100,0,0.008255,0,1,3,0,0,76,1448,-0.000898,1,0.4929,2,3,0,0,V3,1,1,-100,1,135.15,0,0,0,0,2,200
EDCF-Shield,v3a,FALCON1024+HMAC-SHA512+AES256GCM+DKG4of7,STOLEN_KEY,60,22.39,70,CUMULATIVE,140,96622,225,1378,53835,0.6369,-0.046396,0.777776,0.985939,0.64219,0.42,100,0,0.008255,0,1,3,0,0,76,1448,-0.000898,1,0.4929,2,3,0,0,V3,1,1,-100,1,135.15,0,0,0,0,1,200
EDCF-Shield,v3a,FALCON1024+HMAC-SHA512+AES256GCM+DKG4of7,STOLEN_KEY,60,22.39,71,CYCLE,142,1380,1,20,799,0.627727,-0.039756,0.771165,0.985714,0.633318,0.12,100,0,0.008172,0,1,3,0,0,76,1448,-0.001548,1,0.493,2,3,0,0,V3,1,1,-100,1,137.15,0,0,0,0,2,200
EDCF-Shield,v3a,FALCON1024+HMAC-SHA512+AES256GCM+DKG4of7,STOLEN_KEY,60,22.39,71,CUMULATIVE,142,98002,226,1398,54634,0.636769,-0.046644,0.777683,0.985936,0.642063,0.41,100,0,0.008172,0,1,3,0,0,76,1448,-0.001548,1,0.493,2,3,0,0,V3,1,1,-100,1,137.15,0,0,0,0,1,200
EDCF-Shield,v3a,FALCON1024+HMAC-SHA512+AES256GCM+DKG4of7,STOLEN_KEY,60,22.39,72,CYCLE,144,1380,2,20,798,0.628182,-0.039996,0.771381,0.985714,0.633609,0.25,100,0,0.008126,0,1,3,0,0,76,1448,-0.002183,1,0.4931,2,3,0,0,V3,1,1,-100,1,139.15,0,0,0,0,2,200
EDCF-Shield,v3a,FALCON1024+HMAC-SHA512+AES256GCM+DKG4of7,STOLEN_KEY,60,22.39,72,CUMULATIVE,144,99382,228,1418,55432,0.636648,-0.046787,0.777594,0.985933,0.641945,0.41,100,0,0.008126,0,1,3,0,0,76,1448,-0.002183,1,0.4931,2,3,0,0,V3,1,1,-100,1,139.15,0,0,0,0,1,200
EDCF-Shield,v3a,FALCON1024+HMAC-SHA512+AES256GCM+DKG4of7,STOLEN_KEY,60,22.39,73,CYCLE,146,1380,2,20,798,0.628182,-0.040228,0.771381,0.985714,0.633609,0.25,100,0,0.008082,0,1,3,0,0,76,1448,-0.002802,1,0.4932,2,3,0,0,V3,1,1,-100,1,141.15,0,0,0,0,2,200
EDCF-Shield,v3a,FALCON1024+HMAC-SHA512+AES256GCM+DKG4of7,STOLEN_KEY,60,22.39,73,CUMULATIVE,146,100762,230,1438,56230,0.636531,-0.046927,0.777509,0.98593,0.641829,0.41,100,0,0.008082,0,1,3,0,0,76,1448,-0.002802,1,0.4932,2,3,0,0,V3,1,1,-100,1,141.15,0,0,0,0,1,200
EDCF-Shield,v3a,FALCON1024+HMAC-SHA512+AES256GCM+DKG4of7,STOLEN_KEY,60,22.39,74,CYCLE,148,1380,1,20,799,0.627727,-0.040556,0.771165,0.985714,0.633318,0.12,100,0,0.008004,0,1,3,0,0,76,1448,-0.003407,1,0.4932,2,3,0,0,V3,1,1,-100,1,143.15,0,0,0,0,2,200
EDCF-Shield,v3a,FALCON1024+HMAC-SHA512+AES256GCM+DKG4of7,STOLEN_KEY,60,22.39,74,CUMULATIVE,148,102142,231,1458,57029,0.636411,-0.047158,0.777422,0.985927,0.641712,0.4,100,0,0.008004,0,1,3,0,0,76,1448,-0.003407,1,0.4932,2,3,0,0,V3,1,1,-100,1,143.15,0,0,0,0,1,200
EDCF-Shield,v3a,FALCON1024+HMAC-SHA512+AES256GCM+DKG4of7,STOLEN_KEY,60,22.39,75,CYCLE,150,1380,2,20,798,0.628182,-0.040775,0.771381,0.985714,0.633609,0.25,100,0,0.007962,0,1,3,0,0,76,1448,-0.003998,1,0.4933,2,3,0,0,V3,1,1,-100,1,145.15,0,0,0,0,2,200
EDCF-Shield,v3a,FALCON1024+HMAC-SHA512+AES256GCM+DKG4of7,STOLEN_KEY,60,22.39,75,CUMULATIVE,150,103522,233,1478,57827,0.6363,-0.047289,0.777341,0.985924,0.641603,0.4,100,0,0.007962,0,1,3,0,0,76,1448,-0.003998,1,0.4933,2,3,0,0,V3,1,1,-100,1,145.15,0,0,0,0,1,200
EDCF-Shield,v3a,FALCON1024+HMAC-SHA512+AES256GCM+DKG4of7,STOLEN_KEY,60,22.39,76,CYCLE,152,1380,2,20,798,0.628182,-0.040988,0.771381,0.985714,0.633609,0.25,100,0,0.007922,0,1,3,0,0,76,1448,-0.004575,1,0.4934,2,3,0,0,V3,1,1,-100,1,147.15,0,0,0,0,2,200
EDCF-Shield,v3a,FALCON1024+HMAC-SHA512+AES256GCM+DKG4of7,STOLEN_KEY,60,22.39,76,CUMULATIVE,152,104902,235,1498,58625,0.636191,-0.047416,0.777262,0.985921,0.641497,0.4,100,0,0.007922,0,1,3,0,0,76,1448,-0.004575,1,0.4934,2,3,0,0,V3,1,1,-100,1,147.15,0,0,0,0,1,200
EDCF-Shield,v3a,FALCON1024+HMAC-SHA512+AES256GCM+DKG4of7,STOLEN_KEY,60,22.39,77,CYCLE,154,1380,1,20,799,0.627727,-0.041294,0.771165,0.985714,0.633318,0.12,100,0,0.007849,0,1,3,0,0,76,1448,-0.005139,1,0.4935,2,3,0,0,V3,1,1,-100,1,149.15,0,0,0,0,2,200
EDCF-Shield,v3a,FALCON1024+HMAC-SHA512+AES256GCM+DKG4of7,STOLEN_KEY,60,22.39,77,CUMULATIVE,154,106282,236,1518,59424,0.63608,-0.047632,0.777182,0.985918,0.641389,0.4,100,0,0.007849,0,1,3,0,0,76,1448,-0.005139,1,0.4935,2,3,0,0,V3,1,1,-100,1,149.15,0,0,0,0,1,200
EDCF-Shield,v3a,FALCON1024+HMAC-SHA512+AES256GCM+DKG4of7,STOLEN_KEY,60,22.39,78,CYCLE,156,1380,2,20,798,0.628182,-0.041495,0.771381,0.985714,0.633609,0.25,100,0,0.007811,0,1,3,0,0,76,1448,-0.005691,1,0.4936,2,3,0,0,V3,1,1,-100,1,151.15,0,0,0,0,2,200
EDCF-Shield,v3a,FALCON1024+HMAC-SHA512+AES256GCM+DKG4of7,STOLEN_KEY,60,22.39,78,CUMULATIVE,156,107662,238,1538,60222,0.635978,-0.047752,0.777107,0.985916,0.641288,0.39,100,0,0.007811,0,1,3,0,0,76,1448,-0.005691,1,0.4936,2,3,0,0,V3,1,1,-100,1,151.15,0,0,0,0,1,200
EDCF-Shield,v3a,FALCON1024+HMAC-SHA512+AES256GCM+DKG4of7,STOLEN_KEY,60,22.39,79,CYCLE,158,1380,2,20,798,0.628182,-0.041691,0.771381,0.985714,0.633609,0.25,100,0,0.007775,0,1,3,0,0,76,1448,-0.00623,1,0.4937,2,3,0,0,V3,1,1,-100,1,153.15,0,0,0,0,2,200
EDCF-Shield,v3a,FALCON1024+HMAC-SHA512+AES256GCM+DKG4of7,STOLEN_KEY,60,22.39,79,CUMULATIVE,158,109042,240,1558,61020,0.635878,-0.047868,0.777034,0.985913,0.64119,0.39,100,0,0.007775,0,1,3,0,0,76,1448,-0.00623,1,0.4937,2,3,0,0,V3,1,1,-100,1,153.15,0,0,0,0,1,200
EDCF-Shield,v3a,FALCON1024+HMAC-SHA512+AES256GCM+DKG4of7,STOLEN_KEY,60,22.39,80,CYCLE,160,1380,1,20,799,0.627727,-0.041976,0.771165,0.985714,0.633318,0.12,100,0,0.007707,0,1,3,0,0,76,1448,-0.006757,1,0.4938,2,3,0,0,V3,1,1,-100,1,155.15,0,0,0,0,2,200
EDCF-Shield,v3a,FALCON1024+HMAC-SHA512+AES256GCM+DKG4of7,STOLEN_KEY,60,22.39,80,CUMULATIVE,160,110422,241,1578,61819,0.635775,-0.048071,0.77696,0.985911,0.64109,0.39,100,0,0.007707,0,1,3,0,0,76,1448,-0.006757,1,0.4938,2,3,0,0,V3,1,1,-100,1,155.15,0,0,0,0,1,200
EDCF-Shield,v3a,FALCON1024+HMAC-SHA512+AES256GCM+DKG4of7,STOLEN_KEY,60,22.39,81,CYCLE,162,1380,2,20,798,0.628182,-0.042161,0.771381,0.985714,0.633609,0.25,100,0,0.007672,0,1,3,0,0,76,1448,-0.007274,1,0.4938,2,3,0,0,V3,1,1,-100,1,157.15,0,0,0,0,2,200
EDCF-Shield,v3a,FALCON1024+HMAC-SHA512+AES256GCM+DKG4of7,STOLEN_KEY,60,22.39,81,CUMULATIVE,162,111802,243,1598,62617,0.63568,-0.048181,0.776891,0.985908,0.640997,0.39,100,0,0.007672,0,1,3,0,0,76,1448,-0.007274,1,0.4938,2,3,0,0,V3,1,1,-100,1,157.15,0,0,0,0,1,200
EDCF-Shield,v3a,FALCON1024+HMAC-SHA512+AES256GCM+DKG4of7,STOLEN_KEY,60,22.39,82,CYCLE,164,1380,2,20,798,0.628182,-0.042342,0.771381,0.985714,0.633609,0.25,100,0,0.007638,0,1,3,0,0,76,1448,-0.007779,1,0.4939,2,3,0,0,V3,1,1,-100,1,159.15,0,0,0,0,2,200
EDCF-Shield,v3a,FALCON1024+HMAC-SHA512+AES256GCM+DKG4of7,STOLEN_KEY,60,22.39,82,CUMULATIVE,164,113182,245,1618,63415,0.635588,-0.048288,0.776823,0.985906,0.640906,0.38,100,0,0.007638,0,1,3,0,0,76,1448,-0.007779,1,0.4939,2,3,0,0,V3,1,1,-100,1,159.15,0,0,0,0,1,200
EDCF-Shield,v3a,FALCON1024+HMAC-SHA512+AES256GCM+DKG4of7,STOLEN_KEY,60,22.39,83,CYCLE,166,1380,1,20,799,0.627727,-0.042609,0.771165,0.985714,0.633318,0.12,100,0,0.007575,0,1,3,0,0,76,1448,-0.008273,1,0.494,2,3,0,0,V3,1,1,-100,1,161.15,0,0,0,0,2,200
EDCF-Shield,v3a,FALCON1024+HMAC-SHA512+AES256GCM+DKG4of7,STOLEN_KEY,60,22.39,83,CUMULATIVE,166,114562,246,1638,64214,0.635492,-0.048478,0.776755,0.985904,0.640813,0.38,100,0,0.007575,0,1,3,0,0,76,1448,-0.008273,1,0.494,2,3,0,0,V3,1,1,-100,1,161.15,0,0,0,0,1,200
EDCF-Shield,v3a,FALCON1024+HMAC-SHA512+AES256GCM+DKG4of7,STOLEN_KEY,60,22.39,84,CYCLE,168,1380,2,20,798,0.628182,-0.04278,0.771381,0.985714,0.633609,0.25,100,0,0.007543,0,1,3,0,0,76,1448,-0.008757,1,0.494,2,3,0,0,V3,1,1,-100,1,163.15,0,0,0,0,2,200
EDCF-Shield,v3a,FALCON1024+HMAC-SHA512+AES256GCM+DKG4of7,STOLEN_KEY,60,22.39,84,CUMULATIVE,168,115942,248,1658,65012,0.635404,-0.04858,0.77669,0.985901,0.640726,0.38,100,0,0.007543,0,1,3,0,0,76,1448,-0.008757,1,0.494,2,3,0,0,V3,1,1,-100,1,163.15,0,0,0,0,1,200
EDCF-Shield,v3a,FALCON1024+HMAC-SHA512+AES256GCM+DKG4of7,STOLEN_KEY,60,22.39,85,CYCLE,170,1380,2,20,798,0.628182,-0.042947,0.771381,0.985714,0.633609,0.25,100,0,0.007512,0,1,3,0,0,76,1448,-0.009231,1,0.4941,2,3,0,0,V3,1,1,-100,1,165.15,0,0,0,0,2,200
EDCF-Shield,v3a,FALCON1024+HMAC-SHA512+AES256GCM+DKG4of7,STOLEN_KEY,60,22.39,85,CUMULATIVE,170,117322,250,1678,65810,0.635318,-0.048678,0.776627,0.985899,0.640642,0.38,100,0,0.007512,0,1,3,0,0,76,1448,-0.009231,1,0.4941,2,3,0,0,V3,1,1,-100,1,165.15,0,0,0,0,1,200
EDCF-Shield,v3a,FALCON1024+HMAC-SHA512+AES256GCM+DKG4of7,STOLEN_KEY,60,22.39,86,CYCLE,172,1380,1,20,799,0.627727,-0.043197,0.771165,0.985714,0.633318,0.12,100,0,0.007452,0,1,3,0,0,76,1448,-0.009695,1,0.4942,2,3,0,0,V3,1,1,-100,1,167.15,0,0,0,0,2,200
EDCF-Shield,v3a,FALCON1024+HMAC-SHA512+AES256GCM+DKG4of7,STOLEN_KEY,60,22.39,86,CUMULATIVE,172,118702,251,1698,66609,0.635229,-0.048858,0.776563,0.985897,0.640556,0.38,100,0,0.007452,0,1,3,0,0,76,1448,-0.009695,1,0.4942,2,3,0,0,V3,1,1,-100,1,167.15,0,0,0,0,1,200
EDCF-Shield,v3a,FALCON1024+HMAC-SHA512+AES256GCM+DKG4of7,STOLEN_KEY,60,22.39,87,CYCLE,174,1380,2,20,798,0.628182,-0.043356,0.771381,0.985714,0.633609,0.25,100,0,0.007423,0,1,3,0,0,76,1448,-0.010151,1,0.4943,2,3,0,0,V3,1,1,-100,1,169.15,0,0,0,0,2,200
EDCF-Shield,v3a,FALCON1024+HMAC-SHA512+AES256GCM+DKG4of7,STOLEN_KEY,60,22.39,87,CUMULATIVE,174,120082,253,1718,67407,0.635147,-0.048951,0.776504,0.985895,0.640475,0.37,100,0,0.007423,0,1,3,0,0,76,1448,-0.010151,1,0.4943,2,3,0,0,V3,1,1,-100,1,169.15,0,0,0,0,1,200
EDCF-Shield,v3a,FALCON1024+HMAC-SHA512+AES256GCM+DKG4of7,STOLEN_KEY,60,22.39,88,CYCLE,176,1380,2,20,798,0.628182,-0.043511,0.771381,0.985714,0.633609,0.25,100,0,0.007395,0,1,3,0,0,76,1448,-0.010597,1,0.4943,2,3,0,0,V3,1,1,-100,1,171.15,0,0,0,0,2,200
EDCF-Shield,v3a,FALCON1024+HMAC-SHA512+AES256GCM+DKG4of7,STOLEN_KEY,60,22.39,88,CUMULATIVE,176,121462,255,1738,68205,0.635067,-0.049042,0.776445,0.985893,0.640396,0.37,100,0,0.007395,0,1,3,0,0,76,1448,-0.010597,1,0.4943,2,3,0,0,V3,1,1,-100,1,171.15,0,0,0,0,1,200
EDCF-Shield,v3a,FALCON1024+HMAC-SHA512+AES256GCM+DKG4of7,STOLEN_KEY,60,22.39,89,CYCLE,178,1380,1,20,799,0.627727,-0.043746,0.771165,0.985714,0.633318,0.12,100,0,0.007338,0,1,3,0,0,76,1448,-0.011033,1,0.4944,2,3,0,0,V3,1,1,-100,1,173.15,0,0,0,0,2,200
EDCF-Shield,v3a,FALCON1024+HMAC-SHA512+AES256GCM+DKG4of7,STOLEN_KEY,60,22.39,89,CUMULATIVE,178,122842,256,1758,69004,0.634984,-0.049212,0.776385,0.985891,0.640316,0.37,100,0,0.007338,0,1,3,0,0,76,1448,-0.011033,1,0.4944,2,3,0,0,V3,1,1,-100,1,173.15,0,0,0,0,1,200
EDCF-Shield,v3a,FALCON1024+HMAC-SHA512+AES256GCM+DKG4of7,STOLEN_KEY,60,22.39,90,CYCLE,179.5,828,2,12,518,0.610294,-0.043819,0.757548,0.985714,0.615156,0.38,100,0,0.00734,0,1,3,0,0,76,1448,-0.011462,1,0.4958,2,3,0,0,V3,1,1,-100,1,174.45,0,0,0,0,2,200
EDCF-Shield,v3a,FALCON1024+HMAC-SHA512+AES256GCM+DKG4of7,STOLEN_KEY,60,22.39,90,CUMULATIVE,179.5,123670,258,1770,69522,0.634812,-0.049219,0.776256,0.98589,0.64014,0.37,100,0,0.00734,0,1,3,0,0,76,1448,-0.011462,1,0.4958,2,3,0,0,V3,1,1,-100,1,174.45,0,0,0,0,1,200
EDCF-Shield,v3a,FALCON1024+HMAC-SHA512+AES256GCM+DKG4of7,STOLEN_KEY,120,44.78,1,CYCLE,2,800,0,0,0,1,0.5,1,1,1,0,100,0,0,0,1,0,0,0,76,1448,0,1,0,0,0,0,0,V3,0,1,-100,1,0,0,0,0,0,0,200
EDCF-Shield,v3a,FALCON1024+HMAC-SHA512+AES256GCM+DKG4of7,STOLEN_KEY,120,44.78,1,CUMULATIVE,2,800,0,0,0,1,0.5,1,1,1,0,100,0,0,0,1,0,0,0,76,1448,0,1,0,0,0,0,0,V3,0,1,-100,1,0,0,0,0,0,0,200
EDCF-Shield,v3a,FALCON1024+HMAC-SHA512+AES256GCM+DKG4of7,STOLEN_KEY,120,44.78,2,CYCLE,4,782,35,18,119,0.856394,0.414455,0.919459,0.9775,0.867925,22.73,100,0,0.3125,0,1,3,0,0,76,1448,0.5,1,0.25,2,3,0,0,V3,1,1,-100,1,0.385,0,0,0,0,2,200
EDCF-Shield,v3a,FALCON1024+HMAC-SHA512+AES256GCM+DKG4of7,STOLEN_KEY,120,44.78,2,CUMULATIVE,4,1582,35,18,119,0.921893,0.357133,0.958497,0.98875,0.930041,22.73,100,0,0.3125,0,1,3,0,0,76,1448,0.5,1,0.25,2,3,0,0,V3,1,1,-100,1,0.385,0,0,0,0,1,200
EDCF-Shield,v3a,FALCON1024+HMAC-SHA512+AES256GCM+DKG4of7,STOLEN_KEY,120,44.78,3,CYCLE,6,780,40,20,380,0.672131,0.327745,0.795918,0.975,0.672414,9.52,100,0,0.207182,0,1,3,0,0,76,1448,0.428566,1,0.3333,2,3,0,0,V3,1,1,-100,1,1.435,0,0,0,0,2,200
EDCF-Shield,v3a,FALCON1024+HMAC-SHA512+AES256GCM+DKG4of7,STOLEN_KEY,120,44.78,3,CUMULATIVE,6,2362,75,38,499,0.819435,0.237036,0.897928,0.984167,0.825585,13.07,100,0,0.207182,0,1,3,0,0,76,1448,0.428566,1,0.3333,2,3,0,0,V3,1,1,-100,1,1.435,0,0,0,0,1,200
EDCF-Shield,v3a,FALCON1024+HMAC-SHA512+AES256GCM+DKG4of7,STOLEN_KEY,120,44.78,4,CYCLE,8,780,40,20,646,0.551817,0.266899,0.700809,0.975,0.546985,5.83,100,0,0.154362,0,1,3,0,0,76,1448,0.364723,1,0.375,2,3,0,0,V3,1,1,-100,1,3.15,0,0,0,0,2,200
EDCF-Shield,v3a,FALCON1024+HMAC-SHA512+AES256GCM+DKG4of7,STOLEN_KEY,120,44.78,4,CUMULATIVE,8,3142,115,58,1145,0.730269,0.170547,0.839321,0.981875,0.732913,9.13,100,0,0.154362,0,1,3,0,0,76,1448,0.364723,1,0.375,2,3,0,0,V3,1,1,-100,1,3.15,0,0,0,0,1,200
EDCF-Shield,v3a,FALCON1024+HMAC-SHA512+AES256GCM+DKG4of7,STOLEN_KEY,120,44.78,5,CYCLE,10,780,39,20,915,0.466933,0.222293,0.625251,0.975,0.460177,4.09,100,0,0.122125,0,1,3,0,0,76,1448,0.316179,1,0.4,2,3,0,0,V3,1,1,-100,1,5.535,0,0,0,0,2,200
EDCF-Shield,v3a,FALCON1024+HMAC-SHA512+AES256GCM+DKG4of7,STOLEN_KEY,120,44.78,5,CUMULATIVE,10,3922,154,78,2060,0.655938,0.12645,0.785814,0.9805,0.655634,6.96,100,0,0.122125,0,1,3,0,0,76,1448,0.316179,1,0.4,2,3,0,0,V3,1,1,-100,1,5.535,0,0,0,0,1,200
EDCF-Shield,v3a,FALCON1024+HMAC-SHA512+AES256GCM+DKG4of7,STOLEN_KEY,120,44.78,6,CYCLE,12,780,40,20,1180,0.405941,0.188983,0.565217,0.975,0.397959,3.28,100,0,0.101518,0,1,3,0,0,76,1448,0.278233,1,0.4167,2,3,0,0,V3,1,1,-100,1,8.585,0,0,0,0,2,200
EDCF-Shield,v3a,FALCON1024+HMAC-SHA512+AES256GCM+DKG4of7,STOLEN_KEY,120,44.78,6,CUMULATIVE,12,4702,194,98,3240,0.594608,0.096183,0.738032,0.979583,0.592042,5.65,100,0,0.101518,0,1,3,0,0,76,1448,0.278233,1,0.4167,2,3,0,0,V3,1,1,-100,1,8.585,0,0,0,0,1,200
EDCF-Shield,v3a,FALCON1024+HMAC-SHA512+AES256GCM+DKG4of7,STOLEN_KEY,120,44.78,7,CYCLE,14,780,40,20,1446,0.358705,0.162803,0.515532,0.975,0.350404,2.69,100,0,0.08686,0,1,3,0,0,76,1448,0.247891,1,0.4286,2,3,0,0,V3,1,1,-100,1,12.3,0,0,0,0,2,200
EDCF-Shield,v3a,FALCON1024+HMAC-SHA512+AES256GCM+DKG4of7,STOLEN_KEY,120,44.78,7,CUMULATIVE,14,5482,234,118,4686,0.543346,0.073496,0.695332,0.978929,0.539142,4.76,100,0,0.08686,0,1,3,0,0,76,1448,0.247891,1,0.4286,2,3,0,0,V3,1,1,-100,1,12.3,0,0,0,0,1,200
EDCF-Shield,v3a,FALCON1024+HMAC-SHA512+AES256GCM+DKG4of7,STOLEN_KEY,120,44.78,8,CYCLE,16,780,1,20,1599,0.325417,0.12703,0.49072,0.975,0.327869,0.06,100,0,0.067239,0,1,3,0,0,76,1448,0.222978,1,0.4375,2,3,0,0,V3,1,1,-100,1,16.3,0,0,0,0,2,200
EDCF-Shield,v3a,FALCON1024+HMAC-SHA512+AES256GCM+DKG4of7,STOLEN_KEY,120,44.78,8,CUMULATIVE,16,6262,235,138,6285,0.502864,0.043239,0.661002,0.978437,0.499083,3.6,100,0,0.067239,0,1,3,0,0,76,1448,0.222978,1,0.4375,2,3,0,0,V3,1,1,-100,1,16.3,0,0,0,0,1,200
EDCF-Shield,v3a,FALCON1024+HMAC-SHA512+AES256GCM+DKG4of7,STOLEN_KEY,120,44.78,9,CYCLE,18,780,2,20,1598,0.325833,0.099863,0.490875,0.975,0.328007,0.12,100,0,0.055155,0,1,3,0,0,76,1448,0.20051,1,0.4444,2,3,0,0,V3,1,1,-100,1,20.3,0,0,0,0,2,200
EDCF-Shield,v3a,FALCON1024+HMAC-SHA512+AES256GCM+DKG4of7,STOLEN_KEY,120,44.78,9,CUMULATIVE,18,7042,237,158,7883,0.475131,0.022808,0.636565,0.978056,0.471826,2.92,100,0,0.055155,0,1,3,0,0,76,1448,0.20051,1,0.4444,2,3,0,0,V3,1,1,-100,1,20.3,0,0,0,0,1,200
EDCF-Shield,v3a,FALCON1024+HMAC-SHA512+AES256GCM+DKG4of7,STOLEN_KEY,120,44.78,10,CYCLE,20,780,2,20,1598,0.325833,0.078129,0.490875,0.975,0.328007,0.12,100,0,0.046872,0,1,3,0,0,76,1448,0.180766,1,0.45,2,3,0,0,V3,1,1,-100,1,24.3,0,0,0,0,2,200
EDCF-Shield,v3a,FALCON1024+HMAC-SHA512+AES256GCM+DKG4of7,STOLEN_KEY,120,44.78,10,CUMULATIVE,20,7822,239,178,9481,0.45491,0.007677,0.618267,0.97775,0.45206,2.46,100,0,0.046872,0,1,3,0,0,76,1448,0.180766,1,0.45,2,3,0,0,V3,1,1,-100,1,24.3,0,0,0,0,1,200
EDCF-Shield,v3a,FALCON1024+HMAC-SHA512+AES256GCM+DKG4of7,STOLEN_KEY,120,44.78,11,CYCLE,22,780,1,20,1599,0.325417,0.05981,0.49072,0.975,0.327869,0.06,100,0,0.040678,0,1,3,0,0,76,1448,0.163457,1,0.4545,2,3,0,0,V3,1,1,-100,1,28.3,0,0,0,0,2,200
EDCF-Shield,v3a,FALCON1024+HMAC-SHA512+AES256GCM+DKG4of7,STOLEN_KEY,120,44.78,11,CUMULATIVE,22,8602,240,198,11080,0.439463,-0.004414,0.604031,0.9775,0.437049,2.12,100,0,0.040678,0,1,3,0,0,76,1448,0.163457,1,0.4545,2,3,0,0,V3,1,1,-100,1,28.3,0,0,0,0,1,200
EDCF-Shield,v3a,FALCON1024+HMAC-SHA512+AES256GCM+DKG4of7,STOLEN_KEY,120,44.78,12,CYCLE,24,780,2,20,1598,0.325833,0.045036,0.490875,0.975,0.328007,0.12,100,0,0.036109,0,1,3,0,0,76,1448,0.148196,1,0.4583,2,3,0,0,V3,1,1,-100,1,32.3,0,0,0,0,2,200
EDCF-Shield,v3a,FALCON1024+HMAC-SHA512+AES256GCM+DKG4of7,STOLEN_KEY,120,44.78,12,CUMULATIVE,24,9382,242,218,12678,0.427353,-0.013906,0.592672,0.977292,0.425295,1.87,100,0,0.036109,0,1,3,0,0,76,1448,0.148196,1,0.4583,2,3,0,0,V3,1,1,-100,1,32.3,0,0,0,0,1,200
EDCF-Shield,v3a,FALCON1024+HMAC-SHA512+AES256GCM+DKG4of7,STOLEN_KEY,120,44.78,13,CYCLE,26,780,2,20,1598,0.325833,0.032535,0.490875,0.975,0.328007,0.12,100,0,0.032516,0,1,3,0,0,76,1448,0.134687,1,0.4615,2,3,0,0,V3,1,1,-100,1,36.3,0,0,0,0,2,200
EDCF-Shield,v3a,FALCON1024+HMAC-SHA512+AES256GCM+DKG4of7,STOLEN_KEY,120,44.78,13,CUMULATIVE,26,10162,244,238,14276,0.417576,-0.02177,0.583386,0.977115,0.415828,1.68,100,0,0.032516,0,1,3,0,0,76,1448,0.134687,1,0.4615,2,3,0,0,V3,1,1,-100,1,36.3,0,0,0,0,1,200
EDCF-Shield,v3a,FALCON1024+HMAC-SHA512+AES256GCM+DKG4of7,STOLEN_KEY,120,44.78,14,CYCLE,28,780,1,20,1599,0.325417,0.021398,0.49072,0.975,0.327869,0.06,100,0,0.0295,0,1,3,0,0,76,1448,0.122652,1,0.4643,2,3,0,0,V3,1,1,-100,1,40.3,0,0,0,0,2,200
EDCF-Shield,v3a,FALCON1024+HMAC-SHA512+AES256GCM+DKG4of7,STOLEN_KEY,120,44.78,14,CUMULATIVE,28,10942,245,258,15875,0.40948,-0.028672,0.575637,0.976964,0.408025,1.52,100,0,0.0295,0,1,3,0,0,76,1448,0.122652,1,0.4643,2,3,0,0,V3,1,1,-100,1,40.3,0,0,0,0,1,200
EDCF-Shield,v3a,FALCON1024+HMAC-SHA512+AES256GCM+DKG4of7,STOLEN_KEY,120,44.78,15,CYCLE,30,780,2,20,1598,0.325833,0.01214,0.490875,0.975,0.328007,0.12,100,0,0.027122,0,1,3,0,0,76,1448,0.111843,1,0.4667,2,3,0,0,V3,1,1,-100,1,44.3,0,0,0,0,2,200
EDCF-Shield,v3a,FALCON1024+HMAC-SHA512+AES256GCM+DKG4of7,STOLEN_KEY,120,44.78,15,CUMULATIVE,30,11722,247,278,17473,0.402725,-0.03437,0.569098,0.976833,0.401507,1.39,100,0,0.027122,0,1,3,0,0,76,1448,0.111843,1,0.4667,2,3,0,0,V3,1,1,-100,1,44.3,0,0,0,0,1,200
EDCF-Shield,v3a,FALCON1024+HMAC-SHA512+AES256GCM+DKG4of7,STOLEN_KEY,120,44.78,16,CYCLE,32,780,2,20,1598,0.325833,0.004039,0.490875,0.975,0.328007,0.12,100,0,0.025129,0,1,3,0,0,76,1448,0.102096,1,0.4688,2,3,0,0,V3,1,1,-100,1,48.3,0,0,0,0,2,200
EDCF-Shield,v3a,FALCON1024+HMAC-SHA512+AES256GCM+DKG4of7,STOLEN_KEY,120,44.78,16,CUMULATIVE,32,12502,249,298,19071,0.39698,-0.039328,0.563496,0.976719,0.395971,1.29,100,0,0.025129,0,1,3,0,0,76,1448,0.102096,1,0.4688,2,3,0,0,V3,1,1,-100,1,48.3,0,0,0,0,1,200
EDCF-Shield,v3a,FALCON1024+HMAC-SHA512+AES256GCM+DKG4of7,STOLEN_KEY,120,44.78,17,CYCLE,34,780,1,20,1599,0.325417,-0.003456,0.49072,0.975,0.327869,0.06,100,0,0.023343,0,1,3,0,0,76,1448,0.093257,1,0.4706,2,3,0,0,V3,1,1,-100,1,52.3,0,0,0,0,2,200
EDCF-Shield,v3a,FALCON1024+HMAC-SHA512+AES256GCM+DKG4of7,STOLEN_KEY,120,44.78,17,CUMULATIVE,34,13282,250,318,20670,0.392005,-0.04391,0.558631,0.976618,0.391199,1.2,100,0,0.023343,0,1,3,0,0,76,1448,0.093257,1,0.4706,2,3,0,0,V3,1,1,-100,1,52.3,0,0,0,0,1,200
EDCF-Shield,v3a,FALCON1024+HMAC-SHA512+AES256GCM+DKG4of7,STOLEN_KEY,120,44.78,18,CYCLE,36,780,2,20,1598,0.325833,-0.009791,0.490875,0.975,0.328007,0.12,100,0,0.02189,0,1,3,0,0,76,1448,0.085188,1,0.4722,2,3,0,0,V3,1,1,-100,1,56.3,0,0,0,0,2,200
EDCF-Shield,v3a,FALCON1024+HMAC-SHA512+AES256GCM+DKG4of7,STOLEN_KEY,120,44.78,18,CUMULATIVE,36,14062,252,338,22268,0.387703,-0.047773,0.554386,0.976528,0.387063,1.12,100,0,0.02189,0,1,3,0,0,76,1448,0.085188,1,0.4722,2,3,0,0,V3,1,1,-100,1,56.3,0,0,0,0,1,200
EDCF-Shield,v3a,FALCON1024+HMAC-SHA512+AES256GCM+DKG4of7,STOLEN_KEY,120,44.78,19,CYCLE,38,780,2,20,1598,0.325833,-0.015458,0.490875,0.975,0.328007,0.12,100,0,0.020627,0,1,3,0,0,76,1448,0.077801,1,0.4737,2,3,0,0,V3,1,1,-100,1,60.3,0,0,0,0,2,200
EDCF-Shield,v3a,FALCON1024+HMAC-SHA512+AES256GCM+DKG4of7,STOLEN_KEY,120,44.78,19,CUMULATIVE,38,14842,254,358,23866,0.383927,-0.051228,0.550642,0.976447,0.383435,1.05,100,0,0.020627,0,1,3,0,0,76,1448,0.077801,1,0.4737,2,3,0,0,V3,1,1,-100,1,60.3,0,0,0,0,1,200
EDCF-Shield,v3a,FALCON1024+HMAC-SHA512+AES256GCM+DKG4of7,STOLEN_KEY,120,44.78,20,CYCLE,40,780,1,20,1599,0.325417,-0.020854,0.49072,0.975,0.327869,0.06,100,0,0.019443,0,1,3,0,0,76,1448,0.07101,1,0.475,2,3,0,0,V3,1,1,-100,1,64.3,0,0,0,0,2,200
EDCF-Shield,v3a,FALCON1024+HMAC-SHA512+AES256GCM+DKG4of7,STOLEN_KEY,120,44.78,20,CUMULATIVE,40,15622,255,378,25465,0.380561,-0.054538,0.547305,0.976375,0.380218,0.99,100,0,0.019443,0,1,3,0,0,76,1448,0.07101,1,0.475,2,3,0,0,V3,1,1,-100,1,64.3,0,0,0,0,1,200
EDCF-Shield,v3a,FALCON1024+HMAC-SHA512+AES256GCM+DKG4of7,STOLEN_KEY,120,44.78,21,CYCLE,42,780,2,20,1598,0.325833,-0.025456,0.490875,0.975,0.328007,0.12,100,0,0.018467,0,1,3,0,0,76,1448,0.064733,1,0.4762,2,3,0,0,V3,1,1,-100,1,68.3,0,0,0,0,2,200
EDCF-Shield,v3a,FALCON1024+HMAC-SHA512+AES256GCM+DKG4of7,STOLEN_KEY,120,44.78,21,CUMULATIVE,42,16402,257,398,27063,0.377584,-0.057351,0.544329,0.97631,0.377361,0.94,100,0,0.018467,0,1,3,0,0,76,1448,0.064733,1,0.4762,2,3,0,0,V3,1,1,-100,1,68.3,0,0,0,0,1,200
EDCF-Shield,v3a,FALCON1024+HMAC-SHA512+AES256GCM+DKG4of7,STOLEN_KEY,120,44.78,22,CYCLE,44,780,2,20,1598,0.325833,-0.029638,0.490875,0.975,0.328007,0.12,100,0,0.017596,0,1,3,0,0,76,1448,0.058919,1,0.4773,2,3,0,0,V3,1,1,-100,1,72.3,0,0,0,0,2,200
EDCF-Shield,v3a,FALCON1024+HMAC-SHA512+AES256GCM+DKG4of7,STOLEN_KEY,120,44.78,22,CUMULATIVE,44,17182,259,418,28661,0.374914,-0.059913,0.541652,0.97625,0.374801,0.9,100,0,0.017596,0,1,3,0,0,76,1448,0.058919,1,0.4773,2,3,0,0,V3,1,1,-100,1,72.3,0,0,0,0,1,200
EDCF-Shield,v3a,FALCON1024+HMAC-SHA512+AES256GCM+DKG4of7,STOLEN_KEY,120,44.78,23,CYCLE,46,780,1,20,1599,0.325417,-0.033714,0.49072,0.975,0.327869,0.06,100,0,0.016753,0,1,3,0,0,76,1448,0.053518,1,0.4783,2,3,0,0,V3,1,1,-100,1,76.3,0,0,0,0,2,200
EDCF-Shield,v3a,FALCON1024+HMAC-SHA512+AES256GCM+DKG4of7,STOLEN_KEY,120,44.78,23,CUMULATIVE,46,17962,260,438,30260,0.372486,-0.062435,0.539221,0.976196,0.372486,0.85,100,0,0.016753,0,1,3,0,0,76,1448,0.053518,1,0.4783,2,3,0,0,V3,1,1,-100,1,76.3,0,0,0,0,1,200
EDCF-Shield,v3a,FALCON1024+HMAC-SHA512+AES256GCM+DKG4of7,STOLEN_KEY,120,44.78,24,CYCLE,48,780,2,20,1598,0.325833,-0.037204,0.490875,0.975,0.328007,0.12,100,0,0.016052,0,1,3,0,0,76,1448,0.048477,1,0.4792,2,3,0,0,V3,1,1,-100,1,80.3,0,0,0,0,2,200
EDCF-Shield,v3a,FALCON1024+HMAC-SHA512+AES256GCM+DKG4of7,STOLEN_KEY,120,44.78,24,CUMULATIVE,48,18742,262,458,31858,0.370304,-0.064583,0.53702,0.976146,0.370395,0.82,100,0,0.016052,0,1,3,0,0,76,1448,0.048477,1,0.4792,2,3,0,0,V3,1,1,-100,1,80.3,0,0,0,0,1,200
EDCF-Shield,v3a,FALCON1024+HMAC-SHA512+AES256GCM+DKG4of7,STOLEN_KEY,120,44.78,25,CYCLE,50,780,2,20,1598,0.325833,-0.040415,0.490875,0.975,0.328007,0.12,100,0,0.015417,0,1,3,0,0,76,1448,0.043766,1,0.48,2,3,0,0,V3,1,1,-100,1,84.3,0,0,0,0,2,200
EDCF-Shield,v3a,FALCON1024+HMAC-SHA512+AES256GCM+DKG4of7,STOLEN_KEY,120,44.78,25,CUMULATIVE,50,19522,264,478,33456,0.368317,-0.066565,0.535011,0.9761,0.368493,0.78,100,0,0.015417,0,1,3,0,0,76,1448,0.043766,1,0.48,2,3,0,0,V3,1,1,-100,1,84.3,0,0,0,0,1,200
EDCF-Shield,v3a,FALCON1024+HMAC-SHA512+AES256GCM+DKG4of7,STOLEN_KEY,120,44.78,26,CYCLE,52,780,1,20,1599,0.325417,-0.043606,0.49072,0.975,0.327869,0.06,100,0,0.014784,0,1,3,0,0,76,1448,0.039352,1,0.4808,2,3,0,0,V3,1,1,-100,1,88.3,0,0,0,0,2,200
EDCF-Shield,v3a,FALCON1024+HMAC-SHA512+AES256GCM+DKG4of7,STOLEN_KEY,120,44.78,26,CUMULATIVE,52,20302,265,498,35055,0.366483,-0.068562,0.533162,0.976058,0.366747,0.75,100,0,0.014784,0,1,3,0,0,76,1448,0.039352,1,0.4808,2,3,0,0,V3,1,1,-100,1,88.3,0,0,0,0,1,200
EDCF-Shield,v3a,FALCON1024+HMAC-SHA512+AES256GCM+DKG4of7,STOLEN_KEY,120,44.78,27,CYCLE,54,780,2,20,1598,0.325833,-0.046342,0.490875,0.975,0.328007,0.12,100,0,0.014257,0,1,3,0,0,76,1448,0.035202,1,0.4815,2,3,0,0,V3,1,1,-100,1,92.3,0,0,0,0,2,200
EDCF-Shield,v3a,FALCON1024+HMAC-SHA512+AES256GCM+DKG4of7,STOLEN_KEY,120,44.78,27,CUMULATIVE,54,21082,267,518,36653,0.364815,-0.07026,0.531468,0.976019,0.365151,0.72,100,0,0.014257,0,1,3,0,0,76,1448,0.035202,1,0.4815,2,3,0,0,V3,1,1,-100,1,92.3,0,0,0,0,1,200
EDCF-Shield,v3a,FALCON1024+HMAC-SHA512+AES256GCM+DKG4of7,STOLEN_KEY,120,44.78,28,CYCLE,56,780,2,20,1598,0.325833,-0.048882,0.490875,0.975,0.328007,0.12,100,0,0.013774,0,1,3,0,0,76,1448,0.031296,1,0.4821,2,3,0,0,V3,1,1,-100,1,96.3,0,0,0,0,2,200
EDCF-Shield,v3a,FALCON1024+HMAC-SHA512+AES256GCM+DKG4of7,STOLEN_KEY,120,44.78,28,CUMULATIVE,56,21862,269,538,38251,0.36328,-0.071841,0.529904,0.975982,0.363682,0.7,100,0,0.013774,0,1,3,0,0,76,1448,0.031296,1,0.4821,2,3,0,0,V3,1,1,-100,1,96.3,0,0,0,0,1,200
EDCF-Shield,v3a,FALCON1024+HMAC-SHA512+AES256GCM+DKG4of7,STOLEN_KEY,120,44.78,29,CYCLE,58,780,1,20,1599,0.325417,-0.051451,0.49072,0.975,0.327869,0.06,100,0,0.013281,0,1,3,0,0,76,1448,0.027612,1,0.4828,2,3,0,0,V3,1,1,-100,1,100.3,0,0,0,0,2,200
EDCF-Shield,v3a,FALCON1024+HMAC-SHA512+AES256GCM+DKG4of7,STOLEN_KEY,120,44.78,29,CUMULATIVE,58,22642,270,558,39850,0.361845,-0.073467,0.528451,0.975948,0.362318,0.67,100,0,0.013281,0,1,3,0,0,76,1448,0.027612,1,0.4828,2,3,0,0,V3,1,1,-100,1,100.3,0,0,0,0,1,200
EDCF-Shield,v3a,FALCON1024+HMAC-SHA512+AES256GCM+DKG4of7,STOLEN_KEY,120,44.78,30,CYCLE,60,780,2,20,1598,0.325833,-0.053652,0.490875,0.975,0.328007,0.12,100,0,0.012871,0,1,3,0,0,76,1448,0.024127,1,0.4833,2,3,0,0,V3,1,1,-100,1,104.3,0,0,0,0,2,200
EDCF-Shield,v3a,FALCON1024+HMAC-SHA512+AES256GCM+DKG4of7,STOLEN_KEY,120,44.78,30,CUMULATIVE,60,23422,272,578,41448,0.36053,-0.074845,0.527107,0.975917,0.361061,0.65,100,0,0.012871,0,1,3,0,0,76,1448,0.024127,1,0.4833,2,3,0,0,V3,1,1,-100,1,104.3,0,0,0,0,1,200
EDCF-Shield,v3a,FALCON1024+HMAC-SHA512+AES256GCM+DKG4of7,STOLEN_KEY,120,44.78,31,CYCLE,62,780,2,20,1598,0.325833,-0.055711,0.490875,0.975,0.328007,0.12,100,0,0.012492,0,1,3,0,0,76,1448,0.020828,1,0.4839,2,3,0,0,V3,1,1,-100,1,108.3,0,0,0,0,2,200
EDCF-Shield,v3a,FALCON1024+HMAC-SHA512+AES256GCM+DKG4of7,STOLEN_KEY,120,44.78,31,CUMULATIVE,62,24202,274,598,43046,0.359307,-0.076137,0.525856,0.975887,0.359892,0.63,100,0,0.012492,0,1,3,0,0,76,1448,0.020828,1,0.4839,2,3,0,0,V3,1,1,-100,1,108.3,0,0,0,0,1,200
EDCF-Shield,v3a,FALCON1024+HMAC-SHA512+AES256GCM+DKG4of7,STOLEN_KEY,120,44.78,32,CYCLE,64,780,1,20,1599,0.325417,-0.057826,0.49072,0.975,0.327869,0.06,100,0,0.012096,0,1,3,0,0,76,1448,0.0177,1,0.4844,2,3,0,0,V3,1,1,-100,1,112.3,0,0,0,0,2,200
EDCF-Shield,v3a,FALCON1024+HMAC-SHA512+AES256GCM+DKG4of7,STOLEN_KEY,120,44.78,32,CUMULATIVE,64,24982,275,618,44645,0.358154,-0.07749,0.524683,0.975859,0.358798,0.61,100,0,0.012096,0,1,3,0,0,76,1448,0.0177,1,0.4844,2,3,0,0,V3,1,1,-100,1,112.3,0,0,0,0,1,200
EDCF-Shield,v3a,FALCON1024+HMAC-SHA512+AES256GCM+DKG4of7,STOLEN_KEY,120,44.78,33,CYCLE,66,780,2,20,1598,0.325833,-0.059633,0.490875,0.975,0.328007,0.12,100,0,0.011769,0,1,3,0,0,76,1448,0.014725,1,0.4848,2,3,0,0,V3,1,1,-100,1,116.3,0,0,0,0,2,200
EDCF-Shield,v3a,FALCON1024+HMAC-SHA512+AES256GCM+DKG4of7,STOLEN_KEY,120,44.78,33,CUMULATIVE,66,25762,277,638,46243,0.35709,-0.078631,0.523591,0.975833,0.357781,0.6,100,0,0.011769,0,1,3,0,0,76,1448,0.014725,1,0.4848,2,3,0,0,V3,1,1,-100,1,116.3,0,0,0,0,1,200
EDCF-Shield,v3a,FALCON1024+HMAC-SHA512+AES256GCM+DKG4of7,STOLEN_KEY,120,44.78,34,CYCLE,68,780,2,20,1598,0.325833,-0.061335,0.490875,0.975,0.328007,0.12,100,0,0.011463,0,1,3,0,0,76,1448,0.011896,1,0.4853,2,3,0,0,V3,1,1,-100,1,120.3,0,0,0,0,2,200
EDCF-Shield,v3a,FALCON1024+HMAC-SHA512+AES256GCM+DKG4of7,STOLEN_KEY,120,44.78,34,CUMULATIVE,68,26542,279,658,47841,0.356094,-0.079707,0.522568,0.975809,0.356829,0.58,100,0,0.011463,0,1,3,0,0,76,1448,0.011896,1,0.4853,2,3,0,0,V3,1,1,-100,1,120.3,0,0,0,0,1,200
EDCF-Shield,v3a,FALCON1024+HMAC-SHA512+AES256GCM+DKG4of7,STOLEN_KEY,120,44.78,35,CYCLE,70,780,1,20,1599,0.325417,-0.063107,0.49072,0.975,0.327869,0.06,100,0,0.011138,0,1,3,0,0,76,1448,0.009202,1,0.4857,2,3,0,0,V3,1,1,-100,1,124.3,0,0,0,0,2,200
EDCF-Shield,v3a,FALCON1024+HMAC-SHA512+AES256GCM+DKG4of7,STOLEN_KEY,120,44.78,35,CUMULATIVE,70,27322,280,678,49440,0.355147,-0.080853,0.521601,0.975786,0.355931,0.56,100,0,0.011138,0,1,3,0,0,76,1448,0.009202,1,0.4857,2,3,0,0,V3,1,1,-100,1,124.3,0,0,0,0,1,200
EDCF-Shield,v3a,FALCON1024+HMAC-SHA512+AES256GCM+DKG4of7,STOLEN_KEY,120,44.78,36,CYCLE,72,780,2,20,1598,0.325833,-0.064617,0.490875,0.975,0.328007,0.12,100,0,0.01087,0,1,3,0,0,76,1448,0.006629,1,0.4861,2,3,0,0,V3,1,1,-100,1,128.3,0,0,0,0,2,200
EDCF-Shield,v3a,FALCON1024+HMAC-SHA512+AES256GCM+DKG4of7,STOLEN_KEY,120,44.78,36,CUMULATIVE,72,28102,282,698,51038,0.354269,-0.081814,0.520697,0.975764,0.355092,0.55,100,0,0.01087,0,1,3,0,0,76,1448,0.006629,1,0.4861,2,3,0,0,V3,1,1,-100,1,128.3,0,0,0,0,1,200
EDCF-Shield,v3a,FALCON1024+HMAC-SHA512+AES256GCM+DKG4of7,STOLEN_KEY,120,44.78,37,CYCLE,74,780,2,20,1598,0.325833,-0.066046,0.490875,0.975,0.328007,0.12,100,0,0.010619,0,1,3,0,0,76,1448,0.004172,1,0.4865,2,3,0,0,V3,1,1,-100,1,132.3,0,0,0,0,2,200
EDCF-Shield,v3a,FALCON1024+HMAC-SHA512+AES256GCM+DKG4of7,STOLEN_KEY,120,44.78,37,CUMULATIVE,74,28882,284,718,52636,0.353442,-0.082724,0.519844,0.975743,0.354302,0.54,100,0,0.010619,0,1,3,0,0,76,1448,0.004172,1,0.4865,2,3,0,0,V3,1,1,-100,1,132.3,0,0,0,0,1,200
EDCF-Shield,v3a,FALCON1024+HMAC-SHA512+AES256GCM+DKG4of7,STOLEN_KEY,120,44.78,38,CYCLE,76,780,1,20,1599,0.325417,-0.067555,0.49072,0.975,0.327869,0.06,100,0,0.010347,0,1,3,0,0,76,1448,0.001824,1,0.4868,2,3,0,0,V3,1,1,-100,1,136.3,0,0,0,0,2,200
EDCF-Shield,v3a,FALCON1024+HMAC-SHA512+AES256GCM+DKG4of7,STOLEN_KEY,120,44.78,38,CUMULATIVE,76,29662,285,738,54235,0.35265,-0.083709,0.519034,0.975724,0.353553,0.52,100,0,0.010347,0,1,3,0,0,76,1448,0.001824,1,0.4868,2,3,0,0,V3,1,1,-100,1,136.3,0,0,0,0,1,200
EDCF-Shield,v3a,FALCON1024+HMAC-SHA512+AES256GCM+DKG4of7,STOLEN_KEY,120,44.78,39,CYCLE,78,780,2,20,1598,0.325833,-0.068835,0.490875,0.975,0.328007,0.12,100,0,0.010125,0,1,3,0,0,76,1448,-0.000427,1,0.4872,2,3,0,0,V3,1,1,-100,1,140.3,0,0,0,0,2,200
EDCF-Shield,v3a,FALCON1024+HMAC-SHA512+AES256GCM+DKG4of7,STOLEN_KEY,120,44.78,39,CUMULATIVE,78,30442,287,758,55833,0.351913,-0.084528,0.518272,0.975705,0.352848,0.51,100,0,0.010125,0,1,3,0,0,76,1448,-0.000427,1,0.4872,2,3,0,0,V3,1,1,-100,1,140.3,0,0,0,0,1,200
EDCF-Shield,v3a,FALCON1024+HMAC-SHA512+AES256GCM+DKG4of7,STOLEN_KEY,120,44.78,40,CYCLE,80,780,2,20,1598,0.325833,-0.070051,0.490875,0.975,0.328007,0.12,100,0,0.009915,0,1,3,0,0,76,1448,-0.002584,1,0.4875,2,3,0,0,V3,1,1,-100,1,144.3,0,0,0,0,2,200
EDCF-Shield,v3a,FALCON1024+HMAC-SHA512+AES256GCM+DKG4of7,STOLEN_KEY,120,44.78,40,CUMULATIVE,80,31222,289,778,57431,0.351215,-0.085308,0.51755,0.975688,0.352182,0.5,100,0,0.009915,0,1,3,0,0,76,1448,-0.002584,1,0.4875,2,3,0,0,V3,1,1,-100,1,144.3,0,0,0,0,1,200
EDCF-Shield,v3a,FALCON1024+HMAC-SHA512+AES256GCM+DKG4of7,STOLEN_KEY,120,44.78,41,CYCLE,82,780,1,20,1599,0.325417,-0.071352,0.49072,0.975,0.327869,0.06,100,0,0.009683,0,1,3,0,0,76,1448,-0.004652,1,0.4878,2,3,0,0,V3,1,1,-100,1,148.3,0,0,0,0,2,200
EDCF-Shield,v3a,FALCON1024+HMAC-SHA512+AES256GCM+DKG4of7,STOLEN_KEY,120,44.78,41,CUMULATIVE,82,32002,290,798,59030,0.350543,-0.086166,0.516862,0.975671,0.351547,0.49,100,0,0.009683,0,1,3,0,0,76,1448,-0.004652,1,0.4878,2,3,0,0,V3,1,1,-100,1,148.3,0,0,0,0,1,200
EDCF-Shield,v3a,FALCON1024+HMAC-SHA512+AES256GCM+DKG4of7,STOLEN_KEY,120,44.78,42,CYCLE,84,780,2,20,1598,0.325833,-0.07245,0.490875,0.975,0.328007,0.12,100,0,0.009495,0,1,3,0,0,76,1448,-0.00664,1,0.4881,2,3,0,0,V3,1,1,-100,1,152.3,0,0,0,0,2,200
EDCF-Shield,v3a,FALCON1024+HMAC-SHA512+AES256GCM+DKG4of7,STOLEN_KEY,120,44.78,42,CUMULATIVE,84,32782,292,818,60628,0.349915,-0.086873,0.516211,0.975655,0.350947,0.48,100,0,0.009495,0,1,3,0,0,76,1448,-0.00664,1,0.4881,2,3,0,0,V3,1,1,-100,1,152.3,0,0,0,0,1,200
EDCF-Shield,v3a,FALCON1024+HMAC-SHA512+AES256GCM+DKG4of7,STOLEN_KEY,120,44.78,43,CYCLE,86,780,2,20,1598,0.325833,-0.073497,0.490875,0.975,0.328007,0.12,100,0,0.009317,0,1,3,0,0,76,1448,-0.00855,1,0.4884,2,3,0,0,V3,1,1,-100,1,156.3,0,0,0,0,2,200
EDCF-Shield,v3a,FALCON1024+HMAC-SHA512+AES256GCM+DKG4of7,STOLEN_KEY,120,44.78,43,CUMULATIVE,86,33562,294,838,62226,0.349319,-0.087548,0.515593,0.97564,0.350378,0.47,100,0,0.009317,0,1,3,0,0,76,1448,-0.00855,1,0.4884,2,3,0,0,V3,1,1,-100,1,156.3,0,0,0,0,1,200
EDCF-Shield,v3a,FALCON1024+HMAC-SHA512+AES256GCM+DKG4of7,STOLEN_KEY,120,44.78,44,CYCLE,88,780,1,20,1599,0.325417,-0.074631,0.49072,0.975,0.327869,0.06,100,0,0.009118,0,1,3,0,0,76,1448,-0.010387,1,0.4886,2,3,0,0,V3,1,1,-100,1,160.3,0,0,0,0,2,200
EDCF-Shield,v3a,FALCON1024+HMAC-SHA512+AES256GCM+DKG4of7,STOLEN_KEY,120,44.78,44,CUMULATIVE,88,34342,295,858,63825,0.348741,-0.088302,0.515,0.975625,0.349832,0.46,100,0,0.009118,0,1,3,0,0,76,1448,-0.010387,1,0.4886,2,3,0,0,V3,1,1,-100,1,160.3,0,0,0,0,1,200
EDCF-Shield,v3a,FALCON1024+HMAC-SHA512+AES256GCM+DKG4of7,STOLEN_KEY,120,44.78,45,CYCLE,90,780,2,20,1598,0.325833,-0.075583,0.490875,0.975,0.328007,0.12,100,0,0.008957,0,1,3,0,0,76,1448,-0.012158,1,0.4889,2,3,0,0,V3,1,1,-100,1,164.3,0,0,0,0,2,200
EDCF-Shield,v3a,FALCON1024+HMAC-SHA512+AES256GCM+DKG4of7,STOLEN_KEY,120,44.78,45,CUMULATIVE,90,35122,297,878,65423,0.348201,-0.088919,0.514438,0.975611,0.349316,0.45,100,0,0.008957,0,1,3,0,0,76,1448,-0.012158,1,0.4889,2,3,0,0,V3,1,1,-100,1,164.3,0,0,0,0,1,200
EDCF-Shield,v3a,FALCON1024+HMAC-SHA512+AES256GCM+DKG4of7,STOLEN_KEY,120,44.78,46,CYCLE,92,780,2,20,1598,0.325833,-0.076494,0.490875,0.975,0.328007,0.12,100,0,0.008805,0,1,3,0,0,76,1448,-0.013864,1,0.4891,2,3,0,0,V3,1,1,-100,1,168.3,0,0,0,0,2,200
EDCF-Shield,v3a,FALCON1024+HMAC-SHA512+AES256GCM+DKG4of7,STOLEN_KEY,120,44.78,46,CUMULATIVE,92,35902,299,898,67021,0.347685,-0.089509,0.513903,0.975598,0.348824,0.44,100,0,0.008805,0,1,3,0,0,76,1448,-0.013864,1,0.4891,2,3,0,0,V3,1,1,-100,1,168.3,0,0,0,0,1,200
EDCF-Shield,v3a,FALCON1024+HMAC-SHA512+AES256GCM+DKG4of7,STOLEN_KEY,120,44.78,47,CYCLE,94,780,1,20,1599,0.325417,-0.077491,0.49072,0.975,0.327869,0.06,100,0,0.008631,0,1,3,0,0,76,1448,-0.015508,1,0.4894,2,3,0,0,V3,1,1,-100,1,172.3,0,0,0,0,2,200
EDCF-Shield,v3a,FALCON1024+HMAC-SHA512+AES256GCM+DKG4of7,STOLEN_KEY,120,44.78,47,CUMULATIVE,94,36682,300,918,68620,0.347184,-0.090178,0.513387,0.975585,0.34835,0.44,100,0,0.008631,0,1,3,0,0,76,1448,-0.015508,1,0.4894,2,3,0,0,V3,1,1,-100,1,172.3,0,0,0,0,1,200
EDCF-Shield,v3a,FALCON1024+HMAC-SHA512+AES256GCM+DKG4of7,STOLEN_KEY,120,44.78,48,CYCLE,96,780,2,20,1598,0.325833,-0.078324,0.490875,0.975,0.328007,0.12,100,0,0.008492,0,1,3,0,0,76,1448,-0.017097,1,0.4896,2,3,0,0,V3,1,1,-100,1,176.3,0,0,0,0,2,200
EDCF-Shield,v3a,FALCON1024+HMAC-SHA512+AES256GCM+DKG4of7,STOLEN_KEY,120,44.78,48,CUMULATIVE,96,37462,302,938,70218,0.346713,-0.09072,0.512897,0.975573,0.347901,0.43,100,0,0.008492,0,1,3,0,0,76,1448,-0.017097,1,0.4896,2,3,0,0,V3,1,1,-100,1,176.3,0,0,0,0,1,200
EDCF-Shield,v3a,FALCON1024+HMAC-SHA512+AES256GCM+DKG4of7,STOLEN_KEY,120,44.78,49,CYCLE,98,780,2,20,1598,0.325833,-0.079123,0.490875,0.975,0.328007,0.12,100,0,0.00836,0,1,3,0,0,76,1448,-0.018631,1,0.4898,2,3,0,0,V3,1,1,-100,1,180.3,0,0,0,0,2,200
EDCF-Shield,v3a,FALCON1024+HMAC-SHA512+AES256GCM+DKG4of7,STOLEN_KEY,120,44.78,49,CUMULATIVE,98,38242,304,958,71816,0.346263,-0.091241,0.512428,0.975561,0.347471,0.42,100,0,0.00836,0,1,3,0,0,76,1448,-0.018631,1,0.4898,2,3,0,0,V3,1,1,-100,1,180.3,0,0,0,0,1,200
EDCF-Shield,v3a,FALCON1024+HMAC-SHA512+AES256GCM+DKG4of7,STOLEN_KEY,120,44.78,50,CYCLE,100,780,1,20,1599,0.325417,-0.080008,0.49072,0.975,0.327869,0.06,100,0,0.008207,0,1,3,0,0,76,1448,-0.020113,1,0.49,2,3,0,0,V3,1,1,-100,1,184.3,0,0,0,0,2,200
EDCF-Shield,v3a,FALCON1024+HMAC-SHA512+AES256GCM+DKG4of7,STOLEN_KEY,120,44.78,50,CUMULATIVE,100,39022,305,978,73415,0.345823,-0.091838,0.511975,0.97555,0.347057,0.41,100,0,0.008207,0,1,3,0,0,76,1448,-0.020113,1,0.49,2,3,0,0,V3,1,1,-100,1,184.3,0,0,0,0,1,200
EDCF-Shield,v3a,FALCON1024+HMAC-SHA512+AES256GCM+DKG4of7,STOLEN_KEY,120,44.78,51,CYCLE,102,780,2,20,1598,0.325833,-0.080743,0.490875,0.975,0.328007,0.12,100,0,0.008086,0,1,3,0,0,76,1448,-0.021547,1,0.4902,2,3,0,0,V3,1,1,-100,1,188.3,0,0,0,0,2,200
EDCF-Shield,v3a,FALCON1024+HMAC-SHA512+AES256GCM+DKG4of7,STOLEN_KEY,120,44.78,51,CUMULATIVE,102,39802,307,998,75013,0.34541,-0.092318,0.511545,0.975539,0.346662,0.41,100,0,0.008086,0,1,3,0,0,76,1448,-0.021547,1,0.4902,2,3,0,0,V3,1,1,-100,1,188.3,0,0,0,0,1,200
EDCF-Shield,v3a,FALCON1024+HMAC-SHA512+AES256GCM+DKG4of7,STOLEN_KEY,120,44.78,52,CYCLE,104,780,2,20,1598,0.325833,-0.081449,0.490875,0.975,0.328007,0.12,100,0,0.00797,0,1,3,0,0,76,1448,-0.022935,1,0.4904,2,3,0,0,V3,1,1,-100,1,192.3,0,0,0,0,2,200
EDCF-Shield,v3a,FALCON1024+HMAC-SHA512+AES256GCM+DKG4of7,STOLEN_KEY,120,44.78,52,CUMULATIVE,104,40582,309,1018,76611,0.345013,-0.092781,0.511131,0.975529,0.346283,0.4,100,0,0.00797,0,1,3,0,0,76,1448,-0.022935,1,0.4904,2,3,0,0,V3,1,1,-100,1,192.3,0,0,0,0,1,200
EDCF-Shield,v3a,FALCON1024+HMAC-SHA512+AES256GCM+DKG4of7,STOLEN_KEY,120,44.78,53,CYCLE,106,780,1,20,1599,0.325417,-0.082241,0.49072,0.975,0.327869,0.06,100,0,0.007834,0,1,3,0,0,76,1448,-0.024278,1,0.4906,2,3,0,0,V3,1,1,-100,1,196.3,0,0,0,0,2,200
EDCF-Shield,v3a,FALCON1024+HMAC-SHA512+AES256GCM+DKG4of7,STOLEN_KEY,120,44.78,53,CUMULATIVE,106,41362,310,1038,78210,0.344625,-0.093319,0.51073,0.975519,0.345917,0.39,100,0,0.007834,0,1,3,0,0,76,1448,-0.024278,1,0.4906,2,3,0,0,V3,1,1,-100,1,196.3,0,0,0,0,1,200
EDCF-Shield,v3a,FALCON1024+HMAC-SHA512+AES256GCM+DKG4of7,STOLEN_KEY,120,44.78,54,CYCLE,108,780,2,20,1598,0.325833,-0.082893,0.490875,0.975,0.328007,0.12,100,0,0.007728,0,1,3,0,0,76,1448,-0.025581,1,0.4907,2,3,0,0,V3,1,1,-100,1,200.3,0,0,0,0,2,200
EDCF-Shield,v3a,FALCON1024+HMAC-SHA512+AES256GCM+DKG4of7,STOLEN_KEY,120,44.78,54,CUMULATIVE,108,42142,312,1058,79808,0.344259,-0.093747,0.510348,0.975509,0.345568,0.39,100,0,0.007728,0,1,3,0,0,76,1448,-0.025581,1,0.4907,2,3,0,0,V3,1,1,-100,1,200.3,0,0,0,0,1,200
EDCF-Shield,v3a,FALCON1024+HMAC-SHA512+AES256GCM+DKG4of7,STOLEN_KEY,120,44.78,55,CYCLE,110,780,2,20,1598,0.325833,-0.083522,0.490875,0.975,0.328007,0.12,100,0,0.007626,0,1,3,0,0,76,1448,-0.026843,1,0.4909,2,3,0,0,V3,1,1,-100,1,204.3,0,0,0,0,2,200
EDCF-Shield,v3a,FALCON1024+HMAC-SHA512+AES256GCM+DKG4of7,STOLEN_KEY,120,44.78,55,CUMULATIVE,110,42922,314,1078,81406,0.343907,-0.09416,0.509981,0.9755,0.345232,0.38,100,0,0.007626,0,1,3,0,0,76,1448,-0.026843,1,0.4909,2,3,0,0,V3,1,1,-100,1,204.3,0,0,0,0,1,200
EDCF-Shield,v3a,FALCON1024+HMAC-SHA512+AES256GCM+DKG4of7,STOLEN_KEY,120,44.78,56,CYCLE,112,780,1,20,1599,0.325417,-0.084234,0.49072,0.975,0.327869,0.06,100,0,0.007504,0,1,3,0,0,76,1448,-0.028067,1,0.4911,2,3,0,0,V3,1,1,-100,1,208.3,0,0,0,0,2,200
EDCF-Shield,v3a,FALCON1024+HMAC-SHA512+AES256GCM+DKG4of7,STOLEN_KEY,120,44.78,56,CUMULATIVE,112,43702,315,1098,83005,0.343561,-0.094647,0.509624,0.975491,0.344906,0.38,100,0,0.007504,0,1,3,0,0,76,1448,-0.028067,1,0.4911,2,3,0,0,V3,1,1,-100,1,208.3,0,0,0,0,1,200
EDCF-Shield,v3a,FALCON1024+HMAC-SHA512+AES256GCM+DKG4of7,STOLEN_KEY,120,44.78,57,CYCLE,114,780,2,20,1598,0.325833,-0.084817,0.490875,0.975,0.328007,0.12,100,0,0.007411,0,1,3,0,0,76,1448,-0.029256,1,0.4912,2,3,0,0,V3,1,1,-100,1,212.3,0,0,0,0,2,200
EDCF-Shield,v3a,FALCON1024+HMAC-SHA512+AES256GCM+DKG4of7,STOLEN_KEY,120,44.78,57,CUMULATIVE,114,44482,317,1118,84603,0.343235,-0.095031,0.509282,0.975482,0.344595,0.37,100,0,0.007411,0,1,3,0,0,76,1448,-0.029256,1,0.4912,2,3,0,0,V3,1,1,-100,1,212.3,0,0,0,0,1,200
EDCF-Shield,v3a,FALCON1024+HMAC-SHA512+AES256GCM+DKG4of7,STOLEN_KEY,120,44.78,58,CYCLE,116,780,2,20,1598,0.325833,-0.08538,0.490875,0.975,0.328007,0.12,100,0,0.00732,0,1,3,0,0,76,1448,-0.03041,1,0.4914,2,3,0,0,V3,1,1,-100,1,216.3,0,0,0,0,2,200
EDCF-Shield,v3a,FALCON1024+HMAC-SHA512+AES256GCM+DKG4of7,STOLEN_KEY,120,44.78,58,CUMULATIVE,116,45262,319,1138,86201,0.342921,-0.095402,0.508954,0.975474,0.344295,0.37,100,0,0.00732,0,1,3,0,0,76,1448,-0.03041,1,0.4914,2,3,0,0,V3,1,1,-100,1,216.3,0,0,0,0,1,200
EDCF-Shield,v3a,FALCON1024+HMAC-SHA512+AES256GCM+DKG4of7,STOLEN_KEY,120,44.78,59,CYCLE,118,780,1,20,1599,0.325417,-0.086024,0.49072,0.975,0.327869,0.06,100,0,0.00721,0,1,3,0,0,76,1448,-0.03153,1,0.4915,2,3,0,0,V3,1,1,-100,1,220.3,0,0,0,0,2,200
EDCF-Shield,v3a,FALCON1024+HMAC-SHA512+AES256GCM+DKG4of7,STOLEN_KEY,120,44.78,59,CUMULATIVE,118,46042,320,1158,87800,0.34261,-0.095846,0.508633,0.975466,0.344003,0.36,100,0,0.00721,0,1,3,0,0,76,1448,-0.03153,1,0.4915,2,3,0,0,V3,1,1,-100,1,220.3,0,0,0,0,1,200
EDCF-Shield,v3a,FALCON1024+HMAC-SHA512+AES256GCM+DKG4of7,STOLEN_KEY,120,44.78,60,CYCLE,120,780,2,20,1598,0.325833,-0.086548,0.490875,0.975,0.328007,0.12,100,0,0.007127,0,1,3,0,0,76,1448,-0.032621,1,0.4917,2,3,0,0,V3,1,1,-100,1,224.3,0,0,0,0,2,200
EDCF-Shield,v3a,FALCON1024+HMAC-SHA512+AES256GCM+DKG4of7,STOLEN_KEY,120,44.78,60,CUMULATIVE,120,46822,322,1178,89398,0.342318,-0.096192,0.508327,0.975458,0.343723,0.36,100,0,0.007127,0,1,3,0,0,76,1448,-0.032621,1,0.4917,2,3,0,0,V3,1,1,-100,1,224.3,0,0,0,0,1,200
EDCF-Shield,v3a,FALCON1024+HMAC-SHA512+AES256GCM+DKG4of7,STOLEN_KEY,120,44.78,61,CYCLE,122,780,2,20,1598,0.325833,-0.087055,0.490875,0.975,0.328007,0.12,100,0,0.007046,0,1,3,0,0,76,1448,-0.03368,1,0.4918,2,3,0,0,V3,1,1,-100,1,228.3,0,0,0,0,2,200
EDCF-Shield,v3a,FALCON1024+HMAC-SHA512+AES256GCM+DKG4of7,STOLEN_KEY,120,44.78,61,CUMULATIVE,122,47602,324,1198,90996,0.342035,-0.096528,0.508031,0.975451,0.343454,0.35,100,0,0.007046,0,1,3,0,0,76,1448,-0.03368,1,0.4918,2,3,0,0,V3,1,1,-100,1,228.3,0,0,0,0,1,200
EDCF-Shield,v3a,FALCON1024+HMAC-SHA512+AES256GCM+DKG4of7,STOLEN_KEY,120,44.78,62,CYCLE,124,780,1,20,1599,0.325417,-0.087641,0.49072,0.975,0.327869,0.06,100,0,0.006947,0,1,3,0,0,76,1448,-0.03471,1,0.4919,2,3,0,0,V3,1,1,-100,1,232.3,0,0,0,0,2,200
EDCF-Shield,v3a,FALCON1024+HMAC-SHA512+AES256GCM+DKG4of7,STOLEN_KEY,120,44.78,62,CUMULATIVE,124,48382,325,1218,92595,0.341756,-0.096933,0.507742,0.975444,0.343191,0.35,100,0,0.006947,0,1,3,0,0,76,1448,-0.03471,1,0.4919,2,3,0,0,V3,1,1,-100,1,232.3,0,0,0,0,1,200
EDCF-Shield,v3a,FALCON1024+HMAC-SHA512+AES256GCM+DKG4of7,STOLEN_KEY,120,44.78,63,CYCLE,126,780,2,20,1598,0.325833,-0.088115,0.490875,0.975,0.328007,0.12,100,0,0.006872,0,1,3,0,0,76,1448,-0.035714,1,0.4921,2,3,0,0,V3,1,1,-100,1,236.3,0,0,0,0,2,200
EDCF-Shield,v3a,FALCON1024+HMAC-SHA512+AES256GCM+DKG4of7,STOLEN_KEY,120,44.78,63,CUMULATIVE,126,49162,327,1238,94193,0.341492,-0.097247,0.507466,0.975437,0.342939,0.35,100,0,0.006872,0,1,3,0,0,76,1448,-0.035714,1,0.4921,2,3,0,0,V3,1,1,-100,1,236.3,0,0,0,0,1,200
EDCF-Shield,v3a,FALCON1024+HMAC-SHA512+AES256GCM+DKG4of7,STOLEN_KEY,120,44.78,64,CYCLE,128,780,2,20,1598,0.325833,-0.088573,0.490875,0.975,0.328007,0.12,100,0,0.006799,0,1,3,0,0,76,1448,-0.036691,1,0.4922,2,3,0,0,V3,1,1,-100,1,240.3,0,0,0,0,2,200
EDCF-Shield,v3a,FALCON1024+HMAC-SHA512+AES256GCM+DKG4of7,STOLEN_KEY,120,44.78,64,CUMULATIVE,128,49942,329,1258,95791,0.341237,-0.097551,0.507198,0.97543,0.342695,0.34,100,0,0.006799,0,1,3,0,0,76,1448,-0.036691,1,0.4922,2,3,0,0,V3,1,1,-100,1,240.3,0,0,0,0,1,200
EDCF-Shield,v3a,FALCON1024+HMAC-SHA512+AES256GCM+DKG4of7,STOLEN_KEY,120,44.78,65,CYCLE,130,780,1,20,1599,0.325417,-0.089109,0.49072,0.975,0.327869,0.06,100,0,0.006709,0,1,3,0,0,76,1448,-0.037642,1,0.4923,2,3,0,0,V3,1,1,-100,1,244.3,0,0,0,0,2,200
EDCF-Shield,v3a,FALCON1024+HMAC-SHA512+AES256GCM+DKG4of7,STOLEN_KEY,120,44.78,65,CUMULATIVE,130,50722,330,1278,97390,0.340983,-0.097924,0.506936,0.975423,0.342457,0.34,100,0,0.006709,0,1,3,0,0,76,1448,-0.037642,1,0.4923,2,3,0,0,V3,1,1,-100,1,244.3,0,0,0,0,1,200
EDCF-Shield,v3a,FALCON1024+HMAC-SHA512+AES256GCM+DKG4of7,STOLEN_KEY,120,44.78,66,CYCLE,132,780,2,20,1598,0.325833,-0.089539,0.490875,0.975,0.328007,0.12,100,0,0.006641,0,1,3,0,0,76,1448,-0.038569,1,0.4924,2,3,0,0,V3,1,1,-100,1,248.3,0,0,0,0,2,200
EDCF-Shield,v3a,FALCON1024+HMAC-SHA512+AES256GCM+DKG4of7,STOLEN_KEY,120,44.78,66,CUMULATIVE,132,51502,332,1298,98988,0.340744,-0.09821,0.506685,0.975417,0.342229,0.33,100,0,0.006641,0,1,3,0,0,76,1448,-0.038569,1,0.4924,2,3,0,0,V3,1,1,-100,1,248.3,0,0,0,0,1,200
EDCF-Shield,v3a,FALCON1024+HMAC-SHA512+AES256GCM+DKG4of7,STOLEN_KEY,120,44.78,67,CYCLE,134,780,2,20,1598,0.325833,-0.089956,0.490875,0.975,0.328007,0.12,100,0,0.006576,0,1,3,0,0,76,1448,-0.039473,1,0.4925,2,3,0,0,V3,1,1,-100,1,252.3,0,0,0,0,2,200
EDCF-Shield,v3a,FALCON1024+HMAC-SHA512+AES256GCM+DKG4of7,STOLEN_KEY,120,44.78,67,CUMULATIVE,134,52282,334,1318,100586,0.340513,-0.098487,0.506442,0.97541,0.342007,0.33,100,0,0.006576,0,1,3,0,0,76,1448,-0.039473,1,0.4925,2,3,0,0,V3,1,1,-100,1,252.3,0,0,0,0,1,200
EDCF-Shield,v3a,FALCON1024+HMAC-SHA512+AES256GCM+DKG4of7,STOLEN_KEY,120,44.78,68,CYCLE,136,780,1,20,1599,0.325417,-0.090447,0.49072,0.975,0.327869,0.06,100,0,0.006493,0,1,3,0,0,76,1448,-0.040353,1,0.4926,2,3,0,0,V3,1,1,-100,1,256.3,0,0,0,0,2,200
EDCF-Shield,v3a,FALCON1024+HMAC-SHA512+AES256GCM+DKG4of7,STOLEN_KEY,120,44.78,68,CUMULATIVE,136,53062,335,1338,102185,0.340282,-0.098831,0.506203,0.975404,0.341791,0.33,100,0,0.006493,0,1,3,0,0,76,1448,-0.040353,1,0.4926,2,3,0,0,V3,1,1,-100,1,256.3,0,0,0,0,1,200
EDCF-Shield,v3a,FALCON1024+HMAC-SHA512+AES256GCM+DKG4of7,STOLEN_KEY,120,44.78,69,CYCLE,138,780,2,20,1598,0.325833,-0.090839,0.490875,0.975,0.328007,0.12,100,0,0.006432,0,1,3,0,0,76,1448,-0.041213,1,0.4928,2,3,0,0,V3,1,1,-100,1,260.3,0,0,0,0,2,200
EDCF-Shield,v3a,FALCON1024+HMAC-SHA512+AES256GCM+DKG4of7,STOLEN_KEY,120,44.78,69,CUMULATIVE,138,53842,337,1358,103783,0.340064,-0.099092,0.505974,0.975399,0.341583,0.32,100,0,0.006432,0,1,3,0,0,76,1448,-0.041213,1,0.4928,2,3,0,0,V3,1,1,-100,1,260.3,0,0,0,0,1,200
EDCF-Shield,v3a,FALCON1024+HMAC-SHA512+AES256GCM+DKG4of7,STOLEN_KEY,120,44.78,70,CYCLE,140,780,2,20,1598,0.325833,-0.091219,0.490875,0.975,0.328007,0.12,100,0,0.006372,0,1,3,0,0,76,1448,-0.042052,1,0.4929,2,3,0,0,V3,1,1,-100,1,264.3,0,0,0,0,2,200
EDCF-Shield,v3a,FALCON1024+HMAC-SHA512+AES256GCM+DKG4of7,STOLEN_KEY,120,44.78,70,CUMULATIVE,140,54622,339,1378,105381,0.339853,-0.099346,0.505752,0.975393,0.341381,0.32,100,0,0.006372,0,1,3,0,0,76,1448,-0.042052,1,0.4929,2,3,0,0,V3,1,1,-100,1,264.3,0,0,0,0,1,200
EDCF-Shield,v3a,FALCON1024+HMAC-SHA512+AES256GCM+DKG4of7,STOLEN_KEY,120,44.78,71,CYCLE,142,780,1,20,1599,0.325417,-0.091672,0.49072,0.975,0.327869,0.06,100,0,0.006296,0,1,3,0,0,76,1448,-0.042871,1,0.493,2,3,0,0,V3,1,1,-100,1,268.3,0,0,0,0,2,200
EDCF-Shield,v3a,FALCON1024+HMAC-SHA512+AES256GCM+DKG4of7,STOLEN_KEY,120,44.78,71,CUMULATIVE,142,55402,340,1398,106980,0.339642,-0.099664,0.505534,0.975387,0.341183,0.32,100,0,0.006296,0,1,3,0,0,76,1448,-0.042871,1,0.493,2,3,0,0,V3,1,1,-100,1,268.3,0,0,0,0,1,200
EDCF-Shield,v3a,FALCON1024+HMAC-SHA512+AES256GCM+DKG4of7,STOLEN_KEY,120,44.78,72,CYCLE,144,780,2,20,1598,0.325833,-0.092031,0.490875,0.975,0.328007,0.12,100,0,0.006241,0,1,3,0,0,76,1448,-0.043671,1,0.4931,2,3,0,0,V3,1,1,-100,1,272.3,0,0,0,0,2,200
EDCF-Shield,v3a,FALCON1024+HMAC-SHA512+AES256GCM+DKG4of7,STOLEN_KEY,120,44.78,72,CUMULATIVE,144,56182,342,1418,108578,0.339443,-0.099903,0.505325,0.975382,0.340993,0.31,100,0,0.006241,0,1,3,0,0,76,1448,-0.043671,1,0.4931,2,3,0,0,V3,1,1,-100,1,272.3,0,0,0,0,1,200
EDCF-Shield,v3a,FALCON1024+HMAC-SHA512+AES256GCM+DKG4of7,STOLEN_KEY,120,44.78,73,CYCLE,146,780,2,20,1598,0.325833,-0.092379,0.490875,0.975,0.328007,0.12,100,0,0.006187,0,1,3,0,0,76,1448,-0.044452,1,0.4932,2,3,0,0,V3,1,1,-100,1,276.3,0,0,0,0,2,200
EDCF-Shield,v3a,FALCON1024+HMAC-SHA512+AES256GCM+DKG4of7,STOLEN_KEY,120,44.78,73,CUMULATIVE,146,56962,344,1438,110176,0.339249,-0.100136,0.505121,0.975377,0.340808,0.31,100,0,0.006187,0,1,3,0,0,76,1448,-0.044452,1,0.4932,2,3,0,0,V3,1,1,-100,1,276.3,0,0,0,0,1,200
EDCF-Shield,v3a,FALCON1024+HMAC-SHA512+AES256GCM+DKG4of7,STOLEN_KEY,120,44.78,74,CYCLE,148,780,1,20,1599,0.325417,-0.092798,0.49072,0.975,0.327869,0.06,100,0,0.006116,0,1,3,0,0,76,1448,-0.045214,1,0.4932,2,3,0,0,V3,1,1,-100,1,280.3,0,0,0,0,2,200
EDCF-Shield,v3a,FALCON1024+HMAC-SHA512+AES256GCM+DKG4of7,STOLEN_KEY,120,44.78,74,CUMULATIVE,148,57742,345,1458,111775,0.339056,-0.100432,0.504921,0.975372,0.340627,0.31,100,0,0.006116,0,1,3,0,0,76,1448,-0.045214,1,0.4932,2,3,0,0,V3,1,1,-100,1,280.3,0,0,0,0,1,200
EDCF-Shield,v3a,FALCON1024+HMAC-SHA512+AES256GCM+DKG4of7,STOLEN_KEY,120,44.78,75,CYCLE,150,780,2,20,1598,0.325833,-0.093127,0.490875,0.975,0.328007,0.12,100,0,0.006066,0,1,3,0,0,76,1448,-0.045961,1,0.4933,2,3,0,0,V3,1,1,-100,1,284.3,0,0,0,0,2,200
EDCF-Shield,v3a,FALCON1024+HMAC-SHA512+AES256GCM+DKG4of7,STOLEN_KEY,120,44.78,75,CUMULATIVE,150,58522,347,1478,113373,0.338873,-0.100652,0.504728,0.975367,0.340452,0.31,100,0,0.006066,0,1,3,0,0,76,1448,-0.045961,1,0.4933,2,3,0,0,V3,1,1,-100,1,284.3,0,0,0,0,1,200
EDCF-Shield,v3a,FALCON1024+HMAC-SHA512+AES256GCM+DKG4of7,STOLEN_KEY,120,44.78,76,CYCLE,152,780,2,20,1598,0.325833,-0.093448,0.490875,0.975,0.328007,0.12,100,0,0.006016,0,1,3,0,0,76,1448,-0.04669,1,0.4934,2,3,0,0,V3,1,1,-100,1,288.3,0,0,0,0,2,200
EDCF-Shield,v3a,FALCON1024+HMAC-SHA512+AES256GCM+DKG4of7,STOLEN_KEY,120,44.78,76,CUMULATIVE,152,59302,349,1498,114971,0.338695,-0.100866,0.504541,0.975362,0.340282,0.3,100,0,0.006016,0,1,3,0,0,76,1448,-0.04669,1,0.4934,2,3,0,0,V3,1,1,-100,1,288.3,0,0,0,0,1,200
EDCF-Shield,v3a,FALCON1024+HMAC-SHA512+AES256GCM+DKG4of7,STOLEN_KEY,120,44.78,77,CYCLE,154,780,1,20,1599,0.325417,-0.093836,0.49072,0.975,0.327869,0.06,100,0,0.005951,0,1,3,0,0,76,1448,-0.047403,1,0.4935,2,3,0,0,V3,1,1,-100,1,292.3,0,0,0,0,2,200
EDCF-Shield,v3a,FALCON1024+HMAC-SHA512+AES256GCM+DKG4of7,STOLEN_KEY,120,44.78,77,CUMULATIVE,154,60082,350,1518,116570,0.338517,-0.101142,0.504357,0.975357,0.340115,0.3,100,0,0.005951,0,1,3,0,0,76,1448,-0.047403,1,0.4935,2,3,0,0,V3,1,1,-100,1,292.3,0,0,0,0,1,200
EDCF-Shield,v3a,FALCON1024+HMAC-SHA512+AES256GCM+DKG4of7,STOLEN_KEY,120,44.78,78,CYCLE,156,780,2,20,1598,0.325833,-0.09414,0.490875,0.975,0.328007,0.12,100,0,0.005905,0,1,3,0,0,76,1448,-0.048101,1,0.4936,2,3,0,0,V3,1,1,-100,1,296.3,0,0,0,0,2,200
EDCF-Shield,v3a,FALCON1024+HMAC-SHA512+AES256GCM+DKG4of7,STOLEN_KEY,120,44.78,78,CUMULATIVE,156,60862,352,1538,118168,0.338348,-0.101345,0.504179,0.975353,0.339954,0.3,100,0,0.005905,0,1,3,0,0,76,1448,-0.048101,1,0.4936,2,3,0,0,V3,1,1,-100,1,296.3,0,0,0,0,1,200
EDCF-Shield,v3a,FALCON1024+HMAC-SHA512+AES256GCM+DKG4of7,STOLEN_KEY,120,44.78,79,CYCLE,158,780,2,20,1598,0.325833,-0.094435,0.490875,0.975,0.328007,0.12,100,0,0.00586,0,1,3,0,0,76,1448,-0.048783,1,0.4937,2,3,0,0,V3,1,1,-100,1,300.3,0,0,0,0,2,200
EDCF-Shield,v3a,FALCON1024+HMAC-SHA512+AES256GCM+DKG4of7,STOLEN_KEY,120,44.78,79,CUMULATIVE,158,61642,354,1558,119766,0.338185,-0.101543,0.504006,0.975348,0.339798,0.29,100,0,0.00586,0,1,3,0,0,76,1448,-0.048783,1,0.4937,2,3,0,0,V3,1,1,-100,1,300.3,0,0,0,0,1,200
EDCF-Shield,v3a,FALCON1024+HMAC-SHA512+AES256GCM+DKG4of7,STOLEN_KEY,120,44.78,80,CYCLE,160,780,1,20,1599,0.325417,-0.094797,0.49072,0.975,0.327869,0.06,100,0,0.005799,0,1,3,0,0,76,1448,-0.049451,1,0.4938,2,3,0,0,V3,1,1,-100,1,304.3,0,0,0,0,2,200
EDCF-Shield,v3a,FALCON1024+HMAC-SHA512+AES256GCM+DKG4of7,STOLEN_KEY,120,44.78,80,CUMULATIVE,160,62422,355,1578,121365,0.33802,-0.101801,0.503836,0.975344,0.339643,0.29,100,0,0.005799,0,1,3,0,0,76,1448,-0.049451,1,0.4938,2,3,0,0,V3,1,1,-100,1,304.3,0,0,0,0,1,200
EDCF-Shield,v3a,FALCON1024+HMAC-SHA512+AES256GCM+DKG4of7,STOLEN_KEY,120,44.78,81,CYCLE,162,780,2,20,1598,0.325833,-0.095077,0.490875,0.975,0.328007,0.12,100,0,0.005756,0,1,3,0,0,76,1448,-0.050105,1,0.4938,2,3,0,0,V3,1,1,-100,1,308.3,0,0,0,0,2,200
EDCF-Shield,v3a,FALCON1024+HMAC-SHA512+AES256GCM+DKG4of7,STOLEN_KEY,120,44.78,81,CUMULATIVE,162,63202,357,1598,122963,0.337864,-0.101989,0.503672,0.97534,0.339495,0.29,100,0,0.005756,0,1,3,0,0,76,1448,-0.050105,1,0.4938,2,3,0,0,V3,1,1,-100,1,308.3,0,0,0,0,1,200
EDCF-Shield,v3a,FALCON1024+HMAC-SHA512+AES256GCM+DKG4of7,STOLEN_KEY,120,44.78,82,CYCLE,164,780,2,20,1598,0.325833,-0.09535,0.490875,0.975,0.328007,0.12,100,0,0.005715,0,1,3,0,0,76,1448,-0.050746,1,0.4939,2,3,0,0,V3,1,1,-100,1,312.3,0,0,0,0,2,200
EDCF-Shield,v3a,FALCON1024+HMAC-SHA512+AES256GCM+DKG4of7,STOLEN_KEY,120,44.78,82,CUMULATIVE,164,63982,359,1618,124561,0.337713,-0.102172,0.503512,0.975335,0.33935,0.29,100,0,0.005715,0,1,3,0,0,76,1448,-0.050746,1,0.4939,2,3,0,0,V3,1,1,-100,1,312.3,0,0,0,0,1,200
EDCF-Shield,v3a,FALCON1024+HMAC-SHA512+AES256GCM+DKG4of7,STOLEN_KEY,120,44.78,83,CYCLE,166,780,1,20,1599,0.325417,-0.095688,0.49072,0.975,0.327869,0.06,100,0,0.005659,0,1,3,0,0,76,1448,-0.051373,1,0.494,2,3,0,0,V3,1,1,-100,1,316.3,0,0,0,0,2,200
EDCF-Shield,v3a,FALCON1024+HMAC-SHA512+AES256GCM+DKG4of7,STOLEN_KEY,120,44.78,83,CUMULATIVE,166,64762,360,1638,126160,0.33756,-0.102414,0.503354,0.975331,0.339207,0.28,100,0,0.005659,0,1,3,0,0,76,1448,-0.051373,1,0.494,2,3,0,0,V3,1,1,-100,1,316.3,0,0,0,0,1,200
EDCF-Shield,v3a,FALCON1024+HMAC-SHA512+AES256GCM+DKG4of7,STOLEN_KEY,120,44.78,84,CYCLE,168,780,2,20,1598,0.325833,-0.095947,0.490875,0.975,0.328007,0.12,100,0,0.005619,0,1,3,0,0,76,1448,-0.051988,1,0.494,2,3,0,0,V3,1,1,-100,1,320.3,0,0,0,0,2,200
EDCF-Shield,v3a,FALCON1024+HMAC-SHA512+AES256GCM+DKG4of7,STOLEN_KEY,120,44.78,84,CUMULATIVE,168,65542,362,1658,127758,0.337416,-0.102588,0.503202,0.975327,0.339069,0.28,100,0,0.005619,0,1,3,0,0,76,1448,-0.051988,1,0.494,2,3,0,0,V3,1,1,-100,1,320.3,0,0,0,0,1,200
EDCF-Shield,v3a,FALCON1024+HMAC-SHA512+AES256GCM+DKG4of7,STOLEN_KEY,120,44.78,85,CYCLE,170,780,2,20,1598,0.325833,-0.0962,0.490875,0.975,0.328007,0.12,100,0,0.005581,0,1,3,0,0,76,1448,-0.05259,1,0.4941,2,3,0,0,V3,1,1,-100,1,324.3,0,0,0,0,2,200
EDCF-Shield,v3a,FALCON1024+HMAC-SHA512+AES256GCM+DKG4of7,STOLEN_KEY,120,44.78,85,CUMULATIVE,170,66322,364,1678,129356,0.337275,-0.102758,0.503053,0.975324,0.338934,0.28,100,0,0.005581,0,1,3,0,0,76,1448,-0.05259,1,0.4941,2,3,0,0,V3,1,1,-100,1,324.3,0,0,0,0,1,200
EDCF-Shield,v3a,FALCON1024+HMAC-SHA512+AES256GCM+DKG4of7,STOLEN_KEY,120,44.78,86,CYCLE,172,780,1,20,1599,0.325417,-0.096516,0.49072,0.975,0.327869,0.06,100,0,0.005528,0,1,3,0,0,76,1448,-0.053181,1,0.4942,2,3,0,0,V3,1,1,-100,1,328.3,0,0,0,0,2,200
EDCF-Shield,v3a,FALCON1024+HMAC-SHA512+AES256GCM+DKG4of7,STOLEN_KEY,120,44.78,86,CUMULATIVE,172,67102,365,1698,130955,0.337133,-0.102985,0.502906,0.97532,0.338801,0.28,100,0,0.005528,0,1,3,0,0,76,1448,-0.053181,1,0.4942,2,3,0,0,V3,1,1,-100,1,328.3,0,0,0,0,1,200
EDCF-Shield,v3a,FALCON1024+HMAC-SHA512+AES256GCM+DKG4of7,STOLEN_KEY,120,44.78,87,CYCLE,174,780,2,20,1598,0.325833,-0.096757,0.490875,0.975,0.328007,0.12,100,0,0.005492,0,1,3,0,0,76,1448,-0.05376,1,0.4943,2,3,0,0,V3,1,1,-100,1,332.3,0,0,0,0,2,200
EDCF-Shield,v3a,FALCON1024+HMAC-SHA512+AES256GCM+DKG4of7,STOLEN_KEY,120,44.78,87,CUMULATIVE,174,67882,367,1718,132553,0.336999,-0.103147,0.502764,0.975316,0.338673,0.28,100,0,0.005492,0,1,3,0,0,76,1448,-0.05376,1,0.4943,2,3,0,0,V3,1,1,-100,1,332.3,0,0,0,0,1,200
EDCF-Shield,v3a,FALCON1024+HMAC-SHA512+AES256GCM+DKG4of7,STOLEN_KEY,120,44.78,88,CYCLE,176,780,2,20,1598,0.325833,-0.096993,0.490875,0.975,0.328007,0.12,100,0,0.005456,0,1,3,0,0,76,1448,-0.054327,1,0.4943,2,3,0,0,V3,1,1,-100,1,336.3,0,0,0,0,2,200
EDCF-Shield,v3a,FALCON1024+HMAC-SHA512+AES256GCM+DKG4of7,STOLEN_KEY,120,44.78,88,CUMULATIVE,176,68662,369,1738,134151,0.336868,-0.103306,0.502626,0.975313,0.338548,0.27,100,0,0.005456,0,1,3,0,0,76,1448,-0.054327,1,0.4943,2,3,0,0,V3,1,1,-100,1,336.3,0,0,0,0,1,200
EDCF-Shield,v3a,FALCON1024+HMAC-SHA512+AES256GCM+DKG4of7,STOLEN_KEY,120,44.78,89,CYCLE,178,780,1,20,1599,0.325417,-0.097289,0.49072,0.975,0.327869,0.06,100,0,0.005407,0,1,3,0,0,76,1448,-0.054884,1,0.4944,2,3,0,0,V3,1,1,-100,1,340.3,0,0,0,0,2,200
EDCF-Shield,v3a,FALCON1024+HMAC-SHA512+AES256GCM+DKG4of7,STOLEN_KEY,120,44.78,89,CUMULATIVE,178,69442,370,1758,135750,0.336735,-0.103519,0.502489,0.975309,0.338424,0.27,100,0,0.005407,0,1,3,0,0,76,1448,-0.054884,1,0.4944,2,3,0,0,V3,1,1,-100,1,340.3,0,0,0,0,1,200
EDCF-Shield,v3a,FALCON1024+HMAC-SHA512+AES256GCM+DKG4of7,STOLEN_KEY,120,44.78,90,CYCLE,179.5,468,2,12,1038,0.309211,-0.097456,0.471299,0.975,0.310757,0.19,100,0,0.005395,0,1,3,0,0,76,1448,-0.05543,1,0.4958,2,3,0,0,V3,1,1,-100,1,342.9,0,0,0,0,2,200
EDCF-Shield,v3a,FALCON1024+HMAC-SHA512+AES256GCM+DKG4of7,STOLEN_KEY,120,44.78,90,CUMULATIVE,179.5,69910,372,1770,136788,0.336535,-0.103581,0.502267,0.975307,0.338223,0.27,100,0,0.005395,0,1,3,0,0,76,1448,-0.05543,1,0.4958,2,3,0,0,V3,1,1,-100,1,342.9,0,0,0,0,1,200
EDCF-Shield,v3a,FALCON1024+HMAC-SHA512+AES256GCM+DKG4of7,STOLEN_KEY,180,67.16,1,CYCLE,2,200,0,0,0,1,0.5,1,1,1,0,100,0,0,0,1,0,0,0,76,1448,0,1,0,0,0,0,0,V3,0,1,-100,1,0,0,0,0,0,0,200
EDCF-Shield,v3a,FALCON1024+HMAC-SHA512+AES256GCM+DKG4of7,STOLEN_KEY,180,67.16,1,CUMULATIVE,2,200,0,0,0,1,0.5,1,1,1,0,100,0,0,0,1,0,0,0,76,1448,0,1,0,0,0,0,0,V3,0,1,-100,1,0,0,0,0,0,0,200
EDCF-Shield,v3a,FALCON1024+HMAC-SHA512+AES256GCM+DKG4of7,STOLEN_KEY,180,67.16,2,CYCLE,4,182,35,18,119,0.612994,0.345369,0.726547,0.91,0.604651,22.73,100,0,0.3125,0,1,3,0,0,76,1448,0.5,1,0.25,2,3,0,0,V3,1,1,-100,1,0.385,0,0,0,0,2,200
EDCF-Shield,v3a,FALCON1024+HMAC-SHA512+AES256GCM+DKG4of7,STOLEN_KEY,180,67.16,2,CUMULATIVE,4,382,35,18,119,0.752708,0.277623,0.847947,0.955,0.762475,22.73,100,0,0.3125,0,1,3,0,0,76,1448,0.5,1,0.25,2,3,0,0,V3,1,1,-100,1,0.385,0,0,0,0,1,200
EDCF-Shield,v3a,FALCON1024+HMAC-SHA512+AES256GCM+DKG4of7,STOLEN_KEY,180,67.16,3,CYCLE,6,180,40,20,380,0.354839,0.227736,0.473684,0.9,0.321429,9.52,100,0,0.207182,0,1,3,0,0,76,1448,0.388811,1,0.3333,2,3,0,0,V3,1,1,-100,1,1.435,0,0,0,0,2,200
EDCF-Shield,v3a,FALCON1024+HMAC-SHA512+AES256GCM+DKG4of7,STOLEN_KEY,180,67.16,3,CUMULATIVE,6,562,75,38,499,0.542589,0.114113,0.676701,0.936667,0.529689,13.07,100,0,0.207182,0,1,3,0,0,76,1448,0.388811,1,0.3333,2,3,0,0,V3,1,1,-100,1,1.435,0,0,0,0,1,200
EDCF-Shield,v3a,FALCON1024+HMAC-SHA512+AES256GCM+DKG4of7,STOLEN_KEY,180,67.16,4,CYCLE,8,180,40,20,646,0.248307,0.153461,0.350877,0.9,0.217918,5.83,100,0,0.154362,0,1,3,0,0,76,1448,0.297245,1,0.375,2,3,0,0,V3,1,1,-100,1,3.15,0,0,0,0,2,200
EDCF-Shield,v3a,FALCON1024+HMAC-SHA512+AES256GCM+DKG4of7,STOLEN_KEY,180,67.16,4,CUMULATIVE,8,742,115,58,1145,0.416019,0.032982,0.552289,0.9275,0.393217,9.13,100,0,0.154362,0,1,3,0,0,76,1448,0.297245,1,0.375,2,3,0,0,V3,1,1,-100,1,3.15,0,0,0,0,1,200
EDCF-Shield,v3a,FALCON1024+HMAC-SHA512+AES256GCM+DKG4of7,STOLEN_KEY,180,67.16,5,CYCLE,10,180,39,20,915,0.189775,0.102449,0.277992,0.9,0.164384,4.09,100,0,0.122125,0,1,3,0,0,76,1448,0.23118,1,0.4,2,3,0,0,V3,1,1,-100,1,5.535,0,0,0,0,2,200
EDCF-Shield,v3a,FALCON1024+HMAC-SHA512+AES256GCM+DKG4of7,STOLEN_KEY,180,67.16,5,CUMULATIVE,10,922,154,78,2060,0.334785,-0.015103,0.463084,0.922,0.309188,6.96,100,0,0.122125,0,1,3,0,0,76,1448,0.23118,1,0.4,2,3,0,0,V3,1,1,-100,1,5.535,0,0,0,0,1,200
EDCF-Shield,v3a,FALCON1024+HMAC-SHA512+AES256GCM+DKG4of7,STOLEN_KEY,180,67.16,6,CYCLE,12,180,40,20,1180,0.15493,0.066003,0.230769,0.9,0.132353,3.28,100,0,0.101518,0,1,3,0,0,76,1448,0.181923,1,0.4167,2,3,0,0,V3,1,1,-100,1,8.585,0,0,0,0,2,200
EDCF-Shield,v3a,FALCON1024+HMAC-SHA512+AES256GCM+DKG4of7,STOLEN_KEY,180,67.16,6,CUMULATIVE,12,1102,194,98,3240,0.279672,-0.045382,0.39769,0.918333,0.2538,5.65,100,0,0.101518,0,1,3,0,0,76,1448,0.181923,1,0.4167,2,3,0,0,V3,1,1,-100,1,8.585,0,0,0,0,1,200
EDCF-Shield,v3a,FALCON1024+HMAC-SHA512+AES256GCM+DKG4of7,STOLEN_KEY,180,67.16,7,CYCLE,14,180,40,20,1446,0.130486,0.038352,0.197152,0.9,0.110701,2.69,100,0,0.08686,0,1,3,0,0,76,1448,0.144039,1,0.4286,2,3,0,0,V3,1,1,-100,1,12.3,0,0,0,0,2,200
EDCF-Shield,v3a,FALCON1024+HMAC-SHA512+AES256GCM+DKG4of7,STOLEN_KEY,180,67.16,7,CUMULATIVE,14,1282,234,118,4686,0.239873,-0.0665,0.347991,0.915714,0.214812,4.76,100,0,0.08686,0,1,3,0,0,76,1448,0.144039,1,0.4286,2,3,0,0,V3,1,1,-100,1,12.3,0,0,0,0,1,200
EDCF-Shield,v3a,FALCON1024+HMAC-SHA512+AES256GCM+DKG4of7,STOLEN_KEY,180,67.16,8,CYCLE,16,180,39,20,1715,0.112078,0.016339,0.171838,0.9,0.094987,2.22,100,0,0.075623,0,1,3,0,0,76,1448,0.113962,1,0.4375,2,3,0,0,V3,1,1,-100,1,16.685,0,0,0,0,2,200
EDCF-Shield,v3a,FALCON1024+HMAC-SHA512+AES256GCM+DKG4of7,STOLEN_KEY,180,67.16,8,CUMULATIVE,16,1462,273,138,6401,0.209693,-0.082427,0.308993,0.91375,0.185934,4.09,100,0,0.075623,0,1,3,0,0,76,1448,0.113962,1,0.4375,2,3,0,0,V3,1,1,-100,1,16.685,0,0,0,0,1,200
EDCF-Shield,v3a,FALCON1024+HMAC-SHA512+AES256GCM+DKG4of7,STOLEN_KEY,180,67.16,9,CYCLE,18,180,40,20,1980,0.099099,-0.001209,0.152542,0.9,0.083333,1.98,100,0,0.067167,0,1,3,0,0,76,1448,0.089413,1,0.4444,2,3,0,0,V3,1,1,-100,1,21.735,0,0,0,0,2,200
EDCF-Shield,v3a,FALCON1024+HMAC-SHA512+AES256GCM+DKG4of7,STOLEN_KEY,180,67.16,9,CUMULATIVE,18,1642,313,158,8381,0.186297,-0.094268,0.277764,0.912222,0.163823,3.6,100,0,0.067167,0,1,3,0,0,76,1448,0.089413,1,0.4444,2,3,0,0,V3,1,1,-100,1,21.735,0,0,0,0,1,200
EDCF-Shield,v3a,FALCON1024+HMAC-SHA512+AES256GCM+DKG4of7,STOLEN_KEY,180,67.16,10,CYCLE,20,180,40,20,2246,0.088496,-0.01571,0.137091,0.9,0.074196,1.75,100,0,0.060414,0,1,3,0,0,76,1448,0.069004,1,0.45,2,3,0,0,V3,1,1,-100,1,27.45,0,0,0,0,2,200
EDCF-Shield,v3a,FALCON1024+HMAC-SHA512+AES256GCM+DKG4of7,STOLEN_KEY,180,67.16,10,CUMULATIVE,20,1822,353,178,10627,0.167565,-0.103618,0.252197,0.911,0.146357,3.21,100,0,0.060414,0,1,3,0,0,76,1448,0.069004,1,0.45,2,3,0,0,V3,1,1,-100,1,27.45,0,0,0,0,1,200
EDCF-Shield,v3a,FALCON1024+HMAC-SHA512+AES256GCM+DKG4of7,STOLEN_KEY,180,67.16,11,CYCLE,22,180,1,20,2399,0.069615,-0.041233,0.129543,0.9,0.069794,0.04,100,0,0.050256,0,1,3,0,0,76,1448,0.051742,1,0.4545,2,3,0,0,V3,1,1,-100,1,33.45,0,0,0,0,2,200
EDCF-Shield,v3a,FALCON1024+HMAC-SHA512+AES256GCM+DKG4of7,STOLEN_KEY,180,67.16,11,CUMULATIVE,22,2002,354,198,13026,0.15122,-0.119697,0.232412,0.91,0.133218,2.65,100,0,0.050256,0,1,3,0,0,76,1448,0.051742,1,0.4545,2,3,0,0,V3,1,1,-100,1,33.45,0,0,0,0,1,200
EDCF-Shield,v3a,FALCON1024+HMAC-SHA512+AES256GCM+DKG4of7,STOLEN_KEY,180,67.16,12,CYCLE,24,180,2,20,2398,0.07,-0.061838,0.12959,0.9,0.069822,0.08,100,0,0.043172,0,1,3,0,0,76,1448,0.036157,1,0.4583,2,3,0,0,V3,1,1,-100,1,39.45,0,0,0,0,2,200
EDCF-Shield,v3a,FALCON1024+HMAC-SHA512+AES256GCM+DKG4of7,STOLEN_KEY,180,67.16,12,CUMULATIVE,24,2182,356,218,15424,0.139604,-0.132167,0.218135,0.909167,0.123935,2.26,100,0,0.043172,0,1,3,0,0,76,1448,0.036157,1,0.4583,2,3,0,0,V3,1,1,-100,1,39.45,0,0,0,0,1,200
EDCF-Shield,v3a,FALCON1024+HMAC-SHA512+AES256GCM+DKG4of7,STOLEN_KEY,180,67.16,13,CYCLE,26,180,2,20,2398,0.07,-0.079273,0.12959,0.9,0.069822,0.08,100,0,0.037892,0,1,3,0,0,76,1448,0.02213,1,0.4615,2,3,0,0,V3,1,1,-100,1,45.45,0,0,0,0,2,200
EDCF-Shield,v3a,FALCON1024+HMAC-SHA512+AES256GCM+DKG4of7,STOLEN_KEY,180,67.16,13,CUMULATIVE,26,2362,358,238,17822,0.130895,-0.142417,0.207338,0.908462,0.117023,1.97,100,0,0.037892,0,1,3,0,0,76,1448,0.02213,1,0.4615,2,3,0,0,V3,1,1,-100,1,45.45,0,0,0,0,1,200
EDCF-Shield,v3a,FALCON1024+HMAC-SHA512+AES256GCM+DKG4of7,STOLEN_KEY,180,67.16,14,CYCLE,28,180,1,20,2399,0.069615,-0.094786,0.129543,0.9,0.069794,0.04,100,0,0.033712,0,1,3,0,0,76,1448,0.009472,1,0.4643,2,3,0,0,V3,1,1,-100,1,51.45,0,0,0,0,2,200
EDCF-Shield,v3a,FALCON1024+HMAC-SHA512+AES256GCM+DKG4of7,STOLEN_KEY,180,67.16,14,CUMULATIVE,28,2542,359,258,20221,0.12408,-0.151307,0.198881,0.907857,0.111672,1.74,100,0,0.033712,0,1,3,0,0,76,1448,0.009472,1,0.4643,2,3,0,0,V3,1,1,-100,1,51.45,0,0,0,0,1,200
EDCF-Shield,v3a,FALCON1024+HMAC-SHA512+AES256GCM+DKG4of7,STOLEN_KEY,180,67.16,15,CYCLE,30,180,2,20,2398,0.07,-0.1077,0.12959,0.9,0.069822,0.08,100,0,0.030462,0,1,3,0,0,76,1448,-0.002012,1,0.4667,2,3,0,0,V3,1,1,-100,1,57.45,0,0,0,0,2,200
EDCF-Shield,v3a,FALCON1024+HMAC-SHA512+AES256GCM+DKG4of7,STOLEN_KEY,180,67.16,15,CUMULATIVE,30,2722,361,278,22619,0.118668,-0.15879,0.192089,0.907333,0.107415,1.57,100,0,0.030462,0,1,3,0,0,76,1448,-0.002012,1,0.4667,2,3,0,0,V3,1,1,-100,1,57.45,0,0,0,0,1,200
EDCF-Shield,v3a,FALCON1024+HMAC-SHA512+AES256GCM+DKG4of7,STOLEN_KEY,180,67.16,16,CYCLE,32,180,2,20,2398,0.07,-0.119,0.12959,0.9,0.069822,0.08,100,0,0.02781,0,1,3,0,0,76,1448,-0.012464,1,0.4688,2,3,0,0,V3,1,1,-100,1,63.45,0,0,0,0,2,200
EDCF-Shield,v3a,FALCON1024+HMAC-SHA512+AES256GCM+DKG4of7,STOLEN_KEY,180,67.16,16,CUMULATIVE,32,2902,363,298,25017,0.114241,-0.165356,0.18651,0.906875,0.103944,1.43,100,0,0.02781,0,1,3,0,0,76,1448,-0.012464,1,0.4688,2,3,0,0,V3,1,1,-100,1,63.45,0,0,0,0,1,200
EDCF-Shield,v3a,FALCON1024+HMAC-SHA512+AES256GCM+DKG4of7,STOLEN_KEY,180,67.16,17,CYCLE,34,180,1,20,2399,0.069615,-0.129439,0.129543,0.9,0.069794,0.04,100,0,0.025537,0,1,3,0,0,76,1448,-0.02202,1,0.4706,2,3,0,0,V3,1,1,-100,1,69.45,0,0,0,0,2,200
EDCF-Shield,v3a,FALCON1024+HMAC-SHA512+AES256GCM+DKG4of7,STOLEN_KEY,180,67.16,17,CUMULATIVE,34,3082,364,318,27416,0.11052,-0.171387,0.18184,0.906471,0.101056,1.31,100,0,0.025537,0,1,3,0,0,76,1448,-0.02202,1,0.4706,2,3,0,0,V3,1,1,-100,1,69.45,0,0,0,0,1,200
EDCF-Shield,v3a,FALCON1024+HMAC-SHA512+AES256GCM+DKG4of7,STOLEN_KEY,180,67.16,18,CYCLE,36,180,2,20,2398,0.07,-0.138275,0.12959,0.9,0.069822,0.08,100,0,0.02368,0,1,3,0,0,76,1448,-0.030806,1,0.4722,2,3,0,0,V3,1,1,-100,1,75.45,0,0,0,0,2,200
EDCF-Shield,v3a,FALCON1024+HMAC-SHA512+AES256GCM+DKG4of7,STOLEN_KEY,180,67.16,18,CUMULATIVE,36,3262,366,338,29814,0.107401,-0.176611,0.177882,0.906111,0.098621,1.21,100,0,0.02368,0,1,3,0,0,76,1448,-0.030806,1,0.4722,2,3,0,0,V3,1,1,-100,1,75.45,0,0,0,0,1,200
EDCF-Shield,v3a,FALCON1024+HMAC-SHA512+AES256GCM+DKG4of7,STOLEN_KEY,180,67.16,19,CYCLE,38,180,2,20,2398,0.07,-0.146181,0.12959,0.9,0.069822,0.08,100,0,0.022091,0,1,3,0,0,76,1448,-0.038906,1,0.4737,2,3,0,0,V3,1,1,-100,1,81.45,0,0,0,0,2,200
EDCF-Shield,v3a,FALCON1024+HMAC-SHA512+AES256GCM+DKG4of7,STOLEN_KEY,180,67.16,19,CUMULATIVE,38,3442,368,358,32212,0.104728,-0.181334,0.174482,0.905789,0.096539,1.13,100,0,0.022091,0,1,3,0,0,76,1448,-0.038906,1,0.4737,2,3,0,0,V3,1,1,-100,1,81.45,0,0,0,0,1,200
EDCF-Shield,v3a,FALCON1024+HMAC-SHA512+AES256GCM+DKG4of7,STOLEN_KEY,180,67.16,20,CYCLE,40,180,1,20,2399,0.069615,-0.153695,0.129543,0.9,0.069794,0.04,100,0,0.020662,0,1,3,0,0,76,1448,-0.046402,1,0.475,2,3,0,0,V3,1,1,-100,1,87.45,0,0,0,0,2,200
EDCF-Shield,v3a,FALCON1024+HMAC-SHA512+AES256GCM+DKG4of7,STOLEN_KEY,180,67.16,20,CUMULATIVE,40,3622,369,378,34611,0.102386,-0.185818,0.171525,0.9055,0.094735,1.05,100,0,0.020662,0,1,3,0,0,76,1448,-0.046402,1,0.475,2,3,0,0,V3,1,1,-100,1,87.45,0,0,0,0,1,200
EDCF-Shield,v3a,FALCON1024+HMAC-SHA512+AES256GCM+DKG4of7,STOLEN_KEY,180,67.16,21,CYCLE,42,180,2,20,2398,0.07,-0.160114,0.12959,0.9,0.069822,0.08,100,0,0.019464,0,1,3,0,0,76,1448,-0.053373,1,0.4762,2,3,0,0,V3,1,1,-100,1,93.45,0,0,0,0,2,200
EDCF-Shield,v3a,FALCON1024+HMAC-SHA512+AES256GCM+DKG4of7,STOLEN_KEY,180,67.16,21,CUMULATIVE,42,3802,371,398,37009,0.100361,-0.189748,0.168936,0.905238,0.093161,0.99,100,0,0.019464,0,1,3,0,0,76,1448,-0.053373,1,0.4762,2,3,0,0,V3,1,1,-100,1,93.45,0,0,0,0,1,200
EDCF-Shield,v3a,FALCON1024+HMAC-SHA512+AES256GCM+DKG4of7,STOLEN_KEY,180,67.16,22,CYCLE,44,180,2,20,2398,0.07,-0.16595,0.12959,0.9,0.069822,0.08,100,0,0.018408,0,1,3,0,0,76,1448,-0.059867,1,0.4773,2,3,0,0,V3,1,1,-100,1,99.45,0,0,0,0,2,200
EDCF-Shield,v3a,FALCON1024+HMAC-SHA512+AES256GCM+DKG4of7,STOLEN_KEY,180,67.16,22,CUMULATIVE,44,3982,373,418,39407,0.098574,-0.193363,0.166649,0.905,0.091774,0.94,100,0,0.018408,0,1,3,0,0,76,1448,-0.059867,1,0.4773,2,3,0,0,V3,1,1,-100,1,99.45,0,0,0,0,1,200
EDCF-Shield,v3a,FALCON1024+HMAC-SHA512+AES256GCM+DKG4of7,STOLEN_KEY,180,67.16,23,CYCLE,46,180,1,20,2399,0.069615,-0.171624,0.129543,0.9,0.069794,0.04,100,0,0.017425,0,1,3,0,0,76,1448,-0.065935,1,0.4783,2,3,0,0,V3,1,1,-100,1,105.45,0,0,0,0,2,200
EDCF-Shield,v3a,FALCON1024+HMAC-SHA512+AES256GCM+DKG4of7,STOLEN_KEY,180,67.16,23,CUMULATIVE,46,4162,374,438,41806,0.096965,-0.196876,0.16461,0.904783,0.090541,0.89,100,0,0.017425,0,1,3,0,0,76,1448,-0.065935,1,0.4783,2,3,0,0,V3,1,1,-100,1,105.45,0,0,0,0,1,200
EDCF-Shield,v3a,FALCON1024+HMAC-SHA512+AES256GCM+DKG4of7,STOLEN_KEY,180,67.16,24,CYCLE,48,180,2,20,2398,0.07,-0.176494,0.12959,0.9,0.069822,0.08,100,0,0.016589,0,1,3,0,0,76,1448,-0.071628,1,0.4792,2,3,0,0,V3,1,1,-100,1,111.45,0,0,0,0,2,200
EDCF-Shield,v3a,FALCON1024+HMAC-SHA512+AES256GCM+DKG4of7,STOLEN_KEY,180,67.16,24,CUMULATIVE,48,4342,376,458,44204,0.095545,-0.199969,0.162786,0.904583,0.089441,0.84,100,0,0.016589,0,1,3,0,0,76,1448,-0.071628,1,0.4792,2,3,0,0,V3,1,1,-100,1,111.45,0,0,0,0,1,200
EDCF-Shield,v3a,FALCON1024+HMAC-SHA512+AES256GCM+DKG4of7,STOLEN_KEY,180,67.16,25,CYCLE,50,180,2,20,2398,0.07,-0.180973,0.12959,0.9,0.069822,0.08,100,0,0.015837,0,1,3,0,0,76,1448,-0.076976,1,0.48,2,3,0,0,V3,1,1,-100,1,117.45,0,0,0,0,2,200
EDCF-Shield,v3a,FALCON1024+HMAC-SHA512+AES256GCM+DKG4of7,STOLEN_KEY,180,67.16,25,CUMULATIVE,50,4522,378,478,46602,0.094267,-0.202847,0.161143,0.9044,0.088452,0.8,100,0,0.015837,0,1,3,0,0,76,1448,-0.076976,1,0.48,2,3,0,0,V3,1,1,-100,1,117.45,0,0,0,0,1,200
EDCF-Shield,v3a,FALCON1024+HMAC-SHA512+AES256GCM+DKG4of7,STOLEN_KEY,180,67.16,26,CYCLE,52,180,1,20,2399,0.069615,-0.185415,0.129543,0.9,0.069794,0.04,100,0,0.015118,0,1,3,0,0,76,1448,-0.082011,1,0.4808,2,3,0,0,V3,1,1,-100,1,123.45,0,0,0,0,2,200
EDCF-Shield,v3a,FALCON1024+HMAC-SHA512+AES256GCM+DKG4of7,STOLEN_KEY,180,67.16,26,CUMULATIVE,52,4702,379,498,49001,0.093093,-0.205695,0.159652,0.904231,0.087556,0.77,100,0,0.015118,0,1,3,0,0,76,1448,-0.082011,1,0.4808,2,3,0,0,V3,1,1,-100,1,123.45,0,0,0,0,1,200
EDCF-Shield,v3a,FALCON1024+HMAC-SHA512+AES256GCM+DKG4of7,STOLEN_KEY,180,67.16,27,CYCLE,54,180,2,20,2398,0.07,-0.189233,0.12959,0.9,0.069822,0.08,100,0,0.014503,0,1,3,0,0,76,1448,-0.086768,1,0.4815,2,3,0,0,V3,1,1,-100,1,129.45,0,0,0,0,2,200
EDCF-Shield,v3a,FALCON1024+HMAC-SHA512+AES256GCM+DKG4of7,STOLEN_KEY,180,67.16,27,CUMULATIVE,54,4882,381,518,51399,0.092043,-0.208206,0.158298,0.904074,0.086743,0.74,100,0,0.014503,0,1,3,0,0,76,1448,-0.086768,1,0.4815,2,3,0,0,V3,1,1,-100,1,129.45,0,0,0,0,1,200
EDCF-Shield,v3a,FALCON1024+HMAC-SHA512+AES256GCM+DKG4of7,STOLEN_KEY,180,67.16,28,CYCLE,56,180,2,20,2398,0.07,-0.192778,0.12959,0.9,0.069822,0.08,100,0,0.013941,0,1,3,0,0,76,1448,-0.091265,1,0.4821,2,3,0,0,V3,1,1,-100,1,135.45,0,0,0,0,2,200
EDCF-Shield,v3a,FALCON1024+HMAC-SHA512+AES256GCM+DKG4of7,STOLEN_KEY,180,67.16,28,CUMULATIVE,56,5062,383,538,53797,0.091084,-0.210562,0.157061,0.903929,0.086002,0.71,100,0,0.013941,0,1,3,0,0,76,1448,-0.091265,1,0.4821,2,3,0,0,V3,1,1,-100,1,135.45,0,0,0,0,1,200
EDCF-Shield,v3a,FALCON1024+HMAC-SHA512+AES256GCM+DKG4of7,STOLEN_KEY,180,67.16,29,CYCLE,58,180,1,20,2399,0.069615,-0.196353,0.129543,0.9,0.069794,0.04,100,0,0.013392,0,1,3,0,0,76,1448,-0.095526,1,0.4828,2,3,0,0,V3,1,1,-100,1,141.45,0,0,0,0,2,200
EDCF-Shield,v3a,FALCON1024+HMAC-SHA512+AES256GCM+DKG4of7,STOLEN_KEY,180,67.16,29,CUMULATIVE,58,5242,384,558,56196,0.090189,-0.21293,0.155924,0.903793,0.085322,0.68,100,0,0.013392,0,1,3,0,0,76,1448,-0.095526,1,0.4828,2,3,0,0,V3,1,1,-100,1,141.45,0,0,0,0,1,200
EDCF-Shield,v3a,FALCON1024+HMAC-SHA512+AES256GCM+DKG4of7,STOLEN_KEY,180,67.16,30,CYCLE,60,180,2,20,2398,0.07,-0.199425,0.12959,0.9,0.069822,0.08,100,0,0.01292,0,1,3,0,0,76,1448,-0.099574,1,0.4833,2,3,0,0,V3,1,1,-100,1,147.45,0,0,0,0,2,200
EDCF-Shield,v3a,FALCON1024+HMAC-SHA512+AES256GCM+DKG4of7,STOLEN_KEY,180,67.16,30,CUMULATIVE,60,5422,386,578,58594,0.089381,-0.215014,0.154879,0.903667,0.084698,0.65,100,0,0.01292,0,1,3,0,0,76,1448,-0.099574,1,0.4833,2,3,0,0,V3,1,1,-100,1,147.45,0,0,0,0,1,200
EDCF-Shield,v3a,FALCON1024+HMAC-SHA512+AES256GCM+DKG4of7,STOLEN_KEY,180,67.16,31,CYCLE,62,180,2,20,2398,0.07,-0.202298,0.12959,0.9,0.069822,0.08,100,0,0.012485,0,1,3,0,0,76,1448,-0.103422,1,0.4839,2,3,0,0,V3,1,1,-100,1,153.45,0,0,0,0,2,200
EDCF-Shield,v3a,FALCON1024+HMAC-SHA512+AES256GCM+DKG4of7,STOLEN_KEY,180,67.16,31,CUMULATIVE,62,5602,388,598,60992,0.088636,-0.216982,0.153914,0.903548,0.084122,0.63,100,0,0.012485,0,1,3,0,0,76,1448,-0.103422,1,0.4839,2,3,0,0,V3,1,1,-100,1,153.45,0,0,0,0,1,200
EDCF-Shield,v3a,FALCON1024+HMAC-SHA512+AES256GCM+DKG4of7,STOLEN_KEY,180,67.16,32,CYCLE,64,180,1,20,2399,0.069615,-0.205241,0.129543,0.9,0.069794,0.04,100,0,0.012051,0,1,3,0,0,76,1448,-0.107086,1,0.4844,2,3,0,0,V3,1,1,-100,1,159.45,0,0,0,0,2,200
EDCF-Shield,v3a,FALCON1024+HMAC-SHA512+AES256GCM+DKG4of7,STOLEN_KEY,180,67.16,32,CUMULATIVE,64,5782,389,618,63391,0.087931,-0.218989,0.153018,0.903438,0.083588,0.61,100,0,0.012051,0,1,3,0,0,76,1448,-0.107086,1,0.4844,2,3,0,0,V3,1,1,-100,1,159.45,0,0,0,0,1,200
EDCF-Shield,v3a,FALCON1024+HMAC-SHA512+AES256GCM+DKG4of7,STOLEN_KEY,180,67.16,33,CYCLE,66,180,2,20,2398,0.07,-0.207763,0.12959,0.9,0.069822,0.08,100,0,0.011678,0,1,3,0,0,76,1448,-0.110583,1,0.4848,2,3,0,0,V3,1,1,-100,1,165.45,0,0,0,0,2,200
EDCF-Shield,v3a,FALCON1024+HMAC-SHA512+AES256GCM+DKG4of7,STOLEN_KEY,180,67.16,33,CUMULATIVE,66,5962,391,638,65789,0.08729,-0.22075,0.152187,0.903333,0.083093,0.59,100,0,0.011678,0,1,3,0,0,76,1448,-0.110583,1,0.4848,2,3,0,0,V3,1,1,-100,1,165.45,0,0,0,0,1,200
EDCF-Shield,v3a,FALCON1024+HMAC-SHA512+AES256GCM+DKG4of7,STOLEN_KEY,180,67.16,34,CYCLE,68,180,2,20,2398,0.07,-0.210138,0.12959,0.9,0.069822,0.08,100,0,0.011331,0,1,3,0,0,76,1448,-0.113921,1,0.4853,2,3,0,0,V3,1,1,-100,1,171.45,0,0,0,0,2,200
EDCF-Shield,v3a,FALCON1024+HMAC-SHA512+AES256GCM+DKG4of7,STOLEN_KEY,180,67.16,34,CUMULATIVE,68,6142,393,658,68187,0.086694,-0.222422,0.151413,0.903235,0.082633,0.57,100,0,0.011331,0,1,3,0,0,76,1448,-0.113921,1,0.4853,2,3,0,0,V3,1,1,-100,1,171.45,0,0,0,0,1,200
EDCF-Shield,v3a,FALCON1024+HMAC-SHA512+AES256GCM+DKG4of7,STOLEN_KEY,180,67.16,35,CYCLE,70,180,1,20,2399,0.069615,-0.212604,0.129543,0.9,0.069794,0.04,100,0,0.01098,0,1,3,0,0,76,1448,-0.117112,1,0.4857,2,3,0,0,V3,1,1,-100,1,177.45,0,0,0,0,2,200
EDCF-Shield,v3a,FALCON1024+HMAC-SHA512+AES256GCM+DKG4of7,STOLEN_KEY,180,67.16,35,CUMULATIVE,70,6322,394,678,70586,0.086125,-0.224148,0.150689,0.903143,0.082202,0.56,100,0,0.01098,0,1,3,0,0,76,1448,-0.117112,1,0.4857,2,3,0,0,V3,1,1,-100,1,177.45,0,0,0,0,1,200
EDCF-Shield,v3a,FALCON1024+HMAC-SHA512+AES256GCM+DKG4of7,STOLEN_KEY,180,67.16,36,CYCLE,72,180,2,20,2398,0.07,-0.214712,0.12959,0.9,0.069822,0.08,100,0,0.010678,0,1,3,0,0,76,1448,-0.12017,1,0.4861,2,3,0,0,V3,1,1,-100,1,183.45,0,0,0,0,2,200
EDCF-Shield,v3a,FALCON1024+HMAC-SHA512+AES256GCM+DKG4of7,STOLEN_KEY,180,67.16,36,CUMULATIVE,72,6502,396,698,72984,0.085604,-0.225657,0.150013,0.903056,0.081801,0.54,100,0,0.010678,0,1,3,0,0,76,1448,-0.12017,1,0.4861,2,3,0,0,V3,1,1,-100,1,183.45,0,0,0,0,1,200
EDCF-Shield,v3a,FALCON1024+HMAC-SHA512+AES256GCM+DKG4of7,STOLEN_KEY,180,67.16,37,CYCLE,74,180,2,20,2398,0.07,-0.216706,0.12959,0.9,0.069822,0.08,100,0,0.010395,0,1,3,0,0,76,1448,-0.123101,1,0.4865,2,3,0,0,V3,1,1,-100,1,189.45,0,0,0,0,2,200
EDCF-Shield,v3a,FALCON1024+HMAC-SHA512+AES256GCM+DKG4of7,STOLEN_KEY,180,67.16,37,CUMULATIVE,74,6682,398,718,75382,0.085117,-0.227096,0.149379,0.902973,0.081424,0.53,100,0,0.010395,0,1,3,0,0,76,1448,-0.123101,1,0.4865,2,3,0,0,V3,1,1,-100,1,189.45,0,0,0,0,1,200
EDCF-Shield,v3a,FALCON1024+HMAC-SHA512+AES256GCM+DKG4of7,STOLEN_KEY,180,67.16,38,CYCLE,76,180,1,20,2399,0.069615,-0.218805,0.129543,0.9,0.069794,0.04,100,0,0.010104,0,1,3,0,0,76,1448,-0.125911,1,0.4868,2,3,0,0,V3,1,1,-100,1,195.45,0,0,0,0,2,200
EDCF-Shield,v3a,FALCON1024+HMAC-SHA512+AES256GCM+DKG4of7,STOLEN_KEY,180,67.16,38,CUMULATIVE,76,6862,399,738,77781,0.084647,-0.228599,0.148781,0.902895,0.08107,0.51,100,0,0.010104,0,1,3,0,0,76,1448,-0.125911,1,0.4868,2,3,0,0,V3,1,1,-100,1,195.45,0,0,0,0,1,200
EDCF-Shield,v3a,FALCON1024+HMAC-SHA512+AES256GCM+DKG4of7,STOLEN_KEY,180,67.16,39,CYCLE,78,180,2,20,2398,0.07,-0.220592,0.12959,0.9,0.069822,0.08,100,0,0.009855,0,1,3,0,0,76,1448,-0.128614,1,0.4872,2,3,0,0,V3,1,1,-100,1,201.45,0,0,0,0,2,200
EDCF-Shield,v3a,FALCON1024+HMAC-SHA512+AES256GCM+DKG4of7,STOLEN_KEY,180,67.16,39,CUMULATIVE,78,7042,401,758,80179,0.084216,-0.229908,0.14822,0.902821,0.080737,0.5,100,0,0.009855,0,1,3,0,0,76,1448,-0.128614,1,0.4872,2,3,0,0,V3,1,1,-100,1,201.45,0,0,0,0,1,200
EDCF-Shield,v3a,FALCON1024+HMAC-SHA512+AES256GCM+DKG4of7,STOLEN_KEY,180,67.16,40,CYCLE,80,180,2,20,2398,0.07,-0.222289,0.12959,0.9,0.069822,0.08,100,0,0.00962,0,1,3,0,0,76,1448,-0.131211,1,0.4875,2,3,0,0,V3,1,1,-100,1,207.45,0,0,0,0,2,200
EDCF-Shield,v3a,FALCON1024+HMAC-SHA512+AES256GCM+DKG4of7,STOLEN_KEY,180,67.16,40,CUMULATIVE,80,7222,403,778,82577,0.08381,-0.23116,0.147691,0.90275,0.080424,0.49,100,0,0.00962,0,1,3,0,0,76,1448,-0.131211,1,0.4875,2,3,0,0,V3,1,1,-100,1,207.45,0,0,0,0,1,200
EDCF-Shield,v3a,FALCON1024+HMAC-SHA512+AES256GCM+DKG4of7,STOLEN_KEY,180,67.16,41,CYCLE,82,180,1,20,2399,0.069615,-0.224099,0.129543,0.9,0.069794,0.04,100,0,0.009375,0,1,3,0,0,76,1448,-0.13371,1,0.4878,2,3,0,0,V3,1,1,-100,1,213.45,0,0,0,0,2,200
EDCF-Shield,v3a,FALCON1024+HMAC-SHA512+AES256GCM+DKG4of7,STOLEN_KEY,180,67.16,41,CUMULATIVE,82,7402,404,798,84976,0.083415,-0.232483,0.147189,0.902683,0.080127,0.47,100,0,0.009375,0,1,3,0,0,76,1448,-0.13371,1,0.4878,2,3,0,0,V3,1,1,-100,1,213.45,0,0,0,0,1,200
EDCF-Shield,v3a,FALCON1024+HMAC-SHA512+AES256GCM+DKG4of7,STOLEN_KEY,180,67.16,42,CYCLE,84,180,2,20,2398,0.07,-0.225632,0.12959,0.9,0.069822,0.08,100,0,0.009166,0,1,3,0,0,76,1448,-0.136119,1,0.4881,2,3,0,0,V3,1,1,-100,1,219.45,0,0,0,0,2,200
EDCF-Shield,v3a,FALCON1024+HMAC-SHA512+AES256GCM+DKG4of7,STOLEN_KEY,180,67.16,42,CUMULATIVE,84,7582,406,818,87374,0.083053,-0.233629,0.146716,0.902619,0.079848,0.46,100,0,0.009166,0,1,3,0,0,76,1448,-0.136119,1,0.4881,2,3,0,0,V3,1,1,-100,1,219.45,0,0,0,0,1,200
EDCF-Shield,v3a,FALCON1024+HMAC-SHA512+AES256GCM+DKG4of7,STOLEN_KEY,180,67.16,43,CYCLE,86,180,2,20,2398,0.07,-0.227094,0.12959,0.9,0.069822,0.08,100,0,0.008967,0,1,3,0,0,76,1448,-0.13844,1,0.4884,2,3,0,0,V3,1,1,-100,1,225.45,0,0,0,0,2,200
EDCF-Shield,v3a,FALCON1024+HMAC-SHA512+AES256GCM+DKG4of7,STOLEN_KEY,180,67.16,43,CUMULATIVE,86,7762,408,838,89772,0.082709,-0.234728,0.146268,0.902558,0.079583,0.45,100,0,0.008967,0,1,3,0,0,76,1448,-0.13844,1,0.4884,2,3,0,0,V3,1,1,-100,1,225.45,0,0,0,0,1,200
EDCF-Shield,v3a,FALCON1024+HMAC-SHA512+AES256GCM+DKG4of7,STOLEN_KEY,180,67.16,44,CYCLE,88,180,1,20,2399,0.069615,-0.22867,0.129543,0.9,0.069794,0.04,100,0,0.008758,0,1,3,0,0,76,1448,-0.14068,1,0.4886,2,3,0,0,V3,1,1,-100,1,231.45,0,0,0,0,2,200
EDCF-Shield,v3a,FALCON1024+HMAC-SHA512+AES256GCM+DKG4of7,STOLEN_KEY,180,67.16,44,CUMULATIVE,88,7942,409,858,92171,0.082373,-0.235903,0.145841,0.9025,0.07933,0.44,100,0,0.008758,0,1,3,0,0,76,1448,-0.14068,1,0.4886,2,3,0,0,V3,1,1,-100,1,231.45,0,0,0,0,1,200
EDCF-Shield,v3a,FALCON1024+HMAC-SHA512+AES256GCM+DKG4of7,STOLEN_KEY,180,67.16,45,CYCLE,90,180,2,20,2398,0.07,-0.23,0.12959,0.9,0.069822,0.08,100,0,0.00858,0,1,3,0,0,76,1448,-0.142844,1,0.4889,2,3,0,0,V3,1,1,-100,1,237.45,0,0,0,0,2,200
EDCF-Shield,v3a,FALCON1024+HMAC-SHA512+AES256GCM+DKG4of7,STOLEN_KEY,180,67.16,45,CUMULATIVE,90,8122,411,878,94569,0.082064,-0.236915,0.145437,0.902444,0.079092,0.43,100,0,0.00858,0,1,3,0,0,76,1448,-0.142844,1,0.4889,2,3,0,0,V3,1,1,-100,1,237.45,0,0,0,0,1,200
EDCF-Shield,v3a,FALCON1024+HMAC-SHA512+AES256GCM+DKG4of7,STOLEN_KEY,180,67.16,46,CYCLE,92,180,2,20,2398,0.07,-0.231271,0.12959,0.9,0.069822,0.08,100,0,0.008411,0,1,3,0,0,76,1448,-0.144934,1,0.4891,2,3,0,0,V3,1,1,-100,1,243.45,0,0,0,0,2,200
EDCF-Shield,v3a,FALCON1024+HMAC-SHA512+AES256GCM+DKG4of7,STOLEN_KEY,180,67.16,46,CUMULATIVE,92,8302,413,898,96967,0.08177,-0.237888,0.145052,0.902391,0.078865,0.42,100,0,0.008411,0,1,3,0,0,76,1448,-0.144934,1,0.4891,2,3,0,0,V3,1,1,-100,1,243.45,0,0,0,0,1,200
EDCF-Shield,v3a,FALCON1024+HMAC-SHA512+AES256GCM+DKG4of7,STOLEN_KEY,180,67.16,47,CYCLE,94,180,1,20,2399,0.069615,-0.232658,0.129543,0.9,0.069794,0.04,100,0,0.00823,0,1,3,0,0,76,1448,-0.146955,1,0.4894,2,3,0,0,V3,1,1,-100,1,249.45,0,0,0,0,2,200
EDCF-Shield,v3a,FALCON1024+HMAC-SHA512+AES256GCM+DKG4of7,STOLEN_KEY,180,67.16,47,CUMULATIVE,94,8482,414,918,99366,0.08148,-0.238939,0.144685,0.90234,0.078648,0.41,100,0,0.00823,0,1,3,0,0,76,1448,-0.146955,1,0.4894,2,3,0,0,V3,1,1,-100,1,249.45,0,0,0,0,1,200
EDCF-Shield,v3a,FALCON1024+HMAC-SHA512+AES256GCM+DKG4of7,STOLEN_KEY,180,67.16,48,CYCLE,96,180,2,20,2398,0.07,-0.233821,0.12959,0.9,0.069822,0.08,100,0,0.008077,0,1,3,0,0,76,1448,-0.148912,1,0.4896,2,3,0,0,V3,1,1,-100,1,255.45,0,0,0,0,2,200
EDCF-Shield,v3a,FALCON1024+HMAC-SHA512+AES256GCM+DKG4of7,STOLEN_KEY,180,67.16,48,CUMULATIVE,96,8662,416,938,101764,0.081213,-0.23984,0.144335,0.902292,0.078442,0.41,100,0,0.008077,0,1,3,0,0,76,1448,-0.148912,1,0.4896,2,3,0,0,V3,1,1,-100,1,255.45,0,0,0,0,1,200
EDCF-Shield,v3a,FALCON1024+HMAC-SHA512+AES256GCM+DKG4of7,STOLEN_KEY,180,67.16,49,CYCLE,98,180,2,20,2398,0.07,-0.234937,0.12959,0.9,0.069822,0.08,100,0,0.00793,0,1,3,0,0,76,1448,-0.150806,1,0.4898,2,3,0,0,V3,1,1,-100,1,261.45,0,0,0,0,2,200
EDCF-Shield,v3a,FALCON1024+HMAC-SHA512+AES256GCM+DKG4of7,STOLEN_KEY,180,67.16,49,CUMULATIVE,98,8842,418,958,104162,0.080958,-0.240708,0.144002,0.902245,0.078245,0.4,100,0,0.00793,0,1,3,0,0,76,1448,-0.150806,1,0.4898,2,3,0,0,V3,1,1,-100,1,261.45,0,0,0,0,1,200
EDCF-Shield,v3a,FALCON1024+HMAC-SHA512+AES256GCM+DKG4of7,STOLEN_KEY,180,67.16,50,CYCLE,100,180,1,20,2399,0.069615,-0.236168,0.129543,0.9,0.069794,0.04,100,0,0.007772,0,1,3,0,0,76,1448,-0.152641,1,0.49,2,3,0,0,V3,1,1,-100,1,267.45,0,0,0,0,2,200
EDCF-Shield,v3a,FALCON1024+HMAC-SHA512+AES256GCM+DKG4of7,STOLEN_KEY,180,67.16,50,CUMULATIVE,100,9022,419,978,106561,0.080706,-0.241654,0.143682,0.9022,0.078056,0.39,100,0,0.007772,0,1,3,0,0,76,1448,-0.152641,1,0.49,2,3,0,0,V3,1,1,-100,1,267.45,0,0,0,0,1,200
EDCF-Shield,v3a,FALCON1024+HMAC-SHA512+AES256GCM+DKG4of7,STOLEN_KEY,180,67.16,51,CYCLE,102,180,2,20,2398,0.07,-0.237194,0.12959,0.9,0.069822,0.08,100,0,0.007639,0,1,3,0,0,76,1448,-0.154421,1,0.4902,2,3,0,0,V3,1,1,-100,1,273.45,0,0,0,0,2,200
EDCF-Shield,v3a,FALCON1024+HMAC-SHA512+AES256GCM+DKG4of7,STOLEN_KEY,180,67.16,51,CUMULATIVE,102,9202,421,998,108959,0.080473,-0.242461,0.143377,0.902157,0.077877,0.38,100,0,0.007639,0,1,3,0,0,76,1448,-0.154421,1,0.4902,2,3,0,0,V3,1,1,-100,1,273.45,0,0,0,0,1,200
EDCF-Shield,v3a,FALCON1024+HMAC-SHA512+AES256GCM+DKG4of7,STOLEN_KEY,180,67.16,52,CYCLE,104,180,2,20,2398,0.07,-0.23818,0.12959,0.9,0.069822,0.08,100,0,0.007512,0,1,3,0,0,76,1448,-0.156148,1,0.4904,2,3,0,0,V3,1,1,-100,1,279.45,0,0,0,0,2,200
EDCF-Shield,v3a,FALCON1024+HMAC-SHA512+AES256GCM+DKG4of7,STOLEN_KEY,180,67.16,52,CUMULATIVE,104,9382,423,1018,111357,0.08025,-0.24324,0.143085,0.902115,0.077705,0.38,100,0,0.007512,0,1,3,0,0,76,1448,-0.156148,1,0.4904,2,3,0,0,V3,1,1,-100,1,279.45,0,0,0,0,1,200
EDCF-Shield,v3a,FALCON1024+HMAC-SHA512+AES256GCM+DKG4of7,STOLEN_KEY,180,67.16,53,CYCLE,106,180,1,20,2399,0.069615,-0.23928,0.129543,0.9,0.069794,0.04,100,0,0.007372,0,1,3,0,0,76,1448,-0.157823,1,0.4906,2,3,0,0,V3,1,1,-100,1,285.45,0,0,0,0,2,200
EDCF-Shield,v3a,FALCON1024+HMAC-SHA512+AES256GCM+DKG4of7,STOLEN_KEY,180,67.16,53,CUMULATIVE,106,9562,424,1038,113756,0.080029,-0.244097,0.142804,0.902075,0.077539,0.37,100,0,0.007372,0,1,3,0,0,76,1448,-0.157823,1,0.4906,2,3,0,0,V3,1,1,-100,1,285.45,0,0,0,0,1,200
EDCF-Shield,v3a,FALCON1024+HMAC-SHA512+AES256GCM+DKG4of7,STOLEN_KEY,180,67.16,54,CYCLE,108,180,2,20,2398,0.07,-0.240191,0.12959,0.9,0.069822,0.08,100,0,0.007255,0,1,3,0,0,76,1448,-0.15945,1,0.4907,2,3,0,0,V3,1,1,-100,1,291.45,0,0,0,0,2,200
EDCF-Shield,v3a,FALCON1024+HMAC-SHA512+AES256GCM+DKG4of7,STOLEN_KEY,180,67.16,54,CUMULATIVE,108,9742,426,1058,116154,0.079824,-0.244824,0.142535,0.902037,0.077381,0.37,100,0,0.007255,0,1,3,0,0,76,1448,-0.15945,1,0.4907,2,3,0,0,V3,1,1,-100,1,291.45,0,0,0,0,1,200
EDCF-Shield,v3a,FALCON1024+HMAC-SHA512+AES256GCM+DKG4of7,STOLEN_KEY,180,67.16,55,CYCLE,110,180,2,20,2398,0.07,-0.241069,0.12959,0.9,0.069822,0.08,100,0,0.007143,0,1,3,0,0,76,1448,-0.161031,1,0.4909,2,3,0,0,V3,1,1,-100,1,297.45,0,0,0,0,2,200
EDCF-Shield,v3a,FALCON1024+HMAC-SHA512+AES256GCM+DKG4of7,STOLEN_KEY,180,67.16,55,CUMULATIVE,110,9922,428,1078,118552,0.079628,-0.245526,0.142277,0.902,0.07723,0.36,100,0,0.007143,0,1,3,0,0,76,1448,-0.161031,1,0.4909,2,3,0,0,V3,1,1,-100,1,297.45,0,0,0,0,1,200
EDCF-Shield,v3a,FALCON1024+HMAC-SHA512+AES256GCM+DKG4of7,STOLEN_KEY,180,67.16,56,CYCLE,112,180,1,20,2399,0.069615,-0.242059,0.129543,0.9,0.069794,0.04,100,0,0.007019,0,1,3,0,0,76,1448,-0.162568,1,0.4911,2,3,0,0,V3,1,1,-100,1,303.45,0,0,0,0,2,200
EDCF-Shield,v3a,FALCON1024+HMAC-SHA512+AES256GCM+DKG4of7,STOLEN_KEY,180,67.16,56,CUMULATIVE,112,10102,429,1098,120951,0.079431,-0.246307,0.142029,0.901964,0.077083,0.35,100,0,0.007019,0,1,3,0,0,76,1448,-0.162568,1,0.4911,2,3,0,0,V3,1,1,-100,1,303.45,0,0,0,0,1,200
EDCF-Shield,v3a,FALCON1024+HMAC-SHA512+AES256GCM+DKG4of7,STOLEN_KEY,180,67.16,57,CYCLE,114,180,2,20,2398,0.07,-0.242873,0.12959,0.9,0.069822,0.08,100,0,0.006916,0,1,3,0,0,76,1448,-0.164063,1,0.4912,2,3,0,0,V3,1,1,-100,1,309.45,0,0,0,0,2,200
EDCF-Shield,v3a,FALCON1024+HMAC-SHA512+AES256GCM+DKG4of7,STOLEN_KEY,180,67.16,57,CUMULATIVE,114,10282,431,1118,123349,0.07925,-0.246965,0.14179,0.90193,0.076943,0.35,100,0,0.006916,0,1,3,0,0,76,1448,-0.164063,1,0.4912,2,3,0,0,V3,1,1,-100,1,309.45,0,0,0,0,1,200
EDCF-Shield,v3a,FALCON1024+HMAC-SHA512+AES256GCM+DKG4of7,STOLEN_KEY,180,67.16,58,CYCLE,116,180,2,20,2398,0.07,-0.24366,0.12959,0.9,0.069822,0.08,100,0,0.006816,0,1,3,0,0,76,1448,-0.165517,1,0.4914,2,3,0,0,V3,1,1,-100,1,315.45,0,0,0,0,2,200
EDCF-Shield,v3a,FALCON1024+HMAC-SHA512+AES256GCM+DKG4of7,STOLEN_KEY,180,67.16,58,CUMULATIVE,116,10462,433,1138,125747,0.079075,-0.247602,0.141561,0.901897,0.076808,0.34,100,0,0.006816,0,1,3,0,0,76,1448,-0.165517,1,0.4914,2,3,0,0,V3,1,1,-100,1,315.45,0,0,0,0,1,200
EDCF-Shield,v3a,FALCON1024+HMAC-SHA512+AES256GCM+DKG4of7,STOLEN_KEY,180,67.16,59,CYCLE,118,180,1,20,2399,0.069615,-0.244555,0.129543,0.9,0.069794,0.04,100,0,0.006705,0,1,3,0,0,76,1448,-0.166933,1,0.4915,2,3,0,0,V3,1,1,-100,1,321.45,0,0,0,0,2,200
EDCF-Shield,v3a,FALCON1024+HMAC-SHA512+AES256GCM+DKG4of7,STOLEN_KEY,180,67.16,59,CUMULATIVE,118,10642,434,1158,128146,0.0789,-0.248317,0.141339,0.901864,0.076678,0.34,100,0,0.006705,0,1,3,0,0,76,1448,-0.166933,1,0.4915,2,3,0,0,V3,1,1,-100,1,321.45,0,0,0,0,1,200
EDCF-Shield,v3a,FALCON1024+HMAC-SHA512+AES256GCM+DKG4of7,STOLEN_KEY,180,67.16,60,CYCLE,120,180,2,20,2398,0.07,-0.245287,0.12959,0.9,0.069822,0.08,100,0,0.006613,0,1,3,0,0,76,1448,-0.168312,1,0.4917,2,3,0,0,V3,1,1,-100,1,327.45,0,0,0,0,2,200
EDCF-Shield,v3a,FALCON1024+HMAC-SHA512+AES256GCM+DKG4of7,STOLEN_KEY,180,67.16,60,CUMULATIVE,120,10822,436,1178,130544,0.078738,-0.248915,0.141126,0.901833,0.076553,0.33,100,0,0.006613,0,1,3,0,0,76,1448,-0.168312,1,0.4917,2,3,0,0,V3,1,1,-100,1,327.45,0,0,0,0,1,200
EDCF-Shield,v3a,FALCON1024+HMAC-SHA512+AES256GCM+DKG4of7,STOLEN_KEY,180,67.16,61,CYCLE,122,180,2,20,2398,0.07,-0.245995,0.12959,0.9,0.069822,0.08,100,0,0.006525,0,1,3,0,0,76,1448,-0.169655,1,0.4918,2,3,0,0,V3,1,1,-100,1,333.45,0,0,0,0,2,200
EDCF-Shield,v3a,FALCON1024+HMAC-SHA512+AES256GCM+DKG4of7,STOLEN_KEY,180,67.16,61,CUMULATIVE,122,11002,438,1198,132942,0.078582,-0.249495,0.140921,0.901803,0.076433,0.33,100,0,0.006525,0,1,3,0,0,76,1448,-0.169655,1,0.4918,2,3,0,0,V3,1,1,-100,1,333.45,0,0,0,0,1,200
EDCF-Shield,v3a,FALCON1024+HMAC-SHA512+AES256GCM+DKG4of7,STOLEN_KEY,180,67.16,62,CYCLE,124,180,1,20,2399,0.069615,-0.246809,0.129543,0.9,0.069794,0.04,100,0,0.006425,0,1,3,0,0,76,1448,-0.170964,1,0.4919,2,3,0,0,V3,1,1,-100,1,339.45,0,0,0,0,2,200
EDCF-Shield,v3a,FALCON1024+HMAC-SHA512+AES256GCM+DKG4of7,STOLEN_KEY,180,67.16,62,CUMULATIVE,124,11182,439,1218,135341,0.078425,-0.250152,0.140722,0.901774,0.076316,0.32,100,0,0.006425,0,1,3,0,0,76,1448,-0.170964,1,0.4919,2,3,0,0,V3,1,1,-100,1,339.45,0,0,0,0,1,200
EDCF-Shield,v3a,FALCON1024+HMAC-SHA512+AES256GCM+DKG4of7,STOLEN_KEY,180,67.16,63,CYCLE,126,180,2,20,2398,0.07,-0.247471,0.12959,0.9,0.069822,0.08,100,0,0.006342,0,1,3,0,0,76,1448,-0.172241,1,0.4921,2,3,0,0,V3,1,1,-100,1,345.45,0,0,0,0,2,200
EDCF-Shield,v3a,FALCON1024+HMAC-SHA512+AES256GCM+DKG4of7,STOLEN_KEY,180,67.16,63,CUMULATIVE,126,11362,441,1238,137739,0.07828,-0.250698,0.140531,0.901746,0.076203,0.32,100,0,0.006342,0,1,3,0,0,76,1448,-0.172241,1,0.4921,2,3,0,0,V3,1,1,-100,1,345.45,0,0,0,0,1,200
EDCF-Shield,v3a,FALCON1024+HMAC-SHA512+AES256GCM+DKG4of7,STOLEN_KEY,180,67.16,64,CYCLE,128,180,2,20,2398,0.07,-0.248112,0.12959,0.9,0.069822,0.08,100,0,0.006263,0,1,3,0,0,76,1448,-0.173487,1,0.4922,2,3,0,0,V3,1,1,-100,1,351.45,0,0,0,0,2,200
EDCF-Shield,v3a,FALCON1024+HMAC-SHA512+AES256GCM+DKG4of7,STOLEN_KEY,180,67.16,64,CUMULATIVE,128,11542,443,1258,140137,0.078139,-0.251229,0.140346,0.901719,0.076095,0.32,100,0,0.006263,0,1,3,0,0,76,1448,-0.173487,1,0.4922,2,3,0,0,V3,1,1,-100,1,351.45,0,0,0,0,1,200
EDCF-Shield,v3a,FALCON1024+HMAC-SHA512+AES256GCM+DKG4of7,STOLEN_KEY,180,67.16,65,CYCLE,130,180,1,20,2399,0.069615,-0.248856,0.129543,0.9,0.069794,0.04,100,0,0.006172,0,1,3,0,0,76,1448,-0.174702,1,0.4923,2,3,0,0,V3,1,1,-100,1,357.45,0,0,0,0,2,200
EDCF-Shield,v3a,FALCON1024+HMAC-SHA512+AES256GCM+DKG4of7,STOLEN_KEY,180,67.16,65,CUMULATIVE,130,11722,444,1278,142536,0.077997,-0.251835,0.140167,0.901692,0.07599,0.31,100,0,0.006172,0,1,3,0,0,76,1448,-0.174702,1,0.4923,2,3,0,0,V3,1,1,-100,1,357.45,0,0,0,0,1,200
EDCF-Shield,v3a,FALCON1024+HMAC-SHA512+AES256GCM+DKG4of7,STOLEN_KEY,180,67.16,66,CYCLE,132,180,2,20,2398,0.07,-0.249456,0.12959,0.9,0.069822,0.08,100,0,0.006098,0,1,3,0,0,76,1448,-0.175888,1,0.4924,2,3,0,0,V3,1,1,-100,1,363.45,0,0,0,0,2,200
EDCF-Shield,v3a,FALCON1024+HMAC-SHA512+AES256GCM+DKG4of7,STOLEN_KEY,180,67.16,66,CUMULATIVE,132,11902,446,1298,144934,0.077866,-0.252336,0.139994,0.901667,0.075888,0.31,100,0,0.006098,0,1,3,0,0,76,1448,-0.175888,1,0.4924,2,3,0,0,V3,1,1,-100,1,363.45,0,0,0,0,1,200
EDCF-Shield,v3a,FALCON1024+HMAC-SHA512+AES256GCM+DKG4of7,STOLEN_KEY,180,67.16,67,CYCLE,134,180,2,20,2398,0.07,-0.250039,0.12959,0.9,0.069822,0.08,100,0,0.006027,0,1,3,0,0,76,1448,-0.177047,1,0.4925,2,3,0,0,V3,1,1,-100,1,369.45,0,0,0,0,2,200
EDCF-Shield,v3a,FALCON1024+HMAC-SHA512+AES256GCM+DKG4of7,STOLEN_KEY,180,67.16,67,CUMULATIVE,134,12082,448,1318,147332,0.077739,-0.252823,0.139827,0.901642,0.07579,0.3,100,0,0.006027,0,1,3,0,0,76,1448,-0.177047,1,0.4925,2,3,0,0,V3,1,1,-100,1,369.45,0,0,0,0,1,200
EDCF-Shield,v3a,FALCON1024+HMAC-SHA512+AES256GCM+DKG4of7,STOLEN_KEY,180,67.16,68,CYCLE,136,180,1,20,2399,0.069615,-0.250722,0.129543,0.9,0.069794,0.04,100,0,0.005944,0,1,3,0,0,76,1448,-0.178178,1,0.4926,2,3,0,0,V3,1,1,-100,1,375.45,0,0,0,0,2,200
EDCF-Shield,v3a,FALCON1024+HMAC-SHA512+AES256GCM+DKG4of7,STOLEN_KEY,180,67.16,68,CUMULATIVE,136,12262,449,1338,149731,0.07761,-0.253384,0.139664,0.901618,0.075695,0.3,100,0,0.005944,0,1,3,0,0,76,1448,-0.178178,1,0.4926,2,3,0,0,V3,1,1,-100,1,375.45,0,0,0,0,1,200
EDCF-Shield,v3a,FALCON1024+HMAC-SHA512+AES256GCM+DKG4of7,STOLEN_KEY,180,67.16,69,CYCLE,138,180,2,20,2398,0.07,-0.251269,0.12959,0.9,0.069822,0.08,100,0,0.005877,0,1,3,0,0,76,1448,-0.179283,1,0.4928,2,3,0,0,V3,1,1,-100,1,381.45,0,0,0,0,2,200
EDCF-Shield,v3a,FALCON1024+HMAC-SHA512+AES256GCM+DKG4of7,STOLEN_KEY,180,67.16,69,CUMULATIVE,138,12442,451,1358,152129,0.077491,-0.253845,0.139507,0.901594,0.075603,0.3,100,0,0.005877,0,1,3,0,0,76,1448,-0.179283,1,0.4928,2,3,0,0,V3,1,1,-100,1,381.45,0,0,0,0,1,200
EDCF-Shield,v3a,FALCON1024+HMAC-SHA512+AES256GCM+DKG4of7,STOLEN_KEY,180,67.16,70,CYCLE,140,180,2,20,2398,0.07,-0.251801,0.12959,0.9,0.069822,0.08,100,0,0.005812,0,1,3,0,0,76,1448,-0.180364,1,0.4929,2,3,0,0,V3,1,1,-100,1,387.45,0,0,0,0,2,200
EDCF-Shield,v3a,FALCON1024+HMAC-SHA512+AES256GCM+DKG4of7,STOLEN_KEY,180,67.16,70,CUMULATIVE,140,12622,453,1378,154527,0.077376,-0.254293,0.139355,0.901571,0.075513,0.29,100,0,0.005812,0,1,3,0,0,76,1448,-0.180364,1,0.4929,2,3,0,0,V3,1,1,-100,1,387.45,0,0,0,0,1,200
EDCF-Shield,v3a,FALCON1024+HMAC-SHA512+AES256GCM+DKG4of7,STOLEN_KEY,180,67.16,71,CYCLE,142,180,1,20,2399,0.069615,-0.25243,0.129543,0.9,0.069794,0.04,100,0,0.005736,0,1,3,0,0,76,1448,-0.18142,1,0.493,2,3,0,0,V3,1,1,-100,1,393.45,0,0,0,0,2,200
EDCF-Shield,v3a,FALCON1024+HMAC-SHA512+AES256GCM+DKG4of7,STOLEN_KEY,180,67.16,71,CUMULATIVE,142,12802,454,1398,156926,0.077258,-0.254815,0.139207,0.901549,0.075427,0.29,100,0,0.005736,0,1,3,0,0,76,1448,-0.18142,1,0.493,2,3,0,0,V3,1,1,-100,1,393.45,0,0,0,0,1,200
EDCF-Shield,v3a,FALCON1024+HMAC-SHA512+AES256GCM+DKG4of7,STOLEN_KEY,180,67.16,72,CYCLE,144,180,2,20,2398,0.07,-0.252931,0.12959,0.9,0.069822,0.08,100,0,0.005675,0,1,3,0,0,76,1448,-0.182454,1,0.4931,2,3,0,0,V3,1,1,-100,1,399.45,0,0,0,0,2,200
EDCF-Shield,v3a,FALCON1024+HMAC-SHA512+AES256GCM+DKG4of7,STOLEN_KEY,180,67.16,72,CUMULATIVE,144,12982,456,1418,159324,0.07715,-0.25524,0.139064,0.901528,0.075343,0.29,100,0,0.005675,0,1,3,0,0,76,1448,-0.182454,1,0.4931,2,3,0,0,V3,1,1,-100,1,399.45,0,0,0,0,1,200
EDCF-Shield,v3a,FALCON1024+HMAC-SHA512+AES256GCM+DKG4of7,STOLEN_KEY,180,67.16,73,CYCLE,146,180,2,20,2398,0.07,-0.253418,0.12959,0.9,0.069822,0.08,100,0,0.005616,0,1,3,0,0,76,1448,-0.183465,1,0.4932,2,3,0,0,V3,1,1,-100,1,405.45,0,0,0,0,2,200
EDCF-Shield,v3a,FALCON1024+HMAC-SHA512+AES256GCM+DKG4of7,STOLEN_KEY,180,67.16,73,CUMULATIVE,146,13162,458,1438,161722,0.077045,-0.255654,0.138925,0.901507,0.075261,0.28,100,0,0.005616,0,1,3,0,0,76,1448,-0.183465,1,0.4932,2,3,0,0,V3,1,1,-100,1,405.45,0,0,0,0,1,200
EDCF-Shield,v3a,FALCON1024+HMAC-SHA512+AES256GCM+DKG4of7,STOLEN_KEY,180,67.16,74,CYCLE,148,180,1,20,2399,0.069615,-0.254,0.129543,0.9,0.069794,0.04,100,0,0.005547,0,1,3,0,0,76,1448,-0.184454,1,0.4932,2,3,0,0,V3,1,1,-100,1,411.45,0,0,0,0,2,200
EDCF-Shield,v3a,FALCON1024+HMAC-SHA512+AES256GCM+DKG4of7,STOLEN_KEY,180,67.16,74,CUMULATIVE,148,13342,459,1458,164121,0.076937,-0.25614,0.138789,0.901486,0.075182,0.28,100,0,0.005547,0,1,3,0,0,76,1448,-0.184454,1,0.4932,2,3,0,0,V3,1,1,-100,1,411.45,0,0,0,0,1,200
EDCF-Shield,v3a,FALCON1024+HMAC-SHA512+AES256GCM+DKG4of7,STOLEN_KEY,180,67.16,75,CYCLE,150,180,2,20,2398,0.07,-0.254459,0.12959,0.9,0.069822,0.08,100,0,0.005491,0,1,3,0,0,76,1448,-0.185422,1,0.4933,2,3,0,0,V3,1,1,-100,1,417.45,0,0,0,0,2,200
EDCF-Shield,v3a,FALCON1024+HMAC-SHA512+AES256GCM+DKG4of7,STOLEN_KEY,180,67.16,75,CUMULATIVE,150,13522,461,1478,166519,0.076838,-0.256534,0.138658,0.901467,0.075105,0.28,100,0,0.005491,0,1,3,0,0,76,1448,-0.185422,1,0.4933,2,3,0,0,V3,1,1,-100,1,417.45,0,0,0,0,1,200
EDCF-Shield,v3a,FALCON1024+HMAC-SHA512+AES256GCM+DKG4of7,STOLEN_KEY,180,67.16,76,CYCLE,152,180,2,20,2398,0.07,-0.254907,0.12959,0.9,0.069822,0.08,100,0,0.005437,0,1,3,0,0,76,1448,-0.186371,1,0.4934,2,3,0,0,V3,1,1,-100,1,423.45,0,0,0,0,2,200
EDCF-Shield,v3a,FALCON1024+HMAC-SHA512+AES256GCM+DKG4of7,STOLEN_KEY,180,67.16,76,CUMULATIVE,152,13702,463,1498,168917,0.076742,-0.256917,0.138531,0.901447,0.075031,0.27,100,0,0.005437,0,1,3,0,0,76,1448,-0.186371,1,0.4934,2,3,0,0,V3,1,1,-100,1,423.45,0,0,0,0,1,200
EDCF-Shield,v3a,FALCON1024+HMAC-SHA512+AES256GCM+DKG4of7,STOLEN_KEY,180,67.16,77,CYCLE,154,180,1,20,2399,0.069615,-0.255447,0.129543,0.9,0.069794,0.04,100,0,0.005373,0,1,3,0,0,76,1448,-0.187299,1,0.4935,2,3,0,0,V3,1,1,-100,1,429.45,0,0,0,0,2,200
EDCF-Shield,v3a,FALCON1024+HMAC-SHA512+AES256GCM+DKG4of7,STOLEN_KEY,180,67.16,77,CUMULATIVE,154,13882,464,1518,171316,0.076643,-0.257372,0.138406,0.901429,0.074958,0.27,100,0,0.005373,0,1,3,0,0,76,1448,-0.187299,1,0.4935,2,3,0,0,V3,1,1,-100,1,429.45,0,0,0,0,1,200
EDCF-Shield,v3a,FALCON1024+HMAC-SHA512+AES256GCM+DKG4of7,STOLEN_KEY,180,67.16,78,CYCLE,156,180,2,20,2398,0.07,-0.255871,0.12959,0.9,0.069822,0.08,100,0,0.005322,0,1,3,0,0,76,1448,-0.188209,1,0.4936,2,3,0,0,V3,1,1,-100,1,435.45,0,0,0,0,2,200
EDCF-Shield,v3a,FALCON1024+HMAC-SHA512+AES256GCM+DKG4of7,STOLEN_KEY,180,67.16,78,CUMULATIVE,156,14062,466,1538,173714,0.076552,-0.257737,0.138286,0.90141,0.074887,0.27,100,0,0.005322,0,1,3,0,0,76,1448,-0.188209,1,0.4936,2,3,0,0,V3,1,1,-100,1,435.45,0,0,0,0,1,200
EDCF-Shield,v3a,FALCON1024+HMAC-SHA512+AES256GCM+DKG4of7,STOLEN_KEY,180,67.16,79,CYCLE,158,180,2,20,2398,0.07,-0.256283,0.12959,0.9,0.069822,0.08,100,0,0.005273,0,1,3,0,0,76,1448,-0.1891,1,0.4937,2,3,0,0,V3,1,1,-100,1,441.45,0,0,0,0,2,200
EDCF-Shield,v3a,FALCON1024+HMAC-SHA512+AES256GCM+DKG4of7,STOLEN_KEY,180,67.16,79,CUMULATIVE,158,14242,468,1558,176112,0.076463,-0.258093,0.138169,0.901392,0.074818,0.27,100,0,0.005273,0,1,3,0,0,76,1448,-0.1891,1,0.4937,2,3,0,0,V3,1,1,-100,1,441.45,0,0,0,0,1,200
EDCF-Shield,v3a,FALCON1024+HMAC-SHA512+AES256GCM+DKG4of7,STOLEN_KEY,180,67.16,80,CYCLE,160,180,1,20,2399,0.069615,-0.256786,0.129543,0.9,0.069794,0.04,100,0,0.005213,0,1,3,0,0,76,1448,-0.189974,1,0.4938,2,3,0,0,V3,1,1,-100,1,447.45,0,0,0,0,2,200
EDCF-Shield,v3a,FALCON1024+HMAC-SHA512+AES256GCM+DKG4of7,STOLEN_KEY,180,67.16,80,CUMULATIVE,160,14422,469,1578,178511,0.076372,-0.258519,0.138054,0.901375,0.074751,0.26,100,0,0.005213,0,1,3,0,0,76,1448,-0.189974,1,0.4938,2,3,0,0,V3,1,1,-100,1,447.45,0,0,0,0,1,200
EDCF-Shield,v3a,FALCON1024+HMAC-SHA512+AES256GCM+DKG4of7,STOLEN_KEY,180,67.16,81,CYCLE,162,180,2,20,2398,0.07,-0.257177,0.12959,0.9,0.069822,0.08,100,0,0.005167,0,1,3,0,0,76,1448,-0.19083,1,0.4938,2,3,0,0,V3,1,1,-100,1,453.45,0,0,0,0,2,200
EDCF-Shield,v3a,FALCON1024+HMAC-SHA512+AES256GCM+DKG4of7,STOLEN_KEY,180,67.16,81,CUMULATIVE,162,14602,471,1598,180909,0.076288,-0.258858,0.137943,0.901358,0.074686,0.26,100,0,0.005167,0,1,3,0,0,76,1448,-0.19083,1,0.4938,2,3,0,0,V3,1,1,-100,1,453.45,0,0,0,0,1,200
EDCF-Shield,v3a,FALCON1024+HMAC-SHA512+AES256GCM+DKG4of7,STOLEN_KEY,180,67.16,82,CYCLE,164,180,2,20,2398,0.07,-0.257559,0.12959,0.9,0.069822,0.08,100,0,0.005121,0,1,3,0,0,76,1448,-0.19167,1,0.4939,2,3,0,0,V3,1,1,-100,1,459.45,0,0,0,0,2,200
EDCF-Shield,v3a,FALCON1024+HMAC-SHA512+AES256GCM+DKG4of7,STOLEN_KEY,180,67.16,82,CUMULATIVE,164,14782,473,1618,183307,0.076206,-0.25919,0.137835,0.901341,0.074623,0.26,100,0,0.005121,0,1,3,0,0,76,1448,-0.19167,1,0.4939,2,3,0,0,V3,1,1,-100,1,459.45,0,0,0,0,1,200
EDCF-Shield,v3a,FALCON1024+HMAC-SHA512+AES256GCM+DKG4of7,STOLEN_KEY,180,67.16,83,CYCLE,166,180,1,20,2399,0.069615,-0.258028,0.129543,0.9,0.069794,0.04,100,0,0.005066,0,1,3,0,0,76,1448,-0.192494,1,0.494,2,3,0,0,V3,1,1,-100,1,465.45,0,0,0,0,2,200
EDCF-Shield,v3a,FALCON1024+HMAC-SHA512+AES256GCM+DKG4of7,STOLEN_KEY,180,67.16,83,CUMULATIVE,166,14962,474,1638,185706,0.076122,-0.25959,0.137729,0.901325,0.074561,0.25,100,0,0.005066,0,1,3,0,0,76,1448,-0.192494,1,0.494,2,3,0,0,V3,1,1,-100,1,465.45,0,0,0,0,1,200
EDCF-Shield,v3a,FALCON1024+HMAC-SHA512+AES256GCM+DKG4of7,STOLEN_KEY,180,67.16,84,CYCLE,168,180,2,20,2398,0.07,-0.25839,0.12959,0.9,0.069822,0.08,100,0,0.005023,0,1,3,0,0,76,1448,-0.193302,1,0.494,2,3,0,0,V3,1,1,-100,1,471.45,0,0,0,0,2,200
EDCF-Shield,v3a,FALCON1024+HMAC-SHA512+AES256GCM+DKG4of7,STOLEN_KEY,180,67.16,84,CUMULATIVE,168,15142,476,1658,188104,0.076044,-0.259907,0.137626,0.90131,0.074501,0.25,100,0,0.005023,0,1,3,0,0,76,1448,-0.193302,1,0.494,2,3,0,0,V3,1,1,-100,1,471.45,0,0,0,0,1,200
EDCF-Shield,v3a,FALCON1024+HMAC-SHA512+AES256GCM+DKG4of7,STOLEN_KEY,180,67.16,85,CYCLE,170,180,2,20,2398,0.07,-0.258745,0.12959,0.9,0.069822,0.08,100,0,0.004981,0,1,3,0,0,76,1448,-0.194095,1,0.4941,2,3,0,0,V3,1,1,-100,1,477.45,0,0,0,0,2,200
EDCF-Shield,v3a,FALCON1024+HMAC-SHA512+AES256GCM+DKG4of7,STOLEN_KEY,180,67.16,85,CUMULATIVE,170,15322,478,1678,190502,0.075969,-0.260216,0.137526,0.901294,0.074442,0.25,100,0,0.004981,0,1,3,0,0,76,1448,-0.194095,1,0.4941,2,3,0,0,V3,1,1,-100,1,477.45,0,0,0,0,1,200
EDCF-Shield,v3a,FALCON1024+HMAC-SHA512+AES256GCM+DKG4of7,STOLEN_KEY,180,67.16,86,CYCLE,172,180,1,20,2399,0.069615,-0.259183,0.129543,0.9,0.069794,0.04,100,0,0.00493,0,1,3,0,0,76,1448,-0.194873,1,0.4942,2,3,0,0,V3,1,1,-100,1,483.45,0,0,0,0,2,200
EDCF-Shield,v3a,FALCON1024+HMAC-SHA512+AES256GCM+DKG4of7,STOLEN_KEY,180,67.16,86,CUMULATIVE,172,15502,479,1698,192901,0.07589,-0.260593,0.137427,0.901279,0.074385,0.25,100,0,0.00493,0,1,3,0,0,76,1448,-0.194873,1,0.4942,2,3,0,0,V3,1,1,-100,1,483.45,0,0,0,0,1,200
EDCF-Shield,v3a,FALCON1024+HMAC-SHA512+AES256GCM+DKG4of7,STOLEN_KEY,180,67.16,87,CYCLE,174,180,2,20,2398,0.07,-0.25952,0.12959,0.9,0.069822,0.08,100,0,0.00489,0,1,3,0,0,76,1448,-0.195637,1,0.4943,2,3,0,0,V3,1,1,-100,1,489.45,0,0,0,0,2,200
EDCF-Shield,v3a,FALCON1024+HMAC-SHA512+AES256GCM+DKG4of7,STOLEN_KEY,180,67.16,87,CUMULATIVE,174,15682,481,1718,195299,0.075819,-0.260889,0.137332,0.901264,0.074329,0.25,100,0,0.00489,0,1,3,0,0,76,1448,-0.195637,1,0.4943,2,3,0,0,V3,1,1,-100,1,489.45,0,0,0,0,1,200
EDCF-Shield,v3a,FALCON1024+HMAC-SHA512+AES256GCM+DKG4of7,STOLEN_KEY,180,67.16,88,CYCLE,176,180,2,20,2398,0.07,-0.259849,0.12959,0.9,0.069822,0.08,100,0,0.004851,0,1,3,0,0,76,1448,-0.196387,1,0.4943,2,3,0,0,V3,1,1,-100,1,495.45,0,0,0,0,2,200
EDCF-Shield,v3a,FALCON1024+HMAC-SHA512+AES256GCM+DKG4of7,STOLEN_KEY,180,67.16,88,CUMULATIVE,176,15862,483,1738,197697,0.075748,-0.261178,0.137239,0.90125,0.074275,0.24,100,0,0.004851,0,1,3,0,0,76,1448,-0.196387,1,0.4943,2,3,0,0,V3,1,1,-100,1,495.45,0,0,0,0,1,200
EDCF-Shield,v3a,FALCON1024+HMAC-SHA512+AES256GCM+DKG4of7,STOLEN_KEY,180,67.16,89,CYCLE,178,180,1,20,2399,0.069615,-0.260261,0.129543,0.9,0.069794,0.04,100,0,0.004803,0,1,3,0,0,76,1448,-0.197123,1,0.4944,2,3,0,0,V3,1,1,-100,1,501.45,0,0,0,0,2,200
EDCF-Shield,v3a,FALCON1024+HMAC-SHA512+AES256GCM+DKG4of7,STOLEN_KEY,180,67.16,89,CUMULATIVE,178,16042,484,1758,200096,0.075675,-0.261533,0.137147,0.901236,0.074221,0.24,100,0,0.004803,0,1,3,0,0,76,1448,-0.197123,1,0.4944,2,3,0,0,V3,1,1,-100,1,501.45,0,0,0,0,1,200
EDCF-Shield,v3a,FALCON1024+HMAC-SHA512+AES256GCM+DKG4of7,STOLEN_KEY,180,67.16,90,CYCLE,179.5,108,2,12,1558,0.065476,-0.260476,0.120941,0.9,0.064826,0.13,100,0,0.004786,0,1,3,0,0,76,1448,-0.197847,1,0.4958,2,3,0,0,V3,1,1,-100,1,505.35,0,0,0,0,2,200
EDCF-Shield,v3a,FALCON1024+HMAC-SHA512+AES256GCM+DKG4of7,STOLEN_KEY,180,67.16,90,CUMULATIVE,179.5,16150,486,1770,201654,0.075598,-0.261653,0.137025,0.901228,0.074149,0.24,100,0,0.004786,0,1,3,0,0,76,1448,-0.197847,1,0.4958,2,3,0,0,V3,1,1,-100,1,505.35,0,0,0,0,1,200
EDCF-Shield,v3b,FALCON1024+HMAC-SHA512+AES256GCM+DKG4of7,COMPROMISED_CTRL,0,0,1,CYCLE,2,2000,0,0,0,1,0.5,1,1,1,0,100,0,0,0,1,0,0,0,76,1448,0,1,0,0,0,0,0,benign,0,1,-100,1,0,0,0,0,0,0,200
EDCF-Shield,v3b,FALCON1024+HMAC-SHA512+AES256GCM+DKG4of7,COMPROMISED_CTRL,0,0,1,CUMULATIVE,2,2000,0,0,0,1,0.5,1,1,1,0,100,0,0,0,1,0,0,0,76,1448,0,1,0,0,0,0,0,benign,0,1,-100,1,0,0,0,0,0,0,200
EDCF-Shield,v3b,FALCON1024+HMAC-SHA512+AES256GCM+DKG4of7,COMPROMISED_CTRL,0,0,2,CYCLE,4,1996,0,4,8,0.994024,0.248587,0.997003,0.998,0.996008,0,100,0,0,0,1,0,0,0,76,1448,0.5,1,0.25,2,0,0,0,benign,1,1,-100,1,0.02,0,0,0,0,1,200
EDCF-Shield,v3b,FALCON1024+HMAC-SHA512+AES256GCM+DKG4of7,COMPROMISED_CTRL,0,0,2,CUMULATIVE,4,3996,0,4,8,0.997006,-0.001413,0.998501,0.999,0.998002,0,100,0,0,0,1,0,0,0,76,1448,0.5,1,0.25,2,0,0,0,benign,1,1,-100,1,0.02,0,0,0,0,1,200
EDCF-Shield,v3b,FALCON1024+HMAC-SHA512+AES256GCM+DKG4of7,COMPROMISED_CTRL,0,0,3,CYCLE,6,1988,0,12,12,0.988072,0.163725,0.994,0.994,0.994,0,100,0,0,0,1,0,0,0,76,1448,0.249293,1,0.3333,2,0,0,0,benign,1,1,-100,1,0.05,0,0,0,0,1,200
EDCF-Shield,v3b,FALCON1024+HMAC-SHA512+AES256GCM+DKG4of7,COMPROMISED_CTRL,0,0,3,CUMULATIVE,6,5984,0,16,20,0.99402,-0.00298,0.997001,0.997333,0.996669,0,100,0,0,0,1,0,0,0,76,1448,0.249293,1,0.3333,2,0,0,0,benign,1,1,-100,1,0.05,0,0,0,0,1,200
EDCF-Shield,v3b,FALCON1024+HMAC-SHA512+AES256GCM+DKG4of7,COMPROMISED_CTRL,0,0,4,CYCLE,8,1986,0,14,14,0.986097,0.121044,0.993,0.993,0.993,0,100,0,0,0,1,0,0,0,76,1448,0.165202,1,0.375,2,0,0,0,benign,1,1,-100,1,0.085,0,0,0,0,1,200
EDCF-Shield,v3b,FALCON1024+HMAC-SHA512+AES256GCM+DKG4of7,COMPROMISED_CTRL,0,0,4,CUMULATIVE,8,7970,0,30,34,0.992034,-0.003991,0.996001,0.99625,0.995752,0,100,0,0,0,1,0,0,0,76,1448,0.165202,1,0.375,2,0,0,0,benign,1,1,-100,1,0.085,0,0,0,0,1,200
EDCF-Shield,v3b,FALCON1024+HMAC-SHA512+AES256GCM+DKG4of7,COMPROMISED_CTRL,0,0,5,CYCLE,10,1986,0,14,14,0.986097,0.095435,0.993,0.993,0.993,0,100,0,0,0,1,0,0,0,76,1448,0.122904,1,0.4,2,0,0,0,benign,1,1,-100,1,0.12,0,0,0,0,1,200
EDCF-Shield,v3b,FALCON1024+HMAC-SHA512+AES256GCM+DKG4of7,COMPROMISED_CTRL,0,0,5,CUMULATIVE,10,9956,0,44,48,0.990844,-0.004595,0.995401,0.9956,0.995202,0,100,0,0,0,1,0,0,0,76,1448,0.122904,1,0.4,2,0,0,0,benign,1,1,-100,1,0.12,0,0,0,0,1,200
EDCF-Shield,v3b,FALCON1024+HMAC-SHA512+AES256GCM+DKG4of7,COMPROMISED_CTRL,0,0,6,CYCLE,12,1988,0,12,12,0.988072,0.078529,0.994,0.994,0.994,0,100,0,0,0,1,0,0,0,76,1448,0.097404,1,0.4167,2,0,0,0,benign,1,1,-100,1,0.15,0,0,0,0,1,200
EDCF-Shield,v3b,FALCON1024+HMAC-SHA512+AES256GCM+DKG4of7,COMPROMISED_CTRL,0,0,6,CUMULATIVE,12,11944,0,56,60,0.990381,-0.00483,0.995167,0.995333,0.995002,0,100,0,0,0,1,0,0,0,76,1448,0.097404,1,0.4167,2,0,0,0,benign,1,1,-100,1,0.15,0,0,0,0,1,200
EDCF-Shield,v3b,FALCON1024+HMAC-SHA512+AES256GCM+DKG4of7,COMPROMISED_CTRL,0,0,7,CYCLE,14,1986,0,14,14,0.986097,0.066311,0.993,0.993,0.993,0,100,0,0,0,1,0,0,0,76,1448,0.080365,1,0.4286,2,0,0,0,benign,1,1,-100,1,0.185,0,0,0,0,1,200
EDCF-Shield,v3b,FALCON1024+HMAC-SHA512+AES256GCM+DKG4of7,COMPROMISED_CTRL,0,0,7,CUMULATIVE,14,13930,0,70,74,0.989768,-0.00514,0.994858,0.995,0.994716,0,100,0,0,0,1,0,0,0,76,1448,0.080365,1,0.4286,2,0,0,0,benign,1,1,-100,1,0.185,0,0,0,0,1,200
EDCF-Shield,v3b,FALCON1024+HMAC-SHA512+AES256GCM+DKG4of7,COMPROMISED_CTRL,0,0,8,CYCLE,16,1986,0,14,14,0.986097,0.057147,0.993,0.993,0.993,0,100,0,0,0,1,0,0,0,76,1448,0.06815,1,0.4375,2,0,0,0,benign,1,1,-100,1,0.22,0,0,0,0,1,200
EDCF-Shield,v3b,FALCON1024+HMAC-SHA512+AES256GCM+DKG4of7,COMPROMISED_CTRL,0,0,8,CUMULATIVE,16,15916,0,84,88,0.989309,-0.005373,0.994626,0.99475,0.994501,0,100,0,0,0,1,0,0,0,76,1448,0.06815,1,0.4375,2,0,0,0,benign,1,1,-100,1,0.22,0,0,0,0,1,200
EDCF-Shield,v3b,FALCON1024+HMAC-SHA512+AES256GCM+DKG4of7,COMPROMISED_CTRL,0,0,9,CYCLE,18,1988,0,12,12,0.988072,0.050131,0.994,0.994,0.994,0,100,0,0,0,1,0,0,0,76,1448,0.05896,1,0.4444,2,0,0,0,benign,1,1,-100,1,0.25,0,0,0,0,1,200
EDCF-Shield,v3b,FALCON1024+HMAC-SHA512+AES256GCM+DKG4of7,COMPROMISED_CTRL,0,0,9,CUMULATIVE,18,17904,0,96,100,0.989171,-0.005443,0.994556,0.994667,0.994446,0,100,0,0,0,1,0,0,0,76,1448,0.05896,1,0.4444,2,0,0,0,benign,1,1,-100,1,0.25,0,0,0,0,1,200
EDCF-Shield,v3b,FALCON1024+HMAC-SHA512+AES256GCM+DKG4of7,COMPROMISED_CTRL,0,0,10,CYCLE,20,1986,0,14,14,0.986097,0.044418,0.993,0.993,0.993,0,100,0,0,0,1,0,0,0,76,1448,0.051804,1,0.45,2,0,0,0,benign,1,1,-100,1,0.285,0,0,0,0,1,200
EDCF-Shield,v3b,FALCON1024+HMAC-SHA512+AES256GCM+DKG4of7,COMPROMISED_CTRL,0,0,10,CUMULATIVE,20,19890,0,110,114,0.988863,-0.005599,0.994401,0.9945,0.994301,0,100,0,0,0,1,0,0,0,76,1448,0.051804,1,0.45,2,0,0,0,benign,1,1,-100,1,0.285,0,0,0,0,1,200
EDCF-Shield,v3b,FALCON1024+HMAC-SHA512+AES256GCM+DKG4of7,COMPROMISED_CTRL,0,0,11,CYCLE,22,1986,0,14,14,0.986097,0.039743,0.993,0.993,0.993,0,100,0,0,0,1,0,0,0,76,1448,0.046064,1,0.4545,2,0,0,0,benign,1,1,-100,1,0.32,0,0,0,0,1,200
EDCF-Shield,v3b,FALCON1024+HMAC-SHA512+AES256GCM+DKG4of7,COMPROMISED_CTRL,0,0,11,CUMULATIVE,22,21876,0,124,128,0.988612,-0.005726,0.994273,0.994364,0.994183,0,100,0,0,0,1,0,0,0,76,1448,0.046064,1,0.4545,2,0,0,0,benign,1,1,-100,1,0.32,0,0,0,0,1,200
EDCF-Shield,v3b,FALCON1024+HMAC-SHA512+AES256GCM+DKG4of7,COMPROMISED_CTRL,0,0,12,CYCLE,24,1988,0,12,12,0.988072,0.035931,0.994,0.994,0.994,0,100,0,0,0,1,0,0,0,76,1448,0.041356,1,0.4583,2,0,0,0,benign,1,1,-100,1,0.35,0,0,0,0,1,200
EDCF-Shield,v3b,FALCON1024+HMAC-SHA512+AES256GCM+DKG4of7,COMPROMISED_CTRL,0,0,12,CUMULATIVE,24,23864,0,136,140,0.988567,-0.005749,0.99425,0.994333,0.994168,0,100,0,0,0,1,0,0,0,76,1448,0.041356,1,0.4583,2,0,0,0,benign,1,1,-100,1,0.35,0,0,0,0,1,200
EDCF-Shield,v3b,FALCON1024+HMAC-SHA512+AES256GCM+DKG4of7,COMPROMISED_CTRL,0,0,13,CYCLE,26,1986,0,14,14,0.986097,0.032629,0.993,0.993,0.993,0,100,0,0,0,1,0,0,0,76,1448,0.03743,1,0.4615,2,0,0,0,benign,1,1,-100,1,0.385,0,0,0,0,1,200
EDCF-Shield,v3b,FALCON1024+HMAC-SHA512+AES256GCM+DKG4of7,COMPROMISED_CTRL,0,0,13,CUMULATIVE,26,25850,0,150,154,0.988377,-0.005845,0.994154,0.994231,0.994078,0,100,0,0,0,1,0,0,0,76,1448,0.03743,1,0.4615,2,0,0,0,benign,1,1,-100,1,0.385,0,0,0,0,1,200
EDCF-Shield,v3b,FALCON1024+HMAC-SHA512+AES256GCM+DKG4of7,COMPROMISED_CTRL,0,0,14,CYCLE,28,1986,0,14,14,0.986097,0.029798,0.993,0.993,0.993,0,100,0,0,0,1,0,0,0,76,1448,0.034101,1,0.4643,2,0,0,0,benign,1,1,-100,1,0.42,0,0,0,0,1,200
EDCF-Shield,v3b,FALCON1024+HMAC-SHA512+AES256GCM+DKG4of7,COMPROMISED_CTRL,0,0,14,CUMULATIVE,28,27836,0,164,168,0.988214,-0.005928,0.994072,0.994143,0.994001,0,100,0,0,0,1,0,0,0,76,1448,0.034101,1,0.4643,2,0,0,0,benign,1,1,-100,1,0.42,0,0,0,0,1,200
EDCF-Shield,v3b,FALCON1024+HMAC-SHA512+AES256GCM+DKG4of7,COMPROMISED_CTRL,0,0,15,CYCLE,30,1988,0,12,12,0.988072,0.027412,0.994,0.994,0.994,0,100,0,0,0,1,0,0,0,76,1448,0.031242,1,0.4667,2,0,0,0,benign,1,1,-100,1,0.45,0,0,0,0,1,200
EDCF-Shield,v3b,FALCON1024+HMAC-SHA512+AES256GCM+DKG4of7,COMPROMISED_CTRL,0,0,15,CUMULATIVE,30,29824,0,176,180,0.988204,-0.005933,0.994067,0.994133,0.994001,0,100,0,0,0,1,0,0,0,76,1448,0.031242,1,0.4667,2,0,0,0,benign,1,1,-100,1,0.45,0,0,0,0,1,200
EDCF-Shield,v3b,FALCON1024+HMAC-SHA512+AES256GCM+DKG4of7,COMPROMISED_CTRL,0,0,16,CYCLE,32,1986,0,14,14,0.986097,0.025261,0.993,0.993,0.993,0,100,0,0,0,1,0,0,0,76,1448,0.028764,1,0.4688,2,0,0,0,benign,1,1,-100,1,0.485,0,0,0,0,1,200
EDCF-Shield,v3b,FALCON1024+HMAC-SHA512+AES256GCM+DKG4of7,COMPROMISED_CTRL,0,0,16,CUMULATIVE,32,31810,0,190,194,0.988072,-0.005999,0.994,0.994062,0.993938,0,100,0,0,0,1,0,0,0,76,1448,0.028764,1,0.4688,2,0,0,0,benign,1,1,-100,1,0.485,0,0,0,0,1,200
EDCF-Shield,v3b,FALCON1024+HMAC-SHA512+AES256GCM+DKG4of7,COMPROMISED_CTRL,0,0,17,CYCLE,34,1986,0,14,14,0.986097,0.023363,0.993,0.993,0.993,0,100,0,0,0,1,0,0,0,76,1448,0.026591,1,0.4706,2,0,0,0,benign,1,1,-100,1,0.52,0,0,0,0,1,200
EDCF-Shield,v3b,FALCON1024+HMAC-SHA512+AES256GCM+DKG4of7,COMPROMISED_CTRL,0,0,17,CUMULATIVE,34,33796,0,204,208,0.987956,-0.006058,0.993942,0.994,0.993883,0,100,0,0,0,1,0,0,0,76,1448,0.026591,1,0.4706,2,0,0,0,benign,1,1,-100,1,0.52,0,0,0,0,1,200
EDCF-Shield,v3b,FALCON1024+HMAC-SHA512+AES256GCM+DKG4of7,COMPROMISED_CTRL,0,0,18,CYCLE,36,1988,0,12,12,0.988072,0.021732,0.994,0.994,0.994,0,100,0,0,0,1,0,0,0,76,1448,0.024671,1,0.4722,2,0,0,0,benign,1,1,-100,1,0.55,0,0,0,0,1,200
EDCF-Shield,v3b,FALCON1024+HMAC-SHA512+AES256GCM+DKG4of7,COMPROMISED_CTRL,0,0,18,CUMULATIVE,36,35784,0,216,220,0.987962,-0.006055,0.993945,0.994,0.99389,0,100,0,0,0,1,0,0,0,76,1448,0.024671,1,0.4722,2,0,0,0,benign,1,1,-100,1,0.55,0,0,0,0,1,200
EDCF-Shield,v3b,FALCON1024+HMAC-SHA512+AES256GCM+DKG4of7,COMPROMISED_CTRL,0,0,19,CYCLE,38,1986,0,14,14,0.986097,0.02022,0.993,0.993,0.993,0,100,0,0,0,1,0,0,0,76,1448,0.022964,1,0.4737,2,0,0,0,benign,1,1,-100,1,0.585,0,0,0,0,1,200
EDCF-Shield,v3b,FALCON1024+HMAC-SHA512+AES256GCM+DKG4of7,COMPROMISED_CTRL,0,0,19,CUMULATIVE,38,37770,0,230,234,0.987864,-0.006105,0.993895,0.993947,0.993843,0,100,0,0,0,1,0,0,0,76,1448,0.022964,1,0.4737,2,0,0,0,benign,1,1,-100,1,0.585,0,0,0,0,1,200
EDCF-Shield,v3b,FALCON1024+HMAC-SHA512+AES256GCM+DKG4of7,COMPROMISED_CTRL,0,0,20,CYCLE,40,1986,0,14,14,0.986097,0.018859,0.993,0.993,0.993,0,100,0,0,0,1,0,0,0,76,1448,0.021434,1,0.475,2,0,0,0,benign,1,1,-100,1,0.62,0,0,0,0,1,200
EDCF-Shield,v3b,FALCON1024+HMAC-SHA512+AES256GCM+DKG4of7,COMPROMISED_CTRL,0,0,20,CUMULATIVE,40,39756,0,244,248,0.987776,-0.006149,0.99385,0.9939,0.993801,0,100,0,0,0,1,0,0,0,76,1448,0.021434,1,0.475,2,0,0,0,benign,1,1,-100,1,0.62,0,0,0,0,1,200
EDCF-Shield,v3b,FALCON1024+HMAC-SHA512+AES256GCM+DKG4of7,COMPROMISED_CTRL,0,0,21,CYCLE,42,1988,0,12,12,0.988072,0.017675,0.994,0.994,0.994,0,100,0,0,0,1,0,0,0,76,1448,0.020054,1,0.4762,2,0,0,0,benign,1,1,-100,1,0.65,0,0,0,0,1,200
EDCF-Shield,v3b,FALCON1024+HMAC-SHA512+AES256GCM+DKG4of7,COMPROMISED_CTRL,0,0,21,CUMULATIVE,42,41744,0,256,260,0.98779,-0.006142,0.993857,0.993905,0.99381,0,100,0,0,0,1,0,0,0,76,1448,0.020054,1,0.4762,2,0,0,0,benign,1,1,-100,1,0.65,0,0,0,0,1,200
EDCF-Shield,v3b,FALCON1024+HMAC-SHA512+AES256GCM+DKG4of7,COMPROMISED_CTRL,0,0,22,CYCLE,44,1986,0,14,14,0.986097,0.016553,0.993,0.993,0.993,0,100,0,0,0,1,0,0,0,76,1448,0.018807,1,0.4773,2,0,0,0,benign,1,1,-100,1,0.685,0,0,0,0,1,200
EDCF-Shield,v3b,FALCON1024+HMAC-SHA512+AES256GCM+DKG4of7,COMPROMISED_CTRL,0,0,22,CUMULATIVE,44,43730,0,270,274,0.987713,-0.006181,0.993818,0.993864,0.993773,0,100,0,0,0,1,0,0,0,76,1448,0.018807,1,0.4773,2,0,0,0,benign,1,1,-100,1,0.685,0,0,0,0,1,200
EDCF-Shield,v3b,FALCON1024+HMAC-SHA512+AES256GCM+DKG4of7,COMPROMISED_CTRL,0,0,23,CYCLE,46,1986,0,14,14,0.986097,0.015529,0.993,0.993,0.993,0,100,0,0,0,1,0,0,0,76,1448,0.017671,1,0.4783,2,0,0,0,benign,1,1,-100,1,0.72,0,0,0,0,1,200
EDCF-Shield,v3b,FALCON1024+HMAC-SHA512+AES256GCM+DKG4of7,COMPROMISED_CTRL,0,0,23,CUMULATIVE,46,45716,0,284,288,0.987643,-0.006217,0.993783,0.993826,0.99374,0,100,0,0,0,1,0,0,0,76,1448,0.017671,1,0.4783,2,0,0,0,benign,1,1,-100,1,0.72,0,0,0,0,1,200
EDCF-Shield,v3b,FALCON1024+HMAC-SHA512+AES256GCM+DKG4of7,COMPROMISED_CTRL,0,0,24,CYCLE,48,1988,0,12,12,0.988072,0.014632,0.994,0.994,0.994,0,100,0,0,0,1,0,0,0,76,1448,0.016633,1,0.4792,2,0,0,0,benign,1,1,-100,1,0.75,0,0,0,0,1,200
EDCF-Shield,v3b,FALCON1024+HMAC-SHA512+AES256GCM+DKG4of7,COMPROMISED_CTRL,0,0,24,CUMULATIVE,48,47704,0,296,300,0.98766,-0.006208,0.993792,0.993833,0.993751,0,100,0,0,0,1,0,0,0,76,1448,0.016633,1,0.4792,2,0,0,0,benign,1,1,-100,1,0.75,0,0,0,0,1,200
EDCF-Shield,v3b,FALCON1024+HMAC-SHA512+AES256GCM+DKG4of7,COMPROMISED_CTRL,0,0,25,CYCLE,50,1986,0,14,14,0.986097,0.013767,0.993,0.993,0.993,0,100,0,0,0,1,0,0,0,76,1448,0.015681,1,0.48,2,0,0,0,benign,1,1,-100,1,0.785,0,0,0,0,1,200
EDCF-Shield,v3b,FALCON1024+HMAC-SHA512+AES256GCM+DKG4of7,COMPROMISED_CTRL,0,0,25,CUMULATIVE,50,49690,0,310,314,0.987598,-0.00624,0.99376,0.9938,0.993721,0,100,0,0,0,1,0,0,0,76,1448,0.015681,1,0.48,2,0,0,0,benign,1,1,-100,1,0.785,0,0,0,0,1,200
EDCF-Shield,v3b,FALCON1024+HMAC-SHA512+AES256GCM+DKG4of7,COMPROMISED_CTRL,0,0,26,CYCLE,52,1986,0,14,14,0.986097,0.012968,0.993,0.993,0.993,0,100,0,0,0,1,0,0,0,76,1448,0.014804,1,0.4808,2,0,0,0,benign,1,1,-100,1,0.82,0,0,0,0,1,200
EDCF-Shield,v3b,FALCON1024+HMAC-SHA512+AES256GCM+DKG4of7,COMPROMISED_CTRL,0,0,26,CUMULATIVE,52,51676,0,324,328,0.98754,-0.006269,0.993731,0.993769,0.993693,0,100,0,0,0,1,0,0,0,76,1448,0.014804,1,0.4808,2,0,0,0,benign,1,1,-100,1,0.82,0,0,0,0,1,200
EDCF-Shield,v3b,FALCON1024+HMAC-SHA512+AES256GCM+DKG4of7,COMPROMISED_CTRL,0,0,27,CYCLE,54,1988,0,12,12,0.988072,0.012266,0.994,0.994,0.994,0,100,0,0,0,1,0,0,0,76,1448,0.013994,1,0.4815,2,0,0,0,benign,1,1,-100,1,0.85,0,0,0,0,1,200
EDCF-Shield,v3b,FALCON1024+HMAC-SHA512+AES256GCM+DKG4of7,COMPROMISED_CTRL,0,0,27,CUMULATIVE,54,53664,0,336,340,0.98756,-0.006259,0.993741,0.993778,0.993704,0,100,0,0,0,1,0,0,0,76,1448,0.013994,1,0.4815,2,0,0,0,benign,1,1,-100,1,0.85,0,0,0,0,1,200
EDCF-Shield,v3b,FALCON1024+HMAC-SHA512+AES256GCM+DKG4of7,COMPROMISED_CTRL,0,0,28,CYCLE,56,1986,0,14,14,0.986097,0.011578,0.993,0.993,0.993,0,100,0,0,0,1,0,0,0,76,1448,0.013243,1,0.4821,2,0,0,0,benign,1,1,-100,1,0.885,0,0,0,0,1,200
EDCF-Shield,v3b,FALCON1024+HMAC-SHA512+AES256GCM+DKG4of7,COMPROMISED_CTRL,0,0,28,CUMULATIVE,56,55650,0,350,354,0.987508,-0.006285,0.993715,0.99375,0.993679,0,100,0,0,0,1,0,0,0,76,1448,0.013243,1,0.4821,2,0,0,0,benign,1,1,-100,1,0.885,0,0,0,0,1,200
EDCF-Shield,v3b,FALCON1024+HMAC-SHA512+AES256GCM+DKG4of7,COMPROMISED_CTRL,0,0,29,CYCLE,58,1986,0,14,14,0.986097,0.010937,0.993,0.993,0.993,0,100,0,0,0,1,0,0,0,76,1448,0.012546,1,0.4828,2,0,0,0,benign,1,1,-100,1,0.92,0,0,0,0,1,200
EDCF-Shield,v3b,FALCON1024+HMAC-SHA512+AES256GCM+DKG4of7,COMPROMISED_CTRL,0,0,29,CUMULATIVE,58,57636,0,364,368,0.987459,-0.00631,0.99369,0.993724,0.993656,0,100,0,0,0,1,0,0,0,76,1448,0.012546,1,0.4828,2,0,0,0,benign,1,1,-100,1,0.92,0,0,0,0,1,200
EDCF-Shield,v3b,FALCON1024+HMAC-SHA512+AES256GCM+DKG4of7,COMPROMISED_CTRL,0,0,30,CYCLE,60,1988,0,12,12,0.988072,0.010373,0.994,0.994,0.994,0,100,0,0,0,1,0,0,0,76,1448,0.011896,1,0.4833,2,0,0,0,benign,1,1,-100,1,0.95,0,0,0,0,1,200
EDCF-Shield,v3b,FALCON1024+HMAC-SHA512+AES256GCM+DKG4of7,COMPROMISED_CTRL,0,0,30,CUMULATIVE,60,59624,0,376,380,0.987479,-0.0063,0.9937,0.993733,0.993667,0,100,0,0,0,1,0,0,0,76,1448,0.011896,1,0.4833,2,0,0,0,benign,1,1,-100,1,0.95,0,0,0,0,1,200
EDCF-Shield,v3b,FALCON1024+HMAC-SHA512+AES256GCM+DKG4of7,COMPROMISED_CTRL,0,0,31,CYCLE,62,1986,0,14,14,0.986097,0.009812,0.993,0.993,0.993,0,100,0,0,0,1,0,0,0,76,1448,0.011289,1,0.4839,2,0,0,0,benign,1,1,-100,1,0.985,0,0,0,0,1,200
EDCF-Shield,v3b,FALCON1024+HMAC-SHA512+AES256GCM+DKG4of7,COMPROMISED_CTRL,0,0,31,CUMULATIVE,62,61610,0,390,394,0.987435,-0.006322,0.993678,0.99371,0.993646,0,100,0,0,0,1,0,0,0,76,1448,0.011289,1,0.4839,2,0,0,0,benign,1,1,-100,1,0.985,0,0,0,0,1,200
EDCF-Shield,v3b,FALCON1024+HMAC-SHA512+AES256GCM+DKG4of7,COMPROMISED_CTRL,0,0,32,CYCLE,64,1986,0,14,14,0.986097,0.009287,0.993,0.993,0.993,0,100,0,0,0,1,0,0,0,76,1448,0.010721,1,0.4844,2,0,0,0,benign,1,1,-100,1,1.02,0,0,0,0,1,200
EDCF-Shield,v3b,FALCON1024+HMAC-SHA512+AES256GCM+DKG4of7,COMPROMISED_CTRL,0,0,32,CUMULATIVE,64,63596,0,404,408,0.987393,-0.006343,0.993656,0.993687,0.993625,0,100,0,0,0,1,0,0,0,76,1448,0.010721,1,0.4844,2,0,0,0,benign,1,1,-100,1,1.02,0,0,0,0,1,200
EDCF-Shield,v3b,FALCON1024+HMAC-SHA512+AES256GCM+DKG4of7,COMPROMISED_CTRL,0,0,33,CYCLE,66,1988,0,12,12,0.988072,0.008824,0.994,0.994,0.994,0,100,0,0,0,1,0,0,0,76,1448,0.010188,1,0.4848,2,0,0,0,benign,1,1,-100,1,1.05,0,0,0,0,1,200
EDCF-Shield,v3b,FALCON1024+HMAC-SHA512+AES256GCM+DKG4of7,COMPROMISED_CTRL,0,0,33,CUMULATIVE,66,65584,0,416,420,0.987413,-0.006333,0.993667,0.993697,0.993637,0,100,0,0,0,1,0,0,0,76,1448,0.010188,1,0.4848,2,0,0,0,benign,1,1,-100,1,1.05,0,0,0,0,1,200
EDCF-Shield,v3b,FALCON1024+HMAC-SHA512+AES256GCM+DKG4of7,COMPROMISED_CTRL,0,0,34,CYCLE,68,1986,0,14,14,0.986097,0.008358,0.993,0.993,0.993,0,100,0,0,0,1,0,0,0,76,1448,0.009687,1,0.4853,2,0,0,0,benign,1,1,-100,1,1.085,0,0,0,0,1,200
EDCF-Shield,v3b,FALCON1024+HMAC-SHA512+AES256GCM+DKG4of7,COMPROMISED_CTRL,0,0,34,CUMULATIVE,68,67570,0,430,434,0.987375,-0.006353,0.993647,0.993676,0.993618,0,100,0,0,0,1,0,0,0,76,1448,0.009687,1,0.4853,2,0,0,0,benign,1,1,-100,1,1.085,0,0,0,0,1,200
EDCF-Shield,v3b,FALCON1024+HMAC-SHA512+AES256GCM+DKG4of7,COMPROMISED_CTRL,0,0,35,CYCLE,70,1986,0,14,14,0.986097,0.007919,0.993,0.993,0.993,0,100,0,0,0,1,0,0,0,76,1448,0.009215,1,0.4857,2,0,0,0,benign,1,1,-100,1,1.12,0,0,0,0,1,200
EDCF-Shield,v3b,FALCON1024+HMAC-SHA512+AES256GCM+DKG4of7,COMPROMISED_CTRL,0,0,35,CUMULATIVE,70,69556,0,444,448,0.987338,-0.006371,0.993629,0.993657,0.9936,0,100,0,0,0,1,0,0,0,76,1448,0.009215,1,0.4857,2,0,0,0,benign,1,1,-100,1,1.12,0,0,0,0,1,200
EDCF-Shield,v3b,FALCON1024+HMAC-SHA512+AES256GCM+DKG4of7,COMPROMISED_CTRL,0,0,36,CYCLE,72,1988,0,12,12,0.988072,0.007533,0.994,0.994,0.994,0,100,0,0,0,1,0,0,0,76,1448,0.00877,1,0.4861,2,0,0,0,benign,1,1,-100,1,1.15,0,0,0,0,1,200
EDCF-Shield,v3b,FALCON1024+HMAC-SHA512+AES256GCM+DKG4of7,COMPROMISED_CTRL,0,0,36,CUMULATIVE,72,71544,0,456,460,0.987359,-0.006361,0.993639,0.993667,0.993611,0,100,0,0,0,1,0,0,0,76,1448,0.00877,1,0.4861,2,0,0,0,benign,1,1,-100,1,1.15,0,0,0,0,1,200
EDCF-Shield,v3b,FALCON1024+HMAC-SHA512+AES256GCM+DKG4of7,COMPROMISED_CTRL,0,0,37,CYCLE,74,1986,0,14,14,0.986097,0.00714,0.993,0.993,0.993,0,100,0,0,0,1,0,0,0,76,1448,0.00835,1,0.4865,2,0,0,0,benign,1,1,-100,1,1.185,0,0,0,0,1,200
EDCF-Shield,v3b,FALCON1024+HMAC-SHA512+AES256GCM+DKG4of7,COMPROMISED_CTRL,0,0,37,CUMULATIVE,74,73530,0,470,474,0.987324,-0.006378,0.993622,0.993649,0.993595,0,100,0,0,0,1,0,0,0,76,1448,0.00835,1,0.4865,2,0,0,0,benign,1,1,-100,1,1.185,0,0,0,0,1,200
EDCF-Shield,v3b,FALCON1024+HMAC-SHA512+AES256GCM+DKG4of7,COMPROMISED_CTRL,0,0,38,CYCLE,76,1986,0,14,14,0.986097,0.006768,0.993,0.993,0.993,0,100,0,0,0,1,0,0,0,76,1448,0.007952,1,0.4868,2,0,0,0,benign,1,1,-100,1,1.22,0,0,0,0,1,200
EDCF-Shield,v3b,FALCON1024+HMAC-SHA512+AES256GCM+DKG4of7,COMPROMISED_CTRL,0,0,38,CUMULATIVE,76,75516,0,484,488,0.987292,-0.006395,0.993605,0.993632,0.993579,0,100,0,0,0,1,0,0,0,76,1448,0.007952,1,0.4868,2,0,0,0,benign,1,1,-100,1,1.22,0,0,0,0,1,200
EDCF-Shield,v3b,FALCON1024+HMAC-SHA512+AES256GCM+DKG4of7,COMPROMISED_CTRL,0,0,39,CYCLE,78,1988,0,12,12,0.988072,0.00644,0.994,0.994,0.994,0,100,0,0,0,1,0,0,0,76,1448,0.007574,1,0.4872,2,0,0,0,benign,1,1,-100,1,1.25,0,0,0,0,1,200
EDCF-Shield,v3b,FALCON1024+HMAC-SHA512+AES256GCM+DKG4of7,COMPROMISED_CTRL,0,0,39,CUMULATIVE,78,77504,0,496,500,0.987312,-0.006384,0.993616,0.993641,0.99359,0,100,0,0,0,1,0,0,0,76,1448,0.007574,1,0.4872,2,0,0,0,benign,1,1,-100,1,1.25,0,0,0,0,1,200
EDCF-Shield,v3b,FALCON1024+HMAC-SHA512+AES256GCM+DKG4of7,COMPROMISED_CTRL,0,0,40,CYCLE,80,1986,0,14,14,0.986097,0.006104,0.993,0.993,0.993,0,100,0,0,0,1,0,0,0,76,1448,0.007216,1,0.4875,2,0,0,0,benign,1,1,-100,1,1.285,0,0,0,0,1,200
EDCF-Shield,v3b,FALCON1024+HMAC-SHA512+AES256GCM+DKG4of7,COMPROMISED_CTRL,0,0,40,CUMULATIVE,80,79490,0,510,514,0.987282,-0.0064,0.9936,0.993625,0.993575,0,100,0,0,0,1,0,0,0,76,1448,0.007216,1,0.4875,2,0,0,0,benign,1,1,-100,1,1.285,0,0,0,0,1,200
EDCF-Shield,v3b,FALCON1024+HMAC-SHA512+AES256GCM+DKG4of7,COMPROMISED_CTRL,0,0,41,CYCLE,82,1986,0,14,14,0.986097,0.005785,0.993,0.993,0.993,0,100,0,0,0,1,0,0,0,76,1448,0.006876,1,0.4878,2,0,0,0,benign,1,1,-100,1,1.32,0,0,0,0,1,200
EDCF-Shield,v3b,FALCON1024+HMAC-SHA512+AES256GCM+DKG4of7,COMPROMISED_CTRL,0,0,41,CUMULATIVE,82,81476,0,524,528,0.987253,-0.006414,0.993586,0.99361,0.993561,0,100,0,0,0,1,0,0,0,76,1448,0.006876,1,0.4878,2,0,0,0,benign,1,1,-100,1,1.32,0,0,0,0,1,200
EDCF-Shield,v3b,FALCON1024+HMAC-SHA512+AES256GCM+DKG4of7,COMPROMISED_CTRL,0,0,42,CYCLE,84,1988,0,12,12,0.988072,0.005504,0.994,0.994,0.994,0,100,0,0,0,1,0,0,0,76,1448,0.006552,1,0.4881,2,0,0,0,benign,1,1,-100,1,1.35,0,0,0,0,1,200
EDCF-Shield,v3b,FALCON1024+HMAC-SHA512+AES256GCM+DKG4of7,COMPROMISED_CTRL,0,0,42,CUMULATIVE,84,83464,0,536,540,0.987272,-0.006405,0.993595,0.993619,0.993572,0,100,0,0,0,1,0,0,0,76,1448,0.006552,1,0.4881,2,0,0,0,benign,1,1,-100,1,1.35,0,0,0,0,1,200
EDCF-Shield,v3b,FALCON1024+HMAC-SHA512+AES256GCM+DKG4of7,COMPROMISED_CTRL,0,0,43,CYCLE,86,1986,0,14,14,0.986097,0.005213,0.993,0.993,0.993,0,100,0,0,0,1,0,0,0,76,1448,0.006243,1,0.4884,2,0,0,0,benign,1,1,-100,1,1.385,0,0,0,0,1,200
EDCF-Shield,v3b,FALCON1024+HMAC-SHA512+AES256GCM+DKG4of7,COMPROMISED_CTRL,0,0,43,CUMULATIVE,86,85450,0,550,554,0.987245,-0.006418,0.993582,0.993605,0.993558,0,100,0,0,0,1,0,0,0,76,1448,0.006243,1,0.4884,2,0,0,0,benign,1,1,-100,1,1.385,0,0,0,0,1,200
EDCF-Shield,v3b,FALCON1024+HMAC-SHA512+AES256GCM+DKG4of7,COMPROMISED_CTRL,0,0,44,CYCLE,88,1986,0,14,14,0.986097,0.004936,0.993,0.993,0.993,0,100,0,0,0,1,0,0,0,76,1448,0.005949,1,0.4886,2,0,0,0,benign,1,1,-100,1,1.42,0,0,0,0,1,200
EDCF-Shield,v3b,FALCON1024+HMAC-SHA512+AES256GCM+DKG4of7,COMPROMISED_CTRL,0,0,44,CUMULATIVE,88,87436,0,564,568,0.987219,-0.006432,0.993568,0.993591,0.993546,0,100,0,0,0,1,0,0,0,76,1448,0.005949,1,0.4886,2,0,0,0,benign,1,1,-100,1,1.42,0,0,0,0,1,200
EDCF-Shield,v3b,FALCON1024+HMAC-SHA512+AES256GCM+DKG4of7,COMPROMISED_CTRL,0,0,45,CYCLE,90,1988,0,12,12,0.988072,0.004693,0.994,0.994,0.994,0,100,0,0,0,1,0,0,0,76,1448,0.005667,1,0.4889,2,0,0,0,benign,1,1,-100,1,1.45,0,0,0,0,1,200
EDCF-Shield,v3b,FALCON1024+HMAC-SHA512+AES256GCM+DKG4of7,COMPROMISED_CTRL,0,0,45,CUMULATIVE,90,89424,0,576,580,0.987238,-0.006422,0.993578,0.9936,0.993556,0,100,0,0,0,1,0,0,0,76,1448,0.005667,1,0.4889,2,0,0,0,benign,1,1,-100,1,1.45,0,0,0,0,1,200
EDCF-Shield,v3b,FALCON1024+HMAC-SHA512+AES256GCM+DKG4of7,COMPROMISED_CTRL,0,0,46,CYCLE,92,1986,0,14,14,0.986097,0.004439,0.993,0.993,0.993,0,100,0,0,0,1,0,0,0,76,1448,0.005399,1,0.4891,2,0,0,0,benign,1,1,-100,1,1.485,0,0,0,0,1,200
EDCF-Shield,v3b,FALCON1024+HMAC-SHA512+AES256GCM+DKG4of7,COMPROMISED_CTRL,0,0,46,CUMULATIVE,92,91410,0,590,594,0.987213,-0.006435,0.993565,0.993587,0.993544,0,100,0,0,0,1,0,0,0,76,1448,0.005399,1,0.4891,2,0,0,0,benign,1,1,-100,1,1.485,0,0,0,0,1,200
EDCF-Shield,v3b,FALCON1024+HMAC-SHA512+AES256GCM+DKG4of7,COMPROMISED_CTRL,0,0,47,CYCLE,94,1986,0,14,14,0.986097,0.004195,0.993,0.993,0.993,0,100,0,0,0,1,0,0,0,76,1448,0.005142,1,0.4894,2,0,0,0,benign,1,1,-100,1,1.52,0,0,0,0,1,200
EDCF-Shield,v3b,FALCON1024+HMAC-SHA512+AES256GCM+DKG4of7,COMPROMISED_CTRL,0,0,47,CUMULATIVE,94,93396,0,604,608,0.987189,-0.006447,0.993553,0.993574,0.993532,0,100,0,0,0,1,0,0,0,76,1448,0.005142,1,0.4894,2,0,0,0,benign,1,1,-100,1,1.52,0,0,0,0,1,200
EDCF-Shield,v3b,FALCON1024+HMAC-SHA512+AES256GCM+DKG4of7,COMPROMISED_CTRL,0,0,48,CYCLE,96,1988,0,12,12,0.988072,0.003983,0.994,0.994,0.994,0,100,0,0,0,1,0,0,0,76,1448,0.004895,1,0.4896,2,0,0,0,benign,1,1,-100,1,1.55,0,0,0,0,1,200
EDCF-Shield,v3b,FALCON1024+HMAC-SHA512+AES256GCM+DKG4of7,COMPROMISED_CTRL,0,0,48,CUMULATIVE,96,95384,0,616,620,0.987208,-0.006437,0.993563,0.993583,0.993542,0,100,0,0,0,1,0,0,0,76,1448,0.004895,1,0.4896,2,0,0,0,benign,1,1,-100,1,1.55,0,0,0,0,1,200
EDCF-Shield,v3b,FALCON1024+HMAC-SHA512+AES256GCM+DKG4of7,COMPROMISED_CTRL,0,0,49,CYCLE,98,1986,0,14,14,0.986097,0.003759,0.993,0.993,0.993,0,100,0,0,0,1,0,0,0,76,1448,0.004659,1,0.4898,2,0,0,0,benign,1,1,-100,1,1.585,0,0,0,0,1,200
EDCF-Shield,v3b,FALCON1024+HMAC-SHA512+AES256GCM+DKG4of7,COMPROMISED_CTRL,0,0,49,CUMULATIVE,98,97370,0,630,634,0.987185,-0.006449,0.993551,0.993571,0.993531,0,100,0,0,0,1,0,0,0,76,1448,0.004659,1,0.4898,2,0,0,0,benign,1,1,-100,1,1.585,0,0,0,0,1,200
EDCF-Shield,v3b,FALCON1024+HMAC-SHA512+AES256GCM+DKG4of7,COMPROMISED_CTRL,0,0,50,CYCLE,100,1986,0,14,14,0.986097,0.003544,0.993,0.993,0.993,0,100,0,0,0,1,0,0,0,76,1448,0.004432,1,0.49,2,0,0,0,benign,1,1,-100,1,1.62,0,0,0,0,1,200
EDCF-Shield,v3b,FALCON1024+HMAC-SHA512+AES256GCM+DKG4of7,COMPROMISED_CTRL,0,0,50,CUMULATIVE,100,99356,0,644,648,0.987163,-0.00646,0.99354,0.99356,0.99352,0,100,0,0,0,1,0,0,0,76,1448,0.004432,1,0.49,2,0,0,0,benign,1,1,-100,1,1.62,0,0,0,0,1,200
EDCF-Shield,v3b,FALCON1024+HMAC-SHA512+AES256GCM+DKG4of7,COMPROMISED_CTRL,0,0,51,CYCLE,102,1988,0,12,12,0.988072,0.003356,0.994,0.994,0.994,0,100,0,0,0,1,0,0,0,76,1448,0.004214,1,0.4902,2,0,0,0,benign,1,1,-100,1,1.65,0,0,0,0,1,200
EDCF-Shield,v3b,FALCON1024+HMAC-SHA512+AES256GCM+DKG4of7,COMPROMISED_CTRL,0,0,51,CUMULATIVE,102,101344,0,656,660,0.987181,-0.006451,0.993549,0.993569,0.99353,0,100,0,0,0,1,0,0,0,76,1448,0.004214,1,0.4902,2,0,0,0,benign,1,1,-100,1,1.65,0,0,0,0,1,200
EDCF-Shield,v3b,FALCON1024+HMAC-SHA512+AES256GCM+DKG4of7,COMPROMISED_CTRL,0,0,52,CYCLE,104,1986,0,14,14,0.986097,0.003157,0.993,0.993,0.993,0,100,0,0,0,1,0,0,0,76,1448,0.004005,1,0.4904,2,0,0,0,benign,1,1,-100,1,1.685,0,0,0,0,1,200
EDCF-Shield,v3b,FALCON1024+HMAC-SHA512+AES256GCM+DKG4of7,COMPROMISED_CTRL,0,0,52,CUMULATIVE,104,103330,0,670,674,0.98716,-0.006461,0.993539,0.993558,0.993519,0,100,0,0,0,1,0,0,0,76,1448,0.004005,1,0.4904,2,0,0,0,benign,1,1,-100,1,1.685,0,0,0,0,1,200
EDCF-Shield,v3b,FALCON1024+HMAC-SHA512+AES256GCM+DKG4of7,COMPROMISED_CTRL,0,0,53,CYCLE,106,1986,0,14,14,0.986097,0.002966,0.993,0.993,0.993,0,100,0,0,0,1,0,0,0,76,1448,0.003804,1,0.4906,2,0,0,0,benign,1,1,-100,1,1.72,0,0,0,0,1,200
EDCF-Shield,v3b,FALCON1024+HMAC-SHA512+AES256GCM+DKG4of7,COMPROMISED_CTRL,0,0,53,CUMULATIVE,106,105316,0,684,688,0.98714,-0.006472,0.993528,0.993547,0.99351,0,100,0,0,0,1,0,0,0,76,1448,0.003804,1,0.4906,2,0,0,0,benign,1,1,-100,1,1.72,0,0,0,0,1,200
EDCF-Shield,v3b,FALCON1024+HMAC-SHA512+AES256GCM+DKG4of7,COMPROMISED_CTRL,0,0,54,CYCLE,108,1988,0,12,12,0.988072,0.0028,0.994,0.994,0.994,0,100,0,0,0,1,0,0,0,76,1448,0.00361,1,0.4907,2,0,0,0,benign,1,1,-100,1,1.75,0,0,0,0,1,200
EDCF-Shield,v3b,FALCON1024+HMAC-SHA512+AES256GCM+DKG4of7,COMPROMISED_CTRL,0,0,54,CUMULATIVE,108,107304,0,696,700,0.987157,-0.006463,0.993537,0.993556,0.993519,0,100,0,0,0,1,0,0,0,76,1448,0.00361,1,0.4907,2,0,0,0,benign,1,1,-100,1,1.75,0,0,0,0,1,200
EDCF-Shield,v3b,FALCON1024+HMAC-SHA512+AES256GCM+DKG4of7,COMPROMISED_CTRL,0,0,55,CYCLE,110,1986,0,14,14,0.986097,0.002621,0.993,0.993,0.993,0,100,0,0,0,1,0,0,0,76,1448,0.003424,1,0.4909,2,0,0,0,benign,1,1,-100,1,1.785,0,0,0,0,1,200
EDCF-Shield,v3b,FALCON1024+HMAC-SHA512+AES256GCM+DKG4of7,COMPROMISED_CTRL,0,0,55,CUMULATIVE,110,109290,0,710,714,0.987138,-0.006473,0.993527,0.993545,0.993509,0,100,0,0,0,1,0,0,0,76,1448,0.003424,1,0.4909,2,0,0,0,benign,1,1,-100,1,1.785,0,0,0,0,1,200
EDCF-Shield,v3b,FALCON1024+HMAC-SHA512+AES256GCM+DKG4of7,COMPROMISED_CTRL,0,0,56,CYCLE,112,1986,0,14,14,0.986097,0.00245,0.993,0.993,0.993,0,100,0,0,0,1,0,0,0,76,1448,0.003244,1,0.4911,2,0,0,0,benign,1,1,-100,1,1.82,0,0,0,0,1,200
EDCF-Shield,v3b,FALCON1024+HMAC-SHA512+AES256GCM+DKG4of7,COMPROMISED_CTRL,0,0,56,CUMULATIVE,112,111276,0,724,728,0.987119,-0.006482,0.993518,0.993536,0.9935,0,100,0,0,0,1,0,0,0,76,1448,0.003244,1,0.4911,2,0,0,0,benign,1,1,-100,1,1.82,0,0,0,0,1,200
EDCF-Shield,v3b,FALCON1024+HMAC-SHA512+AES256GCM+DKG4of7,COMPROMISED_CTRL,0,0,57,CYCLE,114,1988,0,12,12,0.988072,0.002301,0.994,0.994,0.994,0,100,0,0,0,1,0,0,0,76,1448,0.00307,1,0.4912,2,0,0,0,benign,1,1,-100,1,1.85,0,0,0,0,1,200
EDCF-Shield,v3b,FALCON1024+HMAC-SHA512+AES256GCM+DKG4of7,COMPROMISED_CTRL,0,0,57,CUMULATIVE,114,113264,0,736,740,0.987136,-0.006474,0.993526,0.993544,0.993509,0,100,0,0,0,1,0,0,0,76,1448,0.00307,1,0.4912,2,0,0,0,benign,1,1,-100,1,1.85,0,0,0,0,1,200
EDCF-Shield,v3b,FALCON1024+HMAC-SHA512+AES256GCM+DKG4of7,COMPROMISED_CTRL,0,0,58,CYCLE,116,1986,0,14,14,0.986097,0.002141,0.993,0.993,0.993,0,100,0,0,0,1,0,0,0,76,1448,0.002903,1,0.4914,2,0,0,0,benign,1,1,-100,1,1.885,0,0,0,0,1,200
EDCF-Shield,v3b,FALCON1024+HMAC-SHA512+AES256GCM+DKG4of7,COMPROMISED_CTRL,0,0,58,CUMULATIVE,116,115250,0,750,754,0.987118,-0.006483,0.993517,0.993534,0.9935,0,100,0,0,0,1,0,0,0,76,1448,0.002903,1,0.4914,2,0,0,0,benign,1,1,-100,1,1.885,0,0,0,0,1,200
EDCF-Shield,v3b,FALCON1024+HMAC-SHA512+AES256GCM+DKG4of7,COMPROMISED_CTRL,0,0,59,CYCLE,118,1986,0,14,14,0.986097,0.001986,0.993,0.993,0.993,0,100,0,0,0,1,0,0,0,76,1448,0.002741,1,0.4915,2,0,0,0,benign,1,1,-100,1,1.92,0,0,0,0,1,200
EDCF-Shield,v3b,FALCON1024+HMAC-SHA512+AES256GCM+DKG4of7,COMPROMISED_CTRL,0,0,59,CUMULATIVE,118,117236,0,764,768,0.987101,-0.006491,0.993509,0.993525,0.993492,0,100,0,0,0,1,0,0,0,76,1448,0.002741,1,0.4915,2,0,0,0,benign,1,1,-100,1,1.92,0,0,0,0,1,200
EDCF-Shield,v3b,FALCON1024+HMAC-SHA512+AES256GCM+DKG4of7,COMPROMISED_CTRL,0,0,60,CYCLE,120,1988,0,12,12,0.988072,0.001853,0.994,0.994,0.994,0,100,0,0,0,1,0,0,0,76,1448,0.002584,1,0.4917,2,0,0,0,benign,1,1,-100,1,1.95,0,0,0,0,1,200
EDCF-Shield,v3b,FALCON1024+HMAC-SHA512+AES256GCM+DKG4of7,COMPROMISED_CTRL,0,0,60,CUMULATIVE,120,119224,0,776,780,0.987117,-0.006483,0.993517,0.993533,0.9935,0,100,0,0,0,1,0,0,0,76,1448,0.002584,1,0.4917,2,0,0,0,benign,1,1,-100,1,1.95,0,0,0,0,1,200
EDCF-Shield,v3b,FALCON1024+HMAC-SHA512+AES256GCM+DKG4of7,COMPROMISED_CTRL,0,0,61,CYCLE,122,1986,0,14,14,0.986097,0.001708,0.993,0.993,0.993,0,100,0,0,0,1,0,0,0,76,1448,0.002433,1,0.4918,2,0,0,0,benign,1,1,-100,1,1.985,0,0,0,0,1,200
EDCF-Shield,v3b,FALCON1024+HMAC-SHA512+AES256GCM+DKG4of7,COMPROMISED_CTRL,0,0,61,CUMULATIVE,122,121210,0,790,794,0.9871,-0.006492,0.993508,0.993525,0.993492,0,100,0,0,0,1,0,0,0,76,1448,0.002433,1,0.4918,2,0,0,0,benign,1,1,-100,1,1.985,0,0,0,0,1,200
EDCF-Shield,v3b,FALCON1024+HMAC-SHA512+AES256GCM+DKG4of7,COMPROMISED_CTRL,0,0,62,CYCLE,124,1986,0,14,14,0.986097,0.001567,0.993,0.993,0.993,0,100,0,0,0,1,0,0,0,76,1448,0.002287,1,0.4919,2,0,0,0,benign,1,1,-100,1,2.02,0,0,0,0,1,200
EDCF-Shield,v3b,FALCON1024+HMAC-SHA512+AES256GCM+DKG4of7,COMPROMISED_CTRL,0,0,62,CUMULATIVE,124,123196,0,804,808,0.987084,-0.0065,0.9935,0.993516,0.993484,0,100,0,0,0,1,0,0,0,76,1448,0.002287,1,0.4919,2,0,0,0,benign,1,1,-100,1,2.02,0,0,0,0,1,200
EDCF-Shield,v3b,FALCON1024+HMAC-SHA512+AES256GCM+DKG4of7,COMPROMISED_CTRL,0,0,63,CYCLE,126,1988,0,12,12,0.988072,0.001447,0.994,0.994,0.994,0,100,0,0,0,1,0,0,0,76,1448,0.002145,1,0.4921,2,0,0,0,benign,1,1,-100,1,2.05,0,0,0,0,1,200
EDCF-Shield,v3b,FALCON1024+HMAC-SHA512+AES256GCM+DKG4of7,COMPROMISED_CTRL,0,0,63,CUMULATIVE,126,125184,0,816,820,0.9871,-0.006492,0.993508,0.993524,0.993492,0,100,0,0,0,1,0,0,0,76,1448,0.002145,1,0.4921,2,0,0,0,benign,1,1,-100,1,2.05,0,0,0,0,1,200
EDCF-Shield,v3b,FALCON1024+HMAC-SHA512+AES256GCM+DKG4of7,COMPROMISED_CTRL,0,0,64,CYCLE,128,1986,0,14,14,0.986097,0.001315,0.993,0.993,0.993,0,100,0,0,0,1,0,0,0,76,1448,0.002008,1,0.4922,2,0,0,0,benign,1,1,-100,1,2.085,0,0,0,0,1,200
EDCF-Shield,v3b,FALCON1024+HMAC-SHA512+AES256GCM+DKG4of7,COMPROMISED_CTRL,0,0,64,CUMULATIVE,128,127170,0,830,834,0.987084,-0.0065,0.9935,0.993516,0.993485,0,100,0,0,0,1,0,0,0,76,1448,0.002008,1,0.4922,2,0,0,0,benign,1,1,-100,1,2.085,0,0,0,0,1,200
EDCF-Shield,v3b,FALCON1024+HMAC-SHA512+AES256GCM+DKG4of7,COMPROMISED_CTRL,0,0,65,CYCLE,130,1986,0,14,14,0.986097,0.001187,0.993,0.993,0.993,0,100,0,0,0,1,0,0,0,76,1448,0.001875,1,0.4923,2,0,0,0,benign,1,1,-100,1,2.12,0,0,0,0,1,200
EDCF-Shield,v3b,FALCON1024+HMAC-SHA512+AES256GCM+DKG4of7,COMPROMISED_CTRL,0,0,65,CUMULATIVE,130,129156,0,844,848,0.987069,-0.006508,0.993492,0.993508,0.993477,0,100,0,0,0,1,0,0,0,76,1448,0.001875,1,0.4923,2,0,0,0,benign,1,1,-100,1,2.12,0,0,0,0,1,200
EDCF-Shield,v3b,FALCON1024+HMAC-SHA512+AES256GCM+DKG4of7,COMPROMISED_CTRL,0,0,66,CYCLE,132,1988,0,12,12,0.988072,0.001078,0.994,0.994,0.994,0,100,0,0,0,1,0,0,0,76,1448,0.001746,1,0.4924,2,0,0,0,benign,1,1,-100,1,2.15,0,0,0,0,1,200
EDCF-Shield,v3b,FALCON1024+HMAC-SHA512+AES256GCM+DKG4of7,COMPROMISED_CTRL,0,0,66,CUMULATIVE,132,131144,0,856,860,0.987084,-0.0065,0.9935,0.993515,0.993485,0,100,0,0,0,1,0,0,0,76,1448,0.001746,1,0.4924,2,0,0,0,benign,1,1,-100,1,2.15,0,0,0,0,1,200
EDCF-Shield,v3b,FALCON1024+HMAC-SHA512+AES256GCM+DKG4of7,COMPROMISED_CTRL,0,0,67,CYCLE,134,1986,0,14,14,0.986097,0.000958,0.993,0.993,0.993,0,100,0,0,0,1,0,0,0,76,1448,0.001621,1,0.4925,2,0,0,0,benign,1,1,-100,1,2.185,0,0,0,0,1,200
EDCF-Shield,v3b,FALCON1024+HMAC-SHA512+AES256GCM+DKG4of7,COMPROMISED_CTRL,0,0,67,CUMULATIVE,134,133130,0,870,874,0.987069,-0.006507,0.993493,0.993507,0.993478,0,100,0,0,0,1,0,0,0,76,1448,0.001621,1,0.4925,2,0,0,0,benign,1,1,-100,1,2.185,0,0,0,0,1,200
EDCF-Shield,v3b,FALCON1024+HMAC-SHA512+AES256GCM+DKG4of7,COMPROMISED_CTRL,0,0,68,CYCLE,136,1986,0,14,14,0.986097,0.000841,0.993,0.993,0.993,0,100,0,0,0,1,0,0,0,76,1448,0.0015,1,0.4926,2,0,0,0,benign,1,1,-100,1,2.22,0,0,0,0,1,200
EDCF-Shield,v3b,FALCON1024+HMAC-SHA512+AES256GCM+DKG4of7,COMPROMISED_CTRL,0,0,68,CUMULATIVE,136,135116,0,884,888,0.987055,-0.006515,0.993485,0.9935,0.993471,0,100,0,0,0,1,0,0,0,76,1448,0.0015,1,0.4926,2,0,0,0,benign,1,1,-100,1,2.22,0,0,0,0,1,200
EDCF-Shield,v3b,FALCON1024+HMAC-SHA512+AES256GCM+DKG4of7,COMPROMISED_CTRL,0,0,69,CYCLE,138,1988,0,12,12,0.988072,0.000742,0.994,0.994,0.994,0,100,0,0,0,1,0,0,0,76,1448,0.001382,1,0.4928,2,0,0,0,benign,1,1,-100,1,2.25,0,0,0,0,1,200
EDCF-Shield,v3b,FALCON1024+HMAC-SHA512+AES256GCM+DKG4of7,COMPROMISED_CTRL,0,0,69,CUMULATIVE,138,137104,0,896,900,0.98707,-0.006507,0.993493,0.993507,0.993478,0,100,0,0,0,1,0,0,0,76,1448,0.001382,1,0.4928,2,0,0,0,benign,1,1,-100,1,2.25,0,0,0,0,1,200
EDCF-Shield,v3b,FALCON1024+HMAC-SHA512+AES256GCM+DKG4of7,COMPROMISED_CTRL,0,0,70,CYCLE,140,1986,0,14,14,0.986097,0.000631,0.993,0.993,0.993,0,100,0,0,0,1,0,0,0,76,1448,0.001268,1,0.4929,2,0,0,0,benign,1,1,-100,1,2.285,0,0,0,0,1,200
EDCF-Shield,v3b,FALCON1024+HMAC-SHA512+AES256GCM+DKG4of7,COMPROMISED_CTRL,0,0,70,CUMULATIVE,140,139090,0,910,914,0.987056,-0.006514,0.993486,0.9935,0.993472,0,100,0,0,0,1,0,0,0,76,1448,0.001268,1,0.4929,2,0,0,0,benign,1,1,-100,1,2.285,0,0,0,0,1,200
EDCF-Shield,v3b,FALCON1024+HMAC-SHA512+AES256GCM+DKG4of7,COMPROMISED_CTRL,0,0,71,CYCLE,142,1986,0,14,14,0.986097,0.000524,0.993,0.993,0.993,0,100,0,0,0,1,0,0,0,76,1448,0.001156,1,0.493,2,0,0,0,benign,1,1,-100,1,2.32,0,0,0,0,1,200
EDCF-Shield,v3b,FALCON1024+HMAC-SHA512+AES256GCM+DKG4of7,COMPROMISED_CTRL,0,0,71,CUMULATIVE,142,141076,0,924,928,0.987042,-0.006521,0.993479,0.993493,0.993465,0,100,0,0,0,1,0,0,0,76,1448,0.001156,1,0.493,2,0,0,0,benign,1,1,-100,1,2.32,0,0,0,0,1,200
EDCF-Shield,v3b,FALCON1024+HMAC-SHA512+AES256GCM+DKG4of7,COMPROMISED_CTRL,0,0,72,CYCLE,144,1988,0,12,12,0.988072,0.000433,0.994,0.994,0.994,0,100,0,0,0,1,0,0,0,76,1448,0.001048,1,0.4931,2,0,0,0,benign,1,1,-100,1,2.35,0,0,0,0,1,200
EDCF-Shield,v3b,FALCON1024+HMAC-SHA512+AES256GCM+DKG4of7,COMPROMISED_CTRL,0,0,72,CUMULATIVE,144,143064,0,936,940,0.987057,-0.006514,0.993486,0.9935,0.993472,0,100,0,0,0,1,0,0,0,76,1448,0.001048,1,0.4931,2,0,0,0,benign,1,1,-100,1,2.35,0,0,0,0,1,200
EDCF-Shield,v3b,FALCON1024+HMAC-SHA512+AES256GCM+DKG4of7,COMPROMISED_CTRL,0,0,73,CYCLE,146,1986,0,14,14,0.986097,0.000331,0.993,0.993,0.993,0,100,0,0,0,1,0,0,0,76,1448,0.000943,1,0.4932,2,0,0,0,benign,1,1,-100,1,2.385,0,0,0,0,1,200
EDCF-Shield,v3b,FALCON1024+HMAC-SHA512+AES256GCM+DKG4of7,COMPROMISED_CTRL,0,0,73,CUMULATIVE,146,145050,0,950,954,0.987044,-0.00652,0.99348,0.993493,0.993466,0,100,0,0,0,1,0,0,0,76,1448,0.000943,1,0.4932,2,0,0,0,benign,1,1,-100,1,2.385,0,0,0,0,1,200
EDCF-Shield,v3b,FALCON1024+HMAC-SHA512+AES256GCM+DKG4of7,COMPROMISED_CTRL,0,0,74,CYCLE,148,1986,0,14,14,0.986097,0.000232,0.993,0.993,0.993,0,100,0,0,0,1,0,0,0,76,1448,0.000841,1,0.4932,2,0,0,0,benign,1,1,-100,1,2.42,0,0,0,0,1,200
EDCF-Shield,v3b,FALCON1024+HMAC-SHA512+AES256GCM+DKG4of7,COMPROMISED_CTRL,0,0,74,CUMULATIVE,148,147036,0,964,968,0.987031,-0.006527,0.993473,0.993486,0.99346,0,100,0,0,0,1,0,0,0,76,1448,0.000841,1,0.4932,2,0,0,0,benign,1,1,-100,1,2.42,0,0,0,0,1,200
EDCF-Shield,v3b,FALCON1024+HMAC-SHA512+AES256GCM+DKG4of7,COMPROMISED_CTRL,0,0,75,CYCLE,150,1988,0,12,12,0.988072,0.000149,0.994,0.994,0.994,0,100,0,0,0,1,0,0,0,76,1448,0.000742,1,0.4933,2,0,0,0,benign,1,1,-100,1,2.45,0,0,0,0,1,200
EDCF-Shield,v3b,FALCON1024+HMAC-SHA512+AES256GCM+DKG4of7,COMPROMISED_CTRL,0,0,75,CUMULATIVE,150,149024,0,976,980,0.987045,-0.00652,0.99348,0.993493,0.993467,0,100,0,0,0,1,0,0,0,76,1448,0.000742,1,0.4933,2,0,0,0,benign,1,1,-100,1,2.45,0,0,0,0,1,200
EDCF-Shield,v3b,FALCON1024+HMAC-SHA512+AES256GCM+DKG4of7,COMPROMISED_CTRL,0,0,76,CYCLE,152,1986,0,14,14,0.986097,0.000055,0.993,0.993,0.993,0,100,0,0,0,1,0,0,0,76,1448,0.000645,1,0.4934,2,0,0,0,benign,1,1,-100,1,2.485,0,0,0,0,1,200
EDCF-Shield,v3b,FALCON1024+HMAC-SHA512+AES256GCM+DKG4of7,COMPROMISED_CTRL,0,0,76,CUMULATIVE,152,151010,0,990,994,0.987032,-0.006526,0.993474,0.993487,0.993461,0,100,0,0,0,1,0,0,0,76,1448,0.000645,1,0.4934,2,0,0,0,benign,1,1,-100,1,2.485,0,0,0,0,1,200
EDCF-Shield,v3b,FALCON1024+HMAC-SHA512+AES256GCM+DKG4of7,COMPROMISED_CTRL,0,0,77,CYCLE,154,1986,0,14,14,0.986097,-0.000037,0.993,0.993,0.993,0,100,0,0,0,1,0,0,0,76,1448,0.00055,1,0.4935,2,0,0,0,benign,1,1,-100,1,2.52,0,0,0,0,1,200
EDCF-Shield,v3b,FALCON1024+HMAC-SHA512+AES256GCM+DKG4of7,COMPROMISED_CTRL,0,0,77,CUMULATIVE,154,152996,0,1004,1008,0.98702,-0.006532,0.993468,0.993481,0.993455,0,100,0,0,0,1,0,0,0,76,1448,0.00055,1,0.4935,2,0,0,0,benign,1,1,-100,1,2.52,0,0,0,0,1,200
EDCF-Shield,v3b,FALCON1024+HMAC-SHA512+AES256GCM+DKG4of7,COMPROMISED_CTRL,0,0,78,CYCLE,156,1988,0,12,12,0.988072,-0.000113,0.994,0.994,0.994,0,100,0,0,0,1,0,0,0,76,1448,0.000458,1,0.4936,2,0,0,0,benign,1,1,-100,1,2.55,0,0,0,0,1,200
EDCF-Shield,v3b,FALCON1024+HMAC-SHA512+AES256GCM+DKG4of7,COMPROMISED_CTRL,0,0,78,CUMULATIVE,156,154984,0,1016,1020,0.987033,-0.006526,0.993474,0.993487,0.993462,0,100,0,0,0,1,0,0,0,76,1448,0.000458,1,0.4936,2,0,0,0,benign,1,1,-100,1,2.55,0,0,0,0,1,200
EDCF-Shield,v3b,FALCON1024+HMAC-SHA512+AES256GCM+DKG4of7,COMPROMISED_CTRL,0,0,79,CYCLE,158,1986,0,14,14,0.986097,-0.0002,0.993,0.993,0.993,0,100,0,0,0,1,0,0,0,76,1448,0.000369,1,0.4937,2,0,0,0,benign,1,1,-100,1,2.585,0,0,0,0,1,200
EDCF-Shield,v3b,FALCON1024+HMAC-SHA512+AES256GCM+DKG4of7,COMPROMISED_CTRL,0,0,79,CUMULATIVE,158,156970,0,1030,1034,0.987022,-0.006532,0.993468,0.993481,0.993456,0,100,0,0,0,1,0,0,0,76,1448,0.000369,1,0.4937,2,0,0,0,benign,1,1,-100,1,2.585,0,0,0,0,1,200
EDCF-Shield,v3b,FALCON1024+HMAC-SHA512+AES256GCM+DKG4of7,COMPROMISED_CTRL,0,0,80,CYCLE,160,1986,0,14,14,0.986097,-0.000285,0.993,0.993,0.993,0,100,0,0,0,1,0,0,0,76,1448,0.000281,1,0.4938,2,0,0,0,benign,1,1,-100,1,2.62,0,0,0,0,1,200
EDCF-Shield,v3b,FALCON1024+HMAC-SHA512+AES256GCM+DKG4of7,COMPROMISED_CTRL,0,0,80,CUMULATIVE,160,158956,0,1044,1048,0.98701,-0.006537,0.993463,0.993475,0.99345,0,100,0,0,0,1,0,0,0,76,1448,0.000281,1,0.4938,2,0,0,0,benign,1,1,-100,1,2.62,0,0,0,0,1,200
EDCF-Shield,v3b,FALCON1024+HMAC-SHA512+AES256GCM+DKG4of7,COMPROMISED_CTRL,0,0,81,CYCLE,162,1988,0,12,12,0.988072,-0.000356,0.994,0.994,0.994,0,100,0,0,0,1,0,0,0,76,1448,0.000196,1,0.4938,2,0,0,0,benign,1,1,-100,1,2.65,0,0,0,0,1,200
EDCF-Shield,v3b,FALCON1024+HMAC-SHA512+AES256GCM+DKG4of7,COMPROMISED_CTRL,0,0,81,CUMULATIVE,162,160944,0,1056,1060,0.987023,-0.006531,0.993469,0.993481,0.993457,0,100,0,0,0,1,0,0,0,76,1448,0.000196,1,0.4938,2,0,0,0,benign,1,1,-100,1,2.65,0,0,0,0,1,200
EDCF-Shield,v3b,FALCON1024+HMAC-SHA512+AES256GCM+DKG4of7,COMPROMISED_CTRL,0,0,82,CYCLE,164,1986,0,14,14,0.986097,-0.000437,0.993,0.993,0.993,0,100,0,0,0,1,0,0,0,76,1448,0.000113,1,0.4939,2,0,0,0,benign,1,1,-100,1,2.685,0,0,0,0,1,200
EDCF-Shield,v3b,FALCON1024+HMAC-SHA512+AES256GCM+DKG4of7,COMPROMISED_CTRL,0,0,82,CUMULATIVE,164,162930,0,1070,1074,0.987012,-0.006536,0.993463,0.993476,0.993451,0,100,0,0,0,1,0,0,0,76,1448,0.000113,1,0.4939,2,0,0,0,benign,1,1,-100,1,2.685,0,0,0,0,1,200
EDCF-Shield,v3b,FALCON1024+HMAC-SHA512+AES256GCM+DKG4of7,COMPROMISED_CTRL,0,0,83,CYCLE,166,1986,0,14,14,0.986097,-0.000516,0.993,0.993,0.993,0,100,0,0,0,1,0,0,0,76,1448,0.000032,1,0.494,2,0,0,0,benign,1,1,-100,1,2.72,0,0,0,0,1,200
EDCF-Shield,v3b,FALCON1024+HMAC-SHA512+AES256GCM+DKG4of7,COMPROMISED_CTRL,0,0,83,CUMULATIVE,166,164916,0,1084,1088,0.987001,-0.006542,0.993458,0.99347,0.993446,0,100,0,0,0,1,0,0,0,76,1448,0.000032,1,0.494,2,0,0,0,benign,1,1,-100,1,2.72,0,0,0,0,1,200
EDCF-Shield,v3b,FALCON1024+HMAC-SHA512+AES256GCM+DKG4of7,COMPROMISED_CTRL,0,0,84,CYCLE,168,1988,0,12,12,0.988072,-0.000581,0.994,0.994,0.994,0,100,0,0,0,1,0,0,0,76,1448,-0.000047,1,0.494,2,0,0,0,benign,1,1,-100,1,2.75,0,0,0,0,1,200
EDCF-Shield,v3b,FALCON1024+HMAC-SHA512+AES256GCM+DKG4of7,COMPROMISED_CTRL,0,0,84,CUMULATIVE,168,166904,0,1096,1100,0.987014,-0.006536,0.993464,0.993476,0.993453,0,100,0,0,0,1,0,0,0,76,1448,-0.000047,1,0.494,2,0,0,0,benign,1,1,-100,1,2.75,0,0,0,0,1,200
EDCF-Shield,v3b,FALCON1024+HMAC-SHA512+AES256GCM+DKG4of7,COMPROMISED_CTRL,0,0,85,CYCLE,170,1986,0,14,14,0.986097,-0.000657,0.993,0.993,0.993,0,100,0,0,0,1,0,0,0,76,1448,-0.000124,1,0.4941,2,0,0,0,benign,1,1,-100,1,2.785,0,0,0,0,1,200
EDCF-Shield,v3b,FALCON1024+HMAC-SHA512+AES256GCM+DKG4of7,COMPROMISED_CTRL,0,0,85,CUMULATIVE,170,168890,0,1110,1114,0.987003,-0.006541,0.993459,0.993471,0.993447,0,100,0,0,0,1,0,0,0,76,1448,-0.000124,1,0.4941,2,0,0,0,benign,1,1,-100,1,2.785,0,0,0,0,1,200
EDCF-Shield,v3b,FALCON1024+HMAC-SHA512+AES256GCM+DKG4of7,COMPROMISED_CTRL,0,0,86,CYCLE,172,1986,0,14,14,0.986097,-0.00073,0.993,0.993,0.993,0,100,0,0,0,1,0,0,0,76,1448,-0.0002,1,0.4942,2,0,0,0,benign,1,1,-100,1,2.82,0,0,0,0,1,200
EDCF-Shield,v3b,FALCON1024+HMAC-SHA512+AES256GCM+DKG4of7,COMPROMISED_CTRL,0,0,86,CUMULATIVE,172,170876,0,1124,1128,0.986992,-0.006546,0.993454,0.993465,0.993442,0,100,0,0,0,1,0,0,0,76,1448,-0.0002,1,0.4942,2,0,0,0,benign,1,1,-100,1,2.82,0,0,0,0,1,200
EDCF-Shield,v3b,FALCON1024+HMAC-SHA512+AES256GCM+DKG4of7,COMPROMISED_CTRL,0,0,87,CYCLE,174,1988,0,12,12,0.988072,-0.000791,0.994,0.994,0.994,0,100,0,0,0,1,0,0,0,76,1448,-0.000274,1,0.4943,2,0,0,0,benign,1,1,-100,1,2.85,0,0,0,0,1,200
EDCF-Shield,v3b,FALCON1024+HMAC-SHA512+AES256GCM+DKG4of7,COMPROMISED_CTRL,0,0,87,CUMULATIVE,174,172864,0,1136,1140,0.987005,-0.00654,0.99346,0.993471,0.993448,0,100,0,0,0,1,0,0,0,76,1448,-0.000274,1,0.4943,2,0,0,0,benign,1,1,-100,1,2.85,0,0,0,0,1,200
EDCF-Shield,v3b,FALCON1024+HMAC-SHA512+AES256GCM+DKG4of7,COMPROMISED_CTRL,0,0,88,CYCLE,176,1986,0,14,14,0.986097,-0.000862,0.993,0.993,0.993,0,100,0,0,0,1,0,0,0,76,1448,-0.000346,1,0.4943,2,0,0,0,benign,1,1,-100,1,2.885,0,0,0,0,1,200
EDCF-Shield,v3b,FALCON1024+HMAC-SHA512+AES256GCM+DKG4of7,COMPROMISED_CTRL,0,0,88,CUMULATIVE,176,174850,0,1150,1154,0.986994,-0.006545,0.993455,0.993466,0.993443,0,100,0,0,0,1,0,0,0,76,1448,-0.000346,1,0.4943,2,0,0,0,benign,1,1,-100,1,2.885,0,0,0,0,1,200
EDCF-Shield,v3b,FALCON1024+HMAC-SHA512+AES256GCM+DKG4of7,COMPROMISED_CTRL,0,0,89,CYCLE,178,1986,0,14,14,0.986097,-0.000931,0.993,0.993,0.993,0,100,0,0,0,1,0,0,0,76,1448,-0.000416,1,0.4944,2,0,0,0,benign,1,1,-100,1,2.92,0,0,0,0,1,200
EDCF-Shield,v3b,FALCON1024+HMAC-SHA512+AES256GCM+DKG4of7,COMPROMISED_CTRL,0,0,89,CUMULATIVE,178,176836,0,1164,1168,0.986984,-0.00655,0.99345,0.993461,0.993438,0,100,0,0,0,1,0,0,0,76,1448,-0.000416,1,0.4944,2,0,0,0,benign,1,1,-100,1,2.92,0,0,0,0,1,200
EDCF-Shield,v3b,FALCON1024+HMAC-SHA512+AES256GCM+DKG4of7,COMPROMISED_CTRL,0,0,90,CYCLE,179.5,1196,0,4,8,0.990066,-0.000972,0.995008,0.996667,0.993355,0,100,0,0,0,1,0,0,0,76,1448,-0.000485,1,0.4958,2,0,0,0,benign,1,1,-100,1,2.94,0,0,0,0,1,200
EDCF-Shield,v3b,FALCON1024+HMAC-SHA512+AES256GCM+DKG4of7,COMPROMISED_CTRL,0,0,90,CUMULATIVE,179.5,178032,0,1168,1176,0.987005,-0.00654,0.99346,0.993482,0.993438,0,100,0,0,0,1,0,0,0,76,1448,-0.000485,1,0.4958,2,0,0,0,benign,1,1,-100,1,2.94,0,0,0,0,1,200
EDCF-Shield,v3b,FALCON1024+HMAC-SHA512+AES256GCM+DKG4of7,COMPROMISED_CTRL,60,22.39,1,CYCLE,2,1400,0,0,0,1,0.5,1,1,1,0,100,0,0,0,1,0,0,0,76,1448,0,1,0,0,0,0,0,V3,0,1,-100,1,0,0,0,0,0,0,200
EDCF-Shield,v3b,FALCON1024+HMAC-SHA512+AES256GCM+DKG4of7,COMPROMISED_CTRL,60,22.39,1,CUMULATIVE,2,1400,0,0,0,1,0.5,1,1,1,0,100,0,0,0,1,0,0,0,76,1448,0,1,0,0,0,0,0,V3,0,1,-100,1,0,0,0,0,0,0,200
EDCF-Shield,v3b,FALCON1024+HMAC-SHA512+AES256GCM+DKG4of7,COMPROMISED_CTRL,60,22.39,2,CYCLE,4,1382,156,18,6,0.984635,0.710356,0.991392,0.987143,0.995677,96.3,100,0,0.658228,0,1,3,0,0,76,1448,0.5,1,0.25,2,3,0,0,V3,1,1,-100,1,0.405,0,0,0,0,2,200
EDCF-Shield,v3b,FALCON1024+HMAC-SHA512+AES256GCM+DKG4of7,COMPROMISED_CTRL,60,22.39,2,CUMULATIVE,4,2782,156,18,6,0.991897,0.924945,0.995705,0.993571,0.997848,96.3,100,0,0.658228,0,1,3,0,0,76,1448,0.5,1,0.25,2,3,0,0,V3,1,1,-100,1,0.405,0,0,0,0,1,200
EDCF-Shield,v3b,FALCON1024+HMAC-SHA512+AES256GCM+DKG4of7,COMPROMISED_CTRL,60,22.39,3,CYCLE,6,1380,420,20,12,0.982533,0.790875,0.988539,0.985714,0.991379,97.22,100,0,0.659794,0,1,3,0,0,76,1448,0.712473,1,0.3333,2,3,0,0,V3,1,1,-100,1,1.485,0,0,0,0,2,200
EDCF-Shield,v3b,FALCON1024+HMAC-SHA512+AES256GCM+DKG4of7,COMPROMISED_CTRL,60,22.39,3,CUMULATIVE,6,4162,576,38,18,0.988319,0.947132,0.993317,0.990952,0.995694,96.97,100,0,0.659794,0,1,3,0,0,76,1448,0.712473,1,0.3333,2,3,0,0,V3,1,1,-100,1,1.485,0,0,0,0,1,200
EDCF-Shield,v3b,FALCON1024+HMAC-SHA512+AES256GCM+DKG4of7,COMPROMISED_CTRL,60,22.39,4,CYCLE,8,1380,686,20,14,0.98381,0.834073,0.987831,0.985714,0.989957,98,100,0,0.661079,0,1,3,0,0,76,1448,0.790692,1,0.375,2,3,0,0,V3,1,1,-100,1,3.235,0,0,0,0,2,200
EDCF-Shield,v3b,FALCON1024+HMAC-SHA512+AES256GCM+DKG4of7,COMPROMISED_CTRL,60,22.39,4,CUMULATIVE,8,5542,1262,58,32,0.986945,0.957589,0.991946,0.989643,0.994259,97.53,100,0,0.661079,0,1,3,0,0,76,1448,0.790692,1,0.375,2,3,0,0,V3,1,1,-100,1,3.235,0,0,0,0,1,200
EDCF-Shield,v3b,FALCON1024+HMAC-SHA512+AES256GCM+DKG4of7,COMPROMISED_CTRL,60,22.39,5,CYCLE,10,1380,800,20,14,0.984643,0.860667,0.987831,0.985714,0.989957,98.28,100,0,0.661746,0,1,3,0,0,76,1448,0.832416,1,0.4,2,3,0,0,V3,1,1,-100,1,5.27,0,0,0,0,2,200
EDCF-Shield,v3b,FALCON1024+HMAC-SHA512+AES256GCM+DKG4of7,COMPROMISED_CTRL,60,22.39,5,CUMULATIVE,10,6922,2062,78,46,0.986386,0.961979,0.991123,0.988857,0.993398,97.82,100,0,0.661746,0,1,3,0,0,76,1448,0.832416,1,0.4,2,3,0,0,V3,1,1,-100,1,5.27,0,0,0,0,1,200
EDCF-Shield,v3b,FALCON1024+HMAC-SHA512+AES256GCM+DKG4of7,COMPROMISED_CTRL,60,22.39,6,CYCLE,12,1380,800,20,12,0.985533,0.878716,0.988539,0.985714,0.991379,98.52,100,0,0.662193,0,1,3,0,0,76,1448,0.858329,1,0.4167,2,3,0,0,V3,1,1,-100,1,7.3,0,0,0,0,2,200
EDCF-Shield,v3b,FALCON1024+HMAC-SHA512+AES256GCM+DKG4of7,COMPROMISED_CTRL,60,22.39,6,CUMULATIVE,12,8302,2862,98,58,0.986219,0.964203,0.990692,0.988333,0.993062,98.01,100,0,0.662193,0,1,3,0,0,76,1448,0.858329,1,0.4167,2,3,0,0,V3,1,1,-100,1,7.3,0,0,0,0,1,200
EDCF-Shield,v3b,FALCON1024+HMAC-SHA512+AES256GCM+DKG4of7,COMPROMISED_CTRL,60,22.39,7,CYCLE,14,1380,800,20,14,0.984643,0.891333,0.987831,0.985714,0.989957,98.28,100,0,0.662326,0,1,3,0,0,76,1448,0.875975,1,0.4286,2,3,0,0,V3,1,1,-100,1,9.335,0,0,0,0,2,200
EDCF-Shield,v3b,FALCON1024+HMAC-SHA512+AES256GCM+DKG4of7,COMPROMISED_CTRL,60,22.39,7,CUMULATIVE,14,9682,3662,118,72,0.985961,0.965032,0.990283,0.987959,0.992618,98.07,100,0,0.662326,0,1,3,0,0,76,1448,0.875975,1,0.4286,2,3,0,0,V3,1,1,-100,1,9.335,0,0,0,0,1,200
EDCF-Shield,v3b,FALCON1024+HMAC-SHA512+AES256GCM+DKG4of7,COMPROMISED_CTRL,60,22.39,8,CYCLE,16,1380,800,20,14,0.984643,0.900797,0.987831,0.985714,0.989957,98.28,100,0,0.662411,0,1,3,0,0,76,1448,0.888697,1,0.4375,2,3,0,0,V3,1,1,-100,1,11.37,0,0,0,0,2,200
EDCF-Shield,v3b,FALCON1024+HMAC-SHA512+AES256GCM+DKG4of7,COMPROMISED_CTRL,60,22.39,8,CUMULATIVE,16,11062,4462,138,86,0.985776,0.965522,0.989977,0.987679,0.992286,98.11,100,0,0.662411,0,1,3,0,0,76,1448,0.888697,1,0.4375,2,3,0,0,V3,1,1,-100,1,11.37,0,0,0,0,1,200
EDCF-Shield,v3b,FALCON1024+HMAC-SHA512+AES256GCM+DKG4of7,COMPROMISED_CTRL,60,22.39,9,CYCLE,18,1380,800,20,12,0.985533,0.90837,0.988539,0.985714,0.991379,98.52,100,0,0.662554,0,1,3,0,0,76,1448,0.8983,1,0.4444,2,3,0,0,V3,1,1,-100,1,13.4,0,0,0,0,2,200
EDCF-Shield,v3b,FALCON1024+HMAC-SHA512+AES256GCM+DKG4of7,COMPROMISED_CTRL,60,22.39,9,CUMULATIVE,18,12442,5262,158,98,0.985746,0.9661,0.989817,0.98746,0.992185,98.17,100,0,0.662554,0,1,3,0,0,76,1448,0.8983,1,0.4444,2,3,0,0,V3,1,1,-100,1,13.4,0,0,0,0,1,200
EDCF-Shield,v3b,FALCON1024+HMAC-SHA512+AES256GCM+DKG4of7,COMPROMISED_CTRL,60,22.39,10,CYCLE,20,1380,800,20,14,0.984643,0.914237,0.987831,0.985714,0.989957,98.28,100,0,0.662586,0,1,3,0,0,76,1448,0.905834,1,0.45,2,3,0,0,V3,1,1,-100,1,15.435,0,0,0,0,2,200
EDCF-Shield,v3b,FALCON1024+HMAC-SHA512+AES256GCM+DKG4of7,COMPROMISED_CTRL,60,22.39,10,CUMULATIVE,20,13822,6062,178,112,0.985625,0.966287,0.989618,0.987286,0.991962,98.19,100,0,0.662586,0,1,3,0,0,76,1448,0.905834,1,0.45,2,3,0,0,V3,1,1,-100,1,15.435,0,0,0,0,1,200
EDCF-Shield,v3b,FALCON1024+HMAC-SHA512+AES256GCM+DKG4of7,COMPROMISED_CTRL,60,22.39,11,CYCLE,22,1380,800,20,14,0.984643,0.919038,0.987831,0.985714,0.989957,98.28,100,0,0.662611,0,1,3,0,0,76,1448,0.911879,1,0.4545,2,3,0,0,V3,1,1,-100,1,17.47,0,0,0,0,2,200
EDCF-Shield,v3b,FALCON1024+HMAC-SHA512+AES256GCM+DKG4of7,COMPROMISED_CTRL,60,22.39,11,CUMULATIVE,22,15202,6862,198,126,0.985528,0.966419,0.989456,0.987143,0.99178,98.2,100,0,0.662611,0,1,3,0,0,76,1448,0.911879,1,0.4545,2,3,0,0,V3,1,1,-100,1,17.47,0,0,0,0,1,200
EDCF-Shield,v3b,FALCON1024+HMAC-SHA512+AES256GCM+DKG4of7,COMPROMISED_CTRL,60,22.39,12,CYCLE,24,1380,800,20,12,0.985533,0.923198,0.988539,0.985714,0.991379,98.52,100,0,0.662688,0,1,3,0,0,76,1448,0.916837,1,0.4583,2,3,0,0,V3,1,1,-100,1,19.5,0,0,0,0,2,200
EDCF-Shield,v3b,FALCON1024+HMAC-SHA512+AES256GCM+DKG4of7,COMPROMISED_CTRL,60,22.39,12,CUMULATIVE,24,16582,7662,218,138,0.985528,0.966703,0.989379,0.987024,0.991746,98.23,100,0,0.662688,0,1,3,0,0,76,1448,0.916837,1,0.4583,2,3,0,0,V3,1,1,-100,1,19.5,0,0,0,0,1,200
EDCF-Shield,v3b,FALCON1024+HMAC-SHA512+AES256GCM+DKG4of7,COMPROMISED_CTRL,60,22.39,13,CYCLE,26,1380,800,20,14,0.984643,0.92657,0.987831,0.985714,0.989957,98.28,100,0,0.662699,0,1,3,0,0,76,1448,0.920993,1,0.4615,2,3,0,0,V3,1,1,-100,1,21.535,0,0,0,0,2,200
EDCF-Shield,v3b,FALCON1024+HMAC-SHA512+AES256GCM+DKG4of7,COMPROMISED_CTRL,60,22.39,13,CUMULATIVE,26,17962,8462,238,152,0.985455,0.966762,0.98926,0.986923,0.991609,98.24,100,0,0.662699,0,1,3,0,0,76,1448,0.920993,1,0.4615,2,3,0,0,V3,1,1,-100,1,21.535,0,0,0,0,1,200
EDCF-Shield,v3b,FALCON1024+HMAC-SHA512+AES256GCM+DKG4of7,COMPROMISED_CTRL,60,22.39,14,CYCLE,28,1380,800,20,14,0.984643,0.929461,0.987831,0.985714,0.989957,98.28,100,0,0.662707,0,1,3,0,0,76,1448,0.924513,1,0.4643,2,3,0,0,V3,1,1,-100,1,23.57,0,0,0,0,2,200
EDCF-Shield,v3b,FALCON1024+HMAC-SHA512+AES256GCM+DKG4of7,COMPROMISED_CTRL,60,22.39,14,CUMULATIVE,28,19342,9262,258,166,0.985393,0.966807,0.989158,0.986837,0.991491,98.24,100,0,0.662707,0,1,3,0,0,76,1448,0.924513,1,0.4643,2,3,0,0,V3,1,1,-100,1,23.57,0,0,0,0,1,200
EDCF-Shield,v3b,FALCON1024+HMAC-SHA512+AES256GCM+DKG4of7,COMPROMISED_CTRL,60,22.39,15,CYCLE,30,1380,800,20,12,0.985533,0.932094,0.988539,0.985714,0.991379,98.52,100,0,0.662759,0,1,3,0,0,76,1448,0.927534,1,0.4667,2,3,0,0,V3,1,1,-100,1,25.6,0,0,0,0,2,200
EDCF-Shield,v3b,FALCON1024+HMAC-SHA512+AES256GCM+DKG4of7,COMPROMISED_CTRL,60,22.39,15,CUMULATIVE,30,20722,10062,278,178,0.985403,0.966985,0.989117,0.986762,0.991483,98.26,100,0,0.662759,0,1,3,0,0,76,1448,0.927534,1,0.4667,2,3,0,0,V3,1,1,-100,1,25.6,0,0,0,0,1,200
EDCF-Shield,v3b,FALCON1024+HMAC-SHA512+AES256GCM+DKG4of7,COMPROMISED_CTRL,60,22.39,16,CYCLE,32,1380,800,20,14,0.984643,0.934278,0.987831,0.985714,0.989957,98.28,100,0,0.662762,0,1,3,0,0,76,1448,0.930164,1,0.4688,2,3,0,0,V3,1,1,-100,1,27.635,0,0,0,0,2,200
EDCF-Shield,v3b,FALCON1024+HMAC-SHA512+AES256GCM+DKG4of7,COMPROMISED_CTRL,60,22.39,16,CUMULATIVE,32,22102,10862,298,192,0.985353,0.967003,0.989037,0.986696,0.991388,98.26,100,0,0.662762,0,1,3,0,0,76,1448,0.930164,1,0.4688,2,3,0,0,V3,1,1,-100,1,27.635,0,0,0,0,1,200
EDCF-Shield,v3b,FALCON1024+HMAC-SHA512+AES256GCM+DKG4of7,COMPROMISED_CTRL,60,22.39,17,CYCLE,34,1380,800,20,14,0.984643,0.936206,0.987831,0.985714,0.989957,98.28,100,0,0.662764,0,1,3,0,0,76,1448,0.932467,1,0.4706,2,3,0,0,V3,1,1,-100,1,29.67,0,0,0,0,2,200
EDCF-Shield,v3b,FALCON1024+HMAC-SHA512+AES256GCM+DKG4of7,COMPROMISED_CTRL,60,22.39,17,CUMULATIVE,34,23482,11662,318,206,0.985309,0.967018,0.988966,0.986639,0.991304,98.26,100,0,0.662764,0,1,3,0,0,76,1448,0.932467,1,0.4706,2,3,0,0,V3,1,1,-100,1,29.67,0,0,0,0,1,200
EDCF-Shield,v3b,FALCON1024+HMAC-SHA512+AES256GCM+DKG4of7,COMPROMISED_CTRL,60,22.39,18,CYCLE,36,1380,800,20,12,0.985533,0.938025,0.988539,0.985714,0.991379,98.52,100,0,0.662802,0,1,3,0,0,76,1448,0.934499,1,0.4722,2,3,0,0,V3,1,1,-100,1,31.7,0,0,0,0,2,200
EDCF-Shield,v3b,FALCON1024+HMAC-SHA512+AES256GCM+DKG4of7,COMPROMISED_CTRL,60,22.39,18,CUMULATIVE,36,24862,12462,338,218,0.985322,0.967146,0.988942,0.986587,0.991308,98.28,100,0,0.662802,0,1,3,0,0,76,1448,0.934499,1,0.4722,2,3,0,0,V3,1,1,-100,1,31.7,0,0,0,0,1,200
EDCF-Shield,v3b,FALCON1024+HMAC-SHA512+AES256GCM+DKG4of7,COMPROMISED_CTRL,60,22.39,19,CYCLE,38,1380,800,20,14,0.984643,0.939552,0.987831,0.985714,0.989957,98.28,100,0,0.662802,0,1,3,0,0,76,1448,0.936313,1,0.4737,2,3,0,0,V3,1,1,-100,1,33.735,0,0,0,0,2,200
EDCF-Shield,v3b,FALCON1024+HMAC-SHA512+AES256GCM+DKG4of7,COMPROMISED_CTRL,60,22.39,19,CUMULATIVE,38,26242,13262,358,232,0.985285,0.967148,0.988883,0.986541,0.991237,98.28,100,0,0.662802,0,1,3,0,0,76,1448,0.936313,1,0.4737,2,3,0,0,V3,1,1,-100,1,33.735,0,0,0,0,1,200
EDCF-Shield,v3b,FALCON1024+HMAC-SHA512+AES256GCM+DKG4of7,COMPROMISED_CTRL,60,22.39,20,CYCLE,40,1380,800,20,14,0.984643,0.940927,0.987831,0.985714,0.989957,98.28,100,0,0.662802,0,1,3,0,0,76,1448,0.937936,1,0.475,2,3,0,0,V3,1,1,-100,1,35.77,0,0,0,0,2,200
EDCF-Shield,v3b,FALCON1024+HMAC-SHA512+AES256GCM+DKG4of7,COMPROMISED_CTRL,60,22.39,20,CUMULATIVE,40,27622,14062,378,246,0.985251,0.967149,0.988831,0.9865,0.991173,98.28,100,0,0.662802,0,1,3,0,0,76,1448,0.937936,1,0.475,2,3,0,0,V3,1,1,-100,1,35.77,0,0,0,0,1,200
EDCF-Shield,v3b,FALCON1024+HMAC-SHA512+AES256GCM+DKG4of7,COMPROMISED_CTRL,60,22.39,21,CYCLE,42,1380,800,20,12,0.985533,0.942262,0.988539,0.985714,0.991379,98.52,100,0,0.662831,0,1,3,0,0,76,1448,0.939396,1,0.4762,2,3,0,0,V3,1,1,-100,1,37.8,0,0,0,0,2,200
EDCF-Shield,v3b,FALCON1024+HMAC-SHA512+AES256GCM+DKG4of7,COMPROMISED_CTRL,60,22.39,21,CUMULATIVE,42,29002,14862,398,258,0.985265,0.967248,0.988817,0.986463,0.991183,98.29,100,0,0.662831,0,1,3,0,0,76,1448,0.939396,1,0.4762,2,3,0,0,V3,1,1,-100,1,37.8,0,0,0,0,1,200
EDCF-Shield,v3b,FALCON1024+HMAC-SHA512+AES256GCM+DKG4of7,COMPROMISED_CTRL,60,22.39,22,CYCLE,44,1380,800,20,14,0.984643,0.943388,0.987831,0.985714,0.989957,98.28,100,0,0.66283,0,1,3,0,0,76,1448,0.940723,1,0.4773,2,3,0,0,V3,1,1,-100,1,39.835,0,0,0,0,2,200
EDCF-Shield,v3b,FALCON1024+HMAC-SHA512+AES256GCM+DKG4of7,COMPROMISED_CTRL,60,22.39,22,CUMULATIVE,44,30382,15662,418,272,0.985236,0.967243,0.988772,0.986429,0.991127,98.29,100,0,0.66283,0,1,3,0,0,76,1448,0.940723,1,0.4773,2,3,0,0,V3,1,1,-100,1,39.835,0,0,0,0,1,200
EDCF-Shield,v3b,FALCON1024+HMAC-SHA512+AES256GCM+DKG4of7,COMPROMISED_CTRL,60,22.39,23,CYCLE,46,1380,800,20,14,0.984643,0.944416,0.987831,0.985714,0.989957,98.28,100,0,0.662828,0,1,3,0,0,76,1448,0.941928,1,0.4783,2,3,0,0,V3,1,1,-100,1,41.87,0,0,0,0,2,200
EDCF-Shield,v3b,FALCON1024+HMAC-SHA512+AES256GCM+DKG4of7,COMPROMISED_CTRL,60,22.39,23,CUMULATIVE,46,31762,16462,438,286,0.985209,0.967238,0.988731,0.986398,0.991076,98.29,100,0,0.662828,0,1,3,0,0,76,1448,0.941928,1,0.4783,2,3,0,0,V3,1,1,-100,1,41.87,0,0,0,0,1,200
EDCF-Shield,v3b,FALCON1024+HMAC-SHA512+AES256GCM+DKG4of7,COMPROMISED_CTRL,60,22.39,24,CYCLE,48,1380,800,20,12,0.985533,0.945439,0.988539,0.985714,0.991379,98.52,100,0,0.662852,0,1,3,0,0,76,1448,0.943029,1,0.4792,2,3,0,0,V3,1,1,-100,1,43.9,0,0,0,0,2,200
EDCF-Shield,v3b,FALCON1024+HMAC-SHA512+AES256GCM+DKG4of7,COMPROMISED_CTRL,60,22.39,24,CUMULATIVE,48,33142,17262,458,298,0.985223,0.967318,0.988723,0.986369,0.991089,98.3,100,0,0.662852,0,1,3,0,0,76,1448,0.943029,1,0.4792,2,3,0,0,V3,1,1,-100,1,43.9,0,0,0,0,1,200
EDCF-Shield,v3b,FALCON1024+HMAC-SHA512+AES256GCM+DKG4of7,COMPROMISED_CTRL,60,22.39,25,CYCLE,50,1380,800,20,14,0.984643,0.946303,0.987831,0.985714,0.989957,98.28,100,0,0.66285,0,1,3,0,0,76,1448,0.944041,1,0.48,2,3,0,0,V3,1,1,-100,1,45.935,0,0,0,0,2,200
EDCF-Shield,v3b,FALCON1024+HMAC-SHA512+AES256GCM+DKG4of7,COMPROMISED_CTRL,60,22.39,25,CUMULATIVE,50,34522,18062,478,312,0.985199,0.96731,0.988687,0.986343,0.991043,98.3,100,0,0.66285,0,1,3,0,0,76,1448,0.944041,1,0.48,2,3,0,0,V3,1,1,-100,1,45.935,0,0,0,0,1,200
EDCF-Shield,v3b,FALCON1024+HMAC-SHA512+AES256GCM+DKG4of7,COMPROMISED_CTRL,60,22.39,26,CYCLE,52,1380,800,20,14,0.984643,0.947101,0.987831,0.985714,0.989957,98.28,100,0,0.662848,0,1,3,0,0,76,1448,0.944971,1,0.4808,2,3,0,0,V3,1,1,-100,1,47.97,0,0,0,0,2,200
EDCF-Shield,v3b,FALCON1024+HMAC-SHA512+AES256GCM+DKG4of7,COMPROMISED_CTRL,60,22.39,26,CUMULATIVE,52,35902,18862,498,326,0.985177,0.967301,0.988655,0.986319,0.991001,98.3,100,0,0.662848,0,1,3,0,0,76,1448,0.944971,1,0.4808,2,3,0,0,V3,1,1,-100,1,47.97,0,0,0,0,1,200
EDCF-Shield,v3b,FALCON1024+HMAC-SHA512+AES256GCM+DKG4of7,COMPROMISED_CTRL,60,22.39,27,CYCLE,54,1380,800,20,12,0.985533,0.94791,0.988539,0.985714,0.991379,98.52,100,0,0.662868,0,1,3,0,0,76,1448,0.94583,1,0.4815,2,3,0,0,V3,1,1,-100,1,50,0,0,0,0,2,200
EDCF-Shield,v3b,FALCON1024+HMAC-SHA512+AES256GCM+DKG4of7,COMPROMISED_CTRL,60,22.39,27,CUMULATIVE,54,37282,19662,518,338,0.98519,0.967369,0.98865,0.986296,0.991015,98.31,100,0,0.662868,0,1,3,0,0,76,1448,0.94583,1,0.4815,2,3,0,0,V3,1,1,-100,1,50,0,0,0,0,1,200
EDCF-Shield,v3b,FALCON1024+HMAC-SHA512+AES256GCM+DKG4of7,COMPROMISED_CTRL,60,22.39,28,CYCLE,56,1380,800,20,14,0.984643,0.948593,0.987831,0.985714,0.989957,98.28,100,0,0.662866,0,1,3,0,0,76,1448,0.946628,1,0.4821,2,3,0,0,V3,1,1,-100,1,52.035,0,0,0,0,2,200
EDCF-Shield,v3b,FALCON1024+HMAC-SHA512+AES256GCM+DKG4of7,COMPROMISED_CTRL,60,22.39,28,CUMULATIVE,56,38662,20462,538,352,0.98517,0.967359,0.988621,0.986276,0.990978,98.31,100,0,0.662866,0,1,3,0,0,76,1448,0.946628,1,0.4821,2,3,0,0,V3,1,1,-100,1,52.035,0,0,0,0,1,200
EDCF-Shield,v3b,FALCON1024+HMAC-SHA512+AES256GCM+DKG4of7,COMPROMISED_CTRL,60,22.39,29,CYCLE,58,1380,800,20,14,0.984643,0.949229,0.987831,0.985714,0.989957,98.28,100,0,0.662863,0,1,3,0,0,76,1448,0.947368,1,0.4828,2,3,0,0,V3,1,1,-100,1,54.07,0,0,0,0,2,200
EDCF-Shield,v3b,FALCON1024+HMAC-SHA512+AES256GCM+DKG4of7,COMPROMISED_CTRL,60,22.39,29,CUMULATIVE,58,40042,21262,558,366,0.985151,0.96735,0.988594,0.986256,0.990942,98.31,100,0,0.662863,0,1,3,0,0,76,1448,0.947368,1,0.4828,2,3,0,0,V3,1,1,-100,1,54.07,0,0,0,0,1,200
EDCF-Shield,v3b,FALCON1024+HMAC-SHA512+AES256GCM+DKG4of7,COMPROMISED_CTRL,60,22.39,30,CYCLE,60,1380,800,20,12,0.985533,0.949887,0.988539,0.985714,0.991379,98.52,100,0,0.662881,0,1,3,0,0,76,1448,0.948057,1,0.4833,2,3,0,0,V3,1,1,-100,1,56.1,0,0,0,0,2,200
EDCF-Shield,v3b,FALCON1024+HMAC-SHA512+AES256GCM+DKG4of7,COMPROMISED_CTRL,60,22.39,30,CUMULATIVE,60,41422,22062,578,378,0.985164,0.967408,0.988592,0.986238,0.990957,98.32,100,0,0.662881,0,1,3,0,0,76,1448,0.948057,1,0.4833,2,3,0,0,V3,1,1,-100,1,56.1,0,0,0,0,1,200
EDCF-Shield,v3b,FALCON1024+HMAC-SHA512+AES256GCM+DKG4of7,COMPROMISED_CTRL,60,22.39,31,CYCLE,62,1380,800,20,14,0.984643,0.950441,0.987831,0.985714,0.989957,98.28,100,0,0.662878,0,1,3,0,0,76,1448,0.948702,1,0.4839,2,3,0,0,V3,1,1,-100,1,58.135,0,0,0,0,2,200
EDCF-Shield,v3b,FALCON1024+HMAC-SHA512+AES256GCM+DKG4of7,COMPROMISED_CTRL,60,22.39,31,CUMULATIVE,62,42802,22862,598,392,0.985147,0.967397,0.988567,0.986221,0.990925,98.31,100,0,0.662878,0,1,3,0,0,76,1448,0.948702,1,0.4839,2,3,0,0,V3,1,1,-100,1,58.135,0,0,0,0,1,200
EDCF-Shield,v3b,FALCON1024+HMAC-SHA512+AES256GCM+DKG4of7,COMPROMISED_CTRL,60,22.39,32,CYCLE,64,1380,800,20,14,0.984643,0.950959,0.987831,0.985714,0.989957,98.28,100,0,0.662875,0,1,3,0,0,76,1448,0.949305,1,0.4844,2,3,0,0,V3,1,1,-100,1,60.17,0,0,0,0,2,200
EDCF-Shield,v3b,FALCON1024+HMAC-SHA512+AES256GCM+DKG4of7,COMPROMISED_CTRL,60,22.39,32,CUMULATIVE,64,44182,23662,618,406,0.985131,0.967387,0.988544,0.986205,0.990894,98.31,100,0,0.662875,0,1,3,0,0,76,1448,0.949305,1,0.4844,2,3,0,0,V3,1,1,-100,1,60.17,0,0,0,0,1,200
EDCF-Shield,v3b,FALCON1024+HMAC-SHA512+AES256GCM+DKG4of7,COMPROMISED_CTRL,60,22.39,33,CYCLE,66,1380,800,20,12,0.985533,0.951505,0.988539,0.985714,0.991379,98.52,100,0,0.662891,0,1,3,0,0,76,1448,0.94987,1,0.4848,2,3,0,0,V3,1,1,-100,1,62.2,0,0,0,0,2,200
EDCF-Shield,v3b,FALCON1024+HMAC-SHA512+AES256GCM+DKG4of7,COMPROMISED_CTRL,60,22.39,33,CUMULATIVE,66,45562,24462,638,418,0.985144,0.967438,0.988544,0.98619,0.990909,98.32,100,0,0.662891,0,1,3,0,0,76,1448,0.94987,1,0.4848,2,3,0,0,V3,1,1,-100,1,62.2,0,0,0,0,1,200
EDCF-Shield,v3b,FALCON1024+HMAC-SHA512+AES256GCM+DKG4of7,COMPROMISED_CTRL,60,22.39,34,CYCLE,68,1380,800,20,14,0.984643,0.951962,0.987831,0.985714,0.989957,98.28,100,0,0.662888,0,1,3,0,0,76,1448,0.950403,1,0.4853,2,3,0,0,V3,1,1,-100,1,64.235,0,0,0,0,2,200
EDCF-Shield,v3b,FALCON1024+HMAC-SHA512+AES256GCM+DKG4of7,COMPROMISED_CTRL,60,22.39,34,CUMULATIVE,68,46942,25262,658,432,0.985128,0.967427,0.988523,0.986176,0.990881,98.32,100,0,0.662888,0,1,3,0,0,76,1448,0.950403,1,0.4853,2,3,0,0,V3,1,1,-100,1,64.235,0,0,0,0,1,200
EDCF-Shield,v3b,FALCON1024+HMAC-SHA512+AES256GCM+DKG4of7,COMPROMISED_CTRL,60,22.39,35,CYCLE,70,1380,800,20,14,0.984643,0.952392,0.987831,0.985714,0.989957,98.28,100,0,0.662885,0,1,3,0,0,76,1448,0.950904,1,0.4857,2,3,0,0,V3,1,1,-100,1,66.27,0,0,0,0,2,200
EDCF-Shield,v3b,FALCON1024+HMAC-SHA512+AES256GCM+DKG4of7,COMPROMISED_CTRL,60,22.39,35,CUMULATIVE,70,48322,26062,678,446,0.985114,0.967417,0.988503,0.986163,0.990855,98.32,100,0,0.662885,0,1,3,0,0,76,1448,0.950904,1,0.4857,2,3,0,0,V3,1,1,-100,1,66.27,0,0,0,0,1,200
EDCF-Shield,v3b,FALCON1024+HMAC-SHA512+AES256GCM+DKG4of7,COMPROMISED_CTRL,60,22.39,36,CYCLE,72,1380,800,20,12,0.985533,0.952853,0.988539,0.985714,0.991379,98.52,100,0,0.662899,0,1,3,0,0,76,1448,0.951375,1,0.4861,2,3,0,0,V3,1,1,-100,1,68.3,0,0,0,0,2,200
EDCF-Shield,v3b,FALCON1024+HMAC-SHA512+AES256GCM+DKG4of7,COMPROMISED_CTRL,60,22.39,36,CUMULATIVE,72,49702,26862,698,458,0.985126,0.967463,0.988504,0.986151,0.990869,98.32,100,0,0.662899,0,1,3,0,0,76,1448,0.951375,1,0.4861,2,3,0,0,V3,1,1,-100,1,68.3,0,0,0,0,1,200
EDCF-Shield,v3b,FALCON1024+HMAC-SHA512+AES256GCM+DKG4of7,COMPROMISED_CTRL,60,22.39,37,CYCLE,74,1380,800,20,14,0.984643,0.953236,0.987831,0.985714,0.989957,98.28,100,0,0.662896,0,1,3,0,0,76,1448,0.951822,1,0.4865,2,3,0,0,V3,1,1,-100,1,70.335,0,0,0,0,2,200
EDCF-Shield,v3b,FALCON1024+HMAC-SHA512+AES256GCM+DKG4of7,COMPROMISED_CTRL,60,22.39,37,CUMULATIVE,74,51082,27662,718,472,0.985113,0.967452,0.988486,0.986139,0.990845,98.32,100,0,0.662896,0,1,3,0,0,76,1448,0.951822,1,0.4865,2,3,0,0,V3,1,1,-100,1,70.335,0,0,0,0,1,200
EDCF-Shield,v3b,FALCON1024+HMAC-SHA512+AES256GCM+DKG4of7,COMPROMISED_CTRL,60,22.39,38,CYCLE,76,1380,800,20,14,0.984643,0.953599,0.987831,0.985714,0.989957,98.28,100,0,0.662894,0,1,3,0,0,76,1448,0.952245,1,0.4868,2,3,0,0,V3,1,1,-100,1,72.37,0,0,0,0,2,200
EDCF-Shield,v3b,FALCON1024+HMAC-SHA512+AES256GCM+DKG4of7,COMPROMISED_CTRL,60,22.39,38,CUMULATIVE,76,52462,28462,738,486,0.9851,0.967441,0.988469,0.986128,0.990821,98.32,100,0,0.662894,0,1,3,0,0,76,1448,0.952245,1,0.4868,2,3,0,0,V3,1,1,-100,1,72.37,0,0,0,0,1,200
EDCF-Shield,v3b,FALCON1024+HMAC-SHA512+AES256GCM+DKG4of7,COMPROMISED_CTRL,60,22.39,39,CYCLE,78,1380,800,20,12,0.985533,0.953993,0.988539,0.985714,0.991379,98.52,100,0,0.662906,0,1,3,0,0,76,1448,0.952645,1,0.4872,2,3,0,0,V3,1,1,-100,1,74.4,0,0,0,0,2,200
EDCF-Shield,v3b,FALCON1024+HMAC-SHA512+AES256GCM+DKG4of7,COMPROMISED_CTRL,60,22.39,39,CUMULATIVE,78,53842,29262,758,498,0.985111,0.967483,0.988471,0.986117,0.990835,98.33,100,0,0.662906,0,1,3,0,0,76,1448,0.952645,1,0.4872,2,3,0,0,V3,1,1,-100,1,74.4,0,0,0,0,1,200
EDCF-Shield,v3b,FALCON1024+HMAC-SHA512+AES256GCM+DKG4of7,COMPROMISED_CTRL,60,22.39,40,CYCLE,80,1380,800,20,14,0.984643,0.954319,0.987831,0.985714,0.989957,98.28,100,0,0.662903,0,1,3,0,0,76,1448,0.953025,1,0.4875,2,3,0,0,V3,1,1,-100,1,76.435,0,0,0,0,2,200
EDCF-Shield,v3b,FALCON1024+HMAC-SHA512+AES256GCM+DKG4of7,COMPROMISED_CTRL,60,22.39,40,CUMULATIVE,80,55222,30062,778,512,0.985099,0.967472,0.988455,0.986107,0.990814,98.33,100,0,0.662903,0,1,3,0,0,76,1448,0.953025,1,0.4875,2,3,0,0,V3,1,1,-100,1,76.435,0,0,0,0,1,200
EDCF-Shield,v3b,FALCON1024+HMAC-SHA512+AES256GCM+DKG4of7,COMPROMISED_CTRL,60,22.39,41,CYCLE,82,1380,800,20,14,0.984643,0.95463,0.987831,0.985714,0.989957,98.28,100,0,0.662901,0,1,3,0,0,76,1448,0.953386,1,0.4878,2,3,0,0,V3,1,1,-100,1,78.47,0,0,0,0,2,200
EDCF-Shield,v3b,FALCON1024+HMAC-SHA512+AES256GCM+DKG4of7,COMPROMISED_CTRL,60,22.39,41,CUMULATIVE,82,56602,30862,798,526,0.985088,0.967462,0.98844,0.986098,0.990793,98.32,100,0,0.662901,0,1,3,0,0,76,1448,0.953386,1,0.4878,2,3,0,0,V3,1,1,-100,1,78.47,0,0,0,0,1,200
EDCF-Shield,v3b,FALCON1024+HMAC-SHA512+AES256GCM+DKG4of7,COMPROMISED_CTRL,60,22.39,42,CYCLE,84,1380,800,20,12,0.985533,0.954971,0.988539,0.985714,0.991379,98.52,100,0,0.662912,0,1,3,0,0,76,1448,0.95373,1,0.4881,2,3,0,0,V3,1,1,-100,1,80.5,0,0,0,0,2,200
EDCF-Shield,v3b,FALCON1024+HMAC-SHA512+AES256GCM+DKG4of7,COMPROMISED_CTRL,60,22.39,42,CUMULATIVE,84,57982,31662,818,538,0.985099,0.967499,0.988442,0.986088,0.990807,98.33,100,0,0.662912,0,1,3,0,0,76,1448,0.95373,1,0.4881,2,3,0,0,V3,1,1,-100,1,80.5,0,0,0,0,1,200
EDCF-Shield,v3b,FALCON1024+HMAC-SHA512+AES256GCM+DKG4of7,COMPROMISED_CTRL,60,22.39,43,CYCLE,86,1380,800,20,14,0.984643,0.955252,0.987831,0.985714,0.989957,98.28,100,0,0.662909,0,1,3,0,0,76,1448,0.954057,1,0.4884,2,3,0,0,V3,1,1,-100,1,82.535,0,0,0,0,2,200
EDCF-Shield,v3b,FALCON1024+HMAC-SHA512+AES256GCM+DKG4of7,COMPROMISED_CTRL,60,22.39,43,CUMULATIVE,86,59362,32462,838,552,0.985088,0.967489,0.988428,0.98608,0.990787,98.33,100,0,0.662909,0,1,3,0,0,76,1448,0.954057,1,0.4884,2,3,0,0,V3,1,1,-100,1,82.535,0,0,0,0,1,200
EDCF-Shield,v3b,FALCON1024+HMAC-SHA512+AES256GCM+DKG4of7,COMPROMISED_CTRL,60,22.39,44,CYCLE,88,1380,800,20,14,0.984643,0.955519,0.987831,0.985714,0.989957,98.28,100,0,0.662907,0,1,3,0,0,76,1448,0.95437,1,0.4886,2,3,0,0,V3,1,1,-100,1,84.57,0,0,0,0,2,200
EDCF-Shield,v3b,FALCON1024+HMAC-SHA512+AES256GCM+DKG4of7,COMPROMISED_CTRL,60,22.39,44,CUMULATIVE,88,60742,33262,858,566,0.985078,0.967479,0.988414,0.986071,0.990768,98.33,100,0,0.662907,0,1,3,0,0,76,1448,0.95437,1,0.4886,2,3,0,0,V3,1,1,-100,1,84.57,0,0,0,0,1,200
EDCF-Shield,v3b,FALCON1024+HMAC-SHA512+AES256GCM+DKG4of7,COMPROMISED_CTRL,60,22.39,45,CYCLE,90,1380,800,20,12,0.985533,0.955818,0.988539,0.985714,0.991379,98.52,100,0,0.662917,0,1,3,0,0,76,1448,0.954668,1,0.4889,2,3,0,0,V3,1,1,-100,1,86.6,0,0,0,0,2,200
EDCF-Shield,v3b,FALCON1024+HMAC-SHA512+AES256GCM+DKG4of7,COMPROMISED_CTRL,60,22.39,45,CUMULATIVE,90,62122,34062,878,578,0.985088,0.967513,0.988417,0.986063,0.990781,98.33,100,0,0.662917,0,1,3,0,0,76,1448,0.954668,1,0.4889,2,3,0,0,V3,1,1,-100,1,86.6,0,0,0,0,1,200
EDCF-Shield,v3b,FALCON1024+HMAC-SHA512+AES256GCM+DKG4of7,COMPROMISED_CTRL,60,22.39,46,CYCLE,92,1380,800,20,14,0.984643,0.956062,0.987831,0.985714,0.989957,98.28,100,0,0.662914,0,1,3,0,0,76,1448,0.954953,1,0.4891,2,3,0,0,V3,1,1,-100,1,88.635,0,0,0,0,2,200
EDCF-Shield,v3b,FALCON1024+HMAC-SHA512+AES256GCM+DKG4of7,COMPROMISED_CTRL,60,22.39,46,CUMULATIVE,92,63502,34862,898,592,0.985078,0.967503,0.988404,0.986056,0.990764,98.33,100,0,0.662914,0,1,3,0,0,76,1448,0.954953,1,0.4891,2,3,0,0,V3,1,1,-100,1,88.635,0,0,0,0,1,200
EDCF-Shield,v3b,FALCON1024+HMAC-SHA512+AES256GCM+DKG4of7,COMPROMISED_CTRL,60,22.39,47,CYCLE,94,1380,800,20,14,0.984643,0.956296,0.987831,0.985714,0.989957,98.28,100,0,0.662912,0,1,3,0,0,76,1448,0.955226,1,0.4894,2,3,0,0,V3,1,1,-100,1,90.67,0,0,0,0,2,200
EDCF-Shield,v3b,FALCON1024+HMAC-SHA512+AES256GCM+DKG4of7,COMPROMISED_CTRL,60,22.39,47,CUMULATIVE,94,64882,35662,918,606,0.985069,0.967493,0.988392,0.986049,0.990746,98.33,100,0,0.662912,0,1,3,0,0,76,1448,0.955226,1,0.4894,2,3,0,0,V3,1,1,-100,1,90.67,0,0,0,0,1,200
EDCF-Shield,v3b,FALCON1024+HMAC-SHA512+AES256GCM+DKG4of7,COMPROMISED_CTRL,60,22.39,48,CYCLE,96,1380,800,20,12,0.985533,0.95656,0.988539,0.985714,0.991379,98.52,100,0,0.662921,0,1,3,0,0,76,1448,0.955487,1,0.4896,2,3,0,0,V3,1,1,-100,1,92.7,0,0,0,0,2,200
EDCF-Shield,v3b,FALCON1024+HMAC-SHA512+AES256GCM+DKG4of7,COMPROMISED_CTRL,60,22.39,48,CUMULATIVE,96,66262,36462,938,618,0.985079,0.967525,0.988395,0.986042,0.99076,98.33,100,0,0.662921,0,1,3,0,0,76,1448,0.955487,1,0.4896,2,3,0,0,V3,1,1,-100,1,92.7,0,0,0,0,1,200
EDCF-Shield,v3b,FALCON1024+HMAC-SHA512+AES256GCM+DKG4of7,COMPROMISED_CTRL,60,22.39,49,CYCLE,98,1380,800,20,14,0.984643,0.956773,0.987831,0.985714,0.989957,98.28,100,0,0.662919,0,1,3,0,0,76,1448,0.955738,1,0.4898,2,3,0,0,V3,1,1,-100,1,94.735,0,0,0,0,2,200
EDCF-Shield,v3b,FALCON1024+HMAC-SHA512+AES256GCM+DKG4of7,COMPROMISED_CTRL,60,22.39,49,CUMULATIVE,98,67642,37262,958,632,0.98507,0.967516,0.988383,0.986035,0.990743,98.33,100,0,0.662919,0,1,3,0,0,76,1448,0.955738,1,0.4898,2,3,0,0,V3,1,1,-100,1,94.735,0,0,0,0,1,200
EDCF-Shield,v3b,FALCON1024+HMAC-SHA512+AES256GCM+DKG4of7,COMPROMISED_CTRL,60,22.39,50,CYCLE,100,1380,800,20,14,0.984643,0.956979,0.987831,0.985714,0.989957,98.28,100,0,0.662916,0,1,3,0,0,76,1448,0.955978,1,0.49,2,3,0,0,V3,1,1,-100,1,96.77,0,0,0,0,2,200
EDCF-Shield,v3b,FALCON1024+HMAC-SHA512+AES256GCM+DKG4of7,COMPROMISED_CTRL,60,22.39,50,CUMULATIVE,100,69022,38062,978,646,0.985061,0.967506,0.988372,0.986029,0.990727,98.33,100,0,0.662916,0,1,3,0,0,76,1448,0.955978,1,0.49,2,3,0,0,V3,1,1,-100,1,96.77,0,0,0,0,1,200
EDCF-Shield,v3b,FALCON1024+HMAC-SHA512+AES256GCM+DKG4of7,COMPROMISED_CTRL,60,22.39,51,CYCLE,102,1380,800,20,12,0.985533,0.957214,0.988539,0.985714,0.991379,98.52,100,0,0.662925,0,1,3,0,0,76,1448,0.956209,1,0.4902,2,3,0,0,V3,1,1,-100,1,98.8,0,0,0,0,2,200
EDCF-Shield,v3b,FALCON1024+HMAC-SHA512+AES256GCM+DKG4of7,COMPROMISED_CTRL,60,22.39,51,CUMULATIVE,102,70402,38862,998,658,0.98507,0.967536,0.988376,0.986022,0.99074,98.34,100,0,0.662925,0,1,3,0,0,76,1448,0.956209,1,0.4902,2,3,0,0,V3,1,1,-100,1,98.8,0,0,0,0,1,200
EDCF-Shield,v3b,FALCON1024+HMAC-SHA512+AES256GCM+DKG4of7,COMPROMISED_CTRL,60,22.39,52,CYCLE,104,1380,800,20,14,0.984643,0.957403,0.987831,0.985714,0.989957,98.28,100,0,0.662923,0,1,3,0,0,76,1448,0.956431,1,0.4904,2,3,0,0,V3,1,1,-100,1,100.835,0,0,0,0,2,200
EDCF-Shield,v3b,FALCON1024+HMAC-SHA512+AES256GCM+DKG4of7,COMPROMISED_CTRL,60,22.39,52,CUMULATIVE,104,71782,39662,1018,672,0.985062,0.967526,0.988365,0.986016,0.990725,98.33,100,0,0.662923,0,1,3,0,0,76,1448,0.956431,1,0.4904,2,3,0,0,V3,1,1,-100,1,100.835,0,0,0,0,1,200
EDCF-Shield,v3b,FALCON1024+HMAC-SHA512+AES256GCM+DKG4of7,COMPROMISED_CTRL,60,22.39,53,CYCLE,106,1380,800,20,14,0.984643,0.957584,0.987831,0.985714,0.989957,98.28,100,0,0.66292,0,1,3,0,0,76,1448,0.956644,1,0.4906,2,3,0,0,V3,1,1,-100,1,102.87,0,0,0,0,2,200
EDCF-Shield,v3b,FALCON1024+HMAC-SHA512+AES256GCM+DKG4of7,COMPROMISED_CTRL,60,22.39,53,CUMULATIVE,106,73162,40462,1038,686,0.985054,0.967517,0.988355,0.986011,0.990711,98.33,100,0,0.66292,0,1,3,0,0,76,1448,0.956644,1,0.4906,2,3,0,0,V3,1,1,-100,1,102.87,0,0,0,0,1,200
EDCF-Shield,v3b,FALCON1024+HMAC-SHA512+AES256GCM+DKG4of7,COMPROMISED_CTRL,60,22.39,54,CYCLE,108,1380,800,20,12,0.985533,0.957795,0.988539,0.985714,0.991379,98.52,100,0,0.662929,0,1,3,0,0,76,1448,0.956849,1,0.4907,2,3,0,0,V3,1,1,-100,1,104.9,0,0,0,0,2,200
EDCF-Shield,v3b,FALCON1024+HMAC-SHA512+AES256GCM+DKG4of7,COMPROMISED_CTRL,60,22.39,54,CUMULATIVE,108,74542,41262,1058,698,0.985063,0.967545,0.988359,0.986005,0.990723,98.34,100,0,0.662929,0,1,3,0,0,76,1448,0.956849,1,0.4907,2,3,0,0,V3,1,1,-100,1,104.9,0,0,0,0,1,200
EDCF-Shield,v3b,FALCON1024+HMAC-SHA512+AES256GCM+DKG4of7,COMPROMISED_CTRL,60,22.39,55,CYCLE,110,1380,800,20,14,0.984643,0.957963,0.987831,0.985714,0.989957,98.28,100,0,0.662926,0,1,3,0,0,76,1448,0.957047,1,0.4909,2,3,0,0,V3,1,1,-100,1,106.935,0,0,0,0,2,200
EDCF-Shield,v3b,FALCON1024+HMAC-SHA512+AES256GCM+DKG4of7,COMPROMISED_CTRL,60,22.39,55,CUMULATIVE,110,75922,42062,1078,712,0.985055,0.967536,0.988349,0.986,0.990709,98.34,100,0,0.662926,0,1,3,0,0,76,1448,0.957047,1,0.4909,2,3,0,0,V3,1,1,-100,1,106.935,0,0,0,0,1,200
EDCF-Shield,v3b,FALCON1024+HMAC-SHA512+AES256GCM+DKG4of7,COMPROMISED_CTRL,60,22.39,56,CYCLE,112,1380,800,20,14,0.984643,0.958125,0.987831,0.985714,0.989957,98.28,100,0,0.662924,0,1,3,0,0,76,1448,0.957238,1,0.4911,2,3,0,0,V3,1,1,-100,1,108.97,0,0,0,0,2,200
EDCF-Shield,v3b,FALCON1024+HMAC-SHA512+AES256GCM+DKG4of7,COMPROMISED_CTRL,60,22.39,56,CUMULATIVE,112,77302,42862,1098,726,0.985048,0.967527,0.98834,0.985995,0.990696,98.33,100,0,0.662924,0,1,3,0,0,76,1448,0.957238,1,0.4911,2,3,0,0,V3,1,1,-100,1,108.97,0,0,0,0,1,200
EDCF-Shield,v3b,FALCON1024+HMAC-SHA512+AES256GCM+DKG4of7,COMPROMISED_CTRL,60,22.39,57,CYCLE,114,1380,800,20,12,0.985533,0.958315,0.988539,0.985714,0.991379,98.52,100,0,0.662932,0,1,3,0,0,76,1448,0.957422,1,0.4912,2,3,0,0,V3,1,1,-100,1,111,0,0,0,0,2,200
EDCF-Shield,v3b,FALCON1024+HMAC-SHA512+AES256GCM+DKG4of7,COMPROMISED_CTRL,60,22.39,57,CUMULATIVE,114,78682,43662,1118,738,0.985056,0.967553,0.988343,0.98599,0.990708,98.34,100,0,0.662932,0,1,3,0,0,76,1448,0.957422,1,0.4912,2,3,0,0,V3,1,1,-100,1,111,0,0,0,0,1,200
EDCF-Shield,v3b,FALCON1024+HMAC-SHA512+AES256GCM+DKG4of7,COMPROMISED_CTRL,60,22.39,58,CYCLE,116,1380,800,20,14,0.984643,0.958466,0.987831,0.985714,0.989957,98.28,100,0,0.662929,0,1,3,0,0,76,1448,0.9576,1,0.4914,2,3,0,0,V3,1,1,-100,1,113.035,0,0,0,0,2,200
EDCF-Shield,v3b,FALCON1024+HMAC-SHA512+AES256GCM+DKG4of7,COMPROMISED_CTRL,60,22.39,58,CUMULATIVE,116,80062,44462,1138,752,0.985049,0.967544,0.988334,0.985985,0.990695,98.34,100,0,0.662929,0,1,3,0,0,76,1448,0.9576,1,0.4914,2,3,0,0,V3,1,1,-100,1,113.035,0,0,0,0,1,200
EDCF-Shield,v3b,FALCON1024+HMAC-SHA512+AES256GCM+DKG4of7,COMPROMISED_CTRL,60,22.39,59,CYCLE,118,1380,800,20,14,0.984643,0.958611,0.987831,0.985714,0.989957,98.28,100,0,0.662927,0,1,3,0,0,76,1448,0.957771,1,0.4915,2,3,0,0,V3,1,1,-100,1,115.07,0,0,0,0,2,200
EDCF-Shield,v3b,FALCON1024+HMAC-SHA512+AES256GCM+DKG4of7,COMPROMISED_CTRL,60,22.39,59,CUMULATIVE,118,81442,45262,1158,766,0.985042,0.967536,0.988326,0.985981,0.990682,98.34,100,0,0.662927,0,1,3,0,0,76,1448,0.957771,1,0.4915,2,3,0,0,V3,1,1,-100,1,115.07,0,0,0,0,1,200
EDCF-Shield,v3b,FALCON1024+HMAC-SHA512+AES256GCM+DKG4of7,COMPROMISED_CTRL,60,22.39,60,CYCLE,120,1380,800,20,12,0.985533,0.958784,0.988539,0.985714,0.991379,98.52,100,0,0.662934,0,1,3,0,0,76,1448,0.957937,1,0.4917,2,3,0,0,V3,1,1,-100,1,117.1,0,0,0,0,2,200
EDCF-Shield,v3b,FALCON1024+HMAC-SHA512+AES256GCM+DKG4of7,COMPROMISED_CTRL,60,22.39,60,CUMULATIVE,120,82822,46062,1178,778,0.98505,0.96756,0.988329,0.985976,0.990694,98.34,100,0,0.662934,0,1,3,0,0,76,1448,0.957937,1,0.4917,2,3,0,0,V3,1,1,-100,1,117.1,0,0,0,0,1,200
EDCF-Shield,v3b,FALCON1024+HMAC-SHA512+AES256GCM+DKG4of7,COMPROMISED_CTRL,60,22.39,61,CYCLE,122,1380,800,20,14,0.984643,0.958919,0.987831,0.985714,0.989957,98.28,100,0,0.662932,0,1,3,0,0,76,1448,0.958097,1,0.4918,2,3,0,0,V3,1,1,-100,1,119.135,0,0,0,0,2,200
EDCF-Shield,v3b,FALCON1024+HMAC-SHA512+AES256GCM+DKG4of7,COMPROMISED_CTRL,60,22.39,61,CUMULATIVE,122,84202,46862,1198,792,0.985044,0.967552,0.988321,0.985972,0.990682,98.34,100,0,0.662932,0,1,3,0,0,76,1448,0.958097,1,0.4918,2,3,0,0,V3,1,1,-100,1,119.135,0,0,0,0,1,200
EDCF-Shield,v3b,FALCON1024+HMAC-SHA512+AES256GCM+DKG4of7,COMPROMISED_CTRL,60,22.39,62,CYCLE,124,1380,800,20,14,0.984643,0.95905,0.987831,0.985714,0.989957,98.28,100,0,0.66293,0,1,3,0,0,76,1448,0.958252,1,0.4919,2,3,0,0,V3,1,1,-100,1,121.17,0,0,0,0,2,200
EDCF-Shield,v3b,FALCON1024+HMAC-SHA512+AES256GCM+DKG4of7,COMPROMISED_CTRL,60,22.39,62,CUMULATIVE,124,85582,47662,1218,806,0.985037,0.967543,0.988313,0.985968,0.99067,98.34,100,0,0.66293,0,1,3,0,0,76,1448,0.958252,1,0.4919,2,3,0,0,V3,1,1,-100,1,121.17,0,0,0,0,1,200
EDCF-Shield,v3b,FALCON1024+HMAC-SHA512+AES256GCM+DKG4of7,COMPROMISED_CTRL,60,22.39,63,CYCLE,126,1380,800,20,12,0.985533,0.959207,0.988539,0.985714,0.991379,98.52,100,0,0.662937,0,1,3,0,0,76,1448,0.958402,1,0.4921,2,3,0,0,V3,1,1,-100,1,123.2,0,0,0,0,2,200
EDCF-Shield,v3b,FALCON1024+HMAC-SHA512+AES256GCM+DKG4of7,COMPROMISED_CTRL,60,22.39,63,CUMULATIVE,126,86962,48462,1238,818,0.985045,0.967567,0.988317,0.985964,0.990681,98.34,100,0,0.662937,0,1,3,0,0,76,1448,0.958402,1,0.4921,2,3,0,0,V3,1,1,-100,1,123.2,0,0,0,0,1,200
EDCF-Shield,v3b,FALCON1024+HMAC-SHA512+AES256GCM+DKG4of7,COMPROMISED_CTRL,60,22.39,64,CYCLE,128,1380,800,20,14,0.984643,0.95933,0.987831,0.985714,0.989957,98.28,100,0,0.662935,0,1,3,0,0,76,1448,0.958547,1,0.4922,2,3,0,0,V3,1,1,-100,1,125.235,0,0,0,0,2,200
EDCF-Shield,v3b,FALCON1024+HMAC-SHA512+AES256GCM+DKG4of7,COMPROMISED_CTRL,60,22.39,64,CUMULATIVE,128,88342,49262,1258,832,0.985039,0.967558,0.988309,0.98596,0.99067,98.34,100,0,0.662935,0,1,3,0,0,76,1448,0.958547,1,0.4922,2,3,0,0,V3,1,1,-100,1,125.235,0,0,0,0,1,200
EDCF-Shield,v3b,FALCON1024+HMAC-SHA512+AES256GCM+DKG4of7,COMPROMISED_CTRL,60,22.39,65,CYCLE,130,1380,800,20,14,0.984643,0.959448,0.987831,0.985714,0.989957,98.28,100,0,0.662932,0,1,3,0,0,76,1448,0.958688,1,0.4923,2,3,0,0,V3,1,1,-100,1,127.27,0,0,0,0,2,200
EDCF-Shield,v3b,FALCON1024+HMAC-SHA512+AES256GCM+DKG4of7,COMPROMISED_CTRL,60,22.39,65,CUMULATIVE,130,89722,50062,1278,846,0.985033,0.96755,0.988302,0.985956,0.990659,98.34,100,0,0.662932,0,1,3,0,0,76,1448,0.958688,1,0.4923,2,3,0,0,V3,1,1,-100,1,127.27,0,0,0,0,1,200
EDCF-Shield,v3b,FALCON1024+HMAC-SHA512+AES256GCM+DKG4of7,COMPROMISED_CTRL,60,22.39,66,CYCLE,132,1380,800,20,12,0.985533,0.959592,0.988539,0.985714,0.991379,98.52,100,0,0.662939,0,1,3,0,0,76,1448,0.958824,1,0.4924,2,3,0,0,V3,1,1,-100,1,129.3,0,0,0,0,2,200
EDCF-Shield,v3b,FALCON1024+HMAC-SHA512+AES256GCM+DKG4of7,COMPROMISED_CTRL,60,22.39,66,CUMULATIVE,132,91102,50862,1298,858,0.98504,0.967572,0.988305,0.985952,0.99067,98.34,100,0,0.662939,0,1,3,0,0,76,1448,0.958824,1,0.4924,2,3,0,0,V3,1,1,-100,1,129.3,0,0,0,0,1,200
EDCF-Shield,v3b,FALCON1024+HMAC-SHA512+AES256GCM+DKG4of7,COMPROMISED_CTRL,60,22.39,67,CYCLE,134,1380,800,20,14,0.984643,0.959704,0.987831,0.985714,0.989957,98.28,100,0,0.662937,0,1,3,0,0,76,1448,0.958957,1,0.4925,2,3,0,0,V3,1,1,-100,1,131.335,0,0,0,0,2,200
EDCF-Shield,v3b,FALCON1024+HMAC-SHA512+AES256GCM+DKG4of7,COMPROMISED_CTRL,60,22.39,67,CUMULATIVE,134,92482,51662,1318,872,0.985034,0.967564,0.988298,0.985949,0.990659,98.34,100,0,0.662937,0,1,3,0,0,76,1448,0.958957,1,0.4925,2,3,0,0,V3,1,1,-100,1,131.335,0,0,0,0,1,200
EDCF-Shield,v3b,FALCON1024+HMAC-SHA512+AES256GCM+DKG4of7,COMPROMISED_CTRL,60,22.39,68,CYCLE,136,1380,800,20,14,0.984643,0.959811,0.987831,0.985714,0.989957,98.28,100,0,0.662935,0,1,3,0,0,76,1448,0.959085,1,0.4926,2,3,0,0,V3,1,1,-100,1,133.37,0,0,0,0,2,200
EDCF-Shield,v3b,FALCON1024+HMAC-SHA512+AES256GCM+DKG4of7,COMPROMISED_CTRL,60,22.39,68,CUMULATIVE,136,93862,52462,1338,886,0.985028,0.967557,0.988292,0.985945,0.990649,98.34,100,0,0.662935,0,1,3,0,0,76,1448,0.959085,1,0.4926,2,3,0,0,V3,1,1,-100,1,133.37,0,0,0,0,1,200
EDCF-Shield,v3b,FALCON1024+HMAC-SHA512+AES256GCM+DKG4of7,COMPROMISED_CTRL,60,22.39,69,CYCLE,138,1380,800,20,12,0.985533,0.959944,0.988539,0.985714,0.991379,98.52,100,0,0.662941,0,1,3,0,0,76,1448,0.95921,1,0.4928,2,3,0,0,V3,1,1,-100,1,135.4,0,0,0,0,2,200
EDCF-Shield,v3b,FALCON1024+HMAC-SHA512+AES256GCM+DKG4of7,COMPROMISED_CTRL,60,22.39,69,CUMULATIVE,138,95242,53262,1358,898,0.985036,0.967578,0.988295,0.985942,0.990659,98.34,100,0,0.662941,0,1,3,0,0,76,1448,0.95921,1,0.4928,2,3,0,0,V3,1,1,-100,1,135.4,0,0,0,0,1,200
EDCF-Shield,v3b,FALCON1024+HMAC-SHA512+AES256GCM+DKG4of7,COMPROMISED_CTRL,60,22.39,70,CYCLE,140,1380,800,20,14,0.984643,0.960045,0.987831,0.985714,0.989957,98.28,100,0,0.662939,0,1,3,0,0,76,1448,0.959331,1,0.4929,2,3,0,0,V3,1,1,-100,1,137.435,0,0,0,0,2,200
EDCF-Shield,v3b,FALCON1024+HMAC-SHA512+AES256GCM+DKG4of7,COMPROMISED_CTRL,60,22.39,70,CUMULATIVE,140,96622,54062,1378,912,0.98503,0.96757,0.988288,0.985939,0.990649,98.34,100,0,0.662939,0,1,3,0,0,76,1448,0.959331,1,0.4929,2,3,0,0,V3,1,1,-100,1,137.435,0,0,0,0,1,200
EDCF-Shield,v3b,FALCON1024+HMAC-SHA512+AES256GCM+DKG4of7,COMPROMISED_CTRL,60,22.39,71,CYCLE,142,1380,800,20,14,0.984643,0.960144,0.987831,0.985714,0.989957,98.28,100,0,0.662937,0,1,3,0,0,76,1448,0.959449,1,0.493,2,3,0,0,V3,1,1,-100,1,139.47,0,0,0,0,2,200
EDCF-Shield,v3b,FALCON1024+HMAC-SHA512+AES256GCM+DKG4of7,COMPROMISED_CTRL,60,22.39,71,CUMULATIVE,142,98002,54862,1398,926,0.985025,0.967562,0.988282,0.985936,0.99064,98.34,100,0,0.662937,0,1,3,0,0,76,1448,0.959449,1,0.493,2,3,0,0,V3,1,1,-100,1,139.47,0,0,0,0,1,200
EDCF-Shield,v3b,FALCON1024+HMAC-SHA512+AES256GCM+DKG4of7,COMPROMISED_CTRL,60,22.39,72,CYCLE,144,1380,800,20,12,0.985533,0.960266,0.988539,0.985714,0.991379,98.52,100,0,0.662943,0,1,3,0,0,76,1448,0.959563,1,0.4931,2,3,0,0,V3,1,1,-100,1,141.5,0,0,0,0,2,200
EDCF-Shield,v3b,FALCON1024+HMAC-SHA512+AES256GCM+DKG4of7,COMPROMISED_CTRL,60,22.39,72,CUMULATIVE,144,99382,55662,1418,938,0.985032,0.967582,0.988286,0.985933,0.99065,98.34,100,0,0.662943,0,1,3,0,0,76,1448,0.959563,1,0.4931,2,3,0,0,V3,1,1,-100,1,141.5,0,0,0,0,1,200
EDCF-Shield,v3b,FALCON1024+HMAC-SHA512+AES256GCM+DKG4of7,COMPROMISED_CTRL,60,22.39,73,CYCLE,146,1380,800,20,14,0.984643,0.960359,0.987831,0.985714,0.989957,98.28,100,0,0.662941,0,1,3,0,0,76,1448,0.959675,1,0.4932,2,3,0,0,V3,1,1,-100,1,143.535,0,0,0,0,2,200
EDCF-Shield,v3b,FALCON1024+HMAC-SHA512+AES256GCM+DKG4of7,COMPROMISED_CTRL,60,22.39,73,CUMULATIVE,146,100762,56462,1438,952,0.985026,0.967575,0.988279,0.98593,0.99064,98.34,100,0,0.662941,0,1,3,0,0,76,1448,0.959675,1,0.4932,2,3,0,0,V3,1,1,-100,1,143.535,0,0,0,0,1,200
EDCF-Shield,v3b,FALCON1024+HMAC-SHA512+AES256GCM+DKG4of7,COMPROMISED_CTRL,60,22.39,74,CYCLE,148,1380,800,20,14,0.984643,0.960449,0.987831,0.985714,0.989957,98.28,100,0,0.662939,0,1,3,0,0,76,1448,0.959783,1,0.4932,2,3,0,0,V3,1,1,-100,1,145.57,0,0,0,0,2,200
EDCF-Shield,v3b,FALCON1024+HMAC-SHA512+AES256GCM+DKG4of7,COMPROMISED_CTRL,60,22.39,74,CUMULATIVE,148,102142,57262,1458,966,0.985021,0.967567,0.988273,0.985927,0.990631,98.34,100,0,0.662939,0,1,3,0,0,76,1448,0.959783,1,0.4932,2,3,0,0,V3,1,1,-100,1,145.57,0,0,0,0,1,200
EDCF-Shield,v3b,FALCON1024+HMAC-SHA512+AES256GCM+DKG4of7,COMPROMISED_CTRL,60,22.39,75,CYCLE,150,1380,800,20,12,0.985533,0.960563,0.988539,0.985714,0.991379,98.52,100,0,0.662944,0,1,3,0,0,76,1448,0.959888,1,0.4933,2,3,0,0,V3,1,1,-100,1,147.6,0,0,0,0,2,200
EDCF-Shield,v3b,FALCON1024+HMAC-SHA512+AES256GCM+DKG4of7,COMPROMISED_CTRL,60,22.39,75,CUMULATIVE,150,103522,58062,1478,978,0.985028,0.967587,0.988277,0.985924,0.990641,98.34,100,0,0.662944,0,1,3,0,0,76,1448,0.959888,1,0.4933,2,3,0,0,V3,1,1,-100,1,147.6,0,0,0,0,1,200
EDCF-Shield,v3b,FALCON1024+HMAC-SHA512+AES256GCM+DKG4of7,COMPROMISED_CTRL,60,22.39,76,CYCLE,152,1380,800,20,14,0.984643,0.960648,0.987831,0.985714,0.989957,98.28,100,0,0.662942,0,1,3,0,0,76,1448,0.959991,1,0.4934,2,3,0,0,V3,1,1,-100,1,149.635,0,0,0,0,2,200
EDCF-Shield,v3b,FALCON1024+HMAC-SHA512+AES256GCM+DKG4of7,COMPROMISED_CTRL,60,22.39,76,CUMULATIVE,152,104902,58862,1498,992,0.985023,0.967579,0.988271,0.985921,0.990632,98.34,100,0,0.662942,0,1,3,0,0,76,1448,0.959991,1,0.4934,2,3,0,0,V3,1,1,-100,1,149.635,0,0,0,0,1,200
EDCF-Shield,v3b,FALCON1024+HMAC-SHA512+AES256GCM+DKG4of7,COMPROMISED_CTRL,60,22.39,77,CYCLE,154,1380,800,20,14,0.984643,0.960731,0.987831,0.985714,0.989957,98.28,100,0,0.662941,0,1,3,0,0,76,1448,0.96009,1,0.4935,2,3,0,0,V3,1,1,-100,1,151.67,0,0,0,0,2,200
EDCF-Shield,v3b,FALCON1024+HMAC-SHA512+AES256GCM+DKG4of7,COMPROMISED_CTRL,60,22.39,77,CUMULATIVE,154,106282,59662,1518,1006,0.985018,0.967572,0.988265,0.985918,0.990623,98.34,100,0,0.662941,0,1,3,0,0,76,1448,0.96009,1,0.4935,2,3,0,0,V3,1,1,-100,1,151.67,0,0,0,0,1,200
EDCF-Shield,v3b,FALCON1024+HMAC-SHA512+AES256GCM+DKG4of7,COMPROMISED_CTRL,60,22.39,78,CYCLE,156,1380,800,20,12,0.985533,0.960837,0.988539,0.985714,0.991379,98.52,100,0,0.662946,0,1,3,0,0,76,1448,0.960188,1,0.4936,2,3,0,0,V3,1,1,-100,1,153.7,0,0,0,0,2,200
EDCF-Shield,v3b,FALCON1024+HMAC-SHA512+AES256GCM+DKG4of7,COMPROMISED_CTRL,60,22.39,78,CUMULATIVE,156,107662,60462,1538,1018,0.985025,0.96759,0.988269,0.985916,0.990633,98.34,100,0,0.662946,0,1,3,0,0,76,1448,0.960188,1,0.4936,2,3,0,0,V3,1,1,-100,1,153.7,0,0,0,0,1,200
EDCF-Shield,v3b,FALCON1024+HMAC-SHA512+AES256GCM+DKG4of7,COMPROMISED_CTRL,60,22.39,79,CYCLE,158,1380,800,20,14,0.984643,0.960915,0.987831,0.985714,0.989957,98.28,100,0,0.662944,0,1,3,0,0,76,1448,0.960283,1,0.4937,2,3,0,0,V3,1,1,-100,1,155.735,0,0,0,0,2,200
EDCF-Shield,v3b,FALCON1024+HMAC-SHA512+AES256GCM+DKG4of7,COMPROMISED_CTRL,60,22.39,79,CUMULATIVE,158,109042,61262,1558,1032,0.98502,0.967583,0.988263,0.985913,0.990624,98.34,100,0,0.662944,0,1,3,0,0,76,1448,0.960283,1,0.4937,2,3,0,0,V3,1,1,-100,1,155.735,0,0,0,0,1,200
EDCF-Shield,v3b,FALCON1024+HMAC-SHA512+AES256GCM+DKG4of7,COMPROMISED_CTRL,60,22.39,80,CYCLE,160,1380,800,20,14,0.984643,0.960992,0.987831,0.985714,0.989957,98.28,100,0,0.662942,0,1,3,0,0,76,1448,0.960375,1,0.4938,2,3,0,0,V3,1,1,-100,1,157.77,0,0,0,0,2,200
EDCF-Shield,v3b,FALCON1024+HMAC-SHA512+AES256GCM+DKG4of7,COMPROMISED_CTRL,60,22.39,80,CUMULATIVE,160,110422,62062,1578,1046,0.985015,0.967577,0.988258,0.985911,0.990616,98.34,100,0,0.662942,0,1,3,0,0,76,1448,0.960375,1,0.4938,2,3,0,0,V3,1,1,-100,1,157.77,0,0,0,0,1,200
EDCF-Shield,v3b,FALCON1024+HMAC-SHA512+AES256GCM+DKG4of7,COMPROMISED_CTRL,60,22.39,81,CYCLE,162,1380,800,20,12,0.985533,0.96109,0.988539,0.985714,0.991379,98.52,100,0,0.662947,0,1,3,0,0,76,1448,0.960465,1,0.4938,2,3,0,0,V3,1,1,-100,1,159.8,0,0,0,0,2,200
EDCF-Shield,v3b,FALCON1024+HMAC-SHA512+AES256GCM+DKG4of7,COMPROMISED_CTRL,60,22.39,81,CUMULATIVE,162,111802,62862,1598,1058,0.985021,0.967594,0.988261,0.985908,0.990626,98.34,100,0,0.662947,0,1,3,0,0,76,1448,0.960465,1,0.4938,2,3,0,0,V3,1,1,-100,1,159.8,0,0,0,0,1,200
EDCF-Shield,v3b,FALCON1024+HMAC-SHA512+AES256GCM+DKG4of7,COMPROMISED_CTRL,60,22.39,82,CYCLE,164,1380,800,20,14,0.984643,0.961163,0.987831,0.985714,0.989957,98.28,100,0,0.662946,0,1,3,0,0,76,1448,0.960553,1,0.4939,2,3,0,0,V3,1,1,-100,1,161.835,0,0,0,0,2,200
EDCF-Shield,v3b,FALCON1024+HMAC-SHA512+AES256GCM+DKG4of7,COMPROMISED_CTRL,60,22.39,82,CUMULATIVE,164,113182,63662,1618,1072,0.985017,0.967587,0.988256,0.985906,0.990617,98.34,100,0,0.662946,0,1,3,0,0,76,1448,0.960553,1,0.4939,2,3,0,0,V3,1,1,-100,1,161.835,0,0,0,0,1,200
EDCF-Shield,v3b,FALCON1024+HMAC-SHA512+AES256GCM+DKG4of7,COMPROMISED_CTRL,60,22.39,83,CYCLE,166,1380,800,20,14,0.984643,0.961233,0.987831,0.985714,0.989957,98.28,100,0,0.662944,0,1,3,0,0,76,1448,0.960639,1,0.494,2,3,0,0,V3,1,1,-100,1,163.87,0,0,0,0,2,200
EDCF-Shield,v3b,FALCON1024+HMAC-SHA512+AES256GCM+DKG4of7,COMPROMISED_CTRL,60,22.39,83,CUMULATIVE,166,114562,64462,1638,1086,0.985012,0.967581,0.988251,0.985904,0.990609,98.34,100,0,0.662944,0,1,3,0,0,76,1448,0.960639,1,0.494,2,3,0,0,V3,1,1,-100,1,163.87,0,0,0,0,1,200
EDCF-Shield,v3b,FALCON1024+HMAC-SHA512+AES256GCM+DKG4of7,COMPROMISED_CTRL,60,22.39,84,CYCLE,168,1380,800,20,12,0.985533,0.961325,0.988539,0.985714,0.991379,98.52,100,0,0.662949,0,1,3,0,0,76,1448,0.960722,1,0.494,2,3,0,0,V3,1,1,-100,1,165.9,0,0,0,0,2,200
EDCF-Shield,v3b,FALCON1024+HMAC-SHA512+AES256GCM+DKG4of7,COMPROMISED_CTRL,60,22.39,84,CUMULATIVE,168,115942,65262,1658,1098,0.985018,0.967597,0.988254,0.985901,0.990619,98.35,100,0,0.662949,0,1,3,0,0,76,1448,0.960722,1,0.494,2,3,0,0,V3,1,1,-100,1,165.9,0,0,0,0,1,200
EDCF-Shield,v3b,FALCON1024+HMAC-SHA512+AES256GCM+DKG4of7,COMPROMISED_CTRL,60,22.39,85,CYCLE,170,1380,800,20,14,0.984643,0.961393,0.987831,0.985714,0.989957,98.28,100,0,0.662947,0,1,3,0,0,76,1448,0.960804,1,0.4941,2,3,0,0,V3,1,1,-100,1,167.935,0,0,0,0,2,200
EDCF-Shield,v3b,FALCON1024+HMAC-SHA512+AES256GCM+DKG4of7,COMPROMISED_CTRL,60,22.39,85,CUMULATIVE,170,117322,66062,1678,1112,0.985014,0.967591,0.988249,0.985899,0.990611,98.34,100,0,0.662947,0,1,3,0,0,76,1448,0.960804,1,0.4941,2,3,0,0,V3,1,1,-100,1,167.935,0,0,0,0,1,200
EDCF-Shield,v3b,FALCON1024+HMAC-SHA512+AES256GCM+DKG4of7,COMPROMISED_CTRL,60,22.39,86,CYCLE,172,1380,800,20,14,0.984643,0.961458,0.987831,0.985714,0.989957,98.28,100,0,0.662945,0,1,3,0,0,76,1448,0.960884,1,0.4942,2,3,0,0,V3,1,1,-100,1,169.97,0,0,0,0,2,200
EDCF-Shield,v3b,FALCON1024+HMAC-SHA512+AES256GCM+DKG4of7,COMPROMISED_CTRL,60,22.39,86,CUMULATIVE,172,118702,66862,1698,1126,0.98501,0.967584,0.988245,0.985897,0.990603,98.34,100,0,0.662945,0,1,3,0,0,76,1448,0.960884,1,0.4942,2,3,0,0,V3,1,1,-100,1,169.97,0,0,0,0,1,200
EDCF-Shield,v3b,FALCON1024+HMAC-SHA512+AES256GCM+DKG4of7,COMPROMISED_CTRL,60,22.39,87,CYCLE,174,1380,800,20,12,0.985533,0.961545,0.988539,0.985714,0.991379,98.52,100,0,0.66295,0,1,3,0,0,76,1448,0.960962,1,0.4943,2,3,0,0,V3,1,1,-100,1,172,0,0,0,0,2,200
EDCF-Shield,v3b,FALCON1024+HMAC-SHA512+AES256GCM+DKG4of7,COMPROMISED_CTRL,60,22.39,87,CUMULATIVE,174,120082,67662,1718,1138,0.985016,0.9676,0.988248,0.985895,0.990612,98.35,100,0,0.66295,0,1,3,0,0,76,1448,0.960962,1,0.4943,2,3,0,0,V3,1,1,-100,1,172,0,0,0,0,1,200
EDCF-Shield,v3b,FALCON1024+HMAC-SHA512+AES256GCM+DKG4of7,COMPROMISED_CTRL,60,22.39,88,CYCLE,176,1380,800,20,14,0.984643,0.961607,0.987831,0.985714,0.989957,98.28,100,0,0.662948,0,1,3,0,0,76,1448,0.961038,1,0.4943,2,3,0,0,V3,1,1,-100,1,174.035,0,0,0,0,2,200
EDCF-Shield,v3b,FALCON1024+HMAC-SHA512+AES256GCM+DKG4of7,COMPROMISED_CTRL,60,22.39,88,CUMULATIVE,176,121462,68462,1738,1152,0.985011,0.967594,0.988243,0.985893,0.990605,98.35,100,0,0.662948,0,1,3,0,0,76,1448,0.961038,1,0.4943,2,3,0,0,V3,1,1,-100,1,174.035,0,0,0,0,1,200
EDCF-Shield,v3b,FALCON1024+HMAC-SHA512+AES256GCM+DKG4of7,COMPROMISED_CTRL,60,22.39,89,CYCLE,178,1380,800,20,14,0.984643,0.961668,0.987831,0.985714,0.989957,98.28,100,0,0.662947,0,1,3,0,0,76,1448,0.961113,1,0.4944,2,3,0,0,V3,1,1,-100,1,176.07,0,0,0,0,2,200
EDCF-Shield,v3b,FALCON1024+HMAC-SHA512+AES256GCM+DKG4of7,COMPROMISED_CTRL,60,22.39,89,CUMULATIVE,178,122842,69262,1758,1166,0.985007,0.967588,0.988239,0.985891,0.990597,98.34,100,0,0.662947,0,1,3,0,0,76,1448,0.961113,1,0.4944,2,3,0,0,V3,1,1,-100,1,176.07,0,0,0,0,1,200
EDCF-Shield,v3b,FALCON1024+HMAC-SHA512+AES256GCM+DKG4of7,COMPROMISED_CTRL,60,22.39,90,CYCLE,179.5,828,520,12,8,0.98538,0.961752,0.988067,0.985714,0.990431,98.48,100,0,0.662949,0,1,3,0,0,76,1448,0.961186,1,0.4958,2,3,0,0,V3,1,1,-100,1,177.39,0,0,0,0,2,200
EDCF-Shield,v3b,FALCON1024+HMAC-SHA512+AES256GCM+DKG4of7,COMPROMISED_CTRL,60,22.39,90,CUMULATIVE,179.5,123670,69782,1770,1174,0.98501,0.9676,0.988237,0.98589,0.990596,98.35,100,0,0.662949,0,1,3,0,0,76,1448,0.961186,1,0.4958,2,3,0,0,V3,1,1,-100,1,177.39,0,0,0,0,1,200
EDCF-Shield,v3b,FALCON1024+HMAC-SHA512+AES256GCM+DKG4of7,COMPROMISED_CTRL,120,44.78,1,CYCLE,2,800,0,0,0,1,0.5,1,1,1,0,100,0,0,0,1,0,0,0,76,1448,0,1,0,0,0,0,0,V3,0,1,-100,1,0,0,0,0,0,0,200
EDCF-Shield,v3b,FALCON1024+HMAC-SHA512+AES256GCM+DKG4of7,COMPROMISED_CTRL,120,44.78,1,CUMULATIVE,2,800,0,0,0,1,0.5,1,1,1,0,100,0,0,0,1,0,0,0,76,1448,0,1,0,0,0,0,0,V3,0,1,-100,1,0,0,0,0,0,0,200
EDCF-Shield,v3b,FALCON1024+HMAC-SHA512+AES256GCM+DKG4of7,COMPROMISED_CTRL,120,44.78,2,CYCLE,4,782,156,18,6,0.975052,0.707169,0.984887,0.9775,0.992386,96.3,100,0,0.658228,0,1,3,0,0,76,1448,0.5,1,0.25,2,3,0,0,V3,1,1,-100,1,0.405,0,0,0,0,2,200
EDCF-Shield,v3b,FALCON1024+HMAC-SHA512+AES256GCM+DKG4of7,COMPROMISED_CTRL,120,44.78,2,CUMULATIVE,4,1582,156,18,6,0.986379,0.921772,0.992472,0.98875,0.996222,96.3,100,0,0.658228,0,1,3,0,0,76,1448,0.5,1,0.25,2,3,0,0,V3,1,1,-100,1,0.405,0,0,0,0,1,200
EDCF-Shield,v3b,FALCON1024+HMAC-SHA512+AES256GCM+DKG4of7,COMPROMISED_CTRL,120,44.78,3,CYCLE,6,780,420,20,12,0.974026,0.785879,0.979899,0.975,0.984848,97.22,100,0,0.659794,0,1,3,0,0,76,1448,0.710886,1,0.3333,2,3,0,0,V3,1,1,-100,1,1.485,0,0,0,0,2,200
EDCF-Shield,v3b,FALCON1024+HMAC-SHA512+AES256GCM+DKG4of7,COMPROMISED_CTRL,120,44.78,3,CUMULATIVE,6,2362,576,38,18,0.981296,0.942134,0.988285,0.984167,0.992437,96.97,100,0,0.659794,0,1,3,0,0,76,1448,0.710886,1,0.3333,2,3,0,0,V3,1,1,-100,1,1.485,0,0,0,0,1,200
EDCF-Shield,v3b,FALCON1024+HMAC-SHA512+AES256GCM+DKG4of7,COMPROMISED_CTRL,120,44.78,4,CYCLE,8,780,686,20,14,0.977333,0.828039,0.97867,0.975,0.982368,98,100,0,0.661079,0,1,3,0,0,76,1448,0.787969,1,0.375,2,3,0,0,V3,1,1,-100,1,3.235,0,0,0,0,2,200
EDCF-Shield,v3b,FALCON1024+HMAC-SHA512+AES256GCM+DKG4of7,COMPROMISED_CTRL,120,44.78,4,CUMULATIVE,8,3142,1262,58,32,0.979973,0.951546,0.98588,0.981875,0.989918,97.53,100,0,0.661079,0,1,3,0,0,76,1448,0.787969,1,0.375,2,3,0,0,V3,1,1,-100,1,3.235,0,0,0,0,1,200
EDCF-Shield,v3b,FALCON1024+HMAC-SHA512+AES256GCM+DKG4of7,COMPROMISED_CTRL,120,44.78,5,CYCLE,10,780,954,20,14,0.980769,0.854668,0.97867,0.975,0.982368,98.55,100,0,0.662085,0,1,3,0,0,76,1448,0.828863,1,0.4,2,3,0,0,V3,1,1,-100,1,5.655,0,0,0,0,2,200
EDCF-Shield,v3b,FALCON1024+HMAC-SHA512+AES256GCM+DKG4of7,COMPROMISED_CTRL,120,44.78,5,CUMULATIVE,10,3922,2216,78,46,0.980198,0.95728,0.984438,0.9805,0.988407,97.97,100,0,0.662085,0,1,3,0,0,76,1448,0.828863,1,0.4,2,3,0,0,V3,1,1,-100,1,5.655,0,0,0,0,1,200
EDCF-Shield,v3b,FALCON1024+HMAC-SHA512+AES256GCM+DKG4of7,COMPROMISED_CTRL,120,44.78,6,CYCLE,12,780,1220,20,12,0.984252,0.873388,0.979899,0.975,0.984848,99.03,100,0,0.662937,0,1,3,0,0,76,1448,0.854546,1,0.4167,2,3,0,0,V3,1,1,-100,1,8.735,0,0,0,0,2,200
EDCF-Shield,v3b,FALCON1024+HMAC-SHA512+AES256GCM+DKG4of7,COMPROMISED_CTRL,120,44.78,6,CUMULATIVE,12,4702,3436,98,58,0.981191,0.961533,0.983682,0.979583,0.987815,98.34,100,0,0.662937,0,1,3,0,0,76,1448,0.854546,1,0.4167,2,3,0,0,V3,1,1,-100,1,8.735,0,0,0,0,1,200
EDCF-Shield,v3b,FALCON1024+HMAC-SHA512+AES256GCM+DKG4of7,COMPROMISED_CTRL,120,44.78,7,CYCLE,14,780,1486,20,14,0.985217,0.886815,0.97867,0.975,0.982368,99.07,100,0,0.663432,0,1,3,0,0,76,1448,0.872377,1,0.4286,2,3,0,0,V3,1,1,-100,1,12.485,0,0,0,0,2,200
EDCF-Shield,v3b,FALCON1024+HMAC-SHA512+AES256GCM+DKG4of7,COMPROMISED_CTRL,120,44.78,7,CUMULATIVE,14,5482,4922,118,72,0.982065,0.964067,0.982966,0.978929,0.987036,98.56,100,0,0.663432,0,1,3,0,0,76,1448,0.872377,1,0.4286,2,3,0,0,V3,1,1,-100,1,12.485,0,0,0,0,1,200
EDCF-Shield,v3b,FALCON1024+HMAC-SHA512+AES256GCM+DKG4of7,COMPROMISED_CTRL,120,44.78,8,CYCLE,16,780,1600,20,14,0.985915,0.896985,0.97867,0.975,0.982368,99.13,100,0,0.663749,0,1,3,0,0,76,1448,0.885476,1,0.4375,2,3,0,0,V3,1,1,-100,1,16.52,0,0,0,0,2,200
EDCF-Shield,v3b,FALCON1024+HMAC-SHA512+AES256GCM+DKG4of7,COMPROMISED_CTRL,120,44.78,8,CUMULATIVE,16,6262,6522,138,86,0.98278,0.965577,0.982429,0.978437,0.986452,98.7,100,0,0.663749,0,1,3,0,0,76,1448,0.885476,1,0.4375,2,3,0,0,V3,1,1,-100,1,16.52,0,0,0,0,1,200
EDCF-Shield,v3b,FALCON1024+HMAC-SHA512+AES256GCM+DKG4of7,COMPROMISED_CTRL,120,44.78,9,CYCLE,18,780,1600,20,12,0.986733,0.9051,0.979899,0.975,0.984848,99.26,100,0,0.663996,0,1,3,0,0,76,1448,0.895489,1,0.4444,2,3,0,0,V3,1,1,-100,1,20.55,0,0,0,0,2,200
EDCF-Shield,v3b,FALCON1024+HMAC-SHA512+AES256GCM+DKG4of7,COMPROMISED_CTRL,120,44.78,9,CUMULATIVE,18,7042,8122,158,98,0.983398,0.966663,0.982148,0.978056,0.986275,98.81,100,0,0.663996,0,1,3,0,0,76,1448,0.895489,1,0.4444,2,3,0,0,V3,1,1,-100,1,20.55,0,0,0,0,1,200
EDCF-Shield,v3b,FALCON1024+HMAC-SHA512+AES256GCM+DKG4of7,COMPROMISED_CTRL,120,44.78,10,CYCLE,20,780,1600,20,14,0.985915,0.911408,0.97867,0.975,0.982368,99.13,100,0,0.664116,0,1,3,0,0,76,1448,0.903397,1,0.45,2,3,0,0,V3,1,1,-100,1,24.585,0,0,0,0,2,200
EDCF-Shield,v3b,FALCON1024+HMAC-SHA512+AES256GCM+DKG4of7,COMPROMISED_CTRL,120,44.78,10,CUMULATIVE,20,7822,9722,178,112,0.983739,0.967132,0.9818,0.97775,0.985884,98.86,100,0,0.664116,0,1,3,0,0,76,1448,0.903397,1,0.45,2,3,0,0,V3,1,1,-100,1,24.585,0,0,0,0,1,200
EDCF-Shield,v3b,FALCON1024+HMAC-SHA512+AES256GCM+DKG4of7,COMPROMISED_CTRL,120,44.78,11,CYCLE,22,780,1600,20,14,0.985915,0.916568,0.97867,0.975,0.982368,99.13,100,0,0.664203,0,1,3,0,0,76,1448,0.90977,1,0.4545,2,3,0,0,V3,1,1,-100,1,28.62,0,0,0,0,2,200
EDCF-Shield,v3b,FALCON1024+HMAC-SHA512+AES256GCM+DKG4of7,COMPROMISED_CTRL,120,44.78,11,CUMULATIVE,22,8602,11322,198,126,0.983998,0.967434,0.981515,0.9775,0.985564,98.9,100,0,0.664203,0,1,3,0,0,76,1448,0.90977,1,0.4545,2,3,0,0,V3,1,1,-100,1,28.62,0,0,0,0,1,200
EDCF-Shield,v3b,FALCON1024+HMAC-SHA512+AES256GCM+DKG4of7,COMPROMISED_CTRL,120,44.78,12,CYCLE,24,780,1600,20,12,0.986733,0.921023,0.979899,0.975,0.984848,99.26,100,0,0.664302,0,1,3,0,0,76,1448,0.915013,1,0.4583,2,3,0,0,V3,1,1,-100,1,32.65,0,0,0,0,2,200
EDCF-Shield,v3b,FALCON1024+HMAC-SHA512+AES256GCM+DKG4of7,COMPROMISED_CTRL,120,44.78,12,CUMULATIVE,24,9382,12922,218,138,0.984289,0.967819,0.981381,0.977292,0.985504,98.94,100,0,0.664302,0,1,3,0,0,76,1448,0.915013,1,0.4583,2,3,0,0,V3,1,1,-100,1,32.65,0,0,0,0,1,200
EDCF-Shield,v3b,FALCON1024+HMAC-SHA512+AES256GCM+DKG4of7,COMPROMISED_CTRL,120,44.78,13,CYCLE,26,780,1600,20,14,0.985915,0.92465,0.97867,0.975,0.982368,99.13,100,0,0.664349,0,1,3,0,0,76,1448,0.919413,1,0.4615,2,3,0,0,V3,1,1,-100,1,36.685,0,0,0,0,2,200
EDCF-Shield,v3b,FALCON1024+HMAC-SHA512+AES256GCM+DKG4of7,COMPROMISED_CTRL,120,44.78,13,CUMULATIVE,26,10162,14522,238,152,0.984446,0.967947,0.981172,0.977115,0.985263,98.96,100,0,0.664349,0,1,3,0,0,76,1448,0.919413,1,0.4615,2,3,0,0,V3,1,1,-100,1,36.685,0,0,0,0,1,200
EDCF-Shield,v3b,FALCON1024+HMAC-SHA512+AES256GCM+DKG4of7,COMPROMISED_CTRL,120,44.78,14,CYCLE,28,780,1600,20,14,0.985915,0.927759,0.97867,0.975,0.982368,99.13,100,0,0.664386,0,1,3,0,0,76,1448,0.923146,1,0.4643,2,3,0,0,V3,1,1,-100,1,40.72,0,0,0,0,2,200
EDCF-Shield,v3b,FALCON1024+HMAC-SHA512+AES256GCM+DKG4of7,COMPROMISED_CTRL,120,44.78,14,CUMULATIVE,28,10942,16122,258,166,0.984575,0.968038,0.980993,0.976964,0.985056,98.98,100,0,0.664386,0,1,3,0,0,76,1448,0.923146,1,0.4643,2,3,0,0,V3,1,1,-100,1,40.72,0,0,0,0,1,200
EDCF-Shield,v3b,FALCON1024+HMAC-SHA512+AES256GCM+DKG4of7,COMPROMISED_CTRL,120,44.78,15,CYCLE,30,780,1600,20,12,0.986733,0.930576,0.979899,0.975,0.984848,99.26,100,0,0.664442,0,1,3,0,0,76,1448,0.926353,1,0.4667,2,3,0,0,V3,1,1,-100,1,44.75,0,0,0,0,2,200
EDCF-Shield,v3b,FALCON1024+HMAC-SHA512+AES256GCM+DKG4of7,COMPROMISED_CTRL,120,44.78,15,CUMULATIVE,30,11722,17722,278,178,0.984749,0.968242,0.980921,0.976833,0.985042,99.01,100,0,0.664442,0,1,3,0,0,76,1448,0.926353,1,0.4667,2,3,0,0,V3,1,1,-100,1,44.75,0,0,0,0,1,200
EDCF-Shield,v3b,FALCON1024+HMAC-SHA512+AES256GCM+DKG4of7,COMPROMISED_CTRL,120,44.78,16,CYCLE,32,780,1600,20,14,0.985915,0.932926,0.97867,0.975,0.982368,99.13,100,0,0.664466,0,1,3,0,0,76,1448,0.929146,1,0.4688,2,3,0,0,V3,1,1,-100,1,48.785,0,0,0,0,2,200
EDCF-Shield,v3b,FALCON1024+HMAC-SHA512+AES256GCM+DKG4of7,COMPROMISED_CTRL,120,44.78,16,CUMULATIVE,32,12502,19322,298,192,0.984836,0.968282,0.98078,0.976719,0.984875,99.02,100,0,0.664466,0,1,3,0,0,76,1448,0.929146,1,0.4688,2,3,0,0,V3,1,1,-100,1,48.785,0,0,0,0,1,200
EDCF-Shield,v3b,FALCON1024+HMAC-SHA512+AES256GCM+DKG4of7,COMPROMISED_CTRL,120,44.78,17,CYCLE,34,780,1600,20,14,0.985915,0.934999,0.97867,0.975,0.982368,99.13,100,0,0.664486,0,1,3,0,0,76,1448,0.931592,1,0.4706,2,3,0,0,V3,1,1,-100,1,52.82,0,0,0,0,2,200
EDCF-Shield,v3b,FALCON1024+HMAC-SHA512+AES256GCM+DKG4of7,COMPROMISED_CTRL,120,44.78,17,CUMULATIVE,34,13282,20922,318,206,0.984911,0.96831,0.980656,0.976618,0.984727,99.02,100,0,0.664486,0,1,3,0,0,76,1448,0.931592,1,0.4706,2,3,0,0,V3,1,1,-100,1,52.82,0,0,0,0,1,200
EDCF-Shield,v3b,FALCON1024+HMAC-SHA512+AES256GCM+DKG4of7,COMPROMISED_CTRL,120,44.78,18,CYCLE,36,780,1600,20,12,0.986733,0.936945,0.979899,0.975,0.984848,99.26,100,0,0.664523,0,1,3,0,0,76,1448,0.933752,1,0.4722,2,3,0,0,V3,1,1,-100,1,56.85,0,0,0,0,2,200
EDCF-Shield,v3b,FALCON1024+HMAC-SHA512+AES256GCM+DKG4of7,COMPROMISED_CTRL,120,44.78,18,CUMULATIVE,36,14062,22522,338,218,0.98503,0.968444,0.980614,0.976528,0.984734,99.04,100,0,0.664523,0,1,3,0,0,76,1448,0.933752,1,0.4722,2,3,0,0,V3,1,1,-100,1,56.85,0,0,0,0,1,200
EDCF-Shield,v3b,FALCON1024+HMAC-SHA512+AES256GCM+DKG4of7,COMPROMISED_CTRL,120,44.78,19,CYCLE,38,780,1600,20,14,0.985915,0.938589,0.97867,0.975,0.982368,99.13,100,0,0.664536,0,1,3,0,0,76,1448,0.935679,1,0.4737,2,3,0,0,V3,1,1,-100,1,60.885,0,0,0,0,2,200
EDCF-Shield,v3b,FALCON1024+HMAC-SHA512+AES256GCM+DKG4of7,COMPROMISED_CTRL,120,44.78,19,CUMULATIVE,38,14842,24122,358,232,0.985084,0.968452,0.980511,0.976447,0.984609,99.05,100,0,0.664536,0,1,3,0,0,76,1448,0.935679,1,0.4737,2,3,0,0,V3,1,1,-100,1,60.885,0,0,0,0,1,200
EDCF-Shield,v3b,FALCON1024+HMAC-SHA512+AES256GCM+DKG4of7,COMPROMISED_CTRL,120,44.78,20,CYCLE,40,780,1600,20,14,0.985915,0.940068,0.97867,0.975,0.982368,99.13,100,0,0.664548,0,1,3,0,0,76,1448,0.937404,1,0.475,2,3,0,0,V3,1,1,-100,1,64.92,0,0,0,0,2,200
EDCF-Shield,v3b,FALCON1024+HMAC-SHA512+AES256GCM+DKG4of7,COMPROMISED_CTRL,120,44.78,20,CUMULATIVE,40,15622,25722,378,246,0.985132,0.968457,0.980419,0.976375,0.984497,99.05,100,0,0.664548,0,1,3,0,0,76,1448,0.937404,1,0.475,2,3,0,0,V3,1,1,-100,1,64.92,0,0,0,0,1,200
EDCF-Shield,v3b,FALCON1024+HMAC-SHA512+AES256GCM+DKG4of7,COMPROMISED_CTRL,120,44.78,21,CYCLE,42,780,1600,20,12,0.986733,0.941495,0.979899,0.975,0.984848,99.26,100,0,0.664575,0,1,3,0,0,76,1448,0.938956,1,0.4762,2,3,0,0,V3,1,1,-100,1,68.95,0,0,0,0,2,200
EDCF-Shield,v3b,FALCON1024+HMAC-SHA512+AES256GCM+DKG4of7,COMPROMISED_CTRL,120,44.78,21,CUMULATIVE,42,16402,27322,398,258,0.985219,0.968554,0.980395,0.97631,0.984514,99.06,100,0,0.664575,0,1,3,0,0,76,1448,0.938956,1,0.4762,2,3,0,0,V3,1,1,-100,1,68.95,0,0,0,0,1,200
EDCF-Shield,v3b,FALCON1024+HMAC-SHA512+AES256GCM+DKG4of7,COMPROMISED_CTRL,120,44.78,22,CYCLE,44,780,1600,20,14,0.985915,0.942707,0.97867,0.975,0.982368,99.13,100,0,0.664583,0,1,3,0,0,76,1448,0.940366,1,0.4773,2,3,0,0,V3,1,1,-100,1,72.985,0,0,0,0,2,200
EDCF-Shield,v3b,FALCON1024+HMAC-SHA512+AES256GCM+DKG4of7,COMPROMISED_CTRL,120,44.78,22,CUMULATIVE,44,17182,28922,418,272,0.985255,0.96855,0.980316,0.97625,0.984416,99.07,100,0,0.664583,0,1,3,0,0,76,1448,0.940366,1,0.4773,2,3,0,0,V3,1,1,-100,1,72.985,0,0,0,0,1,200
EDCF-Shield,v3b,FALCON1024+HMAC-SHA512+AES256GCM+DKG4of7,COMPROMISED_CTRL,120,44.78,23,CYCLE,46,780,1600,20,14,0.985915,0.943814,0.97867,0.975,0.982368,99.13,100,0,0.664591,0,1,3,0,0,76,1448,0.941647,1,0.4783,2,3,0,0,V3,1,1,-100,1,77.02,0,0,0,0,2,200
EDCF-Shield,v3b,FALCON1024+HMAC-SHA512+AES256GCM+DKG4of7,COMPROMISED_CTRL,120,44.78,23,CUMULATIVE,46,17962,30522,438,286,0.985287,0.968545,0.980244,0.976196,0.984327,99.07,100,0,0.664591,0,1,3,0,0,76,1448,0.941647,1,0.4783,2,3,0,0,V3,1,1,-100,1,77.02,0,0,0,0,1,200
EDCF-Shield,v3b,FALCON1024+HMAC-SHA512+AES256GCM+DKG4of7,COMPROMISED_CTRL,120,44.78,24,CYCLE,48,780,1600,20,12,0.986733,0.944907,0.979899,0.975,0.984848,99.26,100,0,0.664611,0,1,3,0,0,76,1448,0.942816,1,0.4792,2,3,0,0,V3,1,1,-100,1,81.05,0,0,0,0,2,200
EDCF-Shield,v3b,FALCON1024+HMAC-SHA512+AES256GCM+DKG4of7,COMPROMISED_CTRL,120,44.78,24,CUMULATIVE,48,18742,32122,458,298,0.985355,0.968621,0.98023,0.976146,0.984349,99.08,100,0,0.664611,0,1,3,0,0,76,1448,0.942816,1,0.4792,2,3,0,0,V3,1,1,-100,1,81.05,0,0,0,0,1,200
EDCF-Shield,v3b,FALCON1024+HMAC-SHA512+AES256GCM+DKG4of7,COMPROMISED_CTRL,120,44.78,25,CYCLE,50,780,1600,20,14,0.985915,0.945837,0.97867,0.975,0.982368,99.13,100,0,0.664617,0,1,3,0,0,76,1448,0.943892,1,0.48,2,3,0,0,V3,1,1,-100,1,85.085,0,0,0,0,2,200
EDCF-Shield,v3b,FALCON1024+HMAC-SHA512+AES256GCM+DKG4of7,COMPROMISED_CTRL,120,44.78,25,CUMULATIVE,50,19522,33722,478,312,0.98538,0.968611,0.980168,0.9761,0.984269,99.08,100,0,0.664617,0,1,3,0,0,76,1448,0.943892,1,0.48,2,3,0,0,V3,1,1,-100,1,85.085,0,0,0,0,1,200
EDCF-Shield,v3b,FALCON1024+HMAC-SHA512+AES256GCM+DKG4of7,COMPROMISED_CTRL,120,44.78,26,CYCLE,52,780,1600,20,14,0.985915,0.946696,0.97867,0.975,0.982368,99.13,100,0,0.664622,0,1,3,0,0,76,1448,0.94488,1,0.4808,2,3,0,0,V3,1,1,-100,1,89.12,0,0,0,0,2,200
EDCF-Shield,v3b,FALCON1024+HMAC-SHA512+AES256GCM+DKG4of7,COMPROMISED_CTRL,120,44.78,26,CUMULATIVE,52,20302,35322,498,326,0.985402,0.968602,0.98011,0.976058,0.984196,99.09,100,0,0.664622,0,1,3,0,0,76,1448,0.94488,1,0.4808,2,3,0,0,V3,1,1,-100,1,89.12,0,0,0,0,1,200
EDCF-Shield,v3b,FALCON1024+HMAC-SHA512+AES256GCM+DKG4of7,COMPROMISED_CTRL,120,44.78,27,CYCLE,54,780,1600,20,12,0.986733,0.94756,0.979899,0.975,0.984848,99.26,100,0,0.664639,0,1,3,0,0,76,1448,0.945793,1,0.4815,2,3,0,0,V3,1,1,-100,1,93.15,0,0,0,0,2,200
EDCF-Shield,v3b,FALCON1024+HMAC-SHA512+AES256GCM+DKG4of7,COMPROMISED_CTRL,120,44.78,27,CUMULATIVE,54,21082,36922,518,338,0.985457,0.968664,0.980102,0.976019,0.98422,99.09,100,0,0.664639,0,1,3,0,0,76,1448,0.945793,1,0.4815,2,3,0,0,V3,1,1,-100,1,93.15,0,0,0,0,1,200
EDCF-Shield,v3b,FALCON1024+HMAC-SHA512+AES256GCM+DKG4of7,COMPROMISED_CTRL,120,44.78,28,CYCLE,56,780,1600,20,14,0.985915,0.948296,0.97867,0.975,0.982368,99.13,100,0,0.664642,0,1,3,0,0,76,1448,0.94664,1,0.4821,2,3,0,0,V3,1,1,-100,1,97.185,0,0,0,0,2,200
EDCF-Shield,v3b,FALCON1024+HMAC-SHA512+AES256GCM+DKG4of7,COMPROMISED_CTRL,120,44.78,28,CUMULATIVE,56,21862,38522,538,352,0.985475,0.968652,0.980051,0.975982,0.984154,99.09,100,0,0.664642,0,1,3,0,0,76,1448,0.94664,1,0.4821,2,3,0,0,V3,1,1,-100,1,97.185,0,0,0,0,1,200
EDCF-Shield,v3b,FALCON1024+HMAC-SHA512+AES256GCM+DKG4of7,COMPROMISED_CTRL,120,44.78,29,CYCLE,58,780,1600,20,14,0.985915,0.948982,0.97867,0.975,0.982368,99.13,100,0,0.664646,0,1,3,0,0,76,1448,0.947426,1,0.4828,2,3,0,0,V3,1,1,-100,1,101.22,0,0,0,0,2,200
EDCF-Shield,v3b,FALCON1024+HMAC-SHA512+AES256GCM+DKG4of7,COMPROMISED_CTRL,120,44.78,29,CUMULATIVE,58,22642,40122,558,366,0.985492,0.968641,0.980003,0.975948,0.984092,99.1,100,0,0.664646,0,1,3,0,0,76,1448,0.947426,1,0.4828,2,3,0,0,V3,1,1,-100,1,101.22,0,0,0,0,1,200
EDCF-Shield,v3b,FALCON1024+HMAC-SHA512+AES256GCM+DKG4of7,COMPROMISED_CTRL,120,44.78,30,CYCLE,60,780,1600,20,12,0.986733,0.949683,0.979899,0.975,0.984848,99.26,100,0,0.664659,0,1,3,0,0,76,1448,0.948158,1,0.4833,2,3,0,0,V3,1,1,-100,1,105.25,0,0,0,0,2,200
EDCF-Shield,v3b,FALCON1024+HMAC-SHA512+AES256GCM+DKG4of7,COMPROMISED_CTRL,120,44.78,30,CUMULATIVE,60,23422,41722,578,378,0.985537,0.968694,0.98,0.975917,0.984118,99.1,100,0,0.664659,0,1,3,0,0,76,1448,0.948158,1,0.4833,2,3,0,0,V3,1,1,-100,1,105.25,0,0,0,0,1,200
EDCF-Shield,v3b,FALCON1024+HMAC-SHA512+AES256GCM+DKG4of7,COMPROMISED_CTRL,120,44.78,31,CYCLE,62,780,1600,20,14,0.985915,0.95028,0.97867,0.975,0.982368,99.13,100,0,0.664662,0,1,3,0,0,76,1448,0.948842,1,0.4839,2,3,0,0,V3,1,1,-100,1,109.285,0,0,0,0,2,200
EDCF-Shield,v3b,FALCON1024+HMAC-SHA512+AES256GCM+DKG4of7,COMPROMISED_CTRL,120,44.78,31,CUMULATIVE,62,24202,43322,598,392,0.98555,0.968681,0.979957,0.975887,0.984061,99.1,100,0,0.664662,0,1,3,0,0,76,1448,0.948842,1,0.4839,2,3,0,0,V3,1,1,-100,1,109.285,0,0,0,0,1,200
EDCF-Shield,v3b,FALCON1024+HMAC-SHA512+AES256GCM+DKG4of7,COMPROMISED_CTRL,120,44.78,32,CYCLE,64,780,1600,20,14,0.985915,0.950839,0.97867,0.975,0.982368,99.13,100,0,0.664664,0,1,3,0,0,76,1448,0.949482,1,0.4844,2,3,0,0,V3,1,1,-100,1,113.32,0,0,0,0,2,200
EDCF-Shield,v3b,FALCON1024+HMAC-SHA512+AES256GCM+DKG4of7,COMPROMISED_CTRL,120,44.78,32,CUMULATIVE,64,24982,44922,618,406,0.985563,0.968668,0.979917,0.975859,0.984008,99.1,100,0,0.664664,0,1,3,0,0,76,1448,0.949482,1,0.4844,2,3,0,0,V3,1,1,-100,1,113.32,0,0,0,0,1,200
EDCF-Shield,v3b,FALCON1024+HMAC-SHA512+AES256GCM+DKG4of7,COMPROMISED_CTRL,120,44.78,33,CYCLE,66,780,1600,20,12,0.986733,0.95142,0.979899,0.975,0.984848,99.26,100,0,0.664676,0,1,3,0,0,76,1448,0.950082,1,0.4848,2,3,0,0,V3,1,1,-100,1,117.35,0,0,0,0,2,200
EDCF-Shield,v3b,FALCON1024+HMAC-SHA512+AES256GCM+DKG4of7,COMPROMISED_CTRL,120,44.78,33,CUMULATIVE,66,25762,46522,638,418,0.985601,0.968715,0.979916,0.975833,0.984034,99.11,100,0,0.664676,0,1,3,0,0,76,1448,0.950082,1,0.4848,2,3,0,0,V3,1,1,-100,1,117.35,0,0,0,0,1,200
EDCF-Shield,v3b,FALCON1024+HMAC-SHA512+AES256GCM+DKG4of7,COMPROMISED_CTRL,120,44.78,34,CYCLE,68,780,1600,20,14,0.985915,0.951913,0.97867,0.975,0.982368,99.13,100,0,0.664678,0,1,3,0,0,76,1448,0.950646,1,0.4853,2,3,0,0,V3,1,1,-100,1,121.385,0,0,0,0,2,200
EDCF-Shield,v3b,FALCON1024+HMAC-SHA512+AES256GCM+DKG4of7,COMPROMISED_CTRL,120,44.78,34,CUMULATIVE,68,26542,48122,658,432,0.985611,0.968702,0.97988,0.975809,0.983985,99.11,100,0,0.664678,0,1,3,0,0,76,1448,0.950646,1,0.4853,2,3,0,0,V3,1,1,-100,1,121.385,0,0,0,0,1,200
EDCF-Shield,v3b,FALCON1024+HMAC-SHA512+AES256GCM+DKG4of7,COMPROMISED_CTRL,120,44.78,35,CYCLE,70,780,1600,20,14,0.985915,0.952378,0.97867,0.975,0.982368,99.13,100,0,0.664679,0,1,3,0,0,76,1448,0.951177,1,0.4857,2,3,0,0,V3,1,1,-100,1,125.42,0,0,0,0,2,200
EDCF-Shield,v3b,FALCON1024+HMAC-SHA512+AES256GCM+DKG4of7,COMPROMISED_CTRL,120,44.78,35,CUMULATIVE,70,27322,49722,678,446,0.985621,0.968689,0.979845,0.975786,0.983938,99.11,100,0,0.664679,0,1,3,0,0,76,1448,0.951177,1,0.4857,2,3,0,0,V3,1,1,-100,1,125.42,0,0,0,0,1,200
EDCF-Shield,v3b,FALCON1024+HMAC-SHA512+AES256GCM+DKG4of7,COMPROMISED_CTRL,120,44.78,36,CYCLE,72,780,1600,20,12,0.986733,0.952868,0.979899,0.975,0.984848,99.26,100,0,0.664689,0,1,3,0,0,76,1448,0.951678,1,0.4861,2,3,0,0,V3,1,1,-100,1,129.45,0,0,0,0,2,200
EDCF-Shield,v3b,FALCON1024+HMAC-SHA512+AES256GCM+DKG4of7,COMPROMISED_CTRL,120,44.78,36,CUMULATIVE,72,28102,51322,698,458,0.985654,0.968731,0.979847,0.975764,0.983964,99.12,100,0,0.664689,0,1,3,0,0,76,1448,0.951678,1,0.4861,2,3,0,0,V3,1,1,-100,1,129.45,0,0,0,0,1,200
EDCF-Shield,v3b,FALCON1024+HMAC-SHA512+AES256GCM+DKG4of7,COMPROMISED_CTRL,120,44.78,37,CYCLE,74,780,1600,20,14,0.985915,0.953281,0.97867,0.975,0.982368,99.13,100,0,0.664691,0,1,3,0,0,76,1448,0.952151,1,0.4865,2,3,0,0,V3,1,1,-100,1,133.485,0,0,0,0,2,200
EDCF-Shield,v3b,FALCON1024+HMAC-SHA512+AES256GCM+DKG4of7,COMPROMISED_CTRL,120,44.78,37,CUMULATIVE,74,28882,52922,718,472,0.985662,0.968717,0.979815,0.975743,0.98392,99.12,100,0,0.664691,0,1,3,0,0,76,1448,0.952151,1,0.4865,2,3,0,0,V3,1,1,-100,1,133.485,0,0,0,0,1,200
EDCF-Shield,v3b,FALCON1024+HMAC-SHA512+AES256GCM+DKG4of7,COMPROMISED_CTRL,120,44.78,38,CYCLE,76,780,1600,20,14,0.985915,0.953673,0.97867,0.975,0.982368,99.13,100,0,0.664692,0,1,3,0,0,76,1448,0.952599,1,0.4868,2,3,0,0,V3,1,1,-100,1,137.52,0,0,0,0,2,200
EDCF-Shield,v3b,FALCON1024+HMAC-SHA512+AES256GCM+DKG4of7,COMPROMISED_CTRL,120,44.78,38,CUMULATIVE,76,29662,54522,738,486,0.985669,0.968705,0.979785,0.975724,0.98388,99.12,100,0,0.664692,0,1,3,0,0,76,1448,0.952599,1,0.4868,2,3,0,0,V3,1,1,-100,1,137.52,0,0,0,0,1,200
EDCF-Shield,v3b,FALCON1024+HMAC-SHA512+AES256GCM+DKG4of7,COMPROMISED_CTRL,120,44.78,39,CYCLE,78,780,1600,20,12,0.986733,0.954093,0.979899,0.975,0.984848,99.26,100,0,0.664701,0,1,3,0,0,76,1448,0.953023,1,0.4872,2,3,0,0,V3,1,1,-100,1,141.55,0,0,0,0,2,200
EDCF-Shield,v3b,FALCON1024+HMAC-SHA512+AES256GCM+DKG4of7,COMPROMISED_CTRL,120,44.78,39,CUMULATIVE,78,30442,56122,758,498,0.985698,0.968742,0.979788,0.975705,0.983904,99.12,100,0,0.664701,0,1,3,0,0,76,1448,0.953023,1,0.4872,2,3,0,0,V3,1,1,-100,1,141.55,0,0,0,0,1,200
EDCF-Shield,v3b,FALCON1024+HMAC-SHA512+AES256GCM+DKG4of7,COMPROMISED_CTRL,120,44.78,40,CYCLE,80,780,1600,20,14,0.985915,0.954445,0.97867,0.975,0.982368,99.13,100,0,0.664701,0,1,3,0,0,76,1448,0.953426,1,0.4875,2,3,0,0,V3,1,1,-100,1,145.585,0,0,0,0,2,200
EDCF-Shield,v3b,FALCON1024+HMAC-SHA512+AES256GCM+DKG4of7,COMPROMISED_CTRL,120,44.78,40,CUMULATIVE,80,31222,57722,778,512,0.985704,0.968729,0.97976,0.975688,0.983866,99.12,100,0,0.664701,0,1,3,0,0,76,1448,0.953426,1,0.4875,2,3,0,0,V3,1,1,-100,1,145.585,0,0,0,0,1,200
EDCF-Shield,v3b,FALCON1024+HMAC-SHA512+AES256GCM+DKG4of7,COMPROMISED_CTRL,120,44.78,41,CYCLE,82,780,1600,20,14,0.985915,0.954779,0.97867,0.975,0.982368,99.13,100,0,0.664702,0,1,3,0,0,76,1448,0.953809,1,0.4878,2,3,0,0,V3,1,1,-100,1,149.62,0,0,0,0,2,200
EDCF-Shield,v3b,FALCON1024+HMAC-SHA512+AES256GCM+DKG4of7,COMPROMISED_CTRL,120,44.78,41,CUMULATIVE,82,32002,59322,798,526,0.985709,0.968717,0.979733,0.975671,0.983829,99.12,100,0,0.664702,0,1,3,0,0,76,1448,0.953809,1,0.4878,2,3,0,0,V3,1,1,-100,1,149.62,0,0,0,0,1,200
EDCF-Shield,v3b,FALCON1024+HMAC-SHA512+AES256GCM+DKG4of7,COMPROMISED_CTRL,120,44.78,42,CYCLE,84,780,1600,20,12,0.986733,0.955142,0.979899,0.975,0.984848,99.26,100,0,0.66471,0,1,3,0,0,76,1448,0.954172,1,0.4881,2,3,0,0,V3,1,1,-100,1,153.65,0,0,0,0,2,200
EDCF-Shield,v3b,FALCON1024+HMAC-SHA512+AES256GCM+DKG4of7,COMPROMISED_CTRL,120,44.78,42,CUMULATIVE,84,32782,60922,818,538,0.985735,0.968751,0.979737,0.975655,0.983854,99.12,100,0,0.66471,0,1,3,0,0,76,1448,0.954172,1,0.4881,2,3,0,0,V3,1,1,-100,1,153.65,0,0,0,0,1,200
EDCF-Shield,v3b,FALCON1024+HMAC-SHA512+AES256GCM+DKG4of7,COMPROMISED_CTRL,120,44.78,43,CYCLE,86,780,1600,20,14,0.985915,0.955445,0.97867,0.975,0.982368,99.13,100,0,0.66471,0,1,3,0,0,76,1448,0.954519,1,0.4884,2,3,0,0,V3,1,1,-100,1,157.685,0,0,0,0,2,200
EDCF-Shield,v3b,FALCON1024+HMAC-SHA512+AES256GCM+DKG4of7,COMPROMISED_CTRL,120,44.78,43,CUMULATIVE,86,33562,62522,838,552,0.98574,0.968739,0.979712,0.97564,0.983819,99.12,100,0,0.66471,0,1,3,0,0,76,1448,0.954519,1,0.4884,2,3,0,0,V3,1,1,-100,1,157.685,0,0,0,0,1,200
EDCF-Shield,v3b,FALCON1024+HMAC-SHA512+AES256GCM+DKG4of7,COMPROMISED_CTRL,120,44.78,44,CYCLE,88,780,1600,20,14,0.985915,0.955735,0.97867,0.975,0.982368,99.13,100,0,0.664711,0,1,3,0,0,76,1448,0.95485,1,0.4886,2,3,0,0,V3,1,1,-100,1,161.72,0,0,0,0,2,200
EDCF-Shield,v3b,FALCON1024+HMAC-SHA512+AES256GCM+DKG4of7,COMPROMISED_CTRL,120,44.78,44,CUMULATIVE,88,34342,64122,858,566,0.985744,0.968727,0.979688,0.975625,0.983786,99.13,100,0,0.664711,0,1,3,0,0,76,1448,0.95485,1,0.4886,2,3,0,0,V3,1,1,-100,1,161.72,0,0,0,0,1,200
EDCF-Shield,v3b,FALCON1024+HMAC-SHA512+AES256GCM+DKG4of7,COMPROMISED_CTRL,120,44.78,45,CYCLE,90,780,1600,20,12,0.986733,0.956052,0.979899,0.975,0.984848,99.26,100,0,0.664718,0,1,3,0,0,76,1448,0.955165,1,0.4889,2,3,0,0,V3,1,1,-100,1,165.75,0,0,0,0,2,200
EDCF-Shield,v3b,FALCON1024+HMAC-SHA512+AES256GCM+DKG4of7,COMPROMISED_CTRL,120,44.78,45,CUMULATIVE,90,35122,65722,878,578,0.985767,0.968758,0.979693,0.975611,0.98381,99.13,100,0,0.664718,0,1,3,0,0,76,1448,0.955165,1,0.4889,2,3,0,0,V3,1,1,-100,1,165.75,0,0,0,0,1,200
EDCF-Shield,v3b,FALCON1024+HMAC-SHA512+AES256GCM+DKG4of7,COMPROMISED_CTRL,120,44.78,46,CYCLE,92,780,1600,20,14,0.985915,0.956316,0.97867,0.975,0.982368,99.13,100,0,0.664718,0,1,3,0,0,76,1448,0.955467,1,0.4891,2,3,0,0,V3,1,1,-100,1,169.785,0,0,0,0,2,200
EDCF-Shield,v3b,FALCON1024+HMAC-SHA512+AES256GCM+DKG4of7,COMPROMISED_CTRL,120,44.78,46,CUMULATIVE,92,35902,67322,898,592,0.985771,0.968746,0.979671,0.975598,0.983778,99.13,100,0,0.664718,0,1,3,0,0,76,1448,0.955467,1,0.4891,2,3,0,0,V3,1,1,-100,1,169.785,0,0,0,0,1,200
EDCF-Shield,v3b,FALCON1024+HMAC-SHA512+AES256GCM+DKG4of7,COMPROMISED_CTRL,120,44.78,47,CYCLE,94,780,1600,20,14,0.985915,0.956568,0.97867,0.975,0.982368,99.13,100,0,0.664718,0,1,3,0,0,76,1448,0.955756,1,0.4894,2,3,0,0,V3,1,1,-100,1,173.82,0,0,0,0,2,200
EDCF-Shield,v3b,FALCON1024+HMAC-SHA512+AES256GCM+DKG4of7,COMPROMISED_CTRL,120,44.78,47,CUMULATIVE,94,36682,68922,918,606,0.985774,0.968735,0.97965,0.975585,0.983748,99.13,100,0,0.664718,0,1,3,0,0,76,1448,0.955756,1,0.4894,2,3,0,0,V3,1,1,-100,1,173.82,0,0,0,0,1,200
EDCF-Shield,v3b,FALCON1024+HMAC-SHA512+AES256GCM+DKG4of7,COMPROMISED_CTRL,120,44.78,48,CYCLE,96,780,1600,20,12,0.986733,0.956848,0.979899,0.975,0.984848,99.26,100,0,0.664725,0,1,3,0,0,76,1448,0.956032,1,0.4896,2,3,0,0,V3,1,1,-100,1,177.85,0,0,0,0,2,200
EDCF-Shield,v3b,FALCON1024+HMAC-SHA512+AES256GCM+DKG4of7,COMPROMISED_CTRL,120,44.78,48,CUMULATIVE,96,37462,70522,938,618,0.985795,0.968763,0.979655,0.975573,0.983771,99.13,100,0,0.664725,0,1,3,0,0,76,1448,0.956032,1,0.4896,2,3,0,0,V3,1,1,-100,1,177.85,0,0,0,0,1,200
EDCF-Shield,v3b,FALCON1024+HMAC-SHA512+AES256GCM+DKG4of7,COMPROMISED_CTRL,120,44.78,49,CYCLE,98,780,1600,20,14,0.985915,0.957079,0.97867,0.975,0.982368,99.13,100,0,0.664725,0,1,3,0,0,76,1448,0.956297,1,0.4898,2,3,0,0,V3,1,1,-100,1,181.885,0,0,0,0,2,200
EDCF-Shield,v3b,FALCON1024+HMAC-SHA512+AES256GCM+DKG4of7,COMPROMISED_CTRL,120,44.78,49,CUMULATIVE,98,38242,72122,958,632,0.985798,0.968752,0.979635,0.975561,0.983742,99.13,100,0,0.664725,0,1,3,0,0,76,1448,0.956297,1,0.4898,2,3,0,0,V3,1,1,-100,1,181.885,0,0,0,0,1,200
EDCF-Shield,v3b,FALCON1024+HMAC-SHA512+AES256GCM+DKG4of7,COMPROMISED_CTRL,120,44.78,50,CYCLE,100,780,1600,20,14,0.985915,0.957301,0.97867,0.975,0.982368,99.13,100,0,0.664725,0,1,3,0,0,76,1448,0.956552,1,0.49,2,3,0,0,V3,1,1,-100,1,185.92,0,0,0,0,2,200
EDCF-Shield,v3b,FALCON1024+HMAC-SHA512+AES256GCM+DKG4of7,COMPROMISED_CTRL,120,44.78,50,CUMULATIVE,100,39022,73722,978,646,0.9858,0.968741,0.979615,0.97555,0.983715,99.13,100,0,0.664725,0,1,3,0,0,76,1448,0.956552,1,0.49,2,3,0,0,V3,1,1,-100,1,185.92,0,0,0,0,1,200
EDCF-Shield,v3b,FALCON1024+HMAC-SHA512+AES256GCM+DKG4of7,COMPROMISED_CTRL,120,44.78,51,CYCLE,102,780,1600,20,12,0.986733,0.957551,0.979899,0.975,0.984848,99.26,100,0,0.664731,0,1,3,0,0,76,1448,0.956795,1,0.4902,2,3,0,0,V3,1,1,-100,1,189.95,0,0,0,0,2,200
EDCF-Shield,v3b,FALCON1024+HMAC-SHA512+AES256GCM+DKG4of7,COMPROMISED_CTRL,120,44.78,51,CUMULATIVE,102,39802,75322,998,658,0.985819,0.968768,0.979621,0.975539,0.983737,99.13,100,0,0.664731,0,1,3,0,0,76,1448,0.956795,1,0.4902,2,3,0,0,V3,1,1,-100,1,189.95,0,0,0,0,1,200
EDCF-Shield,v3b,FALCON1024+HMAC-SHA512+AES256GCM+DKG4of7,COMPROMISED_CTRL,120,44.78,52,CYCLE,104,780,1600,20,14,0.985915,0.957755,0.97867,0.975,0.982368,99.13,100,0,0.664731,0,1,3,0,0,76,1448,0.95703,1,0.4904,2,3,0,0,V3,1,1,-100,1,193.985,0,0,0,0,2,200
EDCF-Shield,v3b,FALCON1024+HMAC-SHA512+AES256GCM+DKG4of7,COMPROMISED_CTRL,120,44.78,52,CUMULATIVE,104,40582,76922,1018,672,0.985821,0.968757,0.979603,0.975529,0.983711,99.13,100,0,0.664731,0,1,3,0,0,76,1448,0.95703,1,0.4904,2,3,0,0,V3,1,1,-100,1,193.985,0,0,0,0,1,200
EDCF-Shield,v3b,FALCON1024+HMAC-SHA512+AES256GCM+DKG4of7,COMPROMISED_CTRL,120,44.78,53,CYCLE,106,780,1600,20,14,0.985915,0.957952,0.97867,0.975,0.982368,99.13,100,0,0.664731,0,1,3,0,0,76,1448,0.957256,1,0.4906,2,3,0,0,V3,1,1,-100,1,198.02,0,0,0,0,2,200
EDCF-Shield,v3b,FALCON1024+HMAC-SHA512+AES256GCM+DKG4of7,COMPROMISED_CTRL,120,44.78,53,CUMULATIVE,106,41362,78522,1038,686,0.985823,0.968746,0.979585,0.975519,0.983685,99.13,100,0,0.664731,0,1,3,0,0,76,1448,0.957256,1,0.4906,2,3,0,0,V3,1,1,-100,1,198.02,0,0,0,0,1,200
EDCF-Shield,v3b,FALCON1024+HMAC-SHA512+AES256GCM+DKG4of7,COMPROMISED_CTRL,120,44.78,54,CYCLE,108,780,1600,20,12,0.986733,0.958175,0.979899,0.975,0.984848,99.26,100,0,0.664736,0,1,3,0,0,76,1448,0.957473,1,0.4907,2,3,0,0,V3,1,1,-100,1,202.05,0,0,0,0,2,200
EDCF-Shield,v3b,FALCON1024+HMAC-SHA512+AES256GCM+DKG4of7,COMPROMISED_CTRL,120,44.78,54,CUMULATIVE,108,42142,80122,1058,698,0.985841,0.968772,0.979591,0.975509,0.983707,99.14,100,0,0.664736,0,1,3,0,0,76,1448,0.957473,1,0.4907,2,3,0,0,V3,1,1,-100,1,202.05,0,0,0,0,1,200
EDCF-Shield,v3b,FALCON1024+HMAC-SHA512+AES256GCM+DKG4of7,COMPROMISED_CTRL,120,44.78,55,CYCLE,110,780,1600,20,14,0.985915,0.958357,0.97867,0.975,0.982368,99.13,100,0,0.664736,0,1,3,0,0,76,1448,0.957682,1,0.4909,2,3,0,0,V3,1,1,-100,1,206.085,0,0,0,0,2,200
EDCF-Shield,v3b,FALCON1024+HMAC-SHA512+AES256GCM+DKG4of7,COMPROMISED_CTRL,120,44.78,55,CUMULATIVE,110,42922,81722,1078,712,0.985842,0.968761,0.979574,0.9755,0.983682,99.14,100,0,0.664736,0,1,3,0,0,76,1448,0.957682,1,0.4909,2,3,0,0,V3,1,1,-100,1,206.085,0,0,0,0,1,200
EDCF-Shield,v3b,FALCON1024+HMAC-SHA512+AES256GCM+DKG4of7,COMPROMISED_CTRL,120,44.78,56,CYCLE,112,780,1600,20,14,0.985915,0.958532,0.97867,0.975,0.982368,99.13,100,0,0.664736,0,1,3,0,0,76,1448,0.957883,1,0.4911,2,3,0,0,V3,1,1,-100,1,210.12,0,0,0,0,2,200
EDCF-Shield,v3b,FALCON1024+HMAC-SHA512+AES256GCM+DKG4of7,COMPROMISED_CTRL,120,44.78,56,CUMULATIVE,112,43702,83322,1098,726,0.985844,0.968751,0.979558,0.975491,0.983659,99.14,100,0,0.664736,0,1,3,0,0,76,1448,0.957883,1,0.4911,2,3,0,0,V3,1,1,-100,1,210.12,0,0,0,0,1,200
EDCF-Shield,v3b,FALCON1024+HMAC-SHA512+AES256GCM+DKG4of7,COMPROMISED_CTRL,120,44.78,57,CYCLE,114,780,1600,20,12,0.986733,0.958734,0.979899,0.975,0.984848,99.26,100,0,0.664741,0,1,3,0,0,76,1448,0.958077,1,0.4912,2,3,0,0,V3,1,1,-100,1,214.15,0,0,0,0,2,200
EDCF-Shield,v3b,FALCON1024+HMAC-SHA512+AES256GCM+DKG4of7,COMPROMISED_CTRL,120,44.78,57,CUMULATIVE,114,44482,84922,1118,738,0.98586,0.968775,0.979564,0.975482,0.98368,99.14,100,0,0.664741,0,1,3,0,0,76,1448,0.958077,1,0.4912,2,3,0,0,V3,1,1,-100,1,214.15,0,0,0,0,1,200
EDCF-Shield,v3b,FALCON1024+HMAC-SHA512+AES256GCM+DKG4of7,COMPROMISED_CTRL,120,44.78,58,CYCLE,116,780,1600,20,14,0.985915,0.958897,0.97867,0.975,0.982368,99.13,100,0,0.664741,0,1,3,0,0,76,1448,0.958265,1,0.4914,2,3,0,0,V3,1,1,-100,1,218.185,0,0,0,0,2,200
EDCF-Shield,v3b,FALCON1024+HMAC-SHA512+AES256GCM+DKG4of7,COMPROMISED_CTRL,120,44.78,58,CUMULATIVE,116,45262,86522,1138,752,0.985861,0.968765,0.979549,0.975474,0.983657,99.14,100,0,0.664741,0,1,3,0,0,76,1448,0.958265,1,0.4914,2,3,0,0,V3,1,1,-100,1,218.185,0,0,0,0,1,200
EDCF-Shield,v3b,FALCON1024+HMAC-SHA512+AES256GCM+DKG4of7,COMPROMISED_CTRL,120,44.78,59,CYCLE,118,780,1600,20,14,0.985915,0.959054,0.97867,0.975,0.982368,99.13,100,0,0.664741,0,1,3,0,0,76,1448,0.958446,1,0.4915,2,3,0,0,V3,1,1,-100,1,222.22,0,0,0,0,2,200
EDCF-Shield,v3b,FALCON1024+HMAC-SHA512+AES256GCM+DKG4of7,COMPROMISED_CTRL,120,44.78,59,CUMULATIVE,118,46042,88122,1158,766,0.985862,0.968755,0.979534,0.975466,0.983635,99.14,100,0,0.664741,0,1,3,0,0,76,1448,0.958446,1,0.4915,2,3,0,0,V3,1,1,-100,1,222.22,0,0,0,0,1,200
EDCF-Shield,v3b,FALCON1024+HMAC-SHA512+AES256GCM+DKG4of7,COMPROMISED_CTRL,120,44.78,60,CYCLE,120,780,1600,20,12,0.986733,0.959237,0.979899,0.975,0.984848,99.26,100,0,0.664745,0,1,3,0,0,76,1448,0.958621,1,0.4917,2,3,0,0,V3,1,1,-100,1,226.25,0,0,0,0,2,200
EDCF-Shield,v3b,FALCON1024+HMAC-SHA512+AES256GCM+DKG4of7,COMPROMISED_CTRL,120,44.78,60,CUMULATIVE,120,46822,89722,1178,778,0.985877,0.968777,0.97954,0.975458,0.983655,99.14,100,0,0.664745,0,1,3,0,0,76,1448,0.958621,1,0.4917,2,3,0,0,V3,1,1,-100,1,226.25,0,0,0,0,1,200
EDCF-Shield,v3b,FALCON1024+HMAC-SHA512+AES256GCM+DKG4of7,COMPROMISED_CTRL,120,44.78,61,CYCLE,122,780,1600,20,14,0.985915,0.959383,0.97867,0.975,0.982368,99.13,100,0,0.664745,0,1,3,0,0,76,1448,0.95879,1,0.4918,2,3,0,0,V3,1,1,-100,1,230.285,0,0,0,0,2,200
EDCF-Shield,v3b,FALCON1024+HMAC-SHA512+AES256GCM+DKG4of7,COMPROMISED_CTRL,120,44.78,61,CUMULATIVE,122,47602,91322,1198,792,0.985878,0.968767,0.979525,0.975451,0.983634,99.14,100,0,0.664745,0,1,3,0,0,76,1448,0.95879,1,0.4918,2,3,0,0,V3,1,1,-100,1,230.285,0,0,0,0,1,200
EDCF-Shield,v3b,FALCON1024+HMAC-SHA512+AES256GCM+DKG4of7,COMPROMISED_CTRL,120,44.78,62,CYCLE,124,780,1600,20,14,0.985915,0.959525,0.97867,0.975,0.982368,99.13,100,0,0.664745,0,1,3,0,0,76,1448,0.958954,1,0.4919,2,3,0,0,V3,1,1,-100,1,234.32,0,0,0,0,2,200
EDCF-Shield,v3b,FALCON1024+HMAC-SHA512+AES256GCM+DKG4of7,COMPROMISED_CTRL,120,44.78,62,CUMULATIVE,124,48382,92922,1218,806,0.985879,0.968758,0.979512,0.975444,0.983614,99.14,100,0,0.664745,0,1,3,0,0,76,1448,0.958954,1,0.4919,2,3,0,0,V3,1,1,-100,1,234.32,0,0,0,0,1,200
EDCF-Shield,v3b,FALCON1024+HMAC-SHA512+AES256GCM+DKG4of7,COMPROMISED_CTRL,120,44.78,63,CYCLE,126,780,1600,20,12,0.986733,0.959692,0.979899,0.975,0.984848,99.26,100,0,0.664749,0,1,3,0,0,76,1448,0.959112,1,0.4921,2,3,0,0,V3,1,1,-100,1,238.35,0,0,0,0,2,200
EDCF-Shield,v3b,FALCON1024+HMAC-SHA512+AES256GCM+DKG4of7,COMPROMISED_CTRL,120,44.78,63,CUMULATIVE,126,49162,94522,1238,818,0.985893,0.968779,0.979518,0.975437,0.983633,99.14,100,0,0.664749,0,1,3,0,0,76,1448,0.959112,1,0.4921,2,3,0,0,V3,1,1,-100,1,238.35,0,0,0,0,1,200
EDCF-Shield,v3b,FALCON1024+HMAC-SHA512+AES256GCM+DKG4of7,COMPROMISED_CTRL,120,44.78,64,CYCLE,128,780,1600,20,14,0.985915,0.959824,0.97867,0.975,0.982368,99.13,100,0,0.664749,0,1,3,0,0,76,1448,0.959265,1,0.4922,2,3,0,0,V3,1,1,-100,1,242.385,0,0,0,0,2,200
EDCF-Shield,v3b,FALCON1024+HMAC-SHA512+AES256GCM+DKG4of7,COMPROMISED_CTRL,120,44.78,64,CUMULATIVE,128,49942,96122,1258,832,0.985893,0.96877,0.979505,0.97543,0.983614,99.14,100,0,0.664749,0,1,3,0,0,76,1448,0.959265,1,0.4922,2,3,0,0,V3,1,1,-100,1,242.385,0,0,0,0,1,200
EDCF-Shield,v3b,FALCON1024+HMAC-SHA512+AES256GCM+DKG4of7,COMPROMISED_CTRL,120,44.78,65,CYCLE,130,780,1600,20,14,0.985915,0.959953,0.97867,0.975,0.982368,99.13,100,0,0.664748,0,1,3,0,0,76,1448,0.959414,1,0.4923,2,3,0,0,V3,1,1,-100,1,246.42,0,0,0,0,2,200
EDCF-Shield,v3b,FALCON1024+HMAC-SHA512+AES256GCM+DKG4of7,COMPROMISED_CTRL,120,44.78,65,CUMULATIVE,130,50722,97722,1278,846,0.985893,0.968761,0.979492,0.975423,0.983594,99.14,100,0,0.664748,0,1,3,0,0,76,1448,0.959414,1,0.4923,2,3,0,0,V3,1,1,-100,1,246.42,0,0,0,0,1,200
EDCF-Shield,v3b,FALCON1024+HMAC-SHA512+AES256GCM+DKG4of7,COMPROMISED_CTRL,120,44.78,66,CYCLE,132,780,1600,20,12,0.986733,0.960105,0.979899,0.975,0.984848,99.26,100,0,0.664752,0,1,3,0,0,76,1448,0.959557,1,0.4924,2,3,0,0,V3,1,1,-100,1,250.45,0,0,0,0,2,200
EDCF-Shield,v3b,FALCON1024+HMAC-SHA512+AES256GCM+DKG4of7,COMPROMISED_CTRL,120,44.78,66,CUMULATIVE,132,51502,99322,1298,858,0.985907,0.968781,0.979498,0.975417,0.983613,99.14,100,0,0.664752,0,1,3,0,0,76,1448,0.959557,1,0.4924,2,3,0,0,V3,1,1,-100,1,250.45,0,0,0,0,1,200
EDCF-Shield,v3b,FALCON1024+HMAC-SHA512+AES256GCM+DKG4of7,COMPROMISED_CTRL,120,44.78,67,CYCLE,134,780,1600,20,14,0.985915,0.960226,0.97867,0.975,0.982368,99.13,100,0,0.664752,0,1,3,0,0,76,1448,0.959697,1,0.4925,2,3,0,0,V3,1,1,-100,1,254.485,0,0,0,0,2,200
EDCF-Shield,v3b,FALCON1024+HMAC-SHA512+AES256GCM+DKG4of7,COMPROMISED_CTRL,120,44.78,67,CUMULATIVE,134,52282,100922,1318,872,0.985907,0.968772,0.979486,0.97541,0.983595,99.14,100,0,0.664752,0,1,3,0,0,76,1448,0.959697,1,0.4925,2,3,0,0,V3,1,1,-100,1,254.485,0,0,0,0,1,200
EDCF-Shield,v3b,FALCON1024+HMAC-SHA512+AES256GCM+DKG4of7,COMPROMISED_CTRL,120,44.78,68,CYCLE,136,780,1600,20,14,0.985915,0.960343,0.97867,0.975,0.982368,99.13,100,0,0.664752,0,1,3,0,0,76,1448,0.959833,1,0.4926,2,3,0,0,V3,1,1,-100,1,258.52,0,0,0,0,2,200
EDCF-Shield,v3b,FALCON1024+HMAC-SHA512+AES256GCM+DKG4of7,COMPROMISED_CTRL,120,44.78,68,CUMULATIVE,136,53062,102522,1338,886,0.985907,0.968763,0.979474,0.975404,0.983577,99.14,100,0,0.664752,0,1,3,0,0,76,1448,0.959833,1,0.4926,2,3,0,0,V3,1,1,-100,1,258.52,0,0,0,0,1,200
EDCF-Shield,v3b,FALCON1024+HMAC-SHA512+AES256GCM+DKG4of7,COMPROMISED_CTRL,120,44.78,69,CYCLE,138,780,1600,20,12,0.986733,0.960483,0.979899,0.975,0.984848,99.26,100,0,0.664756,0,1,3,0,0,76,1448,0.959964,1,0.4928,2,3,0,0,V3,1,1,-100,1,262.55,0,0,0,0,2,200
EDCF-Shield,v3b,FALCON1024+HMAC-SHA512+AES256GCM+DKG4of7,COMPROMISED_CTRL,120,44.78,69,CUMULATIVE,138,53842,104122,1358,898,0.985919,0.968782,0.97948,0.975399,0.983595,99.14,100,0,0.664756,0,1,3,0,0,76,1448,0.959964,1,0.4928,2,3,0,0,V3,1,1,-100,1,262.55,0,0,0,0,1,200
EDCF-Shield,v3b,FALCON1024+HMAC-SHA512+AES256GCM+DKG4of7,COMPROMISED_CTRL,120,44.78,70,CYCLE,140,780,1600,20,14,0.985915,0.960593,0.97867,0.975,0.982368,99.13,100,0,0.664755,0,1,3,0,0,76,1448,0.960092,1,0.4929,2,3,0,0,V3,1,1,-100,1,266.585,0,0,0,0,2,200
EDCF-Shield,v3b,FALCON1024+HMAC-SHA512+AES256GCM+DKG4of7,COMPROMISED_CTRL,120,44.78,70,CUMULATIVE,140,54622,105722,1378,912,0.985919,0.968774,0.979468,0.975393,0.983578,99.14,100,0,0.664755,0,1,3,0,0,76,1448,0.960092,1,0.4929,2,3,0,0,V3,1,1,-100,1,266.585,0,0,0,0,1,200
EDCF-Shield,v3b,FALCON1024+HMAC-SHA512+AES256GCM+DKG4of7,COMPROMISED_CTRL,120,44.78,71,CYCLE,142,780,1600,20,14,0.985915,0.960699,0.97867,0.975,0.982368,99.13,100,0,0.664755,0,1,3,0,0,76,1448,0.960216,1,0.493,2,3,0,0,V3,1,1,-100,1,270.62,0,0,0,0,2,200
EDCF-Shield,v3b,FALCON1024+HMAC-SHA512+AES256GCM+DKG4of7,COMPROMISED_CTRL,120,44.78,71,CUMULATIVE,142,55402,107322,1398,926,0.985919,0.968765,0.979457,0.975387,0.983561,99.14,100,0,0.664755,0,1,3,0,0,76,1448,0.960216,1,0.493,2,3,0,0,V3,1,1,-100,1,270.62,0,0,0,0,1,200
EDCF-Shield,v3b,FALCON1024+HMAC-SHA512+AES256GCM+DKG4of7,COMPROMISED_CTRL,120,44.78,72,CYCLE,144,780,1600,20,12,0.986733,0.960829,0.979899,0.975,0.984848,99.26,100,0,0.664758,0,1,3,0,0,76,1448,0.960336,1,0.4931,2,3,0,0,V3,1,1,-100,1,274.65,0,0,0,0,2,200
EDCF-Shield,v3b,FALCON1024+HMAC-SHA512+AES256GCM+DKG4of7,COMPROMISED_CTRL,120,44.78,72,CUMULATIVE,144,56182,108922,1418,938,0.985931,0.968784,0.979463,0.975382,0.983578,99.15,100,0,0.664758,0,1,3,0,0,76,1448,0.960336,1,0.4931,2,3,0,0,V3,1,1,-100,1,274.65,0,0,0,0,1,200
EDCF-Shield,v3b,FALCON1024+HMAC-SHA512+AES256GCM+DKG4of7,COMPROMISED_CTRL,120,44.78,73,CYCLE,146,780,1600,20,14,0.985915,0.96093,0.97867,0.975,0.982368,99.13,100,0,0.664758,0,1,3,0,0,76,1448,0.960454,1,0.4932,2,3,0,0,V3,1,1,-100,1,278.685,0,0,0,0,2,200
EDCF-Shield,v3b,FALCON1024+HMAC-SHA512+AES256GCM+DKG4of7,COMPROMISED_CTRL,120,44.78,73,CUMULATIVE,146,56962,110522,1438,952,0.985931,0.968775,0.979452,0.975377,0.983562,99.15,100,0,0.664758,0,1,3,0,0,76,1448,0.960454,1,0.4932,2,3,0,0,V3,1,1,-100,1,278.685,0,0,0,0,1,200
EDCF-Shield,v3b,FALCON1024+HMAC-SHA512+AES256GCM+DKG4of7,COMPROMISED_CTRL,120,44.78,74,CYCLE,148,780,1600,20,14,0.985915,0.961027,0.97867,0.975,0.982368,99.13,100,0,0.664758,0,1,3,0,0,76,1448,0.960568,1,0.4932,2,3,0,0,V3,1,1,-100,1,282.72,0,0,0,0,2,200
EDCF-Shield,v3b,FALCON1024+HMAC-SHA512+AES256GCM+DKG4of7,COMPROMISED_CTRL,120,44.78,74,CUMULATIVE,148,57742,112122,1458,966,0.985931,0.968767,0.979442,0.975372,0.983546,99.15,100,0,0.664758,0,1,3,0,0,76,1448,0.960568,1,0.4932,2,3,0,0,V3,1,1,-100,1,282.72,0,0,0,0,1,200
EDCF-Shield,v3b,FALCON1024+HMAC-SHA512+AES256GCM+DKG4of7,COMPROMISED_CTRL,120,44.78,75,CYCLE,150,780,1600,20,12,0.986733,0.961147,0.979899,0.975,0.984848,99.26,100,0,0.664761,0,1,3,0,0,76,1448,0.960678,1,0.4933,2,3,0,0,V3,1,1,-100,1,286.75,0,0,0,0,2,200
EDCF-Shield,v3b,FALCON1024+HMAC-SHA512+AES256GCM+DKG4of7,COMPROMISED_CTRL,120,44.78,75,CUMULATIVE,150,58522,113722,1478,978,0.985942,0.968785,0.979448,0.975367,0.983563,99.15,100,0,0.664761,0,1,3,0,0,76,1448,0.960678,1,0.4933,2,3,0,0,V3,1,1,-100,1,286.75,0,0,0,0,1,200
EDCF-Shield,v3b,FALCON1024+HMAC-SHA512+AES256GCM+DKG4of7,COMPROMISED_CTRL,120,44.78,76,CYCLE,152,780,1600,20,14,0.985915,0.96124,0.97867,0.975,0.982368,99.13,100,0,0.664761,0,1,3,0,0,76,1448,0.960786,1,0.4934,2,3,0,0,V3,1,1,-100,1,290.785,0,0,0,0,2,200
EDCF-Shield,v3b,FALCON1024+HMAC-SHA512+AES256GCM+DKG4of7,COMPROMISED_CTRL,120,44.78,76,CUMULATIVE,152,59302,115322,1498,992,0.985941,0.968777,0.979437,0.975362,0.983547,99.15,100,0,0.664761,0,1,3,0,0,76,1448,0.960786,1,0.4934,2,3,0,0,V3,1,1,-100,1,290.785,0,0,0,0,1,200
EDCF-Shield,v3b,FALCON1024+HMAC-SHA512+AES256GCM+DKG4of7,COMPROMISED_CTRL,120,44.78,77,CYCLE,154,780,1600,20,14,0.985915,0.96133,0.97867,0.975,0.982368,99.13,100,0,0.66476,0,1,3,0,0,76,1448,0.960892,1,0.4935,2,3,0,0,V3,1,1,-100,1,294.82,0,0,0,0,2,200
EDCF-Shield,v3b,FALCON1024+HMAC-SHA512+AES256GCM+DKG4of7,COMPROMISED_CTRL,120,44.78,77,CUMULATIVE,154,60082,116922,1518,1006,0.985941,0.968769,0.979427,0.975357,0.983532,99.15,100,0,0.66476,0,1,3,0,0,76,1448,0.960892,1,0.4935,2,3,0,0,V3,1,1,-100,1,294.82,0,0,0,0,1,200
EDCF-Shield,v3b,FALCON1024+HMAC-SHA512+AES256GCM+DKG4of7,COMPROMISED_CTRL,120,44.78,78,CYCLE,156,780,1600,20,12,0.986733,0.961441,0.979899,0.975,0.984848,99.26,100,0,0.664763,0,1,3,0,0,76,1448,0.960994,1,0.4936,2,3,0,0,V3,1,1,-100,1,298.85,0,0,0,0,2,200
EDCF-Shield,v3b,FALCON1024+HMAC-SHA512+AES256GCM+DKG4of7,COMPROMISED_CTRL,120,44.78,78,CUMULATIVE,156,60862,118522,1538,1018,0.985951,0.968786,0.979434,0.975353,0.983549,99.15,100,0,0.664763,0,1,3,0,0,76,1448,0.960994,1,0.4936,2,3,0,0,V3,1,1,-100,1,298.85,0,0,0,0,1,200
EDCF-Shield,v3b,FALCON1024+HMAC-SHA512+AES256GCM+DKG4of7,COMPROMISED_CTRL,120,44.78,79,CYCLE,158,780,1600,20,14,0.985915,0.961527,0.97867,0.975,0.982368,99.13,100,0,0.664763,0,1,3,0,0,76,1448,0.961094,1,0.4937,2,3,0,0,V3,1,1,-100,1,302.885,0,0,0,0,2,200
EDCF-Shield,v3b,FALCON1024+HMAC-SHA512+AES256GCM+DKG4of7,COMPROMISED_CTRL,120,44.78,79,CUMULATIVE,158,61642,120122,1558,1032,0.985951,0.968778,0.979424,0.975348,0.983534,99.15,100,0,0.664763,0,1,3,0,0,76,1448,0.961094,1,0.4937,2,3,0,0,V3,1,1,-100,1,302.885,0,0,0,0,1,200
EDCF-Shield,v3b,FALCON1024+HMAC-SHA512+AES256GCM+DKG4of7,COMPROMISED_CTRL,120,44.78,80,CYCLE,160,780,1600,20,14,0.985915,0.96161,0.97867,0.975,0.982368,99.13,100,0,0.664762,0,1,3,0,0,76,1448,0.961191,1,0.4938,2,3,0,0,V3,1,1,-100,1,306.92,0,0,0,0,2,200
EDCF-Shield,v3b,FALCON1024+HMAC-SHA512+AES256GCM+DKG4of7,COMPROMISED_CTRL,120,44.78,80,CUMULATIVE,160,62422,121722,1578,1046,0.98595,0.96877,0.979414,0.975344,0.983519,99.15,100,0,0.664762,0,1,3,0,0,76,1448,0.961191,1,0.4938,2,3,0,0,V3,1,1,-100,1,306.92,0,0,0,0,1,200
EDCF-Shield,v3b,FALCON1024+HMAC-SHA512+AES256GCM+DKG4of7,COMPROMISED_CTRL,120,44.78,81,CYCLE,162,780,1600,20,12,0.986733,0.961714,0.979899,0.975,0.984848,99.26,100,0,0.664766,0,1,3,0,0,76,1448,0.961286,1,0.4938,2,3,0,0,V3,1,1,-100,1,310.95,0,0,0,0,2,200
EDCF-Shield,v3b,FALCON1024+HMAC-SHA512+AES256GCM+DKG4of7,COMPROMISED_CTRL,120,44.78,81,CUMULATIVE,162,63202,123322,1598,1058,0.98596,0.968786,0.97942,0.97534,0.983536,99.15,100,0,0.664766,0,1,3,0,0,76,1448,0.961286,1,0.4938,2,3,0,0,V3,1,1,-100,1,310.95,0,0,0,0,1,200
EDCF-Shield,v3b,FALCON1024+HMAC-SHA512+AES256GCM+DKG4of7,COMPROMISED_CTRL,120,44.78,82,CYCLE,164,780,1600,20,14,0.985915,0.961792,0.97867,0.975,0.982368,99.13,100,0,0.664765,0,1,3,0,0,76,1448,0.961378,1,0.4939,2,3,0,0,V3,1,1,-100,1,314.985,0,0,0,0,2,200
EDCF-Shield,v3b,FALCON1024+HMAC-SHA512+AES256GCM+DKG4of7,COMPROMISED_CTRL,120,44.78,82,CUMULATIVE,164,63982,124922,1618,1072,0.98596,0.968779,0.979411,0.975335,0.983521,99.15,100,0,0.664765,0,1,3,0,0,76,1448,0.961378,1,0.4939,2,3,0,0,V3,1,1,-100,1,314.985,0,0,0,0,1,200
EDCF-Shield,v3b,FALCON1024+HMAC-SHA512+AES256GCM+DKG4of7,COMPROMISED_CTRL,120,44.78,83,CYCLE,166,780,1600,20,14,0.985915,0.961869,0.97867,0.975,0.982368,99.13,100,0,0.664765,0,1,3,0,0,76,1448,0.961469,1,0.494,2,3,0,0,V3,1,1,-100,1,319.02,0,0,0,0,2,200
EDCF-Shield,v3b,FALCON1024+HMAC-SHA512+AES256GCM+DKG4of7,COMPROMISED_CTRL,120,44.78,83,CUMULATIVE,166,64762,126522,1638,1086,0.985959,0.968772,0.979402,0.975331,0.983507,99.15,100,0,0.664765,0,1,3,0,0,76,1448,0.961469,1,0.494,2,3,0,0,V3,1,1,-100,1,319.02,0,0,0,0,1,200
EDCF-Shield,v3b,FALCON1024+HMAC-SHA512+AES256GCM+DKG4of7,COMPROMISED_CTRL,120,44.78,84,CYCLE,168,780,1600,20,12,0.986733,0.961966,0.979899,0.975,0.984848,99.26,100,0,0.664768,0,1,3,0,0,76,1448,0.961557,1,0.494,2,3,0,0,V3,1,1,-100,1,323.05,0,0,0,0,2,200
EDCF-Shield,v3b,FALCON1024+HMAC-SHA512+AES256GCM+DKG4of7,COMPROMISED_CTRL,120,44.78,84,CUMULATIVE,168,65542,128122,1658,1098,0.985969,0.968787,0.979408,0.975327,0.983523,99.15,100,0,0.664768,0,1,3,0,0,76,1448,0.961557,1,0.494,2,3,0,0,V3,1,1,-100,1,323.05,0,0,0,0,1,200
EDCF-Shield,v3b,FALCON1024+HMAC-SHA512+AES256GCM+DKG4of7,COMPROMISED_CTRL,120,44.78,85,CYCLE,170,780,1600,20,14,0.985915,0.962039,0.97867,0.975,0.982368,99.13,100,0,0.664767,0,1,3,0,0,76,1448,0.961643,1,0.4941,2,3,0,0,V3,1,1,-100,1,327.085,0,0,0,0,2,200
EDCF-Shield,v3b,FALCON1024+HMAC-SHA512+AES256GCM+DKG4of7,COMPROMISED_CTRL,120,44.78,85,CUMULATIVE,170,66322,129722,1678,1112,0.985968,0.96878,0.9794,0.975324,0.98351,99.15,100,0,0.664767,0,1,3,0,0,76,1448,0.961643,1,0.4941,2,3,0,0,V3,1,1,-100,1,327.085,0,0,0,0,1,200
EDCF-Shield,v3b,FALCON1024+HMAC-SHA512+AES256GCM+DKG4of7,COMPROMISED_CTRL,120,44.78,86,CYCLE,172,780,1600,20,14,0.985915,0.962111,0.97867,0.975,0.982368,99.13,100,0,0.664767,0,1,3,0,0,76,1448,0.961727,1,0.4942,2,3,0,0,V3,1,1,-100,1,331.12,0,0,0,0,2,200
EDCF-Shield,v3b,FALCON1024+HMAC-SHA512+AES256GCM+DKG4of7,COMPROMISED_CTRL,120,44.78,86,CUMULATIVE,172,67102,131322,1698,1126,0.985968,0.968773,0.979391,0.97532,0.983497,99.15,100,0,0.664767,0,1,3,0,0,76,1448,0.961727,1,0.4942,2,3,0,0,V3,1,1,-100,1,331.12,0,0,0,0,1,200
EDCF-Shield,v3b,FALCON1024+HMAC-SHA512+AES256GCM+DKG4of7,COMPROMISED_CTRL,120,44.78,87,CYCLE,174,780,1600,20,12,0.986733,0.962202,0.979899,0.975,0.984848,99.26,100,0,0.66477,0,1,3,0,0,76,1448,0.961809,1,0.4943,2,3,0,0,V3,1,1,-100,1,335.15,0,0,0,0,2,200
EDCF-Shield,v3b,FALCON1024+HMAC-SHA512+AES256GCM+DKG4of7,COMPROMISED_CTRL,120,44.78,87,CUMULATIVE,174,67882,132922,1718,1138,0.985977,0.968788,0.979397,0.975316,0.983512,99.15,100,0,0.66477,0,1,3,0,0,76,1448,0.961809,1,0.4943,2,3,0,0,V3,1,1,-100,1,335.15,0,0,0,0,1,200
EDCF-Shield,v3b,FALCON1024+HMAC-SHA512+AES256GCM+DKG4of7,COMPROMISED_CTRL,120,44.78,88,CYCLE,176,780,1600,20,14,0.985915,0.962269,0.97867,0.975,0.982368,99.13,100,0,0.664769,0,1,3,0,0,76,1448,0.961889,1,0.4943,2,3,0,0,V3,1,1,-100,1,339.185,0,0,0,0,2,200
EDCF-Shield,v3b,FALCON1024+HMAC-SHA512+AES256GCM+DKG4of7,COMPROMISED_CTRL,120,44.78,88,CUMULATIVE,176,68662,134522,1738,1152,0.985976,0.968781,0.979389,0.975313,0.983499,99.15,100,0,0.664769,0,1,3,0,0,76,1448,0.961889,1,0.4943,2,3,0,0,V3,1,1,-100,1,339.185,0,0,0,0,1,200
EDCF-Shield,v3b,FALCON1024+HMAC-SHA512+AES256GCM+DKG4of7,COMPROMISED_CTRL,120,44.78,89,CYCLE,178,780,1600,20,14,0.985915,0.962336,0.97867,0.975,0.982368,99.13,100,0,0.664769,0,1,3,0,0,76,1448,0.961967,1,0.4944,2,3,0,0,V3,1,1,-100,1,343.22,0,0,0,0,2,200
EDCF-Shield,v3b,FALCON1024+HMAC-SHA512+AES256GCM+DKG4of7,COMPROMISED_CTRL,120,44.78,89,CUMULATIVE,178,69442,136122,1758,1166,0.985975,0.968774,0.979381,0.975309,0.983486,99.15,100,0,0.664769,0,1,3,0,0,76,1448,0.961967,1,0.4944,2,3,0,0,V3,1,1,-100,1,343.22,0,0,0,0,1,200
EDCF-Shield,v3b,FALCON1024+HMAC-SHA512+AES256GCM+DKG4of7,COMPROMISED_CTRL,120,44.78,90,CYCLE,179.5,468,1040,12,8,0.986911,0.962416,0.979079,0.975,0.983193,99.24,100,0,0.66477,0,1,3,0,0,76,1448,0.962044,1,0.4958,2,3,0,0,V3,1,1,-100,1,345.84,0,0,0,0,2,200
EDCF-Shield,v3b,FALCON1024+HMAC-SHA512+AES256GCM+DKG4of7,COMPROMISED_CTRL,120,44.78,90,CUMULATIVE,179.5,69910,137162,1770,1174,0.985982,0.96878,0.979379,0.975307,0.983484,99.15,100,0,0.66477,0,1,3,0,0,76,1448,0.962044,1,0.4958,2,3,0,0,V3,1,1,-100,1,345.84,0,0,0,0,1,200
EDCF-Shield,v3b,FALCON1024+HMAC-SHA512+AES256GCM+DKG4of7,COMPROMISED_CTRL,180,67.16,1,CYCLE,2,200,0,0,0,1,0.5,1,1,1,0,100,0,0,0,1,0,0,0,76,1448,0,1,0,0,0,0,0,V3,0,1,-100,1,0,0,0,0,0,0,200
EDCF-Shield,v3b,FALCON1024+HMAC-SHA512+AES256GCM+DKG4of7,COMPROMISED_CTRL,180,67.16,1,CUMULATIVE,2,200,0,0,0,1,0.5,1,1,1,0,100,0,0,0,1,0,0,0,76,1448,0,1,0,0,0,0,0,V3,0,1,-100,1,0,0,0,0,0,0,200
EDCF-Shield,v3b,FALCON1024+HMAC-SHA512+AES256GCM+DKG4of7,COMPROMISED_CTRL,180,67.16,2,CYCLE,4,182,156,18,6,0.933702,0.684395,0.938144,0.91,0.968085,96.3,100,0,0.658228,0,1,3,0,0,76,1448,0.5,1,0.25,2,3,0,0,V3,1,1,-100,1,0.405,0,0,0,0,2,200
EDCF-Shield,v3b,FALCON1024+HMAC-SHA512+AES256GCM+DKG4of7,COMPROMISED_CTRL,180,67.16,2,CUMULATIVE,4,382,156,18,6,0.957295,0.899336,0.969543,0.955,0.984536,96.3,100,0,0.658228,0,1,3,0,0,76,1448,0.5,1,0.25,2,3,0,0,V3,1,1,-100,1,0.405,0,0,0,0,1,200
EDCF-Shield,v3b,FALCON1024+HMAC-SHA512+AES256GCM+DKG4of7,COMPROMISED_CTRL,180,67.16,3,CYCLE,6,180,420,20,12,0.949367,0.750289,0.918367,0.9,0.9375,97.22,100,0,0.659794,0,1,3,0,0,76,1448,0.699668,1,0.3333,2,3,0,0,V3,1,1,-100,1,1.485,0,0,0,0,2,200
EDCF-Shield,v3b,FALCON1024+HMAC-SHA512+AES256GCM+DKG4of7,COMPROMISED_CTRL,180,67.16,3,CUMULATIVE,6,562,576,38,18,0.953099,0.90672,0.952542,0.936667,0.968966,96.97,100,0,0.659794,0,1,3,0,0,76,1448,0.699668,1,0.3333,2,3,0,0,V3,1,1,-100,1,1.485,0,0,0,0,1,200
EDCF-Shield,v3b,FALCON1024+HMAC-SHA512+AES256GCM+DKG4of7,COMPROMISED_CTRL,180,67.16,4,CYCLE,8,180,686,20,14,0.962222,0.785142,0.913706,0.9,0.927835,98,100,0,0.661079,0,1,3,0,0,76,1448,0.768685,1,0.375,2,3,0,0,V3,1,1,-100,1,3.235,0,0,0,0,2,200
EDCF-Shield,v3b,FALCON1024+HMAC-SHA512+AES256GCM+DKG4of7,COMPROMISED_CTRL,180,67.16,4,CUMULATIVE,8,742,1262,58,32,0.95702,0.908724,0.942821,0.9275,0.958656,97.53,100,0,0.661079,0,1,3,0,0,76,1448,0.768685,1,0.375,2,3,0,0,V3,1,1,-100,1,3.235,0,0,0,0,1,200
EDCF-Shield,v3b,FALCON1024+HMAC-SHA512+AES256GCM+DKG4of7,COMPROMISED_CTRL,180,67.16,5,CYCLE,10,180,954,20,14,0.97089,0.807384,0.913706,0.9,0.927835,98.55,100,0,0.662085,0,1,3,0,0,76,1448,0.803695,1,0.4,2,3,0,0,V3,1,1,-100,1,5.655,0,0,0,0,2,200
EDCF-Shield,v3b,FALCON1024+HMAC-SHA512+AES256GCM+DKG4of7,COMPROMISED_CTRL,180,67.16,5,CUMULATIVE,10,922,2216,78,46,0.961987,0.910032,0.936992,0.922,0.952479,97.97,100,0,0.662085,0,1,3,0,0,76,1448,0.803695,1,0.4,2,3,0,0,V3,1,1,-100,1,5.655,0,0,0,0,1,200
EDCF-Shield,v3b,FALCON1024+HMAC-SHA512+AES256GCM+DKG4of7,COMPROMISED_CTRL,180,67.16,6,CYCLE,12,180,1220,20,12,0.977654,0.823767,0.918367,0.9,0.9375,99.03,100,0,0.662937,0,1,3,0,0,76,1448,0.824962,1,0.4167,2,3,0,0,V3,1,1,-100,1,8.735,0,0,0,0,2,200
EDCF-Shield,v3b,FALCON1024+HMAC-SHA512+AES256GCM+DKG4of7,COMPROMISED_CTRL,180,67.16,6,CUMULATIVE,12,1102,3436,98,58,0.966766,0.911944,0.933898,0.918333,0.95,98.34,100,0,0.662937,0,1,3,0,0,76,1448,0.824962,1,0.4167,2,3,0,0,V3,1,1,-100,1,8.735,0,0,0,0,1,200
EDCF-Shield,v3b,FALCON1024+HMAC-SHA512+AES256GCM+DKG4of7,COMPROMISED_CTRL,180,67.16,7,CYCLE,14,180,1486,20,14,0.98,0.835019,0.913706,0.9,0.927835,99.07,100,0,0.663432,0,1,3,0,0,76,1448,0.839459,1,0.4286,2,3,0,0,V3,1,1,-100,1,12.485,0,0,0,0,2,200
EDCF-Shield,v3b,FALCON1024+HMAC-SHA512+AES256GCM+DKG4of7,COMPROMISED_CTRL,180,67.16,7,CUMULATIVE,14,1282,4922,118,72,0.970285,0.912287,0.931009,0.915714,0.946824,98.56,100,0,0.663432,0,1,3,0,0,76,1448,0.839459,1,0.4286,2,3,0,0,V3,1,1,-100,1,12.485,0,0,0,0,1,200
EDCF-Shield,v3b,FALCON1024+HMAC-SHA512+AES256GCM+DKG4of7,COMPROMISED_CTRL,180,67.16,8,CYCLE,16,180,1754,20,14,0.982724,0.843672,0.913706,0.9,0.927835,99.21,100,0,0.663816,0,1,3,0,0,76,1448,0.849863,1,0.4375,2,3,0,0,V3,1,1,-100,1,16.905,0,0,0,0,2,200
EDCF-Shield,v3b,FALCON1024+HMAC-SHA512+AES256GCM+DKG4of7,COMPROMISED_CTRL,180,67.16,8,CUMULATIVE,16,1462,6676,138,86,0.973212,0.912538,0.928844,0.91375,0.944444,98.73,100,0,0.663816,0,1,3,0,0,76,1448,0.849863,1,0.4375,2,3,0,0,V3,1,1,-100,1,16.905,0,0,0,0,1,200
EDCF-Shield,v3b,FALCON1024+HMAC-SHA512+AES256GCM+DKG4of7,COMPROMISED_CTRL,180,67.16,9,CYCLE,18,180,2020,20,12,0.985663,0.851124,0.918367,0.9,0.9375,99.41,100,0,0.664172,0,1,3,0,0,76,1448,0.857698,1,0.4444,2,3,0,0,V3,1,1,-100,1,21.985,0,0,0,0,2,200
EDCF-Shield,v3b,FALCON1024+HMAC-SHA512+AES256GCM+DKG4of7,COMPROMISED_CTRL,180,67.16,9,CUMULATIVE,18,1642,8696,158,98,0.975835,0.913372,0.927684,0.912222,0.943678,98.89,100,0,0.664172,0,1,3,0,0,76,1448,0.857698,1,0.4444,2,3,0,0,V3,1,1,-100,1,21.985,0,0,0,0,1,200
EDCF-Shield,v3b,FALCON1024+HMAC-SHA512+AES256GCM+DKG4of7,COMPROMISED_CTRL,180,67.16,10,CYCLE,20,180,2286,20,14,0.9864,0.856656,0.913706,0.9,0.927835,99.39,100,0,0.664408,0,1,3,0,0,76,1448,0.863884,1,0.45,2,3,0,0,V3,1,1,-100,1,27.735,0,0,0,0,2,200
EDCF-Shield,v3b,FALCON1024+HMAC-SHA512+AES256GCM+DKG4of7,COMPROMISED_CTRL,180,67.16,10,CUMULATIVE,20,1822,10982,178,112,0.977852,0.913435,0.926284,0.911,0.942089,98.99,100,0,0.664408,0,1,3,0,0,76,1448,0.863884,1,0.45,2,3,0,0,V3,1,1,-100,1,27.735,0,0,0,0,1,200
EDCF-Shield,v3b,FALCON1024+HMAC-SHA512+AES256GCM+DKG4of7,COMPROMISED_CTRL,180,67.16,11,CYCLE,22,180,2400,20,14,0.986993,0.861215,0.913706,0.9,0.927835,99.42,100,0,0.664581,0,1,3,0,0,76,1448,0.868839,1,0.4545,2,3,0,0,V3,1,1,-100,1,33.77,0,0,0,0,2,200
EDCF-Shield,v3b,FALCON1024+HMAC-SHA512+AES256GCM+DKG4of7,COMPROMISED_CTRL,180,67.16,11,CUMULATIVE,22,2002,13382,198,126,0.979374,0.913351,0.925139,0.91,0.940789,99.07,100,0,0.664581,0,1,3,0,0,76,1448,0.868839,1,0.4545,2,3,0,0,V3,1,1,-100,1,33.77,0,0,0,0,1,200
EDCF-Shield,v3b,FALCON1024+HMAC-SHA512+AES256GCM+DKG4of7,COMPROMISED_CTRL,180,67.16,12,CYCLE,24,180,2400,20,12,0.987749,0.865444,0.918367,0.9,0.9375,99.5,100,0,0.664729,0,1,3,0,0,76,1448,0.872885,1,0.4583,2,3,0,0,V3,1,1,-100,1,39.8,0,0,0,0,2,200
EDCF-Shield,v3b,FALCON1024+HMAC-SHA512+AES256GCM+DKG4of7,COMPROMISED_CTRL,180,67.16,12,CUMULATIVE,24,2182,15782,218,138,0.980568,0.9136,0.924576,0.909167,0.940517,99.13,100,0,0.664729,0,1,3,0,0,76,1448,0.872885,1,0.4583,2,3,0,0,V3,1,1,-100,1,39.8,0,0,0,0,1,200
EDCF-Shield,v3b,FALCON1024+HMAC-SHA512+AES256GCM+DKG4of7,COMPROMISED_CTRL,180,67.16,13,CYCLE,26,180,2400,20,14,0.986993,0.868625,0.913706,0.9,0.927835,99.42,100,0,0.664814,0,1,3,0,0,76,1448,0.876278,1,0.4615,2,3,0,0,V3,1,1,-100,1,45.835,0,0,0,0,2,200
EDCF-Shield,v3b,FALCON1024+HMAC-SHA512+AES256GCM+DKG4of7,COMPROMISED_CTRL,180,67.16,13,CUMULATIVE,26,2362,18182,238,152,0.98137,0.913299,0.923739,0.908462,0.939539,99.17,100,0,0.664814,0,1,3,0,0,76,1448,0.876278,1,0.4615,2,3,0,0,V3,1,1,-100,1,45.835,0,0,0,0,1,200
EDCF-Shield,v3b,FALCON1024+HMAC-SHA512+AES256GCM+DKG4of7,COMPROMISED_CTRL,180,67.16,14,CYCLE,28,180,2400,20,14,0.986993,0.871352,0.913706,0.9,0.927835,99.42,100,0,0.664879,0,1,3,0,0,76,1448,0.879126,1,0.4643,2,3,0,0,V3,1,1,-100,1,51.87,0,0,0,0,2,200
EDCF-Shield,v3b,FALCON1024+HMAC-SHA512+AES256GCM+DKG4of7,COMPROMISED_CTRL,180,67.16,14,CUMULATIVE,28,2542,20582,258,166,0.981994,0.912992,0.923021,0.907857,0.9387,99.2,100,0,0.664879,0,1,3,0,0,76,1448,0.879126,1,0.4643,2,3,0,0,V3,1,1,-100,1,51.87,0,0,0,0,1,200
EDCF-Shield,v3b,FALCON1024+HMAC-SHA512+AES256GCM+DKG4of7,COMPROMISED_CTRL,180,67.16,15,CYCLE,30,180,2400,20,12,0.987749,0.87406,0.918367,0.9,0.9375,99.5,100,0,0.66495,0,1,3,0,0,76,1448,0.881545,1,0.4667,2,3,0,0,V3,1,1,-100,1,57.9,0,0,0,0,2,200
EDCF-Shield,v3b,FALCON1024+HMAC-SHA512+AES256GCM+DKG4of7,COMPROMISED_CTRL,180,67.16,15,CUMULATIVE,30,2722,22982,278,178,0.982569,0.913058,0.922712,0.907333,0.938621,99.23,100,0,0.66495,0,1,3,0,0,76,1448,0.881545,1,0.4667,2,3,0,0,V3,1,1,-100,1,57.9,0,0,0,0,1,200
EDCF-Shield,v3b,FALCON1024+HMAC-SHA512+AES256GCM+DKG4of7,COMPROMISED_CTRL,180,67.16,16,CYCLE,32,180,2400,20,14,0.986993,0.876106,0.913706,0.9,0.927835,99.42,100,0,0.66499,0,1,3,0,0,76,1448,0.883646,1,0.4688,2,3,0,0,V3,1,1,-100,1,63.935,0,0,0,0,2,200
EDCF-Shield,v3b,FALCON1024+HMAC-SHA512+AES256GCM+DKG4of7,COMPROMISED_CTRL,180,67.16,16,CUMULATIVE,32,2902,25382,298,192,0.982971,0.912754,0.922148,0.906875,0.937944,99.25,100,0,0.66499,0,1,3,0,0,76,1448,0.883646,1,0.4688,2,3,0,0,V3,1,1,-100,1,63.935,0,0,0,0,1,200
EDCF-Shield,v3b,FALCON1024+HMAC-SHA512+AES256GCM+DKG4of7,COMPROMISED_CTRL,180,67.16,17,CYCLE,34,180,2400,20,14,0.986993,0.877911,0.913706,0.9,0.927835,99.42,100,0,0.665023,0,1,3,0,0,76,1448,0.885465,1,0.4706,2,3,0,0,V3,1,1,-100,1,69.97,0,0,0,0,2,200
EDCF-Shield,v3b,FALCON1024+HMAC-SHA512+AES256GCM+DKG4of7,COMPROMISED_CTRL,180,67.16,17,CUMULATIVE,34,3082,27782,318,206,0.983306,0.912471,0.921651,0.906471,0.937348,99.26,100,0,0.665023,0,1,3,0,0,76,1448,0.885465,1,0.4706,2,3,0,0,V3,1,1,-100,1,69.97,0,0,0,0,1,200
EDCF-Shield,v3b,FALCON1024+HMAC-SHA512+AES256GCM+DKG4of7,COMPROMISED_CTRL,180,67.16,18,CYCLE,36,180,2400,20,12,0.987749,0.879803,0.918367,0.9,0.9375,99.5,100,0,0.665065,0,1,3,0,0,76,1448,0.887054,1,0.4722,2,3,0,0,V3,1,1,-100,1,76,0,0,0,0,2,200
EDCF-Shield,v3b,FALCON1024+HMAC-SHA512+AES256GCM+DKG4of7,COMPROMISED_CTRL,180,67.16,18,CUMULATIVE,36,3262,30182,338,218,0.983647,0.912508,0.921469,0.906111,0.937356,99.28,100,0,0.665065,0,1,3,0,0,76,1448,0.887054,1,0.4722,2,3,0,0,V3,1,1,-100,1,76,0,0,0,0,1,200
EDCF-Shield,v3b,FALCON1024+HMAC-SHA512+AES256GCM+DKG4of7,COMPROMISED_CTRL,180,67.16,19,CYCLE,38,180,2400,20,14,0.986993,0.881224,0.913706,0.9,0.927835,99.42,100,0,0.665088,0,1,3,0,0,76,1448,0.888468,1,0.4737,2,3,0,0,V3,1,1,-100,1,82.035,0,0,0,0,2,200
EDCF-Shield,v3b,FALCON1024+HMAC-SHA512+AES256GCM+DKG4of7,COMPROMISED_CTRL,180,67.16,19,CUMULATIVE,38,3442,32582,358,232,0.983886,0.91225,0.92106,0.905789,0.936854,99.29,100,0,0.665088,0,1,3,0,0,76,1448,0.888468,1,0.4737,2,3,0,0,V3,1,1,-100,1,82.035,0,0,0,0,1,200
EDCF-Shield,v3b,FALCON1024+HMAC-SHA512+AES256GCM+DKG4of7,COMPROMISED_CTRL,180,67.16,20,CYCLE,40,180,2400,20,14,0.986993,0.882502,0.913706,0.9,0.927835,99.42,100,0,0.665108,0,1,3,0,0,76,1448,0.88972,1,0.475,2,3,0,0,V3,1,1,-100,1,88.07,0,0,0,0,2,200
EDCF-Shield,v3b,FALCON1024+HMAC-SHA512+AES256GCM+DKG4of7,COMPROMISED_CTRL,180,67.16,20,CUMULATIVE,40,3622,34982,378,246,0.984093,0.912013,0.920691,0.9055,0.936401,99.3,100,0,0.665108,0,1,3,0,0,76,1448,0.88972,1,0.475,2,3,0,0,V3,1,1,-100,1,88.07,0,0,0,0,1,200
EDCF-Shield,v3b,FALCON1024+HMAC-SHA512+AES256GCM+DKG4of7,COMPROMISED_CTRL,180,67.16,21,CYCLE,42,180,2400,20,12,0.987749,0.883906,0.918367,0.9,0.9375,99.5,100,0,0.665136,0,1,3,0,0,76,1448,0.890834,1,0.4762,2,3,0,0,V3,1,1,-100,1,94.1,0,0,0,0,2,200
EDCF-Shield,v3b,FALCON1024+HMAC-SHA512+AES256GCM+DKG4of7,COMPROMISED_CTRL,180,67.16,21,CUMULATIVE,42,3802,37382,398,258,0.984321,0.912047,0.920581,0.905238,0.936453,99.31,100,0,0.665136,0,1,3,0,0,76,1448,0.890834,1,0.4762,2,3,0,0,V3,1,1,-100,1,94.1,0,0,0,0,1,200
EDCF-Shield,v3b,FALCON1024+HMAC-SHA512+AES256GCM+DKG4of7,COMPROMISED_CTRL,180,67.16,22,CYCLE,44,180,2400,20,14,0.986993,0.884946,0.913706,0.9,0.927835,99.42,100,0,0.665151,0,1,3,0,0,76,1448,0.891844,1,0.4773,2,3,0,0,V3,1,1,-100,1,100.135,0,0,0,0,2,200
EDCF-Shield,v3b,FALCON1024+HMAC-SHA512+AES256GCM+DKG4of7,COMPROMISED_CTRL,180,67.16,22,CUMULATIVE,44,3982,39782,418,272,0.984478,0.911832,0.920268,0.905,0.93606,99.32,100,0,0.665151,0,1,3,0,0,76,1448,0.891844,1,0.4773,2,3,0,0,V3,1,1,-100,1,100.135,0,0,0,0,1,200
EDCF-Shield,v3b,FALCON1024+HMAC-SHA512+AES256GCM+DKG4of7,COMPROMISED_CTRL,180,67.16,23,CYCLE,46,180,2400,20,14,0.986993,0.885896,0.913706,0.9,0.927835,99.42,100,0,0.665163,0,1,3,0,0,76,1448,0.892753,1,0.4783,2,3,0,0,V3,1,1,-100,1,106.17,0,0,0,0,2,200
EDCF-Shield,v3b,FALCON1024+HMAC-SHA512+AES256GCM+DKG4of7,COMPROMISED_CTRL,180,67.16,23,CUMULATIVE,46,4162,42182,438,286,0.984618,0.911634,0.919982,0.904783,0.935701,99.33,100,0,0.665163,0,1,3,0,0,76,1448,0.892753,1,0.4783,2,3,0,0,V3,1,1,-100,1,106.17,0,0,0,0,1,200
EDCF-Shield,v3b,FALCON1024+HMAC-SHA512+AES256GCM+DKG4of7,COMPROMISED_CTRL,180,67.16,24,CYCLE,48,180,2400,20,12,0.987749,0.886983,0.918367,0.9,0.9375,99.5,100,0,0.665185,0,1,3,0,0,76,1448,0.893574,1,0.4792,2,3,0,0,V3,1,1,-100,1,112.2,0,0,0,0,2,200
EDCF-Shield,v3b,FALCON1024+HMAC-SHA512+AES256GCM+DKG4of7,COMPROMISED_CTRL,180,67.16,24,CUMULATIVE,48,4342,44582,458,298,0.984783,0.91167,0.919915,0.904583,0.935776,99.34,100,0,0.665185,0,1,3,0,0,76,1448,0.893574,1,0.4792,2,3,0,0,V3,1,1,-100,1,112.2,0,0,0,0,1,200
EDCF-Shield,v3b,FALCON1024+HMAC-SHA512+AES256GCM+DKG4of7,COMPROMISED_CTRL,180,67.16,25,CYCLE,50,180,2400,20,14,0.986993,0.887775,0.913706,0.9,0.927835,99.42,100,0,0.665194,0,1,3,0,0,76,1448,0.894328,1,0.48,2,3,0,0,V3,1,1,-100,1,118.235,0,0,0,0,2,200
EDCF-Shield,v3b,FALCON1024+HMAC-SHA512+AES256GCM+DKG4of7,COMPROMISED_CTRL,180,67.16,25,CUMULATIVE,50,4522,46982,478,312,0.984893,0.91149,0.919666,0.9044,0.935457,99.34,100,0,0.665194,0,1,3,0,0,76,1448,0.894328,1,0.48,2,3,0,0,V3,1,1,-100,1,118.235,0,0,0,0,1,200
EDCF-Shield,v3b,FALCON1024+HMAC-SHA512+AES256GCM+DKG4of7,COMPROMISED_CTRL,180,67.16,26,CYCLE,52,180,2400,20,14,0.986993,0.888507,0.913706,0.9,0.927835,99.42,100,0,0.665203,0,1,3,0,0,76,1448,0.895014,1,0.4808,2,3,0,0,V3,1,1,-100,1,124.27,0,0,0,0,2,200
EDCF-Shield,v3b,FALCON1024+HMAC-SHA512+AES256GCM+DKG4of7,COMPROMISED_CTRL,180,67.16,26,CUMULATIVE,52,4702,49382,498,326,0.984993,0.911322,0.919437,0.904231,0.935163,99.34,100,0,0.665203,0,1,3,0,0,76,1448,0.895014,1,0.4808,2,3,0,0,V3,1,1,-100,1,124.27,0,0,0,0,1,200
EDCF-Shield,v3b,FALCON1024+HMAC-SHA512+AES256GCM+DKG4of7,COMPROMISED_CTRL,180,67.16,27,CYCLE,54,180,2400,20,12,0.987749,0.889376,0.918367,0.9,0.9375,99.5,100,0,0.665219,0,1,3,0,0,76,1448,0.895642,1,0.4815,2,3,0,0,V3,1,1,-100,1,130.3,0,0,0,0,2,200
EDCF-Shield,v3b,FALCON1024+HMAC-SHA512+AES256GCM+DKG4of7,COMPROMISED_CTRL,180,67.16,27,CUMULATIVE,54,4882,51782,518,338,0.985118,0.911361,0.919397,0.904074,0.935249,99.35,100,0,0.665219,0,1,3,0,0,76,1448,0.895642,1,0.4815,2,3,0,0,V3,1,1,-100,1,130.3,0,0,0,0,1,200
EDCF-Shield,v3b,FALCON1024+HMAC-SHA512+AES256GCM+DKG4of7,COMPROMISED_CTRL,180,67.16,28,CYCLE,56,180,2400,20,14,0.986993,0.889998,0.913706,0.9,0.927835,99.42,100,0,0.665226,0,1,3,0,0,76,1448,0.896224,1,0.4821,2,3,0,0,V3,1,1,-100,1,136.335,0,0,0,0,2,200
EDCF-Shield,v3b,FALCON1024+HMAC-SHA512+AES256GCM+DKG4of7,COMPROMISED_CTRL,180,67.16,28,CUMULATIVE,56,5062,54182,538,352,0.9852,0.911208,0.919194,0.903929,0.934983,99.35,100,0,0.665226,0,1,3,0,0,76,1448,0.896224,1,0.4821,2,3,0,0,V3,1,1,-100,1,136.335,0,0,0,0,1,200
EDCF-Shield,v3b,FALCON1024+HMAC-SHA512+AES256GCM+DKG4of7,COMPROMISED_CTRL,180,67.16,29,CYCLE,58,180,2400,20,14,0.986993,0.890577,0.913706,0.9,0.927835,99.42,100,0,0.665232,0,1,3,0,0,76,1448,0.896759,1,0.4828,2,3,0,0,V3,1,1,-100,1,142.37,0,0,0,0,2,200
EDCF-Shield,v3b,FALCON1024+HMAC-SHA512+AES256GCM+DKG4of7,COMPROMISED_CTRL,180,67.16,29,CUMULATIVE,58,5242,56582,558,366,0.985274,0.911064,0.919004,0.903793,0.934736,99.36,100,0,0.665232,0,1,3,0,0,76,1448,0.896759,1,0.4828,2,3,0,0,V3,1,1,-100,1,142.37,0,0,0,0,1,200
EDCF-Shield,v3b,FALCON1024+HMAC-SHA512+AES256GCM+DKG4of7,COMPROMISED_CTRL,180,67.16,30,CYCLE,60,180,2400,20,12,0.987749,0.89129,0.918367,0.9,0.9375,99.5,100,0,0.665246,0,1,3,0,0,76,1448,0.897252,1,0.4833,2,3,0,0,V3,1,1,-100,1,148.4,0,0,0,0,2,200
EDCF-Shield,v3b,FALCON1024+HMAC-SHA512+AES256GCM+DKG4of7,COMPROMISED_CTRL,180,67.16,30,CUMULATIVE,60,5422,58982,578,378,0.985373,0.911105,0.918983,0.903667,0.934828,99.36,100,0,0.665246,0,1,3,0,0,76,1448,0.897252,1,0.4833,2,3,0,0,V3,1,1,-100,1,148.4,0,0,0,0,1,200
EDCF-Shield,v3b,FALCON1024+HMAC-SHA512+AES256GCM+DKG4of7,COMPROMISED_CTRL,180,67.16,31,CYCLE,62,180,2400,20,14,0.986993,0.891791,0.913706,0.9,0.927835,99.42,100,0,0.665251,0,1,3,0,0,76,1448,0.897714,1,0.4839,2,3,0,0,V3,1,1,-100,1,154.435,0,0,0,0,2,200
EDCF-Shield,v3b,FALCON1024+HMAC-SHA512+AES256GCM+DKG4of7,COMPROMISED_CTRL,180,67.16,31,CUMULATIVE,62,5602,61382,598,392,0.985436,0.910972,0.918813,0.903548,0.934601,99.37,100,0,0.665251,0,1,3,0,0,76,1448,0.897714,1,0.4839,2,3,0,0,V3,1,1,-100,1,154.435,0,0,0,0,1,200
EDCF-Shield,v3b,FALCON1024+HMAC-SHA512+AES256GCM+DKG4of7,COMPROMISED_CTRL,180,67.16,32,CYCLE,64,180,2400,20,14,0.986993,0.892259,0.913706,0.9,0.927835,99.42,100,0,0.665255,0,1,3,0,0,76,1448,0.898142,1,0.4844,2,3,0,0,V3,1,1,-100,1,160.47,0,0,0,0,2,200
EDCF-Shield,v3b,FALCON1024+HMAC-SHA512+AES256GCM+DKG4of7,COMPROMISED_CTRL,180,67.16,32,CUMULATIVE,64,5782,63782,618,406,0.985493,0.910847,0.918653,0.903438,0.934389,99.37,100,0,0.665255,0,1,3,0,0,76,1448,0.898142,1,0.4844,2,3,0,0,V3,1,1,-100,1,160.47,0,0,0,0,1,200
EDCF-Shield,v3b,FALCON1024+HMAC-SHA512+AES256GCM+DKG4of7,COMPROMISED_CTRL,180,67.16,33,CYCLE,66,180,2400,20,12,0.987749,0.892857,0.918367,0.9,0.9375,99.5,100,0,0.665266,0,1,3,0,0,76,1448,0.898539,1,0.4848,2,3,0,0,V3,1,1,-100,1,166.5,0,0,0,0,2,200
EDCF-Shield,v3b,FALCON1024+HMAC-SHA512+AES256GCM+DKG4of7,COMPROMISED_CTRL,180,67.16,33,CUMULATIVE,66,5962,66182,638,418,0.985574,0.910889,0.918644,0.903333,0.934483,99.37,100,0,0.665266,0,1,3,0,0,76,1448,0.898539,1,0.4848,2,3,0,0,V3,1,1,-100,1,166.5,0,0,0,0,1,200
EDCF-Shield,v3b,FALCON1024+HMAC-SHA512+AES256GCM+DKG4of7,COMPROMISED_CTRL,180,67.16,34,CYCLE,68,180,2400,20,14,0.986993,0.893267,0.913706,0.9,0.927835,99.42,100,0,0.66527,0,1,3,0,0,76,1448,0.898913,1,0.4853,2,3,0,0,V3,1,1,-100,1,172.535,0,0,0,0,2,200
EDCF-Shield,v3b,FALCON1024+HMAC-SHA512+AES256GCM+DKG4of7,COMPROMISED_CTRL,180,67.16,34,CUMULATIVE,68,6142,68582,658,432,0.985623,0.910773,0.918499,0.903235,0.934287,99.37,100,0,0.66527,0,1,3,0,0,76,1448,0.898913,1,0.4853,2,3,0,0,V3,1,1,-100,1,172.535,0,0,0,0,1,200
EDCF-Shield,v3b,FALCON1024+HMAC-SHA512+AES256GCM+DKG4of7,COMPROMISED_CTRL,180,67.16,35,CYCLE,70,180,2400,20,14,0.986993,0.893653,0.913706,0.9,0.927835,99.42,100,0,0.665273,0,1,3,0,0,76,1448,0.899262,1,0.4857,2,3,0,0,V3,1,1,-100,1,178.57,0,0,0,0,2,200
EDCF-Shield,v3b,FALCON1024+HMAC-SHA512+AES256GCM+DKG4of7,COMPROMISED_CTRL,180,67.16,35,CUMULATIVE,70,6322,70982,678,446,0.985668,0.910664,0.918361,0.903143,0.934102,99.38,100,0,0.665273,0,1,3,0,0,76,1448,0.899262,1,0.4857,2,3,0,0,V3,1,1,-100,1,178.57,0,0,0,0,1,200
EDCF-Shield,v3b,FALCON1024+HMAC-SHA512+AES256GCM+DKG4of7,COMPROMISED_CTRL,180,67.16,36,CYCLE,72,180,2400,20,12,0.987749,0.894162,0.918367,0.9,0.9375,99.5,100,0,0.665283,0,1,3,0,0,76,1448,0.899588,1,0.4861,2,3,0,0,V3,1,1,-100,1,184.6,0,0,0,0,2,200
EDCF-Shield,v3b,FALCON1024+HMAC-SHA512+AES256GCM+DKG4of7,COMPROMISED_CTRL,180,67.16,36,CUMULATIVE,72,6502,73382,698,458,0.985735,0.910706,0.918362,0.903056,0.934195,99.38,100,0,0.665283,0,1,3,0,0,76,1448,0.899588,1,0.4861,2,3,0,0,V3,1,1,-100,1,184.6,0,0,0,0,1,200
EDCF-Shield,v3b,FALCON1024+HMAC-SHA512+AES256GCM+DKG4of7,COMPROMISED_CTRL,180,67.16,37,CYCLE,74,180,2400,20,14,0.986993,0.894504,0.913706,0.9,0.927835,99.42,100,0,0.665285,0,1,3,0,0,76,1448,0.899896,1,0.4865,2,3,0,0,V3,1,1,-100,1,190.635,0,0,0,0,2,200
EDCF-Shield,v3b,FALCON1024+HMAC-SHA512+AES256GCM+DKG4of7,COMPROMISED_CTRL,180,67.16,37,CUMULATIVE,74,6682,75782,718,472,0.985775,0.910604,0.918236,0.902973,0.934023,99.38,100,0,0.665285,0,1,3,0,0,76,1448,0.899896,1,0.4865,2,3,0,0,V3,1,1,-100,1,190.635,0,0,0,0,1,200
EDCF-Shield,v3b,FALCON1024+HMAC-SHA512+AES256GCM+DKG4of7,COMPROMISED_CTRL,180,67.16,38,CYCLE,76,180,2400,20,14,0.986993,0.894827,0.913706,0.9,0.927835,99.42,100,0,0.665288,0,1,3,0,0,76,1448,0.900186,1,0.4868,2,3,0,0,V3,1,1,-100,1,196.67,0,0,0,0,2,200
EDCF-Shield,v3b,FALCON1024+HMAC-SHA512+AES256GCM+DKG4of7,COMPROMISED_CTRL,180,67.16,38,CUMULATIVE,76,6862,78182,738,486,0.985812,0.910507,0.918116,0.902895,0.93386,99.38,100,0,0.665288,0,1,3,0,0,76,1448,0.900186,1,0.4868,2,3,0,0,V3,1,1,-100,1,196.67,0,0,0,0,1,200
EDCF-Shield,v3b,FALCON1024+HMAC-SHA512+AES256GCM+DKG4of7,COMPROMISED_CTRL,180,67.16,39,CYCLE,78,180,2400,20,12,0.987749,0.895267,0.918367,0.9,0.9375,99.5,100,0,0.665296,0,1,3,0,0,76,1448,0.900457,1,0.4872,2,3,0,0,V3,1,1,-100,1,202.7,0,0,0,0,2,200
EDCF-Shield,v3b,FALCON1024+HMAC-SHA512+AES256GCM+DKG4of7,COMPROMISED_CTRL,180,67.16,39,CUMULATIVE,78,7042,80582,758,498,0.985869,0.910549,0.918123,0.902821,0.933952,99.39,100,0,0.665296,0,1,3,0,0,76,1448,0.900457,1,0.4872,2,3,0,0,V3,1,1,-100,1,202.7,0,0,0,0,1,200
EDCF-Shield,v3b,FALCON1024+HMAC-SHA512+AES256GCM+DKG4of7,COMPROMISED_CTRL,180,67.16,40,CYCLE,80,180,2400,20,14,0.986993,0.895555,0.913706,0.9,0.927835,99.42,100,0,0.665298,0,1,3,0,0,76,1448,0.900716,1,0.4875,2,3,0,0,V3,1,1,-100,1,208.735,0,0,0,0,2,200
EDCF-Shield,v3b,FALCON1024+HMAC-SHA512+AES256GCM+DKG4of7,COMPROMISED_CTRL,180,67.16,40,CUMULATIVE,80,7222,82982,778,512,0.985901,0.910457,0.918012,0.90275,0.933799,99.39,100,0,0.665298,0,1,3,0,0,76,1448,0.900716,1,0.4875,2,3,0,0,V3,1,1,-100,1,208.735,0,0,0,0,1,200
EDCF-Shield,v3b,FALCON1024+HMAC-SHA512+AES256GCM+DKG4of7,COMPROMISED_CTRL,180,67.16,41,CYCLE,82,180,2400,20,14,0.986993,0.895829,0.913706,0.9,0.927835,99.42,100,0,0.6653,0,1,3,0,0,76,1448,0.90096,1,0.4878,2,3,0,0,V3,1,1,-100,1,214.77,0,0,0,0,2,200
EDCF-Shield,v3b,FALCON1024+HMAC-SHA512+AES256GCM+DKG4of7,COMPROMISED_CTRL,180,67.16,41,CUMULATIVE,82,7402,85382,798,526,0.985931,0.91037,0.917907,0.902683,0.933653,99.39,100,0,0.6653,0,1,3,0,0,76,1448,0.90096,1,0.4878,2,3,0,0,V3,1,1,-100,1,214.77,0,0,0,0,1,200
EDCF-Shield,v3b,FALCON1024+HMAC-SHA512+AES256GCM+DKG4of7,COMPROMISED_CTRL,180,67.16,42,CYCLE,84,180,2400,20,12,0.987749,0.896213,0.918367,0.9,0.9375,99.5,100,0,0.665307,0,1,3,0,0,76,1448,0.901189,1,0.4881,2,3,0,0,V3,1,1,-100,1,220.8,0,0,0,0,2,200
EDCF-Shield,v3b,FALCON1024+HMAC-SHA512+AES256GCM+DKG4of7,COMPROMISED_CTRL,180,67.16,42,CUMULATIVE,84,7582,87782,818,538,0.98598,0.910412,0.917918,0.902619,0.933744,99.39,100,0,0.665307,0,1,3,0,0,76,1448,0.901189,1,0.4881,2,3,0,0,V3,1,1,-100,1,220.8,0,0,0,0,1,200
EDCF-Shield,v3b,FALCON1024+HMAC-SHA512+AES256GCM+DKG4of7,COMPROMISED_CTRL,180,67.16,43,CYCLE,86,180,2400,20,14,0.986993,0.89646,0.913706,0.9,0.927835,99.42,100,0,0.665309,0,1,3,0,0,76,1448,0.901409,1,0.4884,2,3,0,0,V3,1,1,-100,1,226.835,0,0,0,0,2,200
EDCF-Shield,v3b,FALCON1024+HMAC-SHA512+AES256GCM+DKG4of7,COMPROMISED_CTRL,180,67.16,43,CUMULATIVE,86,7762,90182,838,552,0.986007,0.91033,0.91782,0.902558,0.933606,99.39,100,0,0.665309,0,1,3,0,0,76,1448,0.901409,1,0.4884,2,3,0,0,V3,1,1,-100,1,226.835,0,0,0,0,1,200
EDCF-Shield,v3b,FALCON1024+HMAC-SHA512+AES256GCM+DKG4of7,COMPROMISED_CTRL,180,67.16,44,CYCLE,88,180,2400,20,14,0.986993,0.896694,0.913706,0.9,0.927835,99.42,100,0,0.665311,0,1,3,0,0,76,1448,0.901616,1,0.4886,2,3,0,0,V3,1,1,-100,1,232.87,0,0,0,0,2,200
EDCF-Shield,v3b,FALCON1024+HMAC-SHA512+AES256GCM+DKG4of7,COMPROMISED_CTRL,180,67.16,44,CUMULATIVE,88,7942,92582,858,566,0.986032,0.910251,0.917726,0.9025,0.933474,99.39,100,0,0.665311,0,1,3,0,0,76,1448,0.901616,1,0.4886,2,3,0,0,V3,1,1,-100,1,232.87,0,0,0,0,1,200
EDCF-Shield,v3b,FALCON1024+HMAC-SHA512+AES256GCM+DKG4of7,COMPROMISED_CTRL,180,67.16,45,CYCLE,90,180,2400,20,12,0.987749,0.897034,0.918367,0.9,0.9375,99.5,100,0,0.665317,0,1,3,0,0,76,1448,0.901813,1,0.4889,2,3,0,0,V3,1,1,-100,1,238.9,0,0,0,0,2,200
EDCF-Shield,v3b,FALCON1024+HMAC-SHA512+AES256GCM+DKG4of7,COMPROMISED_CTRL,180,67.16,45,CUMULATIVE,90,8122,94982,878,578,0.986075,0.910292,0.91774,0.902444,0.933563,99.4,100,0,0.665317,0,1,3,0,0,76,1448,0.901813,1,0.4889,2,3,0,0,V3,1,1,-100,1,238.9,0,0,0,0,1,200
EDCF-Shield,v3b,FALCON1024+HMAC-SHA512+AES256GCM+DKG4of7,COMPROMISED_CTRL,180,67.16,46,CYCLE,92,180,2400,20,14,0.986993,0.897246,0.913706,0.9,0.927835,99.42,100,0,0.665318,0,1,3,0,0,76,1448,0.902001,1,0.4891,2,3,0,0,V3,1,1,-100,1,244.935,0,0,0,0,2,200
EDCF-Shield,v3b,FALCON1024+HMAC-SHA512+AES256GCM+DKG4of7,COMPROMISED_CTRL,180,67.16,46,CUMULATIVE,92,8302,97382,898,592,0.986097,0.910218,0.917652,0.902391,0.933438,99.4,100,0,0.665318,0,1,3,0,0,76,1448,0.902001,1,0.4891,2,3,0,0,V3,1,1,-100,1,244.935,0,0,0,0,1,200
EDCF-Shield,v3b,FALCON1024+HMAC-SHA512+AES256GCM+DKG4of7,COMPROMISED_CTRL,180,67.16,47,CYCLE,94,180,2400,20,14,0.986993,0.897449,0.913706,0.9,0.927835,99.42,100,0,0.66532,0,1,3,0,0,76,1448,0.90218,1,0.4894,2,3,0,0,V3,1,1,-100,1,250.97,0,0,0,0,2,200
EDCF-Shield,v3b,FALCON1024+HMAC-SHA512+AES256GCM+DKG4of7,COMPROMISED_CTRL,180,67.16,47,CUMULATIVE,94,8482,99782,918,606,0.986119,0.910146,0.917568,0.90234,0.933319,99.4,100,0,0.66532,0,1,3,0,0,76,1448,0.90218,1,0.4894,2,3,0,0,V3,1,1,-100,1,250.97,0,0,0,0,1,200
EDCF-Shield,v3b,FALCON1024+HMAC-SHA512+AES256GCM+DKG4of7,COMPROMISED_CTRL,180,67.16,48,CYCLE,96,180,2400,20,12,0.987749,0.897752,0.918367,0.9,0.9375,99.5,100,0,0.665325,0,1,3,0,0,76,1448,0.902349,1,0.4896,2,3,0,0,V3,1,1,-100,1,257,0,0,0,0,2,200
EDCF-Shield,v3b,FALCON1024+HMAC-SHA512+AES256GCM+DKG4of7,COMPROMISED_CTRL,180,67.16,48,CUMULATIVE,96,8662,102182,938,618,0.986157,0.910187,0.917585,0.902292,0.933405,99.4,100,0,0.665325,0,1,3,0,0,76,1448,0.902349,1,0.4896,2,3,0,0,V3,1,1,-100,1,257,0,0,0,0,1,200
EDCF-Shield,v3b,FALCON1024+HMAC-SHA512+AES256GCM+DKG4of7,COMPROMISED_CTRL,180,67.16,49,CYCLE,98,180,2400,20,14,0.986993,0.897936,0.913706,0.9,0.927835,99.42,100,0,0.665326,0,1,3,0,0,76,1448,0.902512,1,0.4898,2,3,0,0,V3,1,1,-100,1,263.035,0,0,0,0,2,200
EDCF-Shield,v3b,FALCON1024+HMAC-SHA512+AES256GCM+DKG4of7,COMPROMISED_CTRL,180,67.16,49,CUMULATIVE,98,8842,104582,958,632,0.986176,0.910119,0.917505,0.902245,0.933291,99.4,100,0,0.665326,0,1,3,0,0,76,1448,0.902512,1,0.4898,2,3,0,0,V3,1,1,-100,1,263.035,0,0,0,0,1,200
EDCF-Shield,v3b,FALCON1024+HMAC-SHA512+AES256GCM+DKG4of7,COMPROMISED_CTRL,180,67.16,50,CYCLE,100,180,2400,20,14,0.986993,0.898114,0.913706,0.9,0.927835,99.42,100,0,0.665327,0,1,3,0,0,76,1448,0.902668,1,0.49,2,3,0,0,V3,1,1,-100,1,269.07,0,0,0,0,2,200
EDCF-Shield,v3b,FALCON1024+HMAC-SHA512+AES256GCM+DKG4of7,COMPROMISED_CTRL,180,67.16,50,CUMULATIVE,100,9022,106982,978,646,0.986194,0.910053,0.917429,0.9022,0.933182,99.4,100,0,0.665327,0,1,3,0,0,76,1448,0.902668,1,0.49,2,3,0,0,V3,1,1,-100,1,269.07,0,0,0,0,1,200
EDCF-Shield,v3b,FALCON1024+HMAC-SHA512+AES256GCM+DKG4of7,COMPROMISED_CTRL,180,67.16,51,CYCLE,102,180,2400,20,12,0.987749,0.898385,0.918367,0.9,0.9375,99.5,100,0,0.665333,0,1,3,0,0,76,1448,0.902815,1,0.4902,2,3,0,0,V3,1,1,-100,1,275.1,0,0,0,0,2,200
EDCF-Shield,v3b,FALCON1024+HMAC-SHA512+AES256GCM+DKG4of7,COMPROMISED_CTRL,180,67.16,51,CUMULATIVE,102,9202,109382,998,658,0.986228,0.910093,0.917448,0.902157,0.933266,99.4,100,0,0.665333,0,1,3,0,0,76,1448,0.902815,1,0.4902,2,3,0,0,V3,1,1,-100,1,275.1,0,0,0,0,1,200
EDCF-Shield,v3b,FALCON1024+HMAC-SHA512+AES256GCM+DKG4of7,COMPROMISED_CTRL,180,67.16,52,CYCLE,104,180,2400,20,14,0.986993,0.898547,0.913706,0.9,0.927835,99.42,100,0,0.665333,0,1,3,0,0,76,1448,0.902958,1,0.4904,2,3,0,0,V3,1,1,-100,1,281.135,0,0,0,0,2,200
EDCF-Shield,v3b,FALCON1024+HMAC-SHA512+AES256GCM+DKG4of7,COMPROMISED_CTRL,180,67.16,52,CUMULATIVE,104,9382,111782,1018,672,0.986244,0.91003,0.917376,0.902115,0.933161,99.4,100,0,0.665333,0,1,3,0,0,76,1448,0.902958,1,0.4904,2,3,0,0,V3,1,1,-100,1,281.135,0,0,0,0,1,200
EDCF-Shield,v3b,FALCON1024+HMAC-SHA512+AES256GCM+DKG4of7,COMPROMISED_CTRL,180,67.16,53,CYCLE,106,180,2400,20,14,0.986993,0.898703,0.913706,0.9,0.927835,99.42,100,0,0.665334,0,1,3,0,0,76,1448,0.903094,1,0.4906,2,3,0,0,V3,1,1,-100,1,287.17,0,0,0,0,2,200
EDCF-Shield,v3b,FALCON1024+HMAC-SHA512+AES256GCM+DKG4of7,COMPROMISED_CTRL,180,67.16,53,CUMULATIVE,106,9562,114182,1038,686,0.986259,0.90997,0.917306,0.902075,0.93306,99.4,100,0,0.665334,0,1,3,0,0,76,1448,0.903094,1,0.4906,2,3,0,0,V3,1,1,-100,1,287.17,0,0,0,0,1,200
EDCF-Shield,v3b,FALCON1024+HMAC-SHA512+AES256GCM+DKG4of7,COMPROMISED_CTRL,180,67.16,54,CYCLE,108,180,2400,20,12,0.987749,0.898948,0.918367,0.9,0.9375,99.5,100,0,0.665339,0,1,3,0,0,76,1448,0.903224,1,0.4907,2,3,0,0,V3,1,1,-100,1,293.2,0,0,0,0,2,200
EDCF-Shield,v3b,FALCON1024+HMAC-SHA512+AES256GCM+DKG4of7,COMPROMISED_CTRL,180,67.16,54,CUMULATIVE,108,9742,116582,1058,698,0.98629,0.910009,0.917326,0.902037,0.933142,99.4,100,0,0.665339,0,1,3,0,0,76,1448,0.903224,1,0.4907,2,3,0,0,V3,1,1,-100,1,293.2,0,0,0,0,1,200
EDCF-Shield,v3b,FALCON1024+HMAC-SHA512+AES256GCM+DKG4of7,COMPROMISED_CTRL,180,67.16,55,CYCLE,110,180,2400,20,14,0.986993,0.899091,0.913706,0.9,0.927835,99.42,100,0,0.66534,0,1,3,0,0,76,1448,0.903349,1,0.4909,2,3,0,0,V3,1,1,-100,1,299.235,0,0,0,0,2,200
EDCF-Shield,v3b,FALCON1024+HMAC-SHA512+AES256GCM+DKG4of7,COMPROMISED_CTRL,180,67.16,55,CUMULATIVE,110,9922,118982,1078,712,0.986304,0.909951,0.91726,0.902,0.933045,99.41,100,0,0.66534,0,1,3,0,0,76,1448,0.903349,1,0.4909,2,3,0,0,V3,1,1,-100,1,299.235,0,0,0,0,1,200
EDCF-Shield,v3b,FALCON1024+HMAC-SHA512+AES256GCM+DKG4of7,COMPROMISED_CTRL,180,67.16,56,CYCLE,112,180,2400,20,14,0.986993,0.899229,0.913706,0.9,0.927835,99.42,100,0,0.66534,0,1,3,0,0,76,1448,0.903469,1,0.4911,2,3,0,0,V3,1,1,-100,1,305.27,0,0,0,0,2,200
EDCF-Shield,v3b,FALCON1024+HMAC-SHA512+AES256GCM+DKG4of7,COMPROMISED_CTRL,180,67.16,56,CUMULATIVE,112,10102,121382,1098,726,0.986317,0.909895,0.917196,0.901964,0.932952,99.41,100,0,0.66534,0,1,3,0,0,76,1448,0.903469,1,0.4911,2,3,0,0,V3,1,1,-100,1,305.27,0,0,0,0,1,200
EDCF-Shield,v3b,FALCON1024+HMAC-SHA512+AES256GCM+DKG4of7,COMPROMISED_CTRL,180,67.16,57,CYCLE,114,180,2400,20,12,0.987749,0.899452,0.918367,0.9,0.9375,99.5,100,0,0.665344,0,1,3,0,0,76,1448,0.903584,1,0.4912,2,3,0,0,V3,1,1,-100,1,311.3,0,0,0,0,2,200
EDCF-Shield,v3b,FALCON1024+HMAC-SHA512+AES256GCM+DKG4of7,COMPROMISED_CTRL,180,67.16,57,CUMULATIVE,114,10282,123782,1118,738,0.986345,0.909933,0.917217,0.90193,0.933031,99.41,100,0,0.665344,0,1,3,0,0,76,1448,0.903584,1,0.4912,2,3,0,0,V3,1,1,-100,1,311.3,0,0,0,0,1,200
EDCF-Shield,v3b,FALCON1024+HMAC-SHA512+AES256GCM+DKG4of7,COMPROMISED_CTRL,180,67.16,58,CYCLE,116,180,2400,20,14,0.986993,0.899579,0.913706,0.9,0.927835,99.42,100,0,0.665345,0,1,3,0,0,76,1448,0.903696,1,0.4914,2,3,0,0,V3,1,1,-100,1,317.335,0,0,0,0,2,200
EDCF-Shield,v3b,FALCON1024+HMAC-SHA512+AES256GCM+DKG4of7,COMPROMISED_CTRL,180,67.16,58,CUMULATIVE,116,10462,126182,1138,752,0.986357,0.90988,0.917156,0.901897,0.932941,99.41,100,0,0.665345,0,1,3,0,0,76,1448,0.903696,1,0.4914,2,3,0,0,V3,1,1,-100,1,317.335,0,0,0,0,1,200
EDCF-Shield,v3b,FALCON1024+HMAC-SHA512+AES256GCM+DKG4of7,COMPROMISED_CTRL,180,67.16,59,CYCLE,118,180,2400,20,14,0.986993,0.899701,0.913706,0.9,0.927835,99.42,100,0,0.665345,0,1,3,0,0,76,1448,0.903802,1,0.4915,2,3,0,0,V3,1,1,-100,1,323.37,0,0,0,0,2,200
EDCF-Shield,v3b,FALCON1024+HMAC-SHA512+AES256GCM+DKG4of7,COMPROMISED_CTRL,180,67.16,59,CUMULATIVE,118,10642,128582,1158,766,0.986369,0.909828,0.917098,0.901864,0.932854,99.41,100,0,0.665345,0,1,3,0,0,76,1448,0.903802,1,0.4915,2,3,0,0,V3,1,1,-100,1,323.37,0,0,0,0,1,200
EDCF-Shield,v3b,FALCON1024+HMAC-SHA512+AES256GCM+DKG4of7,COMPROMISED_CTRL,180,67.16,60,CYCLE,120,180,2400,20,12,0.987749,0.899906,0.918367,0.9,0.9375,99.5,100,0,0.665349,0,1,3,0,0,76,1448,0.903904,1,0.4917,2,3,0,0,V3,1,1,-100,1,329.4,0,0,0,0,2,200
EDCF-Shield,v3b,FALCON1024+HMAC-SHA512+AES256GCM+DKG4of7,COMPROMISED_CTRL,180,67.16,60,CUMULATIVE,120,10822,130982,1178,778,0.986394,0.909865,0.917119,0.901833,0.932931,99.41,100,0,0.665349,0,1,3,0,0,76,1448,0.903904,1,0.4917,2,3,0,0,V3,1,1,-100,1,329.4,0,0,0,0,1,200
EDCF-Shield,v3b,FALCON1024+HMAC-SHA512+AES256GCM+DKG4of7,COMPROMISED_CTRL,180,67.16,61,CYCLE,122,180,2400,20,14,0.986993,0.900019,0.913706,0.9,0.927835,99.42,100,0,0.66535,0,1,3,0,0,76,1448,0.904004,1,0.4918,2,3,0,0,V3,1,1,-100,1,335.435,0,0,0,0,2,200
EDCF-Shield,v3b,FALCON1024+HMAC-SHA512+AES256GCM+DKG4of7,COMPROMISED_CTRL,180,67.16,61,CUMULATIVE,122,11002,133382,1198,792,0.986405,0.909815,0.917063,0.901803,0.932847,99.41,100,0,0.66535,0,1,3,0,0,76,1448,0.904004,1,0.4918,2,3,0,0,V3,1,1,-100,1,335.435,0,0,0,0,1,200
EDCF-Shield,v3b,FALCON1024+HMAC-SHA512+AES256GCM+DKG4of7,COMPROMISED_CTRL,180,67.16,62,CYCLE,124,180,2400,20,14,0.986993,0.900128,0.913706,0.9,0.927835,99.42,100,0,0.66535,0,1,3,0,0,76,1448,0.904099,1,0.4919,2,3,0,0,V3,1,1,-100,1,341.47,0,0,0,0,2,200
EDCF-Shield,v3b,FALCON1024+HMAC-SHA512+AES256GCM+DKG4of7,COMPROMISED_CTRL,180,67.16,62,CUMULATIVE,124,11182,135782,1218,806,0.986415,0.909767,0.917008,0.901774,0.932766,99.41,100,0,0.66535,0,1,3,0,0,76,1448,0.904099,1,0.4919,2,3,0,0,V3,1,1,-100,1,341.47,0,0,0,0,1,200
EDCF-Shield,v3b,FALCON1024+HMAC-SHA512+AES256GCM+DKG4of7,COMPROMISED_CTRL,180,67.16,63,CYCLE,126,180,2400,20,12,0.987749,0.900316,0.918367,0.9,0.9375,99.5,100,0,0.665354,0,1,3,0,0,76,1448,0.90419,1,0.4921,2,3,0,0,V3,1,1,-100,1,347.5,0,0,0,0,2,200
EDCF-Shield,v3b,FALCON1024+HMAC-SHA512+AES256GCM+DKG4of7,COMPROMISED_CTRL,180,67.16,63,CUMULATIVE,126,11362,138182,1238,818,0.986438,0.909803,0.91703,0.901746,0.932841,99.41,100,0,0.665354,0,1,3,0,0,76,1448,0.90419,1,0.4921,2,3,0,0,V3,1,1,-100,1,347.5,0,0,0,0,1,200
EDCF-Shield,v3b,FALCON1024+HMAC-SHA512+AES256GCM+DKG4of7,COMPROMISED_CTRL,180,67.16,64,CYCLE,128,180,2400,20,14,0.986993,0.900417,0.913706,0.9,0.927835,99.42,100,0,0.665354,0,1,3,0,0,76,1448,0.904279,1,0.4922,2,3,0,0,V3,1,1,-100,1,353.535,0,0,0,0,2,200
EDCF-Shield,v3b,FALCON1024+HMAC-SHA512+AES256GCM+DKG4of7,COMPROMISED_CTRL,180,67.16,64,CUMULATIVE,128,11542,140582,1258,832,0.986447,0.909756,0.916978,0.901719,0.932762,99.41,100,0,0.665354,0,1,3,0,0,76,1448,0.904279,1,0.4922,2,3,0,0,V3,1,1,-100,1,353.535,0,0,0,0,1,200
EDCF-Shield,v3b,FALCON1024+HMAC-SHA512+AES256GCM+DKG4of7,COMPROMISED_CTRL,180,67.16,65,CYCLE,130,180,2400,20,14,0.986993,0.900515,0.913706,0.9,0.927835,99.42,100,0,0.665354,0,1,3,0,0,76,1448,0.904365,1,0.4923,2,3,0,0,V3,1,1,-100,1,359.57,0,0,0,0,2,200
EDCF-Shield,v3b,FALCON1024+HMAC-SHA512+AES256GCM+DKG4of7,COMPROMISED_CTRL,180,67.16,65,CUMULATIVE,130,11722,142982,1278,846,0.986457,0.909711,0.916927,0.901692,0.932686,99.41,100,0,0.665354,0,1,3,0,0,76,1448,0.904365,1,0.4923,2,3,0,0,V3,1,1,-100,1,359.57,0,0,0,0,1,200
EDCF-Shield,v3b,FALCON1024+HMAC-SHA512+AES256GCM+DKG4of7,COMPROMISED_CTRL,180,67.16,66,CYCLE,132,180,2400,20,12,0.987749,0.900689,0.918367,0.9,0.9375,99.5,100,0,0.665358,0,1,3,0,0,76,1448,0.904447,1,0.4924,2,3,0,0,V3,1,1,-100,1,365.6,0,0,0,0,2,200
EDCF-Shield,v3b,FALCON1024+HMAC-SHA512+AES256GCM+DKG4of7,COMPROMISED_CTRL,180,67.16,66,CUMULATIVE,132,11902,145382,1298,858,0.986478,0.909746,0.916949,0.901667,0.932759,99.41,100,0,0.665358,0,1,3,0,0,76,1448,0.904447,1,0.4924,2,3,0,0,V3,1,1,-100,1,365.6,0,0,0,0,1,200
EDCF-Shield,v3b,FALCON1024+HMAC-SHA512+AES256GCM+DKG4of7,COMPROMISED_CTRL,180,67.16,67,CYCLE,134,180,2400,20,14,0.986993,0.90078,0.913706,0.9,0.927835,99.42,100,0,0.665358,0,1,3,0,0,76,1448,0.904528,1,0.4925,2,3,0,0,V3,1,1,-100,1,371.635,0,0,0,0,2,200
EDCF-Shield,v3b,FALCON1024+HMAC-SHA512+AES256GCM+DKG4of7,COMPROMISED_CTRL,180,67.16,67,CUMULATIVE,134,12082,147782,1318,872,0.986486,0.909702,0.916901,0.901642,0.932685,99.41,100,0,0.665358,0,1,3,0,0,76,1448,0.904528,1,0.4925,2,3,0,0,V3,1,1,-100,1,371.635,0,0,0,0,1,200
EDCF-Shield,v3b,FALCON1024+HMAC-SHA512+AES256GCM+DKG4of7,COMPROMISED_CTRL,180,67.16,68,CYCLE,136,180,2400,20,14,0.986993,0.900869,0.913706,0.9,0.927835,99.42,100,0,0.665358,0,1,3,0,0,76,1448,0.904605,1,0.4926,2,3,0,0,V3,1,1,-100,1,377.67,0,0,0,0,2,200
EDCF-Shield,v3b,FALCON1024+HMAC-SHA512+AES256GCM+DKG4of7,COMPROMISED_CTRL,180,67.16,68,CUMULATIVE,136,12262,150182,1338,886,0.986494,0.90966,0.916854,0.901618,0.932613,99.41,100,0,0.665358,0,1,3,0,0,76,1448,0.904605,1,0.4926,2,3,0,0,V3,1,1,-100,1,377.67,0,0,0,0,1,200
EDCF-Shield,v3b,FALCON1024+HMAC-SHA512+AES256GCM+DKG4of7,COMPROMISED_CTRL,180,67.16,69,CYCLE,138,180,2400,20,12,0.987749,0.901029,0.918367,0.9,0.9375,99.5,100,0,0.665361,0,1,3,0,0,76,1448,0.904679,1,0.4928,2,3,0,0,V3,1,1,-100,1,383.7,0,0,0,0,2,200
EDCF-Shield,v3b,FALCON1024+HMAC-SHA512+AES256GCM+DKG4of7,COMPROMISED_CTRL,180,67.16,69,CUMULATIVE,138,12442,152582,1358,898,0.986514,0.909694,0.916875,0.901594,0.932684,99.41,100,0,0.665361,0,1,3,0,0,76,1448,0.904679,1,0.4928,2,3,0,0,V3,1,1,-100,1,383.7,0,0,0,0,1,200
EDCF-Shield,v3b,FALCON1024+HMAC-SHA512+AES256GCM+DKG4of7,COMPROMISED_CTRL,180,67.16,70,CYCLE,140,180,2400,20,14,0.986993,0.901112,0.913706,0.9,0.927835,99.42,100,0,0.665362,0,1,3,0,0,76,1448,0.904752,1,0.4929,2,3,0,0,V3,1,1,-100,1,389.735,0,0,0,0,2,200
EDCF-Shield,v3b,FALCON1024+HMAC-SHA512+AES256GCM+DKG4of7,COMPROMISED_CTRL,180,67.16,70,CUMULATIVE,140,12622,154982,1378,912,0.986521,0.909653,0.91683,0.901571,0.932614,99.41,100,0,0.665362,0,1,3,0,0,76,1448,0.904752,1,0.4929,2,3,0,0,V3,1,1,-100,1,389.735,0,0,0,0,1,200
EDCF-Shield,v3b,FALCON1024+HMAC-SHA512+AES256GCM+DKG4of7,COMPROMISED_CTRL,180,67.16,71,CYCLE,142,180,2400,20,14,0.986993,0.901192,0.913706,0.9,0.927835,99.42,100,0,0.665362,0,1,3,0,0,76,1448,0.904822,1,0.493,2,3,0,0,V3,1,1,-100,1,395.77,0,0,0,0,2,200
EDCF-Shield,v3b,FALCON1024+HMAC-SHA512+AES256GCM+DKG4of7,COMPROMISED_CTRL,180,67.16,71,CUMULATIVE,142,12802,157382,1398,926,0.986528,0.909613,0.916786,0.901549,0.932547,99.42,100,0,0.665362,0,1,3,0,0,76,1448,0.904822,1,0.493,2,3,0,0,V3,1,1,-100,1,395.77,0,0,0,0,1,200
EDCF-Shield,v3b,FALCON1024+HMAC-SHA512+AES256GCM+DKG4of7,COMPROMISED_CTRL,180,67.16,72,CYCLE,144,180,2400,20,12,0.987749,0.901342,0.918367,0.9,0.9375,99.5,100,0,0.665365,0,1,3,0,0,76,1448,0.904889,1,0.4931,2,3,0,0,V3,1,1,-100,1,401.8,0,0,0,0,2,200
EDCF-Shield,v3b,FALCON1024+HMAC-SHA512+AES256GCM+DKG4of7,COMPROMISED_CTRL,180,67.16,72,CUMULATIVE,144,12982,159782,1418,938,0.986546,0.909646,0.916808,0.901528,0.932615,99.42,100,0,0.665365,0,1,3,0,0,76,1448,0.904889,1,0.4931,2,3,0,0,V3,1,1,-100,1,401.8,0,0,0,0,1,200
EDCF-Shield,v3b,FALCON1024+HMAC-SHA512+AES256GCM+DKG4of7,COMPROMISED_CTRL,180,67.16,73,CYCLE,146,180,2400,20,14,0.986993,0.901416,0.913706,0.9,0.927835,99.42,100,0,0.665365,0,1,3,0,0,76,1448,0.904955,1,0.4932,2,3,0,0,V3,1,1,-100,1,407.835,0,0,0,0,2,200
EDCF-Shield,v3b,FALCON1024+HMAC-SHA512+AES256GCM+DKG4of7,COMPROMISED_CTRL,180,67.16,73,CUMULATIVE,146,13162,162182,1438,952,0.986553,0.909607,0.916765,0.901507,0.932549,99.42,100,0,0.665365,0,1,3,0,0,76,1448,0.904955,1,0.4932,2,3,0,0,V3,1,1,-100,1,407.835,0,0,0,0,1,200
EDCF-Shield,v3b,FALCON1024+HMAC-SHA512+AES256GCM+DKG4of7,COMPROMISED_CTRL,180,67.16,74,CYCLE,148,180,2400,20,14,0.986993,0.901489,0.913706,0.9,0.927835,99.42,100,0,0.665365,0,1,3,0,0,76,1448,0.905019,1,0.4932,2,3,0,0,V3,1,1,-100,1,413.87,0,0,0,0,2,200
EDCF-Shield,v3b,FALCON1024+HMAC-SHA512+AES256GCM+DKG4of7,COMPROMISED_CTRL,180,67.16,74,CUMULATIVE,148,13342,164582,1458,966,0.986559,0.90957,0.916724,0.901486,0.932485,99.42,100,0,0.665365,0,1,3,0,0,76,1448,0.905019,1,0.4932,2,3,0,0,V3,1,1,-100,1,413.87,0,0,0,0,1,200
EDCF-Shield,v3b,FALCON1024+HMAC-SHA512+AES256GCM+DKG4of7,COMPROMISED_CTRL,180,67.16,75,CYCLE,150,180,2400,20,12,0.987749,0.901629,0.918367,0.9,0.9375,99.5,100,0,0.665368,0,1,3,0,0,76,1448,0.905081,1,0.4933,2,3,0,0,V3,1,1,-100,1,419.9,0,0,0,0,2,200
EDCF-Shield,v3b,FALCON1024+HMAC-SHA512+AES256GCM+DKG4of7,COMPROMISED_CTRL,180,67.16,75,CUMULATIVE,150,13522,166982,1478,978,0.986576,0.909602,0.916746,0.901467,0.932552,99.42,100,0,0.665368,0,1,3,0,0,76,1448,0.905081,1,0.4933,2,3,0,0,V3,1,1,-100,1,419.9,0,0,0,0,1,200
EDCF-Shield,v3b,FALCON1024+HMAC-SHA512+AES256GCM+DKG4of7,COMPROMISED_CTRL,180,67.16,76,CYCLE,152,180,2400,20,14,0.986993,0.901697,0.913706,0.9,0.927835,99.42,100,0,0.665368,0,1,3,0,0,76,1448,0.905141,1,0.4934,2,3,0,0,V3,1,1,-100,1,425.935,0,0,0,0,2,200
EDCF-Shield,v3b,FALCON1024+HMAC-SHA512+AES256GCM+DKG4of7,COMPROMISED_CTRL,180,67.16,76,CUMULATIVE,152,13702,169382,1498,992,0.986582,0.909565,0.916706,0.901447,0.932489,99.42,100,0,0.665368,0,1,3,0,0,76,1448,0.905141,1,0.4934,2,3,0,0,V3,1,1,-100,1,425.935,0,0,0,0,1,200
EDCF-Shield,v3b,FALCON1024+HMAC-SHA512+AES256GCM+DKG4of7,COMPROMISED_CTRL,180,67.16,77,CYCLE,154,180,2400,20,14,0.986993,0.901763,0.913706,0.9,0.927835,99.42,100,0,0.665368,0,1,3,0,0,76,1448,0.905199,1,0.4935,2,3,0,0,V3,1,1,-100,1,431.97,0,0,0,0,2,200
EDCF-Shield,v3b,FALCON1024+HMAC-SHA512+AES256GCM+DKG4of7,COMPROMISED_CTRL,180,67.16,77,CUMULATIVE,154,13882,171782,1518,1006,0.986588,0.90953,0.916667,0.901429,0.932429,99.42,100,0,0.665368,0,1,3,0,0,76,1448,0.905199,1,0.4935,2,3,0,0,V3,1,1,-100,1,431.97,0,0,0,0,1,200
EDCF-Shield,v3b,FALCON1024+HMAC-SHA512+AES256GCM+DKG4of7,COMPROMISED_CTRL,180,67.16,78,CYCLE,156,180,2400,20,12,0.987749,0.901894,0.918367,0.9,0.9375,99.5,100,0,0.66537,0,1,3,0,0,76,1448,0.905255,1,0.4936,2,3,0,0,V3,1,1,-100,1,438,0,0,0,0,2,200
EDCF-Shield,v3b,FALCON1024+HMAC-SHA512+AES256GCM+DKG4of7,COMPROMISED_CTRL,180,67.16,78,CUMULATIVE,156,14062,174182,1538,1018,0.986604,0.909561,0.916688,0.90141,0.932493,99.42,100,0,0.66537,0,1,3,0,0,76,1448,0.905255,1,0.4936,2,3,0,0,V3,1,1,-100,1,438,0,0,0,0,1,200
EDCF-Shield,v3b,FALCON1024+HMAC-SHA512+AES256GCM+DKG4of7,COMPROMISED_CTRL,180,67.16,79,CYCLE,158,180,2400,20,14,0.986993,0.901956,0.913706,0.9,0.927835,99.42,100,0,0.66537,0,1,3,0,0,76,1448,0.905311,1,0.4937,2,3,0,0,V3,1,1,-100,1,444.035,0,0,0,0,2,200
EDCF-Shield,v3b,FALCON1024+HMAC-SHA512+AES256GCM+DKG4of7,COMPROMISED_CTRL,180,67.16,79,CUMULATIVE,158,14242,176582,1558,1032,0.986609,0.909527,0.916651,0.901392,0.932434,99.42,100,0,0.66537,0,1,3,0,0,76,1448,0.905311,1,0.4937,2,3,0,0,V3,1,1,-100,1,444.035,0,0,0,0,1,200
EDCF-Shield,v3b,FALCON1024+HMAC-SHA512+AES256GCM+DKG4of7,COMPROMISED_CTRL,180,67.16,80,CYCLE,160,180,2400,20,14,0.986993,0.902016,0.913706,0.9,0.927835,99.42,100,0,0.66537,0,1,3,0,0,76,1448,0.905364,1,0.4938,2,3,0,0,V3,1,1,-100,1,450.07,0,0,0,0,2,200
EDCF-Shield,v3b,FALCON1024+HMAC-SHA512+AES256GCM+DKG4of7,COMPROMISED_CTRL,180,67.16,80,CUMULATIVE,160,14422,178982,1578,1046,0.986614,0.909493,0.916614,0.901375,0.932377,99.42,100,0,0.66537,0,1,3,0,0,76,1448,0.905364,1,0.4938,2,3,0,0,V3,1,1,-100,1,450.07,0,0,0,0,1,200
EDCF-Shield,v3b,FALCON1024+HMAC-SHA512+AES256GCM+DKG4of7,COMPROMISED_CTRL,180,67.16,81,CYCLE,162,180,2400,20,12,0.987749,0.902139,0.918367,0.9,0.9375,99.5,100,0,0.665373,0,1,3,0,0,76,1448,0.905415,1,0.4938,2,3,0,0,V3,1,1,-100,1,456.1,0,0,0,0,2,200
EDCF-Shield,v3b,FALCON1024+HMAC-SHA512+AES256GCM+DKG4of7,COMPROMISED_CTRL,180,67.16,81,CUMULATIVE,162,14602,181382,1598,1058,0.986629,0.909524,0.916635,0.901358,0.932439,99.42,100,0,0.665373,0,1,3,0,0,76,1448,0.905415,1,0.4938,2,3,0,0,V3,1,1,-100,1,456.1,0,0,0,0,1,200
EDCF-Shield,v3b,FALCON1024+HMAC-SHA512+AES256GCM+DKG4of7,COMPROMISED_CTRL,180,67.16,82,CYCLE,164,180,2400,20,14,0.986993,0.902196,0.913706,0.9,0.927835,99.42,100,0,0.665373,0,1,3,0,0,76,1448,0.905466,1,0.4939,2,3,0,0,V3,1,1,-100,1,462.135,0,0,0,0,2,200
EDCF-Shield,v3b,FALCON1024+HMAC-SHA512+AES256GCM+DKG4of7,COMPROMISED_CTRL,180,67.16,82,CUMULATIVE,164,14782,183782,1618,1072,0.986634,0.90949,0.916599,0.901341,0.932383,99.42,100,0,0.665373,0,1,3,0,0,76,1448,0.905466,1,0.4939,2,3,0,0,V3,1,1,-100,1,462.135,0,0,0,0,1,200
EDCF-Shield,v3b,FALCON1024+HMAC-SHA512+AES256GCM+DKG4of7,COMPROMISED_CTRL,180,67.16,83,CYCLE,166,180,2400,20,14,0.986993,0.902252,0.913706,0.9,0.927835,99.42,100,0,0.665373,0,1,3,0,0,76,1448,0.905515,1,0.494,2,3,0,0,V3,1,1,-100,1,468.17,0,0,0,0,2,200
EDCF-Shield,v3b,FALCON1024+HMAC-SHA512+AES256GCM+DKG4of7,COMPROMISED_CTRL,180,67.16,83,CUMULATIVE,166,14962,186182,1638,1086,0.986638,0.909458,0.916565,0.901325,0.932328,99.42,100,0,0.665373,0,1,3,0,0,76,1448,0.905515,1,0.494,2,3,0,0,V3,1,1,-100,1,468.17,0,0,0,0,1,200
EDCF-Shield,v3b,FALCON1024+HMAC-SHA512+AES256GCM+DKG4of7,COMPROMISED_CTRL,180,67.16,84,CYCLE,168,180,2400,20,12,0.987749,0.902367,0.918367,0.9,0.9375,99.5,100,0,0.665375,0,1,3,0,0,76,1448,0.905563,1,0.494,2,3,0,0,V3,1,1,-100,1,474.2,0,0,0,0,2,200
EDCF-Shield,v3b,FALCON1024+HMAC-SHA512+AES256GCM+DKG4of7,COMPROMISED_CTRL,180,67.16,84,CUMULATIVE,168,15142,188582,1658,1098,0.986652,0.909488,0.916586,0.90131,0.932389,99.42,100,0,0.665375,0,1,3,0,0,76,1448,0.905563,1,0.494,2,3,0,0,V3,1,1,-100,1,474.2,0,0,0,0,1,200
EDCF-Shield,v3b,FALCON1024+HMAC-SHA512+AES256GCM+DKG4of7,COMPROMISED_CTRL,180,67.16,85,CYCLE,170,180,2400,20,14,0.986993,0.902419,0.913706,0.9,0.927835,99.42,100,0,0.665375,0,1,3,0,0,76,1448,0.90561,1,0.4941,2,3,0,0,V3,1,1,-100,1,480.235,0,0,0,0,2,200
EDCF-Shield,v3b,FALCON1024+HMAC-SHA512+AES256GCM+DKG4of7,COMPROMISED_CTRL,180,67.16,85,CUMULATIVE,170,15322,190982,1678,1112,0.986657,0.909457,0.916552,0.901294,0.932335,99.42,100,0,0.665375,0,1,3,0,0,76,1448,0.90561,1,0.4941,2,3,0,0,V3,1,1,-100,1,480.235,0,0,0,0,1,200
EDCF-Shield,v3b,FALCON1024+HMAC-SHA512+AES256GCM+DKG4of7,COMPROMISED_CTRL,180,67.16,86,CYCLE,172,180,2400,20,14,0.986993,0.90247,0.913706,0.9,0.927835,99.42,100,0,0.665375,0,1,3,0,0,76,1448,0.905655,1,0.4942,2,3,0,0,V3,1,1,-100,1,486.27,0,0,0,0,2,200
EDCF-Shield,v3b,FALCON1024+HMAC-SHA512+AES256GCM+DKG4of7,COMPROMISED_CTRL,180,67.16,86,CUMULATIVE,172,15502,193382,1698,1126,0.986661,0.909426,0.916519,0.901279,0.932283,99.42,100,0,0.665375,0,1,3,0,0,76,1448,0.905655,1,0.4942,2,3,0,0,V3,1,1,-100,1,486.27,0,0,0,0,1,200
EDCF-Shield,v3b,FALCON1024+HMAC-SHA512+AES256GCM+DKG4of7,COMPROMISED_CTRL,180,67.16,87,CYCLE,174,180,2400,20,12,0.987749,0.902579,0.918367,0.9,0.9375,99.5,100,0,0.665377,0,1,3,0,0,76,1448,0.905699,1,0.4943,2,3,0,0,V3,1,1,-100,1,492.3,0,0,0,0,2,200
EDCF-Shield,v3b,FALCON1024+HMAC-SHA512+AES256GCM+DKG4of7,COMPROMISED_CTRL,180,67.16,87,CUMULATIVE,174,15682,195782,1718,1138,0.986674,0.909456,0.91654,0.901264,0.932342,99.42,100,0,0.665377,0,1,3,0,0,76,1448,0.905699,1,0.4943,2,3,0,0,V3,1,1,-100,1,492.3,0,0,0,0,1,200
EDCF-Shield,v3b,FALCON1024+HMAC-SHA512+AES256GCM+DKG4of7,COMPROMISED_CTRL,180,67.16,88,CYCLE,176,180,2400,20,14,0.986993,0.902627,0.913706,0.9,0.927835,99.42,100,0,0.665377,0,1,3,0,0,76,1448,0.905742,1,0.4943,2,3,0,0,V3,1,1,-100,1,498.335,0,0,0,0,2,200
EDCF-Shield,v3b,FALCON1024+HMAC-SHA512+AES256GCM+DKG4of7,COMPROMISED_CTRL,180,67.16,88,CUMULATIVE,176,15862,198182,1738,1152,0.986678,0.909425,0.916508,0.90125,0.932291,99.42,100,0,0.665377,0,1,3,0,0,76,1448,0.905742,1,0.4943,2,3,0,0,V3,1,1,-100,1,498.335,0,0,0,0,1,200
EDCF-Shield,v3b,FALCON1024+HMAC-SHA512+AES256GCM+DKG4of7,COMPROMISED_CTRL,180,67.16,89,CYCLE,178,180,2400,20,14,0.986993,0.902674,0.913706,0.9,0.927835,99.42,100,0,0.665377,0,1,3,0,0,76,1448,0.905784,1,0.4944,2,3,0,0,V3,1,1,-100,1,504.37,0,0,0,0,2,200
EDCF-Shield,v3b,FALCON1024+HMAC-SHA512+AES256GCM+DKG4of7,COMPROMISED_CTRL,180,67.16,89,CUMULATIVE,178,16042,200582,1758,1166,0.986682,0.909396,0.916476,0.901236,0.932241,99.42,100,0,0.665377,0,1,3,0,0,76,1448,0.905784,1,0.4944,2,3,0,0,V3,1,1,-100,1,504.37,0,0,0,0,1,200
EDCF-Shield,v3b,FALCON1024+HMAC-SHA512+AES256GCM+DKG4of7,COMPROMISED_CTRL,180,67.16,90,CYCLE,179.5,108,1560,12,8,0.988152,0.902745,0.915254,0.9,0.931034,99.49,100,0,0.665379,0,1,3,0,0,76,1448,0.905824,1,0.4958,2,3,0,0,V3,1,1,-100,1,508.29,0,0,0,0,2,200
EDCF-Shield,v3b,FALCON1024+HMAC-SHA512+AES256GCM+DKG4of7,COMPROMISED_CTRL,180,67.16,90,CUMULATIVE,179.5,16150,202142,1770,1174,0.986693,0.909394,0.916468,0.901228,0.932233,99.42,100,0,0.665379,0,1,3,0,0,76,1448,0.905824,1,0.4958,2,3,0,0,V3,1,1,-100,1,508.29,0,0,0,0,1,200
EDCF-Shield,v3a,FALCON1024+HMAC-SHA512+AES256GCM+DKG4of7,STOLEN_KEY,30,11.19,1,CYCLE,2,1700,0,0,0,1,0.5,1,1,1,0,100,0,0,0,1,0,0,0,76,1448,0,1,0,0,0,0,0,V3,0,1,-100,1,0,0,0,0,0,0,200
EDCF-Shield,v3a,FALCON1024+HMAC-SHA512+AES256GCM+DKG4of7,STOLEN_KEY,30,11.19,1,CUMULATIVE,2,1700,0,0,0,1,0.5,1,1,1,0,100,0,0,0,1,0,0,0,76,1448,0,1,0,0,0,0,0,V3,0,1,-100,1,0,0,0,0,0,0,200
EDCF-Shield,v3a,FALCON1024+HMAC-SHA512+AES256GCM+DKG4of7,STOLEN_KEY,30,11.19,2,CYCLE,4,1682,35,18,119,0.926106,0.429427,0.960868,0.989412,0.933926,22.73,100,0,0.3125,0,1,3,0,0,76,1448,0.5,1,0.25,2,3,0,0,V3,1,1,-100,1,0.385,0,0,0,0,2,200
EDCF-Shield,v3a,FALCON1024+HMAC-SHA512+AES256GCM+DKG4of7,STOLEN_KEY,30,11.19,2,CUMULATIVE,4,3382,35,18,119,0.961452,0.372887,0.980148,0.994706,0.96601,22.73,100,0,0.3125,0,1,3,0,0,76,1448,0.5,1,0.25,2,3,0,0,V3,1,1,-100,1,0.385,0,0,0,0,1,200
EDCF-Shield,v3a,FALCON1024+HMAC-SHA512+AES256GCM+DKG4of7,STOLEN_KEY,30,11.19,3,CYCLE,6,1680,20,20,356,0.818882,0.324971,0.899358,0.988235,0.825147,5.32,100,0,0.171875,0,1,3,0,0,76,1448,0.436443,1,0.3333,2,3,0,0,V3,1,1,-100,1,1.325,0,0,0,0,2,200
EDCF-Shield,v3a,FALCON1024+HMAC-SHA512+AES256GCM+DKG4of7,STOLEN_KEY,30,11.19,3,CUMULATIVE,6,5062,55,38,475,0.908881,0.220685,0.951772,0.992549,0.914213,10.38,100,0,0.171875,0,1,3,0,0,76,1448,0.436443,1,0.3333,2,3,0,0,V3,1,1,-100,1,1.325,0,0,0,0,1,200
EDCF-Shield,v3a,FALCON1024+HMAC-SHA512+AES256GCM+DKG4of7,STOLEN_KEY,30,11.19,4,CYCLE,8,1680,2,20,398,0.800952,0.237206,0.889359,0.988235,0.80847,0.5,100,0,0.109195,0,1,3,0,0,76,1448,0.364524,1,0.375,2,3,0,0,V3,1,1,-100,1,2.325,0,0,0,0,2,200
EDCF-Shield,v3a,FALCON1024+HMAC-SHA512+AES256GCM+DKG4of7,STOLEN_KEY,30,11.19,4,CUMULATIVE,8,6742,57,58,873,0.87956,0.141783,0.935414,0.991471,0.885358,6.13,100,0,0.109195,0,1,3,0,0,76,1448,0.364524,1,0.375,2,3,0,0,V3,1,1,-100,1,2.325,0,0,0,0,1,200
EDCF-Shield,v3a,FALCON1024+HMAC-SHA512+AES256GCM+DKG4of7,STOLEN_KEY,30,11.19,5,CYCLE,10,1680,1,20,399,0.800476,0.182452,0.889124,0.988235,0.808081,0.25,100,0,0.080221,0,1,3,0,0,76,1448,0.308839,1,0.4,2,3,0,0,V3,1,1,-100,1,3.325,0,0,0,0,2,200
EDCF-Shield,v3a,FALCON1024+HMAC-SHA512+AES256GCM+DKG4of7,STOLEN_KEY,30,11.19,5,CUMULATIVE,10,8422,58,78,1272,0.862665,0.100829,0.9258,0.990824,0.868785,4.36,100,0,0.080221,0,1,3,0,0,76,1448,0.308839,1,0.4,2,3,0,0,V3,1,1,-100,1,3.325,0,0,0,0,1,200
EDCF-Shield,v3a,FALCON1024+HMAC-SHA512+AES256GCM+DKG4of7,STOLEN_KEY,30,11.19,6,CYCLE,12,1680,2,20,398,0.800952,0.147695,0.889359,0.988235,0.80847,0.5,100,0,0.064865,0,1,3,0,0,76,1448,0.267237,1,0.4167,2,3,0,0,V3,1,1,-100,1,4.325,0,0,0,0,2,200
EDCF-Shield,v3a,FALCON1024+HMAC-SHA512+AES256GCM+DKG4of7,STOLEN_KEY,30,11.19,6,CUMULATIVE,12,10102,60,98,1670,0.851802,0.077232,0.919534,0.990392,0.858138,3.47,100,0,0.064865,0,1,3,0,0,76,1448,0.267237,1,0.4167,2,3,0,0,V3,1,1,-100,1,4.325,0,0,0,0,1,200
EDCF-Shield,v3a,FALCON1024+HMAC-SHA512+AES256GCM+DKG4of7,STOLEN_KEY,30,11.19,7,CYCLE,14,1680,2,20,398,0.800952,0.122869,0.889359,0.988235,0.80847,0.5,100,0,0.055013,0,1,3,0,0,76,1448,0.235569,1,0.4286,2,3,0,0,V3,1,1,-100,1,5.325,0,0,0,0,2,200
EDCF-Shield,v3a,FALCON1024+HMAC-SHA512+AES256GCM+DKG4of7,STOLEN_KEY,30,11.19,7,CUMULATIVE,14,11782,62,118,2068,0.844191,0.061196,0.915107,0.990084,0.850686,2.91,100,0,0.055013,0,1,3,0,0,76,1448,0.235569,1,0.4286,2,3,0,0,V3,1,1,-100,1,5.325,0,0,0,0,1,200
EDCF-Shield,v3a,FALCON1024+HMAC-SHA512+AES256GCM+DKG4of7,STOLEN_KEY,30,11.19,8,CYCLE,16,1680,1,20,399,0.800476,0.10294,0.889124,0.988235,0.808081,0.25,100,0,0.04744,0,1,3,0,0,76,1448,0.210659,1,0.4375,2,3,0,0,V3,1,1,-100,1,6.325,0,0,0,0,2,200
EDCF-Shield,v3a,FALCON1024+HMAC-SHA512+AES256GCM+DKG4of7,STOLEN_KEY,30,11.19,8,CUMULATIVE,16,13462,63,138,2467,0.8385,0.048367,0.911782,0.989853,0.845125,2.49,100,0,0.04744,0,1,3,0,0,76,1448,0.210659,1,0.4375,2,3,0,0,V3,1,1,-100,1,6.325,0,0,0,0,1,200
EDCF-Shield,v3a,FALCON1024+HMAC-SHA512+AES256GCM+DKG4of7,STOLEN_KEY,30,11.19,9,CYCLE,18,1680,2,20,398,0.800952,0.088603,0.889359,0.988235,0.80847,0.5,100,0,0.042484,0,1,3,0,0,76,1448,0.190372,1,0.4444,2,3,0,0,V3,1,1,-100,1,7.325,0,0,0,0,2,200
EDCF-Shield,v3a,FALCON1024+HMAC-SHA512+AES256GCM+DKG4of7,STOLEN_KEY,30,11.19,9,CUMULATIVE,18,15142,65,158,2865,0.834174,0.039619,0.909238,0.989673,0.840895,2.22,100,0,0.042484,0,1,3,0,0,76,1448,0.190372,1,0.4444,2,3,0,0,V3,1,1,-100,1,7.325,0,0,0,0,1,200
EDCF-Shield,v3a,FALCON1024+HMAC-SHA512+AES256GCM+DKG4of7,STOLEN_KEY,30,11.19,10,CYCLE,20,1680,2,20,398,0.800952,0.077134,0.889359,0.988235,0.80847,0.5,100,0,0.038684,0,1,3,0,0,76,1448,0.173622,1,0.45,2,3,0,0,V3,1,1,-100,1,8.325,0,0,0,0,2,200
EDCF-Shield,v3a,FALCON1024+HMAC-SHA512+AES256GCM+DKG4of7,STOLEN_KEY,30,11.19,10,CUMULATIVE,20,16822,67,178,3263,0.830743,0.032729,0.907213,0.989529,0.83754,2.01,100,0,0.038684,0,1,3,0,0,76,1448,0.173622,1,0.45,2,3,0,0,V3,1,1,-100,1,8.325,0,0,0,0,1,200
EDCF-Shield,v3a,FALCON1024+HMAC-SHA512+AES256GCM+DKG4of7,STOLEN_KEY,30,11.19,11,CYCLE,22,1680,1,20,399,0.800476,0.066798,0.889124,0.988235,0.808081,0.25,100,0,0.035178,0,1,3,0,0,76,1448,0.159533,1,0.4545,2,3,0,0,V3,1,1,-100,1,9.325,0,0,0,0,2,200
EDCF-Shield,v3a,FALCON1024+HMAC-SHA512+AES256GCM+DKG4of7,STOLEN_KEY,30,11.19,11,CUMULATIVE,22,18502,68,198,3662,0.827909,0.026287,0.90554,0.989412,0.834777,1.82,100,0,0.035178,0,1,3,0,0,76,1448,0.159533,1,0.4545,2,3,0,0,V3,1,1,-100,1,9.325,0,0,0,0,1,200
EDCF-Shield,v3a,FALCON1024+HMAC-SHA512+AES256GCM+DKG4of7,STOLEN_KEY,30,11.19,12,CYCLE,24,1680,2,20,398,0.800952,0.059057,0.889359,0.988235,0.80847,0.5,100,0,0.032787,0,1,3,0,0,76,1448,0.147419,1,0.4583,2,3,0,0,V3,1,1,-100,1,10.325,0,0,0,0,2,200
EDCF-Shield,v3a,FALCON1024+HMAC-SHA512+AES256GCM+DKG4of7,STOLEN_KEY,30,11.19,12,CUMULATIVE,24,20182,70,218,4060,0.825601,0.021756,0.904171,0.989314,0.832522,1.69,100,0,0.032787,0,1,3,0,0,76,1448,0.147419,1,0.4583,2,3,0,0,V3,1,1,-100,1,10.325,0,0,0,0,1,200
EDCF-Shield,v3a,FALCON1024+HMAC-SHA512+AES256GCM+DKG4of7,STOLEN_KEY,30,11.19,13,CYCLE,26,1680,2,20,398,0.800952,0.052507,0.889359,0.988235,0.80847,0.5,100,0,0.030809,0,1,3,0,0,76,1448,0.136947,1,0.4615,2,3,0,0,V3,1,1,-100,1,11.325,0,0,0,0,2,200
EDCF-Shield,v3a,FALCON1024+HMAC-SHA512+AES256GCM+DKG4of7,STOLEN_KEY,30,11.19,13,CUMULATIVE,26,21862,72,238,4458,0.823658,0.017951,0.903015,0.989231,0.830623,1.59,100,0,0.030809,0,1,3,0,0,76,1448,0.136947,1,0.4615,2,3,0,0,V3,1,1,-100,1,11.325,0,0,0,0,1,200
EDCF-Shield,v3a,FALCON1024+HMAC-SHA512+AES256GCM+DKG4of7,STOLEN_KEY,30,11.19,14,CYCLE,28,1680,1,20,399,0.800476,0.046145,0.889124,0.988235,0.808081,0.25,100,0,0.028763,0,1,3,0,0,76,1448,0.127794,1,0.4643,2,3,0,0,V3,1,1,-100,1,12.325,0,0,0,0,2,200
EDCF-Shield,v3a,FALCON1024+HMAC-SHA512+AES256GCM+DKG4of7,STOLEN_KEY,30,11.19,14,CUMULATIVE,28,23542,73,258,4857,0.821963,0.014015,0.90201,0.98916,0.828973,1.48,100,0,0.028763,0,1,3,0,0,76,1448,0.127794,1,0.4643,2,3,0,0,V3,1,1,-100,1,12.325,0,0,0,0,1,200
EDCF-Shield,v3a,FALCON1024+HMAC-SHA512+AES256GCM+DKG4of7,STOLEN_KEY,30,11.19,15,CYCLE,30,1680,2,20,398,0.800952,0.041329,0.889359,0.988235,0.80847,0.5,100,0,0.027372,0,1,3,0,0,76,1448,0.119667,1,0.4667,2,3,0,0,V3,1,1,-100,1,13.325,0,0,0,0,2,200
EDCF-Shield,v3a,FALCON1024+HMAC-SHA512+AES256GCM+DKG4of7,STOLEN_KEY,30,11.19,15,CUMULATIVE,30,25222,75,278,5255,0.820532,0.011265,0.901156,0.989098,0.827575,1.41,100,0,0.027372,0,1,3,0,0,76,1448,0.119667,1,0.4667,2,3,0,0,V3,1,1,-100,1,13.325,0,0,0,0,1,200
EDCF-Shield,v3a,FALCON1024+HMAC-SHA512+AES256GCM+DKG4of7,STOLEN_KEY,30,11.19,16,CYCLE,32,1680,2,20,398,0.800952,0.037116,0.889359,0.988235,0.80847,0.5,100,0,0.026173,0,1,3,0,0,76,1448,0.11244,1,0.4688,2,3,0,0,V3,1,1,-100,1,14.325,0,0,0,0,2,200
EDCF-Shield,v3a,FALCON1024+HMAC-SHA512+AES256GCM+DKG4of7,STOLEN_KEY,30,11.19,16,CUMULATIVE,32,26902,77,298,5653,0.819283,0.008869,0.90041,0.989044,0.826355,1.34,100,0,0.026173,0,1,3,0,0,76,1448,0.11244,1,0.4688,2,3,0,0,V3,1,1,-100,1,14.325,0,0,0,0,1,200
EDCF-Shield,v3a,FALCON1024+HMAC-SHA512+AES256GCM+DKG4of7,STOLEN_KEY,30,11.19,17,CYCLE,34,1680,1,20,399,0.800476,0.032782,0.889124,0.988235,0.808081,0.25,100,0,0.024817,0,1,3,0,0,76,1448,0.105967,1,0.4706,2,3,0,0,V3,1,1,-100,1,15.325,0,0,0,0,2,200
EDCF-Shield,v3a,FALCON1024+HMAC-SHA512+AES256GCM+DKG4of7,STOLEN_KEY,30,11.19,17,CUMULATIVE,34,28582,78,318,6052,0.818156,0.006185,0.899739,0.988997,0.825258,1.27,100,0,0.024817,0,1,3,0,0,76,1448,0.105967,1,0.4706,2,3,0,0,V3,1,1,-100,1,15.325,0,0,0,0,1,200
EDCF-Shield,v3a,FALCON1024+HMAC-SHA512+AES256GCM+DKG4of7,STOLEN_KEY,30,11.19,18,CYCLE,36,1680,2,20,398,0.800952,0.029511,0.889359,0.988235,0.80847,0.5,100,0,0.023916,0,1,3,0,0,76,1448,0.100097,1,0.4722,2,3,0,0,V3,1,1,-100,1,16.325,0,0,0,0,2,200
EDCF-Shield,v3a,FALCON1024+HMAC-SHA512+AES256GCM+DKG4of7,STOLEN_KEY,30,11.19,18,CUMULATIVE,36,30262,80,338,6450,0.817183,0.00435,0.899156,0.988954,0.824308,1.23,100,0,0.023916,0,1,3,0,0,76,1448,0.100097,1,0.4722,2,3,0,0,V3,1,1,-100,1,16.325,0,0,0,0,1,200
EDCF-Shield,v3a,FALCON1024+HMAC-SHA512+AES256GCM+DKG4of7,STOLEN_KEY,30,11.19,19,CYCLE,38,1680,2,20,398,0.800952,0.026585,0.889359,0.988235,0.80847,0.5,100,0,0.023118,0,1,3,0,0,76,1448,0.094778,1,0.4737,2,3,0,0,V3,1,1,-100,1,17.325,0,0,0,0,2,200
EDCF-Shield,v3a,FALCON1024+HMAC-SHA512+AES256GCM+DKG4of7,STOLEN_KEY,30,11.19,19,CUMULATIVE,38,31942,82,358,6848,0.816314,0.002713,0.898636,0.988916,0.82346,1.18,100,0,0.023118,0,1,3,0,0,76,1448,0.094778,1,0.4737,2,3,0,0,V3,1,1,-100,1,17.325,0,0,0,0,1,200
EDCF-Shield,v3a,FALCON1024+HMAC-SHA512+AES256GCM+DKG4of7,STOLEN_KEY,30,11.19,20,CYCLE,40,1680,1,20,399,0.800476,0.023427,0.889124,0.988235,0.808081,0.25,100,0,0.022145,0,1,3,0,0,76,1448,0.089932,1,0.475,2,3,0,0,V3,1,1,-100,1,18.325,0,0,0,0,2,200
EDCF-Shield,v3a,FALCON1024+HMAC-SHA512+AES256GCM+DKG4of7,STOLEN_KEY,30,11.19,20,CUMULATIVE,40,33622,83,378,7247,0.815509,0.000748,0.898155,0.988882,0.822677,1.13,100,0,0.022145,0,1,3,0,0,76,1448,0.089932,1,0.475,2,3,0,0,V3,1,1,-100,1,18.325,0,0,0,0,1,200
EDCF-Shield,v3a,FALCON1024+HMAC-SHA512+AES256GCM+DKG4of7,STOLEN_KEY,30,11.19,21,CYCLE,42,1680,2,20,398,0.800952,0.021069,0.889359,0.988235,0.80847,0.5,100,0,0.021519,0,1,3,0,0,76,1448,0.085473,1,0.4762,2,3,0,0,V3,1,1,-100,1,19.325,0,0,0,0,2,200
EDCF-Shield,v3a,FALCON1024+HMAC-SHA512+AES256GCM+DKG4of7,STOLEN_KEY,30,11.19,21,CUMULATIVE,42,35302,85,398,7645,0.814805,-0.000556,0.897733,0.988852,0.82199,1.1,100,0,0.021519,0,1,3,0,0,76,1448,0.085473,1,0.4762,2,3,0,0,V3,1,1,-100,1,19.325,0,0,0,0,1,200
EDCF-Shield,v3a,FALCON1024+HMAC-SHA512+AES256GCM+DKG4of7,STOLEN_KEY,30,11.19,22,CYCLE,44,1680,2,20,398,0.800952,0.018926,0.889359,0.988235,0.80847,0.5,100,0,0.020954,0,1,3,0,0,76,1448,0.081377,1,0.4773,2,3,0,0,V3,1,1,-100,1,20.325,0,0,0,0,2,200
EDCF-Shield,v3a,FALCON1024+HMAC-SHA512+AES256GCM+DKG4of7,STOLEN_KEY,30,11.19,22,CUMULATIVE,44,36982,87,418,8043,0.814166,-0.001738,0.897349,0.988824,0.821366,1.07,100,0,0.020954,0,1,3,0,0,76,1448,0.081377,1,0.4773,2,3,0,0,V3,1,1,-100,1,20.325,0,0,0,0,1,200
EDCF-Shield,v3a,FALCON1024+HMAC-SHA512+AES256GCM+DKG4of7,STOLEN_KEY,30,11.19,23,CYCLE,46,1680,1,20,399,0.800476,0.016513,0.889124,0.988235,0.808081,0.25,100,0,0.020216,0,1,3,0,0,76,1448,0.077599,1,0.4783,2,3,0,0,V3,1,1,-100,1,21.325,0,0,0,0,2,200
EDCF-Shield,v3a,FALCON1024+HMAC-SHA512+AES256GCM+DKG4of7,STOLEN_KEY,30,11.19,23,CUMULATIVE,46,38662,88,438,8442,0.813563,-0.003249,0.896989,0.988798,0.82078,1.03,100,0,0.020216,0,1,3,0,0,76,1448,0.077599,1,0.4783,2,3,0,0,V3,1,1,-100,1,21.325,0,0,0,0,1,200
EDCF-Shield,v3a,FALCON1024+HMAC-SHA512+AES256GCM+DKG4of7,STOLEN_KEY,30,11.19,24,CYCLE,48,1680,2,20,398,0.800952,0.014738,0.889359,0.988235,0.80847,0.5,100,0,0.019759,0,1,3,0,0,76,1448,0.074084,1,0.4792,2,3,0,0,V3,1,1,-100,1,22.325,0,0,0,0,2,200
EDCF-Shield,v3a,FALCON1024+HMAC-SHA512+AES256GCM+DKG4of7,STOLEN_KEY,30,11.19,24,CUMULATIVE,48,40342,90,458,8840,0.81303,-0.004218,0.896668,0.988775,0.820259,1.01,100,0,0.019759,0,1,3,0,0,76,1448,0.074084,1,0.4792,2,3,0,0,V3,1,1,-100,1,22.325,0,0,0,0,1,200
EDCF-Shield,v3a,FALCON1024+HMAC-SHA512+AES256GCM+DKG4of7,STOLEN_KEY,30,11.19,25,CYCLE,50,1680,2,20,398,0.800952,0.013105,0.889359,0.988235,0.80847,0.5,100,0,0.01934,0,1,3,0,0,76,1448,0.070821,1,0.48,2,3,0,0,V3,1,1,-100,1,23.325,0,0,0,0,2,200
EDCF-Shield,v3a,FALCON1024+HMAC-SHA512+AES256GCM+DKG4of7,STOLEN_KEY,30,11.19,25,CUMULATIVE,50,42022,92,478,9238,0.812541,-0.005107,0.896374,0.988753,0.819782,0.99,100,0,0.01934,0,1,3,0,0,76,1448,0.070821,1,0.48,2,3,0,0,V3,1,1,-100,1,23.325,0,0,0,0,1,200
EDCF-Shield,v3a,FALCON1024+HMAC-SHA512+AES256GCM+DKG4of7,STOLEN_KEY,30,11.19,26,CYCLE,52,1680,1,20,399,0.800476,0.011195,0.889124,0.988235,0.808081,0.25,100,0,0.018758,0,1,3,0,0,76,1448,0.067784,1,0.4808,2,3,0,0,V3,1,1,-100,1,24.325,0,0,0,0,2,200
EDCF-Shield,v3a,FALCON1024+HMAC-SHA512+AES256GCM+DKG4of7,STOLEN_KEY,30,11.19,26,CUMULATIVE,52,43702,93,498,9637,0.812071,-0.006312,0.896093,0.988733,0.819325,0.96,100,0,0.018758,0,1,3,0,0,76,1448,0.067784,1,0.4808,2,3,0,0,V3,1,1,-100,1,24.325,0,0,0,0,1,200
EDCF-Shield,v3a,FALCON1024+HMAC-SHA512+AES256GCM+DKG4of7,STOLEN_KEY,30,11.19,27,CYCLE,54,1680,2,20,398,0.800952,0.009814,0.889359,0.988235,0.80847,0.5,100,0,0.018411,0,1,3,0,0,76,1448,0.064934,1,0.4815,2,3,0,0,V3,1,1,-100,1,25.325,0,0,0,0,2,200
EDCF-Shield,v3a,FALCON1024+HMAC-SHA512+AES256GCM+DKG4of7,STOLEN_KEY,30,11.19,27,CUMULATIVE,54,45382,95,518,10035,0.811654,-0.007056,0.895842,0.988715,0.818918,0.94,100,0,0.018411,0,1,3,0,0,76,1448,0.064934,1,0.4815,2,3,0,0,V3,1,1,-100,1,25.325,0,0,0,0,1,200
EDCF-Shield,v3a,FALCON1024+HMAC-SHA512+AES256GCM+DKG4of7,STOLEN_KEY,30,11.19,28,CYCLE,56,1680,2,20,398,0.800952,0.008531,0.889359,0.988235,0.80847,0.5,100,0,0.01809,0,1,3,0,0,76,1448,0.062268,1,0.4821,2,3,0,0,V3,1,1,-100,1,26.325,0,0,0,0,2,200
EDCF-Shield,v3a,FALCON1024+HMAC-SHA512+AES256GCM+DKG4of7,STOLEN_KEY,30,11.19,28,CUMULATIVE,56,47062,97,538,10433,0.811268,-0.007747,0.895609,0.988697,0.818541,0.92,100,0,0.01809,0,1,3,0,0,76,1448,0.062268,1,0.4821,2,3,0,0,V3,1,1,-100,1,26.325,0,0,0,0,1,200
EDCF-Shield,v3a,FALCON1024+HMAC-SHA512+AES256GCM+DKG4of7,STOLEN_KEY,30,11.19,29,CYCLE,58,1680,1,20,399,0.800476,0.006976,0.889124,0.988235,0.808081,0.25,100,0,0.017616,0,1,3,0,0,76,1448,0.059767,1,0.4828,2,3,0,0,V3,1,1,-100,1,27.325,0,0,0,0,2,200
EDCF-Shield,v3a,FALCON1024+HMAC-SHA512+AES256GCM+DKG4of7,STOLEN_KEY,30,11.19,29,CUMULATIVE,58,48742,98,558,10832,0.810892,-0.008735,0.895384,0.988682,0.818176,0.9,100,0,0.017616,0,1,3,0,0,76,1448,0.059767,1,0.4828,2,3,0,0,V3,1,1,-100,1,27.325,0,0,0,0,1,200
EDCF-Shield,v3a,FALCON1024+HMAC-SHA512+AES256GCM+DKG4of7,STOLEN_KEY,30,11.19,30,CYCLE,60,1680,2,20,398,0.800952,0.005874,0.889359,0.988235,0.80847,0.5,100,0,0.017346,0,1,3,0,0,76,1448,0.057405,1,0.4833,2,3,0,0,V3,1,1,-100,1,28.325,0,0,0,0,2,200
EDCF-Shield,v3a,FALCON1024+HMAC-SHA512+AES256GCM+DKG4of7,STOLEN_KEY,30,11.19,30,CUMULATIVE,60,50422,100,578,11230,0.810557,-0.009322,0.895182,0.988667,0.817849,0.88,100,0,0.017346,0,1,3,0,0,76,1448,0.057405,1,0.4833,2,3,0,0,V3,1,1,-100,1,28.325,0,0,0,0,1,200
EDCF-Shield,v3a,FALCON1024+HMAC-SHA512+AES256GCM+DKG4of7,STOLEN_KEY,30,11.19,31,CYCLE,62,1680,2,20,398,0.800952,0.004843,0.889359,0.988235,0.80847,0.5,100,0,0.017094,0,1,3,0,0,76,1448,0.055181,1,0.4839,2,3,0,0,V3,1,1,-100,1,29.325,0,0,0,0,2,200
EDCF-Shield,v3a,FALCON1024+HMAC-SHA512+AES256GCM+DKG4of7,STOLEN_KEY,30,11.19,31,CUMULATIVE,62,52102,102,598,11628,0.810244,-0.009871,0.894993,0.988653,0.817543,0.87,100,0,0.017094,0,1,3,0,0,76,1448,0.055181,1,0.4839,2,3,0,0,V3,1,1,-100,1,29.325,0,0,0,0,1,200
EDCF-Shield,v3a,FALCON1024+HMAC-SHA512+AES256GCM+DKG4of7,STOLEN_KEY,30,11.19,32,CYCLE,64,1680,1,20,399,0.800476,0.003549,0.889124,0.988235,0.808081,0.25,100,0,0.016699,0,1,3,0,0,76,1448,0.053082,1,0.4844,2,3,0,0,V3,1,1,-100,1,30.325,0,0,0,0,2,200
EDCF-Shield,v3a,FALCON1024+HMAC-SHA512+AES256GCM+DKG4of7,STOLEN_KEY,30,11.19,32,CUMULATIVE,64,53782,103,618,12027,0.809935,-0.010699,0.894808,0.98864,0.817244,0.85,100,0,0.016699,0,1,3,0,0,76,1448,0.053082,1,0.4844,2,3,0,0,V3,1,1,-100,1,30.325,0,0,0,0,1,200
EDCF-Shield,v3a,FALCON1024+HMAC-SHA512+AES256GCM+DKG4of7,STOLEN_KEY,30,11.19,33,CYCLE,66,1680,2,20,398,0.800952,0.002651,0.889359,0.988235,0.80847,0.5,100,0,0.016484,0,1,3,0,0,76,1448,0.051089,1,0.4848,2,3,0,0,V3,1,1,-100,1,31.325,0,0,0,0,2,200
EDCF-Shield,v3a,FALCON1024+HMAC-SHA512+AES256GCM+DKG4of7,STOLEN_KEY,30,11.19,33,CUMULATIVE,66,55462,105,638,12425,0.80966,-0.011172,0.894642,0.988627,0.816975,0.84,100,0,0.016484,0,1,3,0,0,76,1448,0.051089,1,0.4848,2,3,0,0,V3,1,1,-100,1,31.325,0,0,0,0,1,200
EDCF-Shield,v3a,FALCON1024+HMAC-SHA512+AES256GCM+DKG4of7,STOLEN_KEY,30,11.19,34,CYCLE,68,1680,2,20,398,0.800952,0.001806,0.889359,0.988235,0.80847,0.5,100,0,0.016281,0,1,3,0,0,76,1448,0.049203,1,0.4853,2,3,0,0,V3,1,1,-100,1,32.325,0,0,0,0,2,200
EDCF-Shield,v3a,FALCON1024+HMAC-SHA512+AES256GCM+DKG4of7,STOLEN_KEY,30,11.19,34,CUMULATIVE,68,57142,107,658,12823,0.809402,-0.011617,0.894486,0.988616,0.816723,0.83,100,0,0.016281,0,1,3,0,0,76,1448,0.049203,1,0.4853,2,3,0,0,V3,1,1,-100,1,32.325,0,0,0,0,1,200
EDCF-Shield,v3a,FALCON1024+HMAC-SHA512+AES256GCM+DKG4of7,STOLEN_KEY,30,11.19,35,CYCLE,70,1680,1,20,399,0.800476,0.000709,0.889124,0.988235,0.808081,0.25,100,0,0.015946,0,1,3,0,0,76,1448,0.047414,1,0.4857,2,3,0,0,V3,1,1,-100,1,33.325,0,0,0,0,2,200
EDCF-Shield,v3a,FALCON1024+HMAC-SHA512+AES256GCM+DKG4of7,STOLEN_KEY,30,11.19,35,CUMULATIVE,70,58822,108,678,13222,0.809145,-0.012324,0.894332,0.988605,0.816473,0.81,100,0,0.015946,0,1,3,0,0,76,1448,0.047414,1,0.4857,2,3,0,0,V3,1,1,-100,1,33.325,0,0,0,0,1,200
EDCF-Shield,v3a,FALCON1024+HMAC-SHA512+AES256GCM+DKG4of7,STOLEN_KEY,30,11.19,36,CYCLE,72,1680,2,20,398,0.800952,-0.000035,0.889359,0.988235,0.80847,0.5,100,0,0.015771,0,1,3,0,0,76,1448,0.045707,1,0.4861,2,3,0,0,V3,1,1,-100,1,34.325,0,0,0,0,2,200
EDCF-Shield,v3a,FALCON1024+HMAC-SHA512+AES256GCM+DKG4of7,STOLEN_KEY,30,11.19,36,CUMULATIVE,72,60502,110,698,13620,0.808915,-0.012711,0.894193,0.988595,0.816249,0.8,100,0,0.015771,0,1,3,0,0,76,1448,0.045707,1,0.4861,2,3,0,0,V3,1,1,-100,1,34.325,0,0,0,0,1,200
EDCF-Shield,v3a,FALCON1024+HMAC-SHA512+AES256GCM+DKG4of7,STOLEN_KEY,30,11.19,37,CYCLE,74,1680,2,20,398,0.800952,-0.000739,0.889359,0.988235,0.80847,0.5,100,0,0.015605,0,1,3,0,0,76,1448,0.044084,1,0.4865,2,3,0,0,V3,1,1,-100,1,35.325,0,0,0,0,2,200
EDCF-Shield,v3a,FALCON1024+HMAC-SHA512+AES256GCM+DKG4of7,STOLEN_KEY,30,11.19,37,CUMULATIVE,74,62182,112,718,14018,0.808698,-0.013077,0.894062,0.988585,0.816037,0.79,100,0,0.015605,0,1,3,0,0,76,1448,0.044084,1,0.4865,2,3,0,0,V3,1,1,-100,1,35.325,0,0,0,0,1,200
EDCF-Shield,v3a,FALCON1024+HMAC-SHA512+AES256GCM+DKG4of7,STOLEN_KEY,30,11.19,38,CYCLE,76,1680,1,20,399,0.800476,-0.001682,0.889124,0.988235,0.808081,0.25,100,0,0.015316,0,1,3,0,0,76,1448,0.042539,1,0.4868,2,3,0,0,V3,1,1,-100,1,36.325,0,0,0,0,2,200
EDCF-Shield,v3a,FALCON1024+HMAC-SHA512+AES256GCM+DKG4of7,STOLEN_KEY,30,11.19,38,CUMULATIVE,76,63862,113,738,14417,0.80848,-0.01369,0.893931,0.988576,0.815825,0.78,100,0,0.015316,0,1,3,0,0,76,1448,0.042539,1,0.4868,2,3,0,0,V3,1,1,-100,1,36.325,0,0,0,0,1,200
EDCF-Shield,v3a,FALCON1024+HMAC-SHA512+AES256GCM+DKG4of7,STOLEN_KEY,30,11.19,39,CYCLE,78,1680,2,20,398,0.800952,-0.002308,0.889359,0.988235,0.80847,0.5,100,0,0.015172,0,1,3,0,0,76,1448,0.04106,1,0.4872,2,3,0,0,V3,1,1,-100,1,37.325,0,0,0,0,2,200
EDCF-Shield,v3a,FALCON1024+HMAC-SHA512+AES256GCM+DKG4of7,STOLEN_KEY,30,11.19,39,CUMULATIVE,78,65542,115,758,14815,0.808285,-0.014012,0.893813,0.988567,0.815635,0.77,100,0,0.015172,0,1,3,0,0,76,1448,0.04106,1,0.4872,2,3,0,0,V3,1,1,-100,1,37.325,0,0,0,0,1,200
EDCF-Shield,v3a,FALCON1024+HMAC-SHA512+AES256GCM+DKG4of7,STOLEN_KEY,30,11.19,40,CYCLE,80,1680,2,20,398,0.800952,-0.002902,0.889359,0.988235,0.80847,0.5,100,0,0.015035,0,1,3,0,0,76,1448,0.039647,1,0.4875,2,3,0,0,V3,1,1,-100,1,38.325,0,0,0,0,2,200
EDCF-Shield,v3a,FALCON1024+HMAC-SHA512+AES256GCM+DKG4of7,STOLEN_KEY,30,11.19,40,CUMULATIVE,80,67222,117,778,15213,0.8081,-0.014318,0.893702,0.988559,0.815455,0.76,100,0,0.015035,0,1,3,0,0,76,1448,0.039647,1,0.4875,2,3,0,0,V3,1,1,-100,1,38.325,0,0,0,0,1,200
EDCF-Shield,v3a,FALCON1024+HMAC-SHA512+AES256GCM+DKG4of7,STOLEN_KEY,30,11.19,41,CYCLE,82,1680,1,20,399,0.800476,-0.003723,0.889124,0.988235,0.808081,0.25,100,0,0.014781,0,1,3,0,0,76,1448,0.038298,1,0.4878,2,3,0,0,V3,1,1,-100,1,39.325,0,0,0,0,2,200
EDCF-Shield,v3a,FALCON1024+HMAC-SHA512+AES256GCM+DKG4of7,STOLEN_KEY,30,11.19,41,CUMULATIVE,82,68902,118,798,15612,0.807913,-0.014856,0.893589,0.988551,0.815273,0.75,100,0,0.014781,0,1,3,0,0,76,1448,0.038298,1,0.4878,2,3,0,0,V3,1,1,-100,1,39.325,0,0,0,0,1,200
EDCF-Shield,v3a,FALCON1024+HMAC-SHA512+AES256GCM+DKG4of7,STOLEN_KEY,30,11.19,42,CYCLE,84,1680,2,20,398,0.800952,-0.004256,0.889359,0.988235,0.80847,0.5,100,0,0.014661,0,1,3,0,0,76,1448,0.037002,1,0.4881,2,3,0,0,V3,1,1,-100,1,40.325,0,0,0,0,2,200
EDCF-Shield,v3a,FALCON1024+HMAC-SHA512+AES256GCM+DKG4of7,STOLEN_KEY,30,11.19,42,CUMULATIVE,84,70582,120,818,16010,0.807746,-0.015126,0.893488,0.988543,0.81511,0.74,100,0,0.014661,0,1,3,0,0,76,1448,0.037002,1,0.4881,2,3,0,0,V3,1,1,-100,1,40.325,0,0,0,0,1,200
EDCF-Shield,v3a,FALCON1024+HMAC-SHA512+AES256GCM+DKG4of7,STOLEN_KEY,30,11.19,43,CYCLE,86,1680,2,20,398,0.800952,-0.004764,0.889359,0.988235,0.80847,0.5,100,0,0.014546,0,1,3,0,0,76,1448,0.035761,1,0.4884,2,3,0,0,V3,1,1,-100,1,41.325,0,0,0,0,2,200
EDCF-Shield,v3a,FALCON1024+HMAC-SHA512+AES256GCM+DKG4of7,STOLEN_KEY,30,11.19,43,CUMULATIVE,86,72262,122,838,16408,0.807587,-0.015384,0.893392,0.988536,0.814954,0.74,100,0,0.014546,0,1,3,0,0,76,1448,0.035761,1,0.4884,2,3,0,0,V3,1,1,-100,1,41.325,0,0,0,0,1,200
EDCF-Shield,v3a,FALCON1024+HMAC-SHA512+AES256GCM+DKG4of7,STOLEN_KEY,30,11.19,44,CYCLE,88,1680,1,20,399,0.800476,-0.005486,0.889124,0.988235,0.808081,0.25,100,0,0.014322,0,1,3,0,0,76,1448,0.034571,1,0.4886,2,3,0,0,V3,1,1,-100,1,42.325,0,0,0,0,2,200
EDCF-Shield,v3a,FALCON1024+HMAC-SHA512+AES256GCM+DKG4of7,STOLEN_KEY,30,11.19,44,CUMULATIVE,88,73942,123,858,16807,0.807424,-0.015861,0.893294,0.988529,0.814797,0.73,100,0,0.014322,0,1,3,0,0,76,1448,0.034571,1,0.4886,2,3,0,0,V3,1,1,-100,1,42.325,0,0,0,0,1,200
EDCF-Shield,v3a,FALCON1024+HMAC-SHA512+AES256GCM+DKG4of7,STOLEN_KEY,30,11.19,45,CYCLE,90,1680,2,20,398,0.800952,-0.005944,0.889359,0.988235,0.80847,0.5,100,0,0.014221,0,1,3,0,0,76,1448,0.033425,1,0.4889,2,3,0,0,V3,1,1,-100,1,43.325,0,0,0,0,2,200
EDCF-Shield,v3a,FALCON1024+HMAC-SHA512+AES256GCM+DKG4of7,STOLEN_KEY,30,11.19,45,CUMULATIVE,90,75622,125,878,17205,0.807279,-0.016091,0.893207,0.988523,0.814655,0.72,100,0,0.014221,0,1,3,0,0,76,1448,0.033425,1,0.4889,2,3,0,0,V3,1,1,-100,1,43.325,0,0,0,0,1,200
EDCF-Shield,v3a,FALCON1024+HMAC-SHA512+AES256GCM+DKG4of7,STOLEN_KEY,30,11.19,46,CYCLE,92,1680,2,20,398,0.800952,-0.006382,0.889359,0.988235,0.80847,0.5,100,0,0.014124,0,1,3,0,0,76,1448,0.032325,1,0.4891,2,3,0,0,V3,1,1,-100,1,44.325,0,0,0,0,2,200
EDCF-Shield,v3a,FALCON1024+HMAC-SHA512+AES256GCM+DKG4of7,STOLEN_KEY,30,11.19,46,CUMULATIVE,92,77302,127,898,17603,0.807141,-0.016311,0.893123,0.988517,0.81452,0.72,100,0,0.014124,0,1,3,0,0,76,1448,0.032325,1,0.4891,2,3,0,0,V3,1,1,-100,1,44.325,0,0,0,0,1,200
EDCF-Shield,v3a,FALCON1024+HMAC-SHA512+AES256GCM+DKG4of7,STOLEN_KEY,30,11.19,47,CYCLE,94,1680,1,20,399,0.800476,-0.007024,0.889124,0.988235,0.808081,0.25,100,0,0.013924,0,1,3,0,0,76,1448,0.031268,1,0.4894,2,3,0,0,V3,1,1,-100,1,45.325,0,0,0,0,2,200
EDCF-Shield,v3a,FALCON1024+HMAC-SHA512+AES256GCM+DKG4of7,STOLEN_KEY,30,11.19,47,CUMULATIVE,94,78982,128,918,18002,0.806998,-0.016737,0.893037,0.988511,0.814382,0.71,100,0,0.013924,0,1,3,0,0,76,1448,0.031268,1,0.4894,2,3,0,0,V3,1,1,-100,1,45.325,0,0,0,0,1,200
EDCF-Shield,v3a,FALCON1024+HMAC-SHA512+AES256GCM+DKG4of7,STOLEN_KEY,30,11.19,48,CYCLE,96,1680,2,20,398,0.800952,-0.007421,0.889359,0.988235,0.80847,0.5,100,0,0.013837,0,1,3,0,0,76,1448,0.030246,1,0.4896,2,3,0,0,V3,1,1,-100,1,46.325,0,0,0,0,2,200
EDCF-Shield,v3a,FALCON1024+HMAC-SHA512+AES256GCM+DKG4of7,STOLEN_KEY,30,11.19,48,CUMULATIVE,96,80662,130,938,18400,0.806871,-0.016934,0.89296,0.988505,0.814258,0.7,100,0,0.013837,0,1,3,0,0,76,1448,0.030246,1,0.4896,2,3,0,0,V3,1,1,-100,1,46.325,0,0,0,0,1,200
EDCF-Shield,v3a,FALCON1024+HMAC-SHA512+AES256GCM+DKG4of7,STOLEN_KEY,30,11.19,49,CYCLE,98,1680,2,20,398,0.800952,-0.007802,0.889359,0.988235,0.80847,0.5,100,0,0.013754,0,1,3,0,0,76,1448,0.029263,1,0.4898,2,3,0,0,V3,1,1,-100,1,47.325,0,0,0,0,2,200
EDCF-Shield,v3a,FALCON1024+HMAC-SHA512+AES256GCM+DKG4of7,STOLEN_KEY,30,11.19,49,CUMULATIVE,98,82342,132,958,18798,0.806749,-0.017123,0.892887,0.988499,0.814139,0.7,100,0,0.013754,0,1,3,0,0,76,1448,0.029263,1,0.4898,2,3,0,0,V3,1,1,-100,1,47.325,0,0,0,0,1,200
EDCF-Shield,v3a,FALCON1024+HMAC-SHA512+AES256GCM+DKG4of7,STOLEN_KEY,30,11.19,50,CYCLE,100,1680,1,20,399,0.800476,-0.008378,0.889124,0.988235,0.808081,0.25,100,0,0.013574,0,1,3,0,0,76,1448,0.028317,1,0.49,2,3,0,0,V3,1,1,-100,1,48.325,0,0,0,0,2,200
EDCF-Shield,v3a,FALCON1024+HMAC-SHA512+AES256GCM+DKG4of7,STOLEN_KEY,30,11.19,50,CUMULATIVE,100,84022,133,978,19197,0.806623,-0.017508,0.892811,0.988494,0.814017,0.69,100,0,0.013574,0,1,3,0,0,76,1448,0.028317,1,0.49,2,3,0,0,V3,1,1,-100,1,48.325,0,0,0,0,1,200
EDCF-Shield,v3a,FALCON1024+HMAC-SHA512+AES256GCM+DKG4of7,STOLEN_KEY,30,11.19,51,CYCLE,102,1680,2,20,398,0.800952,-0.008725,0.889359,0.988235,0.80847,0.5,100,0,0.0135,0,1,3,0,0,76,1448,0.0274,1,0.4902,2,3,0,0,V3,1,1,-100,1,49.325,0,0,0,0,2,200
EDCF-Shield,v3a,FALCON1024+HMAC-SHA512+AES256GCM+DKG4of7,STOLEN_KEY,30,11.19,51,CUMULATIVE,102,85702,135,998,19595,0.806511,-0.017678,0.892743,0.988489,0.813907,0.68,100,0,0.0135,0,1,3,0,0,76,1448,0.0274,1,0.4902,2,3,0,0,V3,1,1,-100,1,49.325,0,0,0,0,1,200
EDCF-Shield,v3a,FALCON1024+HMAC-SHA512+AES256GCM+DKG4of7,STOLEN_KEY,30,11.19,52,CYCLE,104,1680,2,20,398,0.800952,-0.009059,0.889359,0.988235,0.80847,0.5,100,0,0.013429,0,1,3,0,0,76,1448,0.026516,1,0.4904,2,3,0,0,V3,1,1,-100,1,50.325,0,0,0,0,2,200
EDCF-Shield,v3a,FALCON1024+HMAC-SHA512+AES256GCM+DKG4of7,STOLEN_KEY,30,11.19,52,CUMULATIVE,104,87382,137,1018,19993,0.806404,-0.017842,0.892678,0.988484,0.813802,0.68,100,0,0.013429,0,1,3,0,0,76,1448,0.026516,1,0.4904,2,3,0,0,V3,1,1,-100,1,50.325,0,0,0,0,1,200
EDCF-Shield,v3a,FALCON1024+HMAC-SHA512+AES256GCM+DKG4of7,STOLEN_KEY,30,11.19,53,CYCLE,106,1680,1,20,399,0.800476,-0.009578,0.889124,0.988235,0.808081,0.25,100,0,0.013265,0,1,3,0,0,76,1448,0.025663,1,0.4906,2,3,0,0,V3,1,1,-100,1,51.325,0,0,0,0,2,200
EDCF-Shield,v3a,FALCON1024+HMAC-SHA512+AES256GCM+DKG4of7,STOLEN_KEY,30,11.19,53,CUMULATIVE,106,89062,138,1038,20392,0.806291,-0.018191,0.892611,0.988479,0.813693,0.67,100,0,0.013265,0,1,3,0,0,76,1448,0.025663,1,0.4906,2,3,0,0,V3,1,1,-100,1,51.325,0,0,0,0,1,200
EDCF-Shield,v3a,FALCON1024+HMAC-SHA512+AES256GCM+DKG4of7,STOLEN_KEY,30,11.19,54,CYCLE,108,1680,2,20,398,0.800952,-0.009884,0.889359,0.988235,0.80847,0.5,100,0,0.013201,0,1,3,0,0,76,1448,0.024836,1,0.4907,2,3,0,0,V3,1,1,-100,1,52.325,0,0,0,0,2,200
EDCF-Shield,v3a,FALCON1024+HMAC-SHA512+AES256GCM+DKG4of7,STOLEN_KEY,30,11.19,54,CUMULATIVE,108,90742,140,1058,20790,0.806192,-0.018339,0.89255,0.988475,0.813596,0.67,100,0,0.013201,0,1,3,0,0,76,1448,0.024836,1,0.4907,2,3,0,0,V3,1,1,-100,1,52.325,0,0,0,0,1,200
EDCF-Shield,v3a,FALCON1024+HMAC-SHA512+AES256GCM+DKG4of7,STOLEN_KEY,30,11.19,55,CYCLE,110,1680,2,20,398,0.800952,-0.010178,0.889359,0.988235,0.80847,0.5,100,0,0.01314,0,1,3,0,0,76,1448,0.024036,1,0.4909,2,3,0,0,V3,1,1,-100,1,53.325,0,0,0,0,2,200
EDCF-Shield,v3a,FALCON1024+HMAC-SHA512+AES256GCM+DKG4of7,STOLEN_KEY,30,11.19,55,CUMULATIVE,110,92422,142,1078,21188,0.806096,-0.018481,0.892492,0.988471,0.813502,0.67,100,0,0.01314,0,1,3,0,0,76,1448,0.024036,1,0.4909,2,3,0,0,V3,1,1,-100,1,53.325,0,0,0,0,1,200
EDCF-Shield,v3a,FALCON1024+HMAC-SHA512+AES256GCM+DKG4of7,STOLEN_KEY,30,11.19,56,CYCLE,112,1680,1,20,399,0.800476,-0.010649,0.889124,0.988235,0.808081,0.25,100,0,0.012991,0,1,3,0,0,76,1448,0.023263,1,0.4911,2,3,0,0,V3,1,1,-100,1,54.325,0,0,0,0,2,200
EDCF-Shield,v3a,FALCON1024+HMAC-SHA512+AES256GCM+DKG4of7,STOLEN_KEY,30,11.19,56,CUMULATIVE,112,94102,143,1098,21587,0.805995,-0.018801,0.892432,0.988466,0.813405,0.66,100,0,0.012991,0,1,3,0,0,76,1448,0.023263,1,0.4911,2,3,0,0,V3,1,1,-100,1,54.325,0,0,0,0,1,200
EDCF-Shield,v3a,FALCON1024+HMAC-SHA512+AES256GCM+DKG4of7,STOLEN_KEY,30,11.19,57,CYCLE,114,1680,2,20,398,0.800952,-0.01092,0.889359,0.988235,0.80847,0.5,100,0,0.012935,0,1,3,0,0,76,1448,0.022512,1,0.4912,2,3,0,0,V3,1,1,-100,1,55.325,0,0,0,0,2,200
EDCF-Shield,v3a,FALCON1024+HMAC-SHA512+AES256GCM+DKG4of7,STOLEN_KEY,30,11.19,57,CUMULATIVE,114,95782,145,1118,21985,0.805906,-0.01893,0.892377,0.988462,0.813318,0.66,100,0,0.012935,0,1,3,0,0,76,1448,0.022512,1,0.4912,2,3,0,0,V3,1,1,-100,1,55.325,0,0,0,0,1,200
EDCF-Shield,v3a,FALCON1024+HMAC-SHA512+AES256GCM+DKG4of7,STOLEN_KEY,30,11.19,58,CYCLE,116,1680,2,20,398,0.800952,-0.011182,0.889359,0.988235,0.80847,0.5,100,0,0.012881,0,1,3,0,0,76,1448,0.021785,1,0.4914,2,3,0,0,V3,1,1,-100,1,56.325,0,0,0,0,2,200
EDCF-Shield,v3a,FALCON1024+HMAC-SHA512+AES256GCM+DKG4of7,STOLEN_KEY,30,11.19,58,CUMULATIVE,116,97462,147,1138,22383,0.80582,-0.019054,0.892325,0.988458,0.813234,0.65,100,0,0.012881,0,1,3,0,0,76,1448,0.021785,1,0.4914,2,3,0,0,V3,1,1,-100,1,56.325,0,0,0,0,1,200
EDCF-Shield,v3a,FALCON1024+HMAC-SHA512+AES256GCM+DKG4of7,STOLEN_KEY,30,11.19,59,CYCLE,118,1680,1,20,399,0.800476,-0.011612,0.889124,0.988235,0.808081,0.25,100,0,0.012744,0,1,3,0,0,76,1448,0.021081,1,0.4915,2,3,0,0,V3,1,1,-100,1,57.325,0,0,0,0,2,200
EDCF-Shield,v3a,FALCON1024+HMAC-SHA512+AES256GCM+DKG4of7,STOLEN_KEY,30,11.19,59,CUMULATIVE,118,99142,148,1158,22782,0.805729,-0.019348,0.892271,0.988455,0.813146,0.65,100,0,0.012744,0,1,3,0,0,76,1448,0.021081,1,0.4915,2,3,0,0,V3,1,1,-100,1,57.325,0,0,0,0,1,200
EDCF-Shield,v3a,FALCON1024+HMAC-SHA512+AES256GCM+DKG4of7,STOLEN_KEY,30,11.19,60,CYCLE,120,1680,2,20,398,0.800952,-0.011853,0.889359,0.988235,0.80847,0.5,100,0,0.012696,0,1,3,0,0,76,1448,0.020396,1,0.4917,2,3,0,0,V3,1,1,-100,1,58.325,0,0,0,0,2,200
EDCF-Shield,v3a,FALCON1024+HMAC-SHA512+AES256GCM+DKG4of7,STOLEN_KEY,30,11.19,60,CUMULATIVE,120,100822,150,1178,23180,0.805649,-0.019461,0.892222,0.988451,0.813068,0.64,100,0,0.012696,0,1,3,0,0,76,1448,0.020396,1,0.4917,2,3,0,0,V3,1,1,-100,1,58.325,0,0,0,0,1,200
EDCF-Shield,v3a,FALCON1024+HMAC-SHA512+AES256GCM+DKG4of7,STOLEN_KEY,30,11.19,61,CYCLE,122,1680,2,20,398,0.800952,-0.012087,0.889359,0.988235,0.80847,0.5,100,0,0.012649,0,1,3,0,0,76,1448,0.019731,1,0.4918,2,3,0,0,V3,1,1,-100,1,59.325,0,0,0,0,2,200
EDCF-Shield,v3a,FALCON1024+HMAC-SHA512+AES256GCM+DKG4of7,STOLEN_KEY,30,11.19,61,CUMULATIVE,122,102502,152,1198,23578,0.805572,-0.019571,0.892175,0.988447,0.812992,0.64,100,0,0.012649,0,1,3,0,0,76,1448,0.019731,1,0.4918,2,3,0,0,V3,1,1,-100,1,59.325,0,0,0,0,1,200
EDCF-Shield,v3a,FALCON1024+HMAC-SHA512+AES256GCM+DKG4of7,STOLEN_KEY,30,11.19,62,CYCLE,124,1680,1,20,399,0.800476,-0.012482,0.889124,0.988235,0.808081,0.25,100,0,0.012523,0,1,3,0,0,76,1448,0.019087,1,0.4919,2,3,0,0,V3,1,1,-100,1,60.325,0,0,0,0,2,200
EDCF-Shield,v3a,FALCON1024+HMAC-SHA512+AES256GCM+DKG4of7,STOLEN_KEY,30,11.19,62,CUMULATIVE,124,104182,153,1218,23977,0.805489,-0.019842,0.892126,0.988444,0.812912,0.63,100,0,0.012523,0,1,3,0,0,76,1448,0.019087,1,0.4919,2,3,0,0,V3,1,1,-100,1,60.325,0,0,0,0,1,200
EDCF-Shield,v3a,FALCON1024+HMAC-SHA512+AES256GCM+DKG4of7,STOLEN_KEY,30,11.19,63,CYCLE,126,1680,2,20,398,0.800952,-0.012698,0.889359,0.988235,0.80847,0.5,100,0,0.01248,0,1,3,0,0,76,1448,0.018459,1,0.4921,2,3,0,0,V3,1,1,-100,1,61.325,0,0,0,0,2,200
EDCF-Shield,v3a,FALCON1024+HMAC-SHA512+AES256GCM+DKG4of7,STOLEN_KEY,30,11.19,63,CUMULATIVE,126,105862,155,1238,24375,0.805417,-0.019942,0.892082,0.988441,0.812841,0.63,100,0,0.01248,0,1,3,0,0,76,1448,0.018459,1,0.4921,2,3,0,0,V3,1,1,-100,1,61.325,0,0,0,0,1,200
EDCF-Shield,v3a,FALCON1024+HMAC-SHA512+AES256GCM+DKG4of7,STOLEN_KEY,30,11.19,64,CYCLE,128,1680,2,20,398,0.800952,-0.012907,0.889359,0.988235,0.80847,0.5,100,0,0.012439,0,1,3,0,0,76,1448,0.01785,1,0.4922,2,3,0,0,V3,1,1,-100,1,62.325,0,0,0,0,2,200
EDCF-Shield,v3a,FALCON1024+HMAC-SHA512+AES256GCM+DKG4of7,STOLEN_KEY,30,11.19,64,CUMULATIVE,128,107542,157,1258,24773,0.805347,-0.020039,0.892039,0.988437,0.812773,0.63,100,0,0.012439,0,1,3,0,0,76,1448,0.01785,1,0.4922,2,3,0,0,V3,1,1,-100,1,62.325,0,0,0,0,1,200
EDCF-Shield,v3a,FALCON1024+HMAC-SHA512+AES256GCM+DKG4of7,STOLEN_KEY,30,11.19,65,CYCLE,130,1680,1,20,399,0.800476,-0.013271,0.889124,0.988235,0.808081,0.25,100,0,0.012322,0,1,3,0,0,76,1448,0.017258,1,0.4923,2,3,0,0,V3,1,1,-100,1,63.325,0,0,0,0,2,200
EDCF-Shield,v3a,FALCON1024+HMAC-SHA512+AES256GCM+DKG4of7,STOLEN_KEY,30,11.19,65,CUMULATIVE,130,109222,158,1278,25172,0.805271,-0.02029,0.891994,0.988434,0.8127,0.62,100,0,0.012322,0,1,3,0,0,76,1448,0.017258,1,0.4923,2,3,0,0,V3,1,1,-100,1,63.325,0,0,0,0,1,200
EDCF-Shield,v3a,FALCON1024+HMAC-SHA512+AES256GCM+DKG4of7,STOLEN_KEY,30,11.19,66,CYCLE,132,1680,2,20,398,0.800952,-0.013465,0.889359,0.988235,0.80847,0.5,100,0,0.012284,0,1,3,0,0,76,1448,0.01668,1,0.4924,2,3,0,0,V3,1,1,-100,1,64.325,0,0,0,0,2,200
EDCF-Shield,v3a,FALCON1024+HMAC-SHA512+AES256GCM+DKG4of7,STOLEN_KEY,30,11.19,66,CUMULATIVE,132,110902,160,1298,25570,0.805206,-0.020379,0.891954,0.988431,0.812636,0.62,100,0,0.012284,0,1,3,0,0,76,1448,0.01668,1,0.4924,2,3,0,0,V3,1,1,-100,1,64.325,0,0,0,0,1,200
EDCF-Shield,v3a,FALCON1024+HMAC-SHA512+AES256GCM+DKG4of7,STOLEN_KEY,30,11.19,67,CYCLE,134,1680,2,20,398,0.800952,-0.013653,0.889359,0.988235,0.80847,0.5,100,0,0.012248,0,1,3,0,0,76,1448,0.016118,1,0.4925,2,3,0,0,V3,1,1,-100,1,65.325,0,0,0,0,2,200
EDCF-Shield,v3a,FALCON1024+HMAC-SHA512+AES256GCM+DKG4of7,STOLEN_KEY,30,11.19,67,CUMULATIVE,134,112582,162,1318,25968,0.805142,-0.020465,0.891915,0.988428,0.812573,0.62,100,0,0.012248,0,1,3,0,0,76,1448,0.016118,1,0.4925,2,3,0,0,V3,1,1,-100,1,65.325,0,0,0,0,1,200
EDCF-Shield,v3a,FALCON1024+HMAC-SHA512+AES256GCM+DKG4of7,STOLEN_KEY,30,11.19,68,CYCLE,136,1680,1,20,399,0.800476,-0.01399,0.889124,0.988235,0.808081,0.25,100,0,0.012139,0,1,3,0,0,76,1448,0.015572,1,0.4926,2,3,0,0,V3,1,1,-100,1,66.325,0,0,0,0,2,200
EDCF-Shield,v3a,FALCON1024+HMAC-SHA512+AES256GCM+DKG4of7,STOLEN_KEY,30,11.19,68,CUMULATIVE,136,114262,163,1338,26367,0.805073,-0.020699,0.891874,0.988426,0.812507,0.61,100,0,0.012139,0,1,3,0,0,76,1448,0.015572,1,0.4926,2,3,0,0,V3,1,1,-100,1,66.325,0,0,0,0,1,200
EDCF-Shield,v3a,FALCON1024+HMAC-SHA512+AES256GCM+DKG4of7,STOLEN_KEY,30,11.19,69,CYCLE,138,1680,2,20,398,0.800952,-0.014166,0.889359,0.988235,0.80847,0.5,100,0,0.012106,0,1,3,0,0,76,1448,0.015039,1,0.4928,2,3,0,0,V3,1,1,-100,1,67.325,0,0,0,0,2,200
EDCF-Shield,v3a,FALCON1024+HMAC-SHA512+AES256GCM+DKG4of7,STOLEN_KEY,30,11.19,69,CUMULATIVE,138,115942,165,1358,26765,0.805013,-0.020778,0.891838,0.988423,0.812448,0.61,100,0,0.012106,0,1,3,0,0,76,1448,0.015039,1,0.4928,2,3,0,0,V3,1,1,-100,1,67.325,0,0,0,0,1,200
EDCF-Shield,v3a,FALCON1024+HMAC-SHA512+AES256GCM+DKG4of7,STOLEN_KEY,30,11.19,70,CYCLE,140,1680,2,20,398,0.800952,-0.014336,0.889359,0.988235,0.80847,0.5,100,0,0.012073,0,1,3,0,0,76,1448,0.01452,1,0.4929,2,3,0,0,V3,1,1,-100,1,68.325,0,0,0,0,2,200
EDCF-Shield,v3a,FALCON1024+HMAC-SHA512+AES256GCM+DKG4of7,STOLEN_KEY,30,11.19,70,CUMULATIVE,140,117622,167,1378,27163,0.804955,-0.020855,0.891802,0.98842,0.812391,0.61,100,0,0.012073,0,1,3,0,0,76,1448,0.01452,1,0.4929,2,3,0,0,V3,1,1,-100,1,68.325,0,0,0,0,1,200
EDCF-Shield,v3a,FALCON1024+HMAC-SHA512+AES256GCM+DKG4of7,STOLEN_KEY,30,11.19,71,CYCLE,142,1680,1,20,399,0.800476,-0.014649,0.889124,0.988235,0.808081,0.25,100,0,0.011972,0,1,3,0,0,76,1448,0.014015,1,0.493,2,3,0,0,V3,1,1,-100,1,69.325,0,0,0,0,2,200
EDCF-Shield,v3a,FALCON1024+HMAC-SHA512+AES256GCM+DKG4of7,STOLEN_KEY,30,11.19,71,CUMULATIVE,142,119302,168,1398,27562,0.804891,-0.021073,0.891764,0.988418,0.81233,0.61,100,0,0.011972,0,1,3,0,0,76,1448,0.014015,1,0.493,2,3,0,0,V3,1,1,-100,1,69.325,0,0,0,0,1,200
EDCF-Shield,v3a,FALCON1024+HMAC-SHA512+AES256GCM+DKG4of7,STOLEN_KEY,30,11.19,72,CYCLE,144,1680,2,20,398,0.800952,-0.014808,0.889359,0.988235,0.80847,0.5,100,0,0.011942,0,1,3,0,0,76,1448,0.01352,1,0.4931,2,3,0,0,V3,1,1,-100,1,70.325,0,0,0,0,2,200
EDCF-Shield,v3a,FALCON1024+HMAC-SHA512+AES256GCM+DKG4of7,STOLEN_KEY,30,11.19,72,CUMULATIVE,144,120982,170,1418,27960,0.804836,-0.021143,0.891731,0.988415,0.812276,0.6,100,0,0.011942,0,1,3,0,0,76,1448,0.01352,1,0.4931,2,3,0,0,V3,1,1,-100,1,70.325,0,0,0,0,1,200
EDCF-Shield,v3a,FALCON1024+HMAC-SHA512+AES256GCM+DKG4of7,STOLEN_KEY,30,11.19,73,CYCLE,146,1680,2,20,398,0.800952,-0.014963,0.889359,0.988235,0.80847,0.5,100,0,0.011914,0,1,3,0,0,76,1448,0.013039,1,0.4932,2,3,0,0,V3,1,1,-100,1,71.325,0,0,0,0,2,200
EDCF-Shield,v3a,FALCON1024+HMAC-SHA512+AES256GCM+DKG4of7,STOLEN_KEY,30,11.19,73,CUMULATIVE,146,122662,172,1438,28358,0.804783,-0.021212,0.891698,0.988413,0.812224,0.6,100,0,0.011914,0,1,3,0,0,76,1448,0.013039,1,0.4932,2,3,0,0,V3,1,1,-100,1,71.325,0,0,0,0,1,200
EDCF-Shield,v3a,FALCON1024+HMAC-SHA512+AES256GCM+DKG4of7,STOLEN_KEY,30,11.19,74,CYCLE,148,1680,1,20,399,0.800476,-0.015254,0.889124,0.988235,0.808081,0.25,100,0,0.011819,0,1,3,0,0,76,1448,0.01257,1,0.4932,2,3,0,0,V3,1,1,-100,1,72.325,0,0,0,0,2,200
EDCF-Shield,v3a,FALCON1024+HMAC-SHA512+AES256GCM+DKG4of7,STOLEN_KEY,30,11.19,74,CUMULATIVE,148,124342,173,1458,28757,0.804724,-0.021417,0.891663,0.98841,0.812167,0.6,100,0,0.011819,0,1,3,0,0,76,1448,0.01257,1,0.4932,2,3,0,0,V3,1,1,-100,1,72.325,0,0,0,0,1,200
EDCF-Shield,v3a,FALCON1024+HMAC-SHA512+AES256GCM+DKG4of7,STOLEN_KEY,30,11.19,75,CYCLE,150,1680,2,20,398,0.800952,-0.015399,0.889359,0.988235,0.80847,0.5,100,0,0.011792,0,1,3,0,0,76,1448,0.01211,1,0.4933,2,3,0,0,V3,1,1,-100,1,73.325,0,0,0,0,2,200
EDCF-Shield,v3a,FALCON1024+HMAC-SHA512+AES256GCM+DKG4of7,STOLEN_KEY,30,11.19,75,CUMULATIVE,150,126022,175,1478,29155,0.804674,-0.02148,0.891632,0.988408,0.812118,0.6,100,0,0.011792,0,1,3,0,0,76,1448,0.01211,1,0.4933,2,3,0,0,V3,1,1,-100,1,73.325,0,0,0,0,1,200
EDCF-Shield,v3a,FALCON1024+HMAC-SHA512+AES256GCM+DKG4of7,STOLEN_KEY,30,11.19,76,CYCLE,152,1680,2,20,398,0.800952,-0.01554,0.889359,0.988235,0.80847,0.5,100,0,0.011767,0,1,3,0,0,76,1448,0.011663,1,0.4934,2,3,0,0,V3,1,1,-100,1,74.325,0,0,0,0,2,200
EDCF-Shield,v3a,FALCON1024+HMAC-SHA512+AES256GCM+DKG4of7,STOLEN_KEY,30,11.19,76,CUMULATIVE,152,127702,177,1498,29553,0.804625,-0.021541,0.891603,0.988406,0.81207,0.6,100,0,0.011767,0,1,3,0,0,76,1448,0.011663,1,0.4934,2,3,0,0,V3,1,1,-100,1,74.325,0,0,0,0,1,200
EDCF-Shield,v3a,FALCON1024+HMAC-SHA512+AES256GCM+DKG4of7,STOLEN_KEY,30,11.19,77,CYCLE,154,1680,1,20,399,0.800476,-0.015813,0.889124,0.988235,0.808081,0.25,100,0,0.011677,0,1,3,0,0,76,1448,0.011226,1,0.4935,2,3,0,0,V3,1,1,-100,1,75.325,0,0,0,0,2,200
EDCF-Shield,v3a,FALCON1024+HMAC-SHA512+AES256GCM+DKG4of7,STOLEN_KEY,30,11.19,77,CUMULATIVE,154,129382,178,1518,29952,0.804571,-0.021734,0.89157,0.988403,0.812018,0.59,100,0,0.011677,0,1,3,0,0,76,1448,0.011226,1,0.4935,2,3,0,0,V3,1,1,-100,1,75.325,0,0,0,0,1,200
EDCF-Shield,v3a,FALCON1024+HMAC-SHA512+AES256GCM+DKG4of7,STOLEN_KEY,30,11.19,78,CYCLE,156,1680,2,20,398,0.800952,-0.015944,0.889359,0.988235,0.80847,0.5,100,0,0.011654,0,1,3,0,0,76,1448,0.010798,1,0.4936,2,3,0,0,V3,1,1,-100,1,76.325,0,0,0,0,2,200
EDCF-Shield,v3a,FALCON1024+HMAC-SHA512+AES256GCM+DKG4of7,STOLEN_KEY,30,11.19,78,CUMULATIVE,156,131062,180,1538,30350,0.804524,-0.02179,0.891542,0.988401,0.811972,0.59,100,0,0.011654,0,1,3,0,0,76,1448,0.010798,1,0.4936,2,3,0,0,V3,1,1,-100,1,76.325,0,0,0,0,1,200
EDCF-Shield,v3a,FALCON1024+HMAC-SHA512+AES256GCM+DKG4of7,STOLEN_KEY,30,11.19,79,CYCLE,158,1680,2,20,398,0.800952,-0.016073,0.889359,0.988235,0.80847,0.5,100,0,0.011632,0,1,3,0,0,76,1448,0.01038,1,0.4937,2,3,0,0,V3,1,1,-100,1,77.325,0,0,0,0,2,200
EDCF-Shield,v3a,FALCON1024+HMAC-SHA512+AES256GCM+DKG4of7,STOLEN_KEY,30,11.19,79,CUMULATIVE,158,132742,182,1558,30748,0.804479,-0.021845,0.891514,0.988399,0.811927,0.59,100,0,0.011632,0,1,3,0,0,76,1448,0.01038,1,0.4937,2,3,0,0,V3,1,1,-100,1,77.325,0,0,0,0,1,200
EDCF-Shield,v3a,FALCON1024+HMAC-SHA512+AES256GCM+DKG4of7,STOLEN_KEY,30,11.19,80,CYCLE,160,1680,1,20,399,0.800476,-0.016329,0.889124,0.988235,0.808081,0.25,100,0,0.011547,0,1,3,0,0,76,1448,0.009972,1,0.4938,2,3,0,0,V3,1,1,-100,1,78.325,0,0,0,0,2,200
EDCF-Shield,v3a,FALCON1024+HMAC-SHA512+AES256GCM+DKG4of7,STOLEN_KEY,30,11.19,80,CUMULATIVE,160,134422,183,1578,31147,0.804428,-0.022027,0.891484,0.988397,0.811879,0.58,100,0,0.011547,0,1,3,0,0,76,1448,0.009972,1,0.4938,2,3,0,0,V3,1,1,-100,1,78.325,0,0,0,0,1,200
EDCF-Shield,v3a,FALCON1024+HMAC-SHA512+AES256GCM+DKG4of7,STOLEN_KEY,30,11.19,81,CYCLE,162,1680,2,20,398,0.800952,-0.016449,0.889359,0.988235,0.80847,0.5,100,0,0.011526,0,1,3,0,0,76,1448,0.009572,1,0.4938,2,3,0,0,V3,1,1,-100,1,79.325,0,0,0,0,2,200
EDCF-Shield,v3a,FALCON1024+HMAC-SHA512+AES256GCM+DKG4of7,STOLEN_KEY,30,11.19,81,CUMULATIVE,162,136102,185,1598,31545,0.804385,-0.022077,0.891458,0.988395,0.811837,0.58,100,0,0.011526,0,1,3,0,0,76,1448,0.009572,1,0.4938,2,3,0,0,V3,1,1,-100,1,79.325,0,0,0,0,1,200
EDCF-Shield,v3a,FALCON1024+HMAC-SHA512+AES256GCM+DKG4of7,STOLEN_KEY,30,11.19,82,CYCLE,164,1680,2,20,398,0.800952,-0.016567,0.889359,0.988235,0.80847,0.5,100,0,0.011506,0,1,3,0,0,76,1448,0.009181,1,0.4939,2,3,0,0,V3,1,1,-100,1,80.325,0,0,0,0,2,200
EDCF-Shield,v3a,FALCON1024+HMAC-SHA512+AES256GCM+DKG4of7,STOLEN_KEY,30,11.19,82,CUMULATIVE,164,137782,187,1618,31943,0.804343,-0.022126,0.891432,0.988393,0.811796,0.58,100,0,0.011506,0,1,3,0,0,76,1448,0.009181,1,0.4939,2,3,0,0,V3,1,1,-100,1,80.325,0,0,0,0,1,200
EDCF-Shield,v3a,FALCON1024+HMAC-SHA512+AES256GCM+DKG4of7,STOLEN_KEY,30,11.19,83,CYCLE,166,1680,1,20,399,0.800476,-0.016808,0.889124,0.988235,0.808081,0.25,100,0,0.011426,0,1,3,0,0,76,1448,0.008799,1,0.494,2,3,0,0,V3,1,1,-100,1,81.325,0,0,0,0,2,200
EDCF-Shield,v3a,FALCON1024+HMAC-SHA512+AES256GCM+DKG4of7,STOLEN_KEY,30,11.19,83,CUMULATIVE,166,139462,188,1638,32342,0.804296,-0.022298,0.891404,0.988391,0.811751,0.58,100,0,0.011426,0,1,3,0,0,76,1448,0.008799,1,0.494,2,3,0,0,V3,1,1,-100,1,81.325,0,0,0,0,1,200
EDCF-Shield,v3a,FALCON1024+HMAC-SHA512+AES256GCM+DKG4of7,STOLEN_KEY,30,11.19,84,CYCLE,168,1680,2,20,398,0.800952,-0.016918,0.889359,0.988235,0.80847,0.5,100,0,0.011408,0,1,3,0,0,76,1448,0.008425,1,0.494,2,3,0,0,V3,1,1,-100,1,82.325,0,0,0,0,2,200
EDCF-Shield,v3a,FALCON1024+HMAC-SHA512+AES256GCM+DKG4of7,STOLEN_KEY,30,11.19,84,CUMULATIVE,168,141142,190,1658,32740,0.804257,-0.022344,0.89138,0.988389,0.811711,0.58,100,0,0.011408,0,1,3,0,0,76,1448,0.008425,1,0.494,2,3,0,0,V3,1,1,-100,1,82.325,0,0,0,0,1,200
EDCF-Shield,v3a,FALCON1024+HMAC-SHA512+AES256GCM+DKG4of7,STOLEN_KEY,30,11.19,85,CYCLE,170,1680,2,20,398,0.800952,-0.017026,0.889359,0.988235,0.80847,0.5,100,0,0.01139,0,1,3,0,0,76,1448,0.008058,1,0.4941,2,3,0,0,V3,1,1,-100,1,83.325,0,0,0,0,2,200
EDCF-Shield,v3a,FALCON1024+HMAC-SHA512+AES256GCM+DKG4of7,STOLEN_KEY,30,11.19,85,CUMULATIVE,170,142822,192,1678,33138,0.804218,-0.022388,0.891356,0.988388,0.811673,0.58,100,0,0.01139,0,1,3,0,0,76,1448,0.008058,1,0.4941,2,3,0,0,V3,1,1,-100,1,83.325,0,0,0,0,1,200
EDCF-Shield,v3a,FALCON1024+HMAC-SHA512+AES256GCM+DKG4of7,STOLEN_KEY,30,11.19,86,CYCLE,172,1680,1,20,399,0.800476,-0.017254,0.889124,0.988235,0.808081,0.25,100,0,0.011314,0,1,3,0,0,76,1448,0.0077,1,0.4942,2,3,0,0,V3,1,1,-100,1,84.325,0,0,0,0,2,200
EDCF-Shield,v3a,FALCON1024+HMAC-SHA512+AES256GCM+DKG4of7,STOLEN_KEY,30,11.19,86,CUMULATIVE,172,144502,193,1698,33537,0.804174,-0.022551,0.89133,0.988386,0.811631,0.57,100,0,0.011314,0,1,3,0,0,76,1448,0.0077,1,0.4942,2,3,0,0,V3,1,1,-100,1,84.325,0,0,0,0,1,200
EDCF-Shield,v3a,FALCON1024+HMAC-SHA512+AES256GCM+DKG4of7,STOLEN_KEY,30,11.19,87,CYCLE,174,1680,2,20,398,0.800952,-0.017355,0.889359,0.988235,0.80847,0.5,100,0,0.011298,0,1,3,0,0,76,1448,0.007349,1,0.4943,2,3,0,0,V3,1,1,-100,1,85.325,0,0,0,0,2,200
EDCF-Shield,v3a,FALCON1024+HMAC-SHA512+AES256GCM+DKG4of7,STOLEN_KEY,30,11.19,87,CUMULATIVE,174,146182,195,1718,33935,0.804137,-0.022592,0.891307,0.988384,0.811595,0.57,100,0,0.011298,0,1,3,0,0,76,1448,0.007349,1,0.4943,2,3,0,0,V3,1,1,-100,1,85.325,0,0,0,0,1,200
EDCF-Shield,v3a,FALCON1024+HMAC-SHA512+AES256GCM+DKG4of7,STOLEN_KEY,30,11.19,88,CYCLE,176,1680,2,20,398,0.800952,-0.017454,0.889359,0.988235,0.80847,0.5,100,0,0.011282,0,1,3,0,0,76,1448,0.007004,1,0.4943,2,3,0,0,V3,1,1,-100,1,86.325,0,0,0,0,2,200
EDCF-Shield,v3a,FALCON1024+HMAC-SHA512+AES256GCM+DKG4of7,STOLEN_KEY,30,11.19,88,CUMULATIVE,176,147862,197,1738,34333,0.8041,-0.022632,0.891285,0.988382,0.811559,0.57,100,0,0.011282,0,1,3,0,0,76,1448,0.007004,1,0.4943,2,3,0,0,V3,1,1,-100,1,86.325,0,0,0,0,1,200
EDCF-Shield,v3a,FALCON1024+HMAC-SHA512+AES256GCM+DKG4of7,STOLEN_KEY,30,11.19,89,CYCLE,178,1680,1,20,399,0.800476,-0.017669,0.889124,0.988235,0.808081,0.25,100,0,0.01121,0,1,3,0,0,76,1448,0.006668,1,0.4944,2,3,0,0,V3,1,1,-100,1,87.325,0,0,0,0,2,200
EDCF-Shield,v3a,FALCON1024+HMAC-SHA512+AES256GCM+DKG4of7,STOLEN_KEY,30,11.19,89,CUMULATIVE,178,149542,198,1758,34732,0.804059,-0.022787,0.891261,0.988381,0.81152,0.57,100,0,0.01121,0,1,3,0,0,76,1448,0.006668,1,0.4944,2,3,0,0,V3,1,1,-100,1,87.325,0,0,0,0,1,200
EDCF-Shield,v3a,FALCON1024+HMAC-SHA512+AES256GCM+DKG4of7,STOLEN_KEY,30,11.19,90,CYCLE,180,1680,2,20,398,0.800952,-0.017763,0.889359,0.988235,0.80847,0.5,100,0,0.011195,0,1,3,0,0,76,1448,0.006337,1,0.4944,2,3,0,0,V3,1,1,-100,1,88.325,0,0,0,0,2,200
EDCF-Shield,v3a,FALCON1024+HMAC-SHA512+AES256GCM+DKG4of7,STOLEN_KEY,30,11.19,90,CUMULATIVE,180,151222,200,1778,35130,0.804025,-0.022824,0.89124,0.988379,0.811486,0.57,100,0,0.011195,0,1,3,0,0,76,1448,0.006337,1,0.4944,2,3,0,0,V3,1,1,-100,1,88.325,0,0,0,0,1,200
EDCF-Shield,v3a,FALCON1024+HMAC-SHA512+AES256GCM+DKG4of7,STOLEN_KEY,30,11.19,91,CYCLE,182,1680,2,20,398,0.800952,-0.017854,0.889359,0.988235,0.80847,0.5,100,0,0.011181,0,1,3,0,0,76,1448,0.006013,1,0.4945,2,3,0,0,V3,1,1,-100,1,89.325,0,0,0,0,2,200
EDCF-Shield,v3a,FALCON1024+HMAC-SHA512+AES256GCM+DKG4of7,STOLEN_KEY,30,11.19,91,CUMULATIVE,182,152902,202,1798,35528,0.803991,-0.02286,0.891219,0.988378,0.811453,0.57,100,0,0.011181,0,1,3,0,0,76,1448,0.006013,1,0.4945,2,3,0,0,V3,1,1,-100,1,89.325,0,0,0,0,1,200
EDCF-Shield,v3a,FALCON1024+HMAC-SHA512+AES256GCM+DKG4of7,STOLEN_KEY,30,11.19,92,CYCLE,184,1680,1,20,399,0.800476,-0.018057,0.889124,0.988235,0.808081,0.25,100,0,0.011112,0,1,3,0,0,76,1448,0.005695,1,0.4946,2,3,0,0,V3,1,1,-100,1,90.325,0,0,0,0,2,200
EDCF-Shield,v3a,FALCON1024+HMAC-SHA512+AES256GCM+DKG4of7,STOLEN_KEY,30,11.19,92,CUMULATIVE,184,154582,203,1818,35927,0.803953,-0.023007,0.891196,0.988376,0.811416,0.56,100,0,0.011112,0,1,3,0,0,76,1448,0.005695,1,0.4946,2,3,0,0,V3,1,1,-100,1,90.325,0,0,0,0,1,200
EDCF-Shield,v3a,FALCON1024+HMAC-SHA512+AES256GCM+DKG4of7,STOLEN_KEY,30,11.19,93,CYCLE,186,1680,2,20,398,0.800952,-0.018144,0.889359,0.988235,0.80847,0.5,100,0,0.011099,0,1,3,0,0,76,1448,0.005383,1,0.4946,2,3,0,0,V3,1,1,-100,1,91.325,0,0,0,0,2,200
EDCF-Shield,v3a,FALCON1024+HMAC-SHA512+AES256GCM+DKG4of7,STOLEN_KEY,30,11.19,93,CUMULATIVE,186,156262,205,1838,36325,0.80392,-0.02304,0.891176,0.988374,0.811384,0.56,100,0,0.011099,0,1,3,0,0,76,1448,0.005383,1,0.4946,2,3,0,0,V3,1,1,-100,1,91.325,0,0,0,0,1,200
EDCF-Shield,v3a,FALCON1024+HMAC-SHA512+AES256GCM+DKG4of7,STOLEN_KEY,30,11.19,94,CYCLE,188,1680,2,20,398,0.800952,-0.018228,0.889359,0.988235,0.80847,0.5,100,0,0.011086,0,1,3,0,0,76,1448,0.005078,1,0.4947,2,3,0,0,V3,1,1,-100,1,92.325,0,0,0,0,2,200
EDCF-Shield,v3a,FALCON1024+HMAC-SHA512+AES256GCM+DKG4of7,STOLEN_KEY,30,11.19,94,CUMULATIVE,188,157942,207,1858,36723,0.803889,-0.023073,0.891157,0.988373,0.811353,0.56,100,0,0.011086,0,1,3,0,0,76,1448,0.005078,1,0.4947,2,3,0,0,V3,1,1,-100,1,92.325,0,0,0,0,1,200
EDCF-Shield,v3a,FALCON1024+HMAC-SHA512+AES256GCM+DKG4of7,STOLEN_KEY,30,11.19,95,CYCLE,190,1680,1,20,399,0.800476,-0.018421,0.889124,0.988235,0.808081,0.25,100,0,0.011021,0,1,3,0,0,76,1448,0.004778,1,0.4947,2,3,0,0,V3,1,1,-100,1,93.325,0,0,0,0,2,200
EDCF-Shield,v3a,FALCON1024+HMAC-SHA512+AES256GCM+DKG4of7,STOLEN_KEY,30,11.19,95,CUMULATIVE,190,159622,208,1878,37122,0.803853,-0.023213,0.891136,0.988372,0.811318,0.56,100,0,0.011021,0,1,3,0,0,76,1448,0.004778,1,0.4947,2,3,0,0,V3,1,1,-100,1,93.325,0,0,0,0,1,200
EDCF-Shield,v3a,FALCON1024+HMAC-SHA512+AES256GCM+DKG4of7,STOLEN_KEY,30,11.19,96,CYCLE,192,1680,2,20,398,0.800952,-0.018501,0.889359,0.988235,0.80847,0.5,100,0,0.011009,0,1,3,0,0,76,1448,0.004484,1,0.4948,2,3,0,0,V3,1,1,-100,1,94.325,0,0,0,0,2,200
EDCF-Shield,v3a,FALCON1024+HMAC-SHA512+AES256GCM+DKG4of7,STOLEN_KEY,30,11.19,96,CUMULATIVE,192,161302,210,1898,37520,0.803822,-0.023243,0.891117,0.98837,0.811288,0.56,100,0,0.011009,0,1,3,0,0,76,1448,0.004484,1,0.4948,2,3,0,0,V3,1,1,-100,1,94.325,0,0,0,0,1,200
EDCF-Shield,v3a,FALCON1024+HMAC-SHA512+AES256GCM+DKG4of7,STOLEN_KEY,30,11.19,97,CYCLE,194,1680,2,20,398,0.800952,-0.018579,0.889359,0.988235,0.80847,0.5,100,0,0.010998,0,1,3,0,0,76,1448,0.004195,1,0.4948,2,3,0,0,V3,1,1,-100,1,95.325,0,0,0,0,2,200
EDCF-Shield,v3a,FALCON1024+HMAC-SHA512+AES256GCM+DKG4of7,STOLEN_KEY,30,11.19,97,CUMULATIVE,194,162982,212,1918,37918,0.803793,-0.023273,0.891099,0.988369,0.811259,0.56,100,0,0.010998,0,1,3,0,0,76,1448,0.004195,1,0.4948,2,3,0,0,V3,1,1,-100,1,95.325,0,0,0,0,1,200
EDCF-Shield,v3a,FALCON1024+HMAC-SHA512+AES256GCM+DKG4of7,STOLEN_KEY,30,11.19,98,CYCLE,196,1680,1,20,399,0.800476,-0.018763,0.889124,0.988235,0.808081,0.25,100,0,0.010935,0,1,3,0,0,76,1448,0.003912,1,0.4949,2,3,0,0,V3,1,1,-100,1,96.325,0,0,0,0,2,200
EDCF-Shield,v3a,FALCON1024+HMAC-SHA512+AES256GCM+DKG4of7,STOLEN_KEY,30,11.19,98,CUMULATIVE,196,164662,213,1938,38317,0.803759,-0.023407,0.891079,0.988367,0.811227,0.55,100,0,0.010935,0,1,3,0,0,76,1448,0.003912,1,0.4949,2,3,0,0,V3,1,1,-100,1,96.325,0,0,0,0,1,200
EDCF-Shield,v3a,FALCON1024+HMAC-SHA512+AES256GCM+DKG4of7,STOLEN_KEY,30,11.19,99,CYCLE,198,1680,2,20,398,0.800952,-0.018837,0.889359,0.988235,0.80847,0.5,100,0,0.010925,0,1,3,0,0,76,1448,0.003633,1,0.4949,2,3,0,0,V3,1,1,-100,1,97.325,0,0,0,0,2,200
EDCF-Shield,v3a,FALCON1024+HMAC-SHA512+AES256GCM+DKG4of7,STOLEN_KEY,30,11.19,99,CUMULATIVE,198,166342,215,1958,38715,0.80373,-0.023434,0.891061,0.988366,0.811199,0.55,100,0,0.010925,0,1,3,0,0,76,1448,0.003633,1,0.4949,2,3,0,0,V3,1,1,-100,1,97.325,0,0,0,0,1,200
EDCF-Shield,v3a,FALCON1024+HMAC-SHA512+AES256GCM+DKG4of7,STOLEN_KEY,30,11.19,100,CYCLE,200,1680,2,20,398,0.800952,-0.01891,0.889359,0.988235,0.80847,0.5,100,0,0.010914,0,1,3,0,0,76,1448,0.003359,1,0.495,2,3,0,0,V3,1,1,-100,1,98.325,0,0,0,0,2,200
EDCF-Shield,v3a,FALCON1024+HMAC-SHA512+AES256GCM+DKG4of7,STOLEN_KEY,30,11.19,100,CUMULATIVE,200,168022,217,1978,39113,0.803702,-0.023461,0.891044,0.988365,0.811171,0.55,100,0,0.010914,0,1,3,0,0,76,1448,0.003359,1,0.495,2,3,0,0,V3,1,1,-100,1,98.325,0,0,0,0,1,200
EDCF-Shield,v3a,FALCON1024+HMAC-SHA512+AES256GCM+DKG4of7,STOLEN_KEY,30,11.19,101,CYCLE,202,1680,1,20,399,0.800476,-0.019084,0.889124,0.988235,0.808081,0.25,100,0,0.010855,0,1,3,0,0,76,1448,0.003091,1,0.495,2,3,0,0,V3,1,1,-100,1,99.325,0,0,0,0,2,200
EDCF-Shield,v3a,FALCON1024+HMAC-SHA512+AES256GCM+DKG4of7,STOLEN_KEY,30,11.19,101,CUMULATIVE,202,169702,218,1998,39512,0.80367,-0.023589,0.891025,0.988363,0.811141,0.55,100,0,0.010855,0,1,3,0,0,76,1448,0.003091,1,0.495,2,3,0,0,V3,1,1,-100,1,99.325,0,0,0,0,1,200
EDCF-Shield,v3a,FALCON1024+HMAC-SHA512+AES256GCM+DKG4of7,STOLEN_KEY,30,11.19,102,CYCLE,204,1680,2,20,398,0.800952,-0.019153,0.889359,0.988235,0.80847,0.5,100,0,0.010845,0,1,3,0,0,76,1448,0.002827,1,0.4951,2,3,0,0,V3,1,1,-100,1,100.325,0,0,0,0,2,200
EDCF-Shield,v3a,FALCON1024+HMAC-SHA512+AES256GCM+DKG4of7,STOLEN_KEY,30,11.19,102,CUMULATIVE,204,171382,220,2018,39910,0.803644,-0.023614,0.891009,0.988362,0.811114,0.55,100,0,0.010845,0,1,3,0,0,76,1448,0.002827,1,0.4951,2,3,0,0,V3,1,1,-100,1,100.325,0,0,0,0,1,200
EDCF-Shield,v3a,FALCON1024+HMAC-SHA512+AES256GCM+DKG4of7,STOLEN_KEY,30,11.19,103,CYCLE,206,1680,2,20,398,0.800952,-0.01922,0.889359,0.988235,0.80847,0.5,100,0,0.010836,0,1,3,0,0,76,1448,0.002568,1,0.4951,2,3,0,0,V3,1,1,-100,1,101.325,0,0,0,0,2,200
EDCF-Shield,v3a,FALCON1024+HMAC-SHA512+AES256GCM+DKG4of7,STOLEN_KEY,30,11.19,103,CUMULATIVE,206,173062,222,2038,40308,0.803617,-0.023638,0.890993,0.988361,0.811089,0.55,100,0,0.010836,0,1,3,0,0,76,1448,0.002568,1,0.4951,2,3,0,0,V3,1,1,-100,1,101.325,0,0,0,0,1,200
EDCF-Shield,v3a,FALCON1024+HMAC-SHA512+AES256GCM+DKG4of7,STOLEN_KEY,30,11.19,104,CYCLE,208,1680,1,20,399,0.800476,-0.019387,0.889124,0.988235,0.808081,0.25,100,0,0.010779,0,1,3,0,0,76,1448,0.002313,1,0.4952,2,3,0,0,V3,1,1,-100,1,102.325,0,0,0,0,2,200
EDCF-Shield,v3a,FALCON1024+HMAC-SHA512+AES256GCM+DKG4of7,STOLEN_KEY,30,11.19,104,CUMULATIVE,208,174742,223,2058,40707,0.803587,-0.02376,0.890975,0.98836,0.81106,0.54,100,0,0.010779,0,1,3,0,0,76,1448,0.002313,1,0.4952,2,3,0,0,V3,1,1,-100,1,102.325,0,0,0,0,1,200
EDCF-Shield,v3a,FALCON1024+HMAC-SHA512+AES256GCM+DKG4of7,STOLEN_KEY,30,11.19,105,CYCLE,210,1680,2,20,398,0.800952,-0.019451,0.889359,0.988235,0.80847,0.5,100,0,0.010771,0,1,3,0,0,76,1448,0.002063,1,0.4952,2,3,0,0,V3,1,1,-100,1,103.325,0,0,0,0,2,200
EDCF-Shield,v3a,FALCON1024+HMAC-SHA512+AES256GCM+DKG4of7,STOLEN_KEY,30,11.19,105,CUMULATIVE,210,176422,225,2078,41105,0.803562,-0.023783,0.890959,0.988359,0.811035,0.54,100,0,0.010771,0,1,3,0,0,76,1448,0.002063,1,0.4952,2,3,0,0,V3,1,1,-100,1,103.325,0,0,0,0,1,200
EDCF-Shield,v3a,FALCON1024+HMAC-SHA512+AES256GCM+DKG4of7,STOLEN_KEY,30,11.19,106,CYCLE,212,1680,2,20,398,0.800952,-0.019514,0.889359,0.988235,0.80847,0.5,100,0,0.010762,0,1,3,0,0,76,1448,0.001817,1,0.4953,2,3,0,0,V3,1,1,-100,1,104.325,0,0,0,0,2,200
EDCF-Shield,v3a,FALCON1024+HMAC-SHA512+AES256GCM+DKG4of7,STOLEN_KEY,30,11.19,106,CUMULATIVE,212,178102,227,2098,41503,0.803537,-0.023805,0.890944,0.988357,0.811011,0.54,100,0,0.010762,0,1,3,0,0,76,1448,0.001817,1,0.4953,2,3,0,0,V3,1,1,-100,1,104.325,0,0,0,0,1,200
EDCF-Shield,v3a,FALCON1024+HMAC-SHA512+AES256GCM+DKG4of7,STOLEN_KEY,30,11.19,107,CYCLE,214,1680,1,20,399,0.800476,-0.019673,0.889124,0.988235,0.808081,0.25,100,0,0.010708,0,1,3,0,0,76,1448,0.001575,1,0.4953,2,3,0,0,V3,1,1,-100,1,105.325,0,0,0,0,2,200
EDCF-Shield,v3a,FALCON1024+HMAC-SHA512+AES256GCM+DKG4of7,STOLEN_KEY,30,11.19,107,CUMULATIVE,214,179782,228,2118,41902,0.803508,-0.023922,0.890927,0.988356,0.810983,0.54,100,0,0.010708,0,1,3,0,0,76,1448,0.001575,1,0.4953,2,3,0,0,V3,1,1,-100,1,105.325,0,0,0,0,1,200
EDCF-Shield,v3a,FALCON1024+HMAC-SHA512+AES256GCM+DKG4of7,STOLEN_KEY,30,11.19,108,CYCLE,216,1680,2,20,398,0.800952,-0.019732,0.889359,0.988235,0.80847,0.5,100,0,0.0107,0,1,3,0,0,76,1448,0.001337,1,0.4954,2,3,0,0,V3,1,1,-100,1,106.325,0,0,0,0,2,200
EDCF-Shield,v3a,FALCON1024+HMAC-SHA512+AES256GCM+DKG4of7,STOLEN_KEY,30,11.19,108,CUMULATIVE,216,181462,230,2138,42300,0.803485,-0.023943,0.890913,0.988355,0.81096,0.54,100,0,0.0107,0,1,3,0,0,76,1448,0.001337,1,0.4954,2,3,0,0,V3,1,1,-100,1,106.325,0,0,0,0,1,200
EDCF-Shield,v3a,FALCON1024+HMAC-SHA512+AES256GCM+DKG4of7,STOLEN_KEY,30,11.19,109,CYCLE,218,1680,2,20,398,0.800952,-0.019791,0.889359,0.988235,0.80847,0.5,100,0,0.010693,0,1,3,0,0,76,1448,0.001103,1,0.4954,2,3,0,0,V3,1,1,-100,1,107.325,0,0,0,0,2,200
EDCF-Shield,v3a,FALCON1024+HMAC-SHA512+AES256GCM+DKG4of7,STOLEN_KEY,30,11.19,109,CUMULATIVE,218,183142,232,2158,42698,0.803461,-0.023962,0.890898,0.988354,0.810937,0.54,100,0,0.010693,0,1,3,0,0,76,1448,0.001103,1,0.4954,2,3,0,0,V3,1,1,-100,1,107.325,0,0,0,0,1,200
EDCF-Shield,v3a,FALCON1024+HMAC-SHA512+AES256GCM+DKG4of7,STOLEN_KEY,30,11.19,110,CYCLE,219.5,1008,1,12,259,0.788281,-0.0199,0.881504,0.988235,0.79558,0.38,100,0,0.010674,0,1,3,0,0,76,1448,0.000873,1,0.4966,2,3,0,0,V3,1,1,-100,1,107.975,0,0,0,0,2,200
EDCF-Shield,v3a,FALCON1024+HMAC-SHA512+AES256GCM+DKG4of7,STOLEN_KEY,30,11.19,110,CUMULATIVE,219.5,184150,233,2170,42957,0.803377,-0.024007,0.890847,0.988353,0.810851,0.54,100,0,0.010674,0,1,3,0,0,76,1448,0.000873,1,0.4966,2,3,0,0,V3,1,1,-100,1,107.975,0,0,0,0,1,200
EDCF-Shield,v3a,FALCON1024+HMAC-SHA512+AES256GCM+DKG4of7,STOLEN_KEY,90,33.58,1,CYCLE,2,1100,0,0,0,1,0.5,1,1,1,0,100,0,0,0,1,0,0,0,76,1448,0,1,0,0,0,0,0,V3,0,1,-100,1,0,0,0,0,0,0,200
EDCF-Shield,v3a,FALCON1024+HMAC-SHA512+AES256GCM+DKG4of7,STOLEN_KEY,90,33.58,1,CUMULATIVE,2,1100,0,0,0,1,0.5,1,1,1,0,100,0,0,0,1,0,0,0,76,1448,0,1,0,0,0,0,0,V3,0,1,-100,1,0,0,0,0,0,0,200
EDCF-Shield,v3a,FALCON1024+HMAC-SHA512+AES256GCM+DKG4of7,STOLEN_KEY,90,33.58,2,CYCLE,4,1082,35,18,119,0.89075,0.422033,0.940461,0.983636,0.900916,22.73,100,0,0.3125,0,1,3,0,0,76,1448,0.5,1,0.25,2,3,0,0,V3,1,1,-100,1,0.385,0,0,0,0,2,200
EDCF-Shield,v3a,FALCON1024+HMAC-SHA512+AES256GCM+DKG4of7,STOLEN_KEY,90,33.58,2,CUMULATIVE,4,2182,35,18,119,0.941801,0.365174,0.969562,0.991818,0.948283,22.73,100,0,0.3125,0,1,3,0,0,76,1448,0.5,1,0.25,2,3,0,0,V3,1,1,-100,1,0.385,0,0,0,0,1,200
EDCF-Shield,v3a,FALCON1024+HMAC-SHA512+AES256GCM+DKG4of7,STOLEN_KEY,90,33.58,3,CYCLE,6,1080,40,20,380,0.736842,0.340342,0.84375,0.981818,0.739726,9.52,100,0,0.207182,0,1,3,0,0,76,1448,0.432587,1,0.3333,2,3,0,0,V3,1,1,-100,1,1.435,0,0,0,0,2,200
EDCF-Shield,v3a,FALCON1024+HMAC-SHA512+AES256GCM+DKG4of7,STOLEN_KEY,90,33.58,3,CUMULATIVE,6,3262,75,38,499,0.861384,0.251539,0.923948,0.988485,0.867323,13.07,100,0,0.207182,0,1,3,0,0,76,1448,0.432587,1,0.3333,2,3,0,0,V3,1,1,-100,1,1.435,0,0,0,0,1,200
EDCF-Shield,v3a,FALCON1024+HMAC-SHA512+AES256GCM+DKG4of7,STOLEN_KEY,90,33.58,4,CYCLE,8,1080,40,20,646,0.6271,0.282336,0.764331,0.981818,0.625724,5.83,100,0,0.154362,0,1,3,0,0,76,1448,0.372238,1,0.375,2,3,0,0,V3,1,1,-100,1,3.15,0,0,0,0,2,200
EDCF-Shield,v3a,FALCON1024+HMAC-SHA512+AES256GCM+DKG4of7,STOLEN_KEY,90,33.58,4,CUMULATIVE,8,4342,115,58,1145,0.787456,0.188715,0.878325,0.986818,0.791325,9.13,100,0,0.154362,0,1,3,0,0,76,1448,0.372238,1,0.375,2,3,0,0,V3,1,1,-100,1,3.15,0,0,0,0,1,200
EDCF-Shield,v3a,FALCON1024+HMAC-SHA512+AES256GCM+DKG4of7,STOLEN_KEY,90,33.58,5,CYCLE,10,1080,39,20,915,0.544791,0.239424,0.6979,0.981818,0.541353,4.09,100,0,0.122125,0,1,3,0,0,76,1448,0.326357,1,0.4,2,3,0,0,V3,1,1,-100,1,5.535,0,0,0,0,2,200
EDCF-Shield,v3a,FALCON1024+HMAC-SHA512+AES256GCM+DKG4of7,STOLEN_KEY,90,33.58,5,CUMULATIVE,10,5422,154,78,2060,0.722842,0.146668,0.83531,0.985818,0.724673,6.96,100,0,0.122125,0,1,3,0,0,76,1448,0.326357,1,0.4,2,3,0,0,V3,1,1,-100,1,5.535,0,0,0,0,1,200
EDCF-Shield,v3a,FALCON1024+HMAC-SHA512+AES256GCM+DKG4of7,STOLEN_KEY,90,33.58,6,CYCLE,12,1080,20,20,1156,0.483304,0.198775,0.647482,0.981818,0.483005,1.7,100,0,0.093098,0,1,3,0,0,76,1448,0.290419,1,0.4167,2,3,0,0,V3,1,1,-100,1,8.475,0,0,0,0,2,200
EDCF-Shield,v3a,FALCON1024+HMAC-SHA512+AES256GCM+DKG4of7,STOLEN_KEY,90,33.58,6,CUMULATIVE,12,6502,174,98,3216,0.668268,0.106131,0.796911,0.985152,0.669068,5.13,100,0,0.093098,0,1,3,0,0,76,1448,0.290419,1,0.4167,2,3,0,0,V3,1,1,-100,1,8.475,0,0,0,0,1,200
EDCF-Shield,v3a,FALCON1024+HMAC-SHA512+AES256GCM+DKG4of7,STOLEN_KEY,90,33.58,7,CYCLE,14,1080,2,20,1198,0.470435,0.158271,0.639432,0.981818,0.4741,0.17,100,0,0.071226,0,1,3,0,0,76,1448,0.259704,1,0.4286,2,3,0,0,V3,1,1,-100,1,11.475,0,0,0,0,2,200
EDCF-Shield,v3a,FALCON1024+HMAC-SHA512+AES256GCM+DKG4of7,STOLEN_KEY,90,33.58,7,CUMULATIVE,14,7582,176,118,4414,0.631245,0.072871,0.769903,0.984675,0.632044,3.83,100,0,0.071226,0,1,3,0,0,76,1448,0.259704,1,0.4286,2,3,0,0,V3,1,1,-100,1,11.475,0,0,0,0,1,200
EDCF-Shield,v3a,FALCON1024+HMAC-SHA512+AES256GCM+DKG4of7,STOLEN_KEY,90,33.58,8,CYCLE,16,1080,1,20,1199,0.47,0.127098,0.639242,0.981818,0.473892,0.08,100,0,0.057617,0,1,3,0,0,76,1448,0.233014,1,0.4375,2,3,0,0,V3,1,1,-100,1,14.475,0,0,0,0,2,200
EDCF-Shield,v3a,FALCON1024+HMAC-SHA512+AES256GCM+DKG4of7,STOLEN_KEY,90,33.58,8,CUMULATIVE,16,8662,177,138,5613,0.605826,0.050116,0.750769,0.984318,0.606795,3.06,100,0,0.057617,0,1,3,0,0,76,1448,0.233014,1,0.4375,2,3,0,0,V3,1,1,-100,1,14.475,0,0,0,0,1,200
EDCF-Shield,v3a,FALCON1024+HMAC-SHA512+AES256GCM+DKG4of7,STOLEN_KEY,90,33.58,9,CYCLE,18,1080,2,20,1198,0.470435,0.103558,0.639432,0.981818,0.4741,0.17,100,0,0.048721,0,1,3,0,0,76,1448,0.210152,1,0.4444,2,3,0,0,V3,1,1,-100,1,17.475,0,0,0,0,2,200
EDCF-Shield,v3a,FALCON1024+HMAC-SHA512+AES256GCM+DKG4of7,STOLEN_KEY,90,33.58,9,CUMULATIVE,18,9742,179,158,6811,0.587389,0.033983,0.736552,0.98404,0.588534,2.56,100,0,0.048721,0,1,3,0,0,76,1448,0.210152,1,0.4444,2,3,0,0,V3,1,1,-100,1,17.475,0,0,0,0,1,200
EDCF-Shield,v3a,FALCON1024+HMAC-SHA512+AES256GCM+DKG4of7,STOLEN_KEY,90,33.58,10,CYCLE,20,1080,2,20,1198,0.470435,0.084727,0.639432,0.981818,0.4741,0.17,100,0,0.042329,0,1,3,0,0,76,1448,0.190577,1,0.45,2,3,0,0,V3,1,1,-100,1,20.475,0,0,0,0,2,200
EDCF-Shield,v3a,FALCON1024+HMAC-SHA512+AES256GCM+DKG4of7,STOLEN_KEY,90,33.58,10,CUMULATIVE,20,10822,181,178,8009,0.573372,0.021605,0.725554,0.983818,0.574691,2.21,100,0,0.042329,0,1,3,0,0,76,1448,0.190577,1,0.45,2,3,0,0,V3,1,1,-100,1,20.475,0,0,0,0,1,200
EDCF-Shield,v3a,FALCON1024+HMAC-SHA512+AES256GCM+DKG4of7,STOLEN_KEY,90,33.58,11,CYCLE,22,1080,1,20,1199,0.47,0.068742,0.639242,0.981818,0.473892,0.08,100,0,0.037318,0,1,3,0,0,76,1448,0.17368,1,0.4545,2,3,0,0,V3,1,1,-100,1,23.475,0,0,0,0,2,200
EDCF-Shield,v3a,FALCON1024+HMAC-SHA512+AES256GCM+DKG4of7,STOLEN_KEY,90,33.58,11,CUMULATIVE,22,11902,182,198,9208,0.562308,0.011361,0.716772,0.983636,0.563809,1.94,100,0,0.037318,0,1,3,0,0,76,1448,0.17368,1,0.4545,2,3,0,0,V3,1,1,-100,1,23.475,0,0,0,0,1,200
EDCF-Shield,v3a,FALCON1024+HMAC-SHA512+AES256GCM+DKG4of7,STOLEN_KEY,90,33.58,12,CYCLE,24,1080,2,20,1198,0.470435,0.05595,0.639432,0.981818,0.4741,0.17,100,0,0.033583,0,1,3,0,0,76,1448,0.158924,1,0.4583,2,3,0,0,V3,1,1,-100,1,26.475,0,0,0,0,2,200
EDCF-Shield,v3a,FALCON1024+HMAC-SHA512+AES256GCM+DKG4of7,STOLEN_KEY,90,33.58,12,CUMULATIVE,24,12982,184,218,10406,0.553426,0.003315,0.709632,0.983485,0.555071,1.74,100,0,0.033583,0,1,3,0,0,76,1448,0.158924,1,0.4583,2,3,0,0,V3,1,1,-100,1,26.475,0,0,0,0,1,200
EDCF-Shield,v3a,FALCON1024+HMAC-SHA512+AES256GCM+DKG4of7,STOLEN_KEY,90,33.58,13,CYCLE,26,1080,2,20,1198,0.470435,0.045126,0.639432,0.981818,0.4741,0.17,100,0,0.030587,0,1,3,0,0,76,1448,0.145956,1,0.4615,2,3,0,0,V3,1,1,-100,1,29.475,0,0,0,0,2,200
EDCF-Shield,v3a,FALCON1024+HMAC-SHA512+AES256GCM+DKG4of7,STOLEN_KEY,90,33.58,13,CUMULATIVE,26,14062,186,238,11604,0.54611,-0.003414,0.703698,0.983357,0.547884,1.58,100,0,0.030587,0,1,3,0,0,76,1448,0.145956,1,0.4615,2,3,0,0,V3,1,1,-100,1,29.475,0,0,0,0,1,200
EDCF-Shield,v3a,FALCON1024+HMAC-SHA512+AES256GCM+DKG4of7,STOLEN_KEY,90,33.58,14,CYCLE,28,1080,1,20,1199,0.47,0.035395,0.639242,0.981818,0.473892,0.08,100,0,0.027986,0,1,3,0,0,76,1448,0.134466,1,0.4643,2,3,0,0,V3,1,1,-100,1,32.475,0,0,0,0,2,200
EDCF-Shield,v3a,FALCON1024+HMAC-SHA512+AES256GCM+DKG4of7,STOLEN_KEY,90,33.58,14,CUMULATIVE,28,15142,187,258,12803,0.539944,-0.009456,0.698673,0.983247,0.54185,1.44,100,0,0.027986,0,1,3,0,0,76,1448,0.134466,1,0.4643,2,3,0,0,V3,1,1,-100,1,32.475,0,0,0,0,1,200
EDCF-Shield,v3a,FALCON1024+HMAC-SHA512+AES256GCM+DKG4of7,STOLEN_KEY,90,33.58,15,CYCLE,30,1080,2,20,1198,0.470435,0.027385,0.639432,0.981818,0.4741,0.17,100,0,0.025947,0,1,3,0,0,76,1448,0.124186,1,0.4667,2,3,0,0,V3,1,1,-100,1,35.475,0,0,0,0,2,200
EDCF-Shield,v3a,FALCON1024+HMAC-SHA512+AES256GCM+DKG4of7,STOLEN_KEY,90,33.58,15,CUMULATIVE,30,16222,189,278,14001,0.534734,-0.014374,0.69439,0.983152,0.536744,1.33,100,0,0.025947,0,1,3,0,0,76,1448,0.124186,1,0.4667,2,3,0,0,V3,1,1,-100,1,35.475,0,0,0,0,1,200
EDCF-Shield,v3a,FALCON1024+HMAC-SHA512+AES256GCM+DKG4of7,STOLEN_KEY,90,33.58,16,CYCLE,32,1080,2,20,1198,0.470435,0.020376,0.639432,0.981818,0.4741,0.17,100,0,0.02422,0,1,3,0,0,76,1448,0.114949,1,0.4688,2,3,0,0,V3,1,1,-100,1,38.475,0,0,0,0,2,200
EDCF-Shield,v3a,FALCON1024+HMAC-SHA512+AES256GCM+DKG4of7,STOLEN_KEY,90,33.58,16,CUMULATIVE,32,17302,191,298,15199,0.530252,-0.018665,0.690685,0.983068,0.532353,1.24,100,0,0.02422,0,1,3,0,0,76,1448,0.114949,1,0.4688,2,3,0,0,V3,1,1,-100,1,38.475,0,0,0,0,1,200
EDCF-Shield,v3a,FALCON1024+HMAC-SHA512+AES256GCM+DKG4of7,STOLEN_KEY,90,33.58,17,CYCLE,34,1080,1,20,1199,0.47,0.013818,0.639242,0.981818,0.473892,0.08,100,0,0.022623,0,1,3,0,0,76,1448,0.106598,1,0.4706,2,3,0,0,V3,1,1,-100,1,41.475,0,0,0,0,2,200
EDCF-Shield,v3a,FALCON1024+HMAC-SHA512+AES256GCM+DKG4of7,STOLEN_KEY,90,33.58,17,CUMULATIVE,34,18382,192,318,16398,0.526325,-0.022718,0.687435,0.982995,0.528522,1.16,100,0,0.022623,0,1,3,0,0,76,1448,0.106598,1,0.4706,2,3,0,0,V3,1,1,-100,1,41.475,0,0,0,0,1,200
EDCF-Shield,v3a,FALCON1024+HMAC-SHA512+AES256GCM+DKG4of7,STOLEN_KEY,90,33.58,18,CYCLE,36,1080,2,20,1198,0.470435,0.008342,0.639432,0.981818,0.4741,0.17,100,0,0.021344,0,1,3,0,0,76,1448,0.098991,1,0.4722,2,3,0,0,V3,1,1,-100,1,44.475,0,0,0,0,2,200
EDCF-Shield,v3a,FALCON1024+HMAC-SHA512+AES256GCM+DKG4of7,STOLEN_KEY,90,33.58,18,CUMULATIVE,36,19462,194,338,17596,0.522905,-0.026062,0.684583,0.982929,0.525177,1.09,100,0,0.021344,0,1,3,0,0,76,1448,0.098991,1,0.4722,2,3,0,0,V3,1,1,-100,1,44.475,0,0,0,0,1,200
EDCF-Shield,v3a,FALCON1024+HMAC-SHA512+AES256GCM+DKG4of7,STOLEN_KEY,90,33.58,19,CYCLE,38,1080,2,20,1198,0.470435,0.003442,0.639432,0.981818,0.4741,0.17,100,0,0.020225,0,1,3,0,0,76,1448,0.092044,1,0.4737,2,3,0,0,V3,1,1,-100,1,47.475,0,0,0,0,2,200
EDCF-Shield,v3a,FALCON1024+HMAC-SHA512+AES256GCM+DKG4of7,STOLEN_KEY,90,33.58,19,CUMULATIVE,38,20542,196,358,18794,0.51988,-0.029054,0.682051,0.982871,0.522219,1.03,100,0,0.020225,0,1,3,0,0,76,1448,0.092044,1,0.4737,2,3,0,0,V3,1,1,-100,1,47.475,0,0,0,0,1,200
EDCF-Shield,v3a,FALCON1024+HMAC-SHA512+AES256GCM+DKG4of7,STOLEN_KEY,90,33.58,20,CYCLE,40,1080,1,20,1199,0.47,-0.001286,0.639242,0.981818,0.473892,0.08,100,0,0.019141,0,1,3,0,0,76,1448,0.08567,1,0.475,2,3,0,0,V3,1,1,-100,1,50.475,0,0,0,0,2,200
EDCF-Shield,v3a,FALCON1024+HMAC-SHA512+AES256GCM+DKG4of7,STOLEN_KEY,90,33.58,20,CUMULATIVE,40,21622,197,378,19993,0.51716,-0.031988,0.679777,0.982818,0.519572,0.98,100,0,0.019141,0,1,3,0,0,76,1448,0.08567,1,0.475,2,3,0,0,V3,1,1,-100,1,50.475,0,0,0,0,1,200
EDCF-Shield,v3a,FALCON1024+HMAC-SHA512+AES256GCM+DKG4of7,STOLEN_KEY,90,33.58,21,CYCLE,42,1080,2,20,1198,0.470435,-0.005261,0.639432,0.981818,0.4741,0.17,100,0,0.018267,0,1,3,0,0,76,1448,0.079787,1,0.4762,2,3,0,0,V3,1,1,-100,1,53.475,0,0,0,0,2,200
EDCF-Shield,v3a,FALCON1024+HMAC-SHA512+AES256GCM+DKG4of7,STOLEN_KEY,90,33.58,21,CUMULATIVE,42,22702,199,398,21191,0.514745,-0.034418,0.677742,0.982771,0.517212,0.93,100,0,0.018267,0,1,3,0,0,76,1448,0.079787,1,0.4762,2,3,0,0,V3,1,1,-100,1,53.475,0,0,0,0,1,200
EDCF-Shield,v3a,FALCON1024+HMAC-SHA512+AES256GCM+DKG4of7,STOLEN_KEY,90,33.58,22,CYCLE,44,1080,2,20,1198,0.470435,-0.008874,0.639432,0.981818,0.4741,0.17,100,0,0.017484,0,1,3,0,0,76,1448,0.074349,1,0.4773,2,3,0,0,V3,1,1,-100,1,56.475,0,0,0,0,2,200
EDCF-Shield,v3a,FALCON1024+HMAC-SHA512+AES256GCM+DKG4of7,STOLEN_KEY,90,33.58,22,CUMULATIVE,44,23782,201,418,22389,0.512567,-0.036629,0.675903,0.982727,0.515085,0.89,100,0,0.017484,0,1,3,0,0,76,1448,0.074349,1,0.4773,2,3,0,0,V3,1,1,-100,1,56.475,0,0,0,0,1,200
EDCF-Shield,v3a,FALCON1024+HMAC-SHA512+AES256GCM+DKG4of7,STOLEN_KEY,90,33.58,23,CYCLE,46,1080,1,20,1199,0.47,-0.01245,0.639242,0.981818,0.473892,0.08,100,0,0.016698,0,1,3,0,0,76,1448,0.069305,1,0.4783,2,3,0,0,V3,1,1,-100,1,59.475,0,0,0,0,2,200
EDCF-Shield,v3a,FALCON1024+HMAC-SHA512+AES256GCM+DKG4of7,STOLEN_KEY,90,33.58,23,CUMULATIVE,46,24862,202,438,23588,0.510572,-0.038864,0.674224,0.982688,0.513148,0.85,100,0,0.016698,0,1,3,0,0,76,1448,0.069305,1,0.4783,2,3,0,0,V3,1,1,-100,1,59.475,0,0,0,0,1,200
EDCF-Shield,v3a,FALCON1024+HMAC-SHA512+AES256GCM+DKG4of7,STOLEN_KEY,90,33.58,24,CYCLE,48,1080,2,20,1198,0.470435,-0.015463,0.639432,0.981818,0.4741,0.17,100,0,0.016064,0,1,3,0,0,76,1448,0.064602,1,0.4792,2,3,0,0,V3,1,1,-100,1,62.475,0,0,0,0,2,200
EDCF-Shield,v3a,FALCON1024+HMAC-SHA512+AES256GCM+DKG4of7,STOLEN_KEY,90,33.58,24,CUMULATIVE,48,25942,204,458,24786,0.508776,-0.040712,0.6727,0.982652,0.511394,0.82,100,0,0.016064,0,1,3,0,0,76,1448,0.064602,1,0.4792,2,3,0,0,V3,1,1,-100,1,62.475,0,0,0,0,1,200
EDCF-Shield,v3a,FALCON1024+HMAC-SHA512+AES256GCM+DKG4of7,STOLEN_KEY,90,33.58,25,CYCLE,50,1080,2,20,1198,0.470435,-0.018235,0.639432,0.981818,0.4741,0.17,100,0,0.015488,0,1,3,0,0,76,1448,0.060214,1,0.48,2,3,0,0,V3,1,1,-100,1,65.475,0,0,0,0,2,200
EDCF-Shield,v3a,FALCON1024+HMAC-SHA512+AES256GCM+DKG4of7,STOLEN_KEY,90,33.58,25,CUMULATIVE,50,27022,206,478,25984,0.507134,-0.042414,0.671304,0.982618,0.509791,0.79,100,0,0.015488,0,1,3,0,0,76,1448,0.060214,1,0.48,2,3,0,0,V3,1,1,-100,1,65.475,0,0,0,0,1,200
EDCF-Shield,v3a,FALCON1024+HMAC-SHA512+AES256GCM+DKG4of7,STOLEN_KEY,90,33.58,26,CYCLE,52,1080,1,20,1199,0.47,-0.021037,0.639242,0.981818,0.473892,0.08,100,0,0.01489,0,1,3,0,0,76,1448,0.056108,1,0.4808,2,3,0,0,V3,1,1,-100,1,68.475,0,0,0,0,2,200
EDCF-Shield,v3a,FALCON1024+HMAC-SHA512+AES256GCM+DKG4of7,STOLEN_KEY,90,33.58,26,CUMULATIVE,52,28102,207,498,27183,0.505608,-0.044182,0.670013,0.982587,0.508311,0.76,100,0,0.01489,0,1,3,0,0,76,1448,0.056108,1,0.4808,2,3,0,0,V3,1,1,-100,1,68.475,0,0,0,0,1,200
EDCF-Shield,v3a,FALCON1024+HMAC-SHA512+AES256GCM+DKG4of7,STOLEN_KEY,90,33.58,27,CYCLE,54,1080,2,20,1198,0.470435,-0.023397,0.639432,0.981818,0.4741,0.17,100,0,0.01441,0,1,3,0,0,76,1448,0.052251,1,0.4815,2,3,0,0,V3,1,1,-100,1,71.475,0,0,0,0,2,200
EDCF-Shield,v3a,FALCON1024+HMAC-SHA512+AES256GCM+DKG4of7,STOLEN_KEY,90,33.58,27,CUMULATIVE,54,29182,209,518,28381,0.50422,-0.045634,0.668829,0.982559,0.506958,0.73,100,0,0.01441,0,1,3,0,0,76,1448,0.052251,1,0.4815,2,3,0,0,V3,1,1,-100,1,71.475,0,0,0,0,1,200
EDCF-Shield,v3a,FALCON1024+HMAC-SHA512+AES256GCM+DKG4of7,STOLEN_KEY,90,33.58,28,CYCLE,56,1080,2,20,1198,0.470435,-0.025589,0.639432,0.981818,0.4741,0.17,100,0,0.013968,0,1,3,0,0,76,1448,0.048626,1,0.4821,2,3,0,0,V3,1,1,-100,1,74.475,0,0,0,0,2,200
EDCF-Shield,v3a,FALCON1024+HMAC-SHA512+AES256GCM+DKG4of7,STOLEN_KEY,90,33.58,28,CUMULATIVE,56,30262,211,538,29579,0.502938,-0.046985,0.667733,0.982532,0.505707,0.71,100,0,0.013968,0,1,3,0,0,76,1448,0.048626,1,0.4821,2,3,0,0,V3,1,1,-100,1,74.475,0,0,0,0,1,200
EDCF-Shield,v3a,FALCON1024+HMAC-SHA512+AES256GCM+DKG4of7,STOLEN_KEY,90,33.58,29,CYCLE,58,1080,1,20,1199,0.47,-0.027848,0.639242,0.981818,0.473892,0.08,100,0,0.013497,0,1,3,0,0,76,1448,0.045211,1,0.4828,2,3,0,0,V3,1,1,-100,1,77.475,0,0,0,0,2,200
EDCF-Shield,v3a,FALCON1024+HMAC-SHA512+AES256GCM+DKG4of7,STOLEN_KEY,90,33.58,29,CUMULATIVE,58,31342,212,558,30778,0.501733,-0.048422,0.666709,0.982508,0.50454,0.68,100,0,0.013497,0,1,3,0,0,76,1448,0.045211,1,0.4828,2,3,0,0,V3,1,1,-100,1,77.475,0,0,0,0,1,200
EDCF-Shield,v3a,FALCON1024+HMAC-SHA512+AES256GCM+DKG4of7,STOLEN_KEY,90,33.58,30,CYCLE,60,1080,2,20,1198,0.470435,-0.029745,0.639432,0.981818,0.4741,0.17,100,0,0.013122,0,1,3,0,0,76,1448,0.041982,1,0.4833,2,3,0,0,V3,1,1,-100,1,80.475,0,0,0,0,2,200
EDCF-Shield,v3a,FALCON1024+HMAC-SHA512+AES256GCM+DKG4of7,STOLEN_KEY,90,33.58,30,CUMULATIVE,60,32422,214,578,31976,0.500629,-0.049594,0.665763,0.982485,0.503463,0.66,100,0,0.013122,0,1,3,0,0,76,1448,0.041982,1,0.4833,2,3,0,0,V3,1,1,-100,1,80.475,0,0,0,0,1,200
EDCF-Shield,v3a,FALCON1024+HMAC-SHA512+AES256GCM+DKG4of7,STOLEN_KEY,90,33.58,31,CYCLE,62,1080,2,20,1198,0.470435,-0.03152,0.639432,0.981818,0.4741,0.17,100,0,0.012773,0,1,3,0,0,76,1448,0.03893,1,0.4839,2,3,0,0,V3,1,1,-100,1,83.475,0,0,0,0,2,200
EDCF-Shield,v3a,FALCON1024+HMAC-SHA512+AES256GCM+DKG4of7,STOLEN_KEY,90,33.58,31,CUMULATIVE,62,33502,216,598,33174,0.4996,-0.050693,0.664881,0.982463,0.50246,0.65,100,0,0.012773,0,1,3,0,0,76,1448,0.03893,1,0.4839,2,3,0,0,V3,1,1,-100,1,83.475,0,0,0,0,1,200
EDCF-Shield,v3a,FALCON1024+HMAC-SHA512+AES256GCM+DKG4of7,STOLEN_KEY,90,33.58,32,CYCLE,64,1080,1,20,1199,0.47,-0.033382,0.639242,0.981818,0.473892,0.08,100,0,0.012392,0,1,3,0,0,76,1448,0.036039,1,0.4844,2,3,0,0,V3,1,1,-100,1,86.475,0,0,0,0,2,200
EDCF-Shield,v3a,FALCON1024+HMAC-SHA512+AES256GCM+DKG4of7,STOLEN_KEY,90,33.58,32,CUMULATIVE,64,34582,217,618,34373,0.498624,-0.051887,0.664049,0.982443,0.501515,0.63,100,0,0.012392,0,1,3,0,0,76,1448,0.036039,1,0.4844,2,3,0,0,V3,1,1,-100,1,86.475,0,0,0,0,1,200
EDCF-Shield,v3a,FALCON1024+HMAC-SHA512+AES256GCM+DKG4of7,STOLEN_KEY,90,33.58,33,CYCLE,66,1080,2,20,1198,0.470435,-0.034939,0.639432,0.981818,0.4741,0.17,100,0,0.01209,0,1,3,0,0,76,1448,0.033291,1,0.4848,2,3,0,0,V3,1,1,-100,1,89.475,0,0,0,0,2,200
EDCF-Shield,v3a,FALCON1024+HMAC-SHA512+AES256GCM+DKG4of7,STOLEN_KEY,90,33.58,33,CUMULATIVE,66,35662,219,638,35571,0.497725,-0.052852,0.663275,0.982424,0.500639,0.61,100,0,0.01209,0,1,3,0,0,76,1448,0.033291,1,0.4848,2,3,0,0,V3,1,1,-100,1,89.475,0,0,0,0,1,200
EDCF-Shield,v3a,FALCON1024+HMAC-SHA512+AES256GCM+DKG4of7,STOLEN_KEY,90,33.58,34,CYCLE,68,1080,2,20,1198,0.470435,-0.036404,0.639432,0.981818,0.4741,0.17,100,0,0.011808,0,1,3,0,0,76,1448,0.030681,1,0.4853,2,3,0,0,V3,1,1,-100,1,92.475,0,0,0,0,2,200
EDCF-Shield,v3a,FALCON1024+HMAC-SHA512+AES256GCM+DKG4of7,STOLEN_KEY,90,33.58,34,CUMULATIVE,68,36742,221,658,36769,0.496881,-0.053762,0.662549,0.982406,0.499816,0.6,100,0,0.011808,0,1,3,0,0,76,1448,0.030681,1,0.4853,2,3,0,0,V3,1,1,-100,1,92.475,0,0,0,0,1,200
EDCF-Shield,v3a,FALCON1024+HMAC-SHA512+AES256GCM+DKG4of7,STOLEN_KEY,90,33.58,35,CYCLE,70,1080,1,20,1199,0.47,-0.037967,0.639242,0.981818,0.473892,0.08,100,0,0.011492,0,1,3,0,0,76,1448,0.028197,1,0.4857,2,3,0,0,V3,1,1,-100,1,95.475,0,0,0,0,2,200
EDCF-Shield,v3a,FALCON1024+HMAC-SHA512+AES256GCM+DKG4of7,STOLEN_KEY,90,33.58,35,CUMULATIVE,70,37822,222,678,37968,0.496075,-0.054772,0.66186,0.98239,0.499037,0.58,100,0,0.011492,0,1,3,0,0,76,1448,0.028197,1,0.4857,2,3,0,0,V3,1,1,-100,1,95.475,0,0,0,0,1,200
EDCF-Shield,v3a,FALCON1024+HMAC-SHA512+AES256GCM+DKG4of7,STOLEN_KEY,90,33.58,36,CYCLE,72,1080,2,20,1198,0.470435,-0.039267,0.639432,0.981818,0.4741,0.17,100,0,0.011246,0,1,3,0,0,76,1448,0.025826,1,0.4861,2,3,0,0,V3,1,1,-100,1,98.475,0,0,0,0,2,200
EDCF-Shield,v3a,FALCON1024+HMAC-SHA512+AES256GCM+DKG4of7,STOLEN_KEY,90,33.58,36,CUMULATIVE,72,38902,224,698,39166,0.495329,-0.055581,0.661216,0.982374,0.498309,0.57,100,0,0.011246,0,1,3,0,0,76,1448,0.025826,1,0.4861,2,3,0,0,V3,1,1,-100,1,98.475,0,0,0,0,1,200
EDCF-Shield,v3a,FALCON1024+HMAC-SHA512+AES256GCM+DKG4of7,STOLEN_KEY,90,33.58,37,CYCLE,74,1080,2,20,1198,0.470435,-0.040496,0.639432,0.981818,0.4741,0.17,100,0,0.011013,0,1,3,0,0,76,1448,0.023565,1,0.4865,2,3,0,0,V3,1,1,-100,1,101.475,0,0,0,0,2,200
EDCF-Shield,v3a,FALCON1024+HMAC-SHA512+AES256GCM+DKG4of7,STOLEN_KEY,90,33.58,37,CUMULATIVE,74,39982,226,718,40364,0.494624,-0.056347,0.660608,0.982359,0.497623,0.56,100,0,0.011013,0,1,3,0,0,76,1448,0.023565,1,0.4865,2,3,0,0,V3,1,1,-100,1,101.475,0,0,0,0,1,200
EDCF-Shield,v3a,FALCON1024+HMAC-SHA512+AES256GCM+DKG4of7,STOLEN_KEY,90,33.58,38,CYCLE,76,1080,1,20,1199,0.47,-0.041828,0.639242,0.981818,0.473892,0.08,100,0,0.010747,0,1,3,0,0,76,1448,0.021405,1,0.4868,2,3,0,0,V3,1,1,-100,1,104.475,0,0,0,0,2,200
EDCF-Shield,v3a,FALCON1024+HMAC-SHA512+AES256GCM+DKG4of7,STOLEN_KEY,90,33.58,38,CUMULATIVE,76,41062,227,738,41563,0.493947,-0.057214,0.660028,0.982344,0.496968,0.54,100,0,0.010747,0,1,3,0,0,76,1448,0.021405,1,0.4868,2,3,0,0,V3,1,1,-100,1,104.475,0,0,0,0,1,200
EDCF-Shield,v3a,FALCON1024+HMAC-SHA512+AES256GCM+DKG4of7,STOLEN_KEY,90,33.58,39,CYCLE,78,1080,2,20,1198,0.470435,-0.042929,0.639432,0.981818,0.4741,0.17,100,0,0.010541,0,1,3,0,0,76,1448,0.019336,1,0.4872,2,3,0,0,V3,1,1,-100,1,107.475,0,0,0,0,2,200
EDCF-Shield,v3a,FALCON1024+HMAC-SHA512+AES256GCM+DKG4of7,STOLEN_KEY,90,33.58,39,CUMULATIVE,78,42142,229,758,42761,0.493317,-0.057901,0.659484,0.982331,0.496355,0.53,100,0,0.010541,0,1,3,0,0,76,1448,0.019336,1,0.4872,2,3,0,0,V3,1,1,-100,1,107.475,0,0,0,0,1,200
EDCF-Shield,v3a,FALCON1024+HMAC-SHA512+AES256GCM+DKG4of7,STOLEN_KEY,90,33.58,40,CYCLE,80,1080,2,20,1198,0.470435,-0.043975,0.639432,0.981818,0.4741,0.17,100,0,0.010347,0,1,3,0,0,76,1448,0.017356,1,0.4875,2,3,0,0,V3,1,1,-100,1,110.475,0,0,0,0,2,200
EDCF-Shield,v3a,FALCON1024+HMAC-SHA512+AES256GCM+DKG4of7,STOLEN_KEY,90,33.58,40,CUMULATIVE,80,43222,231,778,43959,0.49272,-0.058554,0.658967,0.982318,0.495773,0.52,100,0,0.010347,0,1,3,0,0,76,1448,0.017356,1,0.4875,2,3,0,0,V3,1,1,-100,1,110.475,0,0,0,0,1,200
EDCF-Shield,v3a,FALCON1024+HMAC-SHA512+AES256GCM+DKG4of7,STOLEN_KEY,90,33.58,41,CYCLE,82,1080,1,20,1199,0.47,-0.045125,0.639242,0.981818,0.473892,0.08,100,0,0.010119,0,1,3,0,0,76,1448,0.015458,1,0.4878,2,3,0,0,V3,1,1,-100,1,113.475,0,0,0,0,2,200
EDCF-Shield,v3a,FALCON1024+HMAC-SHA512+AES256GCM+DKG4of7,STOLEN_KEY,90,33.58,41,CUMULATIVE,82,44302,232,798,45158,0.492143,-0.059308,0.658472,0.982306,0.495216,0.51,100,0,0.010119,0,1,3,0,0,76,1448,0.015458,1,0.4878,2,3,0,0,V3,1,1,-100,1,113.475,0,0,0,0,1,200
EDCF-Shield,v3a,FALCON1024+HMAC-SHA512+AES256GCM+DKG4of7,STOLEN_KEY,90,33.58,42,CYCLE,84,1080,2,20,1198,0.470435,-0.046068,0.639432,0.981818,0.4741,0.17,100,0,0.009945,0,1,3,0,0,76,1448,0.013635,1,0.4881,2,3,0,0,V3,1,1,-100,1,116.475,0,0,0,0,2,200
EDCF-Shield,v3a,FALCON1024+HMAC-SHA512+AES256GCM+DKG4of7,STOLEN_KEY,90,33.58,42,CUMULATIVE,84,45382,234,818,46356,0.491605,-0.059898,0.658006,0.982294,0.494691,0.5,100,0,0.009945,0,1,3,0,0,76,1448,0.013635,1,0.4881,2,3,0,0,V3,1,1,-100,1,116.475,0,0,0,0,1,200
EDCF-Shield,v3a,FALCON1024+HMAC-SHA512+AES256GCM+DKG4of7,STOLEN_KEY,90,33.58,43,CYCLE,86,1080,2,20,1198,0.470435,-0.046968,0.639432,0.981818,0.4741,0.17,100,0,0.00978,0,1,3,0,0,76,1448,0.011884,1,0.4884,2,3,0,0,V3,1,1,-100,1,119.475,0,0,0,0,2,200
EDCF-Shield,v3a,FALCON1024+HMAC-SHA512+AES256GCM+DKG4of7,STOLEN_KEY,90,33.58,43,CUMULATIVE,86,46462,236,838,47554,0.491093,-0.060461,0.657562,0.982283,0.494192,0.49,100,0,0.00978,0,1,3,0,0,76,1448,0.011884,1,0.4884,2,3,0,0,V3,1,1,-100,1,119.475,0,0,0,0,1,200
EDCF-Shield,v3a,FALCON1024+HMAC-SHA512+AES256GCM+DKG4of7,STOLEN_KEY,90,33.58,44,CYCLE,88,1080,1,20,1199,0.47,-0.047971,0.639242,0.981818,0.473892,0.08,100,0,0.009583,0,1,3,0,0,76,1448,0.010201,1,0.4886,2,3,0,0,V3,1,1,-100,1,122.475,0,0,0,0,2,200
EDCF-Shield,v3a,FALCON1024+HMAC-SHA512+AES256GCM+DKG4of7,STOLEN_KEY,90,33.58,44,CUMULATIVE,88,47542,237,858,48753,0.490595,-0.061123,0.657134,0.982273,0.493712,0.48,100,0,0.009583,0,1,3,0,0,76,1448,0.010201,1,0.4886,2,3,0,0,V3,1,1,-100,1,122.475,0,0,0,0,1,200
EDCF-Shield,v3a,FALCON1024+HMAC-SHA512+AES256GCM+DKG4of7,STOLEN_KEY,90,33.58,45,CYCLE,90,1080,2,20,1198,0.470435,-0.048789,0.639432,0.981818,0.4741,0.17,100,0,0.009434,0,1,3,0,0,76,1448,0.00858,1,0.4889,2,3,0,0,V3,1,1,-100,1,125.475,0,0,0,0,2,200
EDCF-Shield,v3a,FALCON1024+HMAC-SHA512+AES256GCM+DKG4of7,STOLEN_KEY,90,33.58,45,CUMULATIVE,90,48622,239,878,49951,0.490129,-0.061635,0.65673,0.982263,0.493259,0.48,100,0,0.009434,0,1,3,0,0,76,1448,0.00858,1,0.4889,2,3,0,0,V3,1,1,-100,1,125.475,0,0,0,0,1,200
EDCF-Shield,v3a,FALCON1024+HMAC-SHA512+AES256GCM+DKG4of7,STOLEN_KEY,90,33.58,46,CYCLE,92,1080,2,20,1198,0.470435,-0.049571,0.639432,0.981818,0.4741,0.17,100,0,0.009292,0,1,3,0,0,76,1448,0.00702,1,0.4891,2,3,0,0,V3,1,1,-100,1,128.475,0,0,0,0,2,200
EDCF-Shield,v3a,FALCON1024+HMAC-SHA512+AES256GCM+DKG4of7,STOLEN_KEY,90,33.58,46,CUMULATIVE,92,49702,241,898,51149,0.489685,-0.062125,0.656344,0.982253,0.492826,0.47,100,0,0.009292,0,1,3,0,0,76,1448,0.00702,1,0.4891,2,3,0,0,V3,1,1,-100,1,128.475,0,0,0,0,1,200
EDCF-Shield,v3a,FALCON1024+HMAC-SHA512+AES256GCM+DKG4of7,STOLEN_KEY,90,33.58,47,CYCLE,94,1080,1,20,1199,0.47,-0.050454,0.639242,0.981818,0.473892,0.08,100,0,0.009119,0,1,3,0,0,76,1448,0.005517,1,0.4894,2,3,0,0,V3,1,1,-100,1,131.475,0,0,0,0,2,200
EDCF-Shield,v3a,FALCON1024+HMAC-SHA512+AES256GCM+DKG4of7,STOLEN_KEY,90,33.58,47,CUMULATIVE,94,50782,242,918,52348,0.489251,-0.062713,0.655971,0.982244,0.492408,0.46,100,0,0.009119,0,1,3,0,0,76,1448,0.005517,1,0.4894,2,3,0,0,V3,1,1,-100,1,131.475,0,0,0,0,1,200
EDCF-Shield,v3a,FALCON1024+HMAC-SHA512+AES256GCM+DKG4of7,STOLEN_KEY,90,33.58,48,CYCLE,96,1080,2,20,1198,0.470435,-0.051169,0.639432,0.981818,0.4741,0.17,100,0,0.008991,0,1,3,0,0,76,1448,0.004065,1,0.4896,2,3,0,0,V3,1,1,-100,1,134.475,0,0,0,0,2,200
EDCF-Shield,v3a,FALCON1024+HMAC-SHA512+AES256GCM+DKG4of7,STOLEN_KEY,90,33.58,48,CUMULATIVE,96,51862,244,938,53546,0.488845,-0.063161,0.655618,0.982235,0.492012,0.45,100,0,0.008991,0,1,3,0,0,76,1448,0.004065,1,0.4896,2,3,0,0,V3,1,1,-100,1,134.475,0,0,0,0,1,200
EDCF-Shield,v3a,FALCON1024+HMAC-SHA512+AES256GCM+DKG4of7,STOLEN_KEY,90,33.58,49,CYCLE,98,1080,2,20,1198,0.470435,-0.051855,0.639432,0.981818,0.4741,0.17,100,0,0.008868,0,1,3,0,0,76,1448,0.002665,1,0.4898,2,3,0,0,V3,1,1,-100,1,137.475,0,0,0,0,2,200
EDCF-Shield,v3a,FALCON1024+HMAC-SHA512+AES256GCM+DKG4of7,STOLEN_KEY,90,33.58,49,CUMULATIVE,98,52942,246,958,54744,0.488456,-0.063591,0.65528,0.982226,0.491633,0.45,100,0,0.008868,0,1,3,0,0,76,1448,0.002665,1,0.4898,2,3,0,0,V3,1,1,-100,1,137.475,0,0,0,0,1,200
EDCF-Shield,v3a,FALCON1024+HMAC-SHA512+AES256GCM+DKG4of7,STOLEN_KEY,90,33.58,50,CYCLE,100,1080,1,20,1199,0.47,-0.05264,0.639242,0.981818,0.473892,0.08,100,0,0.008715,0,1,3,0,0,76,1448,0.001313,1,0.49,2,3,0,0,V3,1,1,-100,1,140.475,0,0,0,0,2,200
EDCF-Shield,v3a,FALCON1024+HMAC-SHA512+AES256GCM+DKG4of7,STOLEN_KEY,90,33.58,50,CUMULATIVE,100,54022,247,978,55943,0.488074,-0.064116,0.654951,0.982218,0.491265,0.44,100,0,0.008715,0,1,3,0,0,76,1448,0.001313,1,0.49,2,3,0,0,V3,1,1,-100,1,140.475,0,0,0,0,1,200
EDCF-Shield,v3a,FALCON1024+HMAC-SHA512+AES256GCM+DKG4of7,STOLEN_KEY,90,33.58,51,CYCLE,102,1080,2,20,1198,0.470435,-0.053269,0.639432,0.981818,0.4741,0.17,100,0,0.008603,0,1,3,0,0,76,1448,0.000004,1,0.4902,2,3,0,0,V3,1,1,-100,1,143.475,0,0,0,0,2,200
EDCF-Shield,v3a,FALCON1024+HMAC-SHA512+AES256GCM+DKG4of7,STOLEN_KEY,90,33.58,51,CUMULATIVE,102,55102,249,998,57141,0.487717,-0.064512,0.65464,0.98221,0.490917,0.43,100,0,0.008603,0,1,3,0,0,76,1448,0.000004,1,0.4902,2,3,0,0,V3,1,1,-100,1,143.475,0,0,0,0,1,200
EDCF-Shield,v3a,FALCON1024+HMAC-SHA512+AES256GCM+DKG4of7,STOLEN_KEY,90,33.58,52,CYCLE,104,1080,2,20,1198,0.470435,-0.053875,0.639432,0.981818,0.4741,0.17,100,0,0.008495,0,1,3,0,0,76,1448,-0.001261,1,0.4904,2,3,0,0,V3,1,1,-100,1,146.475,0,0,0,0,2,200
EDCF-Shield,v3a,FALCON1024+HMAC-SHA512+AES256GCM+DKG4of7,STOLEN_KEY,90,33.58,52,CUMULATIVE,104,56182,251,1018,58339,0.487374,-0.064892,0.65434,0.982203,0.490583,0.43,100,0,0.008495,0,1,3,0,0,76,1448,-0.001261,1,0.4904,2,3,0,0,V3,1,1,-100,1,146.475,0,0,0,0,1,200
EDCF-Shield,v3a,FALCON1024+HMAC-SHA512+AES256GCM+DKG4of7,STOLEN_KEY,90,33.58,53,CYCLE,106,1080,1,20,1199,0.47,-0.054578,0.639242,0.981818,0.473892,0.08,100,0,0.008359,0,1,3,0,0,76,1448,-0.002485,1,0.4906,2,3,0,0,V3,1,1,-100,1,149.475,0,0,0,0,2,200
EDCF-Shield,v3a,FALCON1024+HMAC-SHA512+AES256GCM+DKG4of7,STOLEN_KEY,90,33.58,53,CUMULATIVE,106,57262,252,1038,59538,0.487035,-0.065365,0.654049,0.982196,0.490257,0.42,100,0,0.008359,0,1,3,0,0,76,1448,-0.002485,1,0.4906,2,3,0,0,V3,1,1,-100,1,149.475,0,0,0,0,1,200
EDCF-Shield,v3a,FALCON1024+HMAC-SHA512+AES256GCM+DKG4of7,STOLEN_KEY,90,33.58,54,CYCLE,108,1080,2,20,1198,0.470435,-0.055136,0.639432,0.981818,0.4741,0.17,100,0,0.00826,0,1,3,0,0,76,1448,-0.003671,1,0.4907,2,3,0,0,V3,1,1,-100,1,152.475,0,0,0,0,2,200
EDCF-Shield,v3a,FALCON1024+HMAC-SHA512+AES256GCM+DKG4of7,STOLEN_KEY,90,33.58,54,CUMULATIVE,108,58342,254,1058,60736,0.486718,-0.065716,0.653772,0.982189,0.489948,0.42,100,0,0.00826,0,1,3,0,0,76,1448,-0.003671,1,0.4907,2,3,0,0,V3,1,1,-100,1,152.475,0,0,0,0,1,200
EDCF-Shield,v3a,FALCON1024+HMAC-SHA512+AES256GCM+DKG4of7,STOLEN_KEY,90,33.58,55,CYCLE,110,1080,2,20,1198,0.470435,-0.055675,0.639432,0.981818,0.4741,0.17,100,0,0.008166,0,1,3,0,0,76,1448,-0.00482,1,0.4909,2,3,0,0,V3,1,1,-100,1,155.475,0,0,0,0,2,200
EDCF-Shield,v3a,FALCON1024+HMAC-SHA512+AES256GCM+DKG4of7,STOLEN_KEY,90,33.58,55,CUMULATIVE,110,59422,256,1078,61934,0.486413,-0.066055,0.653506,0.982182,0.48965,0.41,100,0,0.008166,0,1,3,0,0,76,1448,-0.00482,1,0.4909,2,3,0,0,V3,1,1,-100,1,155.475,0,0,0,0,1,200
EDCF-Shield,v3a,FALCON1024+HMAC-SHA512+AES256GCM+DKG4of7,STOLEN_KEY,90,33.58,56,CYCLE,112,1080,1,20,1199,0.47,-0.056308,0.639242,0.981818,0.473892,0.08,100,0,0.008043,0,1,3,0,0,76,1448,-0.005933,1,0.4911,2,3,0,0,V3,1,1,-100,1,158.475,0,0,0,0,2,200
EDCF-Shield,v3a,FALCON1024+HMAC-SHA512+AES256GCM+DKG4of7,STOLEN_KEY,90,33.58,56,CUMULATIVE,112,60502,257,1098,63133,0.486111,-0.066482,0.653246,0.982175,0.48936,0.41,100,0,0.008043,0,1,3,0,0,76,1448,-0.005933,1,0.4911,2,3,0,0,V3,1,1,-100,1,158.475,0,0,0,0,1,200
EDCF-Shield,v3a,FALCON1024+HMAC-SHA512+AES256GCM+DKG4of7,STOLEN_KEY,90,33.58,57,CYCLE,114,1080,2,20,1198,0.470435,-0.056807,0.639432,0.981818,0.4741,0.17,100,0,0.007956,0,1,3,0,0,76,1448,-0.007015,1,0.4912,2,3,0,0,V3,1,1,-100,1,161.475,0,0,0,0,2,200
EDCF-Shield,v3a,FALCON1024+HMAC-SHA512+AES256GCM+DKG4of7,STOLEN_KEY,90,33.58,57,CUMULATIVE,114,61582,259,1118,64331,0.485828,-0.066797,0.652998,0.982169,0.489084,0.4,100,0,0.007956,0,1,3,0,0,76,1448,-0.007015,1,0.4912,2,3,0,0,V3,1,1,-100,1,161.475,0,0,0,0,1,200
EDCF-Shield,v3a,FALCON1024+HMAC-SHA512+AES256GCM+DKG4of7,STOLEN_KEY,90,33.58,58,CYCLE,116,1080,2,20,1198,0.470435,-0.057289,0.639432,0.981818,0.4741,0.17,100,0,0.007872,0,1,3,0,0,76,1448,-0.008064,1,0.4914,2,3,0,0,V3,1,1,-100,1,164.475,0,0,0,0,2,200
EDCF-Shield,v3a,FALCON1024+HMAC-SHA512+AES256GCM+DKG4of7,STOLEN_KEY,90,33.58,58,CUMULATIVE,116,62662,261,1138,65529,0.485554,-0.0671,0.65276,0.982163,0.488817,0.4,100,0,0.007872,0,1,3,0,0,76,1448,-0.008064,1,0.4914,2,3,0,0,V3,1,1,-100,1,164.475,0,0,0,0,1,200
EDCF-Shield,v3a,FALCON1024+HMAC-SHA512+AES256GCM+DKG4of7,STOLEN_KEY,90,33.58,59,CYCLE,118,1080,1,20,1199,0.47,-0.057862,0.639242,0.981818,0.473892,0.08,100,0,0.007761,0,1,3,0,0,76,1448,-0.009081,1,0.4915,2,3,0,0,V3,1,1,-100,1,167.475,0,0,0,0,2,200
EDCF-Shield,v3a,FALCON1024+HMAC-SHA512+AES256GCM+DKG4of7,STOLEN_KEY,90,33.58,59,CUMULATIVE,118,63742,262,1158,66728,0.485283,-0.067489,0.652526,0.982157,0.488557,0.39,100,0,0.007761,0,1,3,0,0,76,1448,-0.009081,1,0.4915,2,3,0,0,V3,1,1,-100,1,167.475,0,0,0,0,1,200
EDCF-Shield,v3a,FALCON1024+HMAC-SHA512+AES256GCM+DKG4of7,STOLEN_KEY,90,33.58,60,CYCLE,120,1080,2,20,1198,0.470435,-0.05831,0.639432,0.981818,0.4741,0.17,100,0,0.007684,0,1,3,0,0,76,1448,-0.010071,1,0.4917,2,3,0,0,V3,1,1,-100,1,170.475,0,0,0,0,2,200
EDCF-Shield,v3a,FALCON1024+HMAC-SHA512+AES256GCM+DKG4of7,STOLEN_KEY,90,33.58,60,CUMULATIVE,120,64822,264,1178,67926,0.485029,-0.067772,0.652303,0.982152,0.488309,0.39,100,0,0.007684,0,1,3,0,0,76,1448,-0.010071,1,0.4917,2,3,0,0,V3,1,1,-100,1,170.475,0,0,0,0,1,200
EDCF-Shield,v3a,FALCON1024+HMAC-SHA512+AES256GCM+DKG4of7,STOLEN_KEY,90,33.58,61,CYCLE,122,1080,2,20,1198,0.470435,-0.058744,0.639432,0.981818,0.4741,0.17,100,0,0.007608,0,1,3,0,0,76,1448,-0.011033,1,0.4918,2,3,0,0,V3,1,1,-100,1,173.475,0,0,0,0,2,200
EDCF-Shield,v3a,FALCON1024+HMAC-SHA512+AES256GCM+DKG4of7,STOLEN_KEY,90,33.58,61,CUMULATIVE,122,65902,266,1198,69124,0.484783,-0.068045,0.652088,0.982146,0.488069,0.38,100,0,0.007608,0,1,3,0,0,76,1448,-0.011033,1,0.4918,2,3,0,0,V3,1,1,-100,1,173.475,0,0,0,0,1,200
EDCF-Shield,v3a,FALCON1024+HMAC-SHA512+AES256GCM+DKG4of7,STOLEN_KEY,90,33.58,62,CYCLE,124,1080,1,20,1199,0.47,-0.059266,0.639242,0.981818,0.473892,0.08,100,0,0.007508,0,1,3,0,0,76,1448,-0.011968,1,0.4919,2,3,0,0,V3,1,1,-100,1,176.475,0,0,0,0,2,200
EDCF-Shield,v3a,FALCON1024+HMAC-SHA512+AES256GCM+DKG4of7,STOLEN_KEY,90,33.58,62,CUMULATIVE,124,66982,267,1218,70323,0.484538,-0.068401,0.651877,0.982141,0.487834,0.38,100,0,0.007508,0,1,3,0,0,76,1448,-0.011968,1,0.4919,2,3,0,0,V3,1,1,-100,1,176.475,0,0,0,0,1,200
EDCF-Shield,v3a,FALCON1024+HMAC-SHA512+AES256GCM+DKG4of7,STOLEN_KEY,90,33.58,63,CYCLE,126,1080,2,20,1198,0.470435,-0.059671,0.639432,0.981818,0.4741,0.17,100,0,0.007438,0,1,3,0,0,76,1448,-0.012878,1,0.4921,2,3,0,0,V3,1,1,-100,1,179.475,0,0,0,0,2,200
EDCF-Shield,v3a,FALCON1024+HMAC-SHA512+AES256GCM+DKG4of7,STOLEN_KEY,90,33.58,63,CUMULATIVE,126,68062,269,1238,71521,0.484308,-0.068656,0.651676,0.982136,0.48761,0.37,100,0,0.007438,0,1,3,0,0,76,1448,-0.012878,1,0.4921,2,3,0,0,V3,1,1,-100,1,179.475,0,0,0,0,1,200
EDCF-Shield,v3a,FALCON1024+HMAC-SHA512+AES256GCM+DKG4of7,STOLEN_KEY,90,33.58,64,CYCLE,128,1080,2,20,1198,0.470435,-0.060063,0.639432,0.981818,0.4741,0.17,100,0,0.007371,0,1,3,0,0,76,1448,-0.013763,1,0.4922,2,3,0,0,V3,1,1,-100,1,182.475,0,0,0,0,2,200
EDCF-Shield,v3a,FALCON1024+HMAC-SHA512+AES256GCM+DKG4of7,STOLEN_KEY,90,33.58,64,CUMULATIVE,128,69142,271,1258,72719,0.484085,-0.068903,0.651481,0.982131,0.487393,0.37,100,0,0.007371,0,1,3,0,0,76,1448,-0.013763,1,0.4922,2,3,0,0,V3,1,1,-100,1,182.475,0,0,0,0,1,200
EDCF-Shield,v3a,FALCON1024+HMAC-SHA512+AES256GCM+DKG4of7,STOLEN_KEY,90,33.58,65,CYCLE,130,1080,1,20,1199,0.47,-0.06054,0.639242,0.981818,0.473892,0.08,100,0,0.007279,0,1,3,0,0,76,1448,-0.014625,1,0.4923,2,3,0,0,V3,1,1,-100,1,185.475,0,0,0,0,2,200
EDCF-Shield,v3a,FALCON1024+HMAC-SHA512+AES256GCM+DKG4of7,STOLEN_KEY,90,33.58,65,CUMULATIVE,130,70222,272,1278,73918,0.483863,-0.06923,0.651289,0.982126,0.487179,0.37,100,0,0.007279,0,1,3,0,0,76,1448,-0.014625,1,0.4923,2,3,0,0,V3,1,1,-100,1,185.475,0,0,0,0,1,200
EDCF-Shield,v3a,FALCON1024+HMAC-SHA512+AES256GCM+DKG4of7,STOLEN_KEY,90,33.58,66,CYCLE,132,1080,2,20,1198,0.470435,-0.060907,0.639432,0.981818,0.4741,0.17,100,0,0.007216,0,1,3,0,0,76,1448,-0.015465,1,0.4924,2,3,0,0,V3,1,1,-100,1,188.475,0,0,0,0,2,200
EDCF-Shield,v3a,FALCON1024+HMAC-SHA512+AES256GCM+DKG4of7,STOLEN_KEY,90,33.58,66,CUMULATIVE,132,71302,274,1298,75116,0.483654,-0.069462,0.651106,0.982121,0.486976,0.36,100,0,0.007216,0,1,3,0,0,76,1448,-0.015465,1,0.4924,2,3,0,0,V3,1,1,-100,1,188.475,0,0,0,0,1,200
EDCF-Shield,v3a,FALCON1024+HMAC-SHA512+AES256GCM+DKG4of7,STOLEN_KEY,90,33.58,67,CYCLE,134,1080,2,20,1198,0.470435,-0.061263,0.639432,0.981818,0.4741,0.17,100,0,0.007156,0,1,3,0,0,76,1448,-0.016283,1,0.4925,2,3,0,0,V3,1,1,-100,1,191.475,0,0,0,0,2,200
EDCF-Shield,v3a,FALCON1024+HMAC-SHA512+AES256GCM+DKG4of7,STOLEN_KEY,90,33.58,67,CUMULATIVE,134,72382,276,1318,76314,0.483452,-0.069686,0.650929,0.982117,0.486778,0.36,100,0,0.007156,0,1,3,0,0,76,1448,-0.016283,1,0.4925,2,3,0,0,V3,1,1,-100,1,191.475,0,0,0,0,1,200
EDCF-Shield,v3a,FALCON1024+HMAC-SHA512+AES256GCM+DKG4of7,STOLEN_KEY,90,33.58,68,CYCLE,136,1080,1,20,1199,0.47,-0.061702,0.639242,0.981818,0.473892,0.08,100,0,0.007071,0,1,3,0,0,76,1448,-0.01708,1,0.4926,2,3,0,0,V3,1,1,-100,1,194.475,0,0,0,0,2,200
EDCF-Shield,v3a,FALCON1024+HMAC-SHA512+AES256GCM+DKG4of7,STOLEN_KEY,90,33.58,68,CUMULATIVE,136,73462,277,1338,77513,0.483249,-0.069988,0.650754,0.982112,0.486584,0.36,100,0,0.007071,0,1,3,0,0,76,1448,-0.01708,1,0.4926,2,3,0,0,V3,1,1,-100,1,194.475,0,0,0,0,1,200
EDCF-Shield,v3a,FALCON1024+HMAC-SHA512+AES256GCM+DKG4of7,STOLEN_KEY,90,33.58,69,CYCLE,138,1080,2,20,1198,0.470435,-0.062036,0.639432,0.981818,0.4741,0.17,100,0,0.007015,0,1,3,0,0,76,1448,-0.017858,1,0.4928,2,3,0,0,V3,1,1,-100,1,197.475,0,0,0,0,2,200
EDCF-Shield,v3a,FALCON1024+HMAC-SHA512+AES256GCM+DKG4of7,STOLEN_KEY,90,33.58,69,CUMULATIVE,138,74542,279,1358,78711,0.483059,-0.070199,0.650587,0.982108,0.486398,0.35,100,0,0.007015,0,1,3,0,0,76,1448,-0.017858,1,0.4928,2,3,0,0,V3,1,1,-100,1,197.475,0,0,0,0,1,200
EDCF-Shield,v3a,FALCON1024+HMAC-SHA512+AES256GCM+DKG4of7,STOLEN_KEY,90,33.58,70,CYCLE,140,1080,2,20,1198,0.470435,-0.062361,0.639432,0.981818,0.4741,0.17,100,0,0.00696,0,1,3,0,0,76,1448,-0.018617,1,0.4929,2,3,0,0,V3,1,1,-100,1,200.475,0,0,0,0,2,200
EDCF-Shield,v3a,FALCON1024+HMAC-SHA512+AES256GCM+DKG4of7,STOLEN_KEY,90,33.58,70,CUMULATIVE,140,75622,281,1378,79909,0.482874,-0.070403,0.650425,0.982104,0.486218,0.35,100,0,0.00696,0,1,3,0,0,76,1448,-0.018617,1,0.4929,2,3,0,0,V3,1,1,-100,1,200.475,0,0,0,0,1,200
EDCF-Shield,v3a,FALCON1024+HMAC-SHA512+AES256GCM+DKG4of7,STOLEN_KEY,90,33.58,71,CYCLE,142,1080,1,20,1199,0.47,-0.062766,0.639242,0.981818,0.473892,0.08,100,0,0.006882,0,1,3,0,0,76,1448,-0.019356,1,0.493,2,3,0,0,V3,1,1,-100,1,203.475,0,0,0,0,2,200
EDCF-Shield,v3a,FALCON1024+HMAC-SHA512+AES256GCM+DKG4of7,STOLEN_KEY,90,33.58,71,CUMULATIVE,142,76702,282,1398,81108,0.482689,-0.070683,0.650265,0.9821,0.48604,0.35,100,0,0.006882,0,1,3,0,0,76,1448,-0.019356,1,0.493,2,3,0,0,V3,1,1,-100,1,203.475,0,0,0,0,1,200
EDCF-Shield,v3a,FALCON1024+HMAC-SHA512+AES256GCM+DKG4of7,STOLEN_KEY,90,33.58,72,CYCLE,144,1080,2,20,1198,0.470435,-0.063071,0.639432,0.981818,0.4741,0.17,100,0,0.00683,0,1,3,0,0,76,1448,-0.020079,1,0.4931,2,3,0,0,V3,1,1,-100,1,206.475,0,0,0,0,2,200
EDCF-Shield,v3a,FALCON1024+HMAC-SHA512+AES256GCM+DKG4of7,STOLEN_KEY,90,33.58,72,CUMULATIVE,144,77782,284,1418,82306,0.482514,-0.070876,0.650112,0.982096,0.48587,0.34,100,0,0.00683,0,1,3,0,0,76,1448,-0.020079,1,0.4931,2,3,0,0,V3,1,1,-100,1,206.475,0,0,0,0,1,200
EDCF-Shield,v3a,FALCON1024+HMAC-SHA512+AES256GCM+DKG4of7,STOLEN_KEY,90,33.58,73,CYCLE,146,1080,2,20,1198,0.470435,-0.063368,0.639432,0.981818,0.4741,0.17,100,0,0.00678,0,1,3,0,0,76,1448,-0.020785,1,0.4932,2,3,0,0,V3,1,1,-100,1,209.475,0,0,0,0,2,200
EDCF-Shield,v3a,FALCON1024+HMAC-SHA512+AES256GCM+DKG4of7,STOLEN_KEY,90,33.58,73,CUMULATIVE,146,78862,286,1438,83504,0.482345,-0.071063,0.649963,0.982092,0.485705,0.34,100,0,0.00678,0,1,3,0,0,76,1448,-0.020785,1,0.4932,2,3,0,0,V3,1,1,-100,1,209.475,0,0,0,0,1,200
EDCF-Shield,v3a,FALCON1024+HMAC-SHA512+AES256GCM+DKG4of7,STOLEN_KEY,90,33.58,74,CYCLE,148,1080,1,20,1199,0.47,-0.063743,0.639242,0.981818,0.473892,0.08,100,0,0.006708,0,1,3,0,0,76,1448,-0.021474,1,0.4932,2,3,0,0,V3,1,1,-100,1,212.475,0,0,0,0,2,200
EDCF-Shield,v3a,FALCON1024+HMAC-SHA512+AES256GCM+DKG4of7,STOLEN_KEY,90,33.58,74,CUMULATIVE,148,79942,287,1458,84703,0.482174,-0.071323,0.649816,0.982088,0.485542,0.34,100,0,0.006708,0,1,3,0,0,76,1448,-0.021474,1,0.4932,2,3,0,0,V3,1,1,-100,1,212.475,0,0,0,0,1,200
EDCF-Shield,v3a,FALCON1024+HMAC-SHA512+AES256GCM+DKG4of7,STOLEN_KEY,90,33.58,75,CYCLE,150,1080,2,20,1198,0.470435,-0.064023,0.639432,0.981818,0.4741,0.17,100,0,0.006661,0,1,3,0,0,76,1448,-0.022147,1,0.4933,2,3,0,0,V3,1,1,-100,1,215.475,0,0,0,0,2,200
EDCF-Shield,v3a,FALCON1024+HMAC-SHA512+AES256GCM+DKG4of7,STOLEN_KEY,90,33.58,75,CUMULATIVE,150,81022,289,1478,85901,0.482014,-0.071499,0.649675,0.982085,0.485385,0.34,100,0,0.006661,0,1,3,0,0,76,1448,-0.022147,1,0.4933,2,3,0,0,V3,1,1,-100,1,215.475,0,0,0,0,1,200
EDCF-Shield,v3a,FALCON1024+HMAC-SHA512+AES256GCM+DKG4of7,STOLEN_KEY,90,33.58,76,CYCLE,152,1080,2,20,1198,0.470435,-0.064296,0.639432,0.981818,0.4741,0.17,100,0,0.006616,0,1,3,0,0,76,1448,-0.022805,1,0.4934,2,3,0,0,V3,1,1,-100,1,218.475,0,0,0,0,2,200
EDCF-Shield,v3a,FALCON1024+HMAC-SHA512+AES256GCM+DKG4of7,STOLEN_KEY,90,33.58,76,CUMULATIVE,152,82102,291,1498,87099,0.481859,-0.071671,0.649539,0.982081,0.485234,0.33,100,0,0.006616,0,1,3,0,0,76,1448,-0.022805,1,0.4934,2,3,0,0,V3,1,1,-100,1,218.475,0,0,0,0,1,200
EDCF-Shield,v3a,FALCON1024+HMAC-SHA512+AES256GCM+DKG4of7,STOLEN_KEY,90,33.58,77,CYCLE,154,1080,1,20,1199,0.47,-0.064644,0.639242,0.981818,0.473892,0.08,100,0,0.006549,0,1,3,0,0,76,1448,-0.023448,1,0.4935,2,3,0,0,V3,1,1,-100,1,221.475,0,0,0,0,2,200
EDCF-Shield,v3a,FALCON1024+HMAC-SHA512+AES256GCM+DKG4of7,STOLEN_KEY,90,33.58,77,CUMULATIVE,154,83182,292,1518,88298,0.481701,-0.071914,0.649403,0.982078,0.485083,0.33,100,0,0.006549,0,1,3,0,0,76,1448,-0.023448,1,0.4935,2,3,0,0,V3,1,1,-100,1,221.475,0,0,0,0,1,200
EDCF-Shield,v3a,FALCON1024+HMAC-SHA512+AES256GCM+DKG4of7,STOLEN_KEY,90,33.58,78,CYCLE,156,1080,2,20,1198,0.470435,-0.064902,0.639432,0.981818,0.4741,0.17,100,0,0.006506,0,1,3,0,0,76,1448,-0.024078,1,0.4936,2,3,0,0,V3,1,1,-100,1,224.475,0,0,0,0,2,200
EDCF-Shield,v3a,FALCON1024+HMAC-SHA512+AES256GCM+DKG4of7,STOLEN_KEY,90,33.58,78,CUMULATIVE,156,84262,294,1538,89496,0.481554,-0.072076,0.649273,0.982075,0.484939,0.33,100,0,0.006506,0,1,3,0,0,76,1448,-0.024078,1,0.4936,2,3,0,0,V3,1,1,-100,1,224.475,0,0,0,0,1,200
EDCF-Shield,v3a,FALCON1024+HMAC-SHA512+AES256GCM+DKG4of7,STOLEN_KEY,90,33.58,79,CYCLE,158,1080,2,20,1198,0.470435,-0.065154,0.639432,0.981818,0.4741,0.17,100,0,0.006464,0,1,3,0,0,76,1448,-0.024693,1,0.4937,2,3,0,0,V3,1,1,-100,1,227.475,0,0,0,0,2,200
EDCF-Shield,v3a,FALCON1024+HMAC-SHA512+AES256GCM+DKG4of7,STOLEN_KEY,90,33.58,79,CUMULATIVE,158,85342,296,1558,90694,0.48141,-0.072235,0.649147,0.982071,0.484799,0.33,100,0,0.006464,0,1,3,0,0,76,1448,-0.024693,1,0.4937,2,3,0,0,V3,1,1,-100,1,227.475,0,0,0,0,1,200
EDCF-Shield,v3a,FALCON1024+HMAC-SHA512+AES256GCM+DKG4of7,STOLEN_KEY,90,33.58,80,CYCLE,160,1080,1,20,1199,0.47,-0.065478,0.639242,0.981818,0.473892,0.08,100,0,0.006402,0,1,3,0,0,76,1448,-0.025295,1,0.4938,2,3,0,0,V3,1,1,-100,1,230.475,0,0,0,0,2,200
EDCF-Shield,v3a,FALCON1024+HMAC-SHA512+AES256GCM+DKG4of7,STOLEN_KEY,90,33.58,80,CUMULATIVE,160,86422,297,1578,91893,0.481264,-0.072462,0.649021,0.982068,0.484659,0.32,100,0,0.006402,0,1,3,0,0,76,1448,-0.025295,1,0.4938,2,3,0,0,V3,1,1,-100,1,230.475,0,0,0,0,1,200
EDCF-Shield,v3a,FALCON1024+HMAC-SHA512+AES256GCM+DKG4of7,STOLEN_KEY,90,33.58,81,CYCLE,162,1080,2,20,1198,0.470435,-0.065716,0.639432,0.981818,0.4741,0.17,100,0,0.006363,0,1,3,0,0,76,1448,-0.025884,1,0.4938,2,3,0,0,V3,1,1,-100,1,233.475,0,0,0,0,2,200
EDCF-Shield,v3a,FALCON1024+HMAC-SHA512+AES256GCM+DKG4of7,STOLEN_KEY,90,33.58,81,CUMULATIVE,162,87502,299,1598,93091,0.481128,-0.072611,0.648901,0.982065,0.484526,0.32,100,0,0.006363,0,1,3,0,0,76,1448,-0.025884,1,0.4938,2,3,0,0,V3,1,1,-100,1,233.475,0,0,0,0,1,200
EDCF-Shield,v3a,FALCON1024+HMAC-SHA512+AES256GCM+DKG4of7,STOLEN_KEY,90,33.58,82,CYCLE,164,1080,2,20,1198,0.470435,-0.065948,0.639432,0.981818,0.4741,0.17,100,0,0.006324,0,1,3,0,0,76,1448,-0.026461,1,0.4939,2,3,0,0,V3,1,1,-100,1,236.475,0,0,0,0,2,200
EDCF-Shield,v3a,FALCON1024+HMAC-SHA512+AES256GCM+DKG4of7,STOLEN_KEY,90,33.58,82,CUMULATIVE,164,88582,301,1618,94289,0.480995,-0.072757,0.648784,0.982062,0.484396,0.32,100,0,0.006324,0,1,3,0,0,76,1448,-0.026461,1,0.4939,2,3,0,0,V3,1,1,-100,1,236.475,0,0,0,0,1,200
EDCF-Shield,v3a,FALCON1024+HMAC-SHA512+AES256GCM+DKG4of7,STOLEN_KEY,90,33.58,83,CYCLE,166,1080,1,20,1199,0.47,-0.066252,0.639242,0.981818,0.473892,0.08,100,0,0.006266,0,1,3,0,0,76,1448,-0.027026,1,0.494,2,3,0,0,V3,1,1,-100,1,239.475,0,0,0,0,2,200
EDCF-Shield,v3a,FALCON1024+HMAC-SHA512+AES256GCM+DKG4of7,STOLEN_KEY,90,33.58,83,CUMULATIVE,166,89662,302,1638,95488,0.480859,-0.07297,0.648667,0.982059,0.484267,0.32,100,0,0.006266,0,1,3,0,0,76,1448,-0.027026,1,0.494,2,3,0,0,V3,1,1,-100,1,239.475,0,0,0,0,1,200
EDCF-Shield,v3a,FALCON1024+HMAC-SHA512+AES256GCM+DKG4of7,STOLEN_KEY,90,33.58,84,CYCLE,168,1080,2,20,1198,0.470435,-0.066472,0.639432,0.981818,0.4741,0.17,100,0,0.00623,0,1,3,0,0,76,1448,-0.027579,1,0.494,2,3,0,0,V3,1,1,-100,1,242.475,0,0,0,0,2,200
EDCF-Shield,v3a,FALCON1024+HMAC-SHA512+AES256GCM+DKG4of7,STOLEN_KEY,90,33.58,84,CUMULATIVE,168,90742,304,1658,96686,0.480733,-0.073109,0.648556,0.982056,0.484143,0.31,100,0,0.00623,0,1,3,0,0,76,1448,-0.027579,1,0.494,2,3,0,0,V3,1,1,-100,1,242.475,0,0,0,0,1,200
EDCF-Shield,v3a,FALCON1024+HMAC-SHA512+AES256GCM+DKG4of7,STOLEN_KEY,90,33.58,85,CYCLE,170,1080,2,20,1198,0.470435,-0.066687,0.639432,0.981818,0.4741,0.17,100,0,0.006194,0,1,3,0,0,76,1448,-0.028121,1,0.4941,2,3,0,0,V3,1,1,-100,1,245.475,0,0,0,0,2,200
EDCF-Shield,v3a,FALCON1024+HMAC-SHA512+AES256GCM+DKG4of7,STOLEN_KEY,90,33.58,85,CUMULATIVE,170,91822,306,1678,97884,0.480609,-0.073244,0.648447,0.982053,0.484023,0.31,100,0,0.006194,0,1,3,0,0,76,1448,-0.028121,1,0.4941,2,3,0,0,V3,1,1,-100,1,245.475,0,0,0,0,1,200
EDCF-Shield,v3a,FALCON1024+HMAC-SHA512+AES256GCM+DKG4of7,STOLEN_KEY,90,33.58,86,CYCLE,172,1080,1,20,1199,0.47,-0.066971,0.639242,0.981818,0.473892,0.08,100,0,0.00614,0,1,3,0,0,76,1448,-0.028652,1,0.4942,2,3,0,0,V3,1,1,-100,1,248.475,0,0,0,0,2,200
EDCF-Shield,v3a,FALCON1024+HMAC-SHA512+AES256GCM+DKG4of7,STOLEN_KEY,90,33.58,86,CUMULATIVE,172,92902,307,1698,99083,0.480484,-0.073444,0.648338,0.982051,0.483902,0.31,100,0,0.00614,0,1,3,0,0,76,1448,-0.028652,1,0.4942,2,3,0,0,V3,1,1,-100,1,248.475,0,0,0,0,1,200
EDCF-Shield,v3a,FALCON1024+HMAC-SHA512+AES256GCM+DKG4of7,STOLEN_KEY,90,33.58,87,CYCLE,174,1080,2,20,1198,0.470435,-0.067175,0.639432,0.981818,0.4741,0.17,100,0,0.006106,0,1,3,0,0,76,1448,-0.029173,1,0.4943,2,3,0,0,V3,1,1,-100,1,251.475,0,0,0,0,2,200
EDCF-Shield,v3a,FALCON1024+HMAC-SHA512+AES256GCM+DKG4of7,STOLEN_KEY,90,33.58,87,CUMULATIVE,174,93982,309,1718,100281,0.480366,-0.073573,0.648234,0.982048,0.483787,0.31,100,0,0.006106,0,1,3,0,0,76,1448,-0.029173,1,0.4943,2,3,0,0,V3,1,1,-100,1,251.475,0,0,0,0,1,200
EDCF-Shield,v3a,FALCON1024+HMAC-SHA512+AES256GCM+DKG4of7,STOLEN_KEY,90,33.58,88,CYCLE,176,1080,2,20,1198,0.470435,-0.067375,0.639432,0.981818,0.4741,0.17,100,0,0.006074,0,1,3,0,0,76,1448,-0.029683,1,0.4943,2,3,0,0,V3,1,1,-100,1,254.475,0,0,0,0,2,200
EDCF-Shield,v3a,FALCON1024+HMAC-SHA512+AES256GCM+DKG4of7,STOLEN_KEY,90,33.58,88,CUMULATIVE,176,95062,311,1738,101479,0.480251,-0.073698,0.648133,0.982045,0.483675,0.31,100,0,0.006074,0,1,3,0,0,76,1448,-0.029683,1,0.4943,2,3,0,0,V3,1,1,-100,1,254.475,0,0,0,0,1,200
EDCF-Shield,v3a,FALCON1024+HMAC-SHA512+AES256GCM+DKG4of7,STOLEN_KEY,90,33.58,89,CYCLE,178,1080,1,20,1199,0.47,-0.067642,0.639242,0.981818,0.473892,0.08,100,0,0.006022,0,1,3,0,0,76,1448,-0.030184,1,0.4944,2,3,0,0,V3,1,1,-100,1,257.475,0,0,0,0,2,200
EDCF-Shield,v3a,FALCON1024+HMAC-SHA512+AES256GCM+DKG4of7,STOLEN_KEY,90,33.58,89,CUMULATIVE,178,96142,312,1758,102678,0.480133,-0.073887,0.648032,0.982043,0.483563,0.3,100,0,0.006022,0,1,3,0,0,76,1448,-0.030184,1,0.4944,2,3,0,0,V3,1,1,-100,1,257.475,0,0,0,0,1,200
EDCF-Shield,v3a,FALCON1024+HMAC-SHA512+AES256GCM+DKG4of7,STOLEN_KEY,90,33.58,90,CYCLE,180,1080,2,20,1198,0.470435,-0.067832,0.639432,0.981818,0.4741,0.17,100,0,0.005991,0,1,3,0,0,76,1448,-0.030675,1,0.4944,2,3,0,0,V3,1,1,-100,1,260.475,0,0,0,0,2,200
EDCF-Shield,v3a,FALCON1024+HMAC-SHA512+AES256GCM+DKG4of7,STOLEN_KEY,90,33.58,90,CUMULATIVE,180,97222,314,1778,103876,0.480024,-0.074006,0.647935,0.98204,0.483456,0.3,100,0,0.005991,0,1,3,0,0,76,1448,-0.030675,1,0.4944,2,3,0,0,V3,1,1,-100,1,260.475,0,0,0,0,1,200
EDCF-Shield,v3a,FALCON1024+HMAC-SHA512+AES256GCM+DKG4of7,STOLEN_KEY,90,33.58,91,CYCLE,182,1080,2,20,1198,0.470435,-0.068018,0.639432,0.981818,0.4741,0.17,100,0,0.005961,0,1,3,0,0,76,1448,-0.031156,1,0.4945,2,3,0,0,V3,1,1,-100,1,263.475,0,0,0,0,2,200
EDCF-Shield,v3a,FALCON1024+HMAC-SHA512+AES256GCM+DKG4of7,STOLEN_KEY,90,33.58,91,CUMULATIVE,182,98302,316,1798,105074,0.479916,-0.074123,0.64784,0.982038,0.483351,0.3,100,0,0.005961,0,1,3,0,0,76,1448,-0.031156,1,0.4945,2,3,0,0,V3,1,1,-100,1,263.475,0,0,0,0,1,200
EDCF-Shield,v3a,FALCON1024+HMAC-SHA512+AES256GCM+DKG4of7,STOLEN_KEY,90,33.58,92,CYCLE,184,1080,1,20,1199,0.47,-0.068269,0.639242,0.981818,0.473892,0.08,100,0,0.005913,0,1,3,0,0,76,1448,-0.031628,1,0.4946,2,3,0,0,V3,1,1,-100,1,266.475,0,0,0,0,2,200
EDCF-Shield,v3a,FALCON1024+HMAC-SHA512+AES256GCM+DKG4of7,STOLEN_KEY,90,33.58,92,CUMULATIVE,184,99382,317,1818,106273,0.479807,-0.074301,0.647746,0.982036,0.483246,0.3,100,0,0.005913,0,1,3,0,0,76,1448,-0.031628,1,0.4946,2,3,0,0,V3,1,1,-100,1,266.475,0,0,0,0,1,200
EDCF-Shield,v3a,FALCON1024+HMAC-SHA512+AES256GCM+DKG4of7,STOLEN_KEY,90,33.58,93,CYCLE,186,1080,2,20,1198,0.470435,-0.068446,0.639432,0.981818,0.4741,0.17,100,0,0.005884,0,1,3,0,0,76,1448,-0.032092,1,0.4946,2,3,0,0,V3,1,1,-100,1,269.475,0,0,0,0,2,200
EDCF-Shield,v3a,FALCON1024+HMAC-SHA512+AES256GCM+DKG4of7,STOLEN_KEY,90,33.58,93,CUMULATIVE,186,100462,319,1838,107471,0.479704,-0.074412,0.647655,0.982033,0.483146,0.3,100,0,0.005884,0,1,3,0,0,76,1448,-0.032092,1,0.4946,2,3,0,0,V3,1,1,-100,1,269.475,0,0,0,0,1,200
EDCF-Shield,v3a,FALCON1024+HMAC-SHA512+AES256GCM+DKG4of7,STOLEN_KEY,90,33.58,94,CYCLE,188,1080,2,20,1198,0.470435,-0.06862,0.639432,0.981818,0.4741,0.17,100,0,0.005856,0,1,3,0,0,76,1448,-0.032547,1,0.4947,2,3,0,0,V3,1,1,-100,1,272.475,0,0,0,0,2,200
EDCF-Shield,v3a,FALCON1024+HMAC-SHA512+AES256GCM+DKG4of7,STOLEN_KEY,90,33.58,94,CUMULATIVE,188,101542,321,1858,108669,0.479604,-0.074521,0.647567,0.982031,0.483048,0.29,100,0,0.005856,0,1,3,0,0,76,1448,-0.032547,1,0.4947,2,3,0,0,V3,1,1,-100,1,272.475,0,0,0,0,1,200
EDCF-Shield,v3a,FALCON1024+HMAC-SHA512+AES256GCM+DKG4of7,STOLEN_KEY,90,33.58,95,CYCLE,190,1080,1,20,1199,0.47,-0.068857,0.639242,0.981818,0.473892,0.08,100,0,0.00581,0,1,3,0,0,76,1448,-0.032994,1,0.4947,2,3,0,0,V3,1,1,-100,1,275.475,0,0,0,0,2,200
EDCF-Shield,v3a,FALCON1024+HMAC-SHA512+AES256GCM+DKG4of7,STOLEN_KEY,90,33.58,95,CUMULATIVE,190,102622,322,1878,109868,0.479501,-0.074689,0.647478,0.982029,0.48295,0.29,100,0,0.00581,0,1,3,0,0,76,1448,-0.032994,1,0.4947,2,3,0,0,V3,1,1,-100,1,275.475,0,0,0,0,1,200
EDCF-Shield,v3a,FALCON1024+HMAC-SHA512+AES256GCM+DKG4of7,STOLEN_KEY,90,33.58,96,CYCLE,192,1080,2,20,1198,0.470435,-0.069022,0.639432,0.981818,0.4741,0.17,100,0,0.005784,0,1,3,0,0,76,1448,-0.033433,1,0.4948,2,3,0,0,V3,1,1,-100,1,278.475,0,0,0,0,2,200
EDCF-Shield,v3a,FALCON1024+HMAC-SHA512+AES256GCM+DKG4of7,STOLEN_KEY,90,33.58,96,CUMULATIVE,192,103702,324,1898,111066,0.479405,-0.074793,0.647393,0.982027,0.482856,0.29,100,0,0.005784,0,1,3,0,0,76,1448,-0.033433,1,0.4948,2,3,0,0,V3,1,1,-100,1,278.475,0,0,0,0,1,200
EDCF-Shield,v3a,FALCON1024+HMAC-SHA512+AES256GCM+DKG4of7,STOLEN_KEY,90,33.58,97,CYCLE,194,1080,2,20,1198,0.470435,-0.069185,0.639432,0.981818,0.4741,0.17,100,0,0.005758,0,1,3,0,0,76,1448,-0.033863,1,0.4948,2,3,0,0,V3,1,1,-100,1,281.475,0,0,0,0,2,200
EDCF-Shield,v3a,FALCON1024+HMAC-SHA512+AES256GCM+DKG4of7,STOLEN_KEY,90,33.58,97,CUMULATIVE,194,104782,326,1918,112264,0.479311,-0.074895,0.64731,0.982024,0.482764,0.29,100,0,0.005758,0,1,3,0,0,76,1448,-0.033863,1,0.4948,2,3,0,0,V3,1,1,-100,1,281.475,0,0,0,0,1,200
EDCF-Shield,v3a,FALCON1024+HMAC-SHA512+AES256GCM+DKG4of7,STOLEN_KEY,90,33.58,98,CYCLE,196,1080,1,20,1199,0.47,-0.069408,0.639242,0.981818,0.473892,0.08,100,0,0.005715,0,1,3,0,0,76,1448,-0.034286,1,0.4949,2,3,0,0,V3,1,1,-100,1,284.475,0,0,0,0,2,200
EDCF-Shield,v3a,FALCON1024+HMAC-SHA512+AES256GCM+DKG4of7,STOLEN_KEY,90,33.58,98,CUMULATIVE,196,105862,327,1938,113463,0.479214,-0.075054,0.647227,0.982022,0.482672,0.29,100,0,0.005715,0,1,3,0,0,76,1448,-0.034286,1,0.4949,2,3,0,0,V3,1,1,-100,1,284.475,0,0,0,0,1,200
EDCF-Shield,v3a,FALCON1024+HMAC-SHA512+AES256GCM+DKG4of7,STOLEN_KEY,90,33.58,99,CYCLE,198,1080,2,20,1198,0.470435,-0.069563,0.639432,0.981818,0.4741,0.17,100,0,0.00569,0,1,3,0,0,76,1448,-0.034702,1,0.4949,2,3,0,0,V3,1,1,-100,1,287.475,0,0,0,0,2,200
EDCF-Shield,v3a,FALCON1024+HMAC-SHA512+AES256GCM+DKG4of7,STOLEN_KEY,90,33.58,99,CUMULATIVE,198,106942,329,1958,114661,0.479124,-0.075151,0.647147,0.98202,0.482584,0.29,100,0,0.00569,0,1,3,0,0,76,1448,-0.034702,1,0.4949,2,3,0,0,V3,1,1,-100,1,287.475,0,0,0,0,1,200
EDCF-Shield,v3a,FALCON1024+HMAC-SHA512+AES256GCM+DKG4of7,STOLEN_KEY,90,33.58,100,CYCLE,200,1080,2,20,1198,0.470435,-0.069715,0.639432,0.981818,0.4741,0.17,100,0,0.005665,0,1,3,0,0,76,1448,-0.035111,1,0.495,2,3,0,0,V3,1,1,-100,1,290.475,0,0,0,0,2,200
EDCF-Shield,v3a,FALCON1024+HMAC-SHA512+AES256GCM+DKG4of7,STOLEN_KEY,90,33.58,100,CUMULATIVE,200,108022,331,1978,115859,0.479035,-0.075246,0.647069,0.982018,0.482497,0.28,100,0,0.005665,0,1,3,0,0,76,1448,-0.035111,1,0.495,2,3,0,0,V3,1,1,-100,1,290.475,0,0,0,0,1,200
EDCF-Shield,v3a,FALCON1024+HMAC-SHA512+AES256GCM+DKG4of7,STOLEN_KEY,90,33.58,101,CYCLE,202,1080,1,20,1199,0.47,-0.069927,0.639242,0.981818,0.473892,0.08,100,0,0.005625,0,1,3,0,0,76,1448,-0.035512,1,0.495,2,3,0,0,V3,1,1,-100,1,293.475,0,0,0,0,2,200
EDCF-Shield,v3a,FALCON1024+HMAC-SHA512+AES256GCM+DKG4of7,STOLEN_KEY,90,33.58,101,CUMULATIVE,202,109102,332,1998,117058,0.478944,-0.075398,0.64699,0.982016,0.482411,0.28,100,0,0.005625,0,1,3,0,0,76,1448,-0.035512,1,0.495,2,3,0,0,V3,1,1,-100,1,293.475,0,0,0,0,1,200
EDCF-Shield,v3a,FALCON1024+HMAC-SHA512+AES256GCM+DKG4of7,STOLEN_KEY,90,33.58,102,CYCLE,204,1080,2,20,1198,0.470435,-0.070072,0.639432,0.981818,0.4741,0.17,100,0,0.005601,0,1,3,0,0,76,1448,-0.035907,1,0.4951,2,3,0,0,V3,1,1,-100,1,296.475,0,0,0,0,2,200
EDCF-Shield,v3a,FALCON1024+HMAC-SHA512+AES256GCM+DKG4of7,STOLEN_KEY,90,33.58,102,CUMULATIVE,204,110182,334,2018,118256,0.47886,-0.075489,0.646915,0.982014,0.482328,0.28,100,0,0.005601,0,1,3,0,0,76,1448,-0.035907,1,0.4951,2,3,0,0,V3,1,1,-100,1,296.475,0,0,0,0,1,200
EDCF-Shield,v3a,FALCON1024+HMAC-SHA512+AES256GCM+DKG4of7,STOLEN_KEY,90,33.58,103,CYCLE,206,1080,2,20,1198,0.470435,-0.070215,0.639432,0.981818,0.4741,0.17,100,0,0.005579,0,1,3,0,0,76,1448,-0.036295,1,0.4951,2,3,0,0,V3,1,1,-100,1,299.475,0,0,0,0,2,200
EDCF-Shield,v3a,FALCON1024+HMAC-SHA512+AES256GCM+DKG4of7,STOLEN_KEY,90,33.58,103,CUMULATIVE,206,111262,336,2038,119454,0.478776,-0.075578,0.646842,0.982012,0.482247,0.28,100,0,0.005579,0,1,3,0,0,76,1448,-0.036295,1,0.4951,2,3,0,0,V3,1,1,-100,1,299.475,0,0,0,0,1,200
EDCF-Shield,v3a,FALCON1024+HMAC-SHA512+AES256GCM+DKG4of7,STOLEN_KEY,90,33.58,104,CYCLE,208,1080,1,20,1199,0.47,-0.070416,0.639242,0.981818,0.473892,0.08,100,0,0.00554,0,1,3,0,0,76,1448,-0.036677,1,0.4952,2,3,0,0,V3,1,1,-100,1,302.475,0,0,0,0,2,200
EDCF-Shield,v3a,FALCON1024+HMAC-SHA512+AES256GCM+DKG4of7,STOLEN_KEY,90,33.58,104,CUMULATIVE,208,112342,337,2058,120653,0.478691,-0.075722,0.646768,0.98201,0.482165,0.28,100,0,0.00554,0,1,3,0,0,76,1448,-0.036677,1,0.4952,2,3,0,0,V3,1,1,-100,1,302.475,0,0,0,0,1,200
EDCF-Shield,v3a,FALCON1024+HMAC-SHA512+AES256GCM+DKG4of7,STOLEN_KEY,90,33.58,105,CYCLE,210,1080,2,20,1198,0.470435,-0.070553,0.639432,0.981818,0.4741,0.17,100,0,0.005518,0,1,3,0,0,76,1448,-0.037052,1,0.4952,2,3,0,0,V3,1,1,-100,1,305.475,0,0,0,0,2,200
EDCF-Shield,v3a,FALCON1024+HMAC-SHA512+AES256GCM+DKG4of7,STOLEN_KEY,90,33.58,105,CUMULATIVE,210,113422,339,2078,121851,0.478611,-0.075808,0.646697,0.982009,0.482087,0.28,100,0,0.005518,0,1,3,0,0,76,1448,-0.037052,1,0.4952,2,3,0,0,V3,1,1,-100,1,305.475,0,0,0,0,1,200
EDCF-Shield,v3a,FALCON1024+HMAC-SHA512+AES256GCM+DKG4of7,STOLEN_KEY,90,33.58,106,CYCLE,212,1080,2,20,1198,0.470435,-0.070687,0.639432,0.981818,0.4741,0.17,100,0,0.005497,0,1,3,0,0,76,1448,-0.037421,1,0.4953,2,3,0,0,V3,1,1,-100,1,308.475,0,0,0,0,2,200
EDCF-Shield,v3a,FALCON1024+HMAC-SHA512+AES256GCM+DKG4of7,STOLEN_KEY,90,33.58,106,CUMULATIVE,212,114502,341,2098,123049,0.478532,-0.075891,0.646628,0.982007,0.48201,0.28,100,0,0.005497,0,1,3,0,0,76,1448,-0.037421,1,0.4953,2,3,0,0,V3,1,1,-100,1,308.475,0,0,0,0,1,200
EDCF-Shield,v3a,FALCON1024+HMAC-SHA512+AES256GCM+DKG4of7,STOLEN_KEY,90,33.58,107,CYCLE,214,1080,1,20,1199,0.47,-0.070877,0.639242,0.981818,0.473892,0.08,100,0,0.00546,0,1,3,0,0,76,1448,-0.037784,1,0.4953,2,3,0,0,V3,1,1,-100,1,311.475,0,0,0,0,2,200
EDCF-Shield,v3a,FALCON1024+HMAC-SHA512+AES256GCM+DKG4of7,STOLEN_KEY,90,33.58,107,CUMULATIVE,214,115582,342,2118,124248,0.478451,-0.076029,0.646558,0.982005,0.481933,0.27,100,0,0.00546,0,1,3,0,0,76,1448,-0.037784,1,0.4953,2,3,0,0,V3,1,1,-100,1,311.475,0,0,0,0,1,200
EDCF-Shield,v3a,FALCON1024+HMAC-SHA512+AES256GCM+DKG4of7,STOLEN_KEY,90,33.58,108,CYCLE,216,1080,2,20,1198,0.470435,-0.071006,0.639432,0.981818,0.4741,0.17,100,0,0.00544,0,1,3,0,0,76,1448,-0.038142,1,0.4954,2,3,0,0,V3,1,1,-100,1,314.475,0,0,0,0,2,200
EDCF-Shield,v3a,FALCON1024+HMAC-SHA512+AES256GCM+DKG4of7,STOLEN_KEY,90,33.58,108,CUMULATIVE,216,116662,344,2138,125446,0.478376,-0.076109,0.646492,0.982003,0.481859,0.27,100,0,0.00544,0,1,3,0,0,76,1448,-0.038142,1,0.4954,2,3,0,0,V3,1,1,-100,1,314.475,0,0,0,0,1,200
EDCF-Shield,v3a,FALCON1024+HMAC-SHA512+AES256GCM+DKG4of7,STOLEN_KEY,90,33.58,109,CYCLE,218,1080,2,20,1198,0.470435,-0.071132,0.639432,0.981818,0.4741,0.17,100,0,0.00542,0,1,3,0,0,76,1448,-0.038493,1,0.4954,2,3,0,0,V3,1,1,-100,1,317.475,0,0,0,0,2,200
EDCF-Shield,v3a,FALCON1024+HMAC-SHA512+AES256GCM+DKG4of7,STOLEN_KEY,90,33.58,109,CUMULATIVE,218,117742,346,2158,126644,0.478302,-0.076187,0.646426,0.982002,0.481787,0.27,100,0,0.00542,0,1,3,0,0,76,1448,-0.038493,1,0.4954,2,3,0,0,V3,1,1,-100,1,317.475,0,0,0,0,1,200
EDCF-Shield,v3a,FALCON1024+HMAC-SHA512+AES256GCM+DKG4of7,STOLEN_KEY,90,33.58,110,CYCLE,219.5,648,1,12,779,0.450694,-0.071295,0.620987,0.981818,0.4541,0.13,100,0,0.005402,0,1,3,0,0,76,1448,-0.038839,1,0.4966,2,3,0,0,V3,1,1,-100,1,319.425,0,0,0,0,2,200
EDCF-Shield,v3a,FALCON1024+HMAC-SHA512+AES256GCM+DKG4of7,STOLEN_KEY,90,33.58,110,CUMULATIVE,219.5,118390,347,2170,127423,0.478142,-0.07626,0.646281,0.982001,0.481626,0.27,100,0,0.005402,0,1,3,0,0,76,1448,-0.038839,1,0.4966,2,3,0,0,V3,1,1,-100,1,319.425,0,0,0,0,1,200
EDCF-Shield,v3a,FALCON1024+HMAC-SHA512+AES256GCM+DKG4of7,STOLEN_KEY,150,55.97,1,CYCLE,2,500,0,0,0,1,0.5,1,1,1,0,100,0,0,0,1,0,0,0,76,1448,0,1,0,0,0,0,0,V3,0,1,-100,1,0,0,0,0,0,0,200
EDCF-Shield,v3a,FALCON1024+HMAC-SHA512+AES256GCM+DKG4of7,STOLEN_KEY,150,55.97,1,CUMULATIVE,2,500,0,0,0,1,0.5,1,1,1,0,100,0,0,0,1,0,0,0,76,1448,0,1,0,0,0,0,0,V3,0,1,-100,1,0,0,0,0,0,0,200
EDCF-Shield,v3a,FALCON1024+HMAC-SHA512+AES256GCM+DKG4of7,STOLEN_KEY,150,55.97,2,CYCLE,4,482,35,18,119,0.79052,0.398694,0.875568,0.964,0.801997,22.73,100,0,0.3125,0,1,3,0,0,76,1448,0.5,1,0.25,2,3,0,0,V3,1,1,-100,1,0.385,0,0,0,0,2,200
EDCF-Shield,v3a,FALCON1024+HMAC-SHA512+AES256GCM+DKG4of7,STOLEN_KEY,150,55.97,2,CUMULATIVE,4,982,35,18,119,0.881282,0.339971,0.934793,0.982,0.891916,22.73,100,0,0.3125,0,1,3,0,0,76,1448,0.5,1,0.25,2,3,0,0,V3,1,1,-100,1,0.385,0,0,0,0,1,200
EDCF-Shield,v3a,FALCON1024+HMAC-SHA512+AES256GCM+DKG4of7,STOLEN_KEY,150,55.97,3,CYCLE,6,480,40,20,380,0.565217,0.302941,0.705882,0.96,0.55814,9.52,100,0,0.207182,0,1,3,0,0,76,1448,0.419985,1,0.3333,2,3,0,0,V3,1,1,-100,1,1.435,0,0,0,0,2,200
EDCF-Shield,v3a,FALCON1024+HMAC-SHA512+AES256GCM+DKG4of7,STOLEN_KEY,150,55.97,3,CUMULATIVE,6,1462,75,38,499,0.74108,0.20762,0.844843,0.974667,0.745538,13.07,100,0,0.207182,0,1,3,0,0,76,1448,0.419985,1,0.3333,2,3,0,0,V3,1,1,-100,1,1.435,0,0,0,0,1,200
EDCF-Shield,v3a,FALCON1024+HMAC-SHA512+AES256GCM+DKG4of7,STOLEN_KEY,150,55.97,4,CYCLE,8,480,40,20,646,0.438449,0.237519,0.590406,0.96,0.426288,5.83,100,0,0.154362,0,1,3,0,0,76,1448,0.349197,1,0.375,2,3,0,0,V3,1,1,-100,1,3.15,0,0,0,0,2,200
EDCF-Shield,v3a,FALCON1024+HMAC-SHA512+AES256GCM+DKG4of7,STOLEN_KEY,150,55.97,4,CUMULATIVE,8,1942,115,58,1145,0.630982,0.135265,0.763515,0.971,0.62909,9.13,100,0,0.154362,0,1,3,0,0,76,1448,0.349197,1,0.375,2,3,0,0,V3,1,1,-100,1,3.15,0,0,0,0,1,200
EDCF-Shield,v3a,FALCON1024+HMAC-SHA512+AES256GCM+DKG4of7,STOLEN_KEY,150,55.97,5,CYCLE,10,480,39,20,915,0.356946,0.190439,0.506596,0.96,0.344086,4.09,100,0,0.122125,0,1,3,0,0,76,1448,0.295714,1,0.4,2,3,0,0,V3,1,1,-100,1,5.535,0,0,0,0,2,200
EDCF-Shield,v3a,FALCON1024+HMAC-SHA512+AES256GCM+DKG4of7,STOLEN_KEY,150,55.97,5,CUMULATIVE,10,2422,154,78,2060,0.546457,0.088497,0.693784,0.9688,0.540384,6.96,100,0,0.122125,0,1,3,0,0,76,1448,0.295714,1,0.4,2,3,0,0,V3,1,1,-100,1,5.535,0,0,0,0,1,200
EDCF-Shield,v3a,FALCON1024+HMAC-SHA512+AES256GCM+DKG4of7,STOLEN_KEY,150,55.97,6,CYCLE,12,480,40,20,1180,0.302326,0.155724,0.444444,0.96,0.289157,3.28,100,0,0.101518,0,1,3,0,0,76,1448,0.254271,1,0.4167,2,3,0,0,V3,1,1,-100,1,8.585,0,0,0,0,2,200
EDCF-Shield,v3a,FALCON1024+HMAC-SHA512+AES256GCM+DKG4of7,STOLEN_KEY,150,55.97,6,CUMULATIVE,12,2902,194,98,3240,0.481194,0.057107,0.634872,0.967333,0.472485,5.65,100,0,0.101518,0,1,3,0,0,76,1448,0.254271,1,0.4167,2,3,0,0,V3,1,1,-100,1,8.585,0,0,0,0,1,200
EDCF-Shield,v3a,FALCON1024+HMAC-SHA512+AES256GCM+DKG4of7,STOLEN_KEY,150,55.97,7,CYCLE,14,480,40,20,1446,0.261833,0.128739,0.395713,0.96,0.249221,2.69,100,0,0.08686,0,1,3,0,0,76,1448,0.22141,1,0.4286,2,3,0,0,V3,1,1,-100,1,12.3,0,0,0,0,2,200
EDCF-Shield,v3a,FALCON1024+HMAC-SHA512+AES256GCM+DKG4of7,STOLEN_KEY,150,55.97,7,CUMULATIVE,14,3382,234,118,4686,0.429454,0.034096,0.584716,0.966286,0.419187,4.76,100,0,0.08686,0,1,3,0,0,76,1448,0.22141,1,0.4286,2,3,0,0,V3,1,1,-100,1,12.3,0,0,0,0,1,200
EDCF-Shield,v3a,FALCON1024+HMAC-SHA512+AES256GCM+DKG4of7,STOLEN_KEY,150,55.97,8,CYCLE,16,480,39,20,1715,0.230257,0.106868,0.356215,0.96,0.218679,2.22,100,0,0.075623,0,1,3,0,0,76,1448,0.194651,1,0.4375,2,3,0,0,V3,1,1,-100,1,16.685,0,0,0,0,2,200
EDCF-Shield,v3a,FALCON1024+HMAC-SHA512+AES256GCM+DKG4of7,STOLEN_KEY,150,55.97,8,CUMULATIVE,16,3862,273,138,6401,0.38739,0.016113,0.541541,0.9655,0.376303,4.09,100,0,0.075623,0,1,3,0,0,76,1448,0.194651,1,0.4375,2,3,0,0,V3,1,1,-100,1,16.685,0,0,0,0,1,200
EDCF-Shield,v3a,FALCON1024+HMAC-SHA512+AES256GCM+DKG4of7,STOLEN_KEY,150,55.97,9,CYCLE,18,480,20,20,1956,0.201939,0.084423,0.326975,0.96,0.197044,1.01,100,0,0.063447,0,1,3,0,0,76,1448,0.172334,1,0.4444,2,3,0,0,V3,1,1,-100,1,21.625,0,0,0,0,2,200
EDCF-Shield,v3a,FALCON1024+HMAC-SHA512+AES256GCM+DKG4of7,STOLEN_KEY,150,55.97,9,CUMULATIVE,18,4342,293,158,8357,0.352471,-0.003228,0.504913,0.964889,0.341917,3.39,100,0,0.063447,0,1,3,0,0,76,1448,0.172334,1,0.4444,2,3,0,0,V3,1,1,-100,1,21.625,0,0,0,0,1,200
EDCF-Shield,v3a,FALCON1024+HMAC-SHA512+AES256GCM+DKG4of7,STOLEN_KEY,150,55.97,10,CYCLE,20,480,2,20,1998,0.1928,0.059277,0.322364,0.96,0.193705,0.1,100,0,0.052491,0,1,3,0,0,76,1448,0.152827,1,0.45,2,3,0,0,V3,1,1,-100,1,26.625,0,0,0,0,2,200
EDCF-Shield,v3a,FALCON1024+HMAC-SHA512+AES256GCM+DKG4of7,STOLEN_KEY,150,55.97,10,CUMULATIVE,20,4822,295,178,10355,0.326965,-0.021517,0.47797,0.9644,0.317718,2.77,100,0,0.052491,0,1,3,0,0,76,1448,0.152827,1,0.45,2,3,0,0,V3,1,1,-100,1,26.625,0,0,0,0,1,200
EDCF-Shield,v3a,FALCON1024+HMAC-SHA512+AES256GCM+DKG4of7,STOLEN_KEY,150,55.97,11,CYCLE,22,480,1,20,1999,0.1924,0.03815,0.322256,0.96,0.193626,0.05,100,0,0.044706,0,1,3,0,0,76,1448,0.135392,1,0.4545,2,3,0,0,V3,1,1,-100,1,31.625,0,0,0,0,2,200
EDCF-Shield,v3a,FALCON1024+HMAC-SHA512+AES256GCM+DKG4of7,STOLEN_KEY,150,55.97,11,CUMULATIVE,22,5302,296,198,12354,0.30843,-0.035589,0.457937,0.964,0.300295,2.34,100,0,0.044706,0,1,3,0,0,76,1448,0.135392,1,0.4545,2,3,0,0,V3,1,1,-100,1,31.625,0,0,0,0,1,200
EDCF-Shield,v3a,FALCON1024+HMAC-SHA512+AES256GCM+DKG4of7,STOLEN_KEY,150,55.97,12,CYCLE,24,480,2,20,1998,0.1928,0.021051,0.322364,0.96,0.193705,0.1,100,0,0.039092,0,1,3,0,0,76,1448,0.119849,1,0.4583,2,3,0,0,V3,1,1,-100,1,36.625,0,0,0,0,2,200
EDCF-Shield,v3a,FALCON1024+HMAC-SHA512+AES256GCM+DKG4of7,STOLEN_KEY,150,55.97,12,CUMULATIVE,24,5782,298,218,14352,0.294431,-0.046517,0.442489,0.963667,0.287176,2.03,100,0,0.039092,0,1,3,0,0,76,1448,0.119849,1,0.4583,2,3,0,0,V3,1,1,-100,1,36.625,0,0,0,0,1,200
EDCF-Shield,v3a,FALCON1024+HMAC-SHA512+AES256GCM+DKG4of7,STOLEN_KEY,150,55.97,13,CYCLE,26,480,2,20,1998,0.1928,0.006583,0.322364,0.96,0.193705,0.1,100,0,0.034783,0,1,3,0,0,76,1448,0.105985,1,0.4615,2,3,0,0,V3,1,1,-100,1,41.625,0,0,0,0,2,200
EDCF-Shield,v3a,FALCON1024+HMAC-SHA512+AES256GCM+DKG4of7,STOLEN_KEY,150,55.97,13,CUMULATIVE,26,6262,300,238,16350,0.283456,-0.05547,0.430201,0.963385,0.276933,1.8,100,0,0.034783,0,1,3,0,0,76,1448,0.105985,1,0.4615,2,3,0,0,V3,1,1,-100,1,41.625,0,0,0,0,1,200
EDCF-Shield,v3a,FALCON1024+HMAC-SHA512+AES256GCM+DKG4of7,STOLEN_KEY,150,55.97,14,CYCLE,28,480,1,20,1999,0.1924,-0.006253,0.322256,0.96,0.193626,0.05,100,0,0.031269,0,1,3,0,0,76,1448,0.093565,1,0.4643,2,3,0,0,V3,1,1,-100,1,46.625,0,0,0,0,2,200
EDCF-Shield,v3a,FALCON1024+HMAC-SHA512+AES256GCM+DKG4of7,STOLEN_KEY,150,55.97,14,CUMULATIVE,28,6742,301,258,18349,0.274581,-0.063207,0.42018,0.963143,0.268702,1.61,100,0,0.031269,0,1,3,0,0,76,1448,0.093565,1,0.4643,2,3,0,0,V3,1,1,-100,1,46.625,0,0,0,0,1,200
EDCF-Shield,v3a,FALCON1024+HMAC-SHA512+AES256GCM+DKG4of7,STOLEN_KEY,150,55.97,15,CYCLE,30,480,2,20,1998,0.1928,-0.016971,0.322364,0.96,0.193705,0.1,100,0,0.02851,0,1,3,0,0,76,1448,0.082367,1,0.4667,2,3,0,0,V3,1,1,-100,1,51.625,0,0,0,0,2,200
EDCF-Shield,v3a,FALCON1024+HMAC-SHA512+AES256GCM+DKG4of7,STOLEN_KEY,150,55.97,15,CUMULATIVE,30,7222,303,278,20347,0.267318,-0.069633,0.411874,0.962933,0.261961,1.47,100,0,0.02851,0,1,3,0,0,76,1448,0.082367,1,0.4667,2,3,0,0,V3,1,1,-100,1,51.625,0,0,0,0,1,200
EDCF-Shield,v3a,FALCON1024+HMAC-SHA512+AES256GCM+DKG4of7,STOLEN_KEY,150,55.97,16,CYCLE,32,480,2,20,1998,0.1928,-0.02635,0.322364,0.96,0.193705,0.1,100,0,0.026225,0,1,3,0,0,76,1448,0.072234,1,0.4688,2,3,0,0,V3,1,1,-100,1,56.625,0,0,0,0,2,200
EDCF-Shield,v3a,FALCON1024+HMAC-SHA512+AES256GCM+DKG4of7,STOLEN_KEY,150,55.97,16,CUMULATIVE,32,7702,305,298,22345,0.26124,-0.075216,0.404868,0.96275,0.256332,1.35,100,0,0.026225,0,1,3,0,0,76,1448,0.072234,1,0.4688,2,3,0,0,V3,1,1,-100,1,56.625,0,0,0,0,1,200
EDCF-Shield,v3a,FALCON1024+HMAC-SHA512+AES256GCM+DKG4of7,STOLEN_KEY,150,55.97,17,CYCLE,34,480,1,20,1999,0.1924,-0.034984,0.322256,0.96,0.193626,0.05,100,0,0.024226,0,1,3,0,0,76,1448,0.063018,1,0.4706,2,3,0,0,V3,1,1,-100,1,61.625,0,0,0,0,2,200
EDCF-Shield,v3a,FALCON1024+HMAC-SHA512+AES256GCM+DKG4of7,STOLEN_KEY,150,55.97,17,CUMULATIVE,34,8182,306,318,24344,0.256048,-0.080318,0.398869,0.962588,0.251553,1.24,100,0,0.024226,0,1,3,0,0,76,1448,0.063018,1,0.4706,2,3,0,0,V3,1,1,-100,1,61.625,0,0,0,0,1,200
EDCF-Shield,v3a,FALCON1024+HMAC-SHA512+AES256GCM+DKG4of7,STOLEN_KEY,150,55.97,18,CYCLE,36,480,2,20,1998,0.1928,-0.04232,0.322364,0.96,0.193705,0.1,100,0,0.022592,0,1,3,0,0,76,1448,0.054587,1,0.4722,2,3,0,0,V3,1,1,-100,1,66.625,0,0,0,0,2,200
EDCF-Shield,v3a,FALCON1024+HMAC-SHA512+AES256GCM+DKG4of7,STOLEN_KEY,150,55.97,18,CUMULATIVE,36,8662,308,338,26342,0.251613,-0.084672,0.393691,0.962444,0.247457,1.16,100,0,0.022592,0,1,3,0,0,76,1448,0.054587,1,0.4722,2,3,0,0,V3,1,1,-100,1,66.625,0,0,0,0,1,200
EDCF-Shield,v3a,FALCON1024+HMAC-SHA512+AES256GCM+DKG4of7,STOLEN_KEY,150,55.97,19,CYCLE,38,480,2,20,1998,0.1928,-0.048884,0.322364,0.96,0.193705,0.1,100,0,0.021182,0,1,3,0,0,76,1448,0.04685,1,0.4737,2,3,0,0,V3,1,1,-100,1,71.625,0,0,0,0,2,200
EDCF-Shield,v3a,FALCON1024+HMAC-SHA512+AES256GCM+DKG4of7,STOLEN_KEY,150,55.97,19,CUMULATIVE,38,9142,310,358,28340,0.247759,-0.088572,0.38917,0.962316,0.243904,1.08,100,0,0.021182,0,1,3,0,0,76,1448,0.04685,1,0.4737,2,3,0,0,V3,1,1,-100,1,71.625,0,0,0,0,1,200
EDCF-Shield,v3a,FALCON1024+HMAC-SHA512+AES256GCM+DKG4of7,STOLEN_KEY,150,55.97,20,CYCLE,40,480,1,20,1999,0.1924,-0.055096,0.322256,0.96,0.193626,0.05,100,0,0.01989,0,1,3,0,0,76,1448,0.039723,1,0.475,2,3,0,0,V3,1,1,-100,1,76.625,0,0,0,0,2,200
EDCF-Shield,v3a,FALCON1024+HMAC-SHA512+AES256GCM+DKG4of7,STOLEN_KEY,150,55.97,20,CUMULATIVE,40,9622,311,378,30339,0.244354,-0.092264,0.38518,0.9622,0.240785,1.01,100,0,0.01989,0,1,3,0,0,76,1448,0.039723,1,0.475,2,3,0,0,V3,1,1,-100,1,76.625,0,0,0,0,1,200
EDCF-Shield,v3a,FALCON1024+HMAC-SHA512+AES256GCM+DKG4of7,STOLEN_KEY,150,55.97,21,CYCLE,42,480,2,20,1998,0.1928,-0.060426,0.322364,0.96,0.193705,0.1,100,0,0.018812,0,1,3,0,0,76,1448,0.033123,1,0.4762,2,3,0,0,V3,1,1,-100,1,81.625,0,0,0,0,2,200
EDCF-Shield,v3a,FALCON1024+HMAC-SHA512+AES256GCM+DKG4of7,STOLEN_KEY,150,55.97,21,CUMULATIVE,42,10102,313,398,32337,0.241367,-0.095452,0.381647,0.962095,0.238036,0.96,100,0,0.018812,0,1,3,0,0,76,1448,0.033123,1,0.4762,2,3,0,0,V3,1,1,-100,1,81.625,0,0,0,0,1,200
EDCF-Shield,v3a,FALCON1024+HMAC-SHA512+AES256GCM+DKG4of7,STOLEN_KEY,150,55.97,22,CYCLE,44,480,2,20,1998,0.1928,-0.065272,0.322364,0.96,0.193705,0.1,100,0,0.017857,0,1,3,0,0,76,1448,0.027001,1,0.4773,2,3,0,0,V3,1,1,-100,1,86.625,0,0,0,0,2,200
EDCF-Shield,v3a,FALCON1024+HMAC-SHA512+AES256GCM+DKG4of7,STOLEN_KEY,150,55.97,22,CUMULATIVE,44,10582,315,418,34335,0.238708,-0.098361,0.37849,0.962,0.23559,0.91,100,0,0.017857,0,1,3,0,0,76,1448,0.027001,1,0.4773,2,3,0,0,V3,1,1,-100,1,86.625,0,0,0,0,1,200
EDCF-Shield,v3a,FALCON1024+HMAC-SHA512+AES256GCM+DKG4of7,STOLEN_KEY,150,55.97,23,CYCLE,46,480,1,20,1999,0.1924,-0.069961,0.322256,0.96,0.193626,0.05,100,0,0.016952,0,1,3,0,0,76,1448,0.021302,1,0.4783,2,3,0,0,V3,1,1,-100,1,91.625,0,0,0,0,2,200
EDCF-Shield,v3a,FALCON1024+HMAC-SHA512+AES256GCM+DKG4of7,STOLEN_KEY,150,55.97,23,CUMULATIVE,46,11062,316,438,36334,0.236303,-0.101189,0.375645,0.961913,0.233395,0.86,100,0,0.016952,0,1,3,0,0,76,1448,0.021302,1,0.4783,2,3,0,0,V3,1,1,-100,1,91.625,0,0,0,0,1,200
EDCF-Shield,v3a,FALCON1024+HMAC-SHA512+AES256GCM+DKG4of7,STOLEN_KEY,150,55.97,24,CYCLE,48,480,2,20,1998,0.1928,-0.074005,0.322364,0.96,0.193705,0.1,100,0,0.016189,0,1,3,0,0,76,1448,0.015977,1,0.4792,2,3,0,0,V3,1,1,-100,1,96.625,0,0,0,0,2,200
EDCF-Shield,v3a,FALCON1024+HMAC-SHA512+AES256GCM+DKG4of7,STOLEN_KEY,150,55.97,24,CUMULATIVE,48,11542,318,458,38332,0.234156,-0.103642,0.373081,0.961833,0.231423,0.82,100,0,0.016189,0,1,3,0,0,76,1448,0.015977,1,0.4792,2,3,0,0,V3,1,1,-100,1,96.625,0,0,0,0,1,200
EDCF-Shield,v3a,FALCON1024+HMAC-SHA512+AES256GCM+DKG4of7,STOLEN_KEY,150,55.97,25,CYCLE,50,480,2,20,1998,0.1928,-0.077727,0.322364,0.96,0.193705,0.1,100,0,0.0155,0,1,3,0,0,76,1448,0.010993,1,0.48,2,3,0,0,V3,1,1,-100,1,101.625,0,0,0,0,2,200
EDCF-Shield,v3a,FALCON1024+HMAC-SHA512+AES256GCM+DKG4of7,STOLEN_KEY,150,55.97,25,CUMULATIVE,50,12022,320,478,40330,0.232211,-0.105909,0.370752,0.96176,0.229638,0.79,100,0,0.0155,0,1,3,0,0,76,1448,0.010993,1,0.48,2,3,0,0,V3,1,1,-100,1,101.625,0,0,0,0,1,200
EDCF-Shield,v3a,FALCON1024+HMAC-SHA512+AES256GCM+DKG4of7,STOLEN_KEY,150,55.97,26,CYCLE,52,480,1,20,1999,0.1924,-0.081396,0.322256,0.96,0.193626,0.05,100,0,0.01483,0,1,3,0,0,76,1448,0.006317,1,0.4808,2,3,0,0,V3,1,1,-100,1,106.625,0,0,0,0,2,200
EDCF-Shield,v3a,FALCON1024+HMAC-SHA512+AES256GCM+DKG4of7,STOLEN_KEY,150,55.97,26,CUMULATIVE,52,12502,321,498,42329,0.230422,-0.108159,0.368622,0.961692,0.22801,0.75,100,0,0.01483,0,1,3,0,0,76,1448,0.006317,1,0.4808,2,3,0,0,V3,1,1,-100,1,106.625,0,0,0,0,1,200
EDCF-Shield,v3a,FALCON1024+HMAC-SHA512+AES256GCM+DKG4of7,STOLEN_KEY,150,55.97,27,CYCLE,54,480,2,20,1998,0.1928,-0.084567,0.322364,0.96,0.193705,0.1,100,0,0.014262,0,1,3,0,0,76,1448,0.001914,1,0.4815,2,3,0,0,V3,1,1,-100,1,111.625,0,0,0,0,2,200
EDCF-Shield,v3a,FALCON1024+HMAC-SHA512+AES256GCM+DKG4of7,STOLEN_KEY,150,55.97,27,CUMULATIVE,54,12982,323,518,44327,0.228805,-0.110112,0.366677,0.96163,0.226526,0.72,100,0,0.014262,0,1,3,0,0,76,1448,0.001914,1,0.4815,2,3,0,0,V3,1,1,-100,1,111.625,0,0,0,0,1,200
EDCF-Shield,v3a,FALCON1024+HMAC-SHA512+AES256GCM+DKG4of7,STOLEN_KEY,150,55.97,28,CYCLE,56,480,2,20,1998,0.1928,-0.087513,0.322364,0.96,0.193705,0.1,100,0,0.013742,0,1,3,0,0,76,1448,-0.002235,1,0.4821,2,3,0,0,V3,1,1,-100,1,116.625,0,0,0,0,2,200
EDCF-Shield,v3a,FALCON1024+HMAC-SHA512+AES256GCM+DKG4of7,STOLEN_KEY,150,55.97,28,CUMULATIVE,56,13462,325,538,46325,0.227321,-0.111935,0.364888,0.961571,0.225166,0.7,100,0,0.013742,0,1,3,0,0,76,1448,-0.002235,1,0.4821,2,3,0,0,V3,1,1,-100,1,116.625,0,0,0,0,1,200
EDCF-Shield,v3a,FALCON1024+HMAC-SHA512+AES256GCM+DKG4of7,STOLEN_KEY,150,55.97,29,CYCLE,58,480,1,20,1999,0.1924,-0.090465,0.322256,0.96,0.193626,0.05,100,0,0.013225,0,1,3,0,0,76,1448,-0.006153,1,0.4828,2,3,0,0,V3,1,1,-100,1,121.625,0,0,0,0,2,200
EDCF-Shield,v3a,FALCON1024+HMAC-SHA512+AES256GCM+DKG4of7,STOLEN_KEY,150,55.97,29,CUMULATIVE,58,13942,326,558,48324,0.225938,-0.113777,0.363234,0.961517,0.22391,0.67,100,0,0.013225,0,1,3,0,0,76,1448,-0.006153,1,0.4828,2,3,0,0,V3,1,1,-100,1,121.625,0,0,0,0,1,200
EDCF-Shield,v3a,FALCON1024+HMAC-SHA512+AES256GCM+DKG4of7,STOLEN_KEY,150,55.97,30,CYCLE,60,480,2,20,1998,0.1928,-0.093017,0.322364,0.96,0.193705,0.1,100,0,0.012786,0,1,3,0,0,76,1448,-0.009864,1,0.4833,2,3,0,0,V3,1,1,-100,1,126.625,0,0,0,0,2,200
EDCF-Shield,v3a,FALCON1024+HMAC-SHA512+AES256GCM+DKG4of7,STOLEN_KEY,150,55.97,30,CUMULATIVE,60,14422,328,578,50322,0.224676,-0.115372,0.361707,0.961467,0.222754,0.65,100,0,0.012786,0,1,3,0,0,76,1448,-0.009864,1,0.4833,2,3,0,0,V3,1,1,-100,1,126.625,0,0,0,0,1,200
EDCF-Shield,v3a,FALCON1024+HMAC-SHA512+AES256GCM+DKG4of7,STOLEN_KEY,150,55.97,31,CYCLE,62,480,2,20,1998,0.1928,-0.095404,0.322364,0.96,0.193705,0.1,100,0,0.01238,0,1,3,0,0,76,1448,-0.013381,1,0.4839,2,3,0,0,V3,1,1,-100,1,131.625,0,0,0,0,2,200
EDCF-Shield,v3a,FALCON1024+HMAC-SHA512+AES256GCM+DKG4of7,STOLEN_KEY,150,55.97,31,CUMULATIVE,62,14902,330,598,52320,0.223507,-0.116872,0.360291,0.961419,0.221683,0.63,100,0,0.01238,0,1,3,0,0,76,1448,-0.013381,1,0.4839,2,3,0,0,V3,1,1,-100,1,131.625,0,0,0,0,1,200
EDCF-Shield,v3a,FALCON1024+HMAC-SHA512+AES256GCM+DKG4of7,STOLEN_KEY,150,55.97,32,CYCLE,64,480,1,20,1999,0.1924,-0.097833,0.322256,0.96,0.193626,0.05,100,0,0.011968,0,1,3,0,0,76,1448,-0.01672,1,0.4844,2,3,0,0,V3,1,1,-100,1,136.625,0,0,0,0,2,200
EDCF-Shield,v3a,FALCON1024+HMAC-SHA512+AES256GCM+DKG4of7,STOLEN_KEY,150,55.97,32,CUMULATIVE,64,15382,331,618,54319,0.222406,-0.118412,0.358969,0.961375,0.220685,0.61,100,0,0.011968,0,1,3,0,0,76,1448,-0.01672,1,0.4844,2,3,0,0,V3,1,1,-100,1,136.625,0,0,0,0,1,200
EDCF-Shield,v3a,FALCON1024+HMAC-SHA512+AES256GCM+DKG4of7,STOLEN_KEY,150,55.97,33,CYCLE,66,480,2,20,1998,0.1928,-0.09993,0.322364,0.96,0.193705,0.1,100,0,0.01162,0,1,3,0,0,76,1448,-0.019898,1,0.4848,2,3,0,0,V3,1,1,-100,1,141.625,0,0,0,0,2,200
EDCF-Shield,v3a,FALCON1024+HMAC-SHA512+AES256GCM+DKG4of7,STOLEN_KEY,150,55.97,33,CUMULATIVE,66,15862,333,638,56317,0.221394,-0.119742,0.35774,0.961333,0.219759,0.59,100,0,0.01162,0,1,3,0,0,76,1448,-0.019898,1,0.4848,2,3,0,0,V3,1,1,-100,1,141.625,0,0,0,0,1,200
EDCF-Shield,v3a,FALCON1024+HMAC-SHA512+AES256GCM+DKG4of7,STOLEN_KEY,150,55.97,34,CYCLE,68,480,2,20,1998,0.1928,-0.101904,0.322364,0.96,0.193705,0.1,100,0,0.011295,0,1,3,0,0,76,1448,-0.022923,1,0.4853,2,3,0,0,V3,1,1,-100,1,146.625,0,0,0,0,2,200
EDCF-Shield,v3a,FALCON1024+HMAC-SHA512+AES256GCM+DKG4of7,STOLEN_KEY,150,55.97,34,CUMULATIVE,68,16342,335,658,58315,0.220449,-0.121,0.35659,0.961294,0.218894,0.57,100,0,0.011295,0,1,3,0,0,76,1448,-0.022923,1,0.4853,2,3,0,0,V3,1,1,-100,1,146.625,0,0,0,0,1,200
EDCF-Shield,v3a,FALCON1024+HMAC-SHA512+AES256GCM+DKG4of7,STOLEN_KEY,150,55.97,35,CYCLE,70,480,1,20,1999,0.1924,-0.103938,0.322256,0.96,0.193626,0.05,100,0,0.010959,0,1,3,0,0,76,1448,-0.025808,1,0.4857,2,3,0,0,V3,1,1,-100,1,151.625,0,0,0,0,2,200
EDCF-Shield,v3a,FALCON1024+HMAC-SHA512+AES256GCM+DKG4of7,STOLEN_KEY,150,55.97,35,CUMULATIVE,70,16822,336,678,60314,0.219552,-0.12231,0.35551,0.961257,0.218082,0.55,100,0,0.010959,0,1,3,0,0,76,1448,-0.025808,1,0.4857,2,3,0,0,V3,1,1,-100,1,151.625,0,0,0,0,1,200
EDCF-Shield,v3a,FALCON1024+HMAC-SHA512+AES256GCM+DKG4of7,STOLEN_KEY,150,55.97,36,CYCLE,72,480,2,20,1998,0.1928,-0.105691,0.322364,0.96,0.193705,0.1,100,0,0.010675,0,1,3,0,0,76,1448,-0.028565,1,0.4861,2,3,0,0,V3,1,1,-100,1,156.625,0,0,0,0,2,200
EDCF-Shield,v3a,FALCON1024+HMAC-SHA512+AES256GCM+DKG4of7,STOLEN_KEY,150,55.97,36,CUMULATIVE,72,17302,338,698,62312,0.218723,-0.123437,0.354498,0.961222,0.217324,0.54,100,0,0.010675,0,1,3,0,0,76,1448,-0.028565,1,0.4861,2,3,0,0,V3,1,1,-100,1,156.625,0,0,0,0,1,200
EDCF-Shield,v3a,FALCON1024+HMAC-SHA512+AES256GCM+DKG4of7,STOLEN_KEY,150,55.97,37,CYCLE,74,480,2,20,1998,0.1928,-0.107349,0.322364,0.96,0.193705,0.1,100,0,0.010409,0,1,3,0,0,76,1448,-0.0312,1,0.4865,2,3,0,0,V3,1,1,-100,1,161.625,0,0,0,0,2,200
EDCF-Shield,v3a,FALCON1024+HMAC-SHA512+AES256GCM+DKG4of7,STOLEN_KEY,150,55.97,37,CUMULATIVE,74,17782,340,718,64310,0.217943,-0.124506,0.353547,0.961189,0.216611,0.53,100,0,0.010409,0,1,3,0,0,76,1448,-0.0312,1,0.4865,2,3,0,0,V3,1,1,-100,1,161.625,0,0,0,0,1,200
EDCF-Shield,v3a,FALCON1024+HMAC-SHA512+AES256GCM+DKG4of7,STOLEN_KEY,150,55.97,38,CYCLE,76,480,1,20,1999,0.1924,-0.10908,0.322256,0.96,0.193626,0.05,100,0,0.010129,0,1,3,0,0,76,1448,-0.033722,1,0.4868,2,3,0,0,V3,1,1,-100,1,166.625,0,0,0,0,2,200
EDCF-Shield,v3a,FALCON1024+HMAC-SHA512+AES256GCM+DKG4of7,STOLEN_KEY,150,55.97,38,CUMULATIVE,76,18262,341,738,66309,0.217198,-0.125637,0.352647,0.961158,0.215937,0.51,100,0,0.010129,0,1,3,0,0,76,1448,-0.033722,1,0.4868,2,3,0,0,V3,1,1,-100,1,166.625,0,0,0,0,1,200
EDCF-Shield,v3a,FALCON1024+HMAC-SHA512+AES256GCM+DKG4of7,STOLEN_KEY,150,55.97,39,CYCLE,78,480,2,20,1998,0.1928,-0.110566,0.322364,0.96,0.193705,0.1,100,0,0.009894,0,1,3,0,0,76,1448,-0.036141,1,0.4872,2,3,0,0,V3,1,1,-100,1,171.625,0,0,0,0,2,200
EDCF-Shield,v3a,FALCON1024+HMAC-SHA512+AES256GCM+DKG4of7,STOLEN_KEY,150,55.97,39,CUMULATIVE,78,18742,343,758,68307,0.216506,-0.126604,0.351801,0.961128,0.215304,0.5,100,0,0.009894,0,1,3,0,0,76,1448,-0.036141,1,0.4872,2,3,0,0,V3,1,1,-100,1,171.625,0,0,0,0,1,200
EDCF-Shield,v3a,FALCON1024+HMAC-SHA512+AES256GCM+DKG4of7,STOLEN_KEY,150,55.97,40,CYCLE,80,480,2,20,1998,0.1928,-0.111978,0.322364,0.96,0.193705,0.1,100,0,0.009672,0,1,3,0,0,76,1448,-0.038461,1,0.4875,2,3,0,0,V3,1,1,-100,1,176.625,0,0,0,0,2,200
EDCF-Shield,v3a,FALCON1024+HMAC-SHA512+AES256GCM+DKG4of7,STOLEN_KEY,150,55.97,40,CUMULATIVE,80,19222,345,778,70305,0.215852,-0.127526,0.351,0.9611,0.214706,0.49,100,0,0.009672,0,1,3,0,0,76,1448,-0.038461,1,0.4875,2,3,0,0,V3,1,1,-100,1,176.625,0,0,0,0,1,200
EDCF-Shield,v3a,FALCON1024+HMAC-SHA512+AES256GCM+DKG4of7,STOLEN_KEY,150,55.97,41,CYCLE,82,480,1,20,1999,0.1924,-0.113469,0.322256,0.96,0.193626,0.05,100,0,0.009435,0,1,3,0,0,76,1448,-0.040687,1,0.4878,2,3,0,0,V3,1,1,-100,1,181.625,0,0,0,0,2,200
EDCF-Shield,v3a,FALCON1024+HMAC-SHA512+AES256GCM+DKG4of7,STOLEN_KEY,150,55.97,41,CUMULATIVE,82,19702,346,798,72304,0.215223,-0.128513,0.350239,0.961073,0.214138,0.48,100,0,0.009435,0,1,3,0,0,76,1448,-0.040687,1,0.4878,2,3,0,0,V3,1,1,-100,1,181.625,0,0,0,0,1,200
EDCF-Shield,v3a,FALCON1024+HMAC-SHA512+AES256GCM+DKG4of7,STOLEN_KEY,150,55.97,42,CYCLE,84,480,2,20,1998,0.1928,-0.114744,0.322364,0.96,0.193705,0.1,100,0,0.009237,0,1,3,0,0,76,1448,-0.042829,1,0.4881,2,3,0,0,V3,1,1,-100,1,186.625,0,0,0,0,2,200
EDCF-Shield,v3a,FALCON1024+HMAC-SHA512+AES256GCM+DKG4of7,STOLEN_KEY,150,55.97,42,CUMULATIVE,84,20182,348,818,74302,0.214637,-0.129352,0.34952,0.961048,0.213602,0.47,100,0,0.009237,0,1,3,0,0,76,1448,-0.042829,1,0.4881,2,3,0,0,V3,1,1,-100,1,186.625,0,0,0,0,1,200
EDCF-Shield,v3a,FALCON1024+HMAC-SHA512+AES256GCM+DKG4of7,STOLEN_KEY,150,55.97,43,CYCLE,86,480,2,20,1998,0.1928,-0.11596,0.322364,0.96,0.193705,0.1,100,0,0.00905,0,1,3,0,0,76,1448,-0.044889,1,0.4884,2,3,0,0,V3,1,1,-100,1,191.625,0,0,0,0,2,200
EDCF-Shield,v3a,FALCON1024+HMAC-SHA512+AES256GCM+DKG4of7,STOLEN_KEY,150,55.97,43,CUMULATIVE,86,20662,350,838,76300,0.21408,-0.130154,0.348838,0.961023,0.213094,0.46,100,0,0.00905,0,1,3,0,0,76,1448,-0.044889,1,0.4884,2,3,0,0,V3,1,1,-100,1,191.625,0,0,0,0,1,200
EDCF-Shield,v3a,FALCON1024+HMAC-SHA512+AES256GCM+DKG4of7,STOLEN_KEY,150,55.97,44,CYCLE,88,480,1,20,1999,0.1924,-0.117259,0.322256,0.96,0.193626,0.05,100,0,0.008847,0,1,3,0,0,76,1448,-0.046872,1,0.4886,2,3,0,0,V3,1,1,-100,1,196.625,0,0,0,0,2,200
EDCF-Shield,v3a,FALCON1024+HMAC-SHA512+AES256GCM+DKG4of7,STOLEN_KEY,150,55.97,44,CUMULATIVE,88,21142,351,858,78299,0.213542,-0.131024,0.348186,0.961,0.212608,0.45,100,0,0.008847,0,1,3,0,0,76,1448,-0.046872,1,0.4886,2,3,0,0,V3,1,1,-100,1,196.625,0,0,0,0,1,200
EDCF-Shield,v3a,FALCON1024+HMAC-SHA512+AES256GCM+DKG4of7,STOLEN_KEY,150,55.97,45,CYCLE,90,480,2,20,1998,0.1928,-0.118365,0.322364,0.96,0.193705,0.1,100,0,0.008678,0,1,3,0,0,76,1448,-0.048785,1,0.4889,2,3,0,0,V3,1,1,-100,1,201.625,0,0,0,0,2,200
EDCF-Shield,v3a,FALCON1024+HMAC-SHA512+AES256GCM+DKG4of7,STOLEN_KEY,150,55.97,45,CUMULATIVE,90,21622,353,878,80297,0.213039,-0.131759,0.347567,0.960978,0.212149,0.44,100,0,0.008678,0,1,3,0,0,76,1448,-0.048785,1,0.4889,2,3,0,0,V3,1,1,-100,1,201.625,0,0,0,0,1,200
EDCF-Shield,v3a,FALCON1024+HMAC-SHA512+AES256GCM+DKG4of7,STOLEN_KEY,150,55.97,46,CYCLE,92,480,2,20,1998,0.1928,-0.119423,0.322364,0.96,0.193705,0.1,100,0,0.008517,0,1,3,0,0,76,1448,-0.050629,1,0.4891,2,3,0,0,V3,1,1,-100,1,206.625,0,0,0,0,2,200
EDCF-Shield,v3a,FALCON1024+HMAC-SHA512+AES256GCM+DKG4of7,STOLEN_KEY,150,55.97,46,CUMULATIVE,92,22102,355,898,82295,0.21256,-0.132464,0.346978,0.960957,0.211711,0.43,100,0,0.008517,0,1,3,0,0,76,1448,-0.050629,1,0.4891,2,3,0,0,V3,1,1,-100,1,206.625,0,0,0,0,1,200
EDCF-Shield,v3a,FALCON1024+HMAC-SHA512+AES256GCM+DKG4of7,STOLEN_KEY,150,55.97,47,CYCLE,94,480,1,20,1999,0.1924,-0.120566,0.322256,0.96,0.193626,0.05,100,0,0.008341,0,1,3,0,0,76,1448,-0.052408,1,0.4894,2,3,0,0,V3,1,1,-100,1,211.625,0,0,0,0,2,200
EDCF-Shield,v3a,FALCON1024+HMAC-SHA512+AES256GCM+DKG4of7,STOLEN_KEY,150,55.97,47,CUMULATIVE,94,22582,356,918,84294,0.212094,-0.133238,0.346413,0.960936,0.211292,0.42,100,0,0.008341,0,1,3,0,0,76,1448,-0.052408,1,0.4894,2,3,0,0,V3,1,1,-100,1,211.625,0,0,0,0,1,200
EDCF-Shield,v3a,FALCON1024+HMAC-SHA512+AES256GCM+DKG4of7,STOLEN_KEY,150,55.97,48,CYCLE,96,480,2,20,1998,0.1928,-0.121534,0.322364,0.96,0.193705,0.1,100,0,0.008195,0,1,3,0,0,76,1448,-0.054127,1,0.4896,2,3,0,0,V3,1,1,-100,1,216.625,0,0,0,0,2,200
EDCF-Shield,v3a,FALCON1024+HMAC-SHA512+AES256GCM+DKG4of7,STOLEN_KEY,150,55.97,48,CUMULATIVE,96,23062,358,938,86292,0.211658,-0.133887,0.345876,0.960917,0.210893,0.41,100,0,0.008195,0,1,3,0,0,76,1448,-0.054127,1,0.4896,2,3,0,0,V3,1,1,-100,1,216.625,0,0,0,0,1,200
EDCF-Shield,v3a,FALCON1024+HMAC-SHA512+AES256GCM+DKG4of7,STOLEN_KEY,150,55.97,49,CYCLE,98,480,2,20,1998,0.1928,-0.122462,0.322364,0.96,0.193705,0.1,100,0,0.008056,0,1,3,0,0,76,1448,-0.055789,1,0.4898,2,3,0,0,V3,1,1,-100,1,221.625,0,0,0,0,2,200
EDCF-Shield,v3a,FALCON1024+HMAC-SHA512+AES256GCM+DKG4of7,STOLEN_KEY,150,55.97,49,CUMULATIVE,98,23542,360,958,88290,0.211242,-0.134512,0.345363,0.960898,0.210512,0.41,100,0,0.008056,0,1,3,0,0,76,1448,-0.055789,1,0.4898,2,3,0,0,V3,1,1,-100,1,221.625,0,0,0,0,1,200
EDCF-Shield,v3a,FALCON1024+HMAC-SHA512+AES256GCM+DKG4of7,STOLEN_KEY,150,55.97,50,CYCLE,100,480,1,20,1999,0.1924,-0.123476,0.322256,0.96,0.193626,0.05,100,0,0.007902,0,1,3,0,0,76,1448,-0.057396,1,0.49,2,3,0,0,V3,1,1,-100,1,226.625,0,0,0,0,2,200
EDCF-Shield,v3a,FALCON1024+HMAC-SHA512+AES256GCM+DKG4of7,STOLEN_KEY,150,55.97,50,CUMULATIVE,100,24022,361,978,90289,0.210834,-0.135205,0.344869,0.96088,0.210146,0.4,100,0,0.007902,0,1,3,0,0,76,1448,-0.057396,1,0.49,2,3,0,0,V3,1,1,-100,1,226.625,0,0,0,0,1,200
EDCF-Shield,v3a,FALCON1024+HMAC-SHA512+AES256GCM+DKG4of7,STOLEN_KEY,150,55.97,51,CYCLE,102,480,2,20,1998,0.1928,-0.12433,0.322364,0.96,0.193705,0.1,100,0,0.007775,0,1,3,0,0,76,1448,-0.058952,1,0.4902,2,3,0,0,V3,1,1,-100,1,231.625,0,0,0,0,2,200
EDCF-Shield,v3a,FALCON1024+HMAC-SHA512+AES256GCM+DKG4of7,STOLEN_KEY,150,55.97,51,CUMULATIVE,102,24502,363,998,92287,0.210453,-0.135782,0.344398,0.960863,0.209797,0.39,100,0,0.007775,0,1,3,0,0,76,1448,-0.058952,1,0.4902,2,3,0,0,V3,1,1,-100,1,231.625,0,0,0,0,1,200
EDCF-Shield,v3a,FALCON1024+HMAC-SHA512+AES256GCM+DKG4of7,STOLEN_KEY,150,55.97,52,CYCLE,104,480,2,20,1998,0.1928,-0.125151,0.322364,0.96,0.193705,0.1,100,0,0.007654,0,1,3,0,0,76,1448,-0.060458,1,0.4904,2,3,0,0,V3,1,1,-100,1,236.625,0,0,0,0,2,200
EDCF-Shield,v3a,FALCON1024+HMAC-SHA512+AES256GCM+DKG4of7,STOLEN_KEY,150,55.97,52,CUMULATIVE,104,24982,365,1018,94285,0.210087,-0.136339,0.343946,0.960846,0.209463,0.39,100,0,0.007654,0,1,3,0,0,76,1448,-0.060458,1,0.4904,2,3,0,0,V3,1,1,-100,1,236.625,0,0,0,0,1,200
EDCF-Shield,v3a,FALCON1024+HMAC-SHA512+AES256GCM+DKG4of7,STOLEN_KEY,150,55.97,53,CYCLE,106,480,1,20,1999,0.1924,-0.126056,0.322256,0.96,0.193626,0.05,100,0,0.007517,0,1,3,0,0,76,1448,-0.061918,1,0.4906,2,3,0,0,V3,1,1,-100,1,241.625,0,0,0,0,2,200
EDCF-Shield,v3a,FALCON1024+HMAC-SHA512+AES256GCM+DKG4of7,STOLEN_KEY,150,55.97,53,CUMULATIVE,106,25462,366,1038,96284,0.209728,-0.136964,0.34351,0.96083,0.20914,0.38,100,0,0.007517,0,1,3,0,0,76,1448,-0.061918,1,0.4906,2,3,0,0,V3,1,1,-100,1,241.625,0,0,0,0,1,200
EDCF-Shield,v3a,FALCON1024+HMAC-SHA512+AES256GCM+DKG4of7,STOLEN_KEY,150,55.97,54,CYCLE,108,480,2,20,1998,0.1928,-0.126815,0.322364,0.96,0.193705,0.1,100,0,0.007405,0,1,3,0,0,76,1448,-0.063334,1,0.4907,2,3,0,0,V3,1,1,-100,1,246.625,0,0,0,0,2,200
EDCF-Shield,v3a,FALCON1024+HMAC-SHA512+AES256GCM+DKG4of7,STOLEN_KEY,150,55.97,54,CUMULATIVE,108,25942,368,1058,98282,0.209391,-0.137481,0.343094,0.960815,0.208832,0.37,100,0,0.007405,0,1,3,0,0,76,1448,-0.063334,1,0.4907,2,3,0,0,V3,1,1,-100,1,246.625,0,0,0,0,1,200
EDCF-Shield,v3a,FALCON1024+HMAC-SHA512+AES256GCM+DKG4of7,STOLEN_KEY,150,55.97,55,CYCLE,110,480,2,20,1998,0.1928,-0.127546,0.322364,0.96,0.193705,0.1,100,0,0.007299,0,1,3,0,0,76,1448,-0.064707,1,0.4909,2,3,0,0,V3,1,1,-100,1,251.625,0,0,0,0,2,200
EDCF-Shield,v3a,FALCON1024+HMAC-SHA512+AES256GCM+DKG4of7,STOLEN_KEY,150,55.97,55,CUMULATIVE,110,26422,370,1078,100280,0.209067,-0.137981,0.342693,0.9608,0.208537,0.37,100,0,0.007299,0,1,3,0,0,76,1448,-0.064707,1,0.4909,2,3,0,0,V3,1,1,-100,1,251.625,0,0,0,0,1,200
EDCF-Shield,v3a,FALCON1024+HMAC-SHA512+AES256GCM+DKG4of7,STOLEN_KEY,150,55.97,56,CYCLE,112,480,1,20,1999,0.1924,-0.12836,0.322256,0.96,0.193626,0.05,100,0,0.007177,0,1,3,0,0,76,1448,-0.066039,1,0.4911,2,3,0,0,V3,1,1,-100,1,256.625,0,0,0,0,2,200
EDCF-Shield,v3a,FALCON1024+HMAC-SHA512+AES256GCM+DKG4of7,STOLEN_KEY,150,55.97,56,CUMULATIVE,112,26902,371,1098,102279,0.208749,-0.138548,0.342306,0.960786,0.20825,0.36,100,0,0.007177,0,1,3,0,0,76,1448,-0.066039,1,0.4911,2,3,0,0,V3,1,1,-100,1,256.625,0,0,0,0,1,200
EDCF-Shield,v3a,FALCON1024+HMAC-SHA512+AES256GCM+DKG4of7,STOLEN_KEY,150,55.97,57,CYCLE,114,480,2,20,1998,0.1928,-0.129038,0.322364,0.96,0.193705,0.1,100,0,0.007078,0,1,3,0,0,76,1448,-0.067334,1,0.4912,2,3,0,0,V3,1,1,-100,1,261.625,0,0,0,0,2,200
EDCF-Shield,v3a,FALCON1024+HMAC-SHA512+AES256GCM+DKG4of7,STOLEN_KEY,150,55.97,57,CUMULATIVE,114,27382,373,1118,104277,0.208449,-0.139013,0.341935,0.960772,0.207977,0.36,100,0,0.007078,0,1,3,0,0,76,1448,-0.067334,1,0.4912,2,3,0,0,V3,1,1,-100,1,261.625,0,0,0,0,1,200
EDCF-Shield,v3a,FALCON1024+HMAC-SHA512+AES256GCM+DKG4of7,STOLEN_KEY,150,55.97,58,CYCLE,116,480,2,20,1998,0.1928,-0.129693,0.322364,0.96,0.193705,0.1,100,0,0.006983,0,1,3,0,0,76,1448,-0.068591,1,0.4914,2,3,0,0,V3,1,1,-100,1,266.625,0,0,0,0,2,200
EDCF-Shield,v3a,FALCON1024+HMAC-SHA512+AES256GCM+DKG4of7,STOLEN_KEY,150,55.97,58,CUMULATIVE,116,27862,375,1138,106275,0.208161,-0.139463,0.341578,0.960759,0.207713,0.35,100,0,0.006983,0,1,3,0,0,76,1448,-0.068591,1,0.4914,2,3,0,0,V3,1,1,-100,1,266.625,0,0,0,0,1,200
EDCF-Shield,v3a,FALCON1024+HMAC-SHA512+AES256GCM+DKG4of7,STOLEN_KEY,150,55.97,59,CYCLE,118,480,1,20,1999,0.1924,-0.13043,0.322256,0.96,0.193626,0.05,100,0,0.006874,0,1,3,0,0,76,1448,-0.069813,1,0.4915,2,3,0,0,V3,1,1,-100,1,271.625,0,0,0,0,2,200
EDCF-Shield,v3a,FALCON1024+HMAC-SHA512+AES256GCM+DKG4of7,STOLEN_KEY,150,55.97,59,CUMULATIVE,118,28342,376,1158,108274,0.207875,-0.139981,0.341231,0.960746,0.207457,0.35,100,0,0.006874,0,1,3,0,0,76,1448,-0.069813,1,0.4915,2,3,0,0,V3,1,1,-100,1,271.625,0,0,0,0,1,200
EDCF-Shield,v3a,FALCON1024+HMAC-SHA512+AES256GCM+DKG4of7,STOLEN_KEY,150,55.97,60,CYCLE,120,480,2,20,1998,0.1928,-0.13104,0.322364,0.96,0.193705,0.1,100,0,0.006786,0,1,3,0,0,76,1448,-0.071002,1,0.4917,2,3,0,0,V3,1,1,-100,1,276.625,0,0,0,0,2,200
EDCF-Shield,v3a,FALCON1024+HMAC-SHA512+AES256GCM+DKG4of7,STOLEN_KEY,150,55.97,60,CUMULATIVE,120,28822,378,1178,110272,0.207608,-0.140402,0.340899,0.960733,0.207212,0.34,100,0,0.006786,0,1,3,0,0,76,1448,-0.071002,1,0.4917,2,3,0,0,V3,1,1,-100,1,276.625,0,0,0,0,1,200
EDCF-Shield,v3a,FALCON1024+HMAC-SHA512+AES256GCM+DKG4of7,STOLEN_KEY,150,55.97,61,CYCLE,122,480,2,20,1998,0.1928,-0.13163,0.322364,0.96,0.193705,0.1,100,0,0.006701,0,1,3,0,0,76,1448,-0.072159,1,0.4918,2,3,0,0,V3,1,1,-100,1,281.625,0,0,0,0,2,200
EDCF-Shield,v3a,FALCON1024+HMAC-SHA512+AES256GCM+DKG4of7,STOLEN_KEY,150,55.97,61,CUMULATIVE,122,29302,380,1198,112270,0.207349,-0.14081,0.340578,0.960721,0.206976,0.34,100,0,0.006701,0,1,3,0,0,76,1448,-0.072159,1,0.4918,2,3,0,0,V3,1,1,-100,1,281.625,0,0,0,0,1,200
EDCF-Shield,v3a,FALCON1024+HMAC-SHA512+AES256GCM+DKG4of7,STOLEN_KEY,150,55.97,62,CYCLE,124,480,1,20,1999,0.1924,-0.132299,0.322256,0.96,0.193626,0.05,100,0,0.006602,0,1,3,0,0,76,1448,-0.073285,1,0.4919,2,3,0,0,V3,1,1,-100,1,286.625,0,0,0,0,2,200
EDCF-Shield,v3a,FALCON1024+HMAC-SHA512+AES256GCM+DKG4of7,STOLEN_KEY,150,55.97,62,CUMULATIVE,124,29782,381,1218,114269,0.207092,-0.141284,0.340267,0.96071,0.206746,0.33,100,0,0.006602,0,1,3,0,0,76,1448,-0.073285,1,0.4919,2,3,0,0,V3,1,1,-100,1,286.625,0,0,0,0,1,200
EDCF-Shield,v3a,FALCON1024+HMAC-SHA512+AES256GCM+DKG4of7,STOLEN_KEY,150,55.97,63,CYCLE,126,480,2,20,1998,0.1928,-0.13285,0.322364,0.96,0.193705,0.1,100,0,0.006524,0,1,3,0,0,76,1448,-0.074381,1,0.4921,2,3,0,0,V3,1,1,-100,1,291.625,0,0,0,0,2,200
EDCF-Shield,v3a,FALCON1024+HMAC-SHA512+AES256GCM+DKG4of7,STOLEN_KEY,150,55.97,63,CUMULATIVE,126,30262,383,1238,116267,0.206851,-0.141666,0.339967,0.960698,0.206526,0.33,100,0,0.006524,0,1,3,0,0,76,1448,-0.074381,1,0.4921,2,3,0,0,V3,1,1,-100,1,291.625,0,0,0,0,1,200
EDCF-Shield,v3a,FALCON1024+HMAC-SHA512+AES256GCM+DKG4of7,STOLEN_KEY,150,55.97,64,CYCLE,128,480,2,20,1998,0.1928,-0.133384,0.322364,0.96,0.193705,0.1,100,0,0.006448,0,1,3,0,0,76,1448,-0.075449,1,0.4922,2,3,0,0,V3,1,1,-100,1,296.625,0,0,0,0,2,200
EDCF-Shield,v3a,FALCON1024+HMAC-SHA512+AES256GCM+DKG4of7,STOLEN_KEY,150,55.97,64,CUMULATIVE,128,30742,385,1258,118265,0.206618,-0.142038,0.339677,0.960688,0.206312,0.32,100,0,0.006448,0,1,3,0,0,76,1448,-0.075449,1,0.4922,2,3,0,0,V3,1,1,-100,1,296.625,0,0,0,0,1,200
EDCF-Shield,v3a,FALCON1024+HMAC-SHA512+AES256GCM+DKG4of7,STOLEN_KEY,150,55.97,65,CYCLE,130,480,1,20,1999,0.1924,-0.133996,0.322256,0.96,0.193626,0.05,100,0,0.006358,0,1,3,0,0,76,1448,-0.07649,1,0.4923,2,3,0,0,V3,1,1,-100,1,301.625,0,0,0,0,2,200
EDCF-Shield,v3a,FALCON1024+HMAC-SHA512+AES256GCM+DKG4of7,STOLEN_KEY,150,55.97,65,CUMULATIVE,130,31222,386,1278,120264,0.206386,-0.142474,0.339395,0.960677,0.206105,0.32,100,0,0.006358,0,1,3,0,0,76,1448,-0.07649,1,0.4923,2,3,0,0,V3,1,1,-100,1,301.625,0,0,0,0,1,200
EDCF-Shield,v3a,FALCON1024+HMAC-SHA512+AES256GCM+DKG4of7,STOLEN_KEY,150,55.97,66,CYCLE,132,480,2,20,1998,0.1928,-0.134496,0.322364,0.96,0.193705,0.1,100,0,0.006287,0,1,3,0,0,76,1448,-0.077505,1,0.4924,2,3,0,0,V3,1,1,-100,1,306.625,0,0,0,0,2,200
EDCF-Shield,v3a,FALCON1024+HMAC-SHA512+AES256GCM+DKG4of7,STOLEN_KEY,150,55.97,66,CUMULATIVE,132,31702,388,1298,122262,0.206168,-0.142823,0.339124,0.960667,0.205905,0.32,100,0,0.006287,0,1,3,0,0,76,1448,-0.077505,1,0.4924,2,3,0,0,V3,1,1,-100,1,306.625,0,0,0,0,1,200
EDCF-Shield,v3a,FALCON1024+HMAC-SHA512+AES256GCM+DKG4of7,STOLEN_KEY,150,55.97,67,CYCLE,134,480,2,20,1998,0.1928,-0.134982,0.322364,0.96,0.193705,0.1,100,0,0.006219,0,1,3,0,0,76,1448,-0.078495,1,0.4925,2,3,0,0,V3,1,1,-100,1,311.625,0,0,0,0,2,200
EDCF-Shield,v3a,FALCON1024+HMAC-SHA512+AES256GCM+DKG4of7,STOLEN_KEY,150,55.97,67,CUMULATIVE,134,32182,390,1318,124260,0.205956,-0.143163,0.338861,0.960657,0.205712,0.31,100,0,0.006219,0,1,3,0,0,76,1448,-0.078495,1,0.4925,2,3,0,0,V3,1,1,-100,1,311.625,0,0,0,0,1,200
EDCF-Shield,v3a,FALCON1024+HMAC-SHA512+AES256GCM+DKG4of7,STOLEN_KEY,150,55.97,68,CYCLE,136,480,1,20,1999,0.1924,-0.135543,0.322256,0.96,0.193626,0.05,100,0,0.006137,0,1,3,0,0,76,1448,-0.07946,1,0.4926,2,3,0,0,V3,1,1,-100,1,316.625,0,0,0,0,2,200
EDCF-Shield,v3a,FALCON1024+HMAC-SHA512+AES256GCM+DKG4of7,STOLEN_KEY,150,55.97,68,CUMULATIVE,136,32662,391,1338,126259,0.205745,-0.143565,0.338605,0.960647,0.205523,0.31,100,0,0.006137,0,1,3,0,0,76,1448,-0.07946,1,0.4926,2,3,0,0,V3,1,1,-100,1,316.625,0,0,0,0,1,200
EDCF-Shield,v3a,FALCON1024+HMAC-SHA512+AES256GCM+DKG4of7,STOLEN_KEY,150,55.97,69,CYCLE,138,480,2,20,1998,0.1928,-0.135999,0.322364,0.96,0.193705,0.1,100,0,0.006072,0,1,3,0,0,76,1448,-0.080403,1,0.4928,2,3,0,0,V3,1,1,-100,1,321.625,0,0,0,0,2,200
EDCF-Shield,v3a,FALCON1024+HMAC-SHA512+AES256GCM+DKG4of7,STOLEN_KEY,150,55.97,69,CUMULATIVE,138,33142,393,1358,128257,0.205547,-0.143886,0.338358,0.960638,0.205342,0.31,100,0,0.006072,0,1,3,0,0,76,1448,-0.080403,1,0.4928,2,3,0,0,V3,1,1,-100,1,321.625,0,0,0,0,1,200
EDCF-Shield,v3a,FALCON1024+HMAC-SHA512+AES256GCM+DKG4of7,STOLEN_KEY,150,55.97,70,CYCLE,140,480,2,20,1998,0.1928,-0.136442,0.322364,0.96,0.193705,0.1,100,0,0.00601,0,1,3,0,0,76,1448,-0.081323,1,0.4929,2,3,0,0,V3,1,1,-100,1,326.625,0,0,0,0,2,200
EDCF-Shield,v3a,FALCON1024+HMAC-SHA512+AES256GCM+DKG4of7,STOLEN_KEY,150,55.97,70,CUMULATIVE,140,33622,395,1378,130255,0.205355,-0.144197,0.338119,0.960629,0.205166,0.3,100,0,0.00601,0,1,3,0,0,76,1448,-0.081323,1,0.4929,2,3,0,0,V3,1,1,-100,1,326.625,0,0,0,0,1,200
EDCF-Shield,v3a,FALCON1024+HMAC-SHA512+AES256GCM+DKG4of7,STOLEN_KEY,150,55.97,71,CYCLE,142,480,1,20,1999,0.1924,-0.136959,0.322256,0.96,0.193626,0.05,100,0,0.005935,0,1,3,0,0,76,1448,-0.082221,1,0.493,2,3,0,0,V3,1,1,-100,1,331.625,0,0,0,0,2,200
EDCF-Shield,v3a,FALCON1024+HMAC-SHA512+AES256GCM+DKG4of7,STOLEN_KEY,150,55.97,71,CUMULATIVE,142,34102,396,1398,132254,0.205162,-0.14457,0.337884,0.96062,0.204994,0.3,100,0,0.005935,0,1,3,0,0,76,1448,-0.082221,1,0.493,2,3,0,0,V3,1,1,-100,1,331.625,0,0,0,0,1,200
EDCF-Shield,v3a,FALCON1024+HMAC-SHA512+AES256GCM+DKG4of7,STOLEN_KEY,150,55.97,72,CYCLE,144,480,2,20,1998,0.1928,-0.137377,0.322364,0.96,0.193705,0.1,100,0,0.005877,0,1,3,0,0,76,1448,-0.083099,1,0.4931,2,3,0,0,V3,1,1,-100,1,336.625,0,0,0,0,2,200
EDCF-Shield,v3a,FALCON1024+HMAC-SHA512+AES256GCM+DKG4of7,STOLEN_KEY,150,55.97,72,CUMULATIVE,144,34582,398,1418,134252,0.204981,-0.144865,0.337659,0.960611,0.204828,0.3,100,0,0.005877,0,1,3,0,0,76,1448,-0.083099,1,0.4931,2,3,0,0,V3,1,1,-100,1,336.625,0,0,0,0,1,200
EDCF-Shield,v3a,FALCON1024+HMAC-SHA512+AES256GCM+DKG4of7,STOLEN_KEY,150,55.97,73,CYCLE,146,480,2,20,1998,0.1928,-0.137783,0.322364,0.96,0.193705,0.1,100,0,0.00582,0,1,3,0,0,76,1448,-0.083957,1,0.4932,2,3,0,0,V3,1,1,-100,1,341.625,0,0,0,0,2,200
EDCF-Shield,v3a,FALCON1024+HMAC-SHA512+AES256GCM+DKG4of7,STOLEN_KEY,150,55.97,73,CUMULATIVE,146,35062,400,1438,136250,0.204805,-0.145151,0.33744,0.960603,0.204668,0.29,100,0,0.00582,0,1,3,0,0,76,1448,-0.083957,1,0.4932,2,3,0,0,V3,1,1,-100,1,341.625,0,0,0,0,1,200
EDCF-Shield,v3a,FALCON1024+HMAC-SHA512+AES256GCM+DKG4of7,STOLEN_KEY,150,55.97,74,CYCLE,148,480,1,20,1999,0.1924,-0.138261,0.322256,0.96,0.193626,0.05,100,0,0.005751,0,1,3,0,0,76,1448,-0.084795,1,0.4932,2,3,0,0,V3,1,1,-100,1,346.625,0,0,0,0,2,200
EDCF-Shield,v3a,FALCON1024+HMAC-SHA512+AES256GCM+DKG4of7,STOLEN_KEY,150,55.97,74,CUMULATIVE,148,35542,401,1458,138249,0.204629,-0.145498,0.337225,0.960595,0.20451,0.29,100,0,0.005751,0,1,3,0,0,76,1448,-0.084795,1,0.4932,2,3,0,0,V3,1,1,-100,1,346.625,0,0,0,0,1,200
EDCF-Shield,v3a,FALCON1024+HMAC-SHA512+AES256GCM+DKG4of7,STOLEN_KEY,150,55.97,75,CYCLE,150,480,2,20,1998,0.1928,-0.138644,0.322364,0.96,0.193705,0.1,100,0,0.005698,0,1,3,0,0,76,1448,-0.085615,1,0.4933,2,3,0,0,V3,1,1,-100,1,351.625,0,0,0,0,2,200
EDCF-Shield,v3a,FALCON1024+HMAC-SHA512+AES256GCM+DKG4of7,STOLEN_KEY,150,55.97,75,CUMULATIVE,150,36022,403,1478,140247,0.204463,-0.14577,0.337018,0.960587,0.204358,0.29,100,0,0.005698,0,1,3,0,0,76,1448,-0.085615,1,0.4933,2,3,0,0,V3,1,1,-100,1,351.625,0,0,0,0,1,200
EDCF-Shield,v3a,FALCON1024+HMAC-SHA512+AES256GCM+DKG4of7,STOLEN_KEY,150,55.97,76,CYCLE,152,480,2,20,1998,0.1928,-0.139018,0.322364,0.96,0.193705,0.1,100,0,0.005646,0,1,3,0,0,76,1448,-0.086417,1,0.4934,2,3,0,0,V3,1,1,-100,1,356.625,0,0,0,0,2,200
EDCF-Shield,v3a,FALCON1024+HMAC-SHA512+AES256GCM+DKG4of7,STOLEN_KEY,150,55.97,76,CUMULATIVE,152,36502,405,1498,142245,0.204301,-0.146035,0.336817,0.960579,0.20421,0.28,100,0,0.005646,0,1,3,0,0,76,1448,-0.086417,1,0.4934,2,3,0,0,V3,1,1,-100,1,356.625,0,0,0,0,1,200
EDCF-Shield,v3a,FALCON1024+HMAC-SHA512+AES256GCM+DKG4of7,STOLEN_KEY,150,55.97,77,CYCLE,154,480,1,20,1999,0.1924,-0.139461,0.322256,0.96,0.193626,0.05,100,0,0.005582,0,1,3,0,0,76,1448,-0.087202,1,0.4935,2,3,0,0,V3,1,1,-100,1,361.625,0,0,0,0,2,200
EDCF-Shield,v3a,FALCON1024+HMAC-SHA512+AES256GCM+DKG4of7,STOLEN_KEY,150,55.97,77,CUMULATIVE,154,36982,406,1518,144244,0.204139,-0.146358,0.336619,0.960571,0.204066,0.28,100,0,0.005582,0,1,3,0,0,76,1448,-0.087202,1,0.4935,2,3,0,0,V3,1,1,-100,1,361.625,0,0,0,0,1,200
EDCF-Shield,v3a,FALCON1024+HMAC-SHA512+AES256GCM+DKG4of7,STOLEN_KEY,150,55.97,78,CYCLE,156,480,2,20,1998,0.1928,-0.139814,0.322364,0.96,0.193705,0.1,100,0,0.005533,0,1,3,0,0,76,1448,-0.08797,1,0.4936,2,3,0,0,V3,1,1,-100,1,366.625,0,0,0,0,2,200
EDCF-Shield,v3a,FALCON1024+HMAC-SHA512+AES256GCM+DKG4of7,STOLEN_KEY,150,55.97,78,CUMULATIVE,156,37462,408,1538,146242,0.203986,-0.146609,0.336429,0.960564,0.203926,0.28,100,0,0.005533,0,1,3,0,0,76,1448,-0.08797,1,0.4936,2,3,0,0,V3,1,1,-100,1,366.625,0,0,0,0,1,200
EDCF-Shield,v3a,FALCON1024+HMAC-SHA512+AES256GCM+DKG4of7,STOLEN_KEY,150,55.97,79,CYCLE,158,480,2,20,1998,0.1928,-0.140159,0.322364,0.96,0.193705,0.1,100,0,0.005486,0,1,3,0,0,76,1448,-0.088722,1,0.4937,2,3,0,0,V3,1,1,-100,1,371.625,0,0,0,0,2,200
EDCF-Shield,v3a,FALCON1024+HMAC-SHA512+AES256GCM+DKG4of7,STOLEN_KEY,150,55.97,79,CUMULATIVE,158,37942,410,1558,148240,0.203837,-0.146854,0.336243,0.960557,0.20379,0.28,100,0,0.005486,0,1,3,0,0,76,1448,-0.088722,1,0.4937,2,3,0,0,V3,1,1,-100,1,371.625,0,0,0,0,1,200
EDCF-Shield,v3a,FALCON1024+HMAC-SHA512+AES256GCM+DKG4of7,STOLEN_KEY,150,55.97,80,CYCLE,160,480,1,20,1999,0.1924,-0.140571,0.322256,0.96,0.193626,0.05,100,0,0.005427,0,1,3,0,0,76,1448,-0.089458,1,0.4938,2,3,0,0,V3,1,1,-100,1,376.625,0,0,0,0,2,200
EDCF-Shield,v3a,FALCON1024+HMAC-SHA512+AES256GCM+DKG4of7,STOLEN_KEY,150,55.97,80,CUMULATIVE,160,38422,411,1578,150239,0.203687,-0.147157,0.336061,0.96055,0.203656,0.27,100,0,0.005427,0,1,3,0,0,76,1448,-0.089458,1,0.4938,2,3,0,0,V3,1,1,-100,1,376.625,0,0,0,0,1,200
EDCF-Shield,v3a,FALCON1024+HMAC-SHA512+AES256GCM+DKG4of7,STOLEN_KEY,150,55.97,81,CYCLE,162,480,2,20,1998,0.1928,-0.140897,0.322364,0.96,0.193705,0.1,100,0,0.005382,0,1,3,0,0,76,1448,-0.090179,1,0.4938,2,3,0,0,V3,1,1,-100,1,381.625,0,0,0,0,2,200
EDCF-Shield,v3a,FALCON1024+HMAC-SHA512+AES256GCM+DKG4of7,STOLEN_KEY,150,55.97,81,CUMULATIVE,162,38902,413,1598,152237,0.203546,-0.14739,0.335885,0.960543,0.203527,0.27,100,0,0.005382,0,1,3,0,0,76,1448,-0.090179,1,0.4938,2,3,0,0,V3,1,1,-100,1,381.625,0,0,0,0,1,200
EDCF-Shield,v3a,FALCON1024+HMAC-SHA512+AES256GCM+DKG4of7,STOLEN_KEY,150,55.97,82,CYCLE,164,480,2,20,1998,0.1928,-0.141216,0.322364,0.96,0.193705,0.1,100,0,0.005338,0,1,3,0,0,76,1448,-0.090885,1,0.4939,2,3,0,0,V3,1,1,-100,1,386.625,0,0,0,0,2,200
EDCF-Shield,v3a,FALCON1024+HMAC-SHA512+AES256GCM+DKG4of7,STOLEN_KEY,150,55.97,82,CUMULATIVE,164,39382,415,1618,154235,0.203409,-0.147617,0.335713,0.960537,0.203402,0.27,100,0,0.005338,0,1,3,0,0,76,1448,-0.090885,1,0.4939,2,3,0,0,V3,1,1,-100,1,386.625,0,0,0,0,1,200
EDCF-Shield,v3a,FALCON1024+HMAC-SHA512+AES256GCM+DKG4of7,STOLEN_KEY,150,55.97,83,CYCLE,166,480,1,20,1999,0.1924,-0.1416,0.322256,0.96,0.193626,0.05,100,0,0.005283,0,1,3,0,0,76,1448,-0.091577,1,0.494,2,3,0,0,V3,1,1,-100,1,391.625,0,0,0,0,2,200
EDCF-Shield,v3a,FALCON1024+HMAC-SHA512+AES256GCM+DKG4of7,STOLEN_KEY,150,55.97,83,CUMULATIVE,166,39862,416,1638,156234,0.20327,-0.147901,0.335544,0.96053,0.203278,0.27,100,0,0.005283,0,1,3,0,0,76,1448,-0.091577,1,0.494,2,3,0,0,V3,1,1,-100,1,391.625,0,0,0,0,1,200
EDCF-Shield,v3a,FALCON1024+HMAC-SHA512+AES256GCM+DKG4of7,STOLEN_KEY,150,55.97,84,CYCLE,168,480,2,20,1998,0.1928,-0.141903,0.322364,0.96,0.193705,0.1,100,0,0.005242,0,1,3,0,0,76,1448,-0.092256,1,0.494,2,3,0,0,V3,1,1,-100,1,396.625,0,0,0,0,2,200
EDCF-Shield,v3a,FALCON1024+HMAC-SHA512+AES256GCM+DKG4of7,STOLEN_KEY,150,55.97,84,CUMULATIVE,168,40342,418,1658,158232,0.20314,-0.148118,0.335381,0.960524,0.203159,0.26,100,0,0.005242,0,1,3,0,0,76,1448,-0.092256,1,0.494,2,3,0,0,V3,1,1,-100,1,396.625,0,0,0,0,1,200
EDCF-Shield,v3a,FALCON1024+HMAC-SHA512+AES256GCM+DKG4of7,STOLEN_KEY,150,55.97,85,CYCLE,170,480,2,20,1998,0.1928,-0.142199,0.322364,0.96,0.193705,0.1,100,0,0.005202,0,1,3,0,0,76,1448,-0.092921,1,0.4941,2,3,0,0,V3,1,1,-100,1,401.625,0,0,0,0,2,200
EDCF-Shield,v3a,FALCON1024+HMAC-SHA512+AES256GCM+DKG4of7,STOLEN_KEY,150,55.97,85,CUMULATIVE,170,40822,420,1678,160230,0.203013,-0.148329,0.335222,0.960518,0.203042,0.26,100,0,0.005202,0,1,3,0,0,76,1448,-0.092921,1,0.4941,2,3,0,0,V3,1,1,-100,1,401.625,0,0,0,0,1,200
EDCF-Shield,v3a,FALCON1024+HMAC-SHA512+AES256GCM+DKG4of7,STOLEN_KEY,150,55.97,86,CYCLE,172,480,1,20,1999,0.1924,-0.142558,0.322256,0.96,0.193626,0.05,100,0,0.00515,0,1,3,0,0,76,1448,-0.093573,1,0.4942,2,3,0,0,V3,1,1,-100,1,406.625,0,0,0,0,2,200
EDCF-Shield,v3a,FALCON1024+HMAC-SHA512+AES256GCM+DKG4of7,STOLEN_KEY,150,55.97,86,CUMULATIVE,172,41302,421,1698,162229,0.202884,-0.148596,0.335065,0.960512,0.202927,0.26,100,0,0.00515,0,1,3,0,0,76,1448,-0.093573,1,0.4942,2,3,0,0,V3,1,1,-100,1,406.625,0,0,0,0,1,200
EDCF-Shield,v3a,FALCON1024+HMAC-SHA512+AES256GCM+DKG4of7,STOLEN_KEY,150,55.97,87,CYCLE,174,480,2,20,1998,0.1928,-0.14284,0.322364,0.96,0.193705,0.1,100,0,0.005112,0,1,3,0,0,76,1448,-0.094212,1,0.4943,2,3,0,0,V3,1,1,-100,1,411.625,0,0,0,0,2,200
EDCF-Shield,v3a,FALCON1024+HMAC-SHA512+AES256GCM+DKG4of7,STOLEN_KEY,150,55.97,87,CUMULATIVE,174,41782,423,1718,164227,0.202762,-0.148798,0.334914,0.960506,0.202816,0.26,100,0,0.005112,0,1,3,0,0,76,1448,-0.094212,1,0.4943,2,3,0,0,V3,1,1,-100,1,411.625,0,0,0,0,1,200
EDCF-Shield,v3a,FALCON1024+HMAC-SHA512+AES256GCM+DKG4of7,STOLEN_KEY,150,55.97,88,CYCLE,176,480,2,20,1998,0.1928,-0.143115,0.322364,0.96,0.193705,0.1,100,0,0.005075,0,1,3,0,0,76,1448,-0.09484,1,0.4943,2,3,0,0,V3,1,1,-100,1,416.625,0,0,0,0,2,200
EDCF-Shield,v3a,FALCON1024+HMAC-SHA512+AES256GCM+DKG4of7,STOLEN_KEY,150,55.97,88,CUMULATIVE,176,42262,425,1738,166225,0.202644,-0.148995,0.334766,0.9605,0.202708,0.26,100,0,0.005075,0,1,3,0,0,76,1448,-0.09484,1,0.4943,2,3,0,0,V3,1,1,-100,1,416.625,0,0,0,0,1,200
EDCF-Shield,v3a,FALCON1024+HMAC-SHA512+AES256GCM+DKG4of7,STOLEN_KEY,150,55.97,89,CYCLE,178,480,1,20,1999,0.1924,-0.143452,0.322256,0.96,0.193626,0.05,100,0,0.005026,0,1,3,0,0,76,1448,-0.095455,1,0.4944,2,3,0,0,V3,1,1,-100,1,421.625,0,0,0,0,2,200
EDCF-Shield,v3a,FALCON1024+HMAC-SHA512+AES256GCM+DKG4of7,STOLEN_KEY,150,55.97,89,CUMULATIVE,178,42742,426,1758,168224,0.202524,-0.149246,0.33462,0.960494,0.202601,0.25,100,0,0.005026,0,1,3,0,0,76,1448,-0.095455,1,0.4944,2,3,0,0,V3,1,1,-100,1,421.625,0,0,0,0,1,200
EDCF-Shield,v3a,FALCON1024+HMAC-SHA512+AES256GCM+DKG4of7,STOLEN_KEY,150,55.97,90,CYCLE,180,480,2,20,1998,0.1928,-0.143714,0.322364,0.96,0.193705,0.1,100,0,0.004991,0,1,3,0,0,76,1448,-0.09606,1,0.4944,2,3,0,0,V3,1,1,-100,1,426.625,0,0,0,0,2,200
EDCF-Shield,v3a,FALCON1024+HMAC-SHA512+AES256GCM+DKG4of7,STOLEN_KEY,150,55.97,90,CUMULATIVE,180,43222,428,1778,170222,0.202411,-0.149435,0.334479,0.960489,0.202498,0.25,100,0,0.004991,0,1,3,0,0,76,1448,-0.09606,1,0.4944,2,3,0,0,V3,1,1,-100,1,426.625,0,0,0,0,1,200
EDCF-Shield,v3a,FALCON1024+HMAC-SHA512+AES256GCM+DKG4of7,STOLEN_KEY,150,55.97,91,CYCLE,182,480,2,20,1998,0.1928,-0.14397,0.322364,0.96,0.193705,0.1,100,0,0.004956,0,1,3,0,0,76,1448,-0.096653,1,0.4945,2,3,0,0,V3,1,1,-100,1,431.625,0,0,0,0,2,200
EDCF-Shield,v3a,FALCON1024+HMAC-SHA512+AES256GCM+DKG4of7,STOLEN_KEY,150,55.97,91,CUMULATIVE,182,43702,430,1798,172220,0.202301,-0.14962,0.334341,0.960484,0.202397,0.25,100,0,0.004956,0,1,3,0,0,76,1448,-0.096653,1,0.4945,2,3,0,0,V3,1,1,-100,1,431.625,0,0,0,0,1,200
EDCF-Shield,v3a,FALCON1024+HMAC-SHA512+AES256GCM+DKG4of7,STOLEN_KEY,150,55.97,92,CYCLE,184,480,1,20,1999,0.1924,-0.144287,0.322256,0.96,0.193626,0.05,100,0,0.004911,0,1,3,0,0,76,1448,-0.097235,1,0.4946,2,3,0,0,V3,1,1,-100,1,436.625,0,0,0,0,2,200
EDCF-Shield,v3a,FALCON1024+HMAC-SHA512+AES256GCM+DKG4of7,STOLEN_KEY,150,55.97,92,CUMULATIVE,184,44182,431,1818,174219,0.202189,-0.149857,0.334204,0.960478,0.202298,0.25,100,0,0.004911,0,1,3,0,0,76,1448,-0.097235,1,0.4946,2,3,0,0,V3,1,1,-100,1,436.625,0,0,0,0,1,200
EDCF-Shield,v3a,FALCON1024+HMAC-SHA512+AES256GCM+DKG4of7,STOLEN_KEY,150,55.97,93,CYCLE,186,480,2,20,1998,0.1928,-0.144532,0.322364,0.96,0.193705,0.1,100,0,0.004878,0,1,3,0,0,76,1448,-0.097807,1,0.4946,2,3,0,0,V3,1,1,-100,1,441.625,0,0,0,0,2,200
EDCF-Shield,v3a,FALCON1024+HMAC-SHA512+AES256GCM+DKG4of7,STOLEN_KEY,150,55.97,93,CUMULATIVE,186,44662,433,1838,176217,0.202084,-0.150033,0.334073,0.960473,0.202201,0.25,100,0,0.004878,0,1,3,0,0,76,1448,-0.097807,1,0.4946,2,3,0,0,V3,1,1,-100,1,441.625,0,0,0,0,1,200
EDCF-Shield,v3a,FALCON1024+HMAC-SHA512+AES256GCM+DKG4of7,STOLEN_KEY,150,55.97,94,CYCLE,188,480,2,20,1998,0.1928,-0.144771,0.322364,0.96,0.193705,0.1,100,0,0.004846,0,1,3,0,0,76,1448,-0.098368,1,0.4947,2,3,0,0,V3,1,1,-100,1,446.625,0,0,0,0,2,200
EDCF-Shield,v3a,FALCON1024+HMAC-SHA512+AES256GCM+DKG4of7,STOLEN_KEY,150,55.97,94,CUMULATIVE,188,45142,435,1858,178215,0.201981,-0.150206,0.333944,0.960468,0.202107,0.24,100,0,0.004846,0,1,3,0,0,76,1448,-0.098368,1,0.4947,2,3,0,0,V3,1,1,-100,1,446.625,0,0,0,0,1,200
EDCF-Shield,v3a,FALCON1024+HMAC-SHA512+AES256GCM+DKG4of7,STOLEN_KEY,150,55.97,95,CYCLE,190,480,1,20,1999,0.1924,-0.145069,0.322256,0.96,0.193626,0.05,100,0,0.004804,0,1,3,0,0,76,1448,-0.09892,1,0.4947,2,3,0,0,V3,1,1,-100,1,451.625,0,0,0,0,2,200
EDCF-Shield,v3a,FALCON1024+HMAC-SHA512+AES256GCM+DKG4of7,STOLEN_KEY,150,55.97,95,CUMULATIVE,190,45622,436,1878,180214,0.201876,-0.15043,0.333816,0.960463,0.202014,0.24,100,0,0.004804,0,1,3,0,0,76,1448,-0.09892,1,0.4947,2,3,0,0,V3,1,1,-100,1,451.625,0,0,0,0,1,200
EDCF-Shield,v3a,FALCON1024+HMAC-SHA512+AES256GCM+DKG4of7,STOLEN_KEY,150,55.97,96,CYCLE,192,480,2,20,1998,0.1928,-0.145298,0.322364,0.96,0.193705,0.1,100,0,0.004773,0,1,3,0,0,76,1448,-0.099462,1,0.4948,2,3,0,0,V3,1,1,-100,1,456.625,0,0,0,0,2,200
EDCF-Shield,v3a,FALCON1024+HMAC-SHA512+AES256GCM+DKG4of7,STOLEN_KEY,150,55.97,96,CUMULATIVE,192,46102,438,1898,182212,0.201778,-0.150596,0.333693,0.960458,0.201924,0.24,100,0,0.004773,0,1,3,0,0,76,1448,-0.099462,1,0.4948,2,3,0,0,V3,1,1,-100,1,456.625,0,0,0,0,1,200
EDCF-Shield,v3a,FALCON1024+HMAC-SHA512+AES256GCM+DKG4of7,STOLEN_KEY,150,55.97,97,CYCLE,194,480,2,20,1998,0.1928,-0.145522,0.322364,0.96,0.193705,0.1,100,0,0.004743,0,1,3,0,0,76,1448,-0.099995,1,0.4948,2,3,0,0,V3,1,1,-100,1,461.625,0,0,0,0,2,200
EDCF-Shield,v3a,FALCON1024+HMAC-SHA512+AES256GCM+DKG4of7,STOLEN_KEY,150,55.97,97,CUMULATIVE,194,46582,440,1918,184210,0.201681,-0.150758,0.333572,0.960454,0.201835,0.24,100,0,0.004743,0,1,3,0,0,76,1448,-0.099995,1,0.4948,2,3,0,0,V3,1,1,-100,1,461.625,0,0,0,0,1,200
EDCF-Shield,v3a,FALCON1024+HMAC-SHA512+AES256GCM+DKG4of7,STOLEN_KEY,150,55.97,98,CYCLE,196,480,1,20,1999,0.1924,-0.145804,0.322256,0.96,0.193626,0.05,100,0,0.004703,0,1,3,0,0,76,1448,-0.100518,1,0.4949,2,3,0,0,V3,1,1,-100,1,466.625,0,0,0,0,2,200
EDCF-Shield,v3a,FALCON1024+HMAC-SHA512+AES256GCM+DKG4of7,STOLEN_KEY,150,55.97,98,CUMULATIVE,196,47062,441,1938,186209,0.201583,-0.15097,0.333453,0.960449,0.201748,0.24,100,0,0.004703,0,1,3,0,0,76,1448,-0.100518,1,0.4949,2,3,0,0,V3,1,1,-100,1,466.625,0,0,0,0,1,200
EDCF-Shield,v3a,FALCON1024+HMAC-SHA512+AES256GCM+DKG4of7,STOLEN_KEY,150,55.97,99,CYCLE,198,480,2,20,1998,0.1928,-0.146018,0.322364,0.96,0.193705,0.1,100,0,0.004675,0,1,3,0,0,76,1448,-0.101033,1,0.4949,2,3,0,0,V3,1,1,-100,1,471.625,0,0,0,0,2,200
EDCF-Shield,v3a,FALCON1024+HMAC-SHA512+AES256GCM+DKG4of7,STOLEN_KEY,150,55.97,99,CUMULATIVE,198,47542,443,1958,188207,0.201491,-0.151126,0.333337,0.960444,0.201664,0.23,100,0,0.004675,0,1,3,0,0,76,1448,-0.101033,1,0.4949,2,3,0,0,V3,1,1,-100,1,471.625,0,0,0,0,1,200
EDCF-Shield,v3a,FALCON1024+HMAC-SHA512+AES256GCM+DKG4of7,STOLEN_KEY,150,55.97,100,CYCLE,200,480,2,20,1998,0.1928,-0.146228,0.322364,0.96,0.193705,0.1,100,0,0.004647,0,1,3,0,0,76,1448,-0.101539,1,0.495,2,3,0,0,V3,1,1,-100,1,476.625,0,0,0,0,2,200
EDCF-Shield,v3a,FALCON1024+HMAC-SHA512+AES256GCM+DKG4of7,STOLEN_KEY,150,55.97,100,CUMULATIVE,200,48022,445,1978,190205,0.2014,-0.151278,0.333223,0.96044,0.201581,0.23,100,0,0.004647,0,1,3,0,0,76,1448,-0.101539,1,0.495,2,3,0,0,V3,1,1,-100,1,476.625,0,0,0,0,1,200
EDCF-Shield,v3a,FALCON1024+HMAC-SHA512+AES256GCM+DKG4of7,STOLEN_KEY,150,55.97,101,CYCLE,202,480,1,20,1999,0.1924,-0.146495,0.322256,0.96,0.193626,0.05,100,0,0.004609,0,1,3,0,0,76,1448,-0.102036,1,0.495,2,3,0,0,V3,1,1,-100,1,481.625,0,0,0,0,2,200
EDCF-Shield,v3a,FALCON1024+HMAC-SHA512+AES256GCM+DKG4of7,STOLEN_KEY,150,55.97,101,CUMULATIVE,202,48502,446,1998,192204,0.201308,-0.15148,0.333111,0.960436,0.201499,0.23,100,0,0.004609,0,1,3,0,0,76,1448,-0.102036,1,0.495,2,3,0,0,V3,1,1,-100,1,481.625,0,0,0,0,1,200
EDCF-Shield,v3a,FALCON1024+HMAC-SHA512+AES256GCM+DKG4of7,STOLEN_KEY,150,55.97,102,CYCLE,204,480,2,20,1998,0.1928,-0.146696,0.322364,0.96,0.193705,0.1,100,0,0.004582,0,1,3,0,0,76,1448,-0.102526,1,0.4951,2,3,0,0,V3,1,1,-100,1,486.625,0,0,0,0,2,200
EDCF-Shield,v3a,FALCON1024+HMAC-SHA512+AES256GCM+DKG4of7,STOLEN_KEY,150,55.97,102,CUMULATIVE,204,48982,448,2018,194202,0.201221,-0.151626,0.333002,0.960431,0.20142,0.23,100,0,0.004582,0,1,3,0,0,76,1448,-0.102526,1,0.4951,2,3,0,0,V3,1,1,-100,1,486.625,0,0,0,0,1,200
EDCF-Shield,v3a,FALCON1024+HMAC-SHA512+AES256GCM+DKG4of7,STOLEN_KEY,150,55.97,103,CYCLE,206,480,2,20,1998,0.1928,-0.146893,0.322364,0.96,0.193705,0.1,100,0,0.004556,0,1,3,0,0,76,1448,-0.103007,1,0.4951,2,3,0,0,V3,1,1,-100,1,491.625,0,0,0,0,2,200
EDCF-Shield,v3a,FALCON1024+HMAC-SHA512+AES256GCM+DKG4of7,STOLEN_KEY,150,55.97,103,CUMULATIVE,206,49462,450,2038,196200,0.201136,-0.15177,0.332896,0.960427,0.201342,0.23,100,0,0.004556,0,1,3,0,0,76,1448,-0.103007,1,0.4951,2,3,0,0,V3,1,1,-100,1,491.625,0,0,0,0,1,200
EDCF-Shield,v3a,FALCON1024+HMAC-SHA512+AES256GCM+DKG4of7,STOLEN_KEY,150,55.97,104,CYCLE,208,480,1,20,1999,0.1924,-0.147146,0.322256,0.96,0.193626,0.05,100,0,0.00452,0,1,3,0,0,76,1448,-0.103481,1,0.4952,2,3,0,0,V3,1,1,-100,1,496.625,0,0,0,0,2,200
EDCF-Shield,v3a,FALCON1024+HMAC-SHA512+AES256GCM+DKG4of7,STOLEN_KEY,150,55.97,104,CUMULATIVE,208,49942,451,2058,198199,0.201049,-0.151961,0.33279,0.960423,0.201265,0.23,100,0,0.00452,0,1,3,0,0,76,1448,-0.103481,1,0.4952,2,3,0,0,V3,1,1,-100,1,496.625,0,0,0,0,1,200
EDCF-Shield,v3a,FALCON1024+HMAC-SHA512+AES256GCM+DKG4of7,STOLEN_KEY,150,55.97,105,CYCLE,210,480,2,20,1998,0.1928,-0.147335,0.322364,0.96,0.193705,0.1,100,0,0.004495,0,1,3,0,0,76,1448,-0.103947,1,0.4952,2,3,0,0,V3,1,1,-100,1,501.625,0,0,0,0,2,200
EDCF-Shield,v3a,FALCON1024+HMAC-SHA512+AES256GCM+DKG4of7,STOLEN_KEY,150,55.97,105,CUMULATIVE,210,50422,453,2078,200197,0.200968,-0.152099,0.332688,0.960419,0.20119,0.23,100,0,0.004495,0,1,3,0,0,76,1448,-0.103947,1,0.4952,2,3,0,0,V3,1,1,-100,1,501.625,0,0,0,0,1,200
EDCF-Shield,v3a,FALCON1024+HMAC-SHA512+AES256GCM+DKG4of7,STOLEN_KEY,150,55.97,106,CYCLE,212,480,2,20,1998,0.1928,-0.147521,0.322364,0.96,0.193705,0.1,100,0,0.00447,0,1,3,0,0,76,1448,-0.104405,1,0.4953,2,3,0,0,V3,1,1,-100,1,506.625,0,0,0,0,2,200
EDCF-Shield,v3a,FALCON1024+HMAC-SHA512+AES256GCM+DKG4of7,STOLEN_KEY,150,55.97,106,CUMULATIVE,212,50902,455,2098,202195,0.200888,-0.152234,0.332587,0.960415,0.201117,0.22,100,0,0.00447,0,1,3,0,0,76,1448,-0.104405,1,0.4953,2,3,0,0,V3,1,1,-100,1,506.625,0,0,0,0,1,200
EDCF-Shield,v3a,FALCON1024+HMAC-SHA512+AES256GCM+DKG4of7,STOLEN_KEY,150,55.97,107,CYCLE,214,480,1,20,1999,0.1924,-0.14776,0.322256,0.96,0.193626,0.05,100,0,0.004437,0,1,3,0,0,76,1448,-0.104857,1,0.4953,2,3,0,0,V3,1,1,-100,1,511.625,0,0,0,0,2,200
EDCF-Shield,v3a,FALCON1024+HMAC-SHA512+AES256GCM+DKG4of7,STOLEN_KEY,150,55.97,107,CUMULATIVE,214,51382,456,2118,204194,0.200806,-0.152417,0.332488,0.960411,0.201044,0.22,100,0,0.004437,0,1,3,0,0,76,1448,-0.104857,1,0.4953,2,3,0,0,V3,1,1,-100,1,511.625,0,0,0,0,1,200
EDCF-Shield,v3a,FALCON1024+HMAC-SHA512+AES256GCM+DKG4of7,STOLEN_KEY,150,55.97,108,CYCLE,216,480,2,20,1998,0.1928,-0.147939,0.322364,0.96,0.193705,0.1,100,0,0.004413,0,1,3,0,0,76,1448,-0.105301,1,0.4954,2,3,0,0,V3,1,1,-100,1,516.625,0,0,0,0,2,200
EDCF-Shield,v3a,FALCON1024+HMAC-SHA512+AES256GCM+DKG4of7,STOLEN_KEY,150,55.97,108,CUMULATIVE,216,51862,458,2138,206192,0.200729,-0.152547,0.332391,0.960407,0.200973,0.22,100,0,0.004413,0,1,3,0,0,76,1448,-0.105301,1,0.4954,2,3,0,0,V3,1,1,-100,1,516.625,0,0,0,0,1,200
EDCF-Shield,v3a,FALCON1024+HMAC-SHA512+AES256GCM+DKG4of7,STOLEN_KEY,150,55.97,109,CYCLE,218,480,2,20,1998,0.1928,-0.148114,0.322364,0.96,0.193705,0.1,100,0,0.00439,0,1,3,0,0,76,1448,-0.105738,1,0.4954,2,3,0,0,V3,1,1,-100,1,521.625,0,0,0,0,2,200
EDCF-Shield,v3a,FALCON1024+HMAC-SHA512+AES256GCM+DKG4of7,STOLEN_KEY,150,55.97,109,CUMULATIVE,218,52342,460,2158,208190,0.200654,-0.152675,0.332296,0.960404,0.200904,0.22,100,0,0.00439,0,1,3,0,0,76,1448,-0.105738,1,0.4954,2,3,0,0,V3,1,1,-100,1,521.625,0,0,0,0,1,200
EDCF-Shield,v3a,FALCON1024+HMAC-SHA512+AES256GCM+DKG4of7,STOLEN_KEY,150,55.97,110,CYCLE,219.5,288,1,12,1299,0.180625,-0.148318,0.305246,0.96,0.181474,0.08,100,0,0.004372,0,1,3,0,0,76,1448,-0.106169,1,0.4966,2,3,0,0,V3,1,1,-100,1,524.875,0,0,0,0,2,200
EDCF-Shield,v3a,FALCON1024+HMAC-SHA512+AES256GCM+DKG4of7,STOLEN_KEY,150,55.97,110,CUMULATIVE,219.5,52630,461,2170,209489,0.200533,-0.152772,0.332135,0.960401,0.200787,0.22,100,0,0.004372,0,1,3,0,0,76,1448,-0.106169,1,0.4966,2,3,0,0,V3,1,1,-100,1,524.875,0,0,0,0,1,200
EDCF-Shield,v3b,FALCON1024+HMAC-SHA512+AES256GCM+DKG4of7,COMPROMISED_CTRL,30,11.19,1,CYCLE,2,1700,0,0,0,1,0.5,1,1,1,0,100,0,0,0,1,0,0,0,76,1448,0,1,0,0,0,0,0,V3,0,1,-100,1,0,0,0,0,0,0,200
EDCF-Shield,v3b,FALCON1024+HMAC-SHA512+AES256GCM+DKG4of7,COMPROMISED_CTRL,30,11.19,1,CUMULATIVE,2,1700,0,0,0,1,0.5,1,1,1,0,100,0,0,0,1,0,0,0,76,1448,0,1,0,0,0,0,0,V3,0,1,-100,1,0,0,0,0,0,0,200
EDCF-Shield,v3b,FALCON1024+HMAC-SHA512+AES256GCM+DKG4of7,COMPROMISED_CTRL,30,11.19,2,CYCLE,4,1682,156,18,6,0.987111,0.711104,0.992916,0.989412,0.996445,96.3,100,0,0.658228,0,1,3,0,0,76,1448,0.5,1,0.25,2,3,0,0,V3,1,1,-100,1,0.405,0,0,0,0,2,200
EDCF-Shield,v3b,FALCON1024+HMAC-SHA512+AES256GCM+DKG4of7,COMPROMISED_CTRL,30,11.19,2,CUMULATIVE,4,3382,156,18,6,0.993262,0.925691,0.996464,0.994706,0.998229,96.3,100,0,0.658228,0,1,3,0,0,76,1448,0.5,1,0.25,2,3,0,0,V3,1,1,-100,1,0.405,0,0,0,0,1,200
EDCF-Shield,v3b,FALCON1024+HMAC-SHA512+AES256GCM+DKG4of7,COMPROMISED_CTRL,30,11.19,3,CYCLE,6,1680,376,20,12,0.984674,0.790678,0.990566,0.988235,0.992908,96.91,100,0,0.659232,0,1,3,0,0,76,1448,0.712845,1,0.3333,2,3,0,0,V3,1,1,-100,1,1.375,0,0,0,0,2,200
EDCF-Shield,v3b,FALCON1024+HMAC-SHA512+AES256GCM+DKG4of7,COMPROMISED_CTRL,30,11.19,3,CUMULATIVE,6,5062,532,38,18,0.990088,0.944687,0.994499,0.992549,0.996457,96.73,100,0,0.659232,0,1,3,0,0,76,1448,0.712845,1,0.3333,2,3,0,0,V3,1,1,-100,1,1.375,0,0,0,0,1,200
EDCF-Shield,v3b,FALCON1024+HMAC-SHA512+AES256GCM+DKG4of7,COMPROMISED_CTRL,30,11.19,4,CYCLE,8,1680,400,20,14,0.983917,0.830322,0.989982,0.988235,0.991736,96.62,100,0,0.659123,0,1,3,0,0,76,1448,0.790126,1,0.375,2,3,0,0,V3,1,1,-100,1,2.41,0,0,0,0,2,200
EDCF-Shield,v3b,FALCON1024+HMAC-SHA512+AES256GCM+DKG4of7,COMPROMISED_CTRL,30,11.19,4,CUMULATIVE,8,6742,932,58,32,0.988408,0.947421,0.99337,0.991471,0.995276,96.68,100,0,0.659123,0,1,3,0,0,76,1448,0.790126,1,0.375,2,3,0,0,V3,1,1,-100,1,2.41,0,0,0,0,1,200
EDCF-Shield,v3b,FALCON1024+HMAC-SHA512+AES256GCM+DKG4of7,COMPROMISED_CTRL,30,11.19,5,CYCLE,10,1680,400,20,14,0.983917,0.854108,0.989982,0.988235,0.991736,96.62,100,0,0.65908,0,1,3,0,0,76,1448,0.82945,1,0.4,2,3,0,0,V3,1,1,-100,1,3.445,0,0,0,0,2,200
EDCF-Shield,v3b,FALCON1024+HMAC-SHA512+AES256GCM+DKG4of7,COMPROMISED_CTRL,30,11.19,5,CUMULATIVE,10,8422,1332,78,46,0.987447,0.948302,0.992692,0.990824,0.994568,96.66,100,0,0.65908,0,1,3,0,0,76,1448,0.82945,1,0.4,2,3,0,0,V3,1,1,-100,1,3.445,0,0,0,0,1,200
EDCF-Shield,v3b,FALCON1024+HMAC-SHA512+AES256GCM+DKG4of7,COMPROMISED_CTRL,30,11.19,6,CYCLE,12,1680,400,20,12,0.984848,0.870453,0.990566,0.988235,0.992908,97.09,100,0,0.659307,0,1,3,0,0,76,1448,0.85322,1,0.4167,2,3,0,0,V3,1,1,-100,1,4.475,0,0,0,0,2,200
EDCF-Shield,v3b,FALCON1024+HMAC-SHA512+AES256GCM+DKG4of7,COMPROMISED_CTRL,30,11.19,6,CUMULATIVE,12,10102,1732,98,58,0.986989,0.949325,0.992338,0.990392,0.994291,96.76,100,0,0.659307,0,1,3,0,0,76,1448,0.85322,1,0.4167,2,3,0,0,V3,1,1,-100,1,4.475,0,0,0,0,1,200
EDCF-Shield,v3b,FALCON1024+HMAC-SHA512+AES256GCM+DKG4of7,COMPROMISED_CTRL,30,11.19,7,CYCLE,14,1680,400,20,14,0.983917,0.88171,0.989982,0.988235,0.991736,96.62,100,0,0.659246,0,1,3,0,0,76,1448,0.869238,1,0.4286,2,3,0,0,V3,1,1,-100,1,5.51,0,0,0,0,2,200
EDCF-Shield,v3b,FALCON1024+HMAC-SHA512+AES256GCM+DKG4of7,COMPROMISED_CTRL,30,11.19,7,CUMULATIVE,14,11782,2132,118,72,0.986529,0.949415,0.992001,0.990084,0.993926,96.73,100,0,0.659246,0,1,3,0,0,76,1448,0.869238,1,0.4286,2,3,0,0,V3,1,1,-100,1,5.51,0,0,0,0,1,200
EDCF-Shield,v3b,FALCON1024+HMAC-SHA512+AES256GCM+DKG4of7,COMPROMISED_CTRL,30,11.19,8,CYCLE,16,1680,400,20,14,0.983917,0.890153,0.989982,0.988235,0.991736,96.62,100,0,0.659203,0,1,3,0,0,76,1448,0.880692,1,0.4375,2,3,0,0,V3,1,1,-100,1,6.545,0,0,0,0,2,200
EDCF-Shield,v3b,FALCON1024+HMAC-SHA512+AES256GCM+DKG4of7,COMPROMISED_CTRL,30,11.19,8,CUMULATIVE,16,13462,2532,138,86,0.986188,0.949455,0.991749,0.989853,0.993652,96.72,100,0,0.659203,0,1,3,0,0,76,1448,0.880692,1,0.4375,2,3,0,0,V3,1,1,-100,1,6.545,0,0,0,0,1,200
EDCF-Shield,v3b,FALCON1024+HMAC-SHA512+AES256GCM+DKG4of7,COMPROMISED_CTRL,30,11.19,9,CYCLE,18,1680,400,20,12,0.984848,0.897044,0.990566,0.988235,0.992908,97.09,100,0,0.659321,0,1,3,0,0,76,1448,0.889287,1,0.4444,2,3,0,0,V3,1,1,-100,1,7.575,0,0,0,0,2,200
EDCF-Shield,v3b,FALCON1024+HMAC-SHA512+AES256GCM+DKG4of7,COMPROMISED_CTRL,30,11.19,9,CUMULATIVE,18,15142,2932,158,98,0.986034,0.949854,0.991618,0.989673,0.99357,96.77,100,0,0.659321,0,1,3,0,0,76,1448,0.889287,1,0.4444,2,3,0,0,V3,1,1,-100,1,7.575,0,0,0,0,1,200
EDCF-Shield,v3b,FALCON1024+HMAC-SHA512+AES256GCM+DKG4of7,COMPROMISED_CTRL,30,11.19,10,CYCLE,20,1680,400,20,14,0.983917,0.902265,0.989982,0.988235,0.991736,96.62,100,0,0.65928,0,1,3,0,0,76,1448,0.896017,1,0.45,2,3,0,0,V3,1,1,-100,1,8.61,0,0,0,0,2,200
EDCF-Shield,v3b,FALCON1024+HMAC-SHA512+AES256GCM+DKG4of7,COMPROMISED_CTRL,30,11.19,10,CUMULATIVE,20,16822,3332,178,112,0.985815,0.949814,0.991454,0.989529,0.993386,96.75,100,0,0.65928,0,1,3,0,0,76,1448,0.896017,1,0.45,2,3,0,0,V3,1,1,-100,1,8.61,0,0,0,0,1,200
EDCF-Shield,v3b,FALCON1024+HMAC-SHA512+AES256GCM+DKG4of7,COMPROMISED_CTRL,30,11.19,11,CYCLE,22,1680,400,20,14,0.983917,0.906537,0.989982,0.988235,0.991736,96.62,100,0,0.659247,0,1,3,0,0,76,1448,0.901397,1,0.4545,2,3,0,0,V3,1,1,-100,1,9.645,0,0,0,0,2,200
EDCF-Shield,v3b,FALCON1024+HMAC-SHA512+AES256GCM+DKG4of7,COMPROMISED_CTRL,30,11.19,11,CUMULATIVE,22,18502,3732,198,126,0.985637,0.949778,0.99132,0.989412,0.993236,96.73,100,0,0.659247,0,1,3,0,0,76,1448,0.901397,1,0.4545,2,3,0,0,V3,1,1,-100,1,9.645,0,0,0,0,1,200
EDCF-Shield,v3b,FALCON1024+HMAC-SHA512+AES256GCM+DKG4of7,COMPROMISED_CTRL,30,11.19,12,CYCLE,24,1680,400,20,12,0.984848,0.91034,0.990566,0.988235,0.992908,97.09,100,0,0.659327,0,1,3,0,0,76,1448,0.905795,1,0.4583,2,3,0,0,V3,1,1,-100,1,10.675,0,0,0,0,2,200
EDCF-Shield,v3b,FALCON1024+HMAC-SHA512+AES256GCM+DKG4of7,COMPROMISED_CTRL,30,11.19,12,CUMULATIVE,24,20182,4132,218,138,0.98557,0.950019,0.991257,0.989314,0.993209,96.77,100,0,0.659327,0,1,3,0,0,76,1448,0.905795,1,0.4583,2,3,0,0,V3,1,1,-100,1,10.675,0,0,0,0,1,200
EDCF-Shield,v3b,FALCON1024+HMAC-SHA512+AES256GCM+DKG4of7,COMPROMISED_CTRL,30,11.19,13,CYCLE,26,1680,400,20,14,0.983917,0.913333,0.989982,0.988235,0.991736,96.62,100,0,0.659296,0,1,3,0,0,76,1448,0.90948,1,0.4615,2,3,0,0,V3,1,1,-100,1,11.71,0,0,0,0,2,200
EDCF-Shield,v3b,FALCON1024+HMAC-SHA512+AES256GCM+DKG4of7,COMPROMISED_CTRL,30,11.19,13,CUMULATIVE,26,21862,4532,238,152,0.985439,0.949966,0.991159,0.989231,0.993095,96.75,100,0,0.659296,0,1,3,0,0,76,1448,0.90948,1,0.4615,2,3,0,0,V3,1,1,-100,1,11.71,0,0,0,0,1,200
EDCF-Shield,v3b,FALCON1024+HMAC-SHA512+AES256GCM+DKG4of7,COMPROMISED_CTRL,30,11.19,14,CYCLE,28,1680,400,20,14,0.983917,0.915899,0.989982,0.988235,0.991736,96.62,100,0,0.65927,0,1,3,0,0,76,1448,0.912594,1,0.4643,2,3,0,0,V3,1,1,-100,1,12.745,0,0,0,0,2,200
EDCF-Shield,v3b,FALCON1024+HMAC-SHA512+AES256GCM+DKG4of7,COMPROMISED_CTRL,30,11.19,14,CUMULATIVE,28,23542,4932,258,166,0.985328,0.949919,0.991075,0.98916,0.992998,96.74,100,0,0.65927,0,1,3,0,0,76,1448,0.912594,1,0.4643,2,3,0,0,V3,1,1,-100,1,12.745,0,0,0,0,1,200
EDCF-Shield,v3b,FALCON1024+HMAC-SHA512+AES256GCM+DKG4of7,COMPROMISED_CTRL,30,11.19,15,CYCLE,30,1680,400,20,12,0.984848,0.918317,0.990566,0.988235,0.992908,97.09,100,0,0.65933,0,1,3,0,0,76,1448,0.915261,1,0.4667,2,3,0,0,V3,1,1,-100,1,13.775,0,0,0,0,2,200
EDCF-Shield,v3b,FALCON1024+HMAC-SHA512+AES256GCM+DKG4of7,COMPROMISED_CTRL,30,11.19,15,CUMULATIVE,30,25222,5332,278,178,0.985295,0.950092,0.991041,0.989098,0.992992,96.77,100,0,0.65933,0,1,3,0,0,76,1448,0.915261,1,0.4667,2,3,0,0,V3,1,1,-100,1,13.775,0,0,0,0,1,200
EDCF-Shield,v3b,FALCON1024+HMAC-SHA512+AES256GCM+DKG4of7,COMPROMISED_CTRL,30,11.19,16,CYCLE,32,1680,400,20,14,0.983917,0.920251,0.989982,0.988235,0.991736,96.62,100,0,0.659305,0,1,3,0,0,76,1448,0.917583,1,0.4688,2,3,0,0,V3,1,1,-100,1,14.81,0,0,0,0,2,200
EDCF-Shield,v3b,FALCON1024+HMAC-SHA512+AES256GCM+DKG4of7,COMPROMISED_CTRL,30,11.19,16,CUMULATIVE,32,26902,5732,298,192,0.985207,0.950041,0.990975,0.989044,0.992914,96.76,100,0,0.659305,0,1,3,0,0,76,1448,0.917583,1,0.4688,2,3,0,0,V3,1,1,-100,1,14.81,0,0,0,0,1,200
EDCF-Shield,v3b,FALCON1024+HMAC-SHA512+AES256GCM+DKG4of7,COMPROMISED_CTRL,30,11.19,17,CYCLE,34,1680,400,20,14,0.983917,0.921957,0.989982,0.988235,0.991736,96.62,100,0,0.659284,0,1,3,0,0,76,1448,0.919611,1,0.4706,2,3,0,0,V3,1,1,-100,1,15.845,0,0,0,0,2,200
EDCF-Shield,v3b,FALCON1024+HMAC-SHA512+AES256GCM+DKG4of7,COMPROMISED_CTRL,30,11.19,17,CUMULATIVE,34,28582,6132,318,206,0.98513,0.949996,0.990917,0.988997,0.992844,96.75,100,0,0.659284,0,1,3,0,0,76,1448,0.919611,1,0.4706,2,3,0,0,V3,1,1,-100,1,15.845,0,0,0,0,1,200
EDCF-Shield,v3b,FALCON1024+HMAC-SHA512+AES256GCM+DKG4of7,COMPROMISED_CTRL,30,11.19,18,CYCLE,36,1680,400,20,12,0.984848,0.923636,0.990566,0.988235,0.992908,97.09,100,0,0.659332,0,1,3,0,0,76,1448,0.921399,1,0.4722,2,3,0,0,V3,1,1,-100,1,16.875,0,0,0,0,2,200
EDCF-Shield,v3b,FALCON1024+HMAC-SHA512+AES256GCM+DKG4of7,COMPROMISED_CTRL,30,11.19,18,CUMULATIVE,36,30262,6532,338,218,0.985114,0.950131,0.990897,0.988954,0.992848,96.77,100,0,0.659332,0,1,3,0,0,76,1448,0.921399,1,0.4722,2,3,0,0,V3,1,1,-100,1,16.875,0,0,0,0,1,200
EDCF-Shield,v3b,FALCON1024+HMAC-SHA512+AES256GCM+DKG4of7,COMPROMISED_CTRL,30,11.19,19,CYCLE,38,1680,400,20,14,0.983917,0.924984,0.989982,0.988235,0.991736,96.62,100,0,0.659311,0,1,3,0,0,76,1448,0.922995,1,0.4737,2,3,0,0,V3,1,1,-100,1,17.91,0,0,0,0,2,200
EDCF-Shield,v3b,FALCON1024+HMAC-SHA512+AES256GCM+DKG4of7,COMPROMISED_CTRL,30,11.19,19,CUMULATIVE,38,31942,6932,358,232,0.98505,0.950085,0.990849,0.988916,0.992789,96.76,100,0,0.659311,0,1,3,0,0,76,1448,0.922995,1,0.4737,2,3,0,0,V3,1,1,-100,1,17.91,0,0,0,0,1,200
EDCF-Shield,v3b,FALCON1024+HMAC-SHA512+AES256GCM+DKG4of7,COMPROMISED_CTRL,30,11.19,20,CYCLE,40,1680,400,20,14,0.983917,0.926197,0.989982,0.988235,0.991736,96.62,100,0,0.659293,0,1,3,0,0,76,1448,0.924421,1,0.475,2,3,0,0,V3,1,1,-100,1,18.945,0,0,0,0,2,200
EDCF-Shield,v3b,FALCON1024+HMAC-SHA512+AES256GCM+DKG4of7,COMPROMISED_CTRL,30,11.19,20,CUMULATIVE,40,33622,7332,378,246,0.984992,0.950043,0.990806,0.988882,0.992737,96.75,100,0,0.659293,0,1,3,0,0,76,1448,0.924421,1,0.475,2,3,0,0,V3,1,1,-100,1,18.945,0,0,0,0,1,200
EDCF-Shield,v3b,FALCON1024+HMAC-SHA512+AES256GCM+DKG4of7,COMPROMISED_CTRL,30,11.19,21,CYCLE,42,1680,400,20,12,0.984848,0.927434,0.990566,0.988235,0.992908,97.09,100,0,0.659333,0,1,3,0,0,76,1448,0.925702,1,0.4762,2,3,0,0,V3,1,1,-100,1,19.975,0,0,0,0,2,200
EDCF-Shield,v3b,FALCON1024+HMAC-SHA512+AES256GCM+DKG4of7,COMPROMISED_CTRL,30,11.19,21,CUMULATIVE,42,35302,7732,398,258,0.984985,0.950154,0.990794,0.988852,0.992745,96.77,100,0,0.659333,0,1,3,0,0,76,1448,0.925702,1,0.4762,2,3,0,0,V3,1,1,-100,1,19.975,0,0,0,0,1,200
EDCF-Shield,v3b,FALCON1024+HMAC-SHA512+AES256GCM+DKG4of7,COMPROMISED_CTRL,30,11.19,22,CYCLE,44,1680,400,20,14,0.983917,0.928426,0.989982,0.988235,0.991736,96.62,100,0,0.659316,0,1,3,0,0,76,1448,0.926866,1,0.4773,2,3,0,0,V3,1,1,-100,1,21.01,0,0,0,0,2,200
EDCF-Shield,v3b,FALCON1024+HMAC-SHA512+AES256GCM+DKG4of7,COMPROMISED_CTRL,30,11.19,22,CUMULATIVE,44,36982,8132,418,272,0.984936,0.950113,0.990757,0.988824,0.992699,96.76,100,0,0.659316,0,1,3,0,0,76,1448,0.926866,1,0.4773,2,3,0,0,V3,1,1,-100,1,21.01,0,0,0,0,1,200
EDCF-Shield,v3b,FALCON1024+HMAC-SHA512+AES256GCM+DKG4of7,COMPROMISED_CTRL,30,11.19,23,CYCLE,46,1680,400,20,14,0.983917,0.929332,0.989982,0.988235,0.991736,96.62,100,0,0.6593,0,1,3,0,0,76,1448,0.927923,1,0.4783,2,3,0,0,V3,1,1,-100,1,22.045,0,0,0,0,2,200
EDCF-Shield,v3b,FALCON1024+HMAC-SHA512+AES256GCM+DKG4of7,COMPROMISED_CTRL,30,11.19,23,CUMULATIVE,46,38662,8532,438,286,0.984891,0.950075,0.990724,0.988798,0.992657,96.76,100,0,0.6593,0,1,3,0,0,76,1448,0.927923,1,0.4783,2,3,0,0,V3,1,1,-100,1,22.045,0,0,0,0,1,200
EDCF-Shield,v3b,FALCON1024+HMAC-SHA512+AES256GCM+DKG4of7,COMPROMISED_CTRL,30,11.19,24,CYCLE,48,1680,400,20,12,0.984848,0.930283,0.990566,0.988235,0.992908,97.09,100,0,0.659334,0,1,3,0,0,76,1448,0.928886,1,0.4792,2,3,0,0,V3,1,1,-100,1,23.075,0,0,0,0,2,200
EDCF-Shield,v3b,FALCON1024+HMAC-SHA512+AES256GCM+DKG4of7,COMPROMISED_CTRL,30,11.19,24,CUMULATIVE,48,40342,8932,458,298,0.984889,0.950169,0.990717,0.988775,0.992667,96.77,100,0,0.659334,0,1,3,0,0,76,1448,0.928886,1,0.4792,2,3,0,0,V3,1,1,-100,1,23.075,0,0,0,0,1,200
EDCF-Shield,v3b,FALCON1024+HMAC-SHA512+AES256GCM+DKG4of7,COMPROMISED_CTRL,30,11.19,25,CYCLE,50,1680,400,20,14,0.983917,0.931042,0.989982,0.988235,0.991736,96.62,100,0,0.659319,0,1,3,0,0,76,1448,0.929773,1,0.48,2,3,0,0,V3,1,1,-100,1,24.11,0,0,0,0,2,200
EDCF-Shield,v3b,FALCON1024+HMAC-SHA512+AES256GCM+DKG4of7,COMPROMISED_CTRL,30,11.19,25,CUMULATIVE,50,42022,9332,478,312,0.98485,0.950132,0.990688,0.988753,0.99263,96.76,100,0,0.659319,0,1,3,0,0,76,1448,0.929773,1,0.48,2,3,0,0,V3,1,1,-100,1,24.11,0,0,0,0,1,200
EDCF-Shield,v3b,FALCON1024+HMAC-SHA512+AES256GCM+DKG4of7,COMPROMISED_CTRL,30,11.19,26,CYCLE,52,1680,400,20,14,0.983917,0.931743,0.989982,0.988235,0.991736,96.62,100,0,0.659305,0,1,3,0,0,76,1448,0.930587,1,0.4808,2,3,0,0,V3,1,1,-100,1,25.145,0,0,0,0,2,200
EDCF-Shield,v3b,FALCON1024+HMAC-SHA512+AES256GCM+DKG4of7,COMPROMISED_CTRL,30,11.19,26,CUMULATIVE,52,43702,9732,498,326,0.984813,0.950098,0.990661,0.988733,0.992596,96.76,100,0,0.659305,0,1,3,0,0,76,1448,0.930587,1,0.4808,2,3,0,0,V3,1,1,-100,1,25.145,0,0,0,0,1,200
EDCF-Shield,v3b,FALCON1024+HMAC-SHA512+AES256GCM+DKG4of7,COMPROMISED_CTRL,30,11.19,27,CYCLE,54,1680,400,20,12,0.984848,0.932499,0.990566,0.988235,0.992908,97.09,100,0,0.659335,0,1,3,0,0,76,1448,0.931338,1,0.4815,2,3,0,0,V3,1,1,-100,1,26.175,0,0,0,0,2,200
EDCF-Shield,v3b,FALCON1024+HMAC-SHA512+AES256GCM+DKG4of7,COMPROMISED_CTRL,30,11.19,27,CUMULATIVE,54,45382,10132,518,338,0.984815,0.95018,0.990657,0.988715,0.992607,96.77,100,0,0.659335,0,1,3,0,0,76,1448,0.931338,1,0.4815,2,3,0,0,V3,1,1,-100,1,26.175,0,0,0,0,1,200
EDCF-Shield,v3b,FALCON1024+HMAC-SHA512+AES256GCM+DKG4of7,COMPROMISED_CTRL,30,11.19,28,CYCLE,56,1680,400,20,14,0.983917,0.933098,0.989982,0.988235,0.991736,96.62,100,0,0.659321,0,1,3,0,0,76,1448,0.932035,1,0.4821,2,3,0,0,V3,1,1,-100,1,27.21,0,0,0,0,2,200
EDCF-Shield,v3b,FALCON1024+HMAC-SHA512+AES256GCM+DKG4of7,COMPROMISED_CTRL,30,11.19,28,CUMULATIVE,56,47062,10532,538,352,0.984782,0.950146,0.990633,0.988697,0.992576,96.77,100,0,0.659321,0,1,3,0,0,76,1448,0.932035,1,0.4821,2,3,0,0,V3,1,1,-100,1,27.21,0,0,0,0,1,200
EDCF-Shield,v3b,FALCON1024+HMAC-SHA512+AES256GCM+DKG4of7,COMPROMISED_CTRL,30,11.19,29,CYCLE,58,1680,400,20,14,0.983917,0.933655,0.989982,0.988235,0.991736,96.62,100,0,0.659309,0,1,3,0,0,76,1448,0.932682,1,0.4828,2,3,0,0,V3,1,1,-100,1,28.245,0,0,0,0,2,200
EDCF-Shield,v3b,FALCON1024+HMAC-SHA512+AES256GCM+DKG4of7,COMPROMISED_CTRL,30,11.19,29,CUMULATIVE,58,48742,10932,558,366,0.984752,0.950115,0.990611,0.988682,0.992547,96.76,100,0,0.659309,0,1,3,0,0,76,1448,0.932682,1,0.4828,2,3,0,0,V3,1,1,-100,1,28.245,0,0,0,0,1,200
EDCF-Shield,v3b,FALCON1024+HMAC-SHA512+AES256GCM+DKG4of7,COMPROMISED_CTRL,30,11.19,30,CYCLE,60,1680,400,20,12,0.984848,0.934272,0.990566,0.988235,0.992908,97.09,100,0,0.659336,0,1,3,0,0,76,1448,0.933283,1,0.4833,2,3,0,0,V3,1,1,-100,1,29.275,0,0,0,0,2,200
EDCF-Shield,v3b,FALCON1024+HMAC-SHA512+AES256GCM+DKG4of7,COMPROMISED_CTRL,30,11.19,30,CUMULATIVE,60,50422,11332,578,378,0.984755,0.950187,0.990609,0.988667,0.992559,96.77,100,0,0.659336,0,1,3,0,0,76,1448,0.933283,1,0.4833,2,3,0,0,V3,1,1,-100,1,29.275,0,0,0,0,1,200
EDCF-Shield,v3b,FALCON1024+HMAC-SHA512+AES256GCM+DKG4of7,COMPROMISED_CTRL,30,11.19,31,CYCLE,62,1680,400,20,14,0.983917,0.934755,0.989982,0.988235,0.991736,96.62,100,0,0.659323,0,1,3,0,0,76,1448,0.933847,1,0.4839,2,3,0,0,V3,1,1,-100,1,30.31,0,0,0,0,2,200
EDCF-Shield,v3b,FALCON1024+HMAC-SHA512+AES256GCM+DKG4of7,COMPROMISED_CTRL,30,11.19,31,CUMULATIVE,62,52102,11732,598,392,0.984728,0.950157,0.990589,0.988653,0.992532,96.77,100,0,0.659323,0,1,3,0,0,76,1448,0.933847,1,0.4839,2,3,0,0,V3,1,1,-100,1,30.31,0,0,0,0,1,200
EDCF-Shield,v3b,FALCON1024+HMAC-SHA512+AES256GCM+DKG4of7,COMPROMISED_CTRL,30,11.19,32,CYCLE,64,1680,400,20,14,0.983917,0.935209,0.989982,0.988235,0.991736,96.62,100,0,0.659312,0,1,3,0,0,76,1448,0.934373,1,0.4844,2,3,0,0,V3,1,1,-100,1,31.345,0,0,0,0,2,200
EDCF-Shield,v3b,FALCON1024+HMAC-SHA512+AES256GCM+DKG4of7,COMPROMISED_CTRL,30,11.19,32,CUMULATIVE,64,53782,12132,618,406,0.984702,0.950128,0.99057,0.98864,0.992508,96.76,100,0,0.659312,0,1,3,0,0,76,1448,0.934373,1,0.4844,2,3,0,0,V3,1,1,-100,1,31.345,0,0,0,0,1,200
EDCF-Shield,v3b,FALCON1024+HMAC-SHA512+AES256GCM+DKG4of7,COMPROMISED_CTRL,30,11.19,33,CYCLE,66,1680,400,20,12,0.984848,0.935723,0.990566,0.988235,0.992908,97.09,100,0,0.659336,0,1,3,0,0,76,1448,0.934865,1,0.4848,2,3,0,0,V3,1,1,-100,1,32.375,0,0,0,0,2,200
EDCF-Shield,v3b,FALCON1024+HMAC-SHA512+AES256GCM+DKG4of7,COMPROMISED_CTRL,30,11.19,33,CUMULATIVE,66,55462,12532,638,418,0.984707,0.950193,0.99057,0.988627,0.99252,96.77,100,0,0.659336,0,1,3,0,0,76,1448,0.934865,1,0.4848,2,3,0,0,V3,1,1,-100,1,32.375,0,0,0,0,1,200
EDCF-Shield,v3b,FALCON1024+HMAC-SHA512+AES256GCM+DKG4of7,COMPROMISED_CTRL,30,11.19,34,CYCLE,68,1680,400,20,14,0.983917,0.936121,0.989982,0.988235,0.991736,96.62,100,0,0.659325,0,1,3,0,0,76,1448,0.93533,1,0.4853,2,3,0,0,V3,1,1,-100,1,33.41,0,0,0,0,2,200
EDCF-Shield,v3b,FALCON1024+HMAC-SHA512+AES256GCM+DKG4of7,COMPROMISED_CTRL,30,11.19,34,CUMULATIVE,68,57142,12932,658,432,0.984683,0.950165,0.990552,0.988616,0.992497,96.77,100,0,0.659325,0,1,3,0,0,76,1448,0.93533,1,0.4853,2,3,0,0,V3,1,1,-100,1,33.41,0,0,0,0,1,200
EDCF-Shield,v3b,FALCON1024+HMAC-SHA512+AES256GCM+DKG4of7,COMPROMISED_CTRL,30,11.19,35,CYCLE,70,1680,400,20,14,0.983917,0.936496,0.989982,0.988235,0.991736,96.62,100,0,0.659315,0,1,3,0,0,76,1448,0.935766,1,0.4857,2,3,0,0,V3,1,1,-100,1,34.445,0,0,0,0,2,200
EDCF-Shield,v3b,FALCON1024+HMAC-SHA512+AES256GCM+DKG4of7,COMPROMISED_CTRL,30,11.19,35,CUMULATIVE,70,58822,13332,678,446,0.984661,0.950138,0.990536,0.988605,0.992475,96.76,100,0,0.659315,0,1,3,0,0,76,1448,0.935766,1,0.4857,2,3,0,0,V3,1,1,-100,1,34.445,0,0,0,0,1,200
EDCF-Shield,v3b,FALCON1024+HMAC-SHA512+AES256GCM+DKG4of7,COMPROMISED_CTRL,30,11.19,36,CYCLE,72,1680,400,20,12,0.984848,0.936931,0.990566,0.988235,0.992908,97.09,100,0,0.659336,0,1,3,0,0,76,1448,0.936177,1,0.4861,2,3,0,0,V3,1,1,-100,1,35.475,0,0,0,0,2,200
EDCF-Shield,v3b,FALCON1024+HMAC-SHA512+AES256GCM+DKG4of7,COMPROMISED_CTRL,30,11.19,36,CUMULATIVE,72,60502,13732,698,458,0.984666,0.950197,0.990537,0.988595,0.992487,96.77,100,0,0.659336,0,1,3,0,0,76,1448,0.936177,1,0.4861,2,3,0,0,V3,1,1,-100,1,35.475,0,0,0,0,1,200
EDCF-Shield,v3b,FALCON1024+HMAC-SHA512+AES256GCM+DKG4of7,COMPROMISED_CTRL,30,11.19,37,CYCLE,74,1680,400,20,14,0.983917,0.937264,0.989982,0.988235,0.991736,96.62,100,0,0.659326,0,1,3,0,0,76,1448,0.936566,1,0.4865,2,3,0,0,V3,1,1,-100,1,36.51,0,0,0,0,2,200
EDCF-Shield,v3b,FALCON1024+HMAC-SHA512+AES256GCM+DKG4of7,COMPROMISED_CTRL,30,11.19,37,CUMULATIVE,74,62182,14132,718,472,0.984646,0.950171,0.990522,0.988585,0.992467,96.77,100,0,0.659326,0,1,3,0,0,76,1448,0.936566,1,0.4865,2,3,0,0,V3,1,1,-100,1,36.51,0,0,0,0,1,200
EDCF-Shield,v3b,FALCON1024+HMAC-SHA512+AES256GCM+DKG4of7,COMPROMISED_CTRL,30,11.19,38,CYCLE,76,1680,400,20,14,0.983917,0.93758,0.989982,0.988235,0.991736,96.62,100,0,0.659317,0,1,3,0,0,76,1448,0.936934,1,0.4868,2,3,0,0,V3,1,1,-100,1,37.545,0,0,0,0,2,200
EDCF-Shield,v3b,FALCON1024+HMAC-SHA512+AES256GCM+DKG4of7,COMPROMISED_CTRL,30,11.19,38,CUMULATIVE,76,63862,14532,738,486,0.984627,0.950147,0.990508,0.988576,0.992447,96.76,100,0,0.659317,0,1,3,0,0,76,1448,0.936934,1,0.4868,2,3,0,0,V3,1,1,-100,1,37.545,0,0,0,0,1,200
EDCF-Shield,v3b,FALCON1024+HMAC-SHA512+AES256GCM+DKG4of7,COMPROMISED_CTRL,30,11.19,39,CYCLE,78,1680,400,20,12,0.984848,0.937954,0.990566,0.988235,0.992908,97.09,100,0,0.659337,0,1,3,0,0,76,1448,0.937282,1,0.4872,2,3,0,0,V3,1,1,-100,1,38.575,0,0,0,0,2,200
EDCF-Shield,v3b,FALCON1024+HMAC-SHA512+AES256GCM+DKG4of7,COMPROMISED_CTRL,30,11.19,39,CUMULATIVE,78,65542,14932,758,498,0.984632,0.950201,0.990509,0.988567,0.992459,96.77,100,0,0.659337,0,1,3,0,0,76,1448,0.937282,1,0.4872,2,3,0,0,V3,1,1,-100,1,38.575,0,0,0,0,1,200
EDCF-Shield,v3b,FALCON1024+HMAC-SHA512+AES256GCM+DKG4of7,COMPROMISED_CTRL,30,11.19,40,CYCLE,80,1680,400,20,14,0.983917,0.938237,0.989982,0.988235,0.991736,96.62,100,0,0.659327,0,1,3,0,0,76,1448,0.937613,1,0.4875,2,3,0,0,V3,1,1,-100,1,39.61,0,0,0,0,2,200
EDCF-Shield,v3b,FALCON1024+HMAC-SHA512+AES256GCM+DKG4of7,COMPROMISED_CTRL,30,11.19,40,CUMULATIVE,80,67222,15332,778,512,0.984614,0.950177,0.990496,0.988559,0.992441,96.77,100,0,0.659327,0,1,3,0,0,76,1448,0.937613,1,0.4875,2,3,0,0,V3,1,1,-100,1,39.61,0,0,0,0,1,200
EDCF-Shield,v3b,FALCON1024+HMAC-SHA512+AES256GCM+DKG4of7,COMPROMISED_CTRL,30,11.19,41,CYCLE,82,1680,400,20,14,0.983917,0.938505,0.989982,0.988235,0.991736,96.62,100,0,0.659319,0,1,3,0,0,76,1448,0.937927,1,0.4878,2,3,0,0,V3,1,1,-100,1,40.645,0,0,0,0,2,200
EDCF-Shield,v3b,FALCON1024+HMAC-SHA512+AES256GCM+DKG4of7,COMPROMISED_CTRL,30,11.19,41,CUMULATIVE,82,68902,15732,798,526,0.984597,0.950154,0.990484,0.988551,0.992424,96.76,100,0,0.659319,0,1,3,0,0,76,1448,0.937927,1,0.4878,2,3,0,0,V3,1,1,-100,1,40.645,0,0,0,0,1,200
EDCF-Shield,v3b,FALCON1024+HMAC-SHA512+AES256GCM+DKG4of7,COMPROMISED_CTRL,30,11.19,42,CYCLE,84,1680,400,20,12,0.984848,0.938831,0.990566,0.988235,0.992908,97.09,100,0,0.659337,0,1,3,0,0,76,1448,0.938225,1,0.4881,2,3,0,0,V3,1,1,-100,1,41.675,0,0,0,0,2,200
EDCF-Shield,v3b,FALCON1024+HMAC-SHA512+AES256GCM+DKG4of7,COMPROMISED_CTRL,30,11.19,42,CUMULATIVE,84,70582,16132,818,538,0.984603,0.950204,0.990486,0.988543,0.992435,96.77,100,0,0.659337,0,1,3,0,0,76,1448,0.938225,1,0.4881,2,3,0,0,V3,1,1,-100,1,41.675,0,0,0,0,1,200
EDCF-Shield,v3b,FALCON1024+HMAC-SHA512+AES256GCM+DKG4of7,COMPROMISED_CTRL,30,11.19,43,CYCLE,86,1680,400,20,14,0.983917,0.939073,0.989982,0.988235,0.991736,96.62,100,0,0.659328,0,1,3,0,0,76,1448,0.93851,1,0.4884,2,3,0,0,V3,1,1,-100,1,42.71,0,0,0,0,2,200
EDCF-Shield,v3b,FALCON1024+HMAC-SHA512+AES256GCM+DKG4of7,COMPROMISED_CTRL,30,11.19,43,CUMULATIVE,86,72262,16532,838,552,0.984587,0.950181,0.990474,0.988536,0.992419,96.77,100,0,0.659328,0,1,3,0,0,76,1448,0.93851,1,0.4884,2,3,0,0,V3,1,1,-100,1,42.71,0,0,0,0,1,200
EDCF-Shield,v3b,FALCON1024+HMAC-SHA512+AES256GCM+DKG4of7,COMPROMISED_CTRL,30,11.19,44,CYCLE,88,1680,400,20,14,0.983917,0.939304,0.989982,0.988235,0.991736,96.62,100,0,0.65932,0,1,3,0,0,76,1448,0.938782,1,0.4886,2,3,0,0,V3,1,1,-100,1,43.745,0,0,0,0,2,200
EDCF-Shield,v3b,FALCON1024+HMAC-SHA512+AES256GCM+DKG4of7,COMPROMISED_CTRL,30,11.19,44,CUMULATIVE,88,73942,16932,858,566,0.984572,0.95016,0.990463,0.988529,0.992404,96.77,100,0,0.65932,0,1,3,0,0,76,1448,0.938782,1,0.4886,2,3,0,0,V3,1,1,-100,1,43.745,0,0,0,0,1,200
EDCF-Shield,v3b,FALCON1024+HMAC-SHA512+AES256GCM+DKG4of7,COMPROMISED_CTRL,30,11.19,45,CYCLE,90,1680,400,20,12,0.984848,0.93959,0.990566,0.988235,0.992908,97.09,100,0,0.659337,0,1,3,0,0,76,1448,0.93904,1,0.4889,2,3,0,0,V3,1,1,-100,1,44.775,0,0,0,0,2,200
EDCF-Shield,v3b,FALCON1024+HMAC-SHA512+AES256GCM+DKG4of7,COMPROMISED_CTRL,30,11.19,45,CUMULATIVE,90,75622,17332,878,578,0.984578,0.950206,0.990465,0.988523,0.992415,96.77,100,0,0.659337,0,1,3,0,0,76,1448,0.93904,1,0.4889,2,3,0,0,V3,1,1,-100,1,44.775,0,0,0,0,1,200
EDCF-Shield,v3b,FALCON1024+HMAC-SHA512+AES256GCM+DKG4of7,COMPROMISED_CTRL,30,11.19,46,CYCLE,92,1680,400,20,14,0.983917,0.939801,0.989982,0.988235,0.991736,96.62,100,0,0.659329,0,1,3,0,0,76,1448,0.939289,1,0.4891,2,3,0,0,V3,1,1,-100,1,45.81,0,0,0,0,2,200
EDCF-Shield,v3b,FALCON1024+HMAC-SHA512+AES256GCM+DKG4of7,COMPROMISED_CTRL,30,11.19,46,CUMULATIVE,92,77302,17732,898,592,0.984563,0.950185,0.990454,0.988517,0.9924,96.77,100,0,0.659329,0,1,3,0,0,76,1448,0.939289,1,0.4891,2,3,0,0,V3,1,1,-100,1,45.81,0,0,0,0,1,200
EDCF-Shield,v3b,FALCON1024+HMAC-SHA512+AES256GCM+DKG4of7,COMPROMISED_CTRL,30,11.19,47,CYCLE,94,1680,400,20,14,0.983917,0.940002,0.989982,0.988235,0.991736,96.62,100,0,0.659321,0,1,3,0,0,76,1448,0.939525,1,0.4894,2,3,0,0,V3,1,1,-100,1,46.845,0,0,0,0,2,200
EDCF-Shield,v3b,FALCON1024+HMAC-SHA512+AES256GCM+DKG4of7,COMPROMISED_CTRL,30,11.19,47,CUMULATIVE,94,78982,18132,918,606,0.98455,0.950165,0.990444,0.988511,0.992386,96.77,100,0,0.659321,0,1,3,0,0,76,1448,0.939525,1,0.4894,2,3,0,0,V3,1,1,-100,1,46.845,0,0,0,0,1,200
EDCF-Shield,v3b,FALCON1024+HMAC-SHA512+AES256GCM+DKG4of7,COMPROMISED_CTRL,30,11.19,48,CYCLE,96,1680,400,20,12,0.984848,0.940255,0.990566,0.988235,0.992908,97.09,100,0,0.659338,0,1,3,0,0,76,1448,0.939752,1,0.4896,2,3,0,0,V3,1,1,-100,1,47.875,0,0,0,0,2,200
EDCF-Shield,v3b,FALCON1024+HMAC-SHA512+AES256GCM+DKG4of7,COMPROMISED_CTRL,30,11.19,48,CUMULATIVE,96,80662,18532,938,618,0.984556,0.950208,0.990447,0.988505,0.992397,96.77,100,0,0.659338,0,1,3,0,0,76,1448,0.939752,1,0.4896,2,3,0,0,V3,1,1,-100,1,47.875,0,0,0,0,1,200
EDCF-Shield,v3b,FALCON1024+HMAC-SHA512+AES256GCM+DKG4of7,COMPROMISED_CTRL,30,11.19,49,CYCLE,98,1680,400,20,14,0.983917,0.940439,0.989982,0.988235,0.991736,96.62,100,0,0.65933,0,1,3,0,0,76,1448,0.93997,1,0.4898,2,3,0,0,V3,1,1,-100,1,48.91,0,0,0,0,2,200
EDCF-Shield,v3b,FALCON1024+HMAC-SHA512+AES256GCM+DKG4of7,COMPROMISED_CTRL,30,11.19,49,CUMULATIVE,98,82342,18932,958,632,0.984543,0.950188,0.990437,0.988499,0.992383,96.77,100,0,0.65933,0,1,3,0,0,76,1448,0.93997,1,0.4898,2,3,0,0,V3,1,1,-100,1,48.91,0,0,0,0,1,200
EDCF-Shield,v3b,FALCON1024+HMAC-SHA512+AES256GCM+DKG4of7,COMPROMISED_CTRL,30,11.19,50,CYCLE,100,1680,400,20,14,0.983917,0.940615,0.989982,0.988235,0.991736,96.62,100,0,0.659323,0,1,3,0,0,76,1448,0.940178,1,0.49,2,3,0,0,V3,1,1,-100,1,49.945,0,0,0,0,2,200
EDCF-Shield,v3b,FALCON1024+HMAC-SHA512+AES256GCM+DKG4of7,COMPROMISED_CTRL,30,11.19,50,CUMULATIVE,100,84022,19332,978,646,0.98453,0.950169,0.990428,0.988494,0.99237,96.77,100,0,0.659323,0,1,3,0,0,76,1448,0.940178,1,0.49,2,3,0,0,V3,1,1,-100,1,49.945,0,0,0,0,1,200
EDCF-Shield,v3b,FALCON1024+HMAC-SHA512+AES256GCM+DKG4of7,COMPROMISED_CTRL,30,11.19,51,CYCLE,102,1680,400,20,12,0.984848,0.940842,0.990566,0.988235,0.992908,97.09,100,0,0.659338,0,1,3,0,0,76,1448,0.940378,1,0.4902,2,3,0,0,V3,1,1,-100,1,50.975,0,0,0,0,2,200
EDCF-Shield,v3b,FALCON1024+HMAC-SHA512+AES256GCM+DKG4of7,COMPROMISED_CTRL,30,11.19,51,CUMULATIVE,102,85702,19732,998,658,0.984536,0.950209,0.990431,0.988489,0.992381,96.77,100,0,0.659338,0,1,3,0,0,76,1448,0.940378,1,0.4902,2,3,0,0,V3,1,1,-100,1,50.975,0,0,0,0,1,200
EDCF-Shield,v3b,FALCON1024+HMAC-SHA512+AES256GCM+DKG4of7,COMPROMISED_CTRL,30,11.19,52,CYCLE,104,1680,400,20,14,0.983917,0.941004,0.989982,0.988235,0.991736,96.62,100,0,0.659331,0,1,3,0,0,76,1448,0.940571,1,0.4904,2,3,0,0,V3,1,1,-100,1,52.01,0,0,0,0,2,200
EDCF-Shield,v3b,FALCON1024+HMAC-SHA512+AES256GCM+DKG4of7,COMPROMISED_CTRL,30,11.19,52,CUMULATIVE,104,87382,20132,1018,672,0.984524,0.950191,0.990422,0.988484,0.992368,96.77,100,0,0.659331,0,1,3,0,0,76,1448,0.940571,1,0.4904,2,3,0,0,V3,1,1,-100,1,52.01,0,0,0,0,1,200
EDCF-Shield,v3b,FALCON1024+HMAC-SHA512+AES256GCM+DKG4of7,COMPROMISED_CTRL,30,11.19,53,CYCLE,106,1680,400,20,14,0.983917,0.941159,0.989982,0.988235,0.991736,96.62,100,0,0.659324,0,1,3,0,0,76,1448,0.940756,1,0.4906,2,3,0,0,V3,1,1,-100,1,53.045,0,0,0,0,2,200
EDCF-Shield,v3b,FALCON1024+HMAC-SHA512+AES256GCM+DKG4of7,COMPROMISED_CTRL,30,11.19,53,CUMULATIVE,106,89062,20532,1038,686,0.984513,0.950173,0.990414,0.988479,0.992356,96.77,100,0,0.659324,0,1,3,0,0,76,1448,0.940756,1,0.4906,2,3,0,0,V3,1,1,-100,1,53.045,0,0,0,0,1,200
EDCF-Shield,v3b,FALCON1024+HMAC-SHA512+AES256GCM+DKG4of7,COMPROMISED_CTRL,30,11.19,54,CYCLE,108,1680,400,20,12,0.984848,0.941363,0.990566,0.988235,0.992908,97.09,100,0,0.659338,0,1,3,0,0,76,1448,0.940933,1,0.4907,2,3,0,0,V3,1,1,-100,1,54.075,0,0,0,0,2,200
EDCF-Shield,v3b,FALCON1024+HMAC-SHA512+AES256GCM+DKG4of7,COMPROMISED_CTRL,30,11.19,54,CUMULATIVE,108,90742,20932,1058,698,0.984519,0.950211,0.990417,0.988475,0.992367,96.77,100,0,0.659338,0,1,3,0,0,76,1448,0.940933,1,0.4907,2,3,0,0,V3,1,1,-100,1,54.075,0,0,0,0,1,200
EDCF-Shield,v3b,FALCON1024+HMAC-SHA512+AES256GCM+DKG4of7,COMPROMISED_CTRL,30,11.19,55,CYCLE,110,1680,400,20,14,0.983917,0.941507,0.989982,0.988235,0.991736,96.62,100,0,0.659331,0,1,3,0,0,76,1448,0.941105,1,0.4909,2,3,0,0,V3,1,1,-100,1,55.11,0,0,0,0,2,200
EDCF-Shield,v3b,FALCON1024+HMAC-SHA512+AES256GCM+DKG4of7,COMPROMISED_CTRL,30,11.19,55,CUMULATIVE,110,92422,21332,1078,712,0.984508,0.950193,0.990409,0.988471,0.992355,96.77,100,0,0.659331,0,1,3,0,0,76,1448,0.941105,1,0.4909,2,3,0,0,V3,1,1,-100,1,55.11,0,0,0,0,1,200
EDCF-Shield,v3b,FALCON1024+HMAC-SHA512+AES256GCM+DKG4of7,COMPROMISED_CTRL,30,11.19,56,CYCLE,112,1680,400,20,14,0.983917,0.941645,0.989982,0.988235,0.991736,96.62,100,0,0.659325,0,1,3,0,0,76,1448,0.94127,1,0.4911,2,3,0,0,V3,1,1,-100,1,56.145,0,0,0,0,2,200
EDCF-Shield,v3b,FALCON1024+HMAC-SHA512+AES256GCM+DKG4of7,COMPROMISED_CTRL,30,11.19,56,CUMULATIVE,112,94102,21732,1098,726,0.984497,0.950176,0.990401,0.988466,0.992344,96.77,100,0,0.659325,0,1,3,0,0,76,1448,0.94127,1,0.4911,2,3,0,0,V3,1,1,-100,1,56.145,0,0,0,0,1,200
EDCF-Shield,v3b,FALCON1024+HMAC-SHA512+AES256GCM+DKG4of7,COMPROMISED_CTRL,30,11.19,57,CYCLE,114,1680,400,20,12,0.984848,0.94183,0.990566,0.988235,0.992908,97.09,100,0,0.659338,0,1,3,0,0,76,1448,0.941429,1,0.4912,2,3,0,0,V3,1,1,-100,1,57.175,0,0,0,0,2,200
EDCF-Shield,v3b,FALCON1024+HMAC-SHA512+AES256GCM+DKG4of7,COMPROMISED_CTRL,30,11.19,57,CUMULATIVE,114,95782,22132,1118,738,0.984504,0.950212,0.990404,0.988462,0.992354,96.77,100,0,0.659338,0,1,3,0,0,76,1448,0.941429,1,0.4912,2,3,0,0,V3,1,1,-100,1,57.175,0,0,0,0,1,200
EDCF-Shield,v3b,FALCON1024+HMAC-SHA512+AES256GCM+DKG4of7,COMPROMISED_CTRL,30,11.19,58,CYCLE,116,1680,400,20,14,0.983917,0.941958,0.989982,0.988235,0.991736,96.62,100,0,0.659332,0,1,3,0,0,76,1448,0.941584,1,0.4914,2,3,0,0,V3,1,1,-100,1,58.21,0,0,0,0,2,200
EDCF-Shield,v3b,FALCON1024+HMAC-SHA512+AES256GCM+DKG4of7,COMPROMISED_CTRL,30,11.19,58,CUMULATIVE,116,97462,22532,1138,752,0.984493,0.950195,0.990397,0.988458,0.992343,96.77,100,0,0.659332,0,1,3,0,0,76,1448,0.941584,1,0.4914,2,3,0,0,V3,1,1,-100,1,58.21,0,0,0,0,1,200
EDCF-Shield,v3b,FALCON1024+HMAC-SHA512+AES256GCM+DKG4of7,COMPROMISED_CTRL,30,11.19,59,CYCLE,118,1680,400,20,14,0.983917,0.942081,0.989982,0.988235,0.991736,96.62,100,0,0.659325,0,1,3,0,0,76,1448,0.941732,1,0.4915,2,3,0,0,V3,1,1,-100,1,59.245,0,0,0,0,2,200
EDCF-Shield,v3b,FALCON1024+HMAC-SHA512+AES256GCM+DKG4of7,COMPROMISED_CTRL,30,11.19,59,CUMULATIVE,118,99142,22932,1158,766,0.984484,0.950179,0.99039,0.988455,0.992333,96.77,100,0,0.659325,0,1,3,0,0,76,1448,0.941732,1,0.4915,2,3,0,0,V3,1,1,-100,1,59.245,0,0,0,0,1,200
EDCF-Shield,v3b,FALCON1024+HMAC-SHA512+AES256GCM+DKG4of7,COMPROMISED_CTRL,30,11.19,60,CYCLE,120,1680,400,20,12,0.984848,0.94225,0.990566,0.988235,0.992908,97.09,100,0,0.659338,0,1,3,0,0,76,1448,0.941875,1,0.4917,2,3,0,0,V3,1,1,-100,1,60.275,0,0,0,0,2,200
EDCF-Shield,v3b,FALCON1024+HMAC-SHA512+AES256GCM+DKG4of7,COMPROMISED_CTRL,30,11.19,60,CUMULATIVE,120,100822,23332,1178,778,0.98449,0.950213,0.990393,0.988451,0.992343,96.77,100,0,0.659338,0,1,3,0,0,76,1448,0.941875,1,0.4917,2,3,0,0,V3,1,1,-100,1,60.275,0,0,0,0,1,200
EDCF-Shield,v3b,FALCON1024+HMAC-SHA512+AES256GCM+DKG4of7,COMPROMISED_CTRL,30,11.19,61,CYCLE,122,1680,400,20,14,0.983917,0.942364,0.989982,0.988235,0.991736,96.62,100,0,0.659332,0,1,3,0,0,76,1448,0.942014,1,0.4918,2,3,0,0,V3,1,1,-100,1,61.31,0,0,0,0,2,200
EDCF-Shield,v3b,FALCON1024+HMAC-SHA512+AES256GCM+DKG4of7,COMPROMISED_CTRL,30,11.19,61,CUMULATIVE,122,102502,23732,1198,792,0.98448,0.950197,0.990386,0.988447,0.992333,96.77,100,0,0.659332,0,1,3,0,0,76,1448,0.942014,1,0.4918,2,3,0,0,V3,1,1,-100,1,61.31,0,0,0,0,1,200
EDCF-Shield,v3b,FALCON1024+HMAC-SHA512+AES256GCM+DKG4of7,COMPROMISED_CTRL,30,11.19,62,CYCLE,124,1680,400,20,14,0.983917,0.942476,0.989982,0.988235,0.991736,96.62,100,0,0.659326,0,1,3,0,0,76,1448,0.942148,1,0.4919,2,3,0,0,V3,1,1,-100,1,62.345,0,0,0,0,2,200
EDCF-Shield,v3b,FALCON1024+HMAC-SHA512+AES256GCM+DKG4of7,COMPROMISED_CTRL,30,11.19,62,CUMULATIVE,124,104182,24132,1218,806,0.984471,0.950181,0.99038,0.988444,0.992323,96.77,100,0,0.659326,0,1,3,0,0,76,1448,0.942148,1,0.4919,2,3,0,0,V3,1,1,-100,1,62.345,0,0,0,0,1,200
EDCF-Shield,v3b,FALCON1024+HMAC-SHA512+AES256GCM+DKG4of7,COMPROMISED_CTRL,30,11.19,63,CYCLE,126,1680,400,20,12,0.984848,0.94263,0.990566,0.988235,0.992908,97.09,100,0,0.659338,0,1,3,0,0,76,1448,0.942278,1,0.4921,2,3,0,0,V3,1,1,-100,1,63.375,0,0,0,0,2,200
EDCF-Shield,v3b,FALCON1024+HMAC-SHA512+AES256GCM+DKG4of7,COMPROMISED_CTRL,30,11.19,63,CUMULATIVE,126,105862,24532,1238,818,0.984477,0.950214,0.990383,0.988441,0.992332,96.77,100,0,0.659338,0,1,3,0,0,76,1448,0.942278,1,0.4921,2,3,0,0,V3,1,1,-100,1,63.375,0,0,0,0,1,200
EDCF-Shield,v3b,FALCON1024+HMAC-SHA512+AES256GCM+DKG4of7,COMPROMISED_CTRL,30,11.19,64,CYCLE,128,1680,400,20,14,0.983917,0.942733,0.989982,0.988235,0.991736,96.62,100,0,0.659333,0,1,3,0,0,76,1448,0.942404,1,0.4922,2,3,0,0,V3,1,1,-100,1,64.41,0,0,0,0,2,200
EDCF-Shield,v3b,FALCON1024+HMAC-SHA512+AES256GCM+DKG4of7,COMPROMISED_CTRL,30,11.19,64,CUMULATIVE,128,107542,24932,1258,832,0.984468,0.950198,0.990376,0.988437,0.992323,96.77,100,0,0.659333,0,1,3,0,0,76,1448,0.942404,1,0.4922,2,3,0,0,V3,1,1,-100,1,64.41,0,0,0,0,1,200
EDCF-Shield,v3b,FALCON1024+HMAC-SHA512+AES256GCM+DKG4of7,COMPROMISED_CTRL,30,11.19,65,CYCLE,130,1680,400,20,14,0.983917,0.942833,0.989982,0.988235,0.991736,96.62,100,0,0.659327,0,1,3,0,0,76,1448,0.942526,1,0.4923,2,3,0,0,V3,1,1,-100,1,65.445,0,0,0,0,2,200
EDCF-Shield,v3b,FALCON1024+HMAC-SHA512+AES256GCM+DKG4of7,COMPROMISED_CTRL,30,11.19,65,CUMULATIVE,130,109222,25332,1278,846,0.98446,0.950184,0.99037,0.988434,0.992314,96.77,100,0,0.659327,0,1,3,0,0,76,1448,0.942526,1,0.4923,2,3,0,0,V3,1,1,-100,1,65.445,0,0,0,0,1,200
EDCF-Shield,v3b,FALCON1024+HMAC-SHA512+AES256GCM+DKG4of7,COMPROMISED_CTRL,30,11.19,66,CYCLE,132,1680,400,20,12,0.984848,0.942975,0.990566,0.988235,0.992908,97.09,100,0,0.659338,0,1,3,0,0,76,1448,0.942643,1,0.4924,2,3,0,0,V3,1,1,-100,1,66.475,0,0,0,0,2,200
EDCF-Shield,v3b,FALCON1024+HMAC-SHA512+AES256GCM+DKG4of7,COMPROMISED_CTRL,30,11.19,66,CUMULATIVE,132,110902,25732,1298,858,0.984466,0.950214,0.990373,0.988431,0.992323,96.77,100,0,0.659338,0,1,3,0,0,76,1448,0.942643,1,0.4924,2,3,0,0,V3,1,1,-100,1,66.475,0,0,0,0,1,200
EDCF-Shield,v3b,FALCON1024+HMAC-SHA512+AES256GCM+DKG4of7,COMPROMISED_CTRL,30,11.19,67,CYCLE,134,1680,400,20,14,0.983917,0.943069,0.989982,0.988235,0.991736,96.62,100,0,0.659333,0,1,3,0,0,76,1448,0.942758,1,0.4925,2,3,0,0,V3,1,1,-100,1,67.51,0,0,0,0,2,200
EDCF-Shield,v3b,FALCON1024+HMAC-SHA512+AES256GCM+DKG4of7,COMPROMISED_CTRL,30,11.19,67,CUMULATIVE,134,112582,26132,1318,872,0.984458,0.9502,0.990367,0.988428,0.992314,96.77,100,0,0.659333,0,1,3,0,0,76,1448,0.942758,1,0.4925,2,3,0,0,V3,1,1,-100,1,67.51,0,0,0,0,1,200
EDCF-Shield,v3b,FALCON1024+HMAC-SHA512+AES256GCM+DKG4of7,COMPROMISED_CTRL,30,11.19,68,CYCLE,136,1680,400,20,14,0.983917,0.94316,0.989982,0.988235,0.991736,96.62,100,0,0.659328,0,1,3,0,0,76,1448,0.942869,1,0.4926,2,3,0,0,V3,1,1,-100,1,68.545,0,0,0,0,2,200
EDCF-Shield,v3b,FALCON1024+HMAC-SHA512+AES256GCM+DKG4of7,COMPROMISED_CTRL,30,11.19,68,CUMULATIVE,136,114262,26532,1338,886,0.98445,0.950186,0.990362,0.988426,0.992306,96.77,100,0,0.659328,0,1,3,0,0,76,1448,0.942869,1,0.4926,2,3,0,0,V3,1,1,-100,1,68.545,0,0,0,0,1,200
EDCF-Shield,v3b,FALCON1024+HMAC-SHA512+AES256GCM+DKG4of7,COMPROMISED_CTRL,30,11.19,69,CYCLE,138,1680,400,20,12,0.984848,0.94329,0.990566,0.988235,0.992908,97.09,100,0,0.659339,0,1,3,0,0,76,1448,0.942977,1,0.4928,2,3,0,0,V3,1,1,-100,1,69.575,0,0,0,0,2,200
EDCF-Shield,v3b,FALCON1024+HMAC-SHA512+AES256GCM+DKG4of7,COMPROMISED_CTRL,30,11.19,69,CUMULATIVE,138,115942,26932,1358,898,0.984455,0.950215,0.990365,0.988423,0.992314,96.77,100,0,0.659339,0,1,3,0,0,76,1448,0.942977,1,0.4928,2,3,0,0,V3,1,1,-100,1,69.575,0,0,0,0,1,200
EDCF-Shield,v3b,FALCON1024+HMAC-SHA512+AES256GCM+DKG4of7,COMPROMISED_CTRL,30,11.19,70,CYCLE,140,1680,400,20,14,0.983917,0.943375,0.989982,0.988235,0.991736,96.62,100,0,0.659333,0,1,3,0,0,76,1448,0.943082,1,0.4929,2,3,0,0,V3,1,1,-100,1,70.61,0,0,0,0,2,200
EDCF-Shield,v3b,FALCON1024+HMAC-SHA512+AES256GCM+DKG4of7,COMPROMISED_CTRL,30,11.19,70,CUMULATIVE,140,117622,27332,1378,912,0.984448,0.950201,0.990359,0.98842,0.992306,96.77,100,0,0.659333,0,1,3,0,0,76,1448,0.943082,1,0.4929,2,3,0,0,V3,1,1,-100,1,70.61,0,0,0,0,1,200
EDCF-Shield,v3b,FALCON1024+HMAC-SHA512+AES256GCM+DKG4of7,COMPROMISED_CTRL,30,11.19,71,CYCLE,142,1680,400,20,14,0.983917,0.943458,0.989982,0.988235,0.991736,96.62,100,0,0.659328,0,1,3,0,0,76,1448,0.943183,1,0.493,2,3,0,0,V3,1,1,-100,1,71.645,0,0,0,0,2,200
EDCF-Shield,v3b,FALCON1024+HMAC-SHA512+AES256GCM+DKG4of7,COMPROMISED_CTRL,30,11.19,71,CUMULATIVE,142,119302,27732,1398,926,0.98444,0.950188,0.990354,0.988418,0.992298,96.77,100,0,0.659328,0,1,3,0,0,76,1448,0.943183,1,0.493,2,3,0,0,V3,1,1,-100,1,71.645,0,0,0,0,1,200
EDCF-Shield,v3b,FALCON1024+HMAC-SHA512+AES256GCM+DKG4of7,COMPROMISED_CTRL,30,11.19,72,CYCLE,144,1680,400,20,12,0.984848,0.943579,0.990566,0.988235,0.992908,97.09,100,0,0.659339,0,1,3,0,0,76,1448,0.943282,1,0.4931,2,3,0,0,V3,1,1,-100,1,72.675,0,0,0,0,2,200
EDCF-Shield,v3b,FALCON1024+HMAC-SHA512+AES256GCM+DKG4of7,COMPROMISED_CTRL,30,11.19,72,CUMULATIVE,144,120982,28132,1418,938,0.984446,0.950216,0.990357,0.988415,0.992306,96.77,100,0,0.659339,0,1,3,0,0,76,1448,0.943282,1,0.4931,2,3,0,0,V3,1,1,-100,1,72.675,0,0,0,0,1,200
EDCF-Shield,v3b,FALCON1024+HMAC-SHA512+AES256GCM+DKG4of7,COMPROMISED_CTRL,30,11.19,73,CYCLE,146,1680,400,20,14,0.983917,0.943657,0.989982,0.988235,0.991736,96.62,100,0,0.659334,0,1,3,0,0,76,1448,0.943378,1,0.4932,2,3,0,0,V3,1,1,-100,1,73.71,0,0,0,0,2,200
EDCF-Shield,v3b,FALCON1024+HMAC-SHA512+AES256GCM+DKG4of7,COMPROMISED_CTRL,30,11.19,73,CUMULATIVE,146,122662,28532,1438,952,0.984438,0.950202,0.990352,0.988413,0.992299,96.77,100,0,0.659334,0,1,3,0,0,76,1448,0.943378,1,0.4932,2,3,0,0,V3,1,1,-100,1,73.71,0,0,0,0,1,200
EDCF-Shield,v3b,FALCON1024+HMAC-SHA512+AES256GCM+DKG4of7,COMPROMISED_CTRL,30,11.19,74,CYCLE,148,1680,400,20,14,0.983917,0.943733,0.989982,0.988235,0.991736,96.62,100,0,0.659329,0,1,3,0,0,76,1448,0.943472,1,0.4932,2,3,0,0,V3,1,1,-100,1,74.745,0,0,0,0,2,200
EDCF-Shield,v3b,FALCON1024+HMAC-SHA512+AES256GCM+DKG4of7,COMPROMISED_CTRL,30,11.19,74,CUMULATIVE,148,124342,28932,1458,966,0.984431,0.950189,0.990347,0.98841,0.992291,96.77,100,0,0.659329,0,1,3,0,0,76,1448,0.943472,1,0.4932,2,3,0,0,V3,1,1,-100,1,74.745,0,0,0,0,1,200
EDCF-Shield,v3b,FALCON1024+HMAC-SHA512+AES256GCM+DKG4of7,COMPROMISED_CTRL,30,11.19,75,CYCLE,150,1680,400,20,12,0.984848,0.943845,0.990566,0.988235,0.992908,97.09,100,0,0.659339,0,1,3,0,0,76,1448,0.943563,1,0.4933,2,3,0,0,V3,1,1,-100,1,75.775,0,0,0,0,2,200
EDCF-Shield,v3b,FALCON1024+HMAC-SHA512+AES256GCM+DKG4of7,COMPROMISED_CTRL,30,11.19,75,CUMULATIVE,150,126022,29332,1478,978,0.984437,0.950216,0.99035,0.988408,0.992299,96.77,100,0,0.659339,0,1,3,0,0,76,1448,0.943563,1,0.4933,2,3,0,0,V3,1,1,-100,1,75.775,0,0,0,0,1,200
EDCF-Shield,v3b,FALCON1024+HMAC-SHA512+AES256GCM+DKG4of7,COMPROMISED_CTRL,30,11.19,76,CYCLE,152,1680,400,20,14,0.983917,0.943916,0.989982,0.988235,0.991736,96.62,100,0,0.659334,0,1,3,0,0,76,1448,0.943651,1,0.4934,2,3,0,0,V3,1,1,-100,1,76.81,0,0,0,0,2,200
EDCF-Shield,v3b,FALCON1024+HMAC-SHA512+AES256GCM+DKG4of7,COMPROMISED_CTRL,30,11.19,76,CUMULATIVE,152,127702,29732,1498,992,0.98443,0.950203,0.990345,0.988406,0.992292,96.77,100,0,0.659334,0,1,3,0,0,76,1448,0.943651,1,0.4934,2,3,0,0,V3,1,1,-100,1,76.81,0,0,0,0,1,200
EDCF-Shield,v3b,FALCON1024+HMAC-SHA512+AES256GCM+DKG4of7,COMPROMISED_CTRL,30,11.19,77,CYCLE,154,1680,400,20,14,0.983917,0.943986,0.989982,0.988235,0.991736,96.62,100,0,0.659329,0,1,3,0,0,76,1448,0.943737,1,0.4935,2,3,0,0,V3,1,1,-100,1,77.845,0,0,0,0,2,200
EDCF-Shield,v3b,FALCON1024+HMAC-SHA512+AES256GCM+DKG4of7,COMPROMISED_CTRL,30,11.19,77,CUMULATIVE,154,129382,30132,1518,1006,0.984423,0.950191,0.99034,0.988403,0.992285,96.77,100,0,0.659329,0,1,3,0,0,76,1448,0.943737,1,0.4935,2,3,0,0,V3,1,1,-100,1,77.845,0,0,0,0,1,200
EDCF-Shield,v3b,FALCON1024+HMAC-SHA512+AES256GCM+DKG4of7,COMPROMISED_CTRL,30,11.19,78,CYCLE,156,1680,400,20,12,0.984848,0.944091,0.990566,0.988235,0.992908,97.09,100,0,0.659339,0,1,3,0,0,76,1448,0.943821,1,0.4936,2,3,0,0,V3,1,1,-100,1,78.875,0,0,0,0,2,200
EDCF-Shield,v3b,FALCON1024+HMAC-SHA512+AES256GCM+DKG4of7,COMPROMISED_CTRL,30,11.19,78,CUMULATIVE,156,131062,30532,1538,1018,0.984429,0.950217,0.990343,0.988401,0.992293,96.77,100,0,0.659339,0,1,3,0,0,76,1448,0.943821,1,0.4936,2,3,0,0,V3,1,1,-100,1,78.875,0,0,0,0,1,200
EDCF-Shield,v3b,FALCON1024+HMAC-SHA512+AES256GCM+DKG4of7,COMPROMISED_CTRL,30,11.19,79,CYCLE,158,1680,400,20,14,0.983917,0.944156,0.989982,0.988235,0.991736,96.62,100,0,0.659334,0,1,3,0,0,76,1448,0.943903,1,0.4937,2,3,0,0,V3,1,1,-100,1,79.91,0,0,0,0,2,200
EDCF-Shield,v3b,FALCON1024+HMAC-SHA512+AES256GCM+DKG4of7,COMPROMISED_CTRL,30,11.19,79,CUMULATIVE,158,132742,30932,1558,1032,0.984422,0.950204,0.990338,0.988399,0.992285,96.77,100,0,0.659334,0,1,3,0,0,76,1448,0.943903,1,0.4937,2,3,0,0,V3,1,1,-100,1,79.91,0,0,0,0,1,200
EDCF-Shield,v3b,FALCON1024+HMAC-SHA512+AES256GCM+DKG4of7,COMPROMISED_CTRL,30,11.19,80,CYCLE,160,1680,400,20,14,0.983917,0.94422,0.989982,0.988235,0.991736,96.62,100,0,0.65933,0,1,3,0,0,76,1448,0.943983,1,0.4938,2,3,0,0,V3,1,1,-100,1,80.945,0,0,0,0,2,200
EDCF-Shield,v3b,FALCON1024+HMAC-SHA512+AES256GCM+DKG4of7,COMPROMISED_CTRL,30,11.19,80,CUMULATIVE,160,134422,31332,1578,1046,0.984416,0.950192,0.990334,0.988397,0.992279,96.77,100,0,0.65933,0,1,3,0,0,76,1448,0.943983,1,0.4938,2,3,0,0,V3,1,1,-100,1,80.945,0,0,0,0,1,200
EDCF-Shield,v3b,FALCON1024+HMAC-SHA512+AES256GCM+DKG4of7,COMPROMISED_CTRL,30,11.19,81,CYCLE,162,1680,400,20,12,0.984848,0.944318,0.990566,0.988235,0.992908,97.09,100,0,0.659339,0,1,3,0,0,76,1448,0.944061,1,0.4938,2,3,0,0,V3,1,1,-100,1,81.975,0,0,0,0,2,200
EDCF-Shield,v3b,FALCON1024+HMAC-SHA512+AES256GCM+DKG4of7,COMPROMISED_CTRL,30,11.19,81,CUMULATIVE,162,136102,31732,1598,1058,0.984421,0.950217,0.990337,0.988395,0.992286,96.77,100,0,0.659339,0,1,3,0,0,76,1448,0.944061,1,0.4938,2,3,0,0,V3,1,1,-100,1,81.975,0,0,0,0,1,200
EDCF-Shield,v3b,FALCON1024+HMAC-SHA512+AES256GCM+DKG4of7,COMPROMISED_CTRL,30,11.19,82,CYCLE,164,1680,400,20,14,0.983917,0.944378,0.989982,0.988235,0.991736,96.62,100,0,0.659334,0,1,3,0,0,76,1448,0.944137,1,0.4939,2,3,0,0,V3,1,1,-100,1,83.01,0,0,0,0,2,200
EDCF-Shield,v3b,FALCON1024+HMAC-SHA512+AES256GCM+DKG4of7,COMPROMISED_CTRL,30,11.19,82,CUMULATIVE,164,137782,32132,1618,1072,0.984415,0.950205,0.990333,0.988393,0.99228,96.77,100,0,0.659334,0,1,3,0,0,76,1448,0.944137,1,0.4939,2,3,0,0,V3,1,1,-100,1,83.01,0,0,0,0,1,200
EDCF-Shield,v3b,FALCON1024+HMAC-SHA512+AES256GCM+DKG4of7,COMPROMISED_CTRL,30,11.19,83,CYCLE,166,1680,400,20,14,0.983917,0.944437,0.989982,0.988235,0.991736,96.62,100,0,0.65933,0,1,3,0,0,76,1448,0.944211,1,0.494,2,3,0,0,V3,1,1,-100,1,84.045,0,0,0,0,2,200
EDCF-Shield,v3b,FALCON1024+HMAC-SHA512+AES256GCM+DKG4of7,COMPROMISED_CTRL,30,11.19,83,CUMULATIVE,166,139462,32532,1638,1086,0.984409,0.950194,0.990328,0.988391,0.992273,96.77,100,0,0.65933,0,1,3,0,0,76,1448,0.944211,1,0.494,2,3,0,0,V3,1,1,-100,1,84.045,0,0,0,0,1,200
EDCF-Shield,v3b,FALCON1024+HMAC-SHA512+AES256GCM+DKG4of7,COMPROMISED_CTRL,30,11.19,84,CYCLE,168,1680,400,20,12,0.984848,0.944529,0.990566,0.988235,0.992908,97.09,100,0,0.659339,0,1,3,0,0,76,1448,0.944283,1,0.494,2,3,0,0,V3,1,1,-100,1,85.075,0,0,0,0,2,200
EDCF-Shield,v3b,FALCON1024+HMAC-SHA512+AES256GCM+DKG4of7,COMPROMISED_CTRL,30,11.19,84,CUMULATIVE,168,141142,32932,1658,1098,0.984414,0.950217,0.990331,0.988389,0.992281,96.77,100,0,0.659339,0,1,3,0,0,76,1448,0.944283,1,0.494,2,3,0,0,V3,1,1,-100,1,85.075,0,0,0,0,1,200
EDCF-Shield,v3b,FALCON1024+HMAC-SHA512+AES256GCM+DKG4of7,COMPROMISED_CTRL,30,11.19,85,CYCLE,170,1680,400,20,14,0.983917,0.944584,0.989982,0.988235,0.991736,96.62,100,0,0.659335,0,1,3,0,0,76,1448,0.944353,1,0.4941,2,3,0,0,V3,1,1,-100,1,86.11,0,0,0,0,2,200
EDCF-Shield,v3b,FALCON1024+HMAC-SHA512+AES256GCM+DKG4of7,COMPROMISED_CTRL,30,11.19,85,CUMULATIVE,170,142822,33332,1678,1112,0.984409,0.950206,0.990327,0.988388,0.992274,96.77,100,0,0.659335,0,1,3,0,0,76,1448,0.944353,1,0.4941,2,3,0,0,V3,1,1,-100,1,86.11,0,0,0,0,1,200
EDCF-Shield,v3b,FALCON1024+HMAC-SHA512+AES256GCM+DKG4of7,COMPROMISED_CTRL,30,11.19,86,CYCLE,172,1680,400,20,14,0.983917,0.944639,0.989982,0.988235,0.991736,96.62,100,0,0.65933,0,1,3,0,0,76,1448,0.944422,1,0.4942,2,3,0,0,V3,1,1,-100,1,87.145,0,0,0,0,2,200
EDCF-Shield,v3b,FALCON1024+HMAC-SHA512+AES256GCM+DKG4of7,COMPROMISED_CTRL,30,11.19,86,CUMULATIVE,172,144502,33732,1698,1126,0.984403,0.950195,0.990323,0.988386,0.992268,96.77,100,0,0.65933,0,1,3,0,0,76,1448,0.944422,1,0.4942,2,3,0,0,V3,1,1,-100,1,87.145,0,0,0,0,1,200
EDCF-Shield,v3b,FALCON1024+HMAC-SHA512+AES256GCM+DKG4of7,COMPROMISED_CTRL,30,11.19,87,CYCLE,174,1680,400,20,12,0.984848,0.944725,0.990566,0.988235,0.992908,97.09,100,0,0.659339,0,1,3,0,0,76,1448,0.944489,1,0.4943,2,3,0,0,V3,1,1,-100,1,88.175,0,0,0,0,2,200
EDCF-Shield,v3b,FALCON1024+HMAC-SHA512+AES256GCM+DKG4of7,COMPROMISED_CTRL,30,11.19,87,CUMULATIVE,174,146182,34132,1718,1138,0.984408,0.950218,0.990326,0.988384,0.992275,96.77,100,0,0.659339,0,1,3,0,0,76,1448,0.944489,1,0.4943,2,3,0,0,V3,1,1,-100,1,88.175,0,0,0,0,1,200
EDCF-Shield,v3b,FALCON1024+HMAC-SHA512+AES256GCM+DKG4of7,COMPROMISED_CTRL,30,11.19,88,CYCLE,176,1680,400,20,14,0.983917,0.944777,0.989982,0.988235,0.991736,96.62,100,0,0.659335,0,1,3,0,0,76,1448,0.944555,1,0.4943,2,3,0,0,V3,1,1,-100,1,89.21,0,0,0,0,2,200
EDCF-Shield,v3b,FALCON1024+HMAC-SHA512+AES256GCM+DKG4of7,COMPROMISED_CTRL,30,11.19,88,CUMULATIVE,176,147862,34532,1738,1152,0.984402,0.950207,0.990322,0.988382,0.992269,96.77,100,0,0.659335,0,1,3,0,0,76,1448,0.944555,1,0.4943,2,3,0,0,V3,1,1,-100,1,89.21,0,0,0,0,1,200
EDCF-Shield,v3b,FALCON1024+HMAC-SHA512+AES256GCM+DKG4of7,COMPROMISED_CTRL,30,11.19,89,CYCLE,178,1680,400,20,14,0.983917,0.944827,0.989982,0.988235,0.991736,96.62,100,0,0.659331,0,1,3,0,0,76,1448,0.944619,1,0.4944,2,3,0,0,V3,1,1,-100,1,90.245,0,0,0,0,2,200
EDCF-Shield,v3b,FALCON1024+HMAC-SHA512+AES256GCM+DKG4of7,COMPROMISED_CTRL,30,11.19,89,CUMULATIVE,178,149542,34932,1758,1166,0.984397,0.950196,0.990318,0.988381,0.992263,96.77,100,0,0.659331,0,1,3,0,0,76,1448,0.944619,1,0.4944,2,3,0,0,V3,1,1,-100,1,90.245,0,0,0,0,1,200
EDCF-Shield,v3b,FALCON1024+HMAC-SHA512+AES256GCM+DKG4of7,COMPROMISED_CTRL,30,11.19,90,CYCLE,180,1680,400,20,12,0.984848,0.944909,0.990566,0.988235,0.992908,97.09,100,0,0.659339,0,1,3,0,0,76,1448,0.944682,1,0.4944,2,3,0,0,V3,1,1,-100,1,91.275,0,0,0,0,2,200
EDCF-Shield,v3b,FALCON1024+HMAC-SHA512+AES256GCM+DKG4of7,COMPROMISED_CTRL,30,11.19,90,CUMULATIVE,180,151222,35332,1778,1178,0.984402,0.950218,0.990321,0.988379,0.99227,96.77,100,0,0.659339,0,1,3,0,0,76,1448,0.944682,1,0.4944,2,3,0,0,V3,1,1,-100,1,91.275,0,0,0,0,1,200
EDCF-Shield,v3b,FALCON1024+HMAC-SHA512+AES256GCM+DKG4of7,COMPROMISED_CTRL,30,11.19,91,CYCLE,182,1680,400,20,14,0.983917,0.944957,0.989982,0.988235,0.991736,96.62,100,0,0.659335,0,1,3,0,0,76,1448,0.944744,1,0.4945,2,3,0,0,V3,1,1,-100,1,92.31,0,0,0,0,2,200
EDCF-Shield,v3b,FALCON1024+HMAC-SHA512+AES256GCM+DKG4of7,COMPROMISED_CTRL,30,11.19,91,CUMULATIVE,182,152902,35732,1798,1192,0.984397,0.950207,0.990317,0.988378,0.992264,96.77,100,0,0.659335,0,1,3,0,0,76,1448,0.944744,1,0.4945,2,3,0,0,V3,1,1,-100,1,92.31,0,0,0,0,1,200
EDCF-Shield,v3b,FALCON1024+HMAC-SHA512+AES256GCM+DKG4of7,COMPROMISED_CTRL,30,11.19,92,CYCLE,184,1680,400,20,14,0.983917,0.945003,0.989982,0.988235,0.991736,96.62,100,0,0.659331,0,1,3,0,0,76,1448,0.944804,1,0.4946,2,3,0,0,V3,1,1,-100,1,93.345,0,0,0,0,2,200
EDCF-Shield,v3b,FALCON1024+HMAC-SHA512+AES256GCM+DKG4of7,COMPROMISED_CTRL,30,11.19,92,CUMULATIVE,184,154582,36132,1818,1206,0.984391,0.950197,0.990314,0.988376,0.992259,96.77,100,0,0.659331,0,1,3,0,0,76,1448,0.944804,1,0.4946,2,3,0,0,V3,1,1,-100,1,93.345,0,0,0,0,1,200
EDCF-Shield,v3b,FALCON1024+HMAC-SHA512+AES256GCM+DKG4of7,COMPROMISED_CTRL,30,11.19,93,CYCLE,186,1680,400,20,12,0.984848,0.94508,0.990566,0.988235,0.992908,97.09,100,0,0.659339,0,1,3,0,0,76,1448,0.944862,1,0.4946,2,3,0,0,V3,1,1,-100,1,94.375,0,0,0,0,2,200
EDCF-Shield,v3b,FALCON1024+HMAC-SHA512+AES256GCM+DKG4of7,COMPROMISED_CTRL,30,11.19,93,CUMULATIVE,186,156262,36532,1838,1218,0.984396,0.950218,0.990316,0.988374,0.992266,96.77,100,0,0.659339,0,1,3,0,0,76,1448,0.944862,1,0.4946,2,3,0,0,V3,1,1,-100,1,94.375,0,0,0,0,1,200
EDCF-Shield,v3b,FALCON1024+HMAC-SHA512+AES256GCM+DKG4of7,COMPROMISED_CTRL,30,11.19,94,CYCLE,188,1680,400,20,14,0.983917,0.945125,0.989982,0.988235,0.991736,96.62,100,0,0.659335,0,1,3,0,0,76,1448,0.94492,1,0.4947,2,3,0,0,V3,1,1,-100,1,95.41,0,0,0,0,2,200
EDCF-Shield,v3b,FALCON1024+HMAC-SHA512+AES256GCM+DKG4of7,COMPROMISED_CTRL,30,11.19,94,CUMULATIVE,188,157942,36932,1858,1232,0.984391,0.950208,0.990313,0.988373,0.99226,96.77,100,0,0.659335,0,1,3,0,0,76,1448,0.94492,1,0.4947,2,3,0,0,V3,1,1,-100,1,95.41,0,0,0,0,1,200
EDCF-Shield,v3b,FALCON1024+HMAC-SHA512+AES256GCM+DKG4of7,COMPROMISED_CTRL,30,11.19,95,CYCLE,190,1680,400,20,14,0.983917,0.945168,0.989982,0.988235,0.991736,96.62,100,0,0.659331,0,1,3,0,0,76,1448,0.944976,1,0.4947,2,3,0,0,V3,1,1,-100,1,96.445,0,0,0,0,2,200
EDCF-Shield,v3b,FALCON1024+HMAC-SHA512+AES256GCM+DKG4of7,COMPROMISED_CTRL,30,11.19,95,CUMULATIVE,190,159622,37332,1878,1246,0.984386,0.950198,0.990309,0.988372,0.992255,96.77,100,0,0.659331,0,1,3,0,0,76,1448,0.944976,1,0.4947,2,3,0,0,V3,1,1,-100,1,96.445,0,0,0,0,1,200
EDCF-Shield,v3b,FALCON1024+HMAC-SHA512+AES256GCM+DKG4of7,COMPROMISED_CTRL,30,11.19,96,CYCLE,192,1680,400,20,12,0.984848,0.945241,0.990566,0.988235,0.992908,97.09,100,0,0.659339,0,1,3,0,0,76,1448,0.945031,1,0.4948,2,3,0,0,V3,1,1,-100,1,97.475,0,0,0,0,2,200
EDCF-Shield,v3b,FALCON1024+HMAC-SHA512+AES256GCM+DKG4of7,COMPROMISED_CTRL,30,11.19,96,CUMULATIVE,192,161302,37732,1898,1258,0.984391,0.950219,0.990312,0.98837,0.992261,96.77,100,0,0.659339,0,1,3,0,0,76,1448,0.945031,1,0.4948,2,3,0,0,V3,1,1,-100,1,97.475,0,0,0,0,1,200
EDCF-Shield,v3b,FALCON1024+HMAC-SHA512+AES256GCM+DKG4of7,COMPROMISED_CTRL,30,11.19,97,CYCLE,194,1680,400,20,14,0.983917,0.945283,0.989982,0.988235,0.991736,96.62,100,0,0.659335,0,1,3,0,0,76,1448,0.945085,1,0.4948,2,3,0,0,V3,1,1,-100,1,98.51,0,0,0,0,2,200
EDCF-Shield,v3b,FALCON1024+HMAC-SHA512+AES256GCM+DKG4of7,COMPROMISED_CTRL,30,11.19,97,CUMULATIVE,194,162982,38132,1918,1272,0.984386,0.950209,0.990308,0.988369,0.992256,96.77,100,0,0.659335,0,1,3,0,0,76,1448,0.945085,1,0.4948,2,3,0,0,V3,1,1,-100,1,98.51,0,0,0,0,1,200
EDCF-Shield,v3b,FALCON1024+HMAC-SHA512+AES256GCM+DKG4of7,COMPROMISED_CTRL,30,11.19,98,CYCLE,196,1680,400,20,14,0.983917,0.945323,0.989982,0.988235,0.991736,96.62,100,0,0.659332,0,1,3,0,0,76,1448,0.945138,1,0.4949,2,3,0,0,V3,1,1,-100,1,99.545,0,0,0,0,2,200
EDCF-Shield,v3b,FALCON1024+HMAC-SHA512+AES256GCM+DKG4of7,COMPROMISED_CTRL,30,11.19,98,CUMULATIVE,196,164662,38532,1938,1286,0.984381,0.950199,0.990305,0.988367,0.992251,96.77,100,0,0.659332,0,1,3,0,0,76,1448,0.945138,1,0.4949,2,3,0,0,V3,1,1,-100,1,99.545,0,0,0,0,1,200
EDCF-Shield,v3b,FALCON1024+HMAC-SHA512+AES256GCM+DKG4of7,COMPROMISED_CTRL,30,11.19,99,CYCLE,198,1680,400,20,12,0.984848,0.945392,0.990566,0.988235,0.992908,97.09,100,0,0.659339,0,1,3,0,0,76,1448,0.94519,1,0.4949,2,3,0,0,V3,1,1,-100,1,100.575,0,0,0,0,2,200
EDCF-Shield,v3b,FALCON1024+HMAC-SHA512+AES256GCM+DKG4of7,COMPROMISED_CTRL,30,11.19,99,CUMULATIVE,198,166342,38932,1958,1298,0.984386,0.950219,0.990308,0.988366,0.992257,96.77,100,0,0.659339,0,1,3,0,0,76,1448,0.94519,1,0.4949,2,3,0,0,V3,1,1,-100,1,100.575,0,0,0,0,1,200
EDCF-Shield,v3b,FALCON1024+HMAC-SHA512+AES256GCM+DKG4of7,COMPROMISED_CTRL,30,11.19,100,CYCLE,200,1680,400,20,14,0.983917,0.945431,0.989982,0.988235,0.991736,96.62,100,0,0.659336,0,1,3,0,0,76,1448,0.94524,1,0.495,2,3,0,0,V3,1,1,-100,1,101.61,0,0,0,0,2,200
EDCF-Shield,v3b,FALCON1024+HMAC-SHA512+AES256GCM+DKG4of7,COMPROMISED_CTRL,30,11.19,100,CUMULATIVE,200,168022,39332,1978,1312,0.984381,0.950209,0.990305,0.988365,0.992252,96.77,100,0,0.659336,0,1,3,0,0,76,1448,0.94524,1,0.495,2,3,0,0,V3,1,1,-100,1,101.61,0,0,0,0,1,200
EDCF-Shield,v3b,FALCON1024+HMAC-SHA512+AES256GCM+DKG4of7,COMPROMISED_CTRL,30,11.19,101,CYCLE,202,1680,400,20,14,0.983917,0.945469,0.989982,0.988235,0.991736,96.62,100,0,0.659332,0,1,3,0,0,76,1448,0.94529,1,0.495,2,3,0,0,V3,1,1,-100,1,102.645,0,0,0,0,2,200
EDCF-Shield,v3b,FALCON1024+HMAC-SHA512+AES256GCM+DKG4of7,COMPROMISED_CTRL,30,11.19,101,CUMULATIVE,202,169702,39732,1998,1326,0.984377,0.9502,0.990301,0.988363,0.992247,96.77,100,0,0.659332,0,1,3,0,0,76,1448,0.94529,1,0.495,2,3,0,0,V3,1,1,-100,1,102.645,0,0,0,0,1,200
EDCF-Shield,v3b,FALCON1024+HMAC-SHA512+AES256GCM+DKG4of7,COMPROMISED_CTRL,30,11.19,102,CYCLE,204,1680,400,20,12,0.984848,0.945534,0.990566,0.988235,0.992908,97.09,100,0,0.659339,0,1,3,0,0,76,1448,0.945339,1,0.4951,2,3,0,0,V3,1,1,-100,1,103.675,0,0,0,0,2,200
EDCF-Shield,v3b,FALCON1024+HMAC-SHA512+AES256GCM+DKG4of7,COMPROMISED_CTRL,30,11.19,102,CUMULATIVE,204,171382,40132,2018,1338,0.984381,0.950219,0.990304,0.988362,0.992253,96.77,100,0,0.659339,0,1,3,0,0,76,1448,0.945339,1,0.4951,2,3,0,0,V3,1,1,-100,1,103.675,0,0,0,0,1,200
EDCF-Shield,v3b,FALCON1024+HMAC-SHA512+AES256GCM+DKG4of7,COMPROMISED_CTRL,30,11.19,103,CYCLE,206,1680,400,20,14,0.983917,0.945571,0.989982,0.988235,0.991736,96.62,100,0,0.659336,0,1,3,0,0,76,1448,0.945387,1,0.4951,2,3,0,0,V3,1,1,-100,1,104.71,0,0,0,0,2,200
EDCF-Shield,v3b,FALCON1024+HMAC-SHA512+AES256GCM+DKG4of7,COMPROMISED_CTRL,30,11.19,103,CUMULATIVE,206,173062,40532,2038,1352,0.984377,0.95021,0.990301,0.988361,0.992248,96.77,100,0,0.659336,0,1,3,0,0,76,1448,0.945387,1,0.4951,2,3,0,0,V3,1,1,-100,1,104.71,0,0,0,0,1,200
EDCF-Shield,v3b,FALCON1024+HMAC-SHA512+AES256GCM+DKG4of7,COMPROMISED_CTRL,30,11.19,104,CYCLE,208,1680,400,20,14,0.983917,0.945606,0.989982,0.988235,0.991736,96.62,100,0,0.659332,0,1,3,0,0,76,1448,0.945433,1,0.4952,2,3,0,0,V3,1,1,-100,1,105.745,0,0,0,0,2,200
EDCF-Shield,v3b,FALCON1024+HMAC-SHA512+AES256GCM+DKG4of7,COMPROMISED_CTRL,30,11.19,104,CUMULATIVE,208,174742,40932,2058,1366,0.984372,0.9502,0.990298,0.98836,0.992243,96.77,100,0,0.659332,0,1,3,0,0,76,1448,0.945433,1,0.4952,2,3,0,0,V3,1,1,-100,1,105.745,0,0,0,0,1,200
EDCF-Shield,v3b,FALCON1024+HMAC-SHA512+AES256GCM+DKG4of7,COMPROMISED_CTRL,30,11.19,105,CYCLE,210,1680,400,20,12,0.984848,0.945669,0.990566,0.988235,0.992908,97.09,100,0,0.659339,0,1,3,0,0,76,1448,0.945479,1,0.4952,2,3,0,0,V3,1,1,-100,1,106.775,0,0,0,0,2,200
EDCF-Shield,v3b,FALCON1024+HMAC-SHA512+AES256GCM+DKG4of7,COMPROMISED_CTRL,30,11.19,105,CUMULATIVE,210,176422,41332,2078,1378,0.984377,0.950219,0.9903,0.988359,0.99225,96.77,100,0,0.659339,0,1,3,0,0,76,1448,0.945479,1,0.4952,2,3,0,0,V3,1,1,-100,1,106.775,0,0,0,0,1,200
EDCF-Shield,v3b,FALCON1024+HMAC-SHA512+AES256GCM+DKG4of7,COMPROMISED_CTRL,30,11.19,106,CYCLE,212,1680,400,20,14,0.983917,0.945702,0.989982,0.988235,0.991736,96.62,100,0,0.659336,0,1,3,0,0,76,1448,0.945524,1,0.4953,2,3,0,0,V3,1,1,-100,1,107.81,0,0,0,0,2,200
EDCF-Shield,v3b,FALCON1024+HMAC-SHA512+AES256GCM+DKG4of7,COMPROMISED_CTRL,30,11.19,106,CUMULATIVE,212,178102,41732,2098,1392,0.984372,0.95021,0.990297,0.988357,0.992245,96.77,100,0,0.659336,0,1,3,0,0,76,1448,0.945524,1,0.4953,2,3,0,0,V3,1,1,-100,1,107.81,0,0,0,0,1,200
EDCF-Shield,v3b,FALCON1024+HMAC-SHA512+AES256GCM+DKG4of7,COMPROMISED_CTRL,30,11.19,107,CYCLE,214,1680,400,20,14,0.983917,0.945736,0.989982,0.988235,0.991736,96.62,100,0,0.659332,0,1,3,0,0,76,1448,0.945569,1,0.4953,2,3,0,0,V3,1,1,-100,1,108.845,0,0,0,0,2,200
EDCF-Shield,v3b,FALCON1024+HMAC-SHA512+AES256GCM+DKG4of7,COMPROMISED_CTRL,30,11.19,107,CUMULATIVE,214,179782,42132,2118,1406,0.984368,0.950201,0.990294,0.988356,0.99224,96.77,100,0,0.659332,0,1,3,0,0,76,1448,0.945569,1,0.4953,2,3,0,0,V3,1,1,-100,1,108.845,0,0,0,0,1,200
EDCF-Shield,v3b,FALCON1024+HMAC-SHA512+AES256GCM+DKG4of7,COMPROMISED_CTRL,30,11.19,108,CYCLE,216,1680,400,20,12,0.984848,0.945795,0.990566,0.988235,0.992908,97.09,100,0,0.659339,0,1,3,0,0,76,1448,0.945612,1,0.4954,2,3,0,0,V3,1,1,-100,1,109.875,0,0,0,0,2,200
EDCF-Shield,v3b,FALCON1024+HMAC-SHA512+AES256GCM+DKG4of7,COMPROMISED_CTRL,30,11.19,108,CUMULATIVE,216,181462,42532,2138,1418,0.984373,0.95022,0.990297,0.988355,0.992246,96.77,100,0,0.659339,0,1,3,0,0,76,1448,0.945612,1,0.4954,2,3,0,0,V3,1,1,-100,1,109.875,0,0,0,0,1,200
EDCF-Shield,v3b,FALCON1024+HMAC-SHA512+AES256GCM+DKG4of7,COMPROMISED_CTRL,30,11.19,109,CYCLE,218,1680,400,20,14,0.983917,0.945827,0.989982,0.988235,0.991736,96.62,100,0,0.659336,0,1,3,0,0,76,1448,0.945655,1,0.4954,2,3,0,0,V3,1,1,-100,1,110.91,0,0,0,0,2,200
EDCF-Shield,v3b,FALCON1024+HMAC-SHA512+AES256GCM+DKG4of7,COMPROMISED_CTRL,30,11.19,109,CUMULATIVE,218,183142,42932,2158,1432,0.984368,0.950211,0.990294,0.988354,0.992242,96.77,100,0,0.659336,0,1,3,0,0,76,1448,0.945655,1,0.4954,2,3,0,0,V3,1,1,-100,1,110.91,0,0,0,0,1,200
EDCF-Shield,v3b,FALCON1024+HMAC-SHA512+AES256GCM+DKG4of7,COMPROMISED_CTRL,30,11.19,110,CYCLE,219.5,1008,260,12,8,0.984472,0.945894,0.990177,0.988235,0.992126,97.01,100,0,0.659339,0,1,3,0,0,76,1448,0.945696,1,0.4966,2,3,0,0,V3,1,1,-100,1,111.58,0,0,0,0,2,200
EDCF-Shield,v3b,FALCON1024+HMAC-SHA512+AES256GCM+DKG4of7,COMPROMISED_CTRL,30,11.19,110,CUMULATIVE,219.5,184150,43192,2170,1440,0.984369,0.950229,0.990293,0.988353,0.992241,96.77,100,0,0.659339,0,1,3,0,0,76,1448,0.945696,1,0.4966,2,3,0,0,V3,1,1,-100,1,111.58,0,0,0,0,1,200
EDCF-Shield,v3b,FALCON1024+HMAC-SHA512+AES256GCM+DKG4of7,COMPROMISED_CTRL,90,33.58,1,CYCLE,2,1100,0,0,0,1,0.5,1,1,1,0,100,0,0,0,1,0,0,0,76,1448,0,1,0,0,0,0,0,V3,0,1,-100,1,0,0,0,0,0,0,200
EDCF-Shield,v3b,FALCON1024+HMAC-SHA512+AES256GCM+DKG4of7,COMPROMISED_CTRL,90,33.58,1,CUMULATIVE,2,1100,0,0,0,1,0.5,1,1,1,0,100,0,0,0,1,0,0,0,76,1448,0,1,0,0,0,0,0,V3,0,1,-100,1,0,0,0,0,0,0,200
EDCF-Shield,v3b,FALCON1024+HMAC-SHA512+AES256GCM+DKG4of7,COMPROMISED_CTRL,90,33.58,2,CYCLE,4,1082,156,18,6,0.980983,0.709199,0.989031,0.983636,0.994485,96.3,100,0,0.658228,0,1,3,0,0,76,1448,0.5,1,0.25,2,3,0,0,V3,1,1,-100,1,0.405,0,0,0,0,2,200
EDCF-Shield,v3b,FALCON1024+HMAC-SHA512+AES256GCM+DKG4of7,COMPROMISED_CTRL,90,33.58,2,CUMULATIVE,4,2182,156,18,6,0.989839,0.923792,0.994531,0.991818,0.997258,96.3,100,0,0.658228,0,1,3,0,0,76,1448,0.5,1,0.25,2,3,0,0,V3,1,1,-100,1,0.405,0,0,0,0,1,200
EDCF-Shield,v3b,FALCON1024+HMAC-SHA512+AES256GCM+DKG4of7,COMPROMISED_CTRL,90,33.58,3,CYCLE,6,1080,420,20,12,0.979112,0.789061,0.985401,0.981818,0.989011,97.22,100,0,0.659794,0,1,3,0,0,76,1448,0.711896,1,0.3333,2,3,0,0,V3,1,1,-100,1,1.485,0,0,0,0,2,200
EDCF-Shield,v3b,FALCON1024+HMAC-SHA512+AES256GCM+DKG4of7,COMPROMISED_CTRL,90,33.58,3,CUMULATIVE,6,3262,576,38,18,0.985619,0.945316,0.991489,0.988485,0.994512,96.97,100,0,0.659794,0,1,3,0,0,76,1448,0.711896,1,0.3333,2,3,0,0,V3,1,1,-100,1,1.485,0,0,0,0,1,200
EDCF-Shield,v3b,FALCON1024+HMAC-SHA512+AES256GCM+DKG4of7,COMPROMISED_CTRL,90,33.58,4,CYCLE,8,1080,686,20,14,0.981111,0.831882,0.984503,0.981818,0.987203,98,100,0,0.661079,0,1,3,0,0,76,1448,0.789703,1,0.375,2,3,0,0,V3,1,1,-100,1,3.235,0,0,0,0,2,200
EDCF-Shield,v3b,FALCON1024+HMAC-SHA512+AES256GCM+DKG4of7,COMPROMISED_CTRL,90,33.58,4,CUMULATIVE,8,4342,1262,58,32,0.984194,0.955393,0.989742,0.986818,0.992684,97.53,100,0,0.661079,0,1,3,0,0,76,1448,0.789703,1,0.375,2,3,0,0,V3,1,1,-100,1,3.235,0,0,0,0,1,200
EDCF-Shield,v3b,FALCON1024+HMAC-SHA512+AES256GCM+DKG4of7,COMPROMISED_CTRL,90,33.58,5,CYCLE,10,1080,954,20,14,0.983559,0.858908,0.984503,0.981818,0.987203,98.55,100,0,0.662085,0,1,3,0,0,76,1448,0.831125,1,0.4,2,3,0,0,V3,1,1,-100,1,5.655,0,0,0,0,2,200
EDCF-Shield,v3b,FALCON1024+HMAC-SHA512+AES256GCM+DKG4of7,COMPROMISED_CTRL,90,33.58,5,CUMULATIVE,10,5422,2216,78,46,0.984025,0.961526,0.988694,0.985818,0.991587,97.97,100,0,0.662085,0,1,3,0,0,76,1448,0.831125,1,0.4,2,3,0,0,V3,1,1,-100,1,5.655,0,0,0,0,1,200
EDCF-Shield,v3b,FALCON1024+HMAC-SHA512+AES256GCM+DKG4of7,COMPROMISED_CTRL,90,33.58,6,CYCLE,12,1080,1176,20,12,0.986014,0.877757,0.985401,0.981818,0.989011,98.99,100,0,0.662888,0,1,3,0,0,76,1448,0.857206,1,0.4167,2,3,0,0,V3,1,1,-100,1,8.625,0,0,0,0,2,200
EDCF-Shield,v3b,FALCON1024+HMAC-SHA512+AES256GCM+DKG4of7,COMPROMISED_CTRL,90,33.58,6,CUMULATIVE,12,6502,3392,98,58,0.984478,0.965706,0.988146,0.985152,0.991159,98.32,100,0,0.662888,0,1,3,0,0,76,1448,0.857206,1,0.4167,2,3,0,0,V3,1,1,-100,1,8.625,0,0,0,0,1,200
EDCF-Shield,v3b,FALCON1024+HMAC-SHA512+AES256GCM+DKG4of7,COMPROMISED_CTRL,90,33.58,7,CYCLE,14,1080,1200,20,14,0.985307,0.891013,0.984503,0.981818,0.987203,98.85,100,0,0.6632,0,1,3,0,0,76,1448,0.875289,1,0.4286,2,3,0,0,V3,1,1,-100,1,11.66,0,0,0,0,2,200
EDCF-Shield,v3b,FALCON1024+HMAC-SHA512+AES256GCM+DKG4of7,COMPROMISED_CTRL,90,33.58,7,CUMULATIVE,14,7582,4592,118,72,0.984633,0.967387,0.987625,0.984675,0.990593,98.46,100,0,0.6632,0,1,3,0,0,76,1448,0.875289,1,0.4286,2,3,0,0,V3,1,1,-100,1,11.66,0,0,0,0,1,200
EDCF-Shield,v3b,FALCON1024+HMAC-SHA512+AES256GCM+DKG4of7,COMPROMISED_CTRL,90,33.58,8,CYCLE,16,1080,1200,20,14,0.985307,0.900955,0.984503,0.981818,0.987203,98.85,100,0,0.663383,0,1,3,0,0,76,1448,0.888446,1,0.4375,2,3,0,0,V3,1,1,-100,1,14.695,0,0,0,0,2,200
EDCF-Shield,v3b,FALCON1024+HMAC-SHA512+AES256GCM+DKG4of7,COMPROMISED_CTRL,90,33.58,8,CUMULATIVE,16,8662,5792,138,86,0.984739,0.968292,0.987235,0.984318,0.990169,98.54,100,0,0.663383,0,1,3,0,0,76,1448,0.888446,1,0.4375,2,3,0,0,V3,1,1,-100,1,14.695,0,0,0,0,1,200
EDCF-Shield,v3b,FALCON1024+HMAC-SHA512+AES256GCM+DKG4of7,COMPROMISED_CTRL,90,33.58,9,CYCLE,18,1080,1200,20,12,0.986159,0.908878,0.985401,0.981818,0.989011,99.01,100,0,0.663566,0,1,3,0,0,76,1448,0.898426,1,0.4444,2,3,0,0,V3,1,1,-100,1,17.725,0,0,0,0,2,200
EDCF-Shield,v3b,FALCON1024+HMAC-SHA512+AES256GCM+DKG4of7,COMPROMISED_CTRL,90,33.58,9,CUMULATIVE,18,9742,6992,158,98,0.984932,0.96908,0.987031,0.98404,0.990041,98.62,100,0,0.663566,0,1,3,0,0,76,1448,0.898426,1,0.4444,2,3,0,0,V3,1,1,-100,1,17.725,0,0,0,0,1,200
EDCF-Shield,v3b,FALCON1024+HMAC-SHA512+AES256GCM+DKG4of7,COMPROMISED_CTRL,90,33.58,10,CYCLE,20,1080,1200,20,14,0.985307,0.915045,0.984503,0.981818,0.987203,98.85,100,0,0.663642,0,1,3,0,0,76,1448,0.906277,1,0.45,2,3,0,0,V3,1,1,-100,1,20.76,0,0,0,0,2,200
EDCF-Shield,v3b,FALCON1024+HMAC-SHA512+AES256GCM+DKG4of7,COMPROMISED_CTRL,90,33.58,10,CUMULATIVE,20,10822,8192,178,112,0.984977,0.96941,0.986779,0.983818,0.989757,98.65,100,0,0.663642,0,1,3,0,0,76,1448,0.906277,1,0.45,2,3,0,0,V3,1,1,-100,1,20.76,0,0,0,0,1,200
EDCF-Shield,v3b,FALCON1024+HMAC-SHA512+AES256GCM+DKG4of7,COMPROMISED_CTRL,90,33.58,11,CYCLE,22,1080,1200,20,14,0.985307,0.920091,0.984503,0.981818,0.987203,98.85,100,0,0.663699,0,1,3,0,0,76,1448,0.91259,1,0.4545,2,3,0,0,V3,1,1,-100,1,23.795,0,0,0,0,2,200
EDCF-Shield,v3b,FALCON1024+HMAC-SHA512+AES256GCM+DKG4of7,COMPROMISED_CTRL,90,33.58,11,CUMULATIVE,22,11902,9392,198,126,0.985012,0.969638,0.986572,0.983636,0.989524,98.68,100,0,0.663699,0,1,3,0,0,76,1448,0.91259,1,0.4545,2,3,0,0,V3,1,1,-100,1,23.795,0,0,0,0,1,200
EDCF-Shield,v3b,FALCON1024+HMAC-SHA512+AES256GCM+DKG4of7,COMPROMISED_CTRL,90,33.58,12,CYCLE,24,1080,1200,20,12,0.986159,0.924439,0.985401,0.981818,0.989011,99.01,100,0,0.663784,0,1,3,0,0,76,1448,0.917776,1,0.4583,2,3,0,0,V3,1,1,-100,1,26.825,0,0,0,0,2,200
EDCF-Shield,v3b,FALCON1024+HMAC-SHA512+AES256GCM+DKG4of7,COMPROMISED_CTRL,90,33.58,12,CUMULATIVE,24,12982,10592,218,138,0.985123,0.969969,0.986474,0.983485,0.989482,98.71,100,0,0.663784,0,1,3,0,0,76,1448,0.917776,1,0.4583,2,3,0,0,V3,1,1,-100,1,26.825,0,0,0,0,1,200
EDCF-Shield,v3b,FALCON1024+HMAC-SHA512+AES256GCM+DKG4of7,COMPROMISED_CTRL,90,33.58,13,CYCLE,26,1080,1200,20,14,0.985307,0.927986,0.984503,0.981818,0.987203,98.85,100,0,0.663814,0,1,3,0,0,76,1448,0.922126,1,0.4615,2,3,0,0,V3,1,1,-100,1,29.86,0,0,0,0,2,200
EDCF-Shield,v3b,FALCON1024+HMAC-SHA512+AES256GCM+DKG4of7,COMPROMISED_CTRL,90,33.58,13,CUMULATIVE,26,14062,11792,238,152,0.985139,0.970076,0.986323,0.983357,0.989306,98.73,100,0,0.663814,0,1,3,0,0,76,1448,0.922126,1,0.4615,2,3,0,0,V3,1,1,-100,1,29.86,0,0,0,0,1,200
EDCF-Shield,v3b,FALCON1024+HMAC-SHA512+AES256GCM+DKG4of7,COMPROMISED_CTRL,90,33.58,14,CYCLE,28,1080,1200,20,14,0.985307,0.931026,0.984503,0.981818,0.987203,98.85,100,0,0.663839,0,1,3,0,0,76,1448,0.925814,1,0.4643,2,3,0,0,V3,1,1,-100,1,32.895,0,0,0,0,2,200
EDCF-Shield,v3b,FALCON1024+HMAC-SHA512+AES256GCM+DKG4of7,COMPROMISED_CTRL,90,33.58,14,CUMULATIVE,28,15142,12992,258,166,0.985153,0.970157,0.986193,0.983247,0.989156,98.74,100,0,0.663839,0,1,3,0,0,76,1448,0.925814,1,0.4643,2,3,0,0,V3,1,1,-100,1,32.895,0,0,0,0,1,200
EDCF-Shield,v3b,FALCON1024+HMAC-SHA512+AES256GCM+DKG4of7,COMPROMISED_CTRL,90,33.58,15,CYCLE,30,1080,1200,20,12,0.986159,0.933775,0.985401,0.981818,0.989011,99.01,100,0,0.663891,0,1,3,0,0,76,1448,0.928982,1,0.4667,2,3,0,0,V3,1,1,-100,1,35.925,0,0,0,0,2,200
EDCF-Shield,v3b,FALCON1024+HMAC-SHA512+AES256GCM+DKG4of7,COMPROMISED_CTRL,90,33.58,15,CUMULATIVE,30,16222,14192,278,178,0.985228,0.970349,0.98614,0.983152,0.989146,98.76,100,0,0.663891,0,1,3,0,0,76,1448,0.928982,1,0.4667,2,3,0,0,V3,1,1,-100,1,35.925,0,0,0,0,1,200
EDCF-Shield,v3b,FALCON1024+HMAC-SHA512+AES256GCM+DKG4of7,COMPROMISED_CTRL,90,33.58,16,CYCLE,32,1080,1200,20,14,0.985307,0.936074,0.984503,0.981818,0.987203,98.85,100,0,0.663906,0,1,3,0,0,76,1448,0.931739,1,0.4688,2,3,0,0,V3,1,1,-100,1,38.96,0,0,0,0,2,200
EDCF-Shield,v3b,FALCON1024+HMAC-SHA512+AES256GCM+DKG4of7,COMPROMISED_CTRL,90,33.58,16,CUMULATIVE,32,17302,15392,298,192,0.985234,0.97039,0.986037,0.983068,0.989025,98.77,100,0,0.663906,0,1,3,0,0,76,1448,0.931739,1,0.4688,2,3,0,0,V3,1,1,-100,1,38.96,0,0,0,0,1,200
EDCF-Shield,v3b,FALCON1024+HMAC-SHA512+AES256GCM+DKG4of7,COMPROMISED_CTRL,90,33.58,17,CYCLE,34,1080,1200,20,14,0.985307,0.938102,0.984503,0.981818,0.987203,98.85,100,0,0.663919,0,1,3,0,0,76,1448,0.934155,1,0.4706,2,3,0,0,V3,1,1,-100,1,41.995,0,0,0,0,2,200
EDCF-Shield,v3b,FALCON1024+HMAC-SHA512+AES256GCM+DKG4of7,COMPROMISED_CTRL,90,33.58,17,CUMULATIVE,34,18382,16592,318,206,0.985239,0.970422,0.985947,0.982995,0.988918,98.77,100,0,0.663919,0,1,3,0,0,76,1448,0.934155,1,0.4706,2,3,0,0,V3,1,1,-100,1,41.995,0,0,0,0,1,200
EDCF-Shield,v3b,FALCON1024+HMAC-SHA512+AES256GCM+DKG4of7,COMPROMISED_CTRL,90,33.58,18,CYCLE,36,1080,1200,20,12,0.986159,0.94,0.985401,0.981818,0.989011,99.01,100,0,0.663955,0,1,3,0,0,76,1448,0.936288,1,0.4722,2,3,0,0,V3,1,1,-100,1,45.025,0,0,0,0,2,200
EDCF-Shield,v3b,FALCON1024+HMAC-SHA512+AES256GCM+DKG4of7,COMPROMISED_CTRL,90,33.58,18,CUMULATIVE,36,19462,17792,338,218,0.985295,0.970552,0.985917,0.982929,0.988923,98.79,100,0,0.663955,0,1,3,0,0,76,1448,0.936288,1,0.4722,2,3,0,0,V3,1,1,-100,1,45.025,0,0,0,0,1,200
EDCF-Shield,v3b,FALCON1024+HMAC-SHA512+AES256GCM+DKG4of7,COMPROMISED_CTRL,90,33.58,19,CYCLE,38,1080,1200,20,14,0.985307,0.941607,0.984503,0.981818,0.987203,98.85,100,0,0.663963,0,1,3,0,0,76,1448,0.938192,1,0.4737,2,3,0,0,V3,1,1,-100,1,48.06,0,0,0,0,2,200
EDCF-Shield,v3b,FALCON1024+HMAC-SHA512+AES256GCM+DKG4of7,COMPROMISED_CTRL,90,33.58,19,CUMULATIVE,38,20542,18992,358,232,0.985296,0.970567,0.985842,0.982871,0.988832,98.79,100,0,0.663963,0,1,3,0,0,76,1448,0.938192,1,0.4737,2,3,0,0,V3,1,1,-100,1,48.06,0,0,0,0,1,200
EDCF-Shield,v3b,FALCON1024+HMAC-SHA512+AES256GCM+DKG4of7,COMPROMISED_CTRL,90,33.58,20,CYCLE,40,1080,1200,20,14,0.985307,0.943054,0.984503,0.981818,0.987203,98.85,100,0,0.66397,0,1,3,0,0,76,1448,0.939896,1,0.475,2,3,0,0,V3,1,1,-100,1,51.095,0,0,0,0,2,200
EDCF-Shield,v3b,FALCON1024+HMAC-SHA512+AES256GCM+DKG4of7,COMPROMISED_CTRL,90,33.58,20,CUMULATIVE,40,21622,20192,378,246,0.985296,0.970578,0.985776,0.982818,0.988751,98.8,100,0,0.66397,0,1,3,0,0,76,1448,0.939896,1,0.475,2,3,0,0,V3,1,1,-100,1,51.095,0,0,0,0,1,200
EDCF-Shield,v3b,FALCON1024+HMAC-SHA512+AES256GCM+DKG4of7,COMPROMISED_CTRL,90,33.58,21,CYCLE,42,1080,1200,20,12,0.986159,0.944446,0.985401,0.981818,0.989011,99.01,100,0,0.663997,0,1,3,0,0,76,1448,0.94143,1,0.4762,2,3,0,0,V3,1,1,-100,1,54.125,0,0,0,0,2,200
EDCF-Shield,v3b,FALCON1024+HMAC-SHA512+AES256GCM+DKG4of7,COMPROMISED_CTRL,90,33.58,21,CUMULATIVE,42,22702,21392,398,258,0.985341,0.970676,0.985758,0.982771,0.988763,98.81,100,0,0.663997,0,1,3,0,0,76,1448,0.94143,1,0.4762,2,3,0,0,V3,1,1,-100,1,54.125,0,0,0,0,1,200
EDCF-Shield,v3b,FALCON1024+HMAC-SHA512+AES256GCM+DKG4of7,COMPROMISED_CTRL,90,33.58,22,CYCLE,44,1080,1200,20,14,0.985307,0.945632,0.984503,0.981818,0.987203,98.85,100,0,0.664002,0,1,3,0,0,76,1448,0.942823,1,0.4773,2,3,0,0,V3,1,1,-100,1,57.16,0,0,0,0,2,200
EDCF-Shield,v3b,FALCON1024+HMAC-SHA512+AES256GCM+DKG4of7,COMPROMISED_CTRL,90,33.58,22,CUMULATIVE,44,23782,22592,418,272,0.985339,0.970678,0.985701,0.982727,0.988692,98.81,100,0,0.664002,0,1,3,0,0,76,1448,0.942823,1,0.4773,2,3,0,0,V3,1,1,-100,1,57.16,0,0,0,0,1,200
EDCF-Shield,v3b,FALCON1024+HMAC-SHA512+AES256GCM+DKG4of7,COMPROMISED_CTRL,90,33.58,23,CYCLE,46,1080,1200,20,14,0.985307,0.946715,0.984503,0.981818,0.987203,98.85,100,0,0.664006,0,1,3,0,0,76,1448,0.944089,1,0.4783,2,3,0,0,V3,1,1,-100,1,60.195,0,0,0,0,2,200
EDCF-Shield,v3b,FALCON1024+HMAC-SHA512+AES256GCM+DKG4of7,COMPROMISED_CTRL,90,33.58,23,CUMULATIVE,46,24862,23792,438,286,0.985338,0.97068,0.985649,0.982688,0.988627,98.81,100,0,0.664006,0,1,3,0,0,76,1448,0.944089,1,0.4783,2,3,0,0,V3,1,1,-100,1,60.195,0,0,0,0,1,200
EDCF-Shield,v3b,FALCON1024+HMAC-SHA512+AES256GCM+DKG4of7,COMPROMISED_CTRL,90,33.58,24,CYCLE,48,1080,1200,20,12,0.986159,0.94778,0.985401,0.981818,0.989011,99.01,100,0,0.664027,0,1,3,0,0,76,1448,0.945245,1,0.4792,2,3,0,0,V3,1,1,-100,1,63.225,0,0,0,0,2,200
EDCF-Shield,v3b,FALCON1024+HMAC-SHA512+AES256GCM+DKG4of7,COMPROMISED_CTRL,90,33.58,24,CUMULATIVE,48,25942,24992,458,298,0.985374,0.970758,0.985638,0.982652,0.988643,98.82,100,0,0.664027,0,1,3,0,0,76,1448,0.945245,1,0.4792,2,3,0,0,V3,1,1,-100,1,63.225,0,0,0,0,1,200
EDCF-Shield,v3b,FALCON1024+HMAC-SHA512+AES256GCM+DKG4of7,COMPROMISED_CTRL,90,33.58,25,CYCLE,50,1080,1200,20,14,0.985307,0.948691,0.984503,0.981818,0.987203,98.85,100,0,0.66403,0,1,3,0,0,76,1448,0.946308,1,0.48,2,3,0,0,V3,1,1,-100,1,66.26,0,0,0,0,2,200
EDCF-Shield,v3b,FALCON1024+HMAC-SHA512+AES256GCM+DKG4of7,COMPROMISED_CTRL,90,33.58,25,CUMULATIVE,50,27022,26192,478,312,0.985371,0.970755,0.985593,0.982618,0.988586,98.82,100,0,0.66403,0,1,3,0,0,76,1448,0.946308,1,0.48,2,3,0,0,V3,1,1,-100,1,66.26,0,0,0,0,1,200
EDCF-Shield,v3b,FALCON1024+HMAC-SHA512+AES256GCM+DKG4of7,COMPROMISED_CTRL,90,33.58,26,CYCLE,52,1080,1200,20,14,0.985307,0.949531,0.984503,0.981818,0.987203,98.85,100,0,0.664032,0,1,3,0,0,76,1448,0.947286,1,0.4808,2,3,0,0,V3,1,1,-100,1,69.295,0,0,0,0,2,200
EDCF-Shield,v3b,FALCON1024+HMAC-SHA512+AES256GCM+DKG4of7,COMPROMISED_CTRL,90,33.58,26,CUMULATIVE,52,28102,27392,498,326,0.985369,0.970751,0.985551,0.982587,0.988532,98.82,100,0,0.664032,0,1,3,0,0,76,1448,0.947286,1,0.4808,2,3,0,0,V3,1,1,-100,1,69.295,0,0,0,0,1,200
EDCF-Shield,v3b,FALCON1024+HMAC-SHA512+AES256GCM+DKG4of7,COMPROMISED_CTRL,90,33.58,27,CYCLE,54,1080,1200,20,12,0.986159,0.950373,0.985401,0.981818,0.989011,99.01,100,0,0.66405,0,1,3,0,0,76,1448,0.948188,1,0.4815,2,3,0,0,V3,1,1,-100,1,72.325,0,0,0,0,2,200
EDCF-Shield,v3b,FALCON1024+HMAC-SHA512+AES256GCM+DKG4of7,COMPROMISED_CTRL,90,33.58,27,CUMULATIVE,54,29182,28592,518,338,0.9854,0.970816,0.985545,0.982559,0.98855,98.83,100,0,0.66405,0,1,3,0,0,76,1448,0.948188,1,0.4815,2,3,0,0,V3,1,1,-100,1,72.325,0,0,0,0,1,200
EDCF-Shield,v3b,FALCON1024+HMAC-SHA512+AES256GCM+DKG4of7,COMPROMISED_CTRL,90,33.58,28,CYCLE,56,1080,1200,20,14,0.985307,0.951094,0.984503,0.981818,0.987203,98.85,100,0,0.664051,0,1,3,0,0,76,1448,0.949026,1,0.4821,2,3,0,0,V3,1,1,-100,1,75.36,0,0,0,0,2,200
EDCF-Shield,v3b,FALCON1024+HMAC-SHA512+AES256GCM+DKG4of7,COMPROMISED_CTRL,90,33.58,28,CUMULATIVE,56,30262,29792,538,352,0.985396,0.970809,0.985508,0.982532,0.988502,98.83,100,0,0.664051,0,1,3,0,0,76,1448,0.949026,1,0.4821,2,3,0,0,V3,1,1,-100,1,75.36,0,0,0,0,1,200
EDCF-Shield,v3b,FALCON1024+HMAC-SHA512+AES256GCM+DKG4of7,COMPROMISED_CTRL,90,33.58,29,CYCLE,58,1080,1200,20,14,0.985307,0.951765,0.984503,0.981818,0.987203,98.85,100,0,0.664053,0,1,3,0,0,76,1448,0.949804,1,0.4828,2,3,0,0,V3,1,1,-100,1,78.395,0,0,0,0,2,200
EDCF-Shield,v3b,FALCON1024+HMAC-SHA512+AES256GCM+DKG4of7,COMPROMISED_CTRL,90,33.58,29,CUMULATIVE,58,31342,30992,558,366,0.985393,0.970804,0.985474,0.982508,0.988457,98.83,100,0,0.664053,0,1,3,0,0,76,1448,0.949804,1,0.4828,2,3,0,0,V3,1,1,-100,1,78.395,0,0,0,0,1,200
EDCF-Shield,v3b,FALCON1024+HMAC-SHA512+AES256GCM+DKG4of7,COMPROMISED_CTRL,90,33.58,30,CYCLE,60,1080,1200,20,12,0.986159,0.952448,0.985401,0.981818,0.989011,99.01,100,0,0.664067,0,1,3,0,0,76,1448,0.950529,1,0.4833,2,3,0,0,V3,1,1,-100,1,81.425,0,0,0,0,2,200
EDCF-Shield,v3b,FALCON1024+HMAC-SHA512+AES256GCM+DKG4of7,COMPROMISED_CTRL,90,33.58,30,CUMULATIVE,60,32422,32192,578,378,0.98542,0.970858,0.985471,0.982485,0.988476,98.84,100,0,0.664067,0,1,3,0,0,76,1448,0.950529,1,0.4833,2,3,0,0,V3,1,1,-100,1,81.425,0,0,0,0,1,200
EDCF-Shield,v3b,FALCON1024+HMAC-SHA512+AES256GCM+DKG4of7,COMPROMISED_CTRL,90,33.58,31,CYCLE,62,1080,1200,20,14,0.985307,0.953032,0.984503,0.981818,0.987203,98.85,100,0,0.664068,0,1,3,0,0,76,1448,0.951206,1,0.4839,2,3,0,0,V3,1,1,-100,1,84.46,0,0,0,0,2,200
EDCF-Shield,v3b,FALCON1024+HMAC-SHA512+AES256GCM+DKG4of7,COMPROMISED_CTRL,90,33.58,31,CUMULATIVE,62,33502,33392,598,392,0.985416,0.970851,0.98544,0.982463,0.988435,98.84,100,0,0.664068,0,1,3,0,0,76,1448,0.951206,1,0.4839,2,3,0,0,V3,1,1,-100,1,84.46,0,0,0,0,1,200
EDCF-Shield,v3b,FALCON1024+HMAC-SHA512+AES256GCM+DKG4of7,COMPROMISED_CTRL,90,33.58,32,CYCLE,64,1080,1200,20,14,0.985307,0.953579,0.984503,0.981818,0.987203,98.85,100,0,0.664069,0,1,3,0,0,76,1448,0.95184,1,0.4844,2,3,0,0,V3,1,1,-100,1,87.495,0,0,0,0,2,200
EDCF-Shield,v3b,FALCON1024+HMAC-SHA512+AES256GCM+DKG4of7,COMPROMISED_CTRL,90,33.58,32,CUMULATIVE,64,34582,34592,618,406,0.985413,0.970843,0.985411,0.982443,0.988396,98.84,100,0,0.664069,0,1,3,0,0,76,1448,0.95184,1,0.4844,2,3,0,0,V3,1,1,-100,1,87.495,0,0,0,0,1,200
EDCF-Shield,v3b,FALCON1024+HMAC-SHA512+AES256GCM+DKG4of7,COMPROMISED_CTRL,90,33.58,33,CYCLE,66,1080,1200,20,12,0.986159,0.954146,0.985401,0.981818,0.989011,99.01,100,0,0.664081,0,1,3,0,0,76,1448,0.952434,1,0.4848,2,3,0,0,V3,1,1,-100,1,90.525,0,0,0,0,2,200
EDCF-Shield,v3b,FALCON1024+HMAC-SHA512+AES256GCM+DKG4of7,COMPROMISED_CTRL,90,33.58,33,CUMULATIVE,66,35662,35792,638,418,0.985436,0.970891,0.98541,0.982424,0.988415,98.85,100,0,0.664081,0,1,3,0,0,76,1448,0.952434,1,0.4848,2,3,0,0,V3,1,1,-100,1,90.525,0,0,0,0,1,200
EDCF-Shield,v3b,FALCON1024+HMAC-SHA512+AES256GCM+DKG4of7,COMPROMISED_CTRL,90,33.58,34,CYCLE,68,1080,1200,20,14,0.985307,0.954628,0.984503,0.981818,0.987203,98.85,100,0,0.664082,0,1,3,0,0,76,1448,0.952993,1,0.4853,2,3,0,0,V3,1,1,-100,1,93.56,0,0,0,0,2,200
EDCF-Shield,v3b,FALCON1024+HMAC-SHA512+AES256GCM+DKG4of7,COMPROMISED_CTRL,90,33.58,34,CUMULATIVE,68,36742,36992,658,432,0.985432,0.970883,0.985384,0.982406,0.988379,98.85,100,0,0.664082,0,1,3,0,0,76,1448,0.952993,1,0.4853,2,3,0,0,V3,1,1,-100,1,93.56,0,0,0,0,1,200
EDCF-Shield,v3b,FALCON1024+HMAC-SHA512+AES256GCM+DKG4of7,COMPROMISED_CTRL,90,33.58,35,CYCLE,70,1080,1200,20,14,0.985307,0.955083,0.984503,0.981818,0.987203,98.85,100,0,0.664082,0,1,3,0,0,76,1448,0.953519,1,0.4857,2,3,0,0,V3,1,1,-100,1,96.595,0,0,0,0,2,200
EDCF-Shield,v3b,FALCON1024+HMAC-SHA512+AES256GCM+DKG4of7,COMPROMISED_CTRL,90,33.58,35,CUMULATIVE,70,37822,38192,678,446,0.985429,0.970875,0.985358,0.98239,0.988345,98.85,100,0,0.664082,0,1,3,0,0,76,1448,0.953519,1,0.4857,2,3,0,0,V3,1,1,-100,1,96.595,0,0,0,0,1,200
EDCF-Shield,v3b,FALCON1024+HMAC-SHA512+AES256GCM+DKG4of7,COMPROMISED_CTRL,90,33.58,36,CYCLE,72,1080,1200,20,12,0.986159,0.95556,0.985401,0.981818,0.989011,99.01,100,0,0.664093,0,1,3,0,0,76,1448,0.954015,1,0.4861,2,3,0,0,V3,1,1,-100,1,99.625,0,0,0,0,2,200
EDCF-Shield,v3b,FALCON1024+HMAC-SHA512+AES256GCM+DKG4of7,COMPROMISED_CTRL,90,33.58,36,CUMULATIVE,72,38902,39392,698,458,0.98545,0.970917,0.98536,0.982374,0.988364,98.85,100,0,0.664093,0,1,3,0,0,76,1448,0.954015,1,0.4861,2,3,0,0,V3,1,1,-100,1,99.625,0,0,0,0,1,200
EDCF-Shield,v3b,FALCON1024+HMAC-SHA512+AES256GCM+DKG4of7,COMPROMISED_CTRL,90,33.58,37,CYCLE,74,1080,1200,20,14,0.985307,0.955965,0.984503,0.981818,0.987203,98.85,100,0,0.664093,0,1,3,0,0,76,1448,0.954485,1,0.4865,2,3,0,0,V3,1,1,-100,1,102.66,0,0,0,0,2,200
EDCF-Shield,v3b,FALCON1024+HMAC-SHA512+AES256GCM+DKG4of7,COMPROMISED_CTRL,90,33.58,37,CUMULATIVE,74,39982,40592,718,472,0.985446,0.970908,0.985337,0.982359,0.988332,98.85,100,0,0.664093,0,1,3,0,0,76,1448,0.954485,1,0.4865,2,3,0,0,V3,1,1,-100,1,102.66,0,0,0,0,1,200
EDCF-Shield,v3b,FALCON1024+HMAC-SHA512+AES256GCM+DKG4of7,COMPROMISED_CTRL,90,33.58,38,CYCLE,76,1080,1200,20,14,0.985307,0.956349,0.984503,0.981818,0.987203,98.85,100,0,0.664092,0,1,3,0,0,76,1448,0.954928,1,0.4868,2,3,0,0,V3,1,1,-100,1,105.695,0,0,0,0,2,200
EDCF-Shield,v3b,FALCON1024+HMAC-SHA512+AES256GCM+DKG4of7,COMPROMISED_CTRL,90,33.58,38,CUMULATIVE,76,41062,41792,738,486,0.985442,0.9709,0.985315,0.982344,0.988303,98.85,100,0,0.664092,0,1,3,0,0,76,1448,0.954928,1,0.4868,2,3,0,0,V3,1,1,-100,1,105.695,0,0,0,0,1,200
EDCF-Shield,v3b,FALCON1024+HMAC-SHA512+AES256GCM+DKG4of7,COMPROMISED_CTRL,90,33.58,39,CYCLE,78,1080,1200,20,12,0.986159,0.956757,0.985401,0.981818,0.989011,99.01,100,0,0.664102,0,1,3,0,0,76,1448,0.955349,1,0.4872,2,3,0,0,V3,1,1,-100,1,108.725,0,0,0,0,2,200
EDCF-Shield,v3b,FALCON1024+HMAC-SHA512+AES256GCM+DKG4of7,COMPROMISED_CTRL,90,33.58,39,CUMULATIVE,78,42142,42992,758,498,0.985461,0.970938,0.985317,0.982331,0.988321,98.85,100,0,0.664102,0,1,3,0,0,76,1448,0.955349,1,0.4872,2,3,0,0,V3,1,1,-100,1,108.725,0,0,0,0,1,200
EDCF-Shield,v3b,FALCON1024+HMAC-SHA512+AES256GCM+DKG4of7,COMPROMISED_CTRL,90,33.58,40,CYCLE,80,1080,1200,20,14,0.985307,0.957102,0.984503,0.981818,0.987203,98.85,100,0,0.664102,0,1,3,0,0,76,1448,0.955748,1,0.4875,2,3,0,0,V3,1,1,-100,1,111.76,0,0,0,0,2,200
EDCF-Shield,v3b,FALCON1024+HMAC-SHA512+AES256GCM+DKG4of7,COMPROMISED_CTRL,90,33.58,40,CUMULATIVE,80,43222,44192,778,512,0.985457,0.970929,0.985296,0.982318,0.988293,98.85,100,0,0.664102,0,1,3,0,0,76,1448,0.955748,1,0.4875,2,3,0,0,V3,1,1,-100,1,111.76,0,0,0,0,1,200
EDCF-Shield,v3b,FALCON1024+HMAC-SHA512+AES256GCM+DKG4of7,COMPROMISED_CTRL,90,33.58,41,CYCLE,82,1080,1200,20,14,0.985307,0.95743,0.984503,0.981818,0.987203,98.85,100,0,0.664101,0,1,3,0,0,76,1448,0.956128,1,0.4878,2,3,0,0,V3,1,1,-100,1,114.795,0,0,0,0,2,200
EDCF-Shield,v3b,FALCON1024+HMAC-SHA512+AES256GCM+DKG4of7,COMPROMISED_CTRL,90,33.58,41,CUMULATIVE,82,44302,45392,798,526,0.985453,0.97092,0.985277,0.982306,0.988266,98.85,100,0,0.664101,0,1,3,0,0,76,1448,0.956128,1,0.4878,2,3,0,0,V3,1,1,-100,1,114.795,0,0,0,0,1,200
EDCF-Shield,v3b,FALCON1024+HMAC-SHA512+AES256GCM+DKG4of7,COMPROMISED_CTRL,90,33.58,42,CYCLE,84,1080,1200,20,12,0.986159,0.957783,0.985401,0.981818,0.989011,99.01,100,0,0.66411,0,1,3,0,0,76,1448,0.956489,1,0.4881,2,3,0,0,V3,1,1,-100,1,117.825,0,0,0,0,2,200
EDCF-Shield,v3b,FALCON1024+HMAC-SHA512+AES256GCM+DKG4of7,COMPROMISED_CTRL,90,33.58,42,CUMULATIVE,84,45382,46592,818,538,0.985471,0.970955,0.98528,0.982294,0.988284,98.86,100,0,0.66411,0,1,3,0,0,76,1448,0.956489,1,0.4881,2,3,0,0,V3,1,1,-100,1,117.825,0,0,0,0,1,200
EDCF-Shield,v3b,FALCON1024+HMAC-SHA512+AES256GCM+DKG4of7,COMPROMISED_CTRL,90,33.58,43,CYCLE,86,1080,1200,20,14,0.985307,0.95808,0.984503,0.981818,0.987203,98.85,100,0,0.66411,0,1,3,0,0,76,1448,0.956833,1,0.4884,2,3,0,0,V3,1,1,-100,1,120.86,0,0,0,0,2,200
EDCF-Shield,v3b,FALCON1024+HMAC-SHA512+AES256GCM+DKG4of7,COMPROMISED_CTRL,90,33.58,43,CUMULATIVE,86,46462,47792,838,552,0.985467,0.970946,0.985262,0.982283,0.988259,98.86,100,0,0.66411,0,1,3,0,0,76,1448,0.956833,1,0.4884,2,3,0,0,V3,1,1,-100,1,120.86,0,0,0,0,1,200
EDCF-Shield,v3b,FALCON1024+HMAC-SHA512+AES256GCM+DKG4of7,COMPROMISED_CTRL,90,33.58,44,CYCLE,88,1080,1200,20,14,0.985307,0.958363,0.984503,0.981818,0.987203,98.85,100,0,0.664109,0,1,3,0,0,76,1448,0.957161,1,0.4886,2,3,0,0,V3,1,1,-100,1,123.895,0,0,0,0,2,200
EDCF-Shield,v3b,FALCON1024+HMAC-SHA512+AES256GCM+DKG4of7,COMPROMISED_CTRL,90,33.58,44,CUMULATIVE,88,47542,48992,858,566,0.985463,0.970937,0.985245,0.982273,0.988235,98.86,100,0,0.664109,0,1,3,0,0,76,1448,0.957161,1,0.4886,2,3,0,0,V3,1,1,-100,1,123.895,0,0,0,0,1,200
EDCF-Shield,v3b,FALCON1024+HMAC-SHA512+AES256GCM+DKG4of7,COMPROMISED_CTRL,90,33.58,45,CYCLE,90,1080,1200,20,12,0.986159,0.958672,0.985401,0.981818,0.989011,99.01,100,0,0.664117,0,1,3,0,0,76,1448,0.957474,1,0.4889,2,3,0,0,V3,1,1,-100,1,126.925,0,0,0,0,2,200
EDCF-Shield,v3b,FALCON1024+HMAC-SHA512+AES256GCM+DKG4of7,COMPROMISED_CTRL,90,33.58,45,CUMULATIVE,90,48622,50192,878,578,0.985479,0.970969,0.985248,0.982263,0.988252,98.86,100,0,0.664117,0,1,3,0,0,76,1448,0.957474,1,0.4889,2,3,0,0,V3,1,1,-100,1,126.925,0,0,0,0,1,200
EDCF-Shield,v3b,FALCON1024+HMAC-SHA512+AES256GCM+DKG4of7,COMPROMISED_CTRL,90,33.58,46,CYCLE,92,1080,1200,20,14,0.985307,0.958931,0.984503,0.981818,0.987203,98.85,100,0,0.664117,0,1,3,0,0,76,1448,0.957774,1,0.4891,2,3,0,0,V3,1,1,-100,1,129.96,0,0,0,0,2,200
EDCF-Shield,v3b,FALCON1024+HMAC-SHA512+AES256GCM+DKG4of7,COMPROMISED_CTRL,90,33.58,46,CUMULATIVE,92,49702,51392,898,592,0.985475,0.97096,0.985232,0.982253,0.988229,98.86,100,0,0.664117,0,1,3,0,0,76,1448,0.957774,1,0.4891,2,3,0,0,V3,1,1,-100,1,129.96,0,0,0,0,1,200
EDCF-Shield,v3b,FALCON1024+HMAC-SHA512+AES256GCM+DKG4of7,COMPROMISED_CTRL,90,33.58,47,CYCLE,94,1080,1200,20,14,0.985307,0.959178,0.984503,0.981818,0.987203,98.85,100,0,0.664116,0,1,3,0,0,76,1448,0.958061,1,0.4894,2,3,0,0,V3,1,1,-100,1,132.995,0,0,0,0,2,200
EDCF-Shield,v3b,FALCON1024+HMAC-SHA512+AES256GCM+DKG4of7,COMPROMISED_CTRL,90,33.58,47,CUMULATIVE,94,50782,52592,918,606,0.985472,0.970952,0.985217,0.982244,0.988207,98.86,100,0,0.664116,0,1,3,0,0,76,1448,0.958061,1,0.4894,2,3,0,0,V3,1,1,-100,1,132.995,0,0,0,0,1,200
EDCF-Shield,v3b,FALCON1024+HMAC-SHA512+AES256GCM+DKG4of7,COMPROMISED_CTRL,90,33.58,48,CYCLE,96,1080,1200,20,12,0.986159,0.95945,0.985401,0.981818,0.989011,99.01,100,0,0.664123,0,1,3,0,0,76,1448,0.958335,1,0.4896,2,3,0,0,V3,1,1,-100,1,136.025,0,0,0,0,2,200
EDCF-Shield,v3b,FALCON1024+HMAC-SHA512+AES256GCM+DKG4of7,COMPROMISED_CTRL,90,33.58,48,CUMULATIVE,96,51862,53792,938,618,0.985486,0.970981,0.98522,0.982235,0.988224,98.86,100,0,0.664123,0,1,3,0,0,76,1448,0.958335,1,0.4896,2,3,0,0,V3,1,1,-100,1,136.025,0,0,0,0,1,200
EDCF-Shield,v3b,FALCON1024+HMAC-SHA512+AES256GCM+DKG4of7,COMPROMISED_CTRL,90,33.58,49,CYCLE,98,1080,1200,20,14,0.985307,0.959677,0.984503,0.981818,0.987203,98.85,100,0,0.664123,0,1,3,0,0,76,1448,0.958599,1,0.4898,2,3,0,0,V3,1,1,-100,1,139.06,0,0,0,0,2,200
EDCF-Shield,v3b,FALCON1024+HMAC-SHA512+AES256GCM+DKG4of7,COMPROMISED_CTRL,90,33.58,49,CUMULATIVE,98,52942,54992,958,632,0.985483,0.970973,0.985206,0.982226,0.988203,98.86,100,0,0.664123,0,1,3,0,0,76,1448,0.958599,1,0.4898,2,3,0,0,V3,1,1,-100,1,139.06,0,0,0,0,1,200
EDCF-Shield,v3b,FALCON1024+HMAC-SHA512+AES256GCM+DKG4of7,COMPROMISED_CTRL,90,33.58,50,CYCLE,100,1080,1200,20,14,0.985307,0.959894,0.984503,0.981818,0.987203,98.85,100,0,0.664122,0,1,3,0,0,76,1448,0.958851,1,0.49,2,3,0,0,V3,1,1,-100,1,142.095,0,0,0,0,2,200
EDCF-Shield,v3b,FALCON1024+HMAC-SHA512+AES256GCM+DKG4of7,COMPROMISED_CTRL,90,33.58,50,CUMULATIVE,100,54022,56192,978,646,0.985479,0.970964,0.985192,0.982218,0.988183,98.86,100,0,0.664122,0,1,3,0,0,76,1448,0.958851,1,0.49,2,3,0,0,V3,1,1,-100,1,142.095,0,0,0,0,1,200
EDCF-Shield,v3b,FALCON1024+HMAC-SHA512+AES256GCM+DKG4of7,COMPROMISED_CTRL,90,33.58,51,CYCLE,102,1080,1200,20,12,0.986159,0.960137,0.985401,0.981818,0.989011,99.01,100,0,0.664129,0,1,3,0,0,76,1448,0.959094,1,0.4902,2,3,0,0,V3,1,1,-100,1,145.125,0,0,0,0,2,200
EDCF-Shield,v3b,FALCON1024+HMAC-SHA512+AES256GCM+DKG4of7,COMPROMISED_CTRL,90,33.58,51,CUMULATIVE,102,55102,57392,998,658,0.985493,0.970991,0.985196,0.98221,0.988199,98.87,100,0,0.664129,0,1,3,0,0,76,1448,0.959094,1,0.4902,2,3,0,0,V3,1,1,-100,1,145.125,0,0,0,0,1,200
EDCF-Shield,v3b,FALCON1024+HMAC-SHA512+AES256GCM+DKG4of7,COMPROMISED_CTRL,90,33.58,52,CYCLE,104,1080,1200,20,14,0.985307,0.960337,0.984503,0.981818,0.987203,98.85,100,0,0.664128,0,1,3,0,0,76,1448,0.959327,1,0.4904,2,3,0,0,V3,1,1,-100,1,148.16,0,0,0,0,2,200
EDCF-Shield,v3b,FALCON1024+HMAC-SHA512+AES256GCM+DKG4of7,COMPROMISED_CTRL,90,33.58,52,CUMULATIVE,104,56182,58592,1018,672,0.985489,0.970983,0.985182,0.982203,0.98818,98.87,100,0,0.664128,0,1,3,0,0,76,1448,0.959327,1,0.4904,2,3,0,0,V3,1,1,-100,1,148.16,0,0,0,0,1,200
EDCF-Shield,v3b,FALCON1024+HMAC-SHA512+AES256GCM+DKG4of7,COMPROMISED_CTRL,90,33.58,53,CYCLE,106,1080,1200,20,14,0.985307,0.96053,0.984503,0.981818,0.987203,98.85,100,0,0.664127,0,1,3,0,0,76,1448,0.959551,1,0.4906,2,3,0,0,V3,1,1,-100,1,151.195,0,0,0,0,2,200
EDCF-Shield,v3b,FALCON1024+HMAC-SHA512+AES256GCM+DKG4of7,COMPROMISED_CTRL,90,33.58,53,CUMULATIVE,106,57262,59792,1038,686,0.985486,0.970975,0.98517,0.982196,0.988162,98.87,100,0,0.664127,0,1,3,0,0,76,1448,0.959551,1,0.4906,2,3,0,0,V3,1,1,-100,1,151.195,0,0,0,0,1,200
EDCF-Shield,v3b,FALCON1024+HMAC-SHA512+AES256GCM+DKG4of7,COMPROMISED_CTRL,90,33.58,54,CYCLE,108,1080,1200,20,12,0.986159,0.960747,0.985401,0.981818,0.989011,99.01,100,0,0.664133,0,1,3,0,0,76,1448,0.959767,1,0.4907,2,3,0,0,V3,1,1,-100,1,154.225,0,0,0,0,2,200
EDCF-Shield,v3b,FALCON1024+HMAC-SHA512+AES256GCM+DKG4of7,COMPROMISED_CTRL,90,33.58,54,CUMULATIVE,108,58342,60992,1058,698,0.985498,0.971,0.985174,0.982189,0.988178,98.87,100,0,0.664133,0,1,3,0,0,76,1448,0.959767,1,0.4907,2,3,0,0,V3,1,1,-100,1,154.225,0,0,0,0,1,200
EDCF-Shield,v3b,FALCON1024+HMAC-SHA512+AES256GCM+DKG4of7,COMPROMISED_CTRL,90,33.58,55,CYCLE,110,1080,1200,20,14,0.985307,0.960925,0.984503,0.981818,0.987203,98.85,100,0,0.664132,0,1,3,0,0,76,1448,0.959975,1,0.4909,2,3,0,0,V3,1,1,-100,1,157.26,0,0,0,0,2,200
EDCF-Shield,v3b,FALCON1024+HMAC-SHA512+AES256GCM+DKG4of7,COMPROMISED_CTRL,90,33.58,55,CUMULATIVE,110,59422,62192,1078,712,0.985495,0.970992,0.985162,0.982182,0.98816,98.87,100,0,0.664132,0,1,3,0,0,76,1448,0.959975,1,0.4909,2,3,0,0,V3,1,1,-100,1,157.26,0,0,0,0,1,200
EDCF-Shield,v3b,FALCON1024+HMAC-SHA512+AES256GCM+DKG4of7,COMPROMISED_CTRL,90,33.58,56,CYCLE,112,1080,1200,20,14,0.985307,0.961097,0.984503,0.981818,0.987203,98.85,100,0,0.664131,0,1,3,0,0,76,1448,0.960175,1,0.4911,2,3,0,0,V3,1,1,-100,1,160.295,0,0,0,0,2,200
EDCF-Shield,v3b,FALCON1024+HMAC-SHA512+AES256GCM+DKG4of7,COMPROMISED_CTRL,90,33.58,56,CUMULATIVE,112,60502,63392,1098,726,0.985491,0.970985,0.98515,0.982175,0.988143,98.87,100,0,0.664131,0,1,3,0,0,76,1448,0.960175,1,0.4911,2,3,0,0,V3,1,1,-100,1,160.295,0,0,0,0,1,200
EDCF-Shield,v3b,FALCON1024+HMAC-SHA512+AES256GCM+DKG4of7,COMPROMISED_CTRL,90,33.58,57,CYCLE,114,1080,1200,20,12,0.986159,0.961293,0.985401,0.981818,0.989011,99.01,100,0,0.664137,0,1,3,0,0,76,1448,0.960368,1,0.4912,2,3,0,0,V3,1,1,-100,1,163.325,0,0,0,0,2,200
EDCF-Shield,v3b,FALCON1024+HMAC-SHA512+AES256GCM+DKG4of7,COMPROMISED_CTRL,90,33.58,57,CUMULATIVE,114,61582,64592,1118,738,0.985503,0.971008,0.985154,0.982169,0.988158,98.87,100,0,0.664137,0,1,3,0,0,76,1448,0.960368,1,0.4912,2,3,0,0,V3,1,1,-100,1,163.325,0,0,0,0,1,200
EDCF-Shield,v3b,FALCON1024+HMAC-SHA512+AES256GCM+DKG4of7,COMPROMISED_CTRL,90,33.58,58,CYCLE,116,1080,1200,20,14,0.985307,0.961453,0.984503,0.981818,0.987203,98.85,100,0,0.664136,0,1,3,0,0,76,1448,0.960555,1,0.4914,2,3,0,0,V3,1,1,-100,1,166.36,0,0,0,0,2,200
EDCF-Shield,v3b,FALCON1024+HMAC-SHA512+AES256GCM+DKG4of7,COMPROMISED_CTRL,90,33.58,58,CUMULATIVE,116,62662,65792,1138,752,0.9855,0.971,0.985143,0.982163,0.988141,98.87,100,0,0.664136,0,1,3,0,0,76,1448,0.960555,1,0.4914,2,3,0,0,V3,1,1,-100,1,166.36,0,0,0,0,1,200
EDCF-Shield,v3b,FALCON1024+HMAC-SHA512+AES256GCM+DKG4of7,COMPROMISED_CTRL,90,33.58,59,CYCLE,118,1080,1200,20,14,0.985307,0.961607,0.984503,0.981818,0.987203,98.85,100,0,0.664135,0,1,3,0,0,76,1448,0.960735,1,0.4915,2,3,0,0,V3,1,1,-100,1,169.395,0,0,0,0,2,200
EDCF-Shield,v3b,FALCON1024+HMAC-SHA512+AES256GCM+DKG4of7,COMPROMISED_CTRL,90,33.58,59,CUMULATIVE,118,63742,66992,1158,766,0.985497,0.970993,0.985132,0.982157,0.988126,98.87,100,0,0.664135,0,1,3,0,0,76,1448,0.960735,1,0.4915,2,3,0,0,V3,1,1,-100,1,169.395,0,0,0,0,1,200
EDCF-Shield,v3b,FALCON1024+HMAC-SHA512+AES256GCM+DKG4of7,COMPROMISED_CTRL,90,33.58,60,CYCLE,120,1080,1200,20,12,0.986159,0.961785,0.985401,0.981818,0.989011,99.01,100,0,0.664141,0,1,3,0,0,76,1448,0.960909,1,0.4917,2,3,0,0,V3,1,1,-100,1,172.425,0,0,0,0,2,200
EDCF-Shield,v3b,FALCON1024+HMAC-SHA512+AES256GCM+DKG4of7,COMPROMISED_CTRL,90,33.58,60,CUMULATIVE,120,64822,68192,1178,778,0.985508,0.971015,0.985137,0.982152,0.98814,98.87,100,0,0.664141,0,1,3,0,0,76,1448,0.960909,1,0.4917,2,3,0,0,V3,1,1,-100,1,172.425,0,0,0,0,1,200
EDCF-Shield,v3b,FALCON1024+HMAC-SHA512+AES256GCM+DKG4of7,COMPROMISED_CTRL,90,33.58,61,CYCLE,122,1080,1200,20,14,0.985307,0.961928,0.984503,0.981818,0.987203,98.85,100,0,0.66414,0,1,3,0,0,76,1448,0.961077,1,0.4918,2,3,0,0,V3,1,1,-100,1,175.46,0,0,0,0,2,200
EDCF-Shield,v3b,FALCON1024+HMAC-SHA512+AES256GCM+DKG4of7,COMPROMISED_CTRL,90,33.58,61,CUMULATIVE,122,65902,69392,1198,792,0.985505,0.971008,0.985126,0.982146,0.988125,98.87,100,0,0.66414,0,1,3,0,0,76,1448,0.961077,1,0.4918,2,3,0,0,V3,1,1,-100,1,175.46,0,0,0,0,1,200
EDCF-Shield,v3b,FALCON1024+HMAC-SHA512+AES256GCM+DKG4of7,COMPROMISED_CTRL,90,33.58,62,CYCLE,124,1080,1200,20,14,0.985307,0.962067,0.984503,0.981818,0.987203,98.85,100,0,0.664139,0,1,3,0,0,76,1448,0.96124,1,0.4919,2,3,0,0,V3,1,1,-100,1,178.495,0,0,0,0,2,200
EDCF-Shield,v3b,FALCON1024+HMAC-SHA512+AES256GCM+DKG4of7,COMPROMISED_CTRL,90,33.58,62,CUMULATIVE,124,66982,70592,1218,806,0.985501,0.971,0.985116,0.982141,0.98811,98.87,100,0,0.664139,0,1,3,0,0,76,1448,0.96124,1,0.4919,2,3,0,0,V3,1,1,-100,1,178.495,0,0,0,0,1,200
EDCF-Shield,v3b,FALCON1024+HMAC-SHA512+AES256GCM+DKG4of7,COMPROMISED_CTRL,90,33.58,63,CYCLE,126,1080,1200,20,12,0.986159,0.962229,0.985401,0.981818,0.989011,99.01,100,0,0.664144,0,1,3,0,0,76,1448,0.961397,1,0.4921,2,3,0,0,V3,1,1,-100,1,181.525,0,0,0,0,2,200
EDCF-Shield,v3b,FALCON1024+HMAC-SHA512+AES256GCM+DKG4of7,COMPROMISED_CTRL,90,33.58,63,CUMULATIVE,126,68062,71792,1238,818,0.985512,0.971021,0.985121,0.982136,0.988124,98.87,100,0,0.664144,0,1,3,0,0,76,1448,0.961397,1,0.4921,2,3,0,0,V3,1,1,-100,1,181.525,0,0,0,0,1,200
EDCF-Shield,v3b,FALCON1024+HMAC-SHA512+AES256GCM+DKG4of7,COMPROMISED_CTRL,90,33.58,64,CYCLE,128,1080,1200,20,14,0.985307,0.962359,0.984503,0.981818,0.987203,98.85,100,0,0.664143,0,1,3,0,0,76,1448,0.96155,1,0.4922,2,3,0,0,V3,1,1,-100,1,184.56,0,0,0,0,2,200
EDCF-Shield,v3b,FALCON1024+HMAC-SHA512+AES256GCM+DKG4of7,COMPROMISED_CTRL,90,33.58,64,CUMULATIVE,128,69142,72992,1258,832,0.985509,0.971014,0.985111,0.982131,0.98811,98.87,100,0,0.664143,0,1,3,0,0,76,1448,0.96155,1,0.4922,2,3,0,0,V3,1,1,-100,1,184.56,0,0,0,0,1,200
EDCF-Shield,v3b,FALCON1024+HMAC-SHA512+AES256GCM+DKG4of7,COMPROMISED_CTRL,90,33.58,65,CYCLE,130,1080,1200,20,14,0.985307,0.962485,0.984503,0.981818,0.987203,98.85,100,0,0.664142,0,1,3,0,0,76,1448,0.961698,1,0.4923,2,3,0,0,V3,1,1,-100,1,187.595,0,0,0,0,2,200
EDCF-Shield,v3b,FALCON1024+HMAC-SHA512+AES256GCM+DKG4of7,COMPROMISED_CTRL,90,33.58,65,CUMULATIVE,130,70222,74192,1278,846,0.985505,0.971007,0.985102,0.982126,0.988096,98.87,100,0,0.664142,0,1,3,0,0,76,1448,0.961698,1,0.4923,2,3,0,0,V3,1,1,-100,1,187.595,0,0,0,0,1,200
EDCF-Shield,v3b,FALCON1024+HMAC-SHA512+AES256GCM+DKG4of7,COMPROMISED_CTRL,90,33.58,66,CYCLE,132,1080,1200,20,12,0.986159,0.962633,0.985401,0.981818,0.989011,99.01,100,0,0.664147,0,1,3,0,0,76,1448,0.961841,1,0.4924,2,3,0,0,V3,1,1,-100,1,190.625,0,0,0,0,2,200
EDCF-Shield,v3b,FALCON1024+HMAC-SHA512+AES256GCM+DKG4of7,COMPROMISED_CTRL,90,33.58,66,CUMULATIVE,132,71302,75392,1298,858,0.985516,0.971027,0.985106,0.982121,0.98811,98.87,100,0,0.664147,0,1,3,0,0,76,1448,0.961841,1,0.4924,2,3,0,0,V3,1,1,-100,1,190.625,0,0,0,0,1,200
EDCF-Shield,v3b,FALCON1024+HMAC-SHA512+AES256GCM+DKG4of7,COMPROMISED_CTRL,90,33.58,67,CYCLE,134,1080,1200,20,14,0.985307,0.962751,0.984503,0.981818,0.987203,98.85,100,0,0.664146,0,1,3,0,0,76,1448,0.96198,1,0.4925,2,3,0,0,V3,1,1,-100,1,193.66,0,0,0,0,2,200
EDCF-Shield,v3b,FALCON1024+HMAC-SHA512+AES256GCM+DKG4of7,COMPROMISED_CTRL,90,33.58,67,CUMULATIVE,134,72382,76592,1318,872,0.985512,0.97102,0.985097,0.982117,0.988096,98.87,100,0,0.664146,0,1,3,0,0,76,1448,0.96198,1,0.4925,2,3,0,0,V3,1,1,-100,1,193.66,0,0,0,0,1,200
EDCF-Shield,v3b,FALCON1024+HMAC-SHA512+AES256GCM+DKG4of7,COMPROMISED_CTRL,90,33.58,68,CYCLE,136,1080,1200,20,14,0.985307,0.962866,0.984503,0.981818,0.987203,98.85,100,0,0.664145,0,1,3,0,0,76,1448,0.962115,1,0.4926,2,3,0,0,V3,1,1,-100,1,196.695,0,0,0,0,2,200
EDCF-Shield,v3b,FALCON1024+HMAC-SHA512+AES256GCM+DKG4of7,COMPROMISED_CTRL,90,33.58,68,CUMULATIVE,136,73462,77792,1338,886,0.985509,0.971013,0.985089,0.982112,0.988083,98.87,100,0,0.664145,0,1,3,0,0,76,1448,0.962115,1,0.4926,2,3,0,0,V3,1,1,-100,1,196.695,0,0,0,0,1,200
EDCF-Shield,v3b,FALCON1024+HMAC-SHA512+AES256GCM+DKG4of7,COMPROMISED_CTRL,90,33.58,69,CYCLE,138,1080,1200,20,12,0.986159,0.963002,0.985401,0.981818,0.989011,99.01,100,0,0.66415,0,1,3,0,0,76,1448,0.962246,1,0.4928,2,3,0,0,V3,1,1,-100,1,199.725,0,0,0,0,2,200
EDCF-Shield,v3b,FALCON1024+HMAC-SHA512+AES256GCM+DKG4of7,COMPROMISED_CTRL,90,33.58,69,CUMULATIVE,138,74542,78992,1358,898,0.985519,0.971031,0.985093,0.982108,0.988097,98.88,100,0,0.66415,0,1,3,0,0,76,1448,0.962246,1,0.4928,2,3,0,0,V3,1,1,-100,1,199.725,0,0,0,0,1,200
EDCF-Shield,v3b,FALCON1024+HMAC-SHA512+AES256GCM+DKG4of7,COMPROMISED_CTRL,90,33.58,70,CYCLE,140,1080,1200,20,14,0.985307,0.96311,0.984503,0.981818,0.987203,98.85,100,0,0.664149,0,1,3,0,0,76,1448,0.962373,1,0.4929,2,3,0,0,V3,1,1,-100,1,202.76,0,0,0,0,2,200
EDCF-Shield,v3b,FALCON1024+HMAC-SHA512+AES256GCM+DKG4of7,COMPROMISED_CTRL,90,33.58,70,CUMULATIVE,140,75622,80192,1378,912,0.985516,0.971025,0.985085,0.982104,0.988084,98.88,100,0,0.664149,0,1,3,0,0,76,1448,0.962373,1,0.4929,2,3,0,0,V3,1,1,-100,1,202.76,0,0,0,0,1,200
EDCF-Shield,v3b,FALCON1024+HMAC-SHA512+AES256GCM+DKG4of7,COMPROMISED_CTRL,90,33.58,71,CYCLE,142,1080,1200,20,14,0.985307,0.963215,0.984503,0.981818,0.987203,98.85,100,0,0.664148,0,1,3,0,0,76,1448,0.962497,1,0.493,2,3,0,0,V3,1,1,-100,1,205.795,0,0,0,0,2,200
EDCF-Shield,v3b,FALCON1024+HMAC-SHA512+AES256GCM+DKG4of7,COMPROMISED_CTRL,90,33.58,71,CUMULATIVE,142,76702,81392,1398,926,0.985513,0.971018,0.985077,0.9821,0.988071,98.88,100,0,0.664148,0,1,3,0,0,76,1448,0.962497,1,0.493,2,3,0,0,V3,1,1,-100,1,205.795,0,0,0,0,1,200
EDCF-Shield,v3b,FALCON1024+HMAC-SHA512+AES256GCM+DKG4of7,COMPROMISED_CTRL,90,33.58,72,CYCLE,144,1080,1200,20,12,0.986159,0.963341,0.985401,0.981818,0.989011,99.01,100,0,0.664152,0,1,3,0,0,76,1448,0.962617,1,0.4931,2,3,0,0,V3,1,1,-100,1,208.825,0,0,0,0,2,200
EDCF-Shield,v3b,FALCON1024+HMAC-SHA512+AES256GCM+DKG4of7,COMPROMISED_CTRL,90,33.58,72,CUMULATIVE,144,77782,82592,1418,938,0.985522,0.971036,0.985081,0.982096,0.988084,98.88,100,0,0.664152,0,1,3,0,0,76,1448,0.962617,1,0.4931,2,3,0,0,V3,1,1,-100,1,208.825,0,0,0,0,1,200
EDCF-Shield,v3b,FALCON1024+HMAC-SHA512+AES256GCM+DKG4of7,COMPROMISED_CTRL,90,33.58,73,CYCLE,146,1080,1200,20,14,0.985307,0.963439,0.984503,0.981818,0.987203,98.85,100,0,0.664151,0,1,3,0,0,76,1448,0.962734,1,0.4932,2,3,0,0,V3,1,1,-100,1,211.86,0,0,0,0,2,200
EDCF-Shield,v3b,FALCON1024+HMAC-SHA512+AES256GCM+DKG4of7,COMPROMISED_CTRL,90,33.58,73,CUMULATIVE,146,78862,83792,1438,952,0.985519,0.971029,0.985073,0.982092,0.988072,98.88,100,0,0.664151,0,1,3,0,0,76,1448,0.962734,1,0.4932,2,3,0,0,V3,1,1,-100,1,211.86,0,0,0,0,1,200
EDCF-Shield,v3b,FALCON1024+HMAC-SHA512+AES256GCM+DKG4of7,COMPROMISED_CTRL,90,33.58,74,CYCLE,148,1080,1200,20,14,0.985307,0.963535,0.984503,0.981818,0.987203,98.85,100,0,0.66415,0,1,3,0,0,76,1448,0.962847,1,0.4932,2,3,0,0,V3,1,1,-100,1,214.895,0,0,0,0,2,200
EDCF-Shield,v3b,FALCON1024+HMAC-SHA512+AES256GCM+DKG4of7,COMPROMISED_CTRL,90,33.58,74,CUMULATIVE,148,79942,84992,1458,966,0.985516,0.971023,0.985065,0.982088,0.988061,98.88,100,0,0.66415,0,1,3,0,0,76,1448,0.962847,1,0.4932,2,3,0,0,V3,1,1,-100,1,214.895,0,0,0,0,1,200
EDCF-Shield,v3b,FALCON1024+HMAC-SHA512+AES256GCM+DKG4of7,COMPROMISED_CTRL,90,33.58,75,CYCLE,150,1080,1200,20,12,0.986159,0.963652,0.985401,0.981818,0.989011,99.01,100,0,0.664155,0,1,3,0,0,76,1448,0.962958,1,0.4933,2,3,0,0,V3,1,1,-100,1,217.925,0,0,0,0,2,200
EDCF-Shield,v3b,FALCON1024+HMAC-SHA512+AES256GCM+DKG4of7,COMPROMISED_CTRL,90,33.58,75,CUMULATIVE,150,81022,86192,1478,978,0.985525,0.97104,0.98507,0.982085,0.988073,98.88,100,0,0.664155,0,1,3,0,0,76,1448,0.962958,1,0.4933,2,3,0,0,V3,1,1,-100,1,217.925,0,0,0,0,1,200
EDCF-Shield,v3b,FALCON1024+HMAC-SHA512+AES256GCM+DKG4of7,COMPROMISED_CTRL,90,33.58,76,CYCLE,152,1080,1200,20,14,0.985307,0.963743,0.984503,0.981818,0.987203,98.85,100,0,0.664154,0,1,3,0,0,76,1448,0.963066,1,0.4934,2,3,0,0,V3,1,1,-100,1,220.96,0,0,0,0,2,200
EDCF-Shield,v3b,FALCON1024+HMAC-SHA512+AES256GCM+DKG4of7,COMPROMISED_CTRL,90,33.58,76,CUMULATIVE,152,82102,87392,1498,992,0.985522,0.971033,0.985062,0.982081,0.988062,98.88,100,0,0.664154,0,1,3,0,0,76,1448,0.963066,1,0.4934,2,3,0,0,V3,1,1,-100,1,220.96,0,0,0,0,1,200
EDCF-Shield,v3b,FALCON1024+HMAC-SHA512+AES256GCM+DKG4of7,COMPROMISED_CTRL,90,33.58,77,CYCLE,154,1080,1200,20,14,0.985307,0.963831,0.984503,0.981818,0.987203,98.85,100,0,0.664153,0,1,3,0,0,76,1448,0.963171,1,0.4935,2,3,0,0,V3,1,1,-100,1,223.995,0,0,0,0,2,200
EDCF-Shield,v3b,FALCON1024+HMAC-SHA512+AES256GCM+DKG4of7,COMPROMISED_CTRL,90,33.58,77,CUMULATIVE,154,83182,88592,1518,1006,0.985519,0.971027,0.985055,0.982078,0.988051,98.88,100,0,0.664153,0,1,3,0,0,76,1448,0.963171,1,0.4935,2,3,0,0,V3,1,1,-100,1,223.995,0,0,0,0,1,200
EDCF-Shield,v3b,FALCON1024+HMAC-SHA512+AES256GCM+DKG4of7,COMPROMISED_CTRL,90,33.58,78,CYCLE,156,1080,1200,20,12,0.986159,0.963939,0.985401,0.981818,0.989011,99.01,100,0,0.664157,0,1,3,0,0,76,1448,0.963273,1,0.4936,2,3,0,0,V3,1,1,-100,1,227.025,0,0,0,0,2,200
EDCF-Shield,v3b,FALCON1024+HMAC-SHA512+AES256GCM+DKG4of7,COMPROMISED_CTRL,90,33.58,78,CUMULATIVE,156,84262,89792,1538,1018,0.985527,0.971044,0.98506,0.982075,0.988063,98.88,100,0,0.664157,0,1,3,0,0,76,1448,0.963273,1,0.4936,2,3,0,0,V3,1,1,-100,1,227.025,0,0,0,0,1,200
EDCF-Shield,v3b,FALCON1024+HMAC-SHA512+AES256GCM+DKG4of7,COMPROMISED_CTRL,90,33.58,79,CYCLE,158,1080,1200,20,14,0.985307,0.964023,0.984503,0.981818,0.987203,98.85,100,0,0.664156,0,1,3,0,0,76,1448,0.963372,1,0.4937,2,3,0,0,V3,1,1,-100,1,230.06,0,0,0,0,2,200
EDCF-Shield,v3b,FALCON1024+HMAC-SHA512+AES256GCM+DKG4of7,COMPROMISED_CTRL,90,33.58,79,CUMULATIVE,158,85342,90992,1558,1032,0.985525,0.971037,0.985053,0.982071,0.988052,98.88,100,0,0.664156,0,1,3,0,0,76,1448,0.963372,1,0.4937,2,3,0,0,V3,1,1,-100,1,230.06,0,0,0,0,1,200
EDCF-Shield,v3b,FALCON1024+HMAC-SHA512+AES256GCM+DKG4of7,COMPROMISED_CTRL,90,33.58,80,CYCLE,160,1080,1200,20,14,0.985307,0.964104,0.984503,0.981818,0.987203,98.85,100,0,0.664155,0,1,3,0,0,76,1448,0.963469,1,0.4938,2,3,0,0,V3,1,1,-100,1,233.095,0,0,0,0,2,200
EDCF-Shield,v3b,FALCON1024+HMAC-SHA512+AES256GCM+DKG4of7,COMPROMISED_CTRL,90,33.58,80,CUMULATIVE,160,86422,92192,1578,1046,0.985522,0.971031,0.985046,0.982068,0.988041,98.88,100,0,0.664155,0,1,3,0,0,76,1448,0.963469,1,0.4938,2,3,0,0,V3,1,1,-100,1,233.095,0,0,0,0,1,200
EDCF-Shield,v3b,FALCON1024+HMAC-SHA512+AES256GCM+DKG4of7,COMPROMISED_CTRL,90,33.58,81,CYCLE,162,1080,1200,20,12,0.986159,0.964205,0.985401,0.981818,0.989011,99.01,100,0,0.664159,0,1,3,0,0,76,1448,0.963564,1,0.4938,2,3,0,0,V3,1,1,-100,1,236.125,0,0,0,0,2,200
EDCF-Shield,v3b,FALCON1024+HMAC-SHA512+AES256GCM+DKG4of7,COMPROMISED_CTRL,90,33.58,81,CUMULATIVE,162,87502,93392,1598,1058,0.98553,0.971047,0.98505,0.982065,0.988053,98.88,100,0,0.664159,0,1,3,0,0,76,1448,0.963564,1,0.4938,2,3,0,0,V3,1,1,-100,1,236.125,0,0,0,0,1,200
EDCF-Shield,v3b,FALCON1024+HMAC-SHA512+AES256GCM+DKG4of7,COMPROMISED_CTRL,90,33.58,82,CYCLE,164,1080,1200,20,14,0.985307,0.964282,0.984503,0.981818,0.987203,98.85,100,0,0.664158,0,1,3,0,0,76,1448,0.963656,1,0.4939,2,3,0,0,V3,1,1,-100,1,239.16,0,0,0,0,2,200
EDCF-Shield,v3b,FALCON1024+HMAC-SHA512+AES256GCM+DKG4of7,COMPROMISED_CTRL,90,33.58,82,CUMULATIVE,164,88582,94592,1618,1072,0.985527,0.971041,0.985043,0.982062,0.988043,98.88,100,0,0.664158,0,1,3,0,0,76,1448,0.963656,1,0.4939,2,3,0,0,V3,1,1,-100,1,239.16,0,0,0,0,1,200
EDCF-Shield,v3b,FALCON1024+HMAC-SHA512+AES256GCM+DKG4of7,COMPROMISED_CTRL,90,33.58,83,CYCLE,166,1080,1200,20,14,0.985307,0.964358,0.984503,0.981818,0.987203,98.85,100,0,0.664157,0,1,3,0,0,76,1448,0.963746,1,0.494,2,3,0,0,V3,1,1,-100,1,242.195,0,0,0,0,2,200
EDCF-Shield,v3b,FALCON1024+HMAC-SHA512+AES256GCM+DKG4of7,COMPROMISED_CTRL,90,33.58,83,CUMULATIVE,166,89662,95792,1638,1086,0.985524,0.971035,0.985037,0.982059,0.988033,98.88,100,0,0.664157,0,1,3,0,0,76,1448,0.963746,1,0.494,2,3,0,0,V3,1,1,-100,1,242.195,0,0,0,0,1,200
EDCF-Shield,v3b,FALCON1024+HMAC-SHA512+AES256GCM+DKG4of7,COMPROMISED_CTRL,90,33.58,84,CYCLE,168,1080,1200,20,12,0.986159,0.964452,0.985401,0.981818,0.989011,99.01,100,0,0.66416,0,1,3,0,0,76,1448,0.963834,1,0.494,2,3,0,0,V3,1,1,-100,1,245.225,0,0,0,0,2,200
EDCF-Shield,v3b,FALCON1024+HMAC-SHA512+AES256GCM+DKG4of7,COMPROMISED_CTRL,90,33.58,84,CUMULATIVE,168,90742,96992,1658,1098,0.985532,0.97105,0.985041,0.982056,0.988044,98.88,100,0,0.66416,0,1,3,0,0,76,1448,0.963834,1,0.494,2,3,0,0,V3,1,1,-100,1,245.225,0,0,0,0,1,200
EDCF-Shield,v3b,FALCON1024+HMAC-SHA512+AES256GCM+DKG4of7,COMPROMISED_CTRL,90,33.58,85,CYCLE,170,1080,1200,20,14,0.985307,0.964524,0.984503,0.981818,0.987203,98.85,100,0,0.66416,0,1,3,0,0,76,1448,0.96392,1,0.4941,2,3,0,0,V3,1,1,-100,1,248.26,0,0,0,0,2,200
EDCF-Shield,v3b,FALCON1024+HMAC-SHA512+AES256GCM+DKG4of7,COMPROMISED_CTRL,90,33.58,85,CUMULATIVE,170,91822,98192,1678,1112,0.985529,0.971044,0.985035,0.982053,0.988035,98.88,100,0,0.66416,0,1,3,0,0,76,1448,0.96392,1,0.4941,2,3,0,0,V3,1,1,-100,1,248.26,0,0,0,0,1,200
EDCF-Shield,v3b,FALCON1024+HMAC-SHA512+AES256GCM+DKG4of7,COMPROMISED_CTRL,90,33.58,86,CYCLE,172,1080,1200,20,14,0.985307,0.964594,0.984503,0.981818,0.987203,98.85,100,0,0.664159,0,1,3,0,0,76,1448,0.964004,1,0.4942,2,3,0,0,V3,1,1,-100,1,251.295,0,0,0,0,2,200
EDCF-Shield,v3b,FALCON1024+HMAC-SHA512+AES256GCM+DKG4of7,COMPROMISED_CTRL,90,33.58,86,CUMULATIVE,172,92902,99392,1698,1126,0.985527,0.971038,0.985029,0.982051,0.988025,98.88,100,0,0.664159,0,1,3,0,0,76,1448,0.964004,1,0.4942,2,3,0,0,V3,1,1,-100,1,251.295,0,0,0,0,1,200
EDCF-Shield,v3b,FALCON1024+HMAC-SHA512+AES256GCM+DKG4of7,COMPROMISED_CTRL,90,33.58,87,CYCLE,174,1080,1200,20,12,0.986159,0.964682,0.985401,0.981818,0.989011,99.01,100,0,0.664162,0,1,3,0,0,76,1448,0.964086,1,0.4943,2,3,0,0,V3,1,1,-100,1,254.325,0,0,0,0,2,200
EDCF-Shield,v3b,FALCON1024+HMAC-SHA512+AES256GCM+DKG4of7,COMPROMISED_CTRL,90,33.58,87,CUMULATIVE,174,93982,100592,1718,1138,0.985534,0.971053,0.985033,0.982048,0.988036,98.88,100,0,0.664162,0,1,3,0,0,76,1448,0.964086,1,0.4943,2,3,0,0,V3,1,1,-100,1,254.325,0,0,0,0,1,200
EDCF-Shield,v3b,FALCON1024+HMAC-SHA512+AES256GCM+DKG4of7,COMPROMISED_CTRL,90,33.58,88,CYCLE,176,1080,1200,20,14,0.985307,0.964749,0.984503,0.981818,0.987203,98.85,100,0,0.664161,0,1,3,0,0,76,1448,0.964166,1,0.4943,2,3,0,0,V3,1,1,-100,1,257.36,0,0,0,0,2,200
EDCF-Shield,v3b,FALCON1024+HMAC-SHA512+AES256GCM+DKG4of7,COMPROMISED_CTRL,90,33.58,88,CUMULATIVE,176,95062,101792,1738,1152,0.985531,0.971047,0.985027,0.982045,0.988027,98.88,100,0,0.664161,0,1,3,0,0,76,1448,0.964166,1,0.4943,2,3,0,0,V3,1,1,-100,1,257.36,0,0,0,0,1,200
EDCF-Shield,v3b,FALCON1024+HMAC-SHA512+AES256GCM+DKG4of7,COMPROMISED_CTRL,90,33.58,89,CYCLE,178,1080,1200,20,14,0.985307,0.964814,0.984503,0.981818,0.987203,98.85,100,0,0.66416,0,1,3,0,0,76,1448,0.964244,1,0.4944,2,3,0,0,V3,1,1,-100,1,260.395,0,0,0,0,2,200
EDCF-Shield,v3b,FALCON1024+HMAC-SHA512+AES256GCM+DKG4of7,COMPROMISED_CTRL,90,33.58,89,CUMULATIVE,178,96142,102992,1758,1166,0.985529,0.971041,0.985021,0.982043,0.988017,98.88,100,0,0.66416,0,1,3,0,0,76,1448,0.964244,1,0.4944,2,3,0,0,V3,1,1,-100,1,260.395,0,0,0,0,1,200
EDCF-Shield,v3b,FALCON1024+HMAC-SHA512+AES256GCM+DKG4of7,COMPROMISED_CTRL,90,33.58,90,CYCLE,180,1080,1200,20,12,0.986159,0.964897,0.985401,0.981818,0.989011,99.01,100,0,0.664164,0,1,3,0,0,76,1448,0.96432,1,0.4944,2,3,0,0,V3,1,1,-100,1,263.425,0,0,0,0,2,200
EDCF-Shield,v3b,FALCON1024+HMAC-SHA512+AES256GCM+DKG4of7,COMPROMISED_CTRL,90,33.58,90,CUMULATIVE,180,97222,104192,1778,1178,0.985536,0.971055,0.985025,0.98204,0.988028,98.88,100,0,0.664164,0,1,3,0,0,76,1448,0.96432,1,0.4944,2,3,0,0,V3,1,1,-100,1,263.425,0,0,0,0,1,200
EDCF-Shield,v3b,FALCON1024+HMAC-SHA512+AES256GCM+DKG4of7,COMPROMISED_CTRL,90,33.58,91,CYCLE,182,1080,1200,20,14,0.985307,0.964959,0.984503,0.981818,0.987203,98.85,100,0,0.664163,0,1,3,0,0,76,1448,0.964395,1,0.4945,2,3,0,0,V3,1,1,-100,1,266.46,0,0,0,0,2,200
EDCF-Shield,v3b,FALCON1024+HMAC-SHA512+AES256GCM+DKG4of7,COMPROMISED_CTRL,90,33.58,91,CUMULATIVE,182,98302,105392,1798,1192,0.985533,0.97105,0.98502,0.982038,0.988019,98.88,100,0,0.664163,0,1,3,0,0,76,1448,0.964395,1,0.4945,2,3,0,0,V3,1,1,-100,1,266.46,0,0,0,0,1,200
EDCF-Shield,v3b,FALCON1024+HMAC-SHA512+AES256GCM+DKG4of7,COMPROMISED_CTRL,90,33.58,92,CYCLE,184,1080,1200,20,14,0.985307,0.96502,0.984503,0.981818,0.987203,98.85,100,0,0.664162,0,1,3,0,0,76,1448,0.964468,1,0.4946,2,3,0,0,V3,1,1,-100,1,269.495,0,0,0,0,2,200
EDCF-Shield,v3b,FALCON1024+HMAC-SHA512+AES256GCM+DKG4of7,COMPROMISED_CTRL,90,33.58,92,CUMULATIVE,184,99382,106592,1818,1206,0.985531,0.971044,0.985014,0.982036,0.98801,98.88,100,0,0.664162,0,1,3,0,0,76,1448,0.964468,1,0.4946,2,3,0,0,V3,1,1,-100,1,269.495,0,0,0,0,1,200
EDCF-Shield,v3b,FALCON1024+HMAC-SHA512+AES256GCM+DKG4of7,COMPROMISED_CTRL,90,33.58,93,CYCLE,186,1080,1200,20,12,0.986159,0.965097,0.985401,0.981818,0.989011,99.01,100,0,0.664165,0,1,3,0,0,76,1448,0.96454,1,0.4946,2,3,0,0,V3,1,1,-100,1,272.525,0,0,0,0,2,200
EDCF-Shield,v3b,FALCON1024+HMAC-SHA512+AES256GCM+DKG4of7,COMPROMISED_CTRL,90,33.58,93,CUMULATIVE,186,100462,107792,1838,1218,0.985538,0.971058,0.985018,0.982033,0.988021,98.88,100,0,0.664165,0,1,3,0,0,76,1448,0.96454,1,0.4946,2,3,0,0,V3,1,1,-100,1,272.525,0,0,0,0,1,200
EDCF-Shield,v3b,FALCON1024+HMAC-SHA512+AES256GCM+DKG4of7,COMPROMISED_CTRL,90,33.58,94,CYCLE,188,1080,1200,20,14,0.985307,0.965155,0.984503,0.981818,0.987203,98.85,100,0,0.664164,0,1,3,0,0,76,1448,0.96461,1,0.4947,2,3,0,0,V3,1,1,-100,1,275.56,0,0,0,0,2,200
EDCF-Shield,v3b,FALCON1024+HMAC-SHA512+AES256GCM+DKG4of7,COMPROMISED_CTRL,90,33.58,94,CUMULATIVE,188,101542,108992,1858,1232,0.985535,0.971052,0.985013,0.982031,0.988013,98.88,100,0,0.664164,0,1,3,0,0,76,1448,0.96461,1,0.4947,2,3,0,0,V3,1,1,-100,1,275.56,0,0,0,0,1,200
EDCF-Shield,v3b,FALCON1024+HMAC-SHA512+AES256GCM+DKG4of7,COMPROMISED_CTRL,90,33.58,95,CYCLE,190,1080,1200,20,14,0.985307,0.965212,0.984503,0.981818,0.987203,98.85,100,0,0.664163,0,1,3,0,0,76,1448,0.964678,1,0.4947,2,3,0,0,V3,1,1,-100,1,278.595,0,0,0,0,2,200
EDCF-Shield,v3b,FALCON1024+HMAC-SHA512+AES256GCM+DKG4of7,COMPROMISED_CTRL,90,33.58,95,CUMULATIVE,190,102622,110192,1878,1246,0.985533,0.971047,0.985007,0.982029,0.988004,98.88,100,0,0.664163,0,1,3,0,0,76,1448,0.964678,1,0.4947,2,3,0,0,V3,1,1,-100,1,278.595,0,0,0,0,1,200
EDCF-Shield,v3b,FALCON1024+HMAC-SHA512+AES256GCM+DKG4of7,COMPROMISED_CTRL,90,33.58,96,CYCLE,192,1080,1200,20,12,0.986159,0.965286,0.985401,0.981818,0.989011,99.01,100,0,0.664166,0,1,3,0,0,76,1448,0.964745,1,0.4948,2,3,0,0,V3,1,1,-100,1,281.625,0,0,0,0,2,200
EDCF-Shield,v3b,FALCON1024+HMAC-SHA512+AES256GCM+DKG4of7,COMPROMISED_CTRL,90,33.58,96,CUMULATIVE,192,103702,111392,1898,1258,0.98554,0.97106,0.985011,0.982027,0.988014,98.88,100,0,0.664166,0,1,3,0,0,76,1448,0.964745,1,0.4948,2,3,0,0,V3,1,1,-100,1,281.625,0,0,0,0,1,200
EDCF-Shield,v3b,FALCON1024+HMAC-SHA512+AES256GCM+DKG4of7,COMPROMISED_CTRL,90,33.58,97,CYCLE,194,1080,1200,20,14,0.985307,0.96534,0.984503,0.981818,0.987203,98.85,100,0,0.664166,0,1,3,0,0,76,1448,0.964811,1,0.4948,2,3,0,0,V3,1,1,-100,1,284.66,0,0,0,0,2,200
EDCF-Shield,v3b,FALCON1024+HMAC-SHA512+AES256GCM+DKG4of7,COMPROMISED_CTRL,90,33.58,97,CUMULATIVE,194,104782,112592,1918,1272,0.985537,0.971055,0.985006,0.982024,0.988006,98.88,100,0,0.664166,0,1,3,0,0,76,1448,0.964811,1,0.4948,2,3,0,0,V3,1,1,-100,1,284.66,0,0,0,0,1,200
EDCF-Shield,v3b,FALCON1024+HMAC-SHA512+AES256GCM+DKG4of7,COMPROMISED_CTRL,90,33.58,98,CYCLE,196,1080,1200,20,14,0.985307,0.965393,0.984503,0.981818,0.987203,98.85,100,0,0.664165,0,1,3,0,0,76,1448,0.964875,1,0.4949,2,3,0,0,V3,1,1,-100,1,287.695,0,0,0,0,2,200
EDCF-Shield,v3b,FALCON1024+HMAC-SHA512+AES256GCM+DKG4of7,COMPROMISED_CTRL,90,33.58,98,CUMULATIVE,196,105862,113792,1938,1286,0.985535,0.97105,0.985001,0.982022,0.987998,98.88,100,0,0.664165,0,1,3,0,0,76,1448,0.964875,1,0.4949,2,3,0,0,V3,1,1,-100,1,287.695,0,0,0,0,1,200
EDCF-Shield,v3b,FALCON1024+HMAC-SHA512+AES256GCM+DKG4of7,COMPROMISED_CTRL,90,33.58,99,CYCLE,198,1080,1200,20,12,0.986159,0.965463,0.985401,0.981818,0.989011,99.01,100,0,0.664168,0,1,3,0,0,76,1448,0.964938,1,0.4949,2,3,0,0,V3,1,1,-100,1,290.725,0,0,0,0,2,200
EDCF-Shield,v3b,FALCON1024+HMAC-SHA512+AES256GCM+DKG4of7,COMPROMISED_CTRL,90,33.58,99,CUMULATIVE,198,106942,114992,1958,1298,0.985541,0.971062,0.985005,0.98202,0.988008,98.88,100,0,0.664168,0,1,3,0,0,76,1448,0.964938,1,0.4949,2,3,0,0,V3,1,1,-100,1,290.725,0,0,0,0,1,200
EDCF-Shield,v3b,FALCON1024+HMAC-SHA512+AES256GCM+DKG4of7,COMPROMISED_CTRL,90,33.58,100,CYCLE,200,1080,1200,20,14,0.985307,0.965513,0.984503,0.981818,0.987203,98.85,100,0,0.664167,0,1,3,0,0,76,1448,0.965,1,0.495,2,3,0,0,V3,1,1,-100,1,293.76,0,0,0,0,2,200
EDCF-Shield,v3b,FALCON1024+HMAC-SHA512+AES256GCM+DKG4of7,COMPROMISED_CTRL,90,33.58,100,CUMULATIVE,200,108022,116192,1978,1312,0.985539,0.971057,0.985,0.982018,0.988,98.88,100,0,0.664167,0,1,3,0,0,76,1448,0.965,1,0.495,2,3,0,0,V3,1,1,-100,1,293.76,0,0,0,0,1,200
EDCF-Shield,v3b,FALCON1024+HMAC-SHA512+AES256GCM+DKG4of7,COMPROMISED_CTRL,90,33.58,101,CYCLE,202,1080,1200,20,14,0.985307,0.965563,0.984503,0.981818,0.987203,98.85,100,0,0.664166,0,1,3,0,0,76,1448,0.965061,1,0.495,2,3,0,0,V3,1,1,-100,1,296.795,0,0,0,0,2,200
EDCF-Shield,v3b,FALCON1024+HMAC-SHA512+AES256GCM+DKG4of7,COMPROMISED_CTRL,90,33.58,101,CUMULATIVE,202,109102,117392,1998,1326,0.985536,0.971052,0.984995,0.982016,0.987992,98.88,100,0,0.664166,0,1,3,0,0,76,1448,0.965061,1,0.495,2,3,0,0,V3,1,1,-100,1,296.795,0,0,0,0,1,200
EDCF-Shield,v3b,FALCON1024+HMAC-SHA512+AES256GCM+DKG4of7,COMPROMISED_CTRL,90,33.58,102,CYCLE,204,1080,1200,20,12,0.986159,0.965629,0.985401,0.981818,0.989011,99.01,100,0,0.664169,0,1,3,0,0,76,1448,0.96512,1,0.4951,2,3,0,0,V3,1,1,-100,1,299.825,0,0,0,0,2,200
EDCF-Shield,v3b,FALCON1024+HMAC-SHA512+AES256GCM+DKG4of7,COMPROMISED_CTRL,90,33.58,102,CUMULATIVE,204,110182,118592,2018,1338,0.985543,0.971064,0.984999,0.982014,0.988002,98.88,100,0,0.664169,0,1,3,0,0,76,1448,0.96512,1,0.4951,2,3,0,0,V3,1,1,-100,1,299.825,0,0,0,0,1,200
EDCF-Shield,v3b,FALCON1024+HMAC-SHA512+AES256GCM+DKG4of7,COMPROMISED_CTRL,90,33.58,103,CYCLE,206,1080,1200,20,14,0.985307,0.965677,0.984503,0.981818,0.987203,98.85,100,0,0.664168,0,1,3,0,0,76,1448,0.965178,1,0.4951,2,3,0,0,V3,1,1,-100,1,302.86,0,0,0,0,2,200
EDCF-Shield,v3b,FALCON1024+HMAC-SHA512+AES256GCM+DKG4of7,COMPROMISED_CTRL,90,33.58,103,CUMULATIVE,206,111262,119792,2038,1352,0.98554,0.971059,0.984994,0.982012,0.987994,98.88,100,0,0.664168,0,1,3,0,0,76,1448,0.965178,1,0.4951,2,3,0,0,V3,1,1,-100,1,302.86,0,0,0,0,1,200
EDCF-Shield,v3b,FALCON1024+HMAC-SHA512+AES256GCM+DKG4of7,COMPROMISED_CTRL,90,33.58,104,CYCLE,208,1080,1200,20,14,0.985307,0.965724,0.984503,0.981818,0.987203,98.85,100,0,0.664167,0,1,3,0,0,76,1448,0.965236,1,0.4952,2,3,0,0,V3,1,1,-100,1,305.895,0,0,0,0,2,200
EDCF-Shield,v3b,FALCON1024+HMAC-SHA512+AES256GCM+DKG4of7,COMPROMISED_CTRL,90,33.58,104,CUMULATIVE,208,112342,120992,2058,1366,0.985538,0.971054,0.98499,0.98201,0.987987,98.88,100,0,0.664167,0,1,3,0,0,76,1448,0.965236,1,0.4952,2,3,0,0,V3,1,1,-100,1,305.895,0,0,0,0,1,200
EDCF-Shield,v3b,FALCON1024+HMAC-SHA512+AES256GCM+DKG4of7,COMPROMISED_CTRL,90,33.58,105,CYCLE,210,1080,1200,20,12,0.986159,0.965786,0.985401,0.981818,0.989011,99.01,100,0,0.66417,0,1,3,0,0,76,1448,0.965292,1,0.4952,2,3,0,0,V3,1,1,-100,1,308.925,0,0,0,0,2,200
EDCF-Shield,v3b,FALCON1024+HMAC-SHA512+AES256GCM+DKG4of7,COMPROMISED_CTRL,90,33.58,105,CUMULATIVE,210,113422,122192,2078,1378,0.985544,0.971066,0.984993,0.982009,0.987997,98.88,100,0,0.66417,0,1,3,0,0,76,1448,0.965292,1,0.4952,2,3,0,0,V3,1,1,-100,1,308.925,0,0,0,0,1,200
EDCF-Shield,v3b,FALCON1024+HMAC-SHA512+AES256GCM+DKG4of7,COMPROMISED_CTRL,90,33.58,106,CYCLE,212,1080,1200,20,14,0.985307,0.965831,0.984503,0.981818,0.987203,98.85,100,0,0.664169,0,1,3,0,0,76,1448,0.965347,1,0.4953,2,3,0,0,V3,1,1,-100,1,311.96,0,0,0,0,2,200
EDCF-Shield,v3b,FALCON1024+HMAC-SHA512+AES256GCM+DKG4of7,COMPROMISED_CTRL,90,33.58,106,CUMULATIVE,212,114502,123392,2098,1392,0.985542,0.971061,0.984989,0.982007,0.987989,98.88,100,0,0.664169,0,1,3,0,0,76,1448,0.965347,1,0.4953,2,3,0,0,V3,1,1,-100,1,311.96,0,0,0,0,1,200
EDCF-Shield,v3b,FALCON1024+HMAC-SHA512+AES256GCM+DKG4of7,COMPROMISED_CTRL,90,33.58,107,CYCLE,214,1080,1200,20,14,0.985307,0.965875,0.984503,0.981818,0.987203,98.85,100,0,0.664168,0,1,3,0,0,76,1448,0.9654,1,0.4953,2,3,0,0,V3,1,1,-100,1,314.995,0,0,0,0,2,200
EDCF-Shield,v3b,FALCON1024+HMAC-SHA512+AES256GCM+DKG4of7,COMPROMISED_CTRL,90,33.58,107,CUMULATIVE,214,115582,124592,2118,1406,0.985539,0.971056,0.984984,0.982005,0.987982,98.88,100,0,0.664168,0,1,3,0,0,76,1448,0.9654,1,0.4953,2,3,0,0,V3,1,1,-100,1,314.995,0,0,0,0,1,200
EDCF-Shield,v3b,FALCON1024+HMAC-SHA512+AES256GCM+DKG4of7,COMPROMISED_CTRL,90,33.58,108,CYCLE,216,1080,1200,20,12,0.986159,0.965934,0.985401,0.981818,0.989011,99.01,100,0,0.664171,0,1,3,0,0,76,1448,0.965453,1,0.4954,2,3,0,0,V3,1,1,-100,1,318.025,0,0,0,0,2,200
EDCF-Shield,v3b,FALCON1024+HMAC-SHA512+AES256GCM+DKG4of7,COMPROMISED_CTRL,90,33.58,108,CUMULATIVE,216,116662,125792,2138,1418,0.985545,0.971068,0.984988,0.982003,0.987991,98.89,100,0,0.664171,0,1,3,0,0,76,1448,0.965453,1,0.4954,2,3,0,0,V3,1,1,-100,1,318.025,0,0,0,0,1,200
EDCF-Shield,v3b,FALCON1024+HMAC-SHA512+AES256GCM+DKG4of7,COMPROMISED_CTRL,90,33.58,109,CYCLE,218,1080,1200,20,14,0.985307,0.965976,0.984503,0.981818,0.987203,98.85,100,0,0.66417,0,1,3,0,0,76,1448,0.965505,1,0.4954,2,3,0,0,V3,1,1,-100,1,321.06,0,0,0,0,2,200
EDCF-Shield,v3b,FALCON1024+HMAC-SHA512+AES256GCM+DKG4of7,COMPROMISED_CTRL,90,33.58,109,CUMULATIVE,218,117742,126992,2158,1432,0.985543,0.971063,0.984984,0.982002,0.987984,98.88,100,0,0.66417,0,1,3,0,0,76,1448,0.965505,1,0.4954,2,3,0,0,V3,1,1,-100,1,321.06,0,0,0,0,1,200
EDCF-Shield,v3b,FALCON1024+HMAC-SHA512+AES256GCM+DKG4of7,COMPROMISED_CTRL,90,33.58,110,CYCLE,219.5,648,780,12,8,0.986188,0.966033,0.984802,0.981818,0.987805,98.98,100,0,0.664172,0,1,3,0,0,76,1448,0.965556,1,0.4966,2,3,0,0,V3,1,1,-100,1,323.03,0,0,0,0,2,200
EDCF-Shield,v3b,FALCON1024+HMAC-SHA512+AES256GCM+DKG4of7,COMPROMISED_CTRL,90,33.58,110,CUMULATIVE,219.5,118390,127772,2170,1440,0.985547,0.97107,0.984983,0.982001,0.987983,98.89,100,0,0.664172,0,1,3,0,0,76,1448,0.965556,1,0.4966,2,3,0,0,V3,1,1,-100,1,323.03,0,0,0,0,1,200
EDCF-Shield,v3b,FALCON1024+HMAC-SHA512+AES256GCM+DKG4of7,COMPROMISED_CTRL,150,55.97,1,CYCLE,2,500,0,0,0,1,0.5,1,1,1,0,100,0,0,0,1,0,0,0,76,1448,0,1,0,0,0,0,0,V3,0,1,-100,1,0,0,0,0,0,0,200
EDCF-Shield,v3b,FALCON1024+HMAC-SHA512+AES256GCM+DKG4of7,COMPROMISED_CTRL,150,55.97,1,CUMULATIVE,2,500,0,0,0,1,0.5,1,1,1,0,100,0,0,0,1,0,0,0,76,1448,0,1,0,0,0,0,0,V3,0,1,-100,1,0,0,0,0,0,0,200
EDCF-Shield,v3b,FALCON1024+HMAC-SHA512+AES256GCM+DKG4of7,COMPROMISED_CTRL,150,55.97,2,CYCLE,4,482,156,18,6,0.963746,0.702679,0.975709,0.964,0.987705,96.3,100,0,0.658228,0,1,3,0,0,76,1448,0.5,1,0.25,2,3,0,0,V3,1,1,-100,1,0.405,0,0,0,0,2,200
EDCF-Shield,v3b,FALCON1024+HMAC-SHA512+AES256GCM+DKG4of7,COMPROMISED_CTRL,150,55.97,2,CUMULATIVE,4,982,156,18,6,0.979346,0.917316,0.987928,0.982,0.993927,96.3,100,0,0.658228,0,1,3,0,0,76,1448,0.5,1,0.25,2,3,0,0,V3,1,1,-100,1,0.405,0,0,0,0,1,200
EDCF-Shield,v3b,FALCON1024+HMAC-SHA512+AES256GCM+DKG4of7,COMPROMISED_CTRL,150,55.97,3,CYCLE,6,480,420,20,12,0.965665,0.778849,0.967742,0.96,0.97561,97.22,100,0,0.659794,0,1,3,0,0,76,1448,0.708658,1,0.3333,2,3,0,0,V3,1,1,-100,1,1.485,0,0,0,0,2,200
EDCF-Shield,v3b,FALCON1024+HMAC-SHA512+AES256GCM+DKG4of7,COMPROMISED_CTRL,150,55.97,3,CUMULATIVE,6,1462,576,38,18,0.973257,0.935111,0.981208,0.974667,0.987838,96.97,100,0,0.659794,0,1,3,0,0,76,1448,0.708658,1,0.3333,2,3,0,0,V3,1,1,-100,1,1.485,0,0,0,0,1,200
EDCF-Shield,v3b,FALCON1024+HMAC-SHA512+AES256GCM+DKG4of7,COMPROMISED_CTRL,150,55.97,4,CYCLE,8,480,686,20,14,0.971667,0.819553,0.965795,0.96,0.97166,98,100,0,0.661079,0,1,3,0,0,76,1448,0.784142,1,0.375,2,3,0,0,V3,1,1,-100,1,3.235,0,0,0,0,2,200
EDCF-Shield,v3b,FALCON1024+HMAC-SHA512+AES256GCM+DKG4of7,COMPROMISED_CTRL,150,55.97,4,CUMULATIVE,8,1942,1262,58,32,0.972678,0.943055,0.977353,0.971,0.983789,97.53,100,0,0.661079,0,1,3,0,0,76,1448,0.784142,1,0.375,2,3,0,0,V3,1,1,-100,1,3.235,0,0,0,0,1,200
EDCF-Shield,v3b,FALCON1024+HMAC-SHA512+AES256GCM+DKG4of7,COMPROMISED_CTRL,150,55.97,5,CYCLE,10,480,954,20,14,0.976839,0.845308,0.965795,0.96,0.97166,98.55,100,0,0.662085,0,1,3,0,0,76,1448,0.82387,1,0.4,2,3,0,0,V3,1,1,-100,1,5.655,0,0,0,0,2,200
EDCF-Shield,v3b,FALCON1024+HMAC-SHA512+AES256GCM+DKG4of7,COMPROMISED_CTRL,150,55.97,5,CUMULATIVE,10,2422,2216,78,46,0.973961,0.947912,0.97504,0.9688,0.981361,97.97,100,0,0.662085,0,1,3,0,0,76,1448,0.82387,1,0.4,2,3,0,0,V3,1,1,-100,1,5.655,0,0,0,0,1,200
EDCF-Shield,v3b,FALCON1024+HMAC-SHA512+AES256GCM+DKG4of7,COMPROMISED_CTRL,150,55.97,6,CYCLE,12,480,1220,20,12,0.981524,0.863566,0.967742,0.96,0.97561,99.03,100,0,0.662937,0,1,3,0,0,76,1448,0.848679,1,0.4167,2,3,0,0,V3,1,1,-100,1,8.735,0,0,0,0,2,200
EDCF-Shield,v3b,FALCON1024+HMAC-SHA512+AES256GCM+DKG4of7,COMPROMISED_CTRL,150,55.97,6,CUMULATIVE,12,2902,3436,98,58,0.975978,0.951704,0.973826,0.967333,0.980405,98.34,100,0,0.662937,0,1,3,0,0,76,1448,0.848679,1,0.4167,2,3,0,0,V3,1,1,-100,1,8.735,0,0,0,0,1,200
EDCF-Shield,v3b,FALCON1024+HMAC-SHA512+AES256GCM+DKG4of7,COMPROMISED_CTRL,150,55.97,7,CYCLE,14,480,1486,20,14,0.983,0.876559,0.965795,0.96,0.97166,99.07,100,0,0.663432,0,1,3,0,0,76,1448,0.86585,1,0.4286,2,3,0,0,V3,1,1,-100,1,12.485,0,0,0,0,2,200
EDCF-Shield,v3b,FALCON1024+HMAC-SHA512+AES256GCM+DKG4of7,COMPROMISED_CTRL,150,55.97,7,CUMULATIVE,14,3382,4922,118,72,0.977631,0.953803,0.972678,0.966286,0.979155,98.56,100,0,0.663432,0,1,3,0,0,76,1448,0.86585,1,0.4286,2,3,0,0,V3,1,1,-100,1,12.485,0,0,0,0,1,200
EDCF-Shield,v3b,FALCON1024+HMAC-SHA512+AES256GCM+DKG4of7,COMPROMISED_CTRL,150,55.97,8,CYCLE,16,480,1754,20,14,0.985009,0.886517,0.965795,0.96,0.97166,99.21,100,0,0.663816,0,1,3,0,0,76,1448,0.878414,1,0.4375,2,3,0,0,V3,1,1,-100,1,16.905,0,0,0,0,2,200
EDCF-Shield,v3b,FALCON1024+HMAC-SHA512+AES256GCM+DKG4of7,COMPROMISED_CTRL,150,55.97,8,CUMULATIVE,16,3862,6676,138,86,0.979186,0.95537,0.971817,0.9655,0.978217,98.73,100,0,0.663816,0,1,3,0,0,76,1448,0.878414,1,0.4375,2,3,0,0,V3,1,1,-100,1,16.905,0,0,0,0,1,200
EDCF-Shield,v3b,FALCON1024+HMAC-SHA512+AES256GCM+DKG4of7,COMPROMISED_CTRL,150,55.97,9,CYCLE,18,480,1976,20,12,0.987138,0.894655,0.967742,0.96,0.97561,99.4,100,0,0.664159,0,1,3,0,0,76,1448,0.888034,1,0.4444,2,3,0,0,V3,1,1,-100,1,21.875,0,0,0,0,2,200
EDCF-Shield,v3b,FALCON1024+HMAC-SHA512+AES256GCM+DKG4of7,COMPROMISED_CTRL,150,55.97,9,CUMULATIVE,18,4342,8652,158,98,0.980679,0.956836,0.971365,0.964889,0.977928,98.88,100,0,0.664159,0,1,3,0,0,76,1448,0.888034,1,0.4444,2,3,0,0,V3,1,1,-100,1,21.875,0,0,0,0,1,200
EDCF-Shield,v3b,FALCON1024+HMAC-SHA512+AES256GCM+DKG4of7,COMPROMISED_CTRL,150,55.97,10,CYCLE,20,480,2000,20,14,0.986476,0.900929,0.965795,0.96,0.97166,99.3,100,0,0.664338,0,1,3,0,0,76,1448,0.895678,1,0.45,2,3,0,0,V3,1,1,-100,1,26.91,0,0,0,0,2,200
EDCF-Shield,v3b,FALCON1024+HMAC-SHA512+AES256GCM+DKG4of7,COMPROMISED_CTRL,150,55.97,10,CUMULATIVE,20,4822,10652,178,112,0.981604,0.957424,0.970807,0.9644,0.9773,98.96,100,0,0.664338,0,1,3,0,0,76,1448,0.895678,1,0.45,2,3,0,0,V3,1,1,-100,1,26.91,0,0,0,0,1,200
EDCF-Shield,v3b,FALCON1024+HMAC-SHA512+AES256GCM+DKG4of7,COMPROMISED_CTRL,150,55.97,11,CYCLE,22,480,2000,20,14,0.986476,0.906062,0.965795,0.96,0.97166,99.3,100,0,0.664461,0,1,3,0,0,76,1448,0.901853,1,0.4545,2,3,0,0,V3,1,1,-100,1,31.945,0,0,0,0,2,200
EDCF-Shield,v3b,FALCON1024+HMAC-SHA512+AES256GCM+DKG4of7,COMPROMISED_CTRL,150,55.97,11,CUMULATIVE,22,5302,12652,198,126,0.982274,0.957752,0.970351,0.964,0.976787,99.01,100,0,0.664461,0,1,3,0,0,76,1448,0.901853,1,0.4545,2,3,0,0,V3,1,1,-100,1,31.945,0,0,0,0,1,200
EDCF-Shield,v3b,FALCON1024+HMAC-SHA512+AES256GCM+DKG4of7,COMPROMISED_CTRL,150,55.97,12,CYCLE,24,480,2000,20,12,0.987261,0.910545,0.967742,0.96,0.97561,99.4,100,0,0.66458,0,1,3,0,0,76,1448,0.906935,1,0.4583,2,3,0,0,V3,1,1,-100,1,36.975,0,0,0,0,2,200
EDCF-Shield,v3b,FALCON1024+HMAC-SHA512+AES256GCM+DKG4of7,COMPROMISED_CTRL,150,55.97,12,CUMULATIVE,24,5782,14652,218,138,0.982876,0.958175,0.970134,0.963667,0.976689,99.07,100,0,0.66458,0,1,3,0,0,76,1448,0.906935,1,0.4583,2,3,0,0,V3,1,1,-100,1,36.975,0,0,0,0,1,200
EDCF-Shield,v3b,FALCON1024+HMAC-SHA512+AES256GCM+DKG4of7,COMPROMISED_CTRL,150,55.97,13,CYCLE,26,480,2000,20,14,0.986476,0.914149,0.965795,0.96,0.97166,99.3,100,0,0.664644,0,1,3,0,0,76,1448,0.911205,1,0.4615,2,3,0,0,V3,1,1,-100,1,42.01,0,0,0,0,2,200
EDCF-Shield,v3b,FALCON1024+HMAC-SHA512+AES256GCM+DKG4of7,COMPROMISED_CTRL,150,55.97,13,CUMULATIVE,26,6262,16652,238,152,0.983265,0.958267,0.9698,0.963385,0.976302,99.1,100,0,0.664644,0,1,3,0,0,76,1448,0.911205,1,0.4615,2,3,0,0,V3,1,1,-100,1,42.01,0,0,0,0,1,200
EDCF-Shield,v3b,FALCON1024+HMAC-SHA512+AES256GCM+DKG4of7,COMPROMISED_CTRL,150,55.97,14,CYCLE,28,480,2000,20,14,0.986476,0.917238,0.965795,0.96,0.97166,99.3,100,0,0.664695,0,1,3,0,0,76,1448,0.914825,1,0.4643,2,3,0,0,V3,1,1,-100,1,47.045,0,0,0,0,2,200
EDCF-Shield,v3b,FALCON1024+HMAC-SHA512+AES256GCM+DKG4of7,COMPROMISED_CTRL,150,55.97,14,CUMULATIVE,28,6742,18652,258,166,0.983577,0.958316,0.969514,0.963143,0.97597,99.12,100,0,0.664695,0,1,3,0,0,76,1448,0.914825,1,0.4643,2,3,0,0,V3,1,1,-100,1,47.045,0,0,0,0,1,200
EDCF-Shield,v3b,FALCON1024+HMAC-SHA512+AES256GCM+DKG4of7,COMPROMISED_CTRL,150,55.97,15,CYCLE,30,480,2000,20,12,0.987261,0.920079,0.967742,0.96,0.97561,99.4,100,0,0.664757,0,1,3,0,0,76,1448,0.917931,1,0.4667,2,3,0,0,V3,1,1,-100,1,52.075,0,0,0,0,2,200
EDCF-Shield,v3b,FALCON1024+HMAC-SHA512+AES256GCM+DKG4of7,COMPROMISED_CTRL,150,55.97,15,CUMULATIVE,30,7222,20652,278,178,0.983904,0.958517,0.969396,0.962933,0.975946,99.15,100,0,0.664757,0,1,3,0,0,76,1448,0.917931,1,0.4667,2,3,0,0,V3,1,1,-100,1,52.075,0,0,0,0,1,200
EDCF-Shield,v3b,FALCON1024+HMAC-SHA512+AES256GCM+DKG4of7,COMPROMISED_CTRL,150,55.97,16,CYCLE,32,480,2000,20,14,0.986476,0.922411,0.965795,0.96,0.97166,99.3,100,0,0.664788,0,1,3,0,0,76,1448,0.920637,1,0.4688,2,3,0,0,V3,1,1,-100,1,57.11,0,0,0,0,2,200
EDCF-Shield,v3b,FALCON1024+HMAC-SHA512+AES256GCM+DKG4of7,COMPROMISED_CTRL,150,55.97,16,CUMULATIVE,32,7702,22652,298,192,0.984114,0.95851,0.969171,0.96275,0.975678,99.16,100,0,0.664788,0,1,3,0,0,76,1448,0.920637,1,0.4688,2,3,0,0,V3,1,1,-100,1,57.11,0,0,0,0,1,200
EDCF-Shield,v3b,FALCON1024+HMAC-SHA512+AES256GCM+DKG4of7,COMPROMISED_CTRL,150,55.97,17,CYCLE,34,480,2000,20,14,0.986476,0.924469,0.965795,0.96,0.97166,99.3,100,0,0.664815,0,1,3,0,0,76,1448,0.923004,1,0.4706,2,3,0,0,V3,1,1,-100,1,62.145,0,0,0,0,2,200
EDCF-Shield,v3b,FALCON1024+HMAC-SHA512+AES256GCM+DKG4of7,COMPROMISED_CTRL,150,55.97,17,CUMULATIVE,34,8182,24652,318,206,0.984292,0.958494,0.968972,0.962588,0.975441,99.17,100,0,0.664815,0,1,3,0,0,76,1448,0.923004,1,0.4706,2,3,0,0,V3,1,1,-100,1,62.145,0,0,0,0,1,200
EDCF-Shield,v3b,FALCON1024+HMAC-SHA512+AES256GCM+DKG4of7,COMPROMISED_CTRL,150,55.97,18,CYCLE,36,480,2000,20,12,0.987261,0.926435,0.967742,0.96,0.97561,99.4,100,0,0.664854,0,1,3,0,0,76,1448,0.925092,1,0.4722,2,3,0,0,V3,1,1,-100,1,67.175,0,0,0,0,2,200
EDCF-Shield,v3b,FALCON1024+HMAC-SHA512+AES256GCM+DKG4of7,COMPROMISED_CTRL,150,55.97,18,CUMULATIVE,36,8662,26652,338,218,0.9845,0.95862,0.968904,0.962444,0.97545,99.19,100,0,0.664854,0,1,3,0,0,76,1448,0.925092,1,0.4722,2,3,0,0,V3,1,1,-100,1,67.175,0,0,0,0,1,200
EDCF-Shield,v3b,FALCON1024+HMAC-SHA512+AES256GCM+DKG4of7,COMPROMISED_CTRL,150,55.97,19,CYCLE,38,480,2000,20,14,0.986476,0.928064,0.965795,0.96,0.97166,99.3,100,0,0.664872,0,1,3,0,0,76,1448,0.926954,1,0.4737,2,3,0,0,V3,1,1,-100,1,72.21,0,0,0,0,2,200
EDCF-Shield,v3b,FALCON1024+HMAC-SHA512+AES256GCM+DKG4of7,COMPROMISED_CTRL,150,55.97,19,CUMULATIVE,38,9142,28652,358,232,0.984629,0.958587,0.96874,0.962316,0.975251,99.2,100,0,0.664872,0,1,3,0,0,76,1448,0.926954,1,0.4737,2,3,0,0,V3,1,1,-100,1,72.21,0,0,0,0,1,200
EDCF-Shield,v3b,FALCON1024+HMAC-SHA512+AES256GCM+DKG4of7,COMPROMISED_CTRL,150,55.97,20,CYCLE,40,480,2000,20,14,0.986476,0.929531,0.965795,0.96,0.97166,99.3,100,0,0.664888,0,1,3,0,0,76,1448,0.928619,1,0.475,2,3,0,0,V3,1,1,-100,1,77.245,0,0,0,0,2,200
EDCF-Shield,v3b,FALCON1024+HMAC-SHA512+AES256GCM+DKG4of7,COMPROMISED_CTRL,150,55.97,20,CUMULATIVE,40,9622,30652,378,246,0.984743,0.958554,0.968593,0.9622,0.975071,99.2,100,0,0.664888,0,1,3,0,0,76,1448,0.928619,1,0.475,2,3,0,0,V3,1,1,-100,1,77.245,0,0,0,0,1,200
EDCF-Shield,v3b,FALCON1024+HMAC-SHA512+AES256GCM+DKG4of7,COMPROMISED_CTRL,150,55.97,21,CYCLE,42,480,2000,20,12,0.987261,0.930975,0.967742,0.96,0.97561,99.4,100,0,0.664915,0,1,3,0,0,76,1448,0.930116,1,0.4762,2,3,0,0,V3,1,1,-100,1,82.275,0,0,0,0,2,200
EDCF-Shield,v3b,FALCON1024+HMAC-SHA512+AES256GCM+DKG4of7,COMPROMISED_CTRL,150,55.97,21,CUMULATIVE,42,10102,32652,398,258,0.984888,0.958645,0.968552,0.962095,0.975097,99.22,100,0,0.664915,0,1,3,0,0,76,1448,0.930116,1,0.4762,2,3,0,0,V3,1,1,-100,1,82.275,0,0,0,0,1,200
EDCF-Shield,v3b,FALCON1024+HMAC-SHA512+AES256GCM+DKG4of7,COMPROMISED_CTRL,150,55.97,22,CYCLE,44,480,2000,20,14,0.986476,0.932175,0.965795,0.96,0.97166,99.3,100,0,0.664927,0,1,3,0,0,76,1448,0.931475,1,0.4773,2,3,0,0,V3,1,1,-100,1,87.31,0,0,0,0,2,200
EDCF-Shield,v3b,FALCON1024+HMAC-SHA512+AES256GCM+DKG4of7,COMPROMISED_CTRL,150,55.97,22,CUMULATIVE,44,10582,34652,418,272,0.984975,0.958606,0.968427,0.962,0.97494,99.22,100,0,0.664927,0,1,3,0,0,76,1448,0.931475,1,0.4773,2,3,0,0,V3,1,1,-100,1,87.31,0,0,0,0,1,200
EDCF-Shield,v3b,FALCON1024+HMAC-SHA512+AES256GCM+DKG4of7,COMPROMISED_CTRL,150,55.97,23,CYCLE,46,480,2000,20,14,0.986476,0.933272,0.965795,0.96,0.97166,99.3,100,0,0.664937,0,1,3,0,0,76,1448,0.932708,1,0.4783,2,3,0,0,V3,1,1,-100,1,92.345,0,0,0,0,2,200
EDCF-Shield,v3b,FALCON1024+HMAC-SHA512+AES256GCM+DKG4of7,COMPROMISED_CTRL,150,55.97,23,CUMULATIVE,46,11062,36652,438,286,0.985053,0.958569,0.968312,0.961913,0.974797,99.23,100,0,0.664937,0,1,3,0,0,76,1448,0.932708,1,0.4783,2,3,0,0,V3,1,1,-100,1,92.345,0,0,0,0,1,200
EDCF-Shield,v3b,FALCON1024+HMAC-SHA512+AES256GCM+DKG4of7,COMPROMISED_CTRL,150,55.97,24,CYCLE,48,480,2000,20,12,0.987261,0.934379,0.967742,0.96,0.97561,99.4,100,0,0.664958,0,1,3,0,0,76,1448,0.933832,1,0.4792,2,3,0,0,V3,1,1,-100,1,97.375,0,0,0,0,2,200
EDCF-Shield,v3b,FALCON1024+HMAC-SHA512+AES256GCM+DKG4of7,COMPROMISED_CTRL,150,55.97,24,CUMULATIVE,48,11542,38652,458,298,0.985162,0.958641,0.968289,0.961833,0.974831,99.23,100,0,0.664958,0,1,3,0,0,76,1448,0.933832,1,0.4792,2,3,0,0,V3,1,1,-100,1,97.375,0,0,0,0,1,200
EDCF-Shield,v3b,FALCON1024+HMAC-SHA512+AES256GCM+DKG4of7,COMPROMISED_CTRL,150,55.97,25,CYCLE,50,480,2000,20,14,0.986476,0.9353,0.965795,0.96,0.97166,99.3,100,0,0.664965,0,1,3,0,0,76,1448,0.934866,1,0.48,2,3,0,0,V3,1,1,-100,1,102.41,0,0,0,0,2,200
EDCF-Shield,v3b,FALCON1024+HMAC-SHA512+AES256GCM+DKG4of7,COMPROMISED_CTRL,150,55.97,25,CUMULATIVE,50,12022,40652,478,312,0.985224,0.958603,0.968189,0.96176,0.974704,99.24,100,0,0.664965,0,1,3,0,0,76,1448,0.934866,1,0.48,2,3,0,0,V3,1,1,-100,1,102.41,0,0,0,0,1,200
EDCF-Shield,v3b,FALCON1024+HMAC-SHA512+AES256GCM+DKG4of7,COMPROMISED_CTRL,150,55.97,26,CYCLE,52,480,2000,20,14,0.986476,0.93615,0.965795,0.96,0.97166,99.3,100,0,0.664972,0,1,3,0,0,76,1448,0.935815,1,0.4808,2,3,0,0,V3,1,1,-100,1,107.445,0,0,0,0,2,200
EDCF-Shield,v3b,FALCON1024+HMAC-SHA512+AES256GCM+DKG4of7,COMPROMISED_CTRL,150,55.97,26,CUMULATIVE,52,12502,42652,498,326,0.98528,0.958566,0.968097,0.961692,0.974587,99.24,100,0,0.664972,0,1,3,0,0,76,1448,0.935815,1,0.4808,2,3,0,0,V3,1,1,-100,1,107.445,0,0,0,0,1,200
EDCF-Shield,v3b,FALCON1024+HMAC-SHA512+AES256GCM+DKG4of7,COMPROMISED_CTRL,150,55.97,27,CYCLE,54,480,2000,20,12,0.987261,0.937028,0.967742,0.96,0.97561,99.4,100,0,0.664989,0,1,3,0,0,76,1448,0.93669,1,0.4815,2,3,0,0,V3,1,1,-100,1,112.475,0,0,0,0,2,200
EDCF-Shield,v3b,FALCON1024+HMAC-SHA512+AES256GCM+DKG4of7,COMPROMISED_CTRL,150,55.97,27,CUMULATIVE,54,12982,44652,518,338,0.985365,0.958626,0.968084,0.96163,0.974625,99.25,100,0,0.664989,0,1,3,0,0,76,1448,0.93669,1,0.4815,2,3,0,0,V3,1,1,-100,1,112.475,0,0,0,0,1,200
EDCF-Shield,v3b,FALCON1024+HMAC-SHA512+AES256GCM+DKG4of7,COMPROMISED_CTRL,150,55.97,28,CYCLE,56,480,2000,20,14,0.986476,0.937755,0.965795,0.96,0.97166,99.3,100,0,0.664994,0,1,3,0,0,76,1448,0.937503,1,0.4821,2,3,0,0,V3,1,1,-100,1,117.51,0,0,0,0,2,200
EDCF-Shield,v3b,FALCON1024+HMAC-SHA512+AES256GCM+DKG4of7,COMPROMISED_CTRL,150,55.97,28,CUMULATIVE,56,13462,46652,538,352,0.985411,0.95859,0.968002,0.961571,0.974519,99.25,100,0,0.664994,0,1,3,0,0,76,1448,0.937503,1,0.4821,2,3,0,0,V3,1,1,-100,1,117.51,0,0,0,0,1,200
EDCF-Shield,v3b,FALCON1024+HMAC-SHA512+AES256GCM+DKG4of7,COMPROMISED_CTRL,150,55.97,29,CYCLE,58,480,2000,20,14,0.986476,0.938432,0.965795,0.96,0.97166,99.3,100,0,0.664999,0,1,3,0,0,76,1448,0.938256,1,0.4828,2,3,0,0,V3,1,1,-100,1,122.545,0,0,0,0,2,200
EDCF-Shield,v3b,FALCON1024+HMAC-SHA512+AES256GCM+DKG4of7,COMPROMISED_CTRL,150,55.97,29,CUMULATIVE,58,13942,48652,558,366,0.985453,0.958555,0.967926,0.961517,0.97442,99.25,100,0,0.664999,0,1,3,0,0,76,1448,0.938256,1,0.4828,2,3,0,0,V3,1,1,-100,1,122.545,0,0,0,0,1,200
EDCF-Shield,v3b,FALCON1024+HMAC-SHA512+AES256GCM+DKG4of7,COMPROMISED_CTRL,150,55.97,30,CYCLE,60,480,2000,20,12,0.987261,0.939146,0.967742,0.96,0.97561,99.4,100,0,0.665012,0,1,3,0,0,76,1448,0.938956,1,0.4833,2,3,0,0,V3,1,1,-100,1,127.575,0,0,0,0,2,200
EDCF-Shield,v3b,FALCON1024+HMAC-SHA512+AES256GCM+DKG4of7,COMPROMISED_CTRL,150,55.97,30,CUMULATIVE,60,14422,50652,578,378,0.985522,0.958607,0.967919,0.961467,0.974459,99.26,100,0,0.665012,0,1,3,0,0,76,1448,0.938956,1,0.4833,2,3,0,0,V3,1,1,-100,1,127.575,0,0,0,0,1,200
EDCF-Shield,v3b,FALCON1024+HMAC-SHA512+AES256GCM+DKG4of7,COMPROMISED_CTRL,150,55.97,31,CYCLE,62,480,2000,20,14,0.986476,0.939735,0.965795,0.96,0.97166,99.3,100,0,0.665016,0,1,3,0,0,76,1448,0.939611,1,0.4839,2,3,0,0,V3,1,1,-100,1,132.61,0,0,0,0,2,200
EDCF-Shield,v3b,FALCON1024+HMAC-SHA512+AES256GCM+DKG4of7,COMPROMISED_CTRL,150,55.97,31,CUMULATIVE,62,14902,52652,598,392,0.985557,0.958573,0.967851,0.961419,0.974369,99.26,100,0,0.665016,0,1,3,0,0,76,1448,0.939611,1,0.4839,2,3,0,0,V3,1,1,-100,1,132.61,0,0,0,0,1,200
EDCF-Shield,v3b,FALCON1024+HMAC-SHA512+AES256GCM+DKG4of7,COMPROMISED_CTRL,150,55.97,32,CYCLE,64,480,2000,20,14,0.986476,0.940287,0.965795,0.96,0.97166,99.3,100,0,0.66502,0,1,3,0,0,76,1448,0.940223,1,0.4844,2,3,0,0,V3,1,1,-100,1,137.645,0,0,0,0,2,200
EDCF-Shield,v3b,FALCON1024+HMAC-SHA512+AES256GCM+DKG4of7,COMPROMISED_CTRL,150,55.97,32,CUMULATIVE,64,15382,54652,618,406,0.985589,0.958541,0.967787,0.961375,0.974284,99.26,100,0,0.66502,0,1,3,0,0,76,1448,0.940223,1,0.4844,2,3,0,0,V3,1,1,-100,1,137.645,0,0,0,0,1,200
EDCF-Shield,v3b,FALCON1024+HMAC-SHA512+AES256GCM+DKG4of7,COMPROMISED_CTRL,150,55.97,33,CYCLE,66,480,2000,20,12,0.987261,0.94088,0.967742,0.96,0.97561,99.4,100,0,0.665031,0,1,3,0,0,76,1448,0.940795,1,0.4848,2,3,0,0,V3,1,1,-100,1,142.675,0,0,0,0,2,200
EDCF-Shield,v3b,FALCON1024+HMAC-SHA512+AES256GCM+DKG4of7,COMPROMISED_CTRL,150,55.97,33,CUMULATIVE,66,15862,56652,638,418,0.985646,0.958588,0.967785,0.961333,0.974324,99.27,100,0,0.665031,0,1,3,0,0,76,1448,0.940795,1,0.4848,2,3,0,0,V3,1,1,-100,1,142.675,0,0,0,0,1,200
EDCF-Shield,v3b,FALCON1024+HMAC-SHA512+AES256GCM+DKG4of7,COMPROMISED_CTRL,150,55.97,34,CYCLE,68,480,2000,20,14,0.986476,0.941366,0.965795,0.96,0.97166,99.3,100,0,0.665034,0,1,3,0,0,76,1448,0.941334,1,0.4853,2,3,0,0,V3,1,1,-100,1,147.71,0,0,0,0,2,200
EDCF-Shield,v3b,FALCON1024+HMAC-SHA512+AES256GCM+DKG4of7,COMPROMISED_CTRL,150,55.97,34,CUMULATIVE,68,16342,58652,658,432,0.985674,0.958556,0.967727,0.961294,0.974246,99.27,100,0,0.665034,0,1,3,0,0,76,1448,0.941334,1,0.4853,2,3,0,0,V3,1,1,-100,1,147.71,0,0,0,0,1,200
EDCF-Shield,v3b,FALCON1024+HMAC-SHA512+AES256GCM+DKG4of7,COMPROMISED_CTRL,150,55.97,35,CYCLE,70,480,2000,20,14,0.986476,0.941823,0.965795,0.96,0.97166,99.3,100,0,0.665037,0,1,3,0,0,76,1448,0.941841,1,0.4857,2,3,0,0,V3,1,1,-100,1,152.745,0,0,0,0,2,200
EDCF-Shield,v3b,FALCON1024+HMAC-SHA512+AES256GCM+DKG4of7,COMPROMISED_CTRL,150,55.97,35,CUMULATIVE,70,16822,60652,678,446,0.985699,0.958526,0.967671,0.961257,0.974172,99.27,100,0,0.665037,0,1,3,0,0,76,1448,0.941841,1,0.4857,2,3,0,0,V3,1,1,-100,1,152.745,0,0,0,0,1,200
EDCF-Shield,v3b,FALCON1024+HMAC-SHA512+AES256GCM+DKG4of7,COMPROMISED_CTRL,150,55.97,36,CYCLE,72,480,2000,20,12,0.987261,0.942324,0.967742,0.96,0.97561,99.4,100,0,0.665046,0,1,3,0,0,76,1448,0.942318,1,0.4861,2,3,0,0,V3,1,1,-100,1,157.775,0,0,0,0,2,200
EDCF-Shield,v3b,FALCON1024+HMAC-SHA512+AES256GCM+DKG4of7,COMPROMISED_CTRL,150,55.97,36,CUMULATIVE,72,17302,62652,698,458,0.985748,0.958568,0.967673,0.961222,0.974212,99.27,100,0,0.665046,0,1,3,0,0,76,1448,0.942318,1,0.4861,2,3,0,0,V3,1,1,-100,1,157.775,0,0,0,0,1,200
EDCF-Shield,v3b,FALCON1024+HMAC-SHA512+AES256GCM+DKG4of7,COMPROMISED_CTRL,150,55.97,37,CYCLE,74,480,2000,20,14,0.986476,0.942732,0.965795,0.96,0.97166,99.3,100,0,0.665048,0,1,3,0,0,76,1448,0.942769,1,0.4865,2,3,0,0,V3,1,1,-100,1,162.81,0,0,0,0,2,200
EDCF-Shield,v3b,FALCON1024+HMAC-SHA512+AES256GCM+DKG4of7,COMPROMISED_CTRL,150,55.97,37,CUMULATIVE,74,17782,64652,718,472,0.98577,0.958539,0.967623,0.961189,0.974143,99.28,100,0,0.665048,0,1,3,0,0,76,1448,0.942769,1,0.4865,2,3,0,0,V3,1,1,-100,1,162.81,0,0,0,0,1,200
EDCF-Shield,v3b,FALCON1024+HMAC-SHA512+AES256GCM+DKG4of7,COMPROMISED_CTRL,150,55.97,38,CYCLE,76,480,2000,20,14,0.986476,0.943117,0.965795,0.96,0.97166,99.3,100,0,0.66505,0,1,3,0,0,76,1448,0.943195,1,0.4868,2,3,0,0,V3,1,1,-100,1,167.845,0,0,0,0,2,200
EDCF-Shield,v3b,FALCON1024+HMAC-SHA512+AES256GCM+DKG4of7,COMPROMISED_CTRL,150,55.97,38,CUMULATIVE,76,18262,66652,738,486,0.98579,0.958512,0.967574,0.961158,0.974077,99.28,100,0,0.66505,0,1,3,0,0,76,1448,0.943195,1,0.4868,2,3,0,0,V3,1,1,-100,1,167.845,0,0,0,0,1,200
EDCF-Shield,v3b,FALCON1024+HMAC-SHA512+AES256GCM+DKG4of7,COMPROMISED_CTRL,150,55.97,39,CYCLE,78,480,2000,20,12,0.987261,0.943547,0.967742,0.96,0.97561,99.4,100,0,0.665059,0,1,3,0,0,76,1448,0.943598,1,0.4872,2,3,0,0,V3,1,1,-100,1,172.875,0,0,0,0,2,200
EDCF-Shield,v3b,FALCON1024+HMAC-SHA512+AES256GCM+DKG4of7,COMPROMISED_CTRL,150,55.97,39,CUMULATIVE,78,18742,68652,758,498,0.985832,0.95855,0.967579,0.961128,0.974116,99.28,100,0,0.665059,0,1,3,0,0,76,1448,0.943598,1,0.4872,2,3,0,0,V3,1,1,-100,1,172.875,0,0,0,0,1,200
EDCF-Shield,v3b,FALCON1024+HMAC-SHA512+AES256GCM+DKG4of7,COMPROMISED_CTRL,150,55.97,40,CYCLE,80,480,2000,20,14,0.986476,0.943893,0.965795,0.96,0.97166,99.3,100,0,0.66506,0,1,3,0,0,76,1448,0.943982,1,0.4875,2,3,0,0,V3,1,1,-100,1,177.91,0,0,0,0,2,200
EDCF-Shield,v3b,FALCON1024+HMAC-SHA512+AES256GCM+DKG4of7,COMPROMISED_CTRL,150,55.97,40,CUMULATIVE,80,19222,70652,778,512,0.98585,0.958523,0.967534,0.9611,0.974055,99.28,100,0,0.66506,0,1,3,0,0,76,1448,0.943982,1,0.4875,2,3,0,0,V3,1,1,-100,1,177.91,0,0,0,0,1,200
EDCF-Shield,v3b,FALCON1024+HMAC-SHA512+AES256GCM+DKG4of7,COMPROMISED_CTRL,150,55.97,41,CYCLE,82,480,2000,20,14,0.986476,0.944222,0.965795,0.96,0.97166,99.3,100,0,0.665062,0,1,3,0,0,76,1448,0.944345,1,0.4878,2,3,0,0,V3,1,1,-100,1,182.945,0,0,0,0,2,200
EDCF-Shield,v3b,FALCON1024+HMAC-SHA512+AES256GCM+DKG4of7,COMPROMISED_CTRL,150,55.97,41,CUMULATIVE,82,19702,72652,798,526,0.985866,0.958497,0.967492,0.961073,0.973996,99.28,100,0,0.665062,0,1,3,0,0,76,1448,0.944345,1,0.4878,2,3,0,0,V3,1,1,-100,1,182.945,0,0,0,0,1,200
EDCF-Shield,v3b,FALCON1024+HMAC-SHA512+AES256GCM+DKG4of7,COMPROMISED_CTRL,150,55.97,42,CYCLE,84,480,2000,20,12,0.987261,0.944594,0.967742,0.96,0.97561,99.4,100,0,0.665069,0,1,3,0,0,76,1448,0.94469,1,0.4881,2,3,0,0,V3,1,1,-100,1,187.975,0,0,0,0,2,200
EDCF-Shield,v3b,FALCON1024+HMAC-SHA512+AES256GCM+DKG4of7,COMPROMISED_CTRL,150,55.97,42,CUMULATIVE,84,20182,74652,818,538,0.985903,0.958533,0.967498,0.961048,0.974035,99.28,100,0,0.665069,0,1,3,0,0,76,1448,0.94469,1,0.4881,2,3,0,0,V3,1,1,-100,1,187.975,0,0,0,0,1,200
EDCF-Shield,v3b,FALCON1024+HMAC-SHA512+AES256GCM+DKG4of7,COMPROMISED_CTRL,150,55.97,43,CYCLE,86,480,2000,20,14,0.986476,0.944892,0.965795,0.96,0.97166,99.3,100,0,0.66507,0,1,3,0,0,76,1448,0.94502,1,0.4884,2,3,0,0,V3,1,1,-100,1,193.01,0,0,0,0,2,200
EDCF-Shield,v3b,FALCON1024+HMAC-SHA512+AES256GCM+DKG4of7,COMPROMISED_CTRL,150,55.97,43,CUMULATIVE,86,20662,76652,838,552,0.985917,0.958508,0.967458,0.961023,0.973979,99.29,100,0,0.66507,0,1,3,0,0,76,1448,0.94502,1,0.4884,2,3,0,0,V3,1,1,-100,1,193.01,0,0,0,0,1,200
EDCF-Shield,v3b,FALCON1024+HMAC-SHA512+AES256GCM+DKG4of7,COMPROMISED_CTRL,150,55.97,44,CYCLE,88,480,2000,20,14,0.986476,0.945176,0.965795,0.96,0.97166,99.3,100,0,0.665071,0,1,3,0,0,76,1448,0.945334,1,0.4886,2,3,0,0,V3,1,1,-100,1,198.045,0,0,0,0,2,200
EDCF-Shield,v3b,FALCON1024+HMAC-SHA512+AES256GCM+DKG4of7,COMPROMISED_CTRL,150,55.97,44,CUMULATIVE,88,21142,78652,858,566,0.985931,0.958484,0.96742,0.961,0.973927,99.29,100,0,0.665071,0,1,3,0,0,76,1448,0.945334,1,0.4886,2,3,0,0,V3,1,1,-100,1,198.045,0,0,0,0,1,200
EDCF-Shield,v3b,FALCON1024+HMAC-SHA512+AES256GCM+DKG4of7,COMPROMISED_CTRL,150,55.97,45,CYCLE,90,480,2000,20,12,0.987261,0.945502,0.967742,0.96,0.97561,99.4,100,0,0.665078,0,1,3,0,0,76,1448,0.945632,1,0.4889,2,3,0,0,V3,1,1,-100,1,203.075,0,0,0,0,2,200
EDCF-Shield,v3b,FALCON1024+HMAC-SHA512+AES256GCM+DKG4of7,COMPROMISED_CTRL,150,55.97,45,CUMULATIVE,90,21622,80652,878,578,0.985964,0.958517,0.967427,0.960978,0.973964,99.29,100,0,0.665078,0,1,3,0,0,76,1448,0.945632,1,0.4889,2,3,0,0,V3,1,1,-100,1,203.075,0,0,0,0,1,200
EDCF-Shield,v3b,FALCON1024+HMAC-SHA512+AES256GCM+DKG4of7,COMPROMISED_CTRL,150,55.97,46,CYCLE,92,480,2000,20,14,0.986476,0.945761,0.965795,0.96,0.97166,99.3,100,0,0.665079,0,1,3,0,0,76,1448,0.945919,1,0.4891,2,3,0,0,V3,1,1,-100,1,208.11,0,0,0,0,2,200
EDCF-Shield,v3b,FALCON1024+HMAC-SHA512+AES256GCM+DKG4of7,COMPROMISED_CTRL,150,55.97,46,CUMULATIVE,92,22102,82652,898,592,0.985976,0.958494,0.967392,0.960957,0.973914,99.29,100,0,0.665079,0,1,3,0,0,76,1448,0.945919,1,0.4891,2,3,0,0,V3,1,1,-100,1,208.11,0,0,0,0,1,200
EDCF-Shield,v3b,FALCON1024+HMAC-SHA512+AES256GCM+DKG4of7,COMPROMISED_CTRL,150,55.97,47,CYCLE,94,480,2000,20,14,0.986476,0.946008,0.965795,0.96,0.97166,99.3,100,0,0.66508,0,1,3,0,0,76,1448,0.946192,1,0.4894,2,3,0,0,V3,1,1,-100,1,213.145,0,0,0,0,2,200
EDCF-Shield,v3b,FALCON1024+HMAC-SHA512+AES256GCM+DKG4of7,COMPROMISED_CTRL,150,55.97,47,CUMULATIVE,94,22582,84652,918,606,0.985987,0.958472,0.967358,0.960936,0.973866,99.29,100,0,0.66508,0,1,3,0,0,76,1448,0.946192,1,0.4894,2,3,0,0,V3,1,1,-100,1,213.145,0,0,0,0,1,200
EDCF-Shield,v3b,FALCON1024+HMAC-SHA512+AES256GCM+DKG4of7,COMPROMISED_CTRL,150,55.97,48,CYCLE,96,480,2000,20,12,0.987261,0.946297,0.967742,0.96,0.97561,99.4,100,0,0.665086,0,1,3,0,0,76,1448,0.946453,1,0.4896,2,3,0,0,V3,1,1,-100,1,218.175,0,0,0,0,2,200
EDCF-Shield,v3b,FALCON1024+HMAC-SHA512+AES256GCM+DKG4of7,COMPROMISED_CTRL,150,55.97,48,CUMULATIVE,96,23062,86652,938,618,0.986016,0.958503,0.967366,0.960917,0.973902,99.29,100,0,0.665086,0,1,3,0,0,76,1448,0.946453,1,0.4896,2,3,0,0,V3,1,1,-100,1,218.175,0,0,0,0,1,200
EDCF-Shield,v3b,FALCON1024+HMAC-SHA512+AES256GCM+DKG4of7,COMPROMISED_CTRL,150,55.97,49,CYCLE,98,480,2000,20,14,0.986476,0.946523,0.965795,0.96,0.97166,99.3,100,0,0.665086,0,1,3,0,0,76,1448,0.946704,1,0.4898,2,3,0,0,V3,1,1,-100,1,223.21,0,0,0,0,2,200
EDCF-Shield,v3b,FALCON1024+HMAC-SHA512+AES256GCM+DKG4of7,COMPROMISED_CTRL,150,55.97,49,CUMULATIVE,98,23542,88652,958,632,0.986026,0.958481,0.967334,0.960898,0.973856,99.29,100,0,0.665086,0,1,3,0,0,76,1448,0.946704,1,0.4898,2,3,0,0,V3,1,1,-100,1,223.21,0,0,0,0,1,200
EDCF-Shield,v3b,FALCON1024+HMAC-SHA512+AES256GCM+DKG4of7,COMPROMISED_CTRL,150,55.97,50,CYCLE,100,480,2000,20,14,0.986476,0.946741,0.965795,0.96,0.97166,99.3,100,0,0.665087,0,1,3,0,0,76,1448,0.946945,1,0.49,2,3,0,0,V3,1,1,-100,1,228.245,0,0,0,0,2,200
EDCF-Shield,v3b,FALCON1024+HMAC-SHA512+AES256GCM+DKG4of7,COMPROMISED_CTRL,150,55.97,50,CUMULATIVE,100,24022,90652,978,646,0.986036,0.95846,0.967303,0.96088,0.973812,99.29,100,0,0.665087,0,1,3,0,0,76,1448,0.946945,1,0.49,2,3,0,0,V3,1,1,-100,1,228.245,0,0,0,0,1,200
EDCF-Shield,v3b,FALCON1024+HMAC-SHA512+AES256GCM+DKG4of7,COMPROMISED_CTRL,150,55.97,51,CYCLE,102,480,2000,20,12,0.987261,0.946998,0.967742,0.96,0.97561,99.4,100,0,0.665092,0,1,3,0,0,76,1448,0.947175,1,0.4902,2,3,0,0,V3,1,1,-100,1,233.275,0,0,0,0,2,200
EDCF-Shield,v3b,FALCON1024+HMAC-SHA512+AES256GCM+DKG4of7,COMPROMISED_CTRL,150,55.97,51,CUMULATIVE,102,24502,92652,998,658,0.986062,0.958489,0.967311,0.960863,0.973847,99.29,100,0,0.665092,0,1,3,0,0,76,1448,0.947175,1,0.4902,2,3,0,0,V3,1,1,-100,1,233.275,0,0,0,0,1,200
EDCF-Shield,v3b,FALCON1024+HMAC-SHA512+AES256GCM+DKG4of7,COMPROMISED_CTRL,150,55.97,52,CYCLE,104,480,2000,20,14,0.986476,0.947198,0.965795,0.96,0.97166,99.3,100,0,0.665093,0,1,3,0,0,76,1448,0.947397,1,0.4904,2,3,0,0,V3,1,1,-100,1,238.31,0,0,0,0,2,200
EDCF-Shield,v3b,FALCON1024+HMAC-SHA512+AES256GCM+DKG4of7,COMPROMISED_CTRL,150,55.97,52,CUMULATIVE,104,24982,94652,1018,672,0.98607,0.958469,0.967282,0.960846,0.973805,99.3,100,0,0.665093,0,1,3,0,0,76,1448,0.947397,1,0.4904,2,3,0,0,V3,1,1,-100,1,238.31,0,0,0,0,1,200
EDCF-Shield,v3b,FALCON1024+HMAC-SHA512+AES256GCM+DKG4of7,COMPROMISED_CTRL,150,55.97,53,CYCLE,106,480,2000,20,14,0.986476,0.94739,0.965795,0.96,0.97166,99.3,100,0,0.665093,0,1,3,0,0,76,1448,0.94761,1,0.4906,2,3,0,0,V3,1,1,-100,1,243.345,0,0,0,0,2,200
EDCF-Shield,v3b,FALCON1024+HMAC-SHA512+AES256GCM+DKG4of7,COMPROMISED_CTRL,150,55.97,53,CUMULATIVE,106,25462,96652,1038,686,0.986079,0.95845,0.967254,0.96083,0.973765,99.3,100,0,0.665093,0,1,3,0,0,76,1448,0.94761,1,0.4906,2,3,0,0,V3,1,1,-100,1,243.345,0,0,0,0,1,200
EDCF-Shield,v3b,FALCON1024+HMAC-SHA512+AES256GCM+DKG4of7,COMPROMISED_CTRL,150,55.97,54,CYCLE,108,480,2000,20,12,0.987261,0.947621,0.967742,0.96,0.97561,99.4,100,0,0.665098,0,1,3,0,0,76,1448,0.947814,1,0.4907,2,3,0,0,V3,1,1,-100,1,248.375,0,0,0,0,2,200
EDCF-Shield,v3b,FALCON1024+HMAC-SHA512+AES256GCM+DKG4of7,COMPROMISED_CTRL,150,55.97,54,CUMULATIVE,108,25942,98652,1058,698,0.986102,0.958477,0.967263,0.960815,0.973799,99.3,100,0,0.665098,0,1,3,0,0,76,1448,0.947814,1,0.4907,2,3,0,0,V3,1,1,-100,1,248.375,0,0,0,0,1,200
EDCF-Shield,v3b,FALCON1024+HMAC-SHA512+AES256GCM+DKG4of7,COMPROMISED_CTRL,150,55.97,55,CYCLE,110,480,2000,20,14,0.986476,0.947799,0.965795,0.96,0.97166,99.3,100,0,0.665098,0,1,3,0,0,76,1448,0.948012,1,0.4909,2,3,0,0,V3,1,1,-100,1,253.41,0,0,0,0,2,200
EDCF-Shield,v3b,FALCON1024+HMAC-SHA512+AES256GCM+DKG4of7,COMPROMISED_CTRL,150,55.97,55,CUMULATIVE,110,26422,100652,1078,712,0.986109,0.958458,0.967237,0.9608,0.97376,99.3,100,0,0.665098,0,1,3,0,0,76,1448,0.948012,1,0.4909,2,3,0,0,V3,1,1,-100,1,253.41,0,0,0,0,1,200
EDCF-Shield,v3b,FALCON1024+HMAC-SHA512+AES256GCM+DKG4of7,COMPROMISED_CTRL,150,55.97,56,CYCLE,112,480,2000,20,14,0.986476,0.94797,0.965795,0.96,0.97166,99.3,100,0,0.665099,0,1,3,0,0,76,1448,0.948202,1,0.4911,2,3,0,0,V3,1,1,-100,1,258.445,0,0,0,0,2,200
EDCF-Shield,v3b,FALCON1024+HMAC-SHA512+AES256GCM+DKG4of7,COMPROMISED_CTRL,150,55.97,56,CUMULATIVE,112,26902,102652,1098,726,0.986116,0.95844,0.967211,0.960786,0.973722,99.3,100,0,0.665099,0,1,3,0,0,76,1448,0.948202,1,0.4911,2,3,0,0,V3,1,1,-100,1,258.445,0,0,0,0,1,200
EDCF-Shield,v3b,FALCON1024+HMAC-SHA512+AES256GCM+DKG4of7,COMPROMISED_CTRL,150,55.97,57,CYCLE,114,480,2000,20,12,0.987261,0.948178,0.967742,0.96,0.97561,99.4,100,0,0.665103,0,1,3,0,0,76,1448,0.948385,1,0.4912,2,3,0,0,V3,1,1,-100,1,263.475,0,0,0,0,2,200
EDCF-Shield,v3b,FALCON1024+HMAC-SHA512+AES256GCM+DKG4of7,COMPROMISED_CTRL,150,55.97,57,CUMULATIVE,114,27382,104652,1118,738,0.986138,0.958466,0.96722,0.960772,0.973755,99.3,100,0,0.665103,0,1,3,0,0,76,1448,0.948385,1,0.4912,2,3,0,0,V3,1,1,-100,1,263.475,0,0,0,0,1,200
EDCF-Shield,v3b,FALCON1024+HMAC-SHA512+AES256GCM+DKG4of7,COMPROMISED_CTRL,150,55.97,58,CYCLE,116,480,2000,20,14,0.986476,0.948337,0.965795,0.96,0.97166,99.3,100,0,0.665103,0,1,3,0,0,76,1448,0.948561,1,0.4914,2,3,0,0,V3,1,1,-100,1,268.51,0,0,0,0,2,200
EDCF-Shield,v3b,FALCON1024+HMAC-SHA512+AES256GCM+DKG4of7,COMPROMISED_CTRL,150,55.97,58,CUMULATIVE,116,27862,106652,1138,752,0.986144,0.958448,0.967195,0.960759,0.973719,99.3,100,0,0.665103,0,1,3,0,0,76,1448,0.948561,1,0.4914,2,3,0,0,V3,1,1,-100,1,268.51,0,0,0,0,1,200
EDCF-Shield,v3b,FALCON1024+HMAC-SHA512+AES256GCM+DKG4of7,COMPROMISED_CTRL,150,55.97,59,CYCLE,118,480,2000,20,14,0.986476,0.948491,0.965795,0.96,0.97166,99.3,100,0,0.665104,0,1,3,0,0,76,1448,0.948732,1,0.4915,2,3,0,0,V3,1,1,-100,1,273.545,0,0,0,0,2,200
EDCF-Shield,v3b,FALCON1024+HMAC-SHA512+AES256GCM+DKG4of7,COMPROMISED_CTRL,150,55.97,59,CUMULATIVE,118,28342,108652,1158,766,0.98615,0.95843,0.967172,0.960746,0.973684,99.3,100,0,0.665104,0,1,3,0,0,76,1448,0.948732,1,0.4915,2,3,0,0,V3,1,1,-100,1,273.545,0,0,0,0,1,200
EDCF-Shield,v3b,FALCON1024+HMAC-SHA512+AES256GCM+DKG4of7,COMPROMISED_CTRL,150,55.97,60,CYCLE,120,480,2000,20,12,0.987261,0.94868,0.967742,0.96,0.97561,99.4,100,0,0.665108,0,1,3,0,0,76,1448,0.948896,1,0.4917,2,3,0,0,V3,1,1,-100,1,278.575,0,0,0,0,2,200
EDCF-Shield,v3b,FALCON1024+HMAC-SHA512+AES256GCM+DKG4of7,COMPROMISED_CTRL,150,55.97,60,CUMULATIVE,120,28822,110652,1178,778,0.98617,0.958455,0.967181,0.960733,0.973716,99.3,100,0,0.665108,0,1,3,0,0,76,1448,0.948896,1,0.4917,2,3,0,0,V3,1,1,-100,1,278.575,0,0,0,0,1,200
EDCF-Shield,v3b,FALCON1024+HMAC-SHA512+AES256GCM+DKG4of7,COMPROMISED_CTRL,150,55.97,61,CYCLE,122,480,2000,20,14,0.986476,0.948823,0.965795,0.96,0.97166,99.3,100,0,0.665108,0,1,3,0,0,76,1448,0.949056,1,0.4918,2,3,0,0,V3,1,1,-100,1,283.61,0,0,0,0,2,200
EDCF-Shield,v3b,FALCON1024+HMAC-SHA512+AES256GCM+DKG4of7,COMPROMISED_CTRL,150,55.97,61,CUMULATIVE,122,29302,112652,1198,792,0.986175,0.958438,0.967158,0.960721,0.973682,99.3,100,0,0.665108,0,1,3,0,0,76,1448,0.949056,1,0.4918,2,3,0,0,V3,1,1,-100,1,283.61,0,0,0,0,1,200
EDCF-Shield,v3b,FALCON1024+HMAC-SHA512+AES256GCM+DKG4of7,COMPROMISED_CTRL,150,55.97,62,CYCLE,124,480,2000,20,14,0.986476,0.948961,0.965795,0.96,0.97166,99.3,100,0,0.665108,0,1,3,0,0,76,1448,0.949209,1,0.4919,2,3,0,0,V3,1,1,-100,1,288.645,0,0,0,0,2,200
EDCF-Shield,v3b,FALCON1024+HMAC-SHA512+AES256GCM+DKG4of7,COMPROMISED_CTRL,150,55.97,62,CUMULATIVE,124,29782,114652,1218,806,0.98618,0.958422,0.967136,0.96071,0.97365,99.3,100,0,0.665108,0,1,3,0,0,76,1448,0.949209,1,0.4919,2,3,0,0,V3,1,1,-100,1,288.645,0,0,0,0,1,200
EDCF-Shield,v3b,FALCON1024+HMAC-SHA512+AES256GCM+DKG4of7,COMPROMISED_CTRL,150,55.97,63,CYCLE,126,480,2000,20,12,0.987261,0.949134,0.967742,0.96,0.97561,99.4,100,0,0.665112,0,1,3,0,0,76,1448,0.949358,1,0.4921,2,3,0,0,V3,1,1,-100,1,293.675,0,0,0,0,2,200
EDCF-Shield,v3b,FALCON1024+HMAC-SHA512+AES256GCM+DKG4of7,COMPROMISED_CTRL,150,55.97,63,CUMULATIVE,126,30262,116652,1238,818,0.986199,0.958446,0.967146,0.960698,0.973681,99.3,100,0,0.665112,0,1,3,0,0,76,1448,0.949358,1,0.4921,2,3,0,0,V3,1,1,-100,1,293.675,0,0,0,0,1,200
EDCF-Shield,v3b,FALCON1024+HMAC-SHA512+AES256GCM+DKG4of7,COMPROMISED_CTRL,150,55.97,64,CYCLE,128,480,2000,20,14,0.986476,0.949263,0.965795,0.96,0.97166,99.3,100,0,0.665112,0,1,3,0,0,76,1448,0.949502,1,0.4922,2,3,0,0,V3,1,1,-100,1,298.71,0,0,0,0,2,200
EDCF-Shield,v3b,FALCON1024+HMAC-SHA512+AES256GCM+DKG4of7,COMPROMISED_CTRL,150,55.97,64,CUMULATIVE,128,30742,118652,1258,832,0.986203,0.95843,0.967125,0.960688,0.973649,99.3,100,0,0.665112,0,1,3,0,0,76,1448,0.949502,1,0.4922,2,3,0,0,V3,1,1,-100,1,298.71,0,0,0,0,1,200
EDCF-Shield,v3b,FALCON1024+HMAC-SHA512+AES256GCM+DKG4of7,COMPROMISED_CTRL,150,55.97,65,CYCLE,130,480,2000,20,14,0.986476,0.949388,0.965795,0.96,0.97166,99.3,100,0,0.665112,0,1,3,0,0,76,1448,0.949642,1,0.4923,2,3,0,0,V3,1,1,-100,1,303.745,0,0,0,0,2,200
EDCF-Shield,v3b,FALCON1024+HMAC-SHA512+AES256GCM+DKG4of7,COMPROMISED_CTRL,150,55.97,65,CUMULATIVE,130,31222,120652,1278,846,0.986208,0.958414,0.967104,0.960677,0.973619,99.3,100,0,0.665112,0,1,3,0,0,76,1448,0.949642,1,0.4923,2,3,0,0,V3,1,1,-100,1,303.745,0,0,0,0,1,200
EDCF-Shield,v3b,FALCON1024+HMAC-SHA512+AES256GCM+DKG4of7,COMPROMISED_CTRL,150,55.97,66,CYCLE,132,480,2000,20,12,0.987261,0.949547,0.967742,0.96,0.97561,99.4,100,0,0.665116,0,1,3,0,0,76,1448,0.949777,1,0.4924,2,3,0,0,V3,1,1,-100,1,308.775,0,0,0,0,2,200
EDCF-Shield,v3b,FALCON1024+HMAC-SHA512+AES256GCM+DKG4of7,COMPROMISED_CTRL,150,55.97,66,CUMULATIVE,132,31702,122652,1298,858,0.986225,0.958437,0.967114,0.960667,0.973649,99.31,100,0,0.665116,0,1,3,0,0,76,1448,0.949777,1,0.4924,2,3,0,0,V3,1,1,-100,1,308.775,0,0,0,0,1,200
EDCF-Shield,v3b,FALCON1024+HMAC-SHA512+AES256GCM+DKG4of7,COMPROMISED_CTRL,150,55.97,67,CYCLE,134,480,2000,20,14,0.986476,0.949664,0.965795,0.96,0.97166,99.3,100,0,0.665116,0,1,3,0,0,76,1448,0.949908,1,0.4925,2,3,0,0,V3,1,1,-100,1,313.81,0,0,0,0,2,200
EDCF-Shield,v3b,FALCON1024+HMAC-SHA512+AES256GCM+DKG4of7,COMPROMISED_CTRL,150,55.97,67,CUMULATIVE,134,32182,124652,1318,872,0.986228,0.958421,0.967094,0.960657,0.973619,99.31,100,0,0.665116,0,1,3,0,0,76,1448,0.949908,1,0.4925,2,3,0,0,V3,1,1,-100,1,313.81,0,0,0,0,1,200
EDCF-Shield,v3b,FALCON1024+HMAC-SHA512+AES256GCM+DKG4of7,COMPROMISED_CTRL,150,55.97,68,CYCLE,136,480,2000,20,14,0.986476,0.949778,0.965795,0.96,0.97166,99.3,100,0,0.665116,0,1,3,0,0,76,1448,0.950035,1,0.4926,2,3,0,0,V3,1,1,-100,1,318.845,0,0,0,0,2,200
EDCF-Shield,v3b,FALCON1024+HMAC-SHA512+AES256GCM+DKG4of7,COMPROMISED_CTRL,150,55.97,68,CUMULATIVE,136,32662,126652,1338,886,0.986232,0.958407,0.967075,0.960647,0.97359,99.31,100,0,0.665116,0,1,3,0,0,76,1448,0.950035,1,0.4926,2,3,0,0,V3,1,1,-100,1,318.845,0,0,0,0,1,200
EDCF-Shield,v3b,FALCON1024+HMAC-SHA512+AES256GCM+DKG4of7,COMPROMISED_CTRL,150,55.97,69,CYCLE,138,480,2000,20,12,0.987261,0.949924,0.967742,0.96,0.97561,99.4,100,0,0.665119,0,1,3,0,0,76,1448,0.950158,1,0.4928,2,3,0,0,V3,1,1,-100,1,323.875,0,0,0,0,2,200
EDCF-Shield,v3b,FALCON1024+HMAC-SHA512+AES256GCM+DKG4of7,COMPROMISED_CTRL,150,55.97,69,CUMULATIVE,138,33142,128652,1358,898,0.986248,0.958428,0.967085,0.960638,0.973619,99.31,100,0,0.665119,0,1,3,0,0,76,1448,0.950158,1,0.4928,2,3,0,0,V3,1,1,-100,1,323.875,0,0,0,0,1,200
EDCF-Shield,v3b,FALCON1024+HMAC-SHA512+AES256GCM+DKG4of7,COMPROMISED_CTRL,150,55.97,70,CYCLE,140,480,2000,20,14,0.986476,0.950031,0.965795,0.96,0.97166,99.3,100,0,0.665119,0,1,3,0,0,76,1448,0.950278,1,0.4929,2,3,0,0,V3,1,1,-100,1,328.91,0,0,0,0,2,200
EDCF-Shield,v3b,FALCON1024+HMAC-SHA512+AES256GCM+DKG4of7,COMPROMISED_CTRL,150,55.97,70,CUMULATIVE,140,33622,130652,1378,912,0.986252,0.958414,0.967066,0.960629,0.973591,99.31,100,0,0.665119,0,1,3,0,0,76,1448,0.950278,1,0.4929,2,3,0,0,V3,1,1,-100,1,328.91,0,0,0,0,1,200
EDCF-Shield,v3b,FALCON1024+HMAC-SHA512+AES256GCM+DKG4of7,COMPROMISED_CTRL,150,55.97,71,CYCLE,142,480,2000,20,14,0.986476,0.950134,0.965795,0.96,0.97166,99.3,100,0,0.665119,0,1,3,0,0,76,1448,0.950394,1,0.493,2,3,0,0,V3,1,1,-100,1,333.945,0,0,0,0,2,200
EDCF-Shield,v3b,FALCON1024+HMAC-SHA512+AES256GCM+DKG4of7,COMPROMISED_CTRL,150,55.97,71,CUMULATIVE,142,34102,132652,1398,926,0.986255,0.9584,0.967049,0.96062,0.973564,99.31,100,0,0.665119,0,1,3,0,0,76,1448,0.950394,1,0.493,2,3,0,0,V3,1,1,-100,1,333.945,0,0,0,0,1,200
EDCF-Shield,v3b,FALCON1024+HMAC-SHA512+AES256GCM+DKG4of7,COMPROMISED_CTRL,150,55.97,72,CYCLE,144,480,2000,20,12,0.987261,0.950269,0.967742,0.96,0.97561,99.4,100,0,0.665122,0,1,3,0,0,76,1448,0.950507,1,0.4931,2,3,0,0,V3,1,1,-100,1,338.975,0,0,0,0,2,200
EDCF-Shield,v3b,FALCON1024+HMAC-SHA512+AES256GCM+DKG4of7,COMPROMISED_CTRL,150,55.97,72,CUMULATIVE,144,34582,134652,1418,938,0.98627,0.95842,0.967058,0.960611,0.973592,99.31,100,0,0.665122,0,1,3,0,0,76,1448,0.950507,1,0.4931,2,3,0,0,V3,1,1,-100,1,338.975,0,0,0,0,1,200
EDCF-Shield,v3b,FALCON1024+HMAC-SHA512+AES256GCM+DKG4of7,COMPROMISED_CTRL,150,55.97,73,CYCLE,146,480,2000,20,14,0.986476,0.950367,0.965795,0.96,0.97166,99.3,100,0,0.665122,0,1,3,0,0,76,1448,0.950617,1,0.4932,2,3,0,0,V3,1,1,-100,1,344.01,0,0,0,0,2,200
EDCF-Shield,v3b,FALCON1024+HMAC-SHA512+AES256GCM+DKG4of7,COMPROMISED_CTRL,150,55.97,73,CUMULATIVE,146,35062,136652,1438,952,0.986273,0.958407,0.967041,0.960603,0.973566,99.31,100,0,0.665122,0,1,3,0,0,76,1448,0.950617,1,0.4932,2,3,0,0,V3,1,1,-100,1,344.01,0,0,0,0,1,200
EDCF-Shield,v3b,FALCON1024+HMAC-SHA512+AES256GCM+DKG4of7,COMPROMISED_CTRL,150,55.97,74,CYCLE,148,480,2000,20,14,0.986476,0.950462,0.965795,0.96,0.97166,99.3,100,0,0.665122,0,1,3,0,0,76,1448,0.950724,1,0.4932,2,3,0,0,V3,1,1,-100,1,349.045,0,0,0,0,2,200
EDCF-Shield,v3b,FALCON1024+HMAC-SHA512+AES256GCM+DKG4of7,COMPROMISED_CTRL,150,55.97,74,CUMULATIVE,148,35542,138652,1458,966,0.986275,0.958393,0.967024,0.960595,0.97354,99.31,100,0,0.665122,0,1,3,0,0,76,1448,0.950724,1,0.4932,2,3,0,0,V3,1,1,-100,1,349.045,0,0,0,0,1,200
EDCF-Shield,v3b,FALCON1024+HMAC-SHA512+AES256GCM+DKG4of7,COMPROMISED_CTRL,150,55.97,75,CYCLE,150,480,2000,20,12,0.987261,0.950587,0.967742,0.96,0.97561,99.4,100,0,0.665125,0,1,3,0,0,76,1448,0.950827,1,0.4933,2,3,0,0,V3,1,1,-100,1,354.075,0,0,0,0,2,200
EDCF-Shield,v3b,FALCON1024+HMAC-SHA512+AES256GCM+DKG4of7,COMPROMISED_CTRL,150,55.97,75,CUMULATIVE,150,36022,140652,1478,978,0.986289,0.958413,0.967034,0.960587,0.973568,99.31,100,0,0.665125,0,1,3,0,0,76,1448,0.950827,1,0.4933,2,3,0,0,V3,1,1,-100,1,354.075,0,0,0,0,1,200
EDCF-Shield,v3b,FALCON1024+HMAC-SHA512+AES256GCM+DKG4of7,COMPROMISED_CTRL,150,55.97,76,CYCLE,152,480,2000,20,14,0.986476,0.950677,0.965795,0.96,0.97166,99.3,100,0,0.665125,0,1,3,0,0,76,1448,0.950928,1,0.4934,2,3,0,0,V3,1,1,-100,1,359.11,0,0,0,0,2,200
EDCF-Shield,v3b,FALCON1024+HMAC-SHA512+AES256GCM+DKG4of7,COMPROMISED_CTRL,150,55.97,76,CUMULATIVE,152,36502,142652,1498,992,0.986292,0.9584,0.967017,0.960579,0.973542,99.31,100,0,0.665125,0,1,3,0,0,76,1448,0.950928,1,0.4934,2,3,0,0,V3,1,1,-100,1,359.11,0,0,0,0,1,200
EDCF-Shield,v3b,FALCON1024+HMAC-SHA512+AES256GCM+DKG4of7,COMPROMISED_CTRL,150,55.97,77,CYCLE,154,480,2000,20,14,0.986476,0.950764,0.965795,0.96,0.97166,99.3,100,0,0.665125,0,1,3,0,0,76,1448,0.951027,1,0.4935,2,3,0,0,V3,1,1,-100,1,364.145,0,0,0,0,2,200
EDCF-Shield,v3b,FALCON1024+HMAC-SHA512+AES256GCM+DKG4of7,COMPROMISED_CTRL,150,55.97,77,CUMULATIVE,154,36982,144652,1518,1006,0.986294,0.958387,0.967001,0.960571,0.973518,99.31,100,0,0.665125,0,1,3,0,0,76,1448,0.951027,1,0.4935,2,3,0,0,V3,1,1,-100,1,364.145,0,0,0,0,1,200
EDCF-Shield,v3b,FALCON1024+HMAC-SHA512+AES256GCM+DKG4of7,COMPROMISED_CTRL,150,55.97,78,CYCLE,156,480,2000,20,12,0.987261,0.95088,0.967742,0.96,0.97561,99.4,100,0,0.665128,0,1,3,0,0,76,1448,0.951122,1,0.4936,2,3,0,0,V3,1,1,-100,1,369.175,0,0,0,0,2,200
EDCF-Shield,v3b,FALCON1024+HMAC-SHA512+AES256GCM+DKG4of7,COMPROMISED_CTRL,150,55.97,78,CUMULATIVE,156,37462,146652,1538,1018,0.986307,0.958406,0.967011,0.960564,0.973545,99.31,100,0,0.665128,0,1,3,0,0,76,1448,0.951122,1,0.4936,2,3,0,0,V3,1,1,-100,1,369.175,0,0,0,0,1,200
EDCF-Shield,v3b,FALCON1024+HMAC-SHA512+AES256GCM+DKG4of7,COMPROMISED_CTRL,150,55.97,79,CYCLE,158,480,2000,20,14,0.986476,0.950963,0.965795,0.96,0.97166,99.3,100,0,0.665127,0,1,3,0,0,76,1448,0.951216,1,0.4937,2,3,0,0,V3,1,1,-100,1,374.21,0,0,0,0,2,200
EDCF-Shield,v3b,FALCON1024+HMAC-SHA512+AES256GCM+DKG4of7,COMPROMISED_CTRL,150,55.97,79,CUMULATIVE,158,37942,148652,1558,1032,0.98631,0.958394,0.966995,0.960557,0.973521,99.31,100,0,0.665127,0,1,3,0,0,76,1448,0.951216,1,0.4937,2,3,0,0,V3,1,1,-100,1,374.21,0,0,0,0,1,200
EDCF-Shield,v3b,FALCON1024+HMAC-SHA512+AES256GCM+DKG4of7,COMPROMISED_CTRL,150,55.97,80,CYCLE,160,480,2000,20,14,0.986476,0.951043,0.965795,0.96,0.97166,99.3,100,0,0.665127,0,1,3,0,0,76,1448,0.951306,1,0.4938,2,3,0,0,V3,1,1,-100,1,379.245,0,0,0,0,2,200
EDCF-Shield,v3b,FALCON1024+HMAC-SHA512+AES256GCM+DKG4of7,COMPROMISED_CTRL,150,55.97,80,CUMULATIVE,160,38422,150652,1578,1046,0.986312,0.958381,0.96698,0.96055,0.973498,99.31,100,0,0.665127,0,1,3,0,0,76,1448,0.951306,1,0.4938,2,3,0,0,V3,1,1,-100,1,379.245,0,0,0,0,1,200
EDCF-Shield,v3b,FALCON1024+HMAC-SHA512+AES256GCM+DKG4of7,COMPROMISED_CTRL,150,55.97,81,CYCLE,162,480,2000,20,12,0.987261,0.951152,0.967742,0.96,0.97561,99.4,100,0,0.66513,0,1,3,0,0,76,1448,0.951395,1,0.4938,2,3,0,0,V3,1,1,-100,1,384.275,0,0,0,0,2,200
EDCF-Shield,v3b,FALCON1024+HMAC-SHA512+AES256GCM+DKG4of7,COMPROMISED_CTRL,150,55.97,81,CUMULATIVE,162,38902,152652,1598,1058,0.986324,0.9584,0.96699,0.960543,0.973524,99.31,100,0,0.66513,0,1,3,0,0,76,1448,0.951395,1,0.4938,2,3,0,0,V3,1,1,-100,1,384.275,0,0,0,0,1,200
EDCF-Shield,v3b,FALCON1024+HMAC-SHA512+AES256GCM+DKG4of7,COMPROMISED_CTRL,150,55.97,82,CYCLE,164,480,2000,20,14,0.986476,0.951228,0.965795,0.96,0.97166,99.3,100,0,0.66513,0,1,3,0,0,76,1448,0.951481,1,0.4939,2,3,0,0,V3,1,1,-100,1,389.31,0,0,0,0,2,200
EDCF-Shield,v3b,FALCON1024+HMAC-SHA512+AES256GCM+DKG4of7,COMPROMISED_CTRL,150,55.97,82,CUMULATIVE,164,39382,154652,1618,1072,0.986326,0.958388,0.966975,0.960537,0.973501,99.31,100,0,0.66513,0,1,3,0,0,76,1448,0.951481,1,0.4939,2,3,0,0,V3,1,1,-100,1,389.31,0,0,0,0,1,200
EDCF-Shield,v3b,FALCON1024+HMAC-SHA512+AES256GCM+DKG4of7,COMPROMISED_CTRL,150,55.97,83,CYCLE,166,480,2000,20,14,0.986476,0.951302,0.965795,0.96,0.97166,99.3,100,0,0.66513,0,1,3,0,0,76,1448,0.951566,1,0.494,2,3,0,0,V3,1,1,-100,1,394.345,0,0,0,0,2,200
EDCF-Shield,v3b,FALCON1024+HMAC-SHA512+AES256GCM+DKG4of7,COMPROMISED_CTRL,150,55.97,83,CUMULATIVE,166,39862,156652,1638,1086,0.986328,0.958376,0.966961,0.96053,0.973479,99.31,100,0,0.66513,0,1,3,0,0,76,1448,0.951566,1,0.494,2,3,0,0,V3,1,1,-100,1,394.345,0,0,0,0,1,200
EDCF-Shield,v3b,FALCON1024+HMAC-SHA512+AES256GCM+DKG4of7,COMPROMISED_CTRL,150,55.97,84,CYCLE,168,480,2000,20,12,0.987261,0.951404,0.967742,0.96,0.97561,99.4,100,0,0.665132,0,1,3,0,0,76,1448,0.951648,1,0.494,2,3,0,0,V3,1,1,-100,1,399.375,0,0,0,0,2,200
EDCF-Shield,v3b,FALCON1024+HMAC-SHA512+AES256GCM+DKG4of7,COMPROMISED_CTRL,150,55.97,84,CUMULATIVE,168,40342,158652,1658,1098,0.98634,0.958394,0.96697,0.960524,0.973504,99.31,100,0,0.665132,0,1,3,0,0,76,1448,0.951648,1,0.494,2,3,0,0,V3,1,1,-100,1,399.375,0,0,0,0,1,200
EDCF-Shield,v3b,FALCON1024+HMAC-SHA512+AES256GCM+DKG4of7,COMPROMISED_CTRL,150,55.97,85,CYCLE,170,480,2000,20,14,0.986476,0.951475,0.965795,0.96,0.97166,99.3,100,0,0.665132,0,1,3,0,0,76,1448,0.951728,1,0.4941,2,3,0,0,V3,1,1,-100,1,404.41,0,0,0,0,2,200
EDCF-Shield,v3b,FALCON1024+HMAC-SHA512+AES256GCM+DKG4of7,COMPROMISED_CTRL,150,55.97,85,CUMULATIVE,170,40822,160652,1678,1112,0.986341,0.958383,0.966956,0.960518,0.973482,99.31,100,0,0.665132,0,1,3,0,0,76,1448,0.951728,1,0.4941,2,3,0,0,V3,1,1,-100,1,404.41,0,0,0,0,1,200
EDCF-Shield,v3b,FALCON1024+HMAC-SHA512+AES256GCM+DKG4of7,COMPROMISED_CTRL,150,55.97,86,CYCLE,172,480,2000,20,14,0.986476,0.951544,0.965795,0.96,0.97166,99.3,100,0,0.665132,0,1,3,0,0,76,1448,0.951806,1,0.4942,2,3,0,0,V3,1,1,-100,1,409.445,0,0,0,0,2,200
EDCF-Shield,v3b,FALCON1024+HMAC-SHA512+AES256GCM+DKG4of7,COMPROMISED_CTRL,150,55.97,86,CUMULATIVE,172,41302,162652,1698,1126,0.986343,0.958371,0.966943,0.960512,0.973461,99.31,100,0,0.665132,0,1,3,0,0,76,1448,0.951806,1,0.4942,2,3,0,0,V3,1,1,-100,1,409.445,0,0,0,0,1,200
EDCF-Shield,v3b,FALCON1024+HMAC-SHA512+AES256GCM+DKG4of7,COMPROMISED_CTRL,150,55.97,87,CYCLE,174,480,2000,20,12,0.987261,0.951639,0.967742,0.96,0.97561,99.4,100,0,0.665134,0,1,3,0,0,76,1448,0.951883,1,0.4943,2,3,0,0,V3,1,1,-100,1,414.475,0,0,0,0,2,200
EDCF-Shield,v3b,FALCON1024+HMAC-SHA512+AES256GCM+DKG4of7,COMPROMISED_CTRL,150,55.97,87,CUMULATIVE,174,41782,164652,1718,1138,0.986354,0.958389,0.966952,0.960506,0.973486,99.31,100,0,0.665134,0,1,3,0,0,76,1448,0.951883,1,0.4943,2,3,0,0,V3,1,1,-100,1,414.475,0,0,0,0,1,200
EDCF-Shield,v3b,FALCON1024+HMAC-SHA512+AES256GCM+DKG4of7,COMPROMISED_CTRL,150,55.97,88,CYCLE,176,480,2000,20,14,0.986476,0.951704,0.965795,0.96,0.97166,99.3,100,0,0.665134,0,1,3,0,0,76,1448,0.951957,1,0.4943,2,3,0,0,V3,1,1,-100,1,419.51,0,0,0,0,2,200
EDCF-Shield,v3b,FALCON1024+HMAC-SHA512+AES256GCM+DKG4of7,COMPROMISED_CTRL,150,55.97,88,CUMULATIVE,176,42262,166652,1738,1152,0.986355,0.958377,0.966939,0.9605,0.973465,99.31,100,0,0.665134,0,1,3,0,0,76,1448,0.951957,1,0.4943,2,3,0,0,V3,1,1,-100,1,419.51,0,0,0,0,1,200
EDCF-Shield,v3b,FALCON1024+HMAC-SHA512+AES256GCM+DKG4of7,COMPROMISED_CTRL,150,55.97,89,CYCLE,178,480,2000,20,14,0.986476,0.951768,0.965795,0.96,0.97166,99.3,100,0,0.665134,0,1,3,0,0,76,1448,0.95203,1,0.4944,2,3,0,0,V3,1,1,-100,1,424.545,0,0,0,0,2,200
EDCF-Shield,v3b,FALCON1024+HMAC-SHA512+AES256GCM+DKG4of7,COMPROMISED_CTRL,150,55.97,89,CUMULATIVE,178,42742,168652,1758,1166,0.986357,0.958366,0.966926,0.960494,0.973444,99.31,100,0,0.665134,0,1,3,0,0,76,1448,0.95203,1,0.4944,2,3,0,0,V3,1,1,-100,1,424.545,0,0,0,0,1,200
EDCF-Shield,v3b,FALCON1024+HMAC-SHA512+AES256GCM+DKG4of7,COMPROMISED_CTRL,150,55.97,90,CYCLE,180,480,2000,20,12,0.987261,0.951858,0.967742,0.96,0.97561,99.4,100,0,0.665136,0,1,3,0,0,76,1448,0.952102,1,0.4944,2,3,0,0,V3,1,1,-100,1,429.575,0,0,0,0,2,200
EDCF-Shield,v3b,FALCON1024+HMAC-SHA512+AES256GCM+DKG4of7,COMPROMISED_CTRL,150,55.97,90,CUMULATIVE,180,43222,170652,1778,1178,0.986367,0.958383,0.966935,0.960489,0.973468,99.31,100,0,0.665136,0,1,3,0,0,76,1448,0.952102,1,0.4944,2,3,0,0,V3,1,1,-100,1,429.575,0,0,0,0,1,200
EDCF-Shield,v3b,FALCON1024+HMAC-SHA512+AES256GCM+DKG4of7,COMPROMISED_CTRL,150,55.97,91,CYCLE,182,480,2000,20,14,0.986476,0.951919,0.965795,0.96,0.97166,99.3,100,0,0.665136,0,1,3,0,0,76,1448,0.952171,1,0.4945,2,3,0,0,V3,1,1,-100,1,434.61,0,0,0,0,2,200
EDCF-Shield,v3b,FALCON1024+HMAC-SHA512+AES256GCM+DKG4of7,COMPROMISED_CTRL,150,55.97,91,CUMULATIVE,182,43702,172652,1798,1192,0.986368,0.958373,0.966923,0.960484,0.973449,99.31,100,0,0.665136,0,1,3,0,0,76,1448,0.952171,1,0.4945,2,3,0,0,V3,1,1,-100,1,434.61,0,0,0,0,1,200
EDCF-Shield,v3b,FALCON1024+HMAC-SHA512+AES256GCM+DKG4of7,COMPROMISED_CTRL,150,55.97,92,CYCLE,184,480,2000,20,14,0.986476,0.951979,0.965795,0.96,0.97166,99.3,100,0,0.665136,0,1,3,0,0,76,1448,0.952239,1,0.4946,2,3,0,0,V3,1,1,-100,1,439.645,0,0,0,0,2,200
EDCF-Shield,v3b,FALCON1024+HMAC-SHA512+AES256GCM+DKG4of7,COMPROMISED_CTRL,150,55.97,92,CUMULATIVE,184,44182,174652,1818,1206,0.98637,0.958362,0.96691,0.960478,0.973429,99.31,100,0,0.665136,0,1,3,0,0,76,1448,0.952239,1,0.4946,2,3,0,0,V3,1,1,-100,1,439.645,0,0,0,0,1,200
EDCF-Shield,v3b,FALCON1024+HMAC-SHA512+AES256GCM+DKG4of7,COMPROMISED_CTRL,150,55.97,93,CYCLE,186,480,2000,20,12,0.987261,0.952063,0.967742,0.96,0.97561,99.4,100,0,0.665138,0,1,3,0,0,76,1448,0.952306,1,0.4946,2,3,0,0,V3,1,1,-100,1,444.675,0,0,0,0,2,200
EDCF-Shield,v3b,FALCON1024+HMAC-SHA512+AES256GCM+DKG4of7,COMPROMISED_CTRL,150,55.97,93,CUMULATIVE,186,44662,176652,1838,1218,0.98638,0.958378,0.966919,0.960473,0.973452,99.32,100,0,0.665138,0,1,3,0,0,76,1448,0.952306,1,0.4946,2,3,0,0,V3,1,1,-100,1,444.675,0,0,0,0,1,200
EDCF-Shield,v3b,FALCON1024+HMAC-SHA512+AES256GCM+DKG4of7,COMPROMISED_CTRL,150,55.97,94,CYCLE,188,480,2000,20,14,0.986476,0.95212,0.965795,0.96,0.97166,99.3,100,0,0.665138,0,1,3,0,0,76,1448,0.952371,1,0.4947,2,3,0,0,V3,1,1,-100,1,449.71,0,0,0,0,2,200
EDCF-Shield,v3b,FALCON1024+HMAC-SHA512+AES256GCM+DKG4of7,COMPROMISED_CTRL,150,55.97,94,CUMULATIVE,188,45142,178652,1858,1232,0.986381,0.958368,0.966907,0.960468,0.973433,99.32,100,0,0.665138,0,1,3,0,0,76,1448,0.952371,1,0.4947,2,3,0,0,V3,1,1,-100,1,449.71,0,0,0,0,1,200
EDCF-Shield,v3b,FALCON1024+HMAC-SHA512+AES256GCM+DKG4of7,COMPROMISED_CTRL,150,55.97,95,CYCLE,190,480,2000,20,14,0.986476,0.952175,0.965795,0.96,0.97166,99.3,100,0,0.665137,0,1,3,0,0,76,1448,0.952435,1,0.4947,2,3,0,0,V3,1,1,-100,1,454.745,0,0,0,0,2,200
EDCF-Shield,v3b,FALCON1024+HMAC-SHA512+AES256GCM+DKG4of7,COMPROMISED_CTRL,150,55.97,95,CUMULATIVE,190,45622,180652,1878,1246,0.986382,0.958358,0.966896,0.960463,0.973415,99.32,100,0,0.665137,0,1,3,0,0,76,1448,0.952435,1,0.4947,2,3,0,0,V3,1,1,-100,1,454.745,0,0,0,0,1,200
EDCF-Shield,v3b,FALCON1024+HMAC-SHA512+AES256GCM+DKG4of7,COMPROMISED_CTRL,150,55.97,96,CYCLE,192,480,2000,20,12,0.987261,0.952255,0.967742,0.96,0.97561,99.4,100,0,0.66514,0,1,3,0,0,76,1448,0.952497,1,0.4948,2,3,0,0,V3,1,1,-100,1,459.775,0,0,0,0,2,200
EDCF-Shield,v3b,FALCON1024+HMAC-SHA512+AES256GCM+DKG4of7,COMPROMISED_CTRL,150,55.97,96,CUMULATIVE,192,46102,182652,1898,1258,0.986391,0.958374,0.966904,0.960458,0.973437,99.32,100,0,0.66514,0,1,3,0,0,76,1448,0.952497,1,0.4948,2,3,0,0,V3,1,1,-100,1,459.775,0,0,0,0,1,200
EDCF-Shield,v3b,FALCON1024+HMAC-SHA512+AES256GCM+DKG4of7,COMPROMISED_CTRL,150,55.97,97,CYCLE,194,480,2000,20,14,0.986476,0.952308,0.965795,0.96,0.97166,99.3,100,0,0.665139,0,1,3,0,0,76,1448,0.952559,1,0.4948,2,3,0,0,V3,1,1,-100,1,464.81,0,0,0,0,2,200
EDCF-Shield,v3b,FALCON1024+HMAC-SHA512+AES256GCM+DKG4of7,COMPROMISED_CTRL,150,55.97,97,CUMULATIVE,194,46582,184652,1918,1272,0.986392,0.958364,0.966893,0.960454,0.973419,99.32,100,0,0.665139,0,1,3,0,0,76,1448,0.952559,1,0.4948,2,3,0,0,V3,1,1,-100,1,464.81,0,0,0,0,1,200
EDCF-Shield,v3b,FALCON1024+HMAC-SHA512+AES256GCM+DKG4of7,COMPROMISED_CTRL,150,55.97,98,CYCLE,196,480,2000,20,14,0.986476,0.95236,0.965795,0.96,0.97166,99.3,100,0,0.665139,0,1,3,0,0,76,1448,0.952619,1,0.4949,2,3,0,0,V3,1,1,-100,1,469.845,0,0,0,0,2,200
EDCF-Shield,v3b,FALCON1024+HMAC-SHA512+AES256GCM+DKG4of7,COMPROMISED_CTRL,150,55.97,98,CUMULATIVE,196,47062,186652,1938,1286,0.986393,0.958354,0.966882,0.960449,0.973401,99.32,100,0,0.665139,0,1,3,0,0,76,1448,0.952619,1,0.4949,2,3,0,0,V3,1,1,-100,1,469.845,0,0,0,0,1,200
EDCF-Shield,v3b,FALCON1024+HMAC-SHA512+AES256GCM+DKG4of7,COMPROMISED_CTRL,150,55.97,99,CYCLE,198,480,2000,20,12,0.987261,0.952436,0.967742,0.96,0.97561,99.4,100,0,0.665141,0,1,3,0,0,76,1448,0.952677,1,0.4949,2,3,0,0,V3,1,1,-100,1,474.875,0,0,0,0,2,200
EDCF-Shield,v3b,FALCON1024+HMAC-SHA512+AES256GCM+DKG4of7,COMPROMISED_CTRL,150,55.97,99,CUMULATIVE,198,47542,188652,1958,1298,0.986402,0.958369,0.96689,0.960444,0.973423,99.32,100,0,0.665141,0,1,3,0,0,76,1448,0.952677,1,0.4949,2,3,0,0,V3,1,1,-100,1,474.875,0,0,0,0,1,200
EDCF-Shield,v3b,FALCON1024+HMAC-SHA512+AES256GCM+DKG4of7,COMPROMISED_CTRL,150,55.97,100,CYCLE,200,480,2000,20,14,0.986476,0.952486,0.965795,0.96,0.97166,99.3,100,0,0.665141,0,1,3,0,0,76,1448,0.952735,1,0.495,2,3,0,0,V3,1,1,-100,1,479.91,0,0,0,0,2,200
EDCF-Shield,v3b,FALCON1024+HMAC-SHA512+AES256GCM+DKG4of7,COMPROMISED_CTRL,150,55.97,100,CUMULATIVE,200,48022,190652,1978,1312,0.986403,0.95836,0.966879,0.96044,0.973406,99.32,100,0,0.665141,0,1,3,0,0,76,1448,0.952735,1,0.495,2,3,0,0,V3,1,1,-100,1,479.91,0,0,0,0,1,200
EDCF-Shield,v3b,FALCON1024+HMAC-SHA512+AES256GCM+DKG4of7,COMPROMISED_CTRL,150,55.97,101,CYCLE,202,480,2000,20,14,0.986476,0.952534,0.965795,0.96,0.97166,99.3,100,0,0.665141,0,1,3,0,0,76,1448,0.952791,1,0.495,2,3,0,0,V3,1,1,-100,1,484.945,0,0,0,0,2,200
EDCF-Shield,v3b,FALCON1024+HMAC-SHA512+AES256GCM+DKG4of7,COMPROMISED_CTRL,150,55.97,101,CUMULATIVE,202,48502,192652,1998,1326,0.986404,0.95835,0.966869,0.960436,0.973388,99.32,100,0,0.665141,0,1,3,0,0,76,1448,0.952791,1,0.495,2,3,0,0,V3,1,1,-100,1,484.945,0,0,0,0,1,200
EDCF-Shield,v3b,FALCON1024+HMAC-SHA512+AES256GCM+DKG4of7,COMPROMISED_CTRL,150,55.97,102,CYCLE,204,480,2000,20,12,0.987261,0.952606,0.967742,0.96,0.97561,99.4,100,0,0.665143,0,1,3,0,0,76,1448,0.952846,1,0.4951,2,3,0,0,V3,1,1,-100,1,489.975,0,0,0,0,2,200
EDCF-Shield,v3b,FALCON1024+HMAC-SHA512+AES256GCM+DKG4of7,COMPROMISED_CTRL,150,55.97,102,CUMULATIVE,204,48982,194652,2018,1338,0.986412,0.958365,0.966877,0.960431,0.97341,99.32,100,0,0.665143,0,1,3,0,0,76,1448,0.952846,1,0.4951,2,3,0,0,V3,1,1,-100,1,489.975,0,0,0,0,1,200
EDCF-Shield,v3b,FALCON1024+HMAC-SHA512+AES256GCM+DKG4of7,COMPROMISED_CTRL,150,55.97,103,CYCLE,206,480,2000,20,14,0.986476,0.952652,0.965795,0.96,0.97166,99.3,100,0,0.665142,0,1,3,0,0,76,1448,0.9529,1,0.4951,2,3,0,0,V3,1,1,-100,1,495.01,0,0,0,0,2,200
EDCF-Shield,v3b,FALCON1024+HMAC-SHA512+AES256GCM+DKG4of7,COMPROMISED_CTRL,150,55.97,103,CUMULATIVE,206,49462,196652,2038,1352,0.986413,0.958356,0.966867,0.960427,0.973393,99.32,100,0,0.665142,0,1,3,0,0,76,1448,0.9529,1,0.4951,2,3,0,0,V3,1,1,-100,1,495.01,0,0,0,0,1,200
EDCF-Shield,v3b,FALCON1024+HMAC-SHA512+AES256GCM+DKG4of7,COMPROMISED_CTRL,150,55.97,104,CYCLE,208,480,2000,20,14,0.986476,0.952698,0.965795,0.96,0.97166,99.3,100,0,0.665142,0,1,3,0,0,76,1448,0.952953,1,0.4952,2,3,0,0,V3,1,1,-100,1,500.045,0,0,0,0,2,200
EDCF-Shield,v3b,FALCON1024+HMAC-SHA512+AES256GCM+DKG4of7,COMPROMISED_CTRL,150,55.97,104,CUMULATIVE,208,49942,198652,2058,1366,0.986414,0.958346,0.966856,0.960423,0.973376,99.32,100,0,0.665142,0,1,3,0,0,76,1448,0.952953,1,0.4952,2,3,0,0,V3,1,1,-100,1,500.045,0,0,0,0,1,200
EDCF-Shield,v3b,FALCON1024+HMAC-SHA512+AES256GCM+DKG4of7,COMPROMISED_CTRL,150,55.97,105,CYCLE,210,480,2000,20,12,0.987261,0.952766,0.967742,0.96,0.97561,99.4,100,0,0.665144,0,1,3,0,0,76,1448,0.953005,1,0.4952,2,3,0,0,V3,1,1,-100,1,505.075,0,0,0,0,2,200
EDCF-Shield,v3b,FALCON1024+HMAC-SHA512+AES256GCM+DKG4of7,COMPROMISED_CTRL,150,55.97,105,CUMULATIVE,210,50422,200652,2078,1378,0.986422,0.958361,0.966865,0.960419,0.973398,99.32,100,0,0.665144,0,1,3,0,0,76,1448,0.953005,1,0.4952,2,3,0,0,V3,1,1,-100,1,505.075,0,0,0,0,1,200
EDCF-Shield,v3b,FALCON1024+HMAC-SHA512+AES256GCM+DKG4of7,COMPROMISED_CTRL,150,55.97,106,CYCLE,212,480,2000,20,14,0.986476,0.95281,0.965795,0.96,0.97166,99.3,100,0,0.665144,0,1,3,0,0,76,1448,0.953056,1,0.4953,2,3,0,0,V3,1,1,-100,1,510.11,0,0,0,0,2,200
EDCF-Shield,v3b,FALCON1024+HMAC-SHA512+AES256GCM+DKG4of7,COMPROMISED_CTRL,150,55.97,106,CUMULATIVE,212,50902,202652,2098,1392,0.986423,0.958352,0.966855,0.960415,0.973381,99.32,100,0,0.665144,0,1,3,0,0,76,1448,0.953056,1,0.4953,2,3,0,0,V3,1,1,-100,1,510.11,0,0,0,0,1,200
EDCF-Shield,v3b,FALCON1024+HMAC-SHA512+AES256GCM+DKG4of7,COMPROMISED_CTRL,150,55.97,107,CYCLE,214,480,2000,20,14,0.986476,0.952853,0.965795,0.96,0.97166,99.3,100,0,0.665143,0,1,3,0,0,76,1448,0.953106,1,0.4953,2,3,0,0,V3,1,1,-100,1,515.145,0,0,0,0,2,200
EDCF-Shield,v3b,FALCON1024+HMAC-SHA512+AES256GCM+DKG4of7,COMPROMISED_CTRL,150,55.97,107,CUMULATIVE,214,51382,204652,2118,1406,0.986423,0.958343,0.966845,0.960411,0.973365,99.32,100,0,0.665143,0,1,3,0,0,76,1448,0.953106,1,0.4953,2,3,0,0,V3,1,1,-100,1,515.145,0,0,0,0,1,200
EDCF-Shield,v3b,FALCON1024+HMAC-SHA512+AES256GCM+DKG4of7,COMPROMISED_CTRL,150,55.97,108,CYCLE,216,480,2000,20,12,0.987261,0.952918,0.967742,0.96,0.97561,99.4,100,0,0.665145,0,1,3,0,0,76,1448,0.953155,1,0.4954,2,3,0,0,V3,1,1,-100,1,520.175,0,0,0,0,2,200
EDCF-Shield,v3b,FALCON1024+HMAC-SHA512+AES256GCM+DKG4of7,COMPROMISED_CTRL,150,55.97,108,CUMULATIVE,216,51862,206652,2138,1418,0.986431,0.958357,0.966853,0.960407,0.973386,99.32,100,0,0.665145,0,1,3,0,0,76,1448,0.953155,1,0.4954,2,3,0,0,V3,1,1,-100,1,520.175,0,0,0,0,1,200
EDCF-Shield,v3b,FALCON1024+HMAC-SHA512+AES256GCM+DKG4of7,COMPROMISED_CTRL,150,55.97,109,CYCLE,218,480,2000,20,14,0.986476,0.952959,0.965795,0.96,0.97166,99.3,100,0,0.665145,0,1,3,0,0,76,1448,0.953203,1,0.4954,2,3,0,0,V3,1,1,-100,1,525.21,0,0,0,0,2,200
EDCF-Shield,v3b,FALCON1024+HMAC-SHA512+AES256GCM+DKG4of7,COMPROMISED_CTRL,150,55.97,109,CUMULATIVE,218,52342,208652,2158,1432,0.986432,0.958348,0.966843,0.960404,0.97337,99.32,100,0,0.665145,0,1,3,0,0,76,1448,0.953203,1,0.4954,2,3,0,0,V3,1,1,-100,1,525.21,0,0,0,0,1,200
EDCF-Shield,v3b,FALCON1024+HMAC-SHA512+AES256GCM+DKG4of7,COMPROMISED_CTRL,150,55.97,110,CYCLE,219.5,288,1300,12,8,0.987562,0.953012,0.966443,0.96,0.972973,99.39,100,0,0.665146,0,1,3,0,0,76,1448,0.95325,1,0.4966,2,3,0,0,V3,1,1,-100,1,528.48,0,0,0,0,2,200
EDCF-Shield,v3b,FALCON1024+HMAC-SHA512+AES256GCM+DKG4of7,COMPROMISED_CTRL,150,55.97,110,CUMULATIVE,219.5,52630,209952,2170,1440,0.986438,0.958352,0.966841,0.960401,0.973368,99.32,100,0,0.665146,0,1,3,0,0,76,1448,0.95325,1,0.4966,2,3,0,0,V3,1,1,-100,1,528.48,0,0,0,0,1,200
