# EDCF-Shield (our method) results,,,,,,,,,,,,,,,,,,,,,,,,,,,,,,,,,,,,,,,,,,,,,,,
# MCC DECREASES with attack% (Eq 3.4 mobility camouflage),,,,,,,,,,,,,,,,,,,,,,,,,,,,,,,,,,,,,,,,,,,,,,,
method,scenario,key_type,atk_key_type,atk_count,atk_pct,cycle,row_type,time_s,TP,TN,FP,FN,Accuracy,MCC,F1,Precision,Recall,DetRate_pct,PDR_pct,ch_load_pct,CFSR,PAIR,CDR,EML_trusted_ms,EML_bypass_ms,EML_safe_ms,SO_V2I_bytes,SO_RSU2BC_bytes,MCR,CCR,BLP_throughput_tx_s,BLP_merkle_ms,BLP_multisig_ms,KRP_rekey_ms,KRP_demote_ms,label,detected,hmac_valid_pct,delta_tm_rate,gamma,eps_topo,d_prop,eta_c,phi_v1_net,phi_v2_net,phi_v3_net,n_vehicles_active
EDCF-Shield,v1a,FALCON1024+HMAC-SHA512+AES256GCM+DKG4of7,STOLEN_KEY,0,0,1,CYCLE,2,2000,0,0,0,1,0.5,1,1,1,0,100,0,0,0,1,0,0,0,76,1448,0,1,0,0,0,0,0,benign,0,1,-100,1,0,0,0,0,0,0,200
EDCF-Shield,v1a,FALCON1024+HMAC-SHA512+AES256GCM+DKG4of7,STOLEN_KEY,0,0,1,CUMULATIVE,2,2000,0,0,0,1,0.5,1,1,1,0,100,0,0,0,1,0,0,0,76,1448,0,1,0,0,0,0,0,benign,0,1,-100,1,0,0,0,0,0,0,200
EDCF-Shield,v1a,FALCON1024+HMAC-SHA512+AES256GCM+DKG4of7,STOLEN_KEY,0,0,2,CYCLE,4,2000,0,0,0,1,0.5,1,1,1,0,100,0,0,0,1,0,0,0,76,1448,0.5,1,0.25,2,0,0,0,benign,0,1,-100,1,0,0,0,0,0,0,200
EDCF-Shield,v1a,FALCON1024+HMAC-SHA512+AES256GCM+DKG4of7,STOLEN_KEY,0,0,2,CUMULATIVE,4,4000,0,0,0,1,0.5,1,1,1,0,100,0,0,0,1,0,0,0,76,1448,0.5,1,0.25,2,0,0,0,benign,0,1,-100,1,0,0,0,0,0,0,200
EDCF-Shield,v1a,FALCON1024+HMAC-SHA512+AES256GCM+DKG4of7,STOLEN_KEY,0,0,3,CYCLE,6,2000,0,0,0,1,0.5,1,1,1,0,100,0,0,0,1,0,0,0,76,1448,0.5,1,0.3333,2,0,0,0,benign,0,1,-100,1,0,0,0,0,0,0,200
EDCF-Shield,v1a,FALCON1024+HMAC-SHA512+AES256GCM+DKG4of7,STOLEN_KEY,0,0,3,CUMULATIVE,6,6000,0,0,0,1,0.5,1,1,1,0,100,0,0,0,1,0,0,0,76,1448,0.5,1,0.3333,2,0,0,0,benign,0,1,-100,1,0,0,0,0,0,0,200
EDCF-Shield,v1a,FALCON1024+HMAC-SHA512+AES256GCM+DKG4of7,STOLEN_KEY,0,0,4,CYCLE,8,2000,0,0,0,1,0.5,1,1,1,0,100,0,0,0,1,0,0,0,76,1448,0.5,1,0.375,2,0,0,0,benign,0,1,-100,1,0,0,0,0,0,0,200
EDCF-Shield,v1a,FALCON1024+HMAC-SHA512+AES256GCM+DKG4of7,STOLEN_KEY,0,0,4,CUMULATIVE,8,8000,0,0,0,1,0.5,1,1,1,0,100,0,0,0,1,0,0,0,76,1448,0.5,1,0.375,2,0,0,0,benign,0,1,-100,1,0,0,0,0,0,0,200
EDCF-Shield,v1a,FALCON1024+HMAC-SHA512+AES256GCM+DKG4of7,STOLEN_KEY,0,0,5,CYCLE,10,2000,0,0,0,1,0.5,1,1,1,0,100,0,0,0,1,0,0,0,76,1448,0.5,1,0.4,2,0,0,0,benign,0,1,-100,1,0,0,0,0,0,0,200
EDCF-Shield,v1a,FALCON1024+HMAC-SHA512+AES256GCM+DKG4of7,STOLEN_KEY,0,0,5,CUMULATIVE,10,10000,0,0,0,1,0.5,1,1,1,0,100,0,0,0,1,0,0,0,76,1448,0.5,1,0.4,2,0,0,0,benign,0,1,-100,1,0,0,0,0,0,0,200
EDCF-Shield,v1a,FALCON1024+HMAC-SHA512+AES256GCM+DKG4of7,STOLEN_KEY,0,0,6,CYCLE,12,2000,0,0,0,1,0.5,1,1,1,0,100,0,0,0,1,0,0,0,76,1448,0.5,1,0.4167,2,0,0,0,benign,0,1,-100,1,0,0,0,0,0,0,200
EDCF-Shield,v1a,FALCON1024+HMAC-SHA512+AES256GCM+DKG4of7,STOLEN_KEY,0,0,6,CUMULATIVE,12,12000,0,0,0,1,0.5,1,1,1,0,100,0,0,0,1,0,0,0,76,1448,0.5,1,0.4167,2,0,0,0,benign,0,1,-100,1,0,0,0,0,0,0,200
EDCF-Shield,v1a,FALCON1024+HMAC-SHA512+AES256GCM+DKG4of7,STOLEN_KEY,0,0,7,CYCLE,14,2000,0,0,0,1,0.5,1,1,1,0,100,0,0,0,1,0,0,0,76,1448,0.5,1,0.4286,2,0,0,0,benign,0,1,-100,1,0,0,0,0,0,0,200
EDCF-Shield,v1a,FALCON1024+HMAC-SHA512+AES256GCM+DKG4of7,STOLEN_KEY,0,0,7,CUMULATIVE,14,14000,0,0,0,1,0.5,1,1,1,0,100,0,0,0,1,0,0,0,76,1448,0.5,1,0.4286,2,0,0,0,benign,0,1,-100,1,0,0,0,0,0,0,200
EDCF-Shield,v1a,FALCON1024+HMAC-SHA512+AES256GCM+DKG4of7,STOLEN_KEY,0,0,8,CYCLE,16,2000,0,0,0,1,0.5,1,1,1,0,100,0,0,0,1,0,0,0,76,1448,0.5,1,0.4375,2,0,0,0,benign,0,1,-100,1,0,0,0,0,0,0,200
EDCF-Shield,v1a,FALCON1024+HMAC-SHA512+AES256GCM+DKG4of7,STOLEN_KEY,0,0,8,CUMULATIVE,16,16000,0,0,0,1,0.5,1,1,1,0,100,0,0,0,1,0,0,0,76,1448,0.5,1,0.4375,2,0,0,0,benign,0,1,-100,1,0,0,0,0,0,0,200
EDCF-Shield,v1a,FALCON1024+HMAC-SHA512+AES256GCM+DKG4of7,STOLEN_KEY,0,0,9,CYCLE,18,2000,0,0,0,1,0.5,1,1,1,0,100,0,0,0,1,0,0,0,76,1448,0.5,1,0.4444,2,0,0,0,benign,0,1,-100,1,0,0,0,0,0,0,200
EDCF-Shield,v1a,FALCON1024+HMAC-SHA512+AES256GCM+DKG4of7,STOLEN_KEY,0,0,9,CUMULATIVE,18,18000,0,0,0,1,0.5,1,1,1,0,100,0,0,0,1,0,0,0,76,1448,0.5,1,0.4444,2,0,0,0,benign,0,1,-100,1,0,0,0,0,0,0,200
EDCF-Shield,v1a,FALCON1024+HMAC-SHA512+AES256GCM+DKG4of7,STOLEN_KEY,0,0,10,CYCLE,20,2000,0,0,0,1,0.5,1,1,1,0,100,0,0,0,1,0,0,0,76,1448,0.5,1,0.45,2,0,0,0,benign,0,1,-100,1,0,0,0,0,0,0,200
EDCF-Shield,v1a,FALCON1024+HMAC-SHA512+AES256GCM+DKG4of7,STOLEN_KEY,0,0,10,CUMULATIVE,20,20000,0,0,0,1,0.5,1,1,1,0,100,0,0,0,1,0,0,0,76,1448,0.5,1,0.45,2,0,0,0,benign,0,1,-100,1,0,0,0,0,0,0,200
EDCF-Shield,v1a,FALCON1024+HMAC-SHA512+AES256GCM+DKG4of7,STOLEN_KEY,0,0,11,CYCLE,22,2000,0,0,0,1,0.5,1,1,1,0,100,0,0,0,1,0,0,0,76,1448,0.5,1,0.4545,2,0,0,0,benign,0,1,-100,1,0,0,0,0,0,0,200
EDCF-Shield,v1a,FALCON1024+HMAC-SHA512+AES256GCM+DKG4of7,STOLEN_KEY,0,0,11,CUMULATIVE,22,22000,0,0,0,1,0.5,1,1,1,0,100,0,0,0,1,0,0,0,76,1448,0.5,1,0.4545,2,0,0,0,benign,0,1,-100,1,0,0,0,0,0,0,200
EDCF-Shield,v1a,FALCON1024+HMAC-SHA512+AES256GCM+DKG4of7,STOLEN_KEY,0,0,12,CYCLE,24,2000,0,0,0,1,0.5,1,1,1,0,100,0,0,0,1,0,0,0,76,1448,0.5,1,0.4583,2,0,0,0,benign,0,1,-100,1,0,0,0,0,0,0,200
EDCF-Shield,v1a,FALCON1024+HMAC-SHA512+AES256GCM+DKG4of7,STOLEN_KEY,0,0,12,CUMULATIVE,24,24000,0,0,0,1,0.5,1,1,1,0,100,0,0,0,1,0,0,0,76,1448,0.5,1,0.4583,2,0,0,0,benign,0,1,-100,1,0,0,0,0,0,0,200
EDCF-Shield,v1a,FALCON1024+HMAC-SHA512+AES256GCM+DKG4of7,STOLEN_KEY,0,0,13,CYCLE,26,2000,0,0,0,1,0.5,1,1,1,0,100,0,0,0,1,0,0,0,76,1448,0.5,1,0.4615,2,0,0,0,benign,0,1,-100,1,0,0,0,0,0,0,200
EDCF-Shield,v1a,FALCON1024+HMAC-SHA512+AES256GCM+DKG4of7,STOLEN_KEY,0,0,13,CUMULATIVE,26,26000,0,0,0,1,0.5,1,1,1,0,100,0,0,0,1,0,0,0,76,1448,0.5,1,0.4615,2,0,0,0,benign,0,1,-100,1,0,0,0,0,0,0,200
EDCF-Shield,v1a,FALCON1024+HMAC-SHA512+AES256GCM+DKG4of7,STOLEN_KEY,0,0,14,CYCLE,28,2000,0,0,0,1,0.5,1,1,1,0,100,0,0,0,1,0,0,0,76,1448,0.5,1,0.4643,2,0,0,0,benign,0,1,-100,1,0,0,0,0,0,0,200
EDCF-Shield,v1a,FALCON1024+HMAC-SHA512+AES256GCM+DKG4of7,STOLEN_KEY,0,0,14,CUMULATIVE,28,28000,0,0,0,1,0.5,1,1,1,0,100,0,0,0,1,0,0,0,76,1448,0.5,1,0.4643,2,0,0,0,benign,0,1,-100,1,0,0,0,0,0,0,200
EDCF-Shield,v1a,FALCON1024+HMAC-SHA512+AES256GCM+DKG4of7,STOLEN_KEY,0,0,15,CYCLE,30,2000,0,0,0,1,0.5,1,1,1,0,100,0,0,0,1,0,0,0,76,1448,0.5,1,0.4667,2,0,0,0,benign,0,1,-100,1,0,0,0,0,0,0,200
EDCF-Shield,v1a,FALCON1024+HMAC-SHA512+AES256GCM+DKG4of7,STOLEN_KEY,0,0,15,CUMULATIVE,30,30000,0,0,0,1,0.5,1,1,1,0,100,0,0,0,1,0,0,0,76,1448,0.5,1,0.4667,2,0,0,0,benign,0,1,-100,1,0,0,0,0,0,0,200
EDCF-Shield,v1a,FALCON1024+HMAC-SHA512+AES256GCM+DKG4of7,STOLEN_KEY,0,0,16,CYCLE,32,2000,0,0,0,1,0.5,1,1,1,0,100,0,0,0,1,0,0,0,76,1448,0.5,1,0.4688,2,0,0,0,benign,0,1,-100,1,0,0,0,0,0,0,200
EDCF-Shield,v1a,FALCON1024+HMAC-SHA512+AES256GCM+DKG4of7,STOLEN_KEY,0,0,16,CUMULATIVE,32,32000,0,0,0,1,0.5,1,1,1,0,100,0,0,0,1,0,0,0,76,1448,0.5,1,0.4688,2,0,0,0,benign,0,1,-100,1,0,0,0,0,0,0,200
EDCF-Shield,v1a,FALCON1024+HMAC-SHA512+AES256GCM+DKG4of7,STOLEN_KEY,0,0,17,CYCLE,34,2000,0,0,0,1,0.5,1,1,1,0,100,0,0,0,1,0,0,0,76,1448,0.5,1,0.4706,2,0,0,0,benign,0,1,-100,1,0,0,0,0,0,0,200
EDCF-Shield,v1a,FALCON1024+HMAC-SHA512+AES256GCM+DKG4of7,STOLEN_KEY,0,0,17,CUMULATIVE,34,34000,0,0,0,1,0.5,1,1,1,0,100,0,0,0,1,0,0,0,76,1448,0.5,1,0.4706,2,0,0,0,benign,0,1,-100,1,0,0,0,0,0,0,200
EDCF-Shield,v1a,FALCON1024+HMAC-SHA512+AES256GCM+DKG4of7,STOLEN_KEY,0,0,18,CYCLE,36,2000,0,0,0,1,0.5,1,1,1,0,100,0,0,0,1,0,0,0,76,1448,0.5,1,0.4722,2,0,0,0,benign,0,1,-100,1,0,0,0,0,0,0,200
EDCF-Shield,v1a,FALCON1024+HMAC-SHA512+AES256GCM+DKG4of7,STOLEN_KEY,0,0,18,CUMULATIVE,36,36000,0,0,0,1,0.5,1,1,1,0,100,0,0,0,1,0,0,0,76,1448,0.5,1,0.4722,2,0,0,0,benign,0,1,-100,1,0,0,0,0,0,0,200
EDCF-Shield,v1a,FALCON1024+HMAC-SHA512+AES256GCM+DKG4of7,STOLEN_KEY,0,0,19,CYCLE,38,2000,0,0,0,1,0.5,1,1,1,0,100,0,0,0,1,0,0,0,76,1448,0.5,1,0.4737,2,0,0,0,benign,0,1,-100,1,0,0,0,0,0,0,200
EDCF-Shield,v1a,FALCON1024+HMAC-SHA512+AES256GCM+DKG4of7,STOLEN_KEY,0,0,19,CUMULATIVE,38,38000,0,0,0,1,0.5,1,1,1,0,100,0,0,0,1,0,0,0,76,1448,0.5,1,0.4737,2,0,0,0,benign,0,1,-100,1,0,0,0,0,0,0,200
EDCF-Shield,v1a,FALCON1024+HMAC-SHA512+AES256GCM+DKG4of7,STOLEN_KEY,0,0,20,CYCLE,40,2000,0,0,0,1,0.5,1,1,1,0,100,0,0,0,1,0,0,0,76,1448,0.5,1,0.475,2,0,0,0,benign,0,1,-100,1,0,0,0,0,0,0,200
EDCF-Shield,v1a,FALCON1024+HMAC-SHA512+AES256GCM+DKG4of7,STOLEN_KEY,0,0,20,CUMULATIVE,40,40000,0,0,0,1,0.5,1,1,1,0,100,0,0,0,1,0,0,0,76,1448,0.5,1,0.475,2,0,0,0,benign,0,1,-100,1,0,0,0,0,0,0,200
EDCF-Shield,v1a,FALCON1024+HMAC-SHA512+AES256GCM+DKG4of7,STOLEN_KEY,0,0,21,CYCLE,42,2000,0,0,0,1,0.5,1,1,1,0,100,0,0,0,1,0,0,0,76,1448,0.5,1,0.4762,2,0,0,0,benign,0,1,-100,1,0,0,0,0,0,0,200
EDCF-Shield,v1a,FALCON1024+HMAC-SHA512+AES256GCM+DKG4of7,STOLEN_KEY,0,0,21,CUMULATIVE,42,42000,0,0,0,1,0.5,1,1,1,0,100,0,0,0,1,0,0,0,76,1448,0.5,1,0.4762,2,0,0,0,benign,0,1,-100,1,0,0,0,0,0,0,200
EDCF-Shield,v1a,FALCON1024+HMAC-SHA512+AES256GCM+DKG4of7,STOLEN_KEY,0,0,22,CYCLE,44,2000,0,0,0,1,0.5,1,1,1,0,100,0,0,0,1,0,0,0,76,1448,0.5,1,0.4773,2,0,0,0,benign,0,1,-100,1,0,0,0,0,0,0,200
EDCF-Shield,v1a,FALCON1024+HMAC-SHA512+AES256GCM+DKG4of7,STOLEN_KEY,0,0,22,CUMULATIVE,44,44000,0,0,0,1,0.5,1,1,1,0,100,0,0,0,1,0,0,0,76,1448,0.5,1,0.4773,2,0,0,0,benign,0,1,-100,1,0,0,0,0,0,0,200
EDCF-Shield,v1a,FALCON1024+HMAC-SHA512+AES256GCM+DKG4of7,STOLEN_KEY,0,0,23,CYCLE,46,2000,0,0,0,1,0.5,1,1,1,0,100,0,0,0,1,0,0,0,76,1448,0.5,1,0.4783,2,0,0,0,benign,0,1,-100,1,0,0,0,0,0,0,200
EDCF-Shield,v1a,FALCON1024+HMAC-SHA512+AES256GCM+DKG4of7,STOLEN_KEY,0,0,23,CUMULATIVE,46,46000,0,0,0,1,0.5,1,1,1,0,100,0,0,0,1,0,0,0,76,1448,0.5,1,0.4783,2,0,0,0,benign,0,1,-100,1,0,0,0,0,0,0,200
EDCF-Shield,v1a,FALCON1024+HMAC-SHA512+AES256GCM+DKG4of7,STOLEN_KEY,0,0,24,CYCLE,48,2000,0,0,0,1,0.5,1,1,1,0,100,0,0,0,1,0,0,0,76,1448,0.5,1,0.4792,2,0,0,0,benign,0,1,-100,1,0,0,0,0,0,0,200
EDCF-Shield,v1a,FALCON1024+HMAC-SHA512+AES256GCM+DKG4of7,STOLEN_KEY,0,0,24,CUMULATIVE,48,48000,0,0,0,1,0.5,1,1,1,0,100,0,0,0,1,0,0,0,76,1448,0.5,1,0.4792,2,0,0,0,benign,0,1,-100,1,0,0,0,0,0,0,200
EDCF-Shield,v1a,FALCON1024+HMAC-SHA512+AES256GCM+DKG4of7,STOLEN_KEY,0,0,25,CYCLE,50,2000,0,0,0,1,0.5,1,1,1,0,100,0,0,0,1,0,0,0,76,1448,0.5,1,0.48,2,0,0,0,benign,0,1,-100,1,0,0,0,0,0,0,200
EDCF-Shield,v1a,FALCON1024+HMAC-SHA512+AES256GCM+DKG4of7,STOLEN_KEY,0,0,25,CUMULATIVE,50,50000,0,0,0,1,0.5,1,1,1,0,100,0,0,0,1,0,0,0,76,1448,0.5,1,0.48,2,0,0,0,benign,0,1,-100,1,0,0,0,0,0,0,200
EDCF-Shield,v1a,FALCON1024+HMAC-SHA512+AES256GCM+DKG4of7,STOLEN_KEY,0,0,26,CYCLE,52,2000,0,0,0,1,0.5,1,1,1,0,100,0,0,0,1,0,0,0,76,1448,0.5,1,0.4808,2,0,0,0,benign,0,1,-100,1,0,0,0,0,0,0,200
EDCF-Shield,v1a,FALCON1024+HMAC-SHA512+AES256GCM+DKG4of7,STOLEN_KEY,0,0,26,CUMULATIVE,52,52000,0,0,0,1,0.5,1,1,1,0,100,0,0,0,1,0,0,0,76,1448,0.5,1,0.4808,2,0,0,0,benign,0,1,-100,1,0,0,0,0,0,0,200
EDCF-Shield,v1a,FALCON1024+HMAC-SHA512+AES256GCM+DKG4of7,STOLEN_KEY,0,0,27,CYCLE,54,2000,0,0,0,1,0.5,1,1,1,0,100,0,0,0,1,0,0,0,76,1448,0.5,1,0.4815,2,0,0,0,benign,0,1,-100,1,0,0,0,0,0,0,200
EDCF-Shield,v1a,FALCON1024+HMAC-SHA512+AES256GCM+DKG4of7,STOLEN_KEY,0,0,27,CUMULATIVE,54,54000,0,0,0,1,0.5,1,1,1,0,100,0,0,0,1,0,0,0,76,1448,0.5,1,0.4815,2,0,0,0,benign,0,1,-100,1,0,0,0,0,0,0,200
EDCF-Shield,v1a,FALCON1024+HMAC-SHA512+AES256GCM+DKG4of7,STOLEN_KEY,0,0,28,CYCLE,56,2000,0,0,0,1,0.5,1,1,1,0,100,0,0,0,1,0,0,0,76,1448,0.5,1,0.4821,2,0,0,0,benign,0,1,-100,1,0,0,0,0,0,0,200
EDCF-Shield,v1a,FALCON1024+HMAC-SHA512+AES256GCM+DKG4of7,STOLEN_KEY,0,0,28,CUMULATIVE,56,56000,0,0,0,1,0.5,1,1,1,0,100,0,0,0,1,0,0,0,76,1448,0.5,1,0.4821,2,0,0,0,benign,0,1,-100,1,0,0,0,0,0,0,200
EDCF-Shield,v1a,FALCON1024+HMAC-SHA512+AES256GCM+DKG4of7,STOLEN_KEY,0,0,29,CYCLE,58,2000,0,0,0,1,0.5,1,1,1,0,100,0,0,0,1,0,0,0,76,1448,0.5,1,0.4828,2,0,0,0,benign,0,1,-100,1,0,0,0,0,0,0,200
EDCF-Shield,v1a,FALCON1024+HMAC-SHA512+AES256GCM+DKG4of7,STOLEN_KEY,0,0,29,CUMULATIVE,58,58000,0,0,0,1,0.5,1,1,1,0,100,0,0,0,1,0,0,0,76,1448,0.5,1,0.4828,2,0,0,0,benign,0,1,-100,1,0,0,0,0,0,0,200
EDCF-Shield,v1a,FALCON1024+HMAC-SHA512+AES256GCM+DKG4of7,STOLEN_KEY,0,0,30,CYCLE,60,2000,0,0,0,1,0.5,1,1,1,0,100,0,0,0,1,0,0,0,76,1448,0.5,1,0.4833,2,0,0,0,benign,0,1,-100,1,0,0,0,0,0,0,200
EDCF-Shield,v1a,FALCON1024+HMAC-SHA512+AES256GCM+DKG4of7,STOLEN_KEY,0,0,30,CUMULATIVE,60,60000,0,0,0,1,0.5,1,1,1,0,100,0,0,0,1,0,0,0,76,1448,0.5,1,0.4833,2,0,0,0,benign,0,1,-100,1,0,0,0,0,0,0,200
EDCF-Shield,v1a,FALCON1024+HMAC-SHA512+AES256GCM+DKG4of7,STOLEN_KEY,0,0,31,CYCLE,62,2000,0,0,0,1,0.5,1,1,1,0,100,0,0,0,1,0,0,0,76,1448,0.5,1,0.4839,2,0,0,0,benign,0,1,-100,1,0,0,0,0,0,0,200
EDCF-Shield,v1a,FALCON1024+HMAC-SHA512+AES256GCM+DKG4of7,STOLEN_KEY,0,0,31,CUMULATIVE,62,62000,0,0,0,1,0.5,1,1,1,0,100,0,0,0,1,0,0,0,76,1448,0.5,1,0.4839,2,0,0,0,benign,0,1,-100,1,0,0,0,0,0,0,200
EDCF-Shield,v1a,FALCON1024+HMAC-SHA512+AES256GCM+DKG4of7,STOLEN_KEY,0,0,32,CYCLE,64,2000,0,0,0,1,0.5,1,1,1,0,100,0,0,0,1,0,0,0,76,1448,0.5,1,0.4844,2,0,0,0,benign,0,1,-100,1,0,0,0,0,0,0,200
EDCF-Shield,v1a,FALCON1024+HMAC-SHA512+AES256GCM+DKG4of7,STOLEN_KEY,0,0,32,CUMULATIVE,64,64000,0,0,0,1,0.5,1,1,1,0,100,0,0,0,1,0,0,0,76,1448,0.5,1,0.4844,2,0,0,0,benign,0,1,-100,1,0,0,0,0,0,0,200
EDCF-Shield,v1a,FALCON1024+HMAC-SHA512+AES256GCM+DKG4of7,STOLEN_KEY,0,0,33,CYCLE,66,2000,0,0,0,1,0.5,1,1,1,0,100,0,0,0,1,0,0,0,76,1448,0.5,1,0.4848,2,0,0,0,benign,0,1,-100,1,0,0,0,0,0,0,200
EDCF-Shield,v1a,FALCON1024+HMAC-SHA512+AES256GCM+DKG4of7,STOLEN_KEY,0,0,33,CUMULATIVE,66,66000,0,0,0,1,0.5,1,1,1,0,100,0,0,0,1,0,0,0,76,1448,0.5,1,0.4848,2,0,0,0,benign,0,1,-100,1,0,0,0,0,0,0,200
EDCF-Shield,v1a,FALCON1024+HMAC-SHA512+AES256GCM+DKG4of7,STOLEN_KEY,0,0,34,CYCLE,68,2000,0,0,0,1,0.5,1,1,1,0,100,0,0,0,1,0,0,0,76,1448,0.5,1,0.4853,2,0,0,0,benign,0,1,-100,1,0,0,0,0,0,0,200
EDCF-Shield,v1a,FALCON1024+HMAC-SHA512+AES256GCM+DKG4of7,STOLEN_KEY,0,0,34,CUMULATIVE,68,68000,0,0,0,1,0.5,1,1,1,0,100,0,0,0,1,0,0,0,76,1448,0.5,1,0.4853,2,0,0,0,benign,0,1,-100,1,0,0,0,0,0,0,200
EDCF-Shield,v1a,FALCON1024+HMAC-SHA512+AES256GCM+DKG4of7,STOLEN_KEY,0,0,35,CYCLE,70,2000,0,0,0,1,0.5,1,1,1,0,100,0,0,0,1,0,0,0,76,1448,0.5,1,0.4857,2,0,0,0,benign,0,1,-100,1,0,0,0,0,0,0,200
EDCF-Shield,v1a,FALCON1024+HMAC-SHA512+AES256GCM+DKG4of7,STOLEN_KEY,0,0,35,CUMULATIVE,70,70000,0,0,0,1,0.5,1,1,1,0,100,0,0,0,1,0,0,0,76,1448,0.5,1,0.4857,2,0,0,0,benign,0,1,-100,1,0,0,0,0,0,0,200
EDCF-Shield,v1a,FALCON1024+HMAC-SHA512+AES256GCM+DKG4of7,STOLEN_KEY,0,0,36,CYCLE,72,2000,0,0,0,1,0.5,1,1,1,0,100,0,0,0,1,0,0,0,76,1448,0.5,1,0.4861,2,0,0,0,benign,0,1,-100,1,0,0,0,0,0,0,200
EDCF-Shield,v1a,FALCON1024+HMAC-SHA512+AES256GCM+DKG4of7,STOLEN_KEY,0,0,36,CUMULATIVE,72,72000,0,0,0,1,0.5,1,1,1,0,100,0,0,0,1,0,0,0,76,1448,0.5,1,0.4861,2,0,0,0,benign,0,1,-100,1,0,0,0,0,0,0,200
EDCF-Shield,v1a,FALCON1024+HMAC-SHA512+AES256GCM+DKG4of7,STOLEN_KEY,0,0,37,CYCLE,74,2000,0,0,0,1,0.5,1,1,1,0,100,0,0,0,1,0,0,0,76,1448,0.5,1,0.4865,2,0,0,0,benign,0,1,-100,1,0,0,0,0,0,0,200
EDCF-Shield,v1a,FALCON1024+HMAC-SHA512+AES256GCM+DKG4of7,STOLEN_KEY,0,0,37,CUMULATIVE,74,74000,0,0,0,1,0.5,1,1,1,0,100,0,0,0,1,0,0,0,76,1448,0.5,1,0.4865,2,0,0,0,benign,0,1,-100,1,0,0,0,0,0,0,200
EDCF-Shield,v1a,FALCON1024+HMAC-SHA512+AES256GCM+DKG4of7,STOLEN_KEY,0,0,38,CYCLE,76,2000,0,0,0,1,0.5,1,1,1,0,100,0,0,0,1,0,0,0,76,1448,0.5,1,0.4868,2,0,0,0,benign,0,1,-100,1,0,0,0,0,0,0,200
EDCF-Shield,v1a,FALCON1024+HMAC-SHA512+AES256GCM+DKG4of7,STOLEN_KEY,0,0,38,CUMULATIVE,76,76000,0,0,0,1,0.5,1,1,1,0,100,0,0,0,1,0,0,0,76,1448,0.5,1,0.4868,2,0,0,0,benign,0,1,-100,1,0,0,0,0,0,0,200
EDCF-Shield,v1a,FALCON1024+HMAC-SHA512+AES256GCM+DKG4of7,STOLEN_KEY,0,0,39,CYCLE,78,2000,0,0,0,1,0.5,1,1,1,0,100,0,0,0,1,0,0,0,76,1448,0.5,1,0.4872,2,0,0,0,benign,0,1,-100,1,0,0,0,0,0,0,200
EDCF-Shield,v1a,FALCON1024+HMAC-SHA512+AES256GCM+DKG4of7,STOLEN_KEY,0,0,39,CUMULATIVE,78,78000,0,0,0,1,0.5,1,1,1,0,100,0,0,0,1,0,0,0,76,1448,0.5,1,0.4872,2,0,0,0,benign,0,1,-100,1,0,0,0,0,0,0,200
EDCF-Shield,v1a,FALCON1024+HMAC-SHA512+AES256GCM+DKG4of7,STOLEN_KEY,0,0,40,CYCLE,80,2000,0,0,0,1,0.5,1,1,1,0,100,0,0,0,1,0,0,0,76,1448,0.5,1,0.4875,2,0,0,0,benign,0,1,-100,1,0,0,0,0,0,0,200
EDCF-Shield,v1a,FALCON1024+HMAC-SHA512+AES256GCM+DKG4of7,STOLEN_KEY,0,0,40,CUMULATIVE,80,80000,0,0,0,1,0.5,1,1,1,0,100,0,0,0,1,0,0,0,76,1448,0.5,1,0.4875,2,0,0,0,benign,0,1,-100,1,0,0,0,0,0,0,200
EDCF-Shield,v1a,FALCON1024+HMAC-SHA512+AES256GCM+DKG4of7,STOLEN_KEY,0,0,41,CYCLE,82,2000,0,0,0,1,0.5,1,1,1,0,100,0,0,0,1,0,0,0,76,1448,0.5,1,0.4878,2,0,0,0,benign,0,1,-100,1,0,0,0,0,0,0,200
EDCF-Shield,v1a,FALCON1024+HMAC-SHA512+AES256GCM+DKG4of7,STOLEN_KEY,0,0,41,CUMULATIVE,82,82000,0,0,0,1,0.5,1,1,1,0,100,0,0,0,1,0,0,0,76,1448,0.5,1,0.4878,2,0,0,0,benign,0,1,-100,1,0,0,0,0,0,0,200
EDCF-Shield,v1a,FALCON1024+HMAC-SHA512+AES256GCM+DKG4of7,STOLEN_KEY,0,0,42,CYCLE,84,2000,0,0,0,1,0.5,1,1,1,0,100,0,0,0,1,0,0,0,76,1448,0.5,1,0.4881,2,0,0,0,benign,0,1,-100,1,0,0,0,0,0,0,200
EDCF-Shield,v1a,FALCON1024+HMAC-SHA512+AES256GCM+DKG4of7,STOLEN_KEY,0,0,42,CUMULATIVE,84,84000,0,0,0,1,0.5,1,1,1,0,100,0,0,0,1,0,0,0,76,1448,0.5,1,0.4881,2,0,0,0,benign,0,1,-100,1,0,0,0,0,0,0,200
EDCF-Shield,v1a,FALCON1024+HMAC-SHA512+AES256GCM+DKG4of7,STOLEN_KEY,0,0,43,CYCLE,86,2000,0,0,0,1,0.5,1,1,1,0,100,0,0,0,1,0,0,0,76,1448,0.5,1,0.4884,2,0,0,0,benign,0,1,-100,1,0,0,0,0,0,0,200
EDCF-Shield,v1a,FALCON1024+HMAC-SHA512+AES256GCM+DKG4of7,STOLEN_KEY,0,0,43,CUMULATIVE,86,86000,0,0,0,1,0.5,1,1,1,0,100,0,0,0,1,0,0,0,76,1448,0.5,1,0.4884,2,0,0,0,benign,0,1,-100,1,0,0,0,0,0,0,200
EDCF-Shield,v1a,FALCON1024+HMAC-SHA512+AES256GCM+DKG4of7,STOLEN_KEY,0,0,44,CYCLE,88,2000,0,0,0,1,0.5,1,1,1,0,100,0,0,0,1,0,0,0,76,1448,0.5,1,0.4886,2,0,0,0,benign,0,1,-100,1,0,0,0,0,0,0,200
EDCF-Shield,v1a,FALCON1024+HMAC-SHA512+AES256GCM+DKG4of7,STOLEN_KEY,0,0,44,CUMULATIVE,88,88000,0,0,0,1,0.5,1,1,1,0,100,0,0,0,1,0,0,0,76,1448,0.5,1,0.4886,2,0,0,0,benign,0,1,-100,1,0,0,0,0,0,0,200
EDCF-Shield,v1a,FALCON1024+HMAC-SHA512+AES256GCM+DKG4of7,STOLEN_KEY,0,0,45,CYCLE,90,2000,0,0,0,1,0.5,1,1,1,0,100,0,0,0,1,0,0,0,76,1448,0.5,1,0.4889,2,0,0,0,benign,0,1,-100,1,0,0,0,0,0,0,200
EDCF-Shield,v1a,FALCON1024+HMAC-SHA512+AES256GCM+DKG4of7,STOLEN_KEY,0,0,45,CUMULATIVE,90,90000,0,0,0,1,0.5,1,1,1,0,100,0,0,0,1,0,0,0,76,1448,0.5,1,0.4889,2,0,0,0,benign,0,1,-100,1,0,0,0,0,0,0,200
EDCF-Shield,v1a,FALCON1024+HMAC-SHA512+AES256GCM+DKG4of7,STOLEN_KEY,0,0,46,CYCLE,92,2000,0,0,0,1,0.5,1,1,1,0,100,0,0,0,1,0,0,0,76,1448,0.5,1,0.4891,2,0,0,0,benign,0,1,-100,1,0,0,0,0,0,0,200
EDCF-Shield,v1a,FALCON1024+HMAC-SHA512+AES256GCM+DKG4of7,STOLEN_KEY,0,0,46,CUMULATIVE,92,92000,0,0,0,1,0.5,1,1,1,0,100,0,0,0,1,0,0,0,76,1448,0.5,1,0.4891,2,0,0,0,benign,0,1,-100,1,0,0,0,0,0,0,200
EDCF-Shield,v1a,FALCON1024+HMAC-SHA512+AES256GCM+DKG4of7,STOLEN_KEY,0,0,47,CYCLE,94,2000,0,0,0,1,0.5,1,1,1,0,100,0,0,0,1,0,0,0,76,1448,0.5,1,0.4894,2,0,0,0,benign,0,1,-100,1,0,0,0,0,0,0,200
EDCF-Shield,v1a,FALCON1024+HMAC-SHA512+AES256GCM+DKG4of7,STOLEN_KEY,0,0,47,CUMULATIVE,94,94000,0,0,0,1,0.5,1,1,1,0,100,0,0,0,1,0,0,0,76,1448,0.5,1,0.4894,2,0,0,0,benign,0,1,-100,1,0,0,0,0,0,0,200
EDCF-Shield,v1a,FALCON1024+HMAC-SHA512+AES256GCM+DKG4of7,STOLEN_KEY,0,0,48,CYCLE,96,2000,0,0,0,1,0.5,1,1,1,0,100,0,0,0,1,0,0,0,76,1448,0.5,1,0.4896,2,0,0,0,benign,0,1,-100,1,0,0,0,0,0,0,200
EDCF-Shield,v1a,FALCON1024+HMAC-SHA512+AES256GCM+DKG4of7,STOLEN_KEY,0,0,48,CUMULATIVE,96,96000,0,0,0,1,0.5,1,1,1,0,100,0,0,0,1,0,0,0,76,1448,0.5,1,0.4896,2,0,0,0,benign,0,1,-100,1,0,0,0,0,0,0,200
EDCF-Shield,v1a,FALCON1024+HMAC-SHA512+AES256GCM+DKG4of7,STOLEN_KEY,0,0,49,CYCLE,98,2000,0,0,0,1,0.5,1,1,1,0,100,0,0,0,1,0,0,0,76,1448,0.5,1,0.4898,2,0,0,0,benign,0,1,-100,1,0,0,0,0,0,0,200
EDCF-Shield,v1a,FALCON1024+HMAC-SHA512+AES256GCM+DKG4of7,STOLEN_KEY,0,0,49,CUMULATIVE,98,98000,0,0,0,1,0.5,1,1,1,0,100,0,0,0,1,0,0,0,76,1448,0.5,1,0.4898,2,0,0,0,benign,0,1,-100,1,0,0,0,0,0,0,200
EDCF-Shield,v1a,FALCON1024+HMAC-SHA512+AES256GCM+DKG4of7,STOLEN_KEY,0,0,50,CYCLE,100,2000,0,0,0,1,0.5,1,1,1,0,100,0,0,0,1,0,0,0,76,1448,0.5,1,0.49,2,0,0,0,benign,0,1,-100,1,0,0,0,0,0,0,200
EDCF-Shield,v1a,FALCON1024+HMAC-SHA512+AES256GCM+DKG4of7,STOLEN_KEY,0,0,50,CUMULATIVE,100,100000,0,0,0,1,0.5,1,1,1,0,100,0,0,0,1,0,0,0,76,1448,0.5,1,0.49,2,0,0,0,benign,0,1,-100,1,0,0,0,0,0,0,200
EDCF-Shield,v1a,FALCON1024+HMAC-SHA512+AES256GCM+DKG4of7,STOLEN_KEY,0,0,51,CYCLE,102,2000,0,0,0,1,0.5,1,1,1,0,100,0,0,0,1,0,0,0,76,1448,0.5,1,0.4902,2,0,0,0,benign,0,1,-100,1,0,0,0,0,0,0,200
EDCF-Shield,v1a,FALCON1024+HMAC-SHA512+AES256GCM+DKG4of7,STOLEN_KEY,0,0,51,CUMULATIVE,102,102000,0,0,0,1,0.5,1,1,1,0,100,0,0,0,1,0,0,0,76,1448,0.5,1,0.4902,2,0,0,0,benign,0,1,-100,1,0,0,0,0,0,0,200
EDCF-Shield,v1a,FALCON1024+HMAC-SHA512+AES256GCM+DKG4of7,STOLEN_KEY,0,0,52,CYCLE,104,2000,0,0,0,1,0.5,1,1,1,0,100,0,0,0,1,0,0,0,76,1448,0.5,1,0.4904,2,0,0,0,benign,0,1,-100,1,0,0,0,0,0,0,200
EDCF-Shield,v1a,FALCON1024+HMAC-SHA512+AES256GCM+DKG4of7,STOLEN_KEY,0,0,52,CUMULATIVE,104,104000,0,0,0,1,0.5,1,1,1,0,100,0,0,0,1,0,0,0,76,1448,0.5,1,0.4904,2,0,0,0,benign,0,1,-100,1,0,0,0,0,0,0,200
EDCF-Shield,v1a,FALCON1024+HMAC-SHA512+AES256GCM+DKG4of7,STOLEN_KEY,0,0,53,CYCLE,106,2000,0,0,0,1,0.5,1,1,1,0,100,0,0,0,1,0,0,0,76,1448,0.5,1,0.4906,2,0,0,0,benign,0,1,-100,1,0,0,0,0,0,0,200
EDCF-Shield,v1a,FALCON1024+HMAC-SHA512+AES256GCM+DKG4of7,STOLEN_KEY,0,0,53,CUMULATIVE,106,106000,0,0,0,1,0.5,1,1,1,0,100,0,0,0,1,0,0,0,76,1448,0.5,1,0.4906,2,0,0,0,benign,0,1,-100,1,0,0,0,0,0,0,200
EDCF-Shield,v1a,FALCON1024+HMAC-SHA512+AES256GCM+DKG4of7,STOLEN_KEY,0,0,54,CYCLE,108,2000,0,0,0,1,0.5,1,1,1,0,100,0,0,0,1,0,0,0,76,1448,0.5,1,0.4907,2,0,0,0,benign,0,1,-100,1,0,0,0,0,0,0,200
EDCF-Shield,v1a,FALCON1024+HMAC-SHA512+AES256GCM+DKG4of7,STOLEN_KEY,0,0,54,CUMULATIVE,108,108000,0,0,0,1,0.5,1,1,1,0,100,0,0,0,1,0,0,0,76,1448,0.5,1,0.4907,2,0,0,0,benign,0,1,-100,1,0,0,0,0,0,0,200
EDCF-Shield,v1a,FALCON1024+HMAC-SHA512+AES256GCM+DKG4of7,STOLEN_KEY,0,0,55,CYCLE,110,2000,0,0,0,1,0.5,1,1,1,0,100,0,0,0,1,0,0,0,76,1448,0.5,1,0.4909,2,0,0,0,benign,0,1,-100,1,0,0,0,0,0,0,200
EDCF-Shield,v1a,FALCON1024+HMAC-SHA512+AES256GCM+DKG4of7,STOLEN_KEY,0,0,55,CUMULATIVE,110,110000,0,0,0,1,0.5,1,1,1,0,100,0,0,0,1,0,0,0,76,1448,0.5,1,0.4909,2,0,0,0,benign,0,1,-100,1,0,0,0,0,0,0,200
EDCF-Shield,v1a,FALCON1024+HMAC-SHA512+AES256GCM+DKG4of7,STOLEN_KEY,0,0,56,CYCLE,112,2000,0,0,0,1,0.5,1,1,1,0,100,0,0,0,1,0,0,0,76,1448,0.5,1,0.4911,2,0,0,0,benign,0,1,-100,1,0,0,0,0,0,0,200
EDCF-Shield,v1a,FALCON1024+HMAC-SHA512+AES256GCM+DKG4of7,STOLEN_KEY,0,0,56,CUMULATIVE,112,112000,0,0,0,1,0.5,1,1,1,0,100,0,0,0,1,0,0,0,76,1448,0.5,1,0.4911,2,0,0,0,benign,0,1,-100,1,0,0,0,0,0,0,200
EDCF-Shield,v1a,FALCON1024+HMAC-SHA512+AES256GCM+DKG4of7,STOLEN_KEY,0,0,57,CYCLE,114,2000,0,0,0,1,0.5,1,1,1,0,100,0,0,0,1,0,0,0,76,1448,0.5,1,0.4912,2,0,0,0,benign,0,1,-100,1,0,0,0,0,0,0,200
EDCF-Shield,v1a,FALCON1024+HMAC-SHA512+AES256GCM+DKG4of7,STOLEN_KEY,0,0,57,CUMULATIVE,114,114000,0,0,0,1,0.5,1,1,1,0,100,0,0,0,1,0,0,0,76,1448,0.5,1,0.4912,2,0,0,0,benign,0,1,-100,1,0,0,0,0,0,0,200
EDCF-Shield,v1a,FALCON1024+HMAC-SHA512+AES256GCM+DKG4of7,STOLEN_KEY,0,0,58,CYCLE,116,2000,0,0,0,1,0.5,1,1,1,0,100,0,0,0,1,0,0,0,76,1448,0.5,1,0.4914,2,0,0,0,benign,0,1,-100,1,0,0,0,0,0,0,200
EDCF-Shield,v1a,FALCON1024+HMAC-SHA512+AES256GCM+DKG4of7,STOLEN_KEY,0,0,58,CUMULATIVE,116,116000,0,0,0,1,0.5,1,1,1,0,100,0,0,0,1,0,0,0,76,1448,0.5,1,0.4914,2,0,0,0,benign,0,1,-100,1,0,0,0,0,0,0,200
EDCF-Shield,v1a,FALCON1024+HMAC-SHA512+AES256GCM+DKG4of7,STOLEN_KEY,0,0,59,CYCLE,118,2000,0,0,0,1,0.5,1,1,1,0,100,0,0,0,1,0,0,0,76,1448,0.5,1,0.4915,2,0,0,0,benign,0,1,-100,1,0,0,0,0,0,0,200
EDCF-Shield,v1a,FALCON1024+HMAC-SHA512+AES256GCM+DKG4of7,STOLEN_KEY,0,0,59,CUMULATIVE,118,118000,0,0,0,1,0.5,1,1,1,0,100,0,0,0,1,0,0,0,76,1448,0.5,1,0.4915,2,0,0,0,benign,0,1,-100,1,0,0,0,0,0,0,200
EDCF-Shield,v1a,FALCON1024+HMAC-SHA512+AES256GCM+DKG4of7,STOLEN_KEY,0,0,60,CYCLE,120,2000,0,0,0,1,0.5,1,1,1,0,100,0,0,0,1,0,0,0,76,1448,0.5,1,0.4917,2,0,0,0,benign,0,1,-100,1,0,0,0,0,0,0,200
EDCF-Shield,v1a,FALCON1024+HMAC-SHA512+AES256GCM+DKG4of7,STOLEN_KEY,0,0,60,CUMULATIVE,120,120000,0,0,0,1,0.5,1,1,1,0,100,0,0,0,1,0,0,0,76,1448,0.5,1,0.4917,2,0,0,0,benign,0,1,-100,1,0,0,0,0,0,0,200
EDCF-Shield,v1a,FALCON1024+HMAC-SHA512+AES256GCM+DKG4of7,STOLEN_KEY,0,0,61,CYCLE,122,2000,0,0,0,1,0.5,1,1,1,0,100,0,0,0,1,0,0,0,76,1448,0.5,1,0.4918,2,0,0,0,benign,0,1,-100,1,0,0,0,0,0,0,200
EDCF-Shield,v1a,FALCON1024+HMAC-SHA512+AES256GCM+DKG4of7,STOLEN_KEY,0,0,61,CUMULATIVE,122,122000,0,0,0,1,0.5,1,1,1,0,100,0,0,0,1,0,0,0,76,1448,0.5,1,0.4918,2,0,0,0,benign,0,1,-100,1,0,0,0,0,0,0,200
EDCF-Shield,v1a,FALCON1024+HMAC-SHA512+AES256GCM+DKG4of7,STOLEN_KEY,0,0,62,CYCLE,124,2000,0,0,0,1,0.5,1,1,1,0,100,0,0,0,1,0,0,0,76,1448,0.5,1,0.4919,2,0,0,0,benign,0,1,-100,1,0,0,0,0,0,0,200
EDCF-Shield,v1a,FALCON1024+HMAC-SHA512+AES256GCM+DKG4of7,STOLEN_KEY,0,0,62,CUMULATIVE,124,124000,0,0,0,1,0.5,1,1,1,0,100,0,0,0,1,0,0,0,76,1448,0.5,1,0.4919,2,0,0,0,benign,0,1,-100,1,0,0,0,0,0,0,200
EDCF-Shield,v1a,FALCON1024+HMAC-SHA512+AES256GCM+DKG4of7,STOLEN_KEY,0,0,63,CYCLE,126,2000,0,0,0,1,0.5,1,1,1,0,100,0,0,0,1,0,0,0,76,1448,0.5,1,0.4921,2,0,0,0,benign,0,1,-100,1,0,0,0,0,0,0,200
EDCF-Shield,v1a,FALCON1024+HMAC-SHA512+AES256GCM+DKG4of7,STOLEN_KEY,0,0,63,CUMULATIVE,126,126000,0,0,0,1,0.5,1,1,1,0,100,0,0,0,1,0,0,0,76,1448,0.5,1,0.4921,2,0,0,0,benign,0,1,-100,1,0,0,0,0,0,0,200
EDCF-Shield,v1a,FALCON1024+HMAC-SHA512+AES256GCM+DKG4of7,STOLEN_KEY,0,0,64,CYCLE,128,2000,0,0,0,1,0.5,1,1,1,0,100,0,0,0,1,0,0,0,76,1448,0.5,1,0.4922,2,0,0,0,benign,0,1,-100,1,0,0,0,0,0,0,200
EDCF-Shield,v1a,FALCON1024+HMAC-SHA512+AES256GCM+DKG4of7,STOLEN_KEY,0,0,64,CUMULATIVE,128,128000,0,0,0,1,0.5,1,1,1,0,100,0,0,0,1,0,0,0,76,1448,0.5,1,0.4922,2,0,0,0,benign,0,1,-100,1,0,0,0,0,0,0,200
EDCF-Shield,v1a,FALCON1024+HMAC-SHA512+AES256GCM+DKG4of7,STOLEN_KEY,0,0,65,CYCLE,130,2000,0,0,0,1,0.5,1,1,1,0,100,0,0,0,1,0,0,0,76,1448,0.5,1,0.4923,2,0,0,0,benign,0,1,-100,1,0,0,0,0,0,0,200
EDCF-Shield,v1a,FALCON1024+HMAC-SHA512+AES256GCM+DKG4of7,STOLEN_KEY,0,0,65,CUMULATIVE,130,130000,0,0,0,1,0.5,1,1,1,0,100,0,0,0,1,0,0,0,76,1448,0.5,1,0.4923,2,0,0,0,benign,0,1,-100,1,0,0,0,0,0,0,200
EDCF-Shield,v1a,FALCON1024+HMAC-SHA512+AES256GCM+DKG4of7,STOLEN_KEY,0,0,66,CYCLE,132,2000,0,0,0,1,0.5,1,1,1,0,100,0,0,0,1,0,0,0,76,1448,0.5,1,0.4924,2,0,0,0,benign,0,1,-100,1,0,0,0,0,0,0,200
EDCF-Shield,v1a,FALCON1024+HMAC-SHA512+AES256GCM+DKG4of7,STOLEN_KEY,0,0,66,CUMULATIVE,132,132000,0,0,0,1,0.5,1,1,1,0,100,0,0,0,1,0,0,0,76,1448,0.5,1,0.4924,2,0,0,0,benign,0,1,-100,1,0,0,0,0,0,0,200
EDCF-Shield,v1a,FALCON1024+HMAC-SHA512+AES256GCM+DKG4of7,STOLEN_KEY,0,0,67,CYCLE,134,2000,0,0,0,1,0.5,1,1,1,0,100,0,0,0,1,0,0,0,76,1448,0.5,1,0.4925,2,0,0,0,benign,0,1,-100,1,0,0,0,0,0,0,200
EDCF-Shield,v1a,FALCON1024+HMAC-SHA512+AES256GCM+DKG4of7,STOLEN_KEY,0,0,67,CUMULATIVE,134,134000,0,0,0,1,0.5,1,1,1,0,100,0,0,0,1,0,0,0,76,1448,0.5,1,0.4925,2,0,0,0,benign,0,1,-100,1,0,0,0,0,0,0,200
EDCF-Shield,v1a,FALCON1024+HMAC-SHA512+AES256GCM+DKG4of7,STOLEN_KEY,0,0,68,CYCLE,136,2000,0,0,0,1,0.5,1,1,1,0,100,0,0,0,1,0,0,0,76,1448,0.5,1,0.4926,2,0,0,0,benign,0,1,-100,1,0,0,0,0,0,0,200
EDCF-Shield,v1a,FALCON1024+HMAC-SHA512+AES256GCM+DKG4of7,STOLEN_KEY,0,0,68,CUMULATIVE,136,136000,0,0,0,1,0.5,1,1,1,0,100,0,0,0,1,0,0,0,76,1448,0.5,1,0.4926,2,0,0,0,benign,0,1,-100,1,0,0,0,0,0,0,200
EDCF-Shield,v1a,FALCON1024+HMAC-SHA512+AES256GCM+DKG4of7,STOLEN_KEY,0,0,69,CYCLE,138,2000,0,0,0,1,0.5,1,1,1,0,100,0,0,0,1,0,0,0,76,1448,0.5,1,0.4928,2,0,0,0,benign,0,1,-100,1,0,0,0,0,0,0,200
EDCF-Shield,v1a,FALCON1024+HMAC-SHA512+AES256GCM+DKG4of7,STOLEN_KEY,0,0,69,CUMULATIVE,138,138000,0,0,0,1,0.5,1,1,1,0,100,0,0,0,1,0,0,0,76,1448,0.5,1,0.4928,2,0,0,0,benign,0,1,-100,1,0,0,0,0,0,0,200
EDCF-Shield,v1a,FALCON1024+HMAC-SHA512+AES256GCM+DKG4of7,STOLEN_KEY,0,0,70,CYCLE,140,2000,0,0,0,1,0.5,1,1,1,0,100,0,0,0,1,0,0,0,76,1448,0.5,1,0.4929,2,0,0,0,benign,0,1,-100,1,0,0,0,0,0,0,200
EDCF-Shield,v1a,FALCON1024+HMAC-SHA512+AES256GCM+DKG4of7,STOLEN_KEY,0,0,70,CUMULATIVE,140,140000,0,0,0,1,0.5,1,1,1,0,100,0,0,0,1,0,0,0,76,1448,0.5,1,0.4929,2,0,0,0,benign,0,1,-100,1,0,0,0,0,0,0,200
EDCF-Shield,v1a,FALCON1024+HMAC-SHA512+AES256GCM+DKG4of7,STOLEN_KEY,0,0,71,CYCLE,142,2000,0,0,0,1,0.5,1,1,1,0,100,0,0,0,1,0,0,0,76,1448,0.5,1,0.493,2,0,0,0,benign,0,1,-100,1,0,0,0,0,0,0,200
EDCF-Shield,v1a,FALCON1024+HMAC-SHA512+AES256GCM+DKG4of7,STOLEN_KEY,0,0,71,CUMULATIVE,142,142000,0,0,0,1,0.5,1,1,1,0,100,0,0,0,1,0,0,0,76,1448,0.5,1,0.493,2,0,0,0,benign,0,1,-100,1,0,0,0,0,0,0,200
EDCF-Shield,v1a,FALCON1024+HMAC-SHA512+AES256GCM+DKG4of7,STOLEN_KEY,0,0,72,CYCLE,144,2000,0,0,0,1,0.5,1,1,1,0,100,0,0,0,1,0,0,0,76,1448,0.5,1,0.4931,2,0,0,0,benign,0,1,-100,1,0,0,0,0,0,0,200
EDCF-Shield,v1a,FALCON1024+HMAC-SHA512+AES256GCM+DKG4of7,STOLEN_KEY,0,0,72,CUMULATIVE,144,144000,0,0,0,1,0.5,1,1,1,0,100,0,0,0,1,0,0,0,76,1448,0.5,1,0.4931,2,0,0,0,benign,0,1,-100,1,0,0,0,0,0,0,200
EDCF-Shield,v1a,FALCON1024+HMAC-SHA512+AES256GCM+DKG4of7,STOLEN_KEY,0,0,73,CYCLE,146,2000,0,0,0,1,0.5,1,1,1,0,100,0,0,0,1,0,0,0,76,1448,0.5,1,0.4932,2,0,0,0,benign,0,1,-100,1,0,0,0,0,0,0,200
EDCF-Shield,v1a,FALCON1024+HMAC-SHA512+AES256GCM+DKG4of7,STOLEN_KEY,0,0,73,CUMULATIVE,146,146000,0,0,0,1,0.5,1,1,1,0,100,0,0,0,1,0,0,0,76,1448,0.5,1,0.4932,2,0,0,0,benign,0,1,-100,1,0,0,0,0,0,0,200
EDCF-Shield,v1a,FALCON1024+HMAC-SHA512+AES256GCM+DKG4of7,STOLEN_KEY,0,0,74,CYCLE,148,2000,0,0,0,1,0.5,1,1,1,0,100,0,0,0,1,0,0,0,76,1448,0.5,1,0.4932,2,0,0,0,benign,0,1,-100,1,0,0,0,0,0,0,200
EDCF-Shield,v1a,FALCON1024+HMAC-SHA512+AES256GCM+DKG4of7,STOLEN_KEY,0,0,74,CUMULATIVE,148,148000,0,0,0,1,0.5,1,1,1,0,100,0,0,0,1,0,0,0,76,1448,0.5,1,0.4932,2,0,0,0,benign,0,1,-100,1,0,0,0,0,0,0,200
EDCF-Shield,v1a,FALCON1024+HMAC-SHA512+AES256GCM+DKG4of7,STOLEN_KEY,0,0,75,CYCLE,150,2000,0,0,0,1,0.5,1,1,1,0,100,0,0,0,1,0,0,0,76,1448,0.5,1,0.4933,2,0,0,0,benign,0,1,-100,1,0,0,0,0,0,0,200
EDCF-Shield,v1a,FALCON1024+HMAC-SHA512+AES256GCM+DKG4of7,STOLEN_KEY,0,0,75,CUMULATIVE,150,150000,0,0,0,1,0.5,1,1,1,0,100,0,0,0,1,0,0,0,76,1448,0.5,1,0.4933,2,0,0,0,benign,0,1,-100,1,0,0,0,0,0,0,200
EDCF-Shield,v1a,FALCON1024+HMAC-SHA512+AES256GCM+DKG4of7,STOLEN_KEY,0,0,76,CYCLE,152,2000,0,0,0,1,0.5,1,1,1,0,100,0,0,0,1,0,0,0,76,1448,0.5,1,0.4934,2,0,0,0,benign,0,1,-100,1,0,0,0,0,0,0,200
EDCF-Shield,v1a,FALCON1024+HMAC-SHA512+AES256GCM+DKG4of7,STOLEN_KEY,0,0,76,CUMULATIVE,152,152000,0,0,0,1,0.5,1,1,1,0,100,0,0,0,1,0,0,0,76,1448,0.5,1,0.4934,2,0,0,0,benign,0,1,-100,1,0,0,0,0,0,0,200
EDCF-Shield,v1a,FALCON1024+HMAC-SHA512+AES256GCM+DKG4of7,STOLEN_KEY,0,0,77,CYCLE,154,2000,0,0,0,1,0.5,1,1,1,0,100,0,0,0,1,0,0,0,76,1448,0.5,1,0.4935,2,0,0,0,benign,0,1,-100,1,0,0,0,0,0,0,200
EDCF-Shield,v1a,FALCON1024+HMAC-SHA512+AES256GCM+DKG4of7,STOLEN_KEY,0,0,77,CUMULATIVE,154,154000,0,0,0,1,0.5,1,1,1,0,100,0,0,0,1,0,0,0,76,1448,0.5,1,0.4935,2,0,0,0,benign,0,1,-100,1,0,0,0,0,0,0,200
EDCF-Shield,v1a,FALCON1024+HMAC-SHA512+AES256GCM+DKG4of7,STOLEN_KEY,0,0,78,CYCLE,156,2000,0,0,0,1,0.5,1,1,1,0,100,0,0,0,1,0,0,0,76,1448,0.5,1,0.4936,2,0,0,0,benign,0,1,-100,1,0,0,0,0,0,0,200
EDCF-Shield,v1a,FALCON1024+HMAC-SHA512+AES256GCM+DKG4of7,STOLEN_KEY,0,0,78,CUMULATIVE,156,156000,0,0,0,1,0.5,1,1,1,0,100,0,0,0,1,0,0,0,76,1448,0.5,1,0.4936,2,0,0,0,benign,0,1,-100,1,0,0,0,0,0,0,200
EDCF-Shield,v1a,FALCON1024+HMAC-SHA512+AES256GCM+DKG4of7,STOLEN_KEY,0,0,79,CYCLE,158,2000,0,0,0,1,0.5,1,1,1,0,100,0,0,0,1,0,0,0,76,1448,0.5,1,0.4937,2,0,0,0,benign,0,1,-100,1,0,0,0,0,0,0,200
EDCF-Shield,v1a,FALCON1024+HMAC-SHA512+AES256GCM+DKG4of7,STOLEN_KEY,0,0,79,CUMULATIVE,158,158000,0,0,0,1,0.5,1,1,1,0,100,0,0,0,1,0,0,0,76,1448,0.5,1,0.4937,2,0,0,0,benign,0,1,-100,1,0,0,0,0,0,0,200
EDCF-Shield,v1a,FALCON1024+HMAC-SHA512+AES256GCM+DKG4of7,STOLEN_KEY,0,0,80,CYCLE,160,2000,0,0,0,1,0.5,1,1,1,0,100,0,0,0,1,0,0,0,76,1448,0.5,1,0.4938,2,0,0,0,benign,0,1,-100,1,0,0,0,0,0,0,200
EDCF-Shield,v1a,FALCON1024+HMAC-SHA512+AES256GCM+DKG4of7,STOLEN_KEY,0,0,80,CUMULATIVE,160,160000,0,0,0,1,0.5,1,1,1,0,100,0,0,0,1,0,0,0,76,1448,0.5,1,0.4938,2,0,0,0,benign,0,1,-100,1,0,0,0,0,0,0,200
EDCF-Shield,v1a,FALCON1024+HMAC-SHA512+AES256GCM+DKG4of7,STOLEN_KEY,0,0,81,CYCLE,162,2000,0,0,0,1,0.5,1,1,1,0,100,0,0,0,1,0,0,0,76,1448,0.5,1,0.4938,2,0,0,0,benign,0,1,-100,1,0,0,0,0,0,0,200
EDCF-Shield,v1a,FALCON1024+HMAC-SHA512+AES256GCM+DKG4of7,STOLEN_KEY,0,0,81,CUMULATIVE,162,162000,0,0,0,1,0.5,1,1,1,0,100,0,0,0,1,0,0,0,76,1448,0.5,1,0.4938,2,0,0,0,benign,0,1,-100,1,0,0,0,0,0,0,200
EDCF-Shield,v1a,FALCON1024+HMAC-SHA512+AES256GCM+DKG4of7,STOLEN_KEY,0,0,82,CYCLE,164,2000,0,0,0,1,0.5,1,1,1,0,100,0,0,0,1,0,0,0,76,1448,0.5,1,0.4939,2,0,0,0,benign,0,1,-100,1,0,0,0,0,0,0,200
EDCF-Shield,v1a,FALCON1024+HMAC-SHA512+AES256GCM+DKG4of7,STOLEN_KEY,0,0,82,CUMULATIVE,164,164000,0,0,0,1,0.5,1,1,1,0,100,0,0,0,1,0,0,0,76,1448,0.5,1,0.4939,2,0,0,0,benign,0,1,-100,1,0,0,0,0,0,0,200
EDCF-Shield,v1a,FALCON1024+HMAC-SHA512+AES256GCM+DKG4of7,STOLEN_KEY,0,0,83,CYCLE,166,2000,0,0,0,1,0.5,1,1,1,0,100,0,0,0,1,0,0,0,76,1448,0.5,1,0.494,2,0,0,0,benign,0,1,-100,1,0,0,0,0,0,0,200
EDCF-Shield,v1a,FALCON1024+HMAC-SHA512+AES256GCM+DKG4of7,STOLEN_KEY,0,0,83,CUMULATIVE,166,166000,0,0,0,1,0.5,1,1,1,0,100,0,0,0,1,0,0,0,76,1448,0.5,1,0.494,2,0,0,0,benign,0,1,-100,1,0,0,0,0,0,0,200
EDCF-Shield,v1a,FALCON1024+HMAC-SHA512+AES256GCM+DKG4of7,STOLEN_KEY,0,0,84,CYCLE,168,2000,0,0,0,1,0.5,1,1,1,0,100,0,0,0,1,0,0,0,76,1448,0.5,1,0.494,2,0,0,0,benign,0,1,-100,1,0,0,0,0,0,0,200
EDCF-Shield,v1a,FALCON1024+HMAC-SHA512+AES256GCM+DKG4of7,STOLEN_KEY,0,0,84,CUMULATIVE,168,168000,0,0,0,1,0.5,1,1,1,0,100,0,0,0,1,0,0,0,76,1448,0.5,1,0.494,2,0,0,0,benign,0,1,-100,1,0,0,0,0,0,0,200
EDCF-Shield,v1a,FALCON1024+HMAC-SHA512+AES256GCM+DKG4of7,STOLEN_KEY,0,0,85,CYCLE,170,2000,0,0,0,1,0.5,1,1,1,0,100,0,0,0,1,0,0,0,76,1448,0.5,1,0.4941,2,0,0,0,benign,0,1,-100,1,0,0,0,0,0,0,200
EDCF-Shield,v1a,FALCON1024+HMAC-SHA512+AES256GCM+DKG4of7,STOLEN_KEY,0,0,85,CUMULATIVE,170,170000,0,0,0,1,0.5,1,1,1,0,100,0,0,0,1,0,0,0,76,1448,0.5,1,0.4941,2,0,0,0,benign,0,1,-100,1,0,0,0,0,0,0,200
EDCF-Shield,v1a,FALCON1024+HMAC-SHA512+AES256GCM+DKG4of7,STOLEN_KEY,0,0,86,CYCLE,172,2000,0,0,0,1,0.5,1,1,1,0,100,0,0,0,1,0,0,0,76,1448,0.5,1,0.4942,2,0,0,0,benign,0,1,-100,1,0,0,0,0,0,0,200
EDCF-Shield,v1a,FALCON1024+HMAC-SHA512+AES256GCM+DKG4of7,STOLEN_KEY,0,0,86,CUMULATIVE,172,172000,0,0,0,1,0.5,1,1,1,0,100,0,0,0,1,0,0,0,76,1448,0.5,1,0.4942,2,0,0,0,benign,0,1,-100,1,0,0,0,0,0,0,200
EDCF-Shield,v1a,FALCON1024+HMAC-SHA512+AES256GCM+DKG4of7,STOLEN_KEY,0,0,87,CYCLE,174,2000,0,0,0,1,0.5,1,1,1,0,100,0,0,0,1,0,0,0,76,1448,0.5,1,0.4943,2,0,0,0,benign,0,1,-100,1,0,0,0,0,0,0,200
EDCF-Shield,v1a,FALCON1024+HMAC-SHA512+AES256GCM+DKG4of7,STOLEN_KEY,0,0,87,CUMULATIVE,174,174000,0,0,0,1,0.5,1,1,1,0,100,0,0,0,1,0,0,0,76,1448,0.5,1,0.4943,2,0,0,0,benign,0,1,-100,1,0,0,0,0,0,0,200
EDCF-Shield,v1a,FALCON1024+HMAC-SHA512+AES256GCM+DKG4of7,STOLEN_KEY,0,0,88,CYCLE,176,2000,0,0,0,1,0.5,1,1,1,0,100,0,0,0,1,0,0,0,76,1448,0.5,1,0.4943,2,0,0,0,benign,0,1,-100,1,0,0,0,0,0,0,200
EDCF-Shield,v1a,FALCON1024+HMAC-SHA512+AES256GCM+DKG4of7,STOLEN_KEY,0,0,88,CUMULATIVE,176,176000,0,0,0,1,0.5,1,1,1,0,100,0,0,0,1,0,0,0,76,1448,0.5,1,0.4943,2,0,0,0,benign,0,1,-100,1,0,0,0,0,0,0,200
EDCF-Shield,v1a,FALCON1024+HMAC-SHA512+AES256GCM+DKG4of7,STOLEN_KEY,0,0,89,CYCLE,178,2000,0,0,0,1,0.5,1,1,1,0,100,0,0,0,1,0,0,0,76,1448,0.5,1,0.4944,2,0,0,0,benign,0,1,-100,1,0,0,0,0,0,0,200
EDCF-Shield,v1a,FALCON1024+HMAC-SHA512+AES256GCM+DKG4of7,STOLEN_KEY,0,0,89,CUMULATIVE,178,178000,0,0,0,1,0.5,1,1,1,0,100,0,0,0,1,0,0,0,76,1448,0.5,1,0.4944,2,0,0,0,benign,0,1,-100,1,0,0,0,0,0,0,200
EDCF-Shield,v1a,FALCON1024+HMAC-SHA512+AES256GCM+DKG4of7,STOLEN_KEY,0,0,90,CYCLE,179.5,1200,0,0,0,1,0.5,1,1,1,0,100,0,0,0,1,0,0,0,76,1448,0.5,1,0.4958,2,0,0,0,benign,0,1,-100,1,0,0,0,0,0,0,200
EDCF-Shield,v1a,FALCON1024+HMAC-SHA512+AES256GCM+DKG4of7,STOLEN_KEY,0,0,90,CUMULATIVE,179.5,179200,0,0,0,1,0.5,1,1,1,0,100,0,0,0,1,0,0,0,76,1448,0.5,1,0.4958,2,0,0,0,benign,0,1,-100,1,0,0,0,0,0,0,200
EDCF-Shield,v1a,FALCON1024+HMAC-SHA512+AES256GCM+DKG4of7,STOLEN_KEY,60,22.39,1,CYCLE,2,1400,0,0,0,1,0.5,1,1,1,0,100,0,0,0,1,0,0,0,76,1448,0,1,0,0,0,0,0,V1,0,1,-100,1,0,0,0,0,0,0,200
EDCF-Shield,v1a,FALCON1024+HMAC-SHA512+AES256GCM+DKG4of7,STOLEN_KEY,60,22.39,1,CUMULATIVE,2,1400,0,0,0,1,0.5,1,1,1,0,100,0,0,0,1,0,0,0,76,1448,0,1,0,0,0,0,0,V1,0,1,-100,1,0,0,0,0,0,0,200
EDCF-Shield,v1a,FALCON1024+HMAC-SHA512+AES256GCM+DKG4of7,STOLEN_KEY,60,22.39,2,CYCLE,4,1400,0,0,210,0.869565,0.250019,0.930233,1,0.869565,0,89.57,13.04,0,0,1,0,0,0,76,1448,0.5,1,0.25,2,0,0,0,V1,0,0.930233,950,1,0,0,0.069767,0.069767,0,0,200
EDCF-Shield,v1a,FALCON1024+HMAC-SHA512+AES256GCM+DKG4of7,STOLEN_KEY,60,22.39,2,CUMULATIVE,4,2800,0,0,210,0.930233,0.000044,0.963855,1,0.930233,0,94.42,6.98,0,0,1,0,0,0,76,1448,0.5,1,0.25,2,0,0,0,V1,0,0.930233,950,1,0,0,0.069767,0.069767,0,0,200
EDCF-Shield,v1a,FALCON1024+HMAC-SHA512+AES256GCM+DKG4of7,STOLEN_KEY,60,22.39,3,CYCLE,6,1400,0,0,610,0.696517,0.166684,0.821114,1,0.696517,0,75.72,30.35,0,0,1,0,0,0,76,1448,0.250022,1,0.3333,2,0,0,0,V1,0,0.836653,2633.333333,1,0,0,0.163347,0.163347,0,0,200
EDCF-Shield,v1a,FALCON1024+HMAC-SHA512+AES256GCM+DKG4of7,STOLEN_KEY,60,22.39,3,CUMULATIVE,6,4200,0,0,820,0.836653,0.000018,0.911063,1,0.836653,0,86.93,16.33,0,0,1,0,0,0,76,1448,0.250022,1,0.3333,2,0,0,0,V1,0,0.836653,2633.333333,1,0,0,0.163347,0.163347,0,0,200
EDCF-Shield,v1a,FALCON1024+HMAC-SHA512+AES256GCM+DKG4of7,STOLEN_KEY,60,22.39,4,CYCLE,8,1400,0,0,1010,0.580913,0.125014,0.734908,1,0.580913,0,66.47,41.91,0,0,1,0,0,0,76,1448,0,1,0.375,2,0,0,0,V1,0,0.753701,4475,1,0,0,0.246299,0.246299,0,0,200
EDCF-Shield,v1a,FALCON1024+HMAC-SHA512+AES256GCM+DKG4of7,STOLEN_KEY,60,22.39,4,CUMULATIVE,8,5600,0,0,1830,0.753701,0.00001,0.859555,1,0.753701,0,80.3,24.63,0,0,1,0,0,0,76,1448,0,1,0.375,2,0,0,0,V1,0,0.753701,4475,1,0,0,0.246299,0.246299,0,0,200
EDCF-Shield,v1a,FALCON1024+HMAC-SHA512+AES256GCM+DKG4of7,STOLEN_KEY,60,22.39,5,CYCLE,10,1400,0,0,1200,0.538462,0.100012,0.7,1,0.538462,0,63.08,46.15,0,0,1,0,0,0,76,1448,0.00001,1,0.4,2,0,0,0,V1,0,0.697906,5960,1,0,0,0.302094,1.302094,0,0,200
EDCF-Shield,v1a,FALCON1024+HMAC-SHA512+AES256GCM+DKG4of7,STOLEN_KEY,60,22.39,5,CUMULATIVE,10,7000,0,0,3030,0.697906,0.000006,0.822079,1,0.697906,0,75.83,30.21,0,0,1,0,0,0,76,1448,0.00001,1,0.4,2,0,0,0,V1,0,0.697906,5960,1,0,0,0.302094,1.302094,0,0,200
EDCF-Shield,v1a,FALCON1024+HMAC-SHA512+AES256GCM+DKG4of7,STOLEN_KEY,60,22.39,6,CYCLE,12,1400,0,0,1200,0.538462,0.083344,0.7,1,0.538462,0,63.08,46.15,0,0,1,0,0,0,76,1448,0.000008,1,0.4167,2,0,0,0,V1,0,0.665083,6950,1,0,0,0.334917,1.334917,0,0,200
EDCF-Shield,v1a,FALCON1024+HMAC-SHA512+AES256GCM+DKG4of7,STOLEN_KEY,60,22.39,6,CUMULATIVE,12,8400,0,0,4230,0.665083,0.000004,0.798859,1,0.665083,0,73.21,33.49,0,0,1,0,0,0,76,1448,0.000008,1,0.4167,2,0,0,0,V1,0,0.665083,6950,1,0,0,0.334917,1.334917,0,0,200
EDCF-Shield,v1a,FALCON1024+HMAC-SHA512+AES256GCM+DKG4of7,STOLEN_KEY,60,22.39,7,CYCLE,14,1400,0,0,1200,0.538462,0.071438,0.7,1,0.538462,0,63.08,46.15,0,0,1,0,0,0,76,1448,0.000007,1,0.4286,2,0,0,0,V1,0,0.643467,7657.142857,1,0,0,0.356533,1.356533,0,0,200
EDCF-Shield,v1a,FALCON1024+HMAC-SHA512+AES256GCM+DKG4of7,STOLEN_KEY,60,22.39,7,CUMULATIVE,14,9800,0,0,5430,0.643467,0.000003,0.78306,1,0.643467,0,71.48,35.65,0,0,1,0,0,0,76,1448,0.000007,1,0.4286,2,0,0,0,V1,0,0.643467,7657.142857,1,0,0,0.356533,1.356533,0,0,200
EDCF-Shield,v1a,FALCON1024+HMAC-SHA512+AES256GCM+DKG4of7,STOLEN_KEY,60,22.39,8,CYCLE,16,1400,0,0,1200,0.538462,0.062508,0.7,1,0.538462,0,63.08,46.15,0,0,1,0,0,0,76,1448,0.000006,1,0.4375,2,0,0,0,V1,0,0.628155,8187.5,1,0,0,0.371845,1.371845,0,0,200
EDCF-Shield,v1a,FALCON1024+HMAC-SHA512+AES256GCM+DKG4of7,STOLEN_KEY,60,22.39,8,CUMULATIVE,16,11200,0,0,6630,0.628155,0.000003,0.771616,1,0.628155,0,70.25,37.18,0,0,1,0,0,0,76,1448,0.000006,1,0.4375,2,0,0,0,V1,0,0.628155,8187.5,1,0,0,0.371845,1.371845,0,0,200
EDCF-Shield,v1a,FALCON1024+HMAC-SHA512+AES256GCM+DKG4of7,STOLEN_KEY,60,22.39,9,CYCLE,18,1400,0,0,1200,0.538462,0.055563,0.7,1,0.538462,0,63.08,46.15,0,0,1,0,0,0,76,1448,0.000005,1,0.4444,2,0,0,0,V1,0,0.61674,8600,1,0,0,0.38326,1.38326,0,0,200
EDCF-Shield,v1a,FALCON1024+HMAC-SHA512+AES256GCM+DKG4of7,STOLEN_KEY,60,22.39,9,CUMULATIVE,18,12600,0,0,7830,0.61674,0.000002,0.762943,1,0.61674,0,69.34,38.33,0,0,1,0,0,0,76,1448,0.000005,1,0.4444,2,0,0,0,V1,0,0.61674,8600,1,0,0,0.38326,1.38326,0,0,200
EDCF-Shield,v1a,FALCON1024+HMAC-SHA512+AES256GCM+DKG4of7,STOLEN_KEY,60,22.39,10,CYCLE,20,1400,0,0,1200,0.538462,0.050007,0.7,1,0.538462,0,63.08,46.15,0,0,1,0,0,0,76,1448,0.000005,1,0.45,2,0,0,0,V1,0,0.607903,8930,1,0,0,0.392097,1.392097,0,0,200
EDCF-Shield,v1a,FALCON1024+HMAC-SHA512+AES256GCM+DKG4of7,STOLEN_KEY,60,22.39,10,CUMULATIVE,20,14000,0,0,9030,0.607903,0.000002,0.756144,1,0.607903,0,68.63,39.21,0,0,1,0,0,0,76,1448,0.000005,1,0.45,2,0,0,0,V1,0,0.607903,8930,1,0,0,0.392097,1.392097,0,0,200
EDCF-Shield,v1a,FALCON1024+HMAC-SHA512+AES256GCM+DKG4of7,STOLEN_KEY,60,22.39,11,CYCLE,22,1400,0,0,1200,0.538462,0.045461,0.7,1,0.538462,0,63.08,46.15,0,0,1,0,0,0,76,1448,0.000004,1,0.4545,2,0,0,0,V1,0,0.600858,9200,1,0,0,0.399142,1.399142,0,0,200
EDCF-Shield,v1a,FALCON1024+HMAC-SHA512+AES256GCM+DKG4of7,STOLEN_KEY,60,22.39,11,CUMULATIVE,22,15400,0,0,10230,0.600858,0.000002,0.75067,1,0.600858,0,68.07,39.91,0,0,1,0,0,0,76,1448,0.000004,1,0.4545,2,0,0,0,V1,0,0.600858,9200,1,0,0,0.399142,1.399142,0,0,200
EDCF-Shield,v1a,FALCON1024+HMAC-SHA512+AES256GCM+DKG4of7,STOLEN_KEY,60,22.39,12,CYCLE,24,1400,0,0,1200,0.538462,0.041673,0.7,1,0.538462,0,63.08,46.15,0,0,1,0,0,0,76,1448,0,1,0.4583,2,0,0,0,V1,0,0.595112,9425,1,0,0,0.404888,1.404888,0,0,200
EDCF-Shield,v1a,FALCON1024+HMAC-SHA512+AES256GCM+DKG4of7,STOLEN_KEY,60,22.39,12,CUMULATIVE,24,16800,0,0,11430,0.595112,0.000002,0.746169,1,0.595112,0,67.61,40.49,0,0,1,0,0,0,76,1448,0,1,0.4583,2,0,0,0,V1,0,0.595112,9425,1,0,0,0.404888,1.404888,0,0,200
EDCF-Shield,v1a,FALCON1024+HMAC-SHA512+AES256GCM+DKG4of7,STOLEN_KEY,60,22.39,13,CYCLE,26,1400,0,0,1200,0.538462,0.038467,0.7,1,0.538462,0,63.08,46.15,0,0,1,0,0,0,76,1448,0.000002,1,0.4615,2,0,0,0,V1,0,0.590334,9615.384615,1,0,0,0.409666,1.409666,0,0,200
EDCF-Shield,v1a,FALCON1024+HMAC-SHA512+AES256GCM+DKG4of7,STOLEN_KEY,60,22.39,13,CUMULATIVE,26,18200,0,0,12630,0.590334,0.000001,0.742403,1,0.590334,0,67.23,40.97,0,0,1,0,0,0,76,1448,0.000002,1,0.4615,2,0,0,0,V1,0,0.590334,9615.384615,1,0,0,0.409666,1.409666,0,0,200
EDCF-Shield,v1a,FALCON1024+HMAC-SHA512+AES256GCM+DKG4of7,STOLEN_KEY,60,22.39,14,CYCLE,28,1400,0,0,1200,0.538462,0.03572,0.7,1,0.538462,0,63.08,46.15,0,0,1,0,0,0,76,1448,0.000002,1,0.4643,2,0,0,0,V1,0,0.5863,9778.571429,1,0,0,0.4137,1.4137,0,0,200
EDCF-Shield,v1a,FALCON1024+HMAC-SHA512+AES256GCM+DKG4of7,STOLEN_KEY,60,22.39,14,CUMULATIVE,28,19600,0,0,13830,0.5863,0.000001,0.739204,1,0.5863,0,66.9,41.37,0,0,1,0,0,0,76,1448,0.000002,1,0.4643,2,0,0,0,V1,0,0.5863,9778.571429,1,0,0,0.4137,1.4137,0,0,200
EDCF-Shield,v1a,FALCON1024+HMAC-SHA512+AES256GCM+DKG4of7,STOLEN_KEY,60,22.39,15,CYCLE,30,1400,0,0,1200,0.538462,0.033339,0.7,1,0.538462,0,63.08,46.15,0,0,1,0,0,0,76,1448,0.000001,1,0.4667,2,0,0,0,V1,0,0.582848,9920,1,0,0,0.417152,1.417152,0,0,200
EDCF-Shield,v1a,FALCON1024+HMAC-SHA512+AES256GCM+DKG4of7,STOLEN_KEY,60,22.39,15,CUMULATIVE,30,21000,0,0,15030,0.582848,0.000001,0.736454,1,0.582848,0,66.63,41.72,0,0,1,0,0,0,76,1448,0.000001,1,0.4667,2,0,0,0,V1,0,0.582848,9920,1,0,0,0.417152,1.417152,0,0,200
EDCF-Shield,v1a,FALCON1024+HMAC-SHA512+AES256GCM+DKG4of7,STOLEN_KEY,60,22.39,16,CYCLE,32,1400,0,0,1200,0.538462,0.031255,0.7,1,0.538462,0,63.08,46.15,0,0,1,0,0,0,76,1448,0.000001,1,0.4688,2,0,0,0,V1,0,0.57986,10043.75,1,0,0,0.42014,1.42014,0,0,200
EDCF-Shield,v1a,FALCON1024+HMAC-SHA512+AES256GCM+DKG4of7,STOLEN_KEY,60,22.39,16,CUMULATIVE,32,22400,0,0,16230,0.57986,0.000001,0.734065,1,0.57986,0,66.39,42.01,0,0,1,0,0,0,76,1448,0.000001,1,0.4688,2,0,0,0,V1,0,0.57986,10043.75,1,0,0,0.42014,1.42014,0,0,200
EDCF-Shield,v1a,FALCON1024+HMAC-SHA512+AES256GCM+DKG4of7,STOLEN_KEY,60,22.39,17,CYCLE,34,1400,0,0,1200,0.538462,0.029417,0.7,1,0.538462,0,63.08,46.15,0,0,1,0,0,0,76,1448,0.000001,1,0.4706,2,0,0,0,V1,0,0.57725,10152.94118,1,0,0,0.42275,1.42275,0,0,200
EDCF-Shield,v1a,FALCON1024+HMAC-SHA512+AES256GCM+DKG4of7,STOLEN_KEY,60,22.39,17,CUMULATIVE,34,23800,0,0,17430,0.57725,0.000001,0.73197,1,0.57725,0,66.18,42.28,0,0,1,0,0,0,76,1448,0.000001,1,0.4706,2,0,0,0,V1,0,0.57725,10152.94118,1,0,0,0.42275,1.42275,0,0,200
EDCF-Shield,v1a,FALCON1024+HMAC-SHA512+AES256GCM+DKG4of7,STOLEN_KEY,60,22.39,18,CYCLE,36,1400,0,0,1200,0.538462,0.027783,0.7,1,0.538462,0,63.08,46.15,0,0,1,0,0,0,76,1448,0.000001,1,0.4722,2,0,0,0,V1,0,0.574949,10250,1,0,0,0.425051,1.425051,0,0,200
EDCF-Shield,v1a,FALCON1024+HMAC-SHA512+AES256GCM+DKG4of7,STOLEN_KEY,60,22.39,18,CUMULATIVE,36,25200,0,0,18630,0.574949,0.000001,0.730117,1,0.574949,0,66,42.51,0,0,1,0,0,0,76,1448,0.000001,1,0.4722,2,0,0,0,V1,0,0.574949,10250,1,0,0,0.425051,1.425051,0,0,200
EDCF-Shield,v1a,FALCON1024+HMAC-SHA512+AES256GCM+DKG4of7,STOLEN_KEY,60,22.39,19,CYCLE,38,1400,0,0,1200,0.538462,0.02632,0.7,1,0.538462,0,63.08,46.15,0,0,1,0,0,0,76,1448,0.000001,1,0.4737,2,0,0,0,V1,0,0.572905,10336.84211,1,0,0,0.427095,1.427095,0,0,200
EDCF-Shield,v1a,FALCON1024+HMAC-SHA512+AES256GCM+DKG4of7,STOLEN_KEY,60,22.39,19,CUMULATIVE,38,26600,0,0,19830,0.572905,0.000001,0.728468,1,0.572905,0,65.83,42.71,0,0,1,0,0,0,76,1448,0.000001,1,0.4737,2,0,0,0,V1,0,0.572905,10336.84211,1,0,0,0.427095,1.427095,0,0,200
EDCF-Shield,v1a,FALCON1024+HMAC-SHA512+AES256GCM+DKG4of7,STOLEN_KEY,60,22.39,20,CYCLE,40,1400,0,0,1200,0.538462,0.025005,0.7,1,0.538462,0,63.08,46.15,0,0,1,0,0,0,76,1448,0.000001,1,0.475,2,0,0,0,V1,0,0.571079,10415,1,0,0,0.428921,1.428921,0,0,200
EDCF-Shield,v1a,FALCON1024+HMAC-SHA512+AES256GCM+DKG4of7,STOLEN_KEY,60,22.39,20,CUMULATIVE,40,28000,0,0,21030,0.571079,0.000001,0.726989,1,0.571079,0,65.69,42.89,0,0,1,0,0,0,76,1448,0.000001,1,0.475,2,0,0,0,V1,0,0.571079,10415,1,0,0,0.428921,1.428921,0,0,200
EDCF-Shield,v1a,FALCON1024+HMAC-SHA512+AES256GCM+DKG4of7,STOLEN_KEY,60,22.39,21,CYCLE,42,1400,0,0,1200,0.538462,0.023814,0.7,1,0.538462,0,63.08,46.15,0,0,1,0,0,0,76,1448,0.000001,1,0.4762,2,0,0,0,V1,0,0.569436,10485.71429,1,0,0,0.430564,1.430564,0,0,200
EDCF-Shield,v1a,FALCON1024+HMAC-SHA512+AES256GCM+DKG4of7,STOLEN_KEY,60,22.39,21,CUMULATIVE,42,29400,0,0,22230,0.569436,0.000001,0.725657,1,0.569436,0,65.55,43.06,0,0,1,0,0,0,76,1448,0.000001,1,0.4762,2,0,0,0,V1,0,0.569436,10485.71429,1,0,0,0.430564,1.430564,0,0,200
EDCF-Shield,v1a,FALCON1024+HMAC-SHA512+AES256GCM+DKG4of7,STOLEN_KEY,60,22.39,22,CYCLE,44,1400,0,0,1200,0.538462,0.022732,0.7,1,0.538462,0,63.08,46.15,0,0,1,0,0,0,76,1448,0.000001,1,0.4773,2,0,0,0,V1,0,0.567951,10550,1,0,0,0.432049,1.432049,0,0,200
EDCF-Shield,v1a,FALCON1024+HMAC-SHA512+AES256GCM+DKG4of7,STOLEN_KEY,60,22.39,22,CUMULATIVE,44,30800,0,0,23430,0.567951,0.000001,0.72445,1,0.567951,0,65.44,43.2,0,0,1,0,0,0,76,1448,0.000001,1,0.4773,2,0,0,0,V1,0,0.567951,10550,1,0,0,0.432049,1.432049,0,0,200
EDCF-Shield,v1a,FALCON1024+HMAC-SHA512+AES256GCM+DKG4of7,STOLEN_KEY,60,22.39,23,CYCLE,46,1400,0,0,1200,0.538462,0.021743,0.7,1,0.538462,0,63.08,46.15,0,0,1,0,0,0,76,1448,0.000001,1,0.4783,2,0,0,0,V1,0,0.566602,10608.69565,1,0,0,0.433398,1.433398,0,0,200
EDCF-Shield,v1a,FALCON1024+HMAC-SHA512+AES256GCM+DKG4of7,STOLEN_KEY,60,22.39,23,CUMULATIVE,46,32200,0,0,24630,0.566602,0.000001,0.723352,1,0.566602,0,65.33,43.34,0,0,1,0,0,0,76,1448,0.000001,1,0.4783,2,0,0,0,V1,0,0.566602,10608.69565,1,0,0,0.433398,1.433398,0,0,200
EDCF-Shield,v1a,FALCON1024+HMAC-SHA512+AES256GCM+DKG4of7,STOLEN_KEY,60,22.39,24,CYCLE,48,1400,0,0,1200,0.538462,0.020837,0.7,1,0.538462,0,63.08,46.15,0,0,1,0,0,0,76,1448,0.000001,1,0.4792,2,0,0,0,V1,0,0.565371,10662.5,1,0,0,0.434629,1.434629,0,0,200
EDCF-Shield,v1a,FALCON1024+HMAC-SHA512+AES256GCM+DKG4of7,STOLEN_KEY,60,22.39,24,CUMULATIVE,48,33600,0,0,25830,0.565371,0.000001,0.722348,1,0.565371,0,65.23,43.46,0,0,1,0,0,0,76,1448,0.000001,1,0.4792,2,0,0,0,V1,0,0.565371,10662.5,1,0,0,0.434629,1.434629,0,0,200
EDCF-Shield,v1a,FALCON1024+HMAC-SHA512+AES256GCM+DKG4of7,STOLEN_KEY,60,22.39,25,CYCLE,50,1400,0,0,1200,0.538462,0.020004,0.7,1,0.538462,0,63.08,46.15,0,0,1,0,0,0,76,1448,0.000001,1,0.48,2,0,0,0,V1,0,0.564243,10712,1,0,0,0.435757,1.435757,0,0,200
EDCF-Shield,v1a,FALCON1024+HMAC-SHA512+AES256GCM+DKG4of7,STOLEN_KEY,60,22.39,25,CUMULATIVE,50,35000,0,0,27030,0.564243,0.000001,0.721426,1,0.564243,0,65.14,43.58,0,0,1,0,0,0,76,1448,0.000001,1,0.48,2,0,0,0,V1,0,0.564243,10712,1,0,0,0.435757,1.435757,0,0,200
EDCF-Shield,v1a,FALCON1024+HMAC-SHA512+AES256GCM+DKG4of7,STOLEN_KEY,60,22.39,26,CYCLE,52,1400,0,0,1200,0.538462,0.019235,0.7,1,0.538462,0,63.08,46.15,0,0,1,0,0,0,76,1448,0.000001,1,0.4808,2,0,0,0,V1,0,0.563206,10757.69231,1,0,0,0.436794,1.436794,0,0,200
EDCF-Shield,v1a,FALCON1024+HMAC-SHA512+AES256GCM+DKG4of7,STOLEN_KEY,60,22.39,26,CUMULATIVE,52,36400,0,0,28230,0.563206,0.000001,0.720578,1,0.563206,0,65.06,43.68,0,0,1,0,0,0,76,1448,0.000001,1,0.4808,2,0,0,0,V1,0,0.563206,10757.69231,1,0,0,0.436794,1.436794,0,0,200
EDCF-Shield,v1a,FALCON1024+HMAC-SHA512+AES256GCM+DKG4of7,STOLEN_KEY,60,22.39,27,CYCLE,54,1400,0,0,1200,0.538462,0.018522,0.7,1,0.538462,0,63.08,46.15,0,0,1,0,0,0,76,1448,0.000001,1,0.4815,2,0,0,0,V1,0,0.562249,10800,1,0,0,0.437751,1.437751,0,0,200
EDCF-Shield,v1a,FALCON1024+HMAC-SHA512+AES256GCM+DKG4of7,STOLEN_KEY,60,22.39,27,CUMULATIVE,54,37800,0,0,29430,0.562249,0.000001,0.719794,1,0.562249,0,64.98,43.78,0,0,1,0,0,0,76,1448,0.000001,1,0.4815,2,0,0,0,V1,0,0.562249,10800,1,0,0,0.437751,1.437751,0,0,200
EDCF-Shield,v1a,FALCON1024+HMAC-SHA512+AES256GCM+DKG4of7,STOLEN_KEY,60,22.39,28,CYCLE,56,1400,0,0,1200,0.538462,0.017861,0.7,1,0.538462,0,63.08,46.15,0,0,1,0,0,0,76,1448,0.000001,1,0.4821,2,0,0,0,V1,0,0.561363,10839.28571,1,0,0,0.438637,1.438637,0,0,200
EDCF-Shield,v1a,FALCON1024+HMAC-SHA512+AES256GCM+DKG4of7,STOLEN_KEY,60,22.39,28,CUMULATIVE,56,39200,0,0,30630,0.561363,0.000001,0.719068,1,0.561363,0,64.91,43.86,0,0,1,0,0,0,76,1448,0.000001,1,0.4821,2,0,0,0,V1,0,0.561363,10839.28571,1,0,0,0.438637,1.438637,0,0,200
EDCF-Shield,v1a,FALCON1024+HMAC-SHA512+AES256GCM+DKG4of7,STOLEN_KEY,60,22.39,29,CYCLE,58,1400,0,0,1200,0.538462,0.017245,0.7,1,0.538462,0,63.08,46.15,0,0,1,0,0,0,76,1448,0.000001,1,0.4828,2,0,0,0,V1,0,0.560541,10875.86207,1,0,0,0.439459,1.439459,0,0,200
EDCF-Shield,v1a,FALCON1024+HMAC-SHA512+AES256GCM+DKG4of7,STOLEN_KEY,60,22.39,29,CUMULATIVE,58,40600,0,0,31830,0.560541,0.000001,0.718393,1,0.560541,0,64.84,43.95,0,0,1,0,0,0,76,1448,0.000001,1,0.4828,2,0,0,0,V1,0,0.560541,10875.86207,1,0,0,0.439459,1.439459,0,0,200
EDCF-Shield,v1a,FALCON1024+HMAC-SHA512+AES256GCM+DKG4of7,STOLEN_KEY,60,22.39,30,CYCLE,60,1400,0,0,1200,0.538462,0.01667,0.7,1,0.538462,0,63.08,46.15,0,0,1,0,0,0,76,1448,0.000001,1,0.4833,2,0,0,0,V1,0,0.559776,10910,1,0,0,0.440224,1.440224,0,0,200
EDCF-Shield,v1a,FALCON1024+HMAC-SHA512+AES256GCM+DKG4of7,STOLEN_KEY,60,22.39,30,CUMULATIVE,60,42000,0,0,33030,0.559776,0.000001,0.717765,1,0.559776,0,64.78,44.02,0,0,1,0,0,0,76,1448,0.000001,1,0.4833,2,0,0,0,V1,0,0.559776,10910,1,0,0,0.440224,1.440224,0,0,200
EDCF-Shield,v1a,FALCON1024+HMAC-SHA512+AES256GCM+DKG4of7,STOLEN_KEY,60,22.39,31,CYCLE,62,1400,0,0,1200,0.538462,0.016133,0.7,1,0.538462,0,63.08,46.15,0,0,1,0,0,0,76,1448,0.000001,1,0.4839,2,0,0,0,V1,0,0.559062,10941.93548,1,0,0,0.440938,1.440938,0,0,200
EDCF-Shield,v1a,FALCON1024+HMAC-SHA512+AES256GCM+DKG4of7,STOLEN_KEY,60,22.39,31,CUMULATIVE,62,43400,0,0,34230,0.559062,0.000001,0.717178,1,0.559062,0,64.72,44.09,0,0,1,0,0,0,76,1448,0.000001,1,0.4839,2,0,0,0,V1,0,0.559062,10941.93548,1,0,0,0.440938,1.440938,0,0,200
EDCF-Shield,v1a,FALCON1024+HMAC-SHA512+AES256GCM+DKG4of7,STOLEN_KEY,60,22.39,32,CYCLE,64,1400,0,0,1200,0.538462,0.015629,0.7,1,0.538462,0,63.08,46.15,0,0,1,0,0,0,76,1448,0.000001,1,0.4844,2,0,0,0,V1,0,0.558395,10971.875,1,0,0,0.441605,1.441605,0,0,200
EDCF-Shield,v1a,FALCON1024+HMAC-SHA512+AES256GCM+DKG4of7,STOLEN_KEY,60,22.39,32,CUMULATIVE,64,44800,0,0,35430,0.558395,0.000001,0.716628,1,0.558395,0,64.67,44.16,0,0,1,0,0,0,76,1448,0.000001,1,0.4844,2,0,0,0,V1,0,0.558395,10971.875,1,0,0,0.441605,1.441605,0,0,200
EDCF-Shield,v1a,FALCON1024+HMAC-SHA512+AES256GCM+DKG4of7,STOLEN_KEY,60,22.39,33,CYCLE,66,1400,0,0,1200,0.538462,0.015155,0.7,1,0.538462,0,63.08,46.15,0,0,1,0,0,0,76,1448,0.000001,1,0.4848,2,0,0,0,V1,0,0.557769,11000,1,0,0,0.442231,1.442231,0,0,200
EDCF-Shield,v1a,FALCON1024+HMAC-SHA512+AES256GCM+DKG4of7,STOLEN_KEY,60,22.39,33,CUMULATIVE,66,46200,0,0,36630,0.557769,0.000001,0.716113,1,0.557769,0,64.62,44.22,0,0,1,0,0,0,76,1448,0.000001,1,0.4848,2,0,0,0,V1,0,0.557769,11000,1,0,0,0.442231,1.442231,0,0,200
EDCF-Shield,v1a,FALCON1024+HMAC-SHA512+AES256GCM+DKG4of7,STOLEN_KEY,60,22.39,34,CYCLE,68,1400,0,0,1200,0.538462,0.014709,0.7,1,0.538462,0,63.08,46.15,0,0,1,0,0,0,76,1448,0.000001,1,0.4853,2,0,0,0,V1,0,0.557181,11026.47059,1,0,0,0.442819,1.442819,0,0,200
EDCF-Shield,v1a,FALCON1024+HMAC-SHA512+AES256GCM+DKG4of7,STOLEN_KEY,60,22.39,34,CUMULATIVE,68,47600,0,0,37830,0.557181,0.000001,0.715628,1,0.557181,0,64.57,44.28,0,0,1,0,0,0,76,1448,0.000001,1,0.4853,2,0,0,0,V1,0,0.557181,11026.47059,1,0,0,0.442819,1.442819,0,0,200
EDCF-Shield,v1a,FALCON1024+HMAC-SHA512+AES256GCM+DKG4of7,STOLEN_KEY,60,22.39,35,CYCLE,70,1400,0,0,1200,0.538462,0.014289,0.7,1,0.538462,0,63.08,46.15,0,0,1,0,0,0,76,1448,0.000001,1,0.4857,2,0,0,0,V1,0,0.556628,11051.42857,1,0,0,0.443372,1.443372,0,0,200
EDCF-Shield,v1a,FALCON1024+HMAC-SHA512+AES256GCM+DKG4of7,STOLEN_KEY,60,22.39,35,CUMULATIVE,70,49000,0,0,39030,0.556628,0.000001,0.715172,1,0.556628,0,64.53,44.34,0,0,1,0,0,0,76,1448,0.000001,1,0.4857,2,0,0,0,V1,0,0.556628,11051.42857,1,0,0,0.443372,1.443372,0,0,200
EDCF-Shield,v1a,FALCON1024+HMAC-SHA512+AES256GCM+DKG4of7,STOLEN_KEY,60,22.39,36,CYCLE,72,1400,0,0,1200,0.538462,0.013892,0.7,1,0.538462,0,63.08,46.15,0,0,1,0,0,0,76,1448,0.000001,1,0.4861,2,0,0,0,V1,0,0.556107,11075,1,0,0,0.443893,1.443893,0,0,200
EDCF-Shield,v1a,FALCON1024+HMAC-SHA512+AES256GCM+DKG4of7,STOLEN_KEY,60,22.39,36,CUMULATIVE,72,50400,0,0,40230,0.556107,0.000001,0.714742,1,0.556107,0,64.49,44.39,0,0,1,0,0,0,76,1448,0.000001,1,0.4861,2,0,0,0,V1,0,0.556107,11075,1,0,0,0.443893,1.443893,0,0,200
EDCF-Shield,v1a,FALCON1024+HMAC-SHA512+AES256GCM+DKG4of7,STOLEN_KEY,60,22.39,37,CYCLE,74,1400,0,0,1200,0.538462,0.013517,0.7,1,0.538462,0,63.08,46.15,0,0,1,0,0,0,76,1448,0.000001,1,0.4865,2,0,0,0,V1,0,0.555615,11097.2973,1,0,0,0.444385,1.444385,0,0,200
EDCF-Shield,v1a,FALCON1024+HMAC-SHA512+AES256GCM+DKG4of7,STOLEN_KEY,60,22.39,37,CUMULATIVE,74,51800,0,0,41430,0.555615,0.000001,0.714335,1,0.555615,0,64.45,44.44,0,0,1,0,0,0,76,1448,0.000001,1,0.4865,2,0,0,0,V1,0,0.555615,11097.2973,1,0,0,0.444385,1.444385,0,0,200
EDCF-Shield,v1a,FALCON1024+HMAC-SHA512+AES256GCM+DKG4of7,STOLEN_KEY,60,22.39,38,CYCLE,76,1400,0,0,1200,0.538462,0.013161,0.7,1,0.538462,0,63.08,46.15,0,0,1,0,0,0,76,1448,0.000001,1,0.4868,2,0,0,0,V1,0,0.55515,11118.42105,1,0,0,0.44485,1.44485,0,0,200
EDCF-Shield,v1a,FALCON1024+HMAC-SHA512+AES256GCM+DKG4of7,STOLEN_KEY,60,22.39,38,CUMULATIVE,76,53200,0,0,42630,0.55515,0.000001,0.71395,1,0.55515,0,64.41,44.49,0,0,1,0,0,0,76,1448,0.000001,1,0.4868,2,0,0,0,V1,0,0.55515,11118.42105,1,0,0,0.44485,1.44485,0,0,200
EDCF-Shield,v1a,FALCON1024+HMAC-SHA512+AES256GCM+DKG4of7,STOLEN_KEY,60,22.39,39,CYCLE,78,1400,0,0,1200,0.538462,0.012824,0.7,1,0.538462,0,63.08,46.15,0,0,1,0,0,0,76,1448,0.000001,1,0.4872,2,0,0,0,V1,0,0.554709,11138.46154,1,0,0,0.445291,1.445291,0,0,200
EDCF-Shield,v1a,FALCON1024+HMAC-SHA512+AES256GCM+DKG4of7,STOLEN_KEY,60,22.39,39,CUMULATIVE,78,54600,0,0,43830,0.554709,0,0.713586,1,0.554709,0,64.38,44.53,0,0,1,0,0,0,76,1448,0.000001,1,0.4872,2,0,0,0,V1,0,0.554709,11138.46154,1,0,0,0.445291,1.445291,0,0,200
EDCF-Shield,v1a,FALCON1024+HMAC-SHA512+AES256GCM+DKG4of7,STOLEN_KEY,60,22.39,40,CYCLE,80,1400,0,0,1200,0.538462,0.012503,0.7,1,0.538462,0,63.08,46.15,0,0,1,0,0,0,76,1448,0.000001,1,0.4875,2,0,0,0,V1,0,0.554291,11157.5,1,0,0,0.445709,1.445709,0,0,200
EDCF-Shield,v1a,FALCON1024+HMAC-SHA512+AES256GCM+DKG4of7,STOLEN_KEY,60,22.39,40,CUMULATIVE,80,56000,0,0,45030,0.554291,0,0.71324,1,0.554291,0,64.34,44.57,0,0,1,0,0,0,76,1448,0.000001,1,0.4875,2,0,0,0,V1,0,0.554291,11157.5,1,0,0,0.445709,1.445709,0,0,200
EDCF-Shield,v1a,FALCON1024+HMAC-SHA512+AES256GCM+DKG4of7,STOLEN_KEY,60,22.39,41,CYCLE,82,1400,0,0,1200,0.538462,0.012198,0.7,1,0.538462,0,63.08,46.15,0,0,1,0,0,0,76,1448,0.000001,1,0.4878,2,0,0,0,V1,0,0.553894,11175.60976,1,0,0,0.446106,1.446106,0,0,200
EDCF-Shield,v1a,FALCON1024+HMAC-SHA512+AES256GCM+DKG4of7,STOLEN_KEY,60,22.39,41,CUMULATIVE,82,57400,0,0,46230,0.553894,0,0.712911,1,0.553894,0,64.31,44.61,0,0,1,0,0,0,76,1448,0.000001,1,0.4878,2,0,0,0,V1,0,0.553894,11175.60976,1,0,0,0.446106,1.446106,0,0,200
EDCF-Shield,v1a,FALCON1024+HMAC-SHA512+AES256GCM+DKG4of7,STOLEN_KEY,60,22.39,42,CYCLE,84,1400,0,0,1200,0.538462,0.011908,0.7,1,0.538462,0,63.08,46.15,0,0,1,0,0,0,76,1448,0.000001,1,0.4881,2,0,0,0,V1,0,0.553516,11192.85714,1,0,0,0.446484,1.446484,0,0,200
EDCF-Shield,v1a,FALCON1024+HMAC-SHA512+AES256GCM+DKG4of7,STOLEN_KEY,60,22.39,42,CUMULATIVE,84,58800,0,0,47430,0.553516,0,0.712598,1,0.553516,0,64.28,44.65,0,0,1,0,0,0,76,1448,0.000001,1,0.4881,2,0,0,0,V1,0,0.553516,11192.85714,1,0,0,0.446484,1.446484,0,0,200
EDCF-Shield,v1a,FALCON1024+HMAC-SHA512+AES256GCM+DKG4of7,STOLEN_KEY,60,22.39,43,CYCLE,86,1400,0,0,1200,0.538462,0.011631,0.7,1,0.538462,0,63.08,46.15,0,0,1,0,0,0,76,1448,0.000001,1,0.4884,2,0,0,0,V1,0,0.553156,11209.30233,1,0,0,0.446844,1.446844,0,0,200
EDCF-Shield,v1a,FALCON1024+HMAC-SHA512+AES256GCM+DKG4of7,STOLEN_KEY,60,22.39,43,CUMULATIVE,86,60200,0,0,48630,0.553156,0,0.7123,1,0.553156,0,64.25,44.68,0,0,1,0,0,0,76,1448,0.000001,1,0.4884,2,0,0,0,V1,0,0.553156,11209.30233,1,0,0,0.446844,1.446844,0,0,200
EDCF-Shield,v1a,FALCON1024+HMAC-SHA512+AES256GCM+DKG4of7,STOLEN_KEY,60,22.39,44,CYCLE,88,1400,0,0,1200,0.538462,0.011367,0.7,1,0.538462,0,63.08,46.15,0,0,1,0,0,0,76,1448,0.000001,1,0.4886,2,0,0,0,V1,0,0.552813,11225,1,0,0,0.447187,1.447187,0,0,200
EDCF-Shield,v1a,FALCON1024+HMAC-SHA512+AES256GCM+DKG4of7,STOLEN_KEY,60,22.39,44,CUMULATIVE,88,61600,0,0,49830,0.552813,0,0.712015,1,0.552813,0,64.23,44.72,0,0,1,0,0,0,76,1448,0.000001,1,0.4886,2,0,0,0,V1,0,0.552813,11225,1,0,0,0.447187,1.447187,0,0,200
EDCF-Shield,v1a,FALCON1024+HMAC-SHA512+AES256GCM+DKG4of7,STOLEN_KEY,60,22.39,45,CYCLE,90,1400,0,0,1200,0.538462,0.011114,0.7,1,0.538462,0,63.08,46.15,0,0,1,0,0,0,76,1448,0.000001,1,0.4889,2,0,0,0,V1,0,0.552486,11240,1,0,0,0.447514,1.447514,0,0,200
EDCF-Shield,v1a,FALCON1024+HMAC-SHA512+AES256GCM+DKG4of7,STOLEN_KEY,60,22.39,45,CUMULATIVE,90,63000,0,0,51030,0.552486,0,0.711744,1,0.552486,0,64.2,44.75,0,0,1,0,0,0,76,1448,0.000001,1,0.4889,2,0,0,0,V1,0,0.552486,11240,1,0,0,0.447514,1.447514,0,0,200
EDCF-Shield,v1a,FALCON1024+HMAC-SHA512+AES256GCM+DKG4of7,STOLEN_KEY,60,22.39,46,CYCLE,92,1400,0,0,1200,0.538462,0.010873,0.7,1,0.538462,0,63.08,46.15,0,0,1,0,0,0,76,1448,0.000001,1,0.4891,2,0,0,0,V1,0,0.552174,11254.34783,1,0,0,0.447826,1.447826,0,0,200
EDCF-Shield,v1a,FALCON1024+HMAC-SHA512+AES256GCM+DKG4of7,STOLEN_KEY,60,22.39,46,CUMULATIVE,92,64400,0,0,52230,0.552174,0,0.711484,1,0.552174,0,64.17,44.78,0,0,1,0,0,0,76,1448,0.000001,1,0.4891,2,0,0,0,V1,0,0.552174,11254.34783,1,0,0,0.447826,1.447826,0,0,200
EDCF-Shield,v1a,FALCON1024+HMAC-SHA512+AES256GCM+DKG4of7,STOLEN_KEY,60,22.39,47,CYCLE,94,1400,0,0,1200,0.538462,0.010641,0.7,1,0.538462,0,63.08,46.15,0,0,1,0,0,0,76,1448,0.000001,1,0.4894,2,0,0,0,V1,0,0.551875,11268.08511,1,0,0,0.448125,1.448125,0,0,200
EDCF-Shield,v1a,FALCON1024+HMAC-SHA512+AES256GCM+DKG4of7,STOLEN_KEY,60,22.39,47,CUMULATIVE,94,65800,0,0,53430,0.551875,0,0.711236,1,0.551875,0,64.15,44.81,0,0,1,0,0,0,76,1448,0.000001,1,0.4894,2,0,0,0,V1,0,0.551875,11268.08511,1,0,0,0.448125,1.448125,0,0,200
EDCF-Shield,v1a,FALCON1024+HMAC-SHA512+AES256GCM+DKG4of7,STOLEN_KEY,60,22.39,48,CYCLE,96,1400,0,0,1200,0.538462,0.01042,0.7,1,0.538462,0,63.08,46.15,0,0,1,0,0,0,76,1448,0.000001,1,0.4896,2,0,0,0,V1,0,0.551588,11281.25,1,0,0,0.448412,1.448412,0,0,200
EDCF-Shield,v1a,FALCON1024+HMAC-SHA512+AES256GCM+DKG4of7,STOLEN_KEY,60,22.39,48,CUMULATIVE,96,67200,0,0,54630,0.551588,0,0.710998,1,0.551588,0,64.13,44.84,0,0,1,0,0,0,76,1448,0.000001,1,0.4896,2,0,0,0,V1,0,0.551588,11281.25,1,0,0,0.448412,1.448412,0,0,200
EDCF-Shield,v1a,FALCON1024+HMAC-SHA512+AES256GCM+DKG4of7,STOLEN_KEY,60,22.39,49,CYCLE,98,1400,0,0,1200,0.538462,0.010207,0.7,1,0.538462,0,63.08,46.15,0,0,1,0,0,0,76,1448,0.000001,1,0.4898,2,0,0,0,V1,0,0.551314,11293.87755,1,0,0,0.448686,1.448686,0,0,200
EDCF-Shield,v1a,FALCON1024+HMAC-SHA512+AES256GCM+DKG4of7,STOLEN_KEY,60,22.39,49,CUMULATIVE,98,68600,0,0,55830,0.551314,0,0.71077,1,0.551314,0,64.11,44.87,0,0,1,0,0,0,76,1448,0.000001,1,0.4898,2,0,0,0,V1,0,0.551314,11293.87755,1,0,0,0.448686,1.448686,0,0,200
EDCF-Shield,v1a,FALCON1024+HMAC-SHA512+AES256GCM+DKG4of7,STOLEN_KEY,60,22.39,50,CYCLE,100,1400,0,0,1200,0.538462,0.010003,0.7,1,0.538462,0,63.08,46.15,0,0,1,0,0,0,76,1448,0.000001,1,0.49,2,0,0,0,V1,0,0.551051,11306,1,0,0,0.448949,1.448949,0,0,200
EDCF-Shield,v1a,FALCON1024+HMAC-SHA512+AES256GCM+DKG4of7,STOLEN_KEY,60,22.39,50,CUMULATIVE,100,70000,0,0,57030,0.551051,0,0.710552,1,0.551051,0,64.08,44.89,0,0,1,0,0,0,76,1448,0.000001,1,0.49,2,0,0,0,V1,0,0.551051,11306,1,0,0,0.448949,1.448949,0,0,200
EDCF-Shield,v1a,FALCON1024+HMAC-SHA512+AES256GCM+DKG4of7,STOLEN_KEY,60,22.39,51,CYCLE,102,1400,0,0,1200,0.538462,0.009807,0.7,1,0.538462,0,63.08,46.15,0,0,1,0,0,0,76,1448,0.000001,1,0.4902,2,0,0,0,V1,0,0.550798,11317.64706,1,0,0,0.449202,1.449202,0,0,200
EDCF-Shield,v1a,FALCON1024+HMAC-SHA512+AES256GCM+DKG4of7,STOLEN_KEY,60,22.39,51,CUMULATIVE,102,71400,0,0,58230,0.550798,0,0.710342,1,0.550798,0,64.06,44.92,0,0,1,0,0,0,76,1448,0.000001,1,0.4902,2,0,0,0,V1,0,0.550798,11317.64706,1,0,0,0.449202,1.449202,0,0,200
EDCF-Shield,v1a,FALCON1024+HMAC-SHA512+AES256GCM+DKG4of7,STOLEN_KEY,60,22.39,52,CYCLE,104,1400,0,0,1200,0.538462,0.009618,0.7,1,0.538462,0,63.08,46.15,0,0,1,0,0,0,76,1448,0.000001,1,0.4904,2,0,0,0,V1,0,0.550556,11328.84615,1,0,0,0.449444,1.449444,0,0,200
EDCF-Shield,v1a,FALCON1024+HMAC-SHA512+AES256GCM+DKG4of7,STOLEN_KEY,60,22.39,52,CUMULATIVE,104,72800,0,0,59430,0.550556,0,0.71014,1,0.550556,0,64.04,44.94,0,0,1,0,0,0,76,1448,0.000001,1,0.4904,2,0,0,0,V1,0,0.550556,11328.84615,1,0,0,0.449444,1.449444,0,0,200
EDCF-Shield,v1a,FALCON1024+HMAC-SHA512+AES256GCM+DKG4of7,STOLEN_KEY,60,22.39,53,CYCLE,106,1400,0,0,1200,0.538462,0.009437,0.7,1,0.538462,0,63.08,46.15,0,0,1,0,0,0,76,1448,0.000001,1,0.4906,2,0,0,0,V1,0,0.550323,11339.62264,1,0,0,0.449677,1.449677,0,0,200
EDCF-Shield,v1a,FALCON1024+HMAC-SHA512+AES256GCM+DKG4of7,STOLEN_KEY,60,22.39,53,CUMULATIVE,106,74200,0,0,60630,0.550323,0,0.709946,1,0.550323,0,64.03,44.97,0,0,1,0,0,0,76,1448,0.000001,1,0.4906,2,0,0,0,V1,0,0.550323,11339.62264,1,0,0,0.449677,1.449677,0,0,200
EDCF-Shield,v1a,FALCON1024+HMAC-SHA512+AES256GCM+DKG4of7,STOLEN_KEY,60,22.39,54,CYCLE,108,1400,0,0,1200,0.538462,0.009262,0.7,1,0.538462,0,63.08,46.15,0,0,1,0,0,0,76,1448,0.000001,1,0.4907,2,0,0,0,V1,0,0.550098,11350,1,0,0,0.449902,1.449902,0,0,200
EDCF-Shield,v1a,FALCON1024+HMAC-SHA512+AES256GCM+DKG4of7,STOLEN_KEY,60,22.39,54,CUMULATIVE,108,75600,0,0,61830,0.550098,0,0.709759,1,0.550098,0,64.01,44.99,0,0,1,0,0,0,76,1448,0.000001,1,0.4907,2,0,0,0,V1,0,0.550098,11350,1,0,0,0.449902,1.449902,0,0,200
EDCF-Shield,v1a,FALCON1024+HMAC-SHA512+AES256GCM+DKG4of7,STOLEN_KEY,60,22.39,55,CYCLE,110,1400,0,0,1200,0.538462,0.009094,0.7,1,0.538462,0,63.08,46.15,0,0,1,0,0,0,76,1448,0.000001,1,0.4909,2,0,0,0,V1,0,0.549882,11360,1,0,0,0.450118,1.450118,0,0,200
EDCF-Shield,v1a,FALCON1024+HMAC-SHA512+AES256GCM+DKG4of7,STOLEN_KEY,60,22.39,55,CUMULATIVE,110,77000,0,0,63030,0.549882,0,0.709579,1,0.549882,0,63.99,45.01,0,0,1,0,0,0,76,1448,0.000001,1,0.4909,2,0,0,0,V1,0,0.549882,11360,1,0,0,0.450118,1.450118,0,0,200
EDCF-Shield,v1a,FALCON1024+HMAC-SHA512+AES256GCM+DKG4of7,STOLEN_KEY,60,22.39,56,CYCLE,112,1400,0,0,1200,0.538462,0.008932,0.7,1,0.538462,0,63.08,46.15,0,0,1,0,0,0,76,1448,0.000001,1,0.4911,2,0,0,0,V1,0,0.549674,11369.64286,1,0,0,0.450326,1.450326,0,0,200
EDCF-Shield,v1a,FALCON1024+HMAC-SHA512+AES256GCM+DKG4of7,STOLEN_KEY,60,22.39,56,CUMULATIVE,112,78400,0,0,64230,0.549674,0,0.709406,1,0.549674,0,63.97,45.03,0,0,1,0,0,0,76,1448,0.000001,1,0.4911,2,0,0,0,V1,0,0.549674,11369.64286,1,0,0,0.450326,1.450326,0,0,200
EDCF-Shield,v1a,FALCON1024+HMAC-SHA512+AES256GCM+DKG4of7,STOLEN_KEY,60,22.39,57,CYCLE,114,1400,0,0,1200,0.538462,0.008775,0.7,1,0.538462,0,63.08,46.15,0,0,1,0,0,0,76,1448,0.000001,1,0.4912,2,0,0,0,V1,0,0.549473,11378.94737,1,0,0,0.450527,1.450527,0,0,200
EDCF-Shield,v1a,FALCON1024+HMAC-SHA512+AES256GCM+DKG4of7,STOLEN_KEY,60,22.39,57,CUMULATIVE,114,79800,0,0,65430,0.549473,0,0.709239,1,0.549473,0,63.96,45.05,0,0,1,0,0,0,76,1448,0.000001,1,0.4912,2,0,0,0,V1,0,0.549473,11378.94737,1,0,0,0.450527,1.450527,0,0,200
EDCF-Shield,v1a,FALCON1024+HMAC-SHA512+AES256GCM+DKG4of7,STOLEN_KEY,60,22.39,58,CYCLE,116,1400,0,0,1200,0.538462,0.008624,0.7,1,0.538462,0,63.08,46.15,0,0,1,0,0,0,76,1448,0.000001,1,0.4914,2,0,0,0,V1,0,0.54928,11387.93103,1,0,0,0.45072,1.45072,0,0,200
EDCF-Shield,v1a,FALCON1024+HMAC-SHA512+AES256GCM+DKG4of7,STOLEN_KEY,60,22.39,58,CUMULATIVE,116,81200,0,0,66630,0.54928,0,0.709077,1,0.54928,0,63.94,45.07,0,0,1,0,0,0,76,1448,0.000001,1,0.4914,2,0,0,0,V1,0,0.54928,11387.93103,1,0,0,0.45072,1.45072,0,0,200
EDCF-Shield,v1a,FALCON1024+HMAC-SHA512+AES256GCM+DKG4of7,STOLEN_KEY,60,22.39,59,CYCLE,118,1400,0,0,1200,0.538462,0.008478,0.7,1,0.538462,0,63.08,46.15,0,0,1,0,0,0,76,1448,0.000001,1,0.4915,2,0,0,0,V1,0,0.549093,11396.61017,1,0,0,0.450907,1.450907,0,0,200
EDCF-Shield,v1a,FALCON1024+HMAC-SHA512+AES256GCM+DKG4of7,STOLEN_KEY,60,22.39,59,CUMULATIVE,118,82600,0,0,67830,0.549093,0,0.708922,1,0.549093,0,63.93,45.09,0,0,1,0,0,0,76,1448,0.000001,1,0.4915,2,0,0,0,V1,0,0.549093,11396.61017,1,0,0,0.450907,1.450907,0,0,200
EDCF-Shield,v1a,FALCON1024+HMAC-SHA512+AES256GCM+DKG4of7,STOLEN_KEY,60,22.39,60,CYCLE,120,1400,0,0,1200,0.538462,0.008336,0.7,1,0.538462,0,63.08,46.15,0,0,1,0,0,0,76,1448,0.000001,1,0.4917,2,0,0,0,V1,0,0.548912,11405,1,0,0,0.451088,1.451088,0,0,200
EDCF-Shield,v1a,FALCON1024+HMAC-SHA512+AES256GCM+DKG4of7,STOLEN_KEY,60,22.39,60,CUMULATIVE,120,84000,0,0,69030,0.548912,0,0.708771,1,0.548912,0,63.91,45.11,0,0,1,0,0,0,76,1448,0.000001,1,0.4917,2,0,0,0,V1,0,0.548912,11405,1,0,0,0.451088,1.451088,0,0,200
EDCF-Shield,v1a,FALCON1024+HMAC-SHA512+AES256GCM+DKG4of7,STOLEN_KEY,60,22.39,61,CYCLE,122,1400,0,0,1200,0.538462,0.0082,0.7,1,0.538462,0,63.08,46.15,0,0,1,0,0,0,76,1448,0.000001,1,0.4918,2,0,0,0,V1,0,0.548737,11413.11475,1,0,0,0.451263,1.451263,0,0,200
EDCF-Shield,v1a,FALCON1024+HMAC-SHA512+AES256GCM+DKG4of7,STOLEN_KEY,60,22.39,61,CUMULATIVE,122,85400,0,0,70230,0.548737,0,0.708625,1,0.548737,0,63.9,45.13,0,0,1,0,0,0,76,1448,0.000001,1,0.4918,2,0,0,0,V1,0,0.548737,11413.11475,1,0,0,0.451263,1.451263,0,0,200
EDCF-Shield,v1a,FALCON1024+HMAC-SHA512+AES256GCM+DKG4of7,STOLEN_KEY,60,22.39,62,CYCLE,124,1400,0,0,1200,0.538462,0.008067,0.7,1,0.538462,0,63.08,46.15,0,0,1,0,0,0,76,1448,0.000001,1,0.4919,2,0,0,0,V1,0,0.548569,11420.96774,1,0,0,0.451431,1.451431,0,0,200
EDCF-Shield,v1a,FALCON1024+HMAC-SHA512+AES256GCM+DKG4of7,STOLEN_KEY,60,22.39,62,CUMULATIVE,124,86800,0,0,71430,0.548569,0,0.708485,1,0.548569,0,63.89,45.14,0,0,1,0,0,0,76,1448,0.000001,1,0.4919,2,0,0,0,V1,0,0.548569,11420.96774,1,0,0,0.451431,1.451431,0,0,200
EDCF-Shield,v1a,FALCON1024+HMAC-SHA512+AES256GCM+DKG4of7,STOLEN_KEY,60,22.39,63,CYCLE,126,1400,0,0,1200,0.538462,0.007939,0.7,1,0.538462,0,63.08,46.15,0,0,1,0,0,0,76,1448,0.000001,1,0.4921,2,0,0,0,V1,0,0.548405,11428.57143,1,0,0,0.451595,1.451595,0,0,200
EDCF-Shield,v1a,FALCON1024+HMAC-SHA512+AES256GCM+DKG4of7,STOLEN_KEY,60,22.39,63,CUMULATIVE,126,88200,0,0,72630,0.548405,0,0.708348,1,0.548405,0,63.87,45.16,0,0,1,0,0,0,76,1448,0.000001,1,0.4921,2,0,0,0,V1,0,0.548405,11428.57143,1,0,0,0.451595,1.451595,0,0,200
EDCF-Shield,v1a,FALCON1024+HMAC-SHA512+AES256GCM+DKG4of7,STOLEN_KEY,60,22.39,64,CYCLE,128,1400,0,0,1200,0.538462,0.007815,0.7,1,0.538462,0,63.08,46.15,0,0,1,0,0,0,76,1448,0.000001,1,0.4922,2,0,0,0,V1,0,0.548247,11435.9375,1,0,0,0.451753,1.451753,0,0,200
EDCF-Shield,v1a,FALCON1024+HMAC-SHA512+AES256GCM+DKG4of7,STOLEN_KEY,60,22.39,64,CUMULATIVE,128,89600,0,0,73830,0.548247,0,0.708216,1,0.548247,0,63.86,45.18,0,0,1,0,0,0,76,1448,0.000001,1,0.4922,2,0,0,0,V1,0,0.548247,11435.9375,1,0,0,0.451753,1.451753,0,0,200
EDCF-Shield,v1a,FALCON1024+HMAC-SHA512+AES256GCM+DKG4of7,STOLEN_KEY,60,22.39,65,CYCLE,130,1400,0,0,1200,0.538462,0.007695,0.7,1,0.538462,0,63.08,46.15,0,0,1,0,0,0,76,1448,0.000001,1,0.4923,2,0,0,0,V1,0,0.548094,11443.07692,1,0,0,0.451906,1.451906,0,0,200
EDCF-Shield,v1a,FALCON1024+HMAC-SHA512+AES256GCM+DKG4of7,STOLEN_KEY,60,22.39,65,CUMULATIVE,130,91000,0,0,75030,0.548094,0,0.708089,1,0.548094,0,63.85,45.19,0,0,1,0,0,0,76,1448,0.000001,1,0.4923,2,0,0,0,V1,0,0.548094,11443.07692,1,0,0,0.451906,1.451906,0,0,200
EDCF-Shield,v1a,FALCON1024+HMAC-SHA512+AES256GCM+DKG4of7,STOLEN_KEY,60,22.39,66,CYCLE,132,1400,0,0,1200,0.538462,0.007579,0.7,1,0.538462,0,63.08,46.15,0,0,1,0,0,0,76,1448,0.000001,1,0.4924,2,0,0,0,V1,0,0.547945,11450,1,0,0,0.452055,1.452055,0,0,200
EDCF-Shield,v1a,FALCON1024+HMAC-SHA512+AES256GCM+DKG4of7,STOLEN_KEY,60,22.39,66,CUMULATIVE,132,92400,0,0,76230,0.547945,0,0.707965,1,0.547945,0,63.84,45.21,0,0,1,0,0,0,76,1448,0.000001,1,0.4924,2,0,0,0,V1,0,0.547945,11450,1,0,0,0.452055,1.452055,0,0,200
EDCF-Shield,v1a,FALCON1024+HMAC-SHA512+AES256GCM+DKG4of7,STOLEN_KEY,60,22.39,67,CYCLE,134,1400,0,0,1200,0.538462,0.007466,0.7,1,0.538462,0,63.08,46.15,0,0,1,0,0,0,76,1448,0.000001,1,0.4925,2,0,0,0,V1,0,0.547801,11456.71642,1,0,0,0.452199,1.452199,0,0,200
EDCF-Shield,v1a,FALCON1024+HMAC-SHA512+AES256GCM+DKG4of7,STOLEN_KEY,60,22.39,67,CUMULATIVE,134,93800,0,0,77430,0.547801,0,0.707844,1,0.547801,0,63.82,45.22,0,0,1,0,0,0,76,1448,0.000001,1,0.4925,2,0,0,0,V1,0,0.547801,11456.71642,1,0,0,0.452199,1.452199,0,0,200
EDCF-Shield,v1a,FALCON1024+HMAC-SHA512+AES256GCM+DKG4of7,STOLEN_KEY,60,22.39,68,CYCLE,136,1400,0,0,1200,0.538462,0.007356,0.7,1,0.538462,0,63.08,46.15,0,0,1,0,0,0,76,1448,0.000001,1,0.4926,2,0,0,0,V1,0,0.547662,11463.23529,1,0,0,0.452338,1.452338,0,0,200
EDCF-Shield,v1a,FALCON1024+HMAC-SHA512+AES256GCM+DKG4of7,STOLEN_KEY,60,22.39,68,CUMULATIVE,136,95200,0,0,78630,0.547662,0,0.707728,1,0.547662,0,63.81,45.23,0,0,1,0,0,0,76,1448,0.000001,1,0.4926,2,0,0,0,V1,0,0.547662,11463.23529,1,0,0,0.452338,1.452338,0,0,200
EDCF-Shield,v1a,FALCON1024+HMAC-SHA512+AES256GCM+DKG4of7,STOLEN_KEY,60,22.39,69,CYCLE,138,1400,0,0,1200,0.538462,0.007249,0.7,1,0.538462,0,63.08,46.15,0,0,1,0,0,0,76,1448,0.000001,1,0.4928,2,0,0,0,V1,0,0.547526,11469.56522,1,0,0,0.452474,1.452474,0,0,200
EDCF-Shield,v1a,FALCON1024+HMAC-SHA512+AES256GCM+DKG4of7,STOLEN_KEY,60,22.39,69,CUMULATIVE,138,96600,0,0,79830,0.547526,0,0.707615,1,0.547526,0,63.8,45.25,0,0,1,0,0,0,76,1448,0.000001,1,0.4928,2,0,0,0,V1,0,0.547526,11469.56522,1,0,0,0.452474,1.452474,0,0,200
EDCF-Shield,v1a,FALCON1024+HMAC-SHA512+AES256GCM+DKG4of7,STOLEN_KEY,60,22.39,70,CYCLE,140,1400,0,0,1200,0.538462,0.007146,0.7,1,0.538462,0,63.08,46.15,0,0,1,0,0,0,76,1448,0.000001,1,0.4929,2,0,0,0,V1,0,0.547394,11475.71429,1,0,0,0.452606,1.452606,0,0,200
EDCF-Shield,v1a,FALCON1024+HMAC-SHA512+AES256GCM+DKG4of7,STOLEN_KEY,60,22.39,70,CUMULATIVE,140,98000,0,0,81030,0.547394,0,0.707505,1,0.547394,0,63.79,45.26,0,0,1,0,0,0,76,1448,0.000001,1,0.4929,2,0,0,0,V1,0,0.547394,11475.71429,1,0,0,0.452606,1.452606,0,0,200
EDCF-Shield,v1a,FALCON1024+HMAC-SHA512+AES256GCM+DKG4of7,STOLEN_KEY,60,22.39,71,CYCLE,142,1400,0,0,1200,0.538462,0.007045,0.7,1,0.538462,0,63.08,46.15,0,0,1,0,0,0,76,1448,0.000001,1,0.493,2,0,0,0,V1,0,0.547266,11481.69014,1,0,0,0.452734,1.452734,0,0,200
EDCF-Shield,v1a,FALCON1024+HMAC-SHA512+AES256GCM+DKG4of7,STOLEN_KEY,60,22.39,71,CUMULATIVE,142,99400,0,0,82230,0.547266,0,0.707398,1,0.547266,0,63.78,45.27,0,0,1,0,0,0,76,1448,0.000001,1,0.493,2,0,0,0,V1,0,0.547266,11481.69014,1,0,0,0.452734,1.452734,0,0,200
EDCF-Shield,v1a,FALCON1024+HMAC-SHA512+AES256GCM+DKG4of7,STOLEN_KEY,60,22.39,72,CYCLE,144,1400,0,0,1200,0.538462,0.006947,0.7,1,0.538462,0,63.08,46.15,0,0,1,0,0,0,76,1448,0.000001,1,0.4931,2,0,0,0,V1,0,0.547142,11487.5,1,0,0,0.452858,1.452858,0,0,200
EDCF-Shield,v1a,FALCON1024+HMAC-SHA512+AES256GCM+DKG4of7,STOLEN_KEY,60,22.39,72,CUMULATIVE,144,100800,0,0,83430,0.547142,0,0.707294,1,0.547142,0,63.77,45.29,0,0,1,0,0,0,76,1448,0.000001,1,0.4931,2,0,0,0,V1,0,0.547142,11487.5,1,0,0,0.452858,1.452858,0,0,200
EDCF-Shield,v1a,FALCON1024+HMAC-SHA512+AES256GCM+DKG4of7,STOLEN_KEY,60,22.39,73,CYCLE,146,1400,0,0,1200,0.538462,0.006852,0.7,1,0.538462,0,63.08,46.15,0,0,1,0,0,0,76,1448,0.000001,1,0.4932,2,0,0,0,V1,0,0.547021,11493.15069,1,0,0,0.452979,1.452979,0,0,200
EDCF-Shield,v1a,FALCON1024+HMAC-SHA512+AES256GCM+DKG4of7,STOLEN_KEY,60,22.39,73,CUMULATIVE,146,102200,0,0,84630,0.547021,0,0.707193,1,0.547021,0,63.76,45.3,0,0,1,0,0,0,76,1448,0.000001,1,0.4932,2,0,0,0,V1,0,0.547021,11493.15069,1,0,0,0.452979,1.452979,0,0,200
EDCF-Shield,v1a,FALCON1024+HMAC-SHA512+AES256GCM+DKG4of7,STOLEN_KEY,60,22.39,74,CYCLE,148,1400,0,0,1200,0.538462,0.00676,0.7,1,0.538462,0,63.08,46.15,0,0,1,0,0,0,76,1448,0.000001,1,0.4932,2,0,0,0,V1,0,0.546904,11498.64865,1,0,0,0.453096,1.453096,0,0,200
EDCF-Shield,v1a,FALCON1024+HMAC-SHA512+AES256GCM+DKG4of7,STOLEN_KEY,60,22.39,74,CUMULATIVE,148,103600,0,0,85830,0.546904,0,0.707095,1,0.546904,0,63.75,45.31,0,0,1,0,0,0,76,1448,0.000001,1,0.4932,2,0,0,0,V1,0,0.546904,11498.64865,1,0,0,0.453096,1.453096,0,0,200
EDCF-Shield,v1a,FALCON1024+HMAC-SHA512+AES256GCM+DKG4of7,STOLEN_KEY,60,22.39,75,CYCLE,150,1400,0,0,1200,0.538462,0.006669,0.7,1,0.538462,0,63.08,46.15,0,0,1,0,0,0,76,1448,0.000001,1,0.4933,2,0,0,0,V1,0,0.54679,11504,1,0,0,0.45321,1.45321,0,0,200
EDCF-Shield,v1a,FALCON1024+HMAC-SHA512+AES256GCM+DKG4of7,STOLEN_KEY,60,22.39,75,CUMULATIVE,150,105000,0,0,87030,0.54679,0,0.706999,1,0.54679,0,63.74,45.32,0,0,1,0,0,0,76,1448,0.000001,1,0.4933,2,0,0,0,V1,0,0.54679,11504,1,0,0,0.45321,1.45321,0,0,200
EDCF-Shield,v1a,FALCON1024+HMAC-SHA512+AES256GCM+DKG4of7,STOLEN_KEY,60,22.39,76,CYCLE,152,1400,0,0,1200,0.538462,0.006582,0.7,1,0.538462,0,63.08,46.15,0,0,1,0,0,0,76,1448,0.000001,1,0.4934,2,0,0,0,V1,0,0.546678,11509.21053,1,0,0,0.453322,1.453322,0,0,200
EDCF-Shield,v1a,FALCON1024+HMAC-SHA512+AES256GCM+DKG4of7,STOLEN_KEY,60,22.39,76,CUMULATIVE,152,106400,0,0,88230,0.546678,0,0.706906,1,0.546678,0,63.73,45.33,0,0,1,0,0,0,76,1448,0.000001,1,0.4934,2,0,0,0,V1,0,0.546678,11509.21053,1,0,0,0.453322,1.453322,0,0,200
EDCF-Shield,v1a,FALCON1024+HMAC-SHA512+AES256GCM+DKG4of7,STOLEN_KEY,60,22.39,77,CYCLE,154,1400,0,0,1200,0.538462,0.006496,0.7,1,0.538462,0,63.08,46.15,0,0,1,0,0,0,76,1448,0.000001,1,0.4935,2,0,0,0,V1,0,0.54657,11514.28571,1,0,0,0.45343,1.45343,0,0,200
EDCF-Shield,v1a,FALCON1024+HMAC-SHA512+AES256GCM+DKG4of7,STOLEN_KEY,60,22.39,77,CUMULATIVE,154,107800,0,0,89430,0.54657,0,0.706816,1,0.54657,0,63.73,45.34,0,0,1,0,0,0,76,1448,0.000001,1,0.4935,2,0,0,0,V1,0,0.54657,11514.28571,1,0,0,0.45343,1.45343,0,0,200
EDCF-Shield,v1a,FALCON1024+HMAC-SHA512+AES256GCM+DKG4of7,STOLEN_KEY,60,22.39,78,CYCLE,156,1400,0,0,1200,0.538462,0.006413,0.7,1,0.538462,0,63.08,46.15,0,0,1,0,0,0,76,1448,0.000001,1,0.4936,2,0,0,0,V1,0,0.546464,11519.23077,1,0,0,0.453536,1.453536,0,0,200
EDCF-Shield,v1a,FALCON1024+HMAC-SHA512+AES256GCM+DKG4of7,STOLEN_KEY,60,22.39,78,CUMULATIVE,156,109200,0,0,90630,0.546464,0,0.706728,1,0.546464,0,63.72,45.35,0,0,1,0,0,0,76,1448,0.000001,1,0.4936,2,0,0,0,V1,0,0.546464,11519.23077,1,0,0,0.453536,1.453536,0,0,200
EDCF-Shield,v1a,FALCON1024+HMAC-SHA512+AES256GCM+DKG4of7,STOLEN_KEY,60,22.39,79,CYCLE,158,1400,0,0,1200,0.538462,0.006332,0.7,1,0.538462,0,63.08,46.15,0,0,1,0,0,0,76,1448,0.000001,1,0.4937,2,0,0,0,V1,0,0.546362,11524.05063,1,0,0,0.453638,1.453638,0,0,200
EDCF-Shield,v1a,FALCON1024+HMAC-SHA512+AES256GCM+DKG4of7,STOLEN_KEY,60,22.39,79,CUMULATIVE,158,110600,0,0,91830,0.546362,0,0.706642,1,0.546362,0,63.71,45.36,0,0,1,0,0,0,76,1448,0.000001,1,0.4937,2,0,0,0,V1,0,0.546362,11524.05063,1,0,0,0.453638,1.453638,0,0,200
EDCF-Shield,v1a,FALCON1024+HMAC-SHA512+AES256GCM+DKG4of7,STOLEN_KEY,60,22.39,80,CYCLE,160,1400,0,0,1200,0.538462,0.006253,0.7,1,0.538462,0,63.08,46.15,0,0,1,0,0,0,76,1448,0.000001,1,0.4938,2,0,0,0,V1,0,0.546262,11528.75,1,0,0,0.453738,1.453738,0,0,200
EDCF-Shield,v1a,FALCON1024+HMAC-SHA512+AES256GCM+DKG4of7,STOLEN_KEY,60,22.39,80,CUMULATIVE,160,112000,0,0,93030,0.546262,0,0.706558,1,0.546262,0,63.7,45.37,0,0,1,0,0,0,76,1448,0.000001,1,0.4938,2,0,0,0,V1,0,0.546262,11528.75,1,0,0,0.453738,1.453738,0,0,200
EDCF-Shield,v1a,FALCON1024+HMAC-SHA512+AES256GCM+DKG4of7,STOLEN_KEY,60,22.39,81,CYCLE,162,1400,0,0,1200,0.538462,0.006176,0.7,1,0.538462,0,63.08,46.15,0,0,1,0,0,0,76,1448,0.000001,1,0.4938,2,0,0,0,V1,0,0.546164,11533.33333,1,0,0,0.453836,1.453836,0,0,200
EDCF-Shield,v1a,FALCON1024+HMAC-SHA512+AES256GCM+DKG4of7,STOLEN_KEY,60,22.39,81,CUMULATIVE,162,113400,0,0,94230,0.546164,0,0.706476,1,0.546164,0,63.69,45.38,0,0,1,0,0,0,76,1448,0.000001,1,0.4938,2,0,0,0,V1,0,0.546164,11533.33333,1,0,0,0.453836,1.453836,0,0,200
EDCF-Shield,v1a,FALCON1024+HMAC-SHA512+AES256GCM+DKG4of7,STOLEN_KEY,60,22.39,82,CYCLE,164,1400,0,0,1200,0.538462,0.0061,0.7,1,0.538462,0,63.08,46.15,0,0,1,0,0,0,76,1448,0.000001,1,0.4939,2,0,0,0,V1,0,0.546069,11537.80488,1,0,0,0.453931,1.453931,0,0,200
EDCF-Shield,v1a,FALCON1024+HMAC-SHA512+AES256GCM+DKG4of7,STOLEN_KEY,60,22.39,82,CUMULATIVE,164,114800,0,0,95430,0.546069,0,0.706396,1,0.546069,0,63.69,45.39,0,0,1,0,0,0,76,1448,0.000001,1,0.4939,2,0,0,0,V1,0,0.546069,11537.80488,1,0,0,0.453931,1.453931,0,0,200
EDCF-Shield,v1a,FALCON1024+HMAC-SHA512+AES256GCM+DKG4of7,STOLEN_KEY,60,22.39,83,CYCLE,166,1400,0,0,1200,0.538462,0.006027,0.7,1,0.538462,0,63.08,46.15,0,0,1,0,0,0,76,1448,0.000001,1,0.494,2,0,0,0,V1,0,0.545976,11542.16868,1,0,0,0.454024,1.454024,0,0,200
EDCF-Shield,v1a,FALCON1024+HMAC-SHA512+AES256GCM+DKG4of7,STOLEN_KEY,60,22.39,83,CUMULATIVE,166,116200,0,0,96630,0.545976,0,0.706319,1,0.545976,0,63.68,45.4,0,0,1,0,0,0,76,1448,0.000001,1,0.494,2,0,0,0,V1,0,0.545976,11542.16868,1,0,0,0.454024,1.454024,0,0,200
EDCF-Shield,v1a,FALCON1024+HMAC-SHA512+AES256GCM+DKG4of7,STOLEN_KEY,60,22.39,84,CYCLE,168,1400,0,0,1200,0.538462,0.005955,0.7,1,0.538462,0,63.08,46.15,0,0,1,0,0,0,76,1448,0.000001,1,0.494,2,0,0,0,V1,0,0.545885,11546.42857,1,0,0,0.454115,1.454115,0,0,200
EDCF-Shield,v1a,FALCON1024+HMAC-SHA512+AES256GCM+DKG4of7,STOLEN_KEY,60,22.39,84,CUMULATIVE,168,117600,0,0,97830,0.545885,0,0.706243,1,0.545885,0,63.67,45.41,0,0,1,0,0,0,76,1448,0.000001,1,0.494,2,0,0,0,V1,0,0.545885,11546.42857,1,0,0,0.454115,1.454115,0,0,200
EDCF-Shield,v1a,FALCON1024+HMAC-SHA512+AES256GCM+DKG4of7,STOLEN_KEY,60,22.39,85,CYCLE,170,1400,0,0,1200,0.538462,0.005885,0.7,1,0.538462,0,63.08,46.15,0,0,1,0,0,0,76,1448,0.000001,1,0.4941,2,0,0,0,V1,0,0.545796,11550.58824,1,0,0,0.454204,1.454204,0,0,200
EDCF-Shield,v1a,FALCON1024+HMAC-SHA512+AES256GCM+DKG4of7,STOLEN_KEY,60,22.39,85,CUMULATIVE,170,119000,0,0,99030,0.545796,0,0.706169,1,0.545796,0,63.66,45.42,0,0,1,0,0,0,76,1448,0.000001,1,0.4941,2,0,0,0,V1,0,0.545796,11550.58824,1,0,0,0.454204,1.454204,0,0,200
EDCF-Shield,v1a,FALCON1024+HMAC-SHA512+AES256GCM+DKG4of7,STOLEN_KEY,60,22.39,86,CYCLE,172,1400,0,0,1200,0.538462,0.005817,0.7,1,0.538462,0,63.08,46.15,0,0,1,0,0,0,76,1448,0.000001,1,0.4942,2,0,0,0,V1,0,0.54571,11554.65116,1,0,0,0.45429,1.45429,0,0,200
EDCF-Shield,v1a,FALCON1024+HMAC-SHA512+AES256GCM+DKG4of7,STOLEN_KEY,60,22.39,86,CUMULATIVE,172,120400,0,0,100230,0.54571,0,0.706096,1,0.54571,0,63.66,45.43,0,0,1,0,0,0,76,1448,0.000001,1,0.4942,2,0,0,0,V1,0,0.54571,11554.65116,1,0,0,0.45429,1.45429,0,0,200
EDCF-Shield,v1a,FALCON1024+HMAC-SHA512+AES256GCM+DKG4of7,STOLEN_KEY,60,22.39,87,CYCLE,174,1400,0,0,1200,0.538462,0.00575,0.7,1,0.538462,0,63.08,46.15,0,0,1,0,0,0,76,1448,0.000001,1,0.4943,2,0,0,0,V1,0,0.545626,11558.62069,1,0,0,0.454374,1.454374,0,0,200
EDCF-Shield,v1a,FALCON1024+HMAC-SHA512+AES256GCM+DKG4of7,STOLEN_KEY,60,22.39,87,CUMULATIVE,174,121800,0,0,101430,0.545626,0,0.706026,1,0.545626,0,63.65,45.44,0,0,1,0,0,0,76,1448,0.000001,1,0.4943,2,0,0,0,V1,0,0.545626,11558.62069,1,0,0,0.454374,1.454374,0,0,200
EDCF-Shield,v1a,FALCON1024+HMAC-SHA512+AES256GCM+DKG4of7,STOLEN_KEY,60,22.39,88,CYCLE,176,1400,0,0,1200,0.538462,0.005685,0.7,1,0.538462,0,63.08,46.15,0,0,1,0,0,0,76,1448,0.000001,1,0.4943,2,0,0,0,V1,0,0.545543,11562.5,1,0,0,0.454457,1.454457,0,0,200
EDCF-Shield,v1a,FALCON1024+HMAC-SHA512+AES256GCM+DKG4of7,STOLEN_KEY,60,22.39,88,CUMULATIVE,176,123200,0,0,102630,0.545543,0,0.705957,1,0.545543,0,63.64,45.45,0,0,1,0,0,0,76,1448,0.000001,1,0.4943,2,0,0,0,V1,0,0.545543,11562.5,1,0,0,0.454457,1.454457,0,0,200
EDCF-Shield,v1a,FALCON1024+HMAC-SHA512+AES256GCM+DKG4of7,STOLEN_KEY,60,22.39,89,CYCLE,178,1400,0,0,1200,0.538462,0.005621,0.7,1,0.538462,0,63.08,46.15,0,0,1,0,0,0,76,1448,0.000001,1,0.4944,2,0,0,0,V1,0,0.545463,11566.29214,1,0,0,0.454537,1.454537,0,0,200
EDCF-Shield,v1a,FALCON1024+HMAC-SHA512+AES256GCM+DKG4of7,STOLEN_KEY,60,22.39,89,CUMULATIVE,178,124600,0,0,103830,0.545463,0,0.705889,1,0.545463,0,63.64,45.45,0,0,1,0,0,0,76,1448,0.000001,1,0.4944,2,0,0,0,V1,0,0.545463,11566.29214,1,0,0,0.454537,1.454537,0,0,200
EDCF-Shield,v1a,FALCON1024+HMAC-SHA512+AES256GCM+DKG4of7,STOLEN_KEY,60,22.39,90,CYCLE,179.5,840,0,0,660,0.56,0.005558,0.717949,1,0.56,0,64.8,44,0,0,1,0,0,0,76,1448,0.000001,1,0.4958,2,0,0,0,V1,0,0.545557,11542.33983,1,0,0,0.454443,1.454443,0,0,200
EDCF-Shield,v1a,FALCON1024+HMAC-SHA512+AES256GCM+DKG4of7,STOLEN_KEY,60,22.39,90,CUMULATIVE,179.5,125440,0,0,104490,0.545557,0,0.705968,1,0.545557,0,63.64,45.44,0,0,1,0,0,0,76,1448,0.000001,1,0.4958,2,0,0,0,V1,0,0.545557,11542.33983,1,0,0,0.454443,1.454443,0,0,200
EDCF-Shield,v1a,FALCON1024+HMAC-SHA512+AES256GCM+DKG4of7,STOLEN_KEY,120,44.78,1,CYCLE,2,800,0,0,0,1,0.5,1,1,1,0,100,0,0,0,1,0,0,0,76,1448,0,1,0,0,0,0,0,V1,0,1,-100,1,0,0,0,0,0,0,200
EDCF-Shield,v1a,FALCON1024+HMAC-SHA512+AES256GCM+DKG4of7,STOLEN_KEY,120,44.78,1,CUMULATIVE,2,800,0,0,0,1,0.5,1,1,1,0,100,0,0,0,1,0,0,0,76,1448,0,1,0,0,0,0,0,V1,0,1,-100,1,0,0,0,0,0,0,200
EDCF-Shield,v1a,FALCON1024+HMAC-SHA512+AES256GCM+DKG4of7,STOLEN_KEY,120,44.78,2,CYCLE,4,800,0,0,210,0.792079,0.250016,0.883978,1,0.792079,0,83.37,20.79,0,0,1,0,0,0,76,1448,0.5,1,0.25,2,0,0,0,V1,0,0.883978,950,1,0,0,0.116022,0.116022,0,0,200
EDCF-Shield,v1a,FALCON1024+HMAC-SHA512+AES256GCM+DKG4of7,STOLEN_KEY,120,44.78,2,CUMULATIVE,4,1600,0,0,210,0.883978,0.00004,0.938416,1,0.883978,0,90.72,11.6,0,0,1,0,0,0,76,1448,0.5,1,0.25,2,0,0,0,V1,0,0.883978,950,1,0,0,0.116022,0.116022,0,0,200
EDCF-Shield,v1a,FALCON1024+HMAC-SHA512+AES256GCM+DKG4of7,STOLEN_KEY,120,44.78,3,CYCLE,6,800,0,0,610,0.567376,0.166679,0.723982,1,0.567376,0,65.39,43.26,0,0,1,0,0,0,76,1448,0,1,0.3333,2,0,0,0,V1,0,0.745342,2633.333333,1,0,0,0.254658,0.254658,0,0,200
EDCF-Shield,v1a,FALCON1024+HMAC-SHA512+AES256GCM+DKG4of7,STOLEN_KEY,120,44.78,3,CUMULATIVE,6,2400,0,0,820,0.745342,0.000014,0.854093,1,0.745342,0,79.63,25.47,0,0,1,0,0,0,76,1448,0,1,0.3333,2,0,0,0,V1,0,0.745342,2633.333333,1,0,0,0.254658,0.254658,0,0,200
EDCF-Shield,v1a,FALCON1024+HMAC-SHA512+AES256GCM+DKG4of7,STOLEN_KEY,120,44.78,4,CYCLE,8,800,0,0,1010,0.441989,0.125008,0.613027,1,0.441989,0,55.36,55.8,0,0,1,0,0,0,76,1448,0.000014,1,0.375,2,0,0,0,V1,0,0.636183,4475,1,0,0,0.363817,1.363817,0,0,200
EDCF-Shield,v1a,FALCON1024+HMAC-SHA512+AES256GCM+DKG4of7,STOLEN_KEY,120,44.78,4,CUMULATIVE,8,3200,0,0,1830,0.636183,0.000006,0.777643,1,0.636183,0,70.89,36.38,0,0,1,0,0,0,76,1448,0.000014,1,0.375,2,0,0,0,V1,0,0.636183,4475,1,0,0,0.363817,1.363817,0,0,200
EDCF-Shield,v1a,FALCON1024+HMAC-SHA512+AES256GCM+DKG4of7,STOLEN_KEY,120,44.78,5,CYCLE,10,800,0,0,1410,0.361991,0.100005,0.531561,1,0.361991,0,48.96,63.8,0,0,1,0,0,0,76,1448,0,1,0.4,2,0,0,0,V1,0,0.552486,6380,1,0,0,0.447514,1.447514,0,0,200
EDCF-Shield,v1a,FALCON1024+HMAC-SHA512+AES256GCM+DKG4of7,STOLEN_KEY,120,44.78,5,CUMULATIVE,10,4000,0,0,3240,0.552486,0.000002,0.711744,1,0.552486,0,64.2,44.75,0,0,1,0,0,0,76,1448,0,1,0.4,2,0,0,0,V1,0,0.552486,6380,1,0,0,0.447514,1.447514,0,0,200
EDCF-Shield,v1a,FALCON1024+HMAC-SHA512+AES256GCM+DKG4of7,STOLEN_KEY,120,44.78,6,CYCLE,12,639,413,161,1397,0.403065,0.088333,0.450635,0.79875,0.313851,22.82,44.52,69.35,0.075599,0.076439,1,3,0,0,76,1448,0.000002,1,0.4167,2,3,0,0,V1,1,0.48731,8316.666667,1,0,0,0.51269,1.51269,0,0,200
EDCF-Shield,v1a,FALCON1024+HMAC-SHA512+AES256GCM+DKG4of7,STOLEN_KEY,120,44.78,6,CUMULATIVE,12,4639,413,161,4637,0.512893,0.10293,0.659136,0.966458,0.500108,8.18,58.98,51.27,0.075599,0.076439,1,3,0,0,76,1448,0.000002,1,0.4167,2,3,0,0,V1,1,0.48731,8316.666667,1,0,0,0.51269,1.51269,0,0,200
EDCF-Shield,v1a,FALCON1024+HMAC-SHA512+AES256GCM+DKG4of7,STOLEN_KEY,120,44.78,7,CYCLE,14,0,2210,800,0,0.734219,0.075716,0,0,0,100,41.26,73.42,0.265405,0.267298,1,3,0,0,76,1448,0.051466,1,0.4286,2,3,0,0,V1,1,0.435459,10271.42857,1,0,0,0.564541,1.564541,0,0,200
EDCF-Shield,v1a,FALCON1024+HMAC-SHA512+AES256GCM+DKG4of7,STOLEN_KEY,120,44.78,7,CUMULATIVE,14,4639,2623,961,4637,0.564697,0.209767,0.623689,0.828393,0.500108,36.13,54.84,56.45,0.265405,0.267298,1,3,0,0,76,1448,0.051466,1,0.4286,2,3,0,0,V1,1,0.435459,10271.42857,1,0,0,0.564541,1.564541,0,0,200
EDCF-Shield,v1a,FALCON1024+HMAC-SHA512+AES256GCM+DKG4of7,STOLEN_KEY,120,44.78,8,CYCLE,16,0,2400,800,0,0.75,0.066253,0,0,0,100,40,75,0.342096,0.34397,1,3,0,0,76,1448,0,1,0.4375,2,3,0,0,V1,1,0.398506,11975,1,0,0,0.601494,1.601494,0,0,200
EDCF-Shield,v1a,FALCON1024+HMAC-SHA512+AES256GCM+DKG4of7,STOLEN_KEY,120,44.78,8,CUMULATIVE,16,4639,5023,1761,4637,0.601619,0.242665,0.59186,0.724844,0.500108,52,51.88,60.15,0.342096,0.34397,1,3,0,0,76,1448,0,1,0.4375,2,3,0,0,V1,1,0.398506,11975,1,0,0,0.601494,1.601494,0,0,200
EDCF-Shield,v1a,FALCON1024+HMAC-SHA512+AES256GCM+DKG4of7,STOLEN_KEY,120,44.78,9,CYCLE,18,0,2400,800,0,0.75,0.058893,0,0,0,100,40,75,0.380999,0.382767,1,3,0,0,76,1448,0.242665,1,0.4444,2,3,0,0,V1,1,0.373832,13300,1,0,0,0.626168,1.626168,0,0,200
EDCF-Shield,v1a,FALCON1024+HMAC-SHA512+AES256GCM+DKG4of7,STOLEN_KEY,120,44.78,9,CUMULATIVE,18,4639,7423,2561,4637,0.626272,0.251574,0.563122,0.644306,0.500108,61.55,49.91,62.62,0.380999,0.382767,1,3,0,0,76,1448,0.242665,1,0.4444,2,3,0,0,V1,1,0.373832,13300,1,0,0,0.626168,1.626168,0,0,200
EDCF-Shield,v1a,FALCON1024+HMAC-SHA512+AES256GCM+DKG4of7,STOLEN_KEY,120,44.78,10,CYCLE,20,0,2400,800,0,0.75,0.053005,0,0,0,100,40,75,0.404522,0.406194,1,3,0,0,76,1448,0.24712,1,0.45,2,3,0,0,V1,1,0.356189,14360,1,0,0,0.643811,1.643811,0,0,200
EDCF-Shield,v1a,FALCON1024+HMAC-SHA512+AES256GCM+DKG4of7,STOLEN_KEY,120,44.78,10,CUMULATIVE,20,4639,9823,3361,4637,0.6439,0.25209,0.537046,0.579875,0.500108,67.93,48.5,64.38,0.404522,0.406194,1,3,0,0,76,1448,0.24712,1,0.45,2,3,0,0,V1,1,0.356189,14360,1,0,0,0.643811,1.643811,0,0,200
EDCF-Shield,v1a,FALCON1024+HMAC-SHA512+AES256GCM+DKG4of7,STOLEN_KEY,120,44.78,11,CYCLE,22,0,2400,800,0,0.75,0.048188,0,0,0,100,40,75,0.42028,0.421876,1,3,0,0,76,1448,0.248776,1,0.4545,2,3,0,0,V1,1,0.342946,15227.27273,1,0,0,0.657054,1.657054,0,0,200
EDCF-Shield,v1a,FALCON1024+HMAC-SHA512+AES256GCM+DKG4of7,STOLEN_KEY,120,44.78,11,CUMULATIVE,22,4639,12223,4161,4637,0.657132,0.249117,0.513277,0.527159,0.500108,72.5,47.44,65.71,0.42028,0.421876,1,3,0,0,76,1448,0.248776,1,0.4545,2,3,0,0,V1,1,0.342946,15227.27273,1,0,0,0.657054,1.657054,0,0,200
EDCF-Shield,v1a,FALCON1024+HMAC-SHA512+AES256GCM+DKG4of7,STOLEN_KEY,120,44.78,12,CYCLE,24,0,2400,800,0,0.75,0.044174,0,0,0,100,40,75,0.431573,0.433107,1,3,0,0,76,1448,0.248861,1,0.4583,2,3,0,0,V1,1,0.33264,15950,1,0,0,0.66736,1.66736,0,0,200
EDCF-Shield,v1a,FALCON1024+HMAC-SHA512+AES256GCM+DKG4of7,STOLEN_KEY,120,44.78,12,CUMULATIVE,24,4639,14623,4961,4637,0.667429,0.24462,0.491524,0.483229,0.500108,75.92,46.61,66.74,0.431573,0.433107,1,3,0,0,76,1448,0.248861,1,0.4583,2,3,0,0,V1,1,0.33264,15950,1,0,0,0.66736,1.66736,0,0,200
EDCF-Shield,v1a,FALCON1024+HMAC-SHA512+AES256GCM+DKG4of7,STOLEN_KEY,120,44.78,13,CYCLE,26,0,2400,800,0,0.75,0.040777,0,0,0,100,40,75,0.440064,0.441548,1,3,0,0,76,1448,0.248013,1,0.4615,2,3,0,0,V1,1,0.324392,16561.53846,1,0,0,0.675608,1.675608,0,0,200
EDCF-Shield,v1a,FALCON1024+HMAC-SHA512+AES256GCM+DKG4of7,STOLEN_KEY,120,44.78,13,CUMULATIVE,26,4639,17023,5761,4637,0.675671,0.239494,0.471539,0.446058,0.500108,78.59,45.95,67.56,0.440064,0.441548,1,3,0,0,76,1448,0.248013,1,0.4615,2,3,0,0,V1,1,0.324392,16561.53846,1,0,0,0.675608,1.675608,0,0,200
EDCF-Shield,v1a,FALCON1024+HMAC-SHA512+AES256GCM+DKG4of7,STOLEN_KEY,120,44.78,14,CYCLE,28,0,2400,800,0,0.75,0.037865,0,0,0,100,40,75,0.44668,0.448123,1,3,0,0,76,1448,0.246593,1,0.4643,2,3,0,0,V1,1,0.31764,17085.71429,1,0,0,0.68236,1.68236,0,0,200
EDCF-Shield,v1a,FALCON1024+HMAC-SHA512+AES256GCM+DKG4of7,STOLEN_KEY,120,44.78,14,CUMULATIVE,28,4639,19423,6561,4637,0.682416,0.234174,0.453116,0.414196,0.500108,80.73,45.41,68.24,0.44668,0.448123,1,3,0,0,76,1448,0.246593,1,0.4643,2,3,0,0,V1,1,0.31764,17085.71429,1,0,0,0.68236,1.68236,0,0,200
EDCF-Shield,v1a,FALCON1024+HMAC-SHA512+AES256GCM+DKG4of7,STOLEN_KEY,120,44.78,15,CYCLE,30,0,2400,800,0,0.75,0.035342,0,0,0,100,40,75,0.451981,0.45339,1,3,0,0,76,1448,0.244819,1,0.4667,2,3,0,0,V1,1,0.312012,17540,1,0,0,0.687988,1.687988,0,0,200
EDCF-Shield,v1a,FALCON1024+HMAC-SHA512+AES256GCM+DKG4of7,STOLEN_KEY,120,44.78,15,CUMULATIVE,30,4639,21823,7361,4637,0.68804,0.228881,0.436078,0.386583,0.500108,82.48,44.96,68.8,0.451981,0.45339,1,3,0,0,76,1448,0.244819,1,0.4667,2,3,0,0,V1,1,0.312012,17540,1,0,0,0.687988,1.687988,0,0,200
EDCF-Shield,v1a,FALCON1024+HMAC-SHA512+AES256GCM+DKG4of7,STOLEN_KEY,120,44.78,16,CYCLE,32,0,2400,800,0,0.75,0.033134,0,0,0,100,40,75,0.456323,0.457703,1,3,0,0,76,1448,0.242827,1,0.4688,2,3,0,0,V1,1,0.307249,17937.5,1,0,0,0.692751,1.692751,0,0,200
EDCF-Shield,v1a,FALCON1024+HMAC-SHA512+AES256GCM+DKG4of7,STOLEN_KEY,120,44.78,16,CUMULATIVE,32,4639,24223,8161,4637,0.692799,0.223728,0.420275,0.362422,0.500108,83.93,44.58,69.28,0.456323,0.457703,1,3,0,0,76,1448,0.242827,1,0.4688,2,3,0,0,V1,1,0.307249,17937.5,1,0,0,0.692751,1.692751,0,0,200
EDCF-Shield,v1a,FALCON1024+HMAC-SHA512+AES256GCM+DKG4of7,STOLEN_KEY,120,44.78,17,CYCLE,34,0,2400,800,0,0.75,0.031186,0,0,0,100,40,75,0.459945,0.4613,1,3,0,0,76,1448,0.240705,1,0.4706,2,3,0,0,V1,1,0.303165,18288.23529,1,0,0,0.696835,1.696835,0,0,200
EDCF-Shield,v1a,FALCON1024+HMAC-SHA512+AES256GCM+DKG4of7,STOLEN_KEY,120,44.78,17,CUMULATIVE,34,4639,26623,8961,4637,0.696879,0.21877,0.405578,0.341103,0.500108,85.17,44.25,69.68,0.459945,0.4613,1,3,0,0,76,1448,0.240705,1,0.4706,2,3,0,0,V1,1,0.303165,18288.23529,1,0,0,0.696835,1.696835,0,0,200
EDCF-Shield,v1a,FALCON1024+HMAC-SHA512+AES256GCM+DKG4of7,STOLEN_KEY,120,44.78,18,CYCLE,36,0,2400,800,0,0.75,0.029454,0,0,0,100,40,75,0.463012,0.464346,1,3,0,0,76,1448,0.238511,1,0.4722,2,3,0,0,V1,1,0.299625,18600,1,0,0,0.700375,1.700375,0,0,200
EDCF-Shield,v1a,FALCON1024+HMAC-SHA512+AES256GCM+DKG4of7,STOLEN_KEY,120,44.78,18,CUMULATIVE,36,4639,29023,9761,4637,0.700416,0.21403,0.391874,0.322153,0.500108,86.22,43.97,70.04,0.463012,0.464346,1,3,0,0,76,1448,0.238511,1,0.4722,2,3,0,0,V1,1,0.299625,18600,1,0,0,0.700375,1.700375,0,0,200
EDCF-Shield,v1a,FALCON1024+HMAC-SHA512+AES256GCM+DKG4of7,STOLEN_KEY,120,44.78,19,CYCLE,38,0,2400,800,0,0.75,0.027904,0,0,0,100,40,75,0.465643,0.466958,1,3,0,0,76,1448,0.236286,1,0.4737,2,3,0,0,V1,1,0.296528,18878.94737,1,0,0,0.703472,1.703472,0,0,200
EDCF-Shield,v1a,FALCON1024+HMAC-SHA512+AES256GCM+DKG4of7,STOLEN_KEY,120,44.78,19,CUMULATIVE,38,4639,31423,10561,4637,0.703512,0.209516,0.379065,0.305197,0.500108,87.14,43.72,70.35,0.465643,0.466958,1,3,0,0,76,1448,0.236286,1,0.4737,2,3,0,0,V1,1,0.296528,18878.94737,1,0,0,0.703472,1.703472,0,0,200
EDCF-Shield,v1a,FALCON1024+HMAC-SHA512+AES256GCM+DKG4of7,STOLEN_KEY,120,44.78,20,CYCLE,40,0,2400,800,0,0.75,0.02651,0,0,0,100,40,75,0.467925,0.469223,1,3,0,0,76,1448,0.234055,1,0.475,2,3,0,0,V1,1,0.293794,19130,1,0,0,0.706206,1.706206,0,0,200
EDCF-Shield,v1a,FALCON1024+HMAC-SHA512+AES256GCM+DKG4of7,STOLEN_KEY,120,44.78,20,CUMULATIVE,40,4639,33823,11361,4637,0.706243,0.205225,0.367068,0.289938,0.500108,87.94,43.5,70.62,0.467925,0.469223,1,3,0,0,76,1448,0.234055,1,0.475,2,3,0,0,V1,1,0.293794,19130,1,0,0,0.706206,1.706206,0,0,200
EDCF-Shield,v1a,FALCON1024+HMAC-SHA512+AES256GCM+DKG4of7,STOLEN_KEY,120,44.78,21,CYCLE,42,0,2400,800,0,0.75,0.025248,0,0,0,100,40,75,0.469922,0.471206,1,3,0,0,76,1448,0.231837,1,0.4762,2,3,0,0,V1,1,0.291363,19357.14286,1,0,0,0.708637,1.708637,0,0,200
EDCF-Shield,v1a,FALCON1024+HMAC-SHA512+AES256GCM+DKG4of7,STOLEN_KEY,120,44.78,21,CUMULATIVE,42,4639,36223,12161,4637,0.708672,0.201148,0.355806,0.276131,0.500108,88.65,43.31,70.86,0.469922,0.471206,1,3,0,0,76,1448,0.231837,1,0.4762,2,3,0,0,V1,1,0.291363,19357.14286,1,0,0,0.708637,1.708637,0,0,200
EDCF-Shield,v1a,FALCON1024+HMAC-SHA512+AES256GCM+DKG4of7,STOLEN_KEY,120,44.78,22,CYCLE,44,0,2400,800,0,0.75,0.024101,0,0,0,100,40,75,0.471685,0.472956,1,3,0,0,76,1448,0.229645,1,0.4773,2,3,0,0,V1,1,0.289188,19563.63636,1,0,0,0.710812,1.710812,0,0,200
EDCF-Shield,v1a,FALCON1024+HMAC-SHA512+AES256GCM+DKG4of7,STOLEN_KEY,120,44.78,22,CUMULATIVE,44,4639,38623,12961,4637,0.710845,0.197275,0.345215,0.26358,0.500108,89.28,43.14,71.08,0.471685,0.472956,1,3,0,0,76,1448,0.229645,1,0.4773,2,3,0,0,V1,1,0.289188,19563.63636,1,0,0,0.710812,1.710812,0,0,200
EDCF-Shield,v1a,FALCON1024+HMAC-SHA512+AES256GCM+DKG4of7,STOLEN_KEY,120,44.78,23,CYCLE,46,0,2400,800,0,0.75,0.023054,0,0,0,100,40,75,0.473253,0.474512,1,3,0,0,76,1448,0.227487,1,0.4783,2,3,0,0,V1,1,0.287231,19752.17391,1,0,0,0.712769,1.712769,0,0,200
EDCF-Shield,v1a,FALCON1024+HMAC-SHA512+AES256GCM+DKG4of7,STOLEN_KEY,120,44.78,23,CUMULATIVE,46,4639,41023,13761,4637,0.7128,0.193594,0.335236,0.25212,0.500108,89.84,42.98,71.28,0.473253,0.474512,1,3,0,0,76,1448,0.227487,1,0.4783,2,3,0,0,V1,1,0.287231,19752.17391,1,0,0,0.712769,1.712769,0,0,200
EDCF-Shield,v1a,FALCON1024+HMAC-SHA512+AES256GCM+DKG4of7,STOLEN_KEY,120,44.78,24,CYCLE,48,0,2400,800,0,0.75,0.022094,0,0,0,100,40,75,0.474656,0.475905,1,3,0,0,76,1448,0.225369,1,0.4792,2,3,0,0,V1,1,0.285459,19925,1,0,0,0.714541,1.714541,0,0,200
EDCF-Shield,v1a,FALCON1024+HMAC-SHA512+AES256GCM+DKG4of7,STOLEN_KEY,120,44.78,24,CUMULATIVE,48,4639,43423,14561,4637,0.71457,0.190094,0.325818,0.241615,0.500108,90.35,42.84,71.45,0.474656,0.475905,1,3,0,0,76,1448,0.225369,1,0.4792,2,3,0,0,V1,1,0.285459,19925,1,0,0,0.714541,1.714541,0,0,200
EDCF-Shield,v1a,FALCON1024+HMAC-SHA512+AES256GCM+DKG4of7,STOLEN_KEY,120,44.78,25,CYCLE,50,0,2400,800,0,0.75,0.021211,0,0,0,100,40,75,0.47592,0.477159,1,3,0,0,76,1448,0.223294,1,0.48,2,3,0,0,V1,1,0.283849,20084,1,0,0,0.716151,1.716151,0,0,200
EDCF-Shield,v1a,FALCON1024+HMAC-SHA512+AES256GCM+DKG4of7,STOLEN_KEY,120,44.78,25,CUMULATIVE,50,4639,45823,15361,4637,0.716179,0.186762,0.316915,0.23195,0.500108,90.81,42.71,71.62,0.47592,0.477159,1,3,0,0,76,1448,0.223294,1,0.48,2,3,0,0,V1,1,0.283849,20084,1,0,0,0.716151,1.716151,0,0,200
EDCF-Shield,v1a,FALCON1024+HMAC-SHA512+AES256GCM+DKG4of7,STOLEN_KEY,120,44.78,26,CYCLE,52,0,2400,800,0,0.75,0.020396,0,0,0,100,40,75,0.477063,0.478294,1,3,0,0,76,1448,0.221264,1,0.4808,2,3,0,0,V1,1,0.282378,20230.76923,1,0,0,0.717622,1.717622,0,0,200
EDCF-Shield,v1a,FALCON1024+HMAC-SHA512+AES256GCM+DKG4of7,STOLEN_KEY,120,44.78,26,CUMULATIVE,52,4639,48223,16161,4637,0.717649,0.183588,0.308485,0.223029,0.500108,91.23,42.59,71.76,0.477063,0.478294,1,3,0,0,76,1448,0.221264,1,0.4808,2,3,0,0,V1,1,0.282378,20230.76923,1,0,0,0.717622,1.717622,0,0,200
EDCF-Shield,v1a,FALCON1024+HMAC-SHA512+AES256GCM+DKG4of7,STOLEN_KEY,120,44.78,27,CYCLE,54,0,2400,800,0,0.75,0.019641,0,0,0,100,40,75,0.478103,0.479325,1,3,0,0,76,1448,0.219281,1,0.4815,2,3,0,0,V1,1,0.28103,20366.66667,1,0,0,0.71897,1.71897,0,0,200
EDCF-Shield,v1a,FALCON1024+HMAC-SHA512+AES256GCM+DKG4of7,STOLEN_KEY,120,44.78,27,CUMULATIVE,54,4639,50623,16961,4637,0.718996,0.180561,0.300492,0.214769,0.500108,91.61,42.48,71.9,0.478103,0.479325,1,3,0,0,76,1448,0.219281,1,0.4815,2,3,0,0,V1,1,0.28103,20366.66667,1,0,0,0.71897,1.71897,0,0,200
EDCF-Shield,v1a,FALCON1024+HMAC-SHA512+AES256GCM+DKG4of7,STOLEN_KEY,120,44.78,28,CYCLE,56,0,2400,800,0,0.75,0.01894,0,0,0,100,40,75,0.479053,0.480268,1,3,0,0,76,1448,0.217345,1,0.4821,2,3,0,0,V1,1,0.27979,20492.85714,1,0,0,0.72021,1.72021,0,0,200
EDCF-Shield,v1a,FALCON1024+HMAC-SHA512+AES256GCM+DKG4of7,STOLEN_KEY,120,44.78,28,CUMULATIVE,56,4639,53023,17761,4637,0.720235,0.177671,0.292903,0.207098,0.500108,91.96,42.38,72.02,0.479053,0.480268,1,3,0,0,76,1448,0.217345,1,0.4821,2,3,0,0,V1,1,0.27979,20492.85714,1,0,0,0.72021,1.72021,0,0,200
EDCF-Shield,v1a,FALCON1024+HMAC-SHA512+AES256GCM+DKG4of7,STOLEN_KEY,120,44.78,29,CYCLE,58,0,2400,800,0,0.75,0.018287,0,0,0,100,40,75,0.479923,0.481132,1,3,0,0,76,1448,0.215456,1,0.4828,2,3,0,0,V1,1,0.278645,20610.34483,1,0,0,0.721355,1.721355,0,0,200
EDCF-Shield,v1a,FALCON1024+HMAC-SHA512+AES256GCM+DKG4of7,STOLEN_KEY,120,44.78,29,CUMULATIVE,58,4639,55423,18561,4637,0.721379,0.174909,0.285688,0.199957,0.500108,92.28,42.29,72.14,0.479923,0.481132,1,3,0,0,76,1448,0.215456,1,0.4828,2,3,0,0,V1,1,0.278645,20610.34483,1,0,0,0.721355,1.721355,0,0,200
EDCF-Shield,v1a,FALCON1024+HMAC-SHA512+AES256GCM+DKG4of7,STOLEN_KEY,120,44.78,30,CYCLE,60,0,2400,800,0,0.75,0.017678,0,0,0,100,40,75,0.480725,0.481927,1,3,0,0,76,1448,0.213613,1,0.4833,2,3,0,0,V1,1,0.277585,20720,1,0,0,0.722415,1.722415,0,0,200
EDCF-Shield,v1a,FALCON1024+HMAC-SHA512+AES256GCM+DKG4of7,STOLEN_KEY,120,44.78,30,CUMULATIVE,60,4639,57823,19361,4637,0.722438,0.172266,0.27882,0.193292,0.500108,92.58,42.21,72.24,0.480725,0.481927,1,3,0,0,76,1448,0.213613,1,0.4833,2,3,0,0,V1,1,0.277585,20720,1,0,0,0.722415,1.722415,0,0,200
EDCF-Shield,v1a,FALCON1024+HMAC-SHA512+AES256GCM+DKG4of7,STOLEN_KEY,120,44.78,31,CYCLE,62,0,2400,800,0,0.75,0.017108,0,0,0,100,40,75,0.481464,0.482661,1,3,0,0,76,1448,0.211815,1,0.4839,2,3,0,0,V1,1,0.2766,20822.58065,1,0,0,0.7234,1.7234,0,0,200
EDCF-Shield,v1a,FALCON1024+HMAC-SHA512+AES256GCM+DKG4of7,STOLEN_KEY,120,44.78,31,CUMULATIVE,62,4639,60223,20161,4637,0.723422,0.169735,0.272274,0.187056,0.500108,92.85,42.13,72.34,0.481464,0.482661,1,3,0,0,76,1448,0.211815,1,0.4839,2,3,0,0,V1,1,0.2766,20822.58065,1,0,0,0.7234,1.7234,0,0,200
EDCF-Shield,v1a,FALCON1024+HMAC-SHA512+AES256GCM+DKG4of7,STOLEN_KEY,120,44.78,32,CYCLE,64,0,2400,800,0,0.75,0.016574,0,0,0,100,40,75,0.482149,0.48334,1,3,0,0,76,1448,0.210062,1,0.4844,2,3,0,0,V1,1,0.275684,20918.75,1,0,0,0.724316,1.724316,0,0,200
EDCF-Shield,v1a,FALCON1024+HMAC-SHA512+AES256GCM+DKG4of7,STOLEN_KEY,120,44.78,32,CUMULATIVE,64,4639,62623,20961,4637,0.724338,0.167309,0.266028,0.181211,0.500108,93.11,42.05,72.43,0.482149,0.48334,1,3,0,0,76,1448,0.210062,1,0.4844,2,3,0,0,V1,1,0.275684,20918.75,1,0,0,0.724316,1.724316,0,0,200
EDCF-Shield,v1a,FALCON1024+HMAC-SHA512+AES256GCM+DKG4of7,STOLEN_KEY,120,44.78,33,CYCLE,66,0,2400,800,0,0.75,0.016072,0,0,0,100,40,75,0.482786,0.483971,1,3,0,0,76,1448,0.208352,1,0.4848,2,3,0,0,V1,1,0.274828,21009.09091,1,0,0,0.725172,1.725172,0,0,200
EDCF-Shield,v1a,FALCON1024+HMAC-SHA512+AES256GCM+DKG4of7,STOLEN_KEY,120,44.78,33,CUMULATIVE,66,4639,65023,21761,4637,0.725193,0.16498,0.260063,0.17572,0.500108,93.34,41.99,72.52,0.482786,0.483971,1,3,0,0,76,1448,0.208352,1,0.4848,2,3,0,0,V1,1,0.274828,21009.09091,1,0,0,0.725172,1.725172,0,0,200
EDCF-Shield,v1a,FALCON1024+HMAC-SHA512+AES256GCM+DKG4of7,STOLEN_KEY,120,44.78,34,CYCLE,68,0,2400,800,0,0.75,0.0156,0,0,0,100,40,75,0.483378,0.484559,1,3,0,0,76,1448,0.206684,1,0.4853,2,3,0,0,V1,1,0.274028,21094.11765,1,0,0,0.725972,1.725972,0,0,200
EDCF-Shield,v1a,FALCON1024+HMAC-SHA512+AES256GCM+DKG4of7,STOLEN_KEY,120,44.78,34,CUMULATIVE,68,4639,67423,22561,4637,0.725992,0.162743,0.254359,0.170551,0.500108,93.57,41.92,72.6,0.483378,0.484559,1,3,0,0,76,1448,0.206684,1,0.4853,2,3,0,0,V1,1,0.274028,21094.11765,1,0,0,0.725972,1.725972,0,0,200
EDCF-Shield,v1a,FALCON1024+HMAC-SHA512+AES256GCM+DKG4of7,STOLEN_KEY,120,44.78,35,CYCLE,70,0,2400,800,0,0.75,0.015155,0,0,0,100,40,75,0.483931,0.485108,1,3,0,0,76,1448,0.205056,1,0.4857,2,3,0,0,V1,1,0.273277,21174.28571,1,0,0,0.726723,1.726723,0,0,200
EDCF-Shield,v1a,FALCON1024+HMAC-SHA512+AES256GCM+DKG4of7,STOLEN_KEY,120,44.78,35,CUMULATIVE,70,4639,69823,23361,4637,0.726742,0.160592,0.2489,0.165679,0.500108,93.77,41.86,72.67,0.483931,0.485108,1,3,0,0,76,1448,0.205056,1,0.4857,2,3,0,0,V1,1,0.273277,21174.28571,1,0,0,0.726723,1.726723,0,0,200
EDCF-Shield,v1a,FALCON1024+HMAC-SHA512+AES256GCM+DKG4of7,STOLEN_KEY,120,44.78,36,CYCLE,72,0,2400,800,0,0.75,0.014734,0,0,0,100,40,75,0.484448,0.485621,1,3,0,0,76,1448,0.203468,1,0.4861,2,3,0,0,V1,1,0.272572,21250,1,0,0,0.727428,1.727428,0,0,200
EDCF-Shield,v1a,FALCON1024+HMAC-SHA512+AES256GCM+DKG4of7,STOLEN_KEY,120,44.78,36,CUMULATIVE,72,4639,72223,24161,4637,0.727447,0.158523,0.243671,0.161076,0.500108,93.97,41.81,72.74,0.484448,0.485621,1,3,0,0,76,1448,0.203468,1,0.4861,2,3,0,0,V1,1,0.272572,21250,1,0,0,0.727428,1.727428,0,0,200
EDCF-Shield,v1a,FALCON1024+HMAC-SHA512+AES256GCM+DKG4of7,STOLEN_KEY,120,44.78,37,CYCLE,74,0,2400,800,0,0.75,0.014336,0,0,0,100,40,75,0.484933,0.486102,1,3,0,0,76,1448,0.201918,1,0.4865,2,3,0,0,V1,1,0.271909,21321.62162,1,0,0,0.728091,1.728091,0,0,200
EDCF-Shield,v1a,FALCON1024+HMAC-SHA512+AES256GCM+DKG4of7,STOLEN_KEY,120,44.78,37,CUMULATIVE,74,4639,74623,24961,4637,0.728109,0.156529,0.238656,0.156723,0.500108,94.15,41.75,72.81,0.484933,0.486102,1,3,0,0,76,1448,0.201918,1,0.4865,2,3,0,0,V1,1,0.271909,21321.62162,1,0,0,0.728091,1.728091,0,0,200
EDCF-Shield,v1a,FALCON1024+HMAC-SHA512+AES256GCM+DKG4of7,STOLEN_KEY,120,44.78,38,CYCLE,76,0,2400,800,0,0.75,0.013959,0,0,0,100,40,75,0.485389,0.486554,1,3,0,0,76,1448,0.200405,1,0.4868,2,3,0,0,V1,1,0.271283,21389.47368,1,0,0,0.728717,1.728717,0,0,200
EDCF-Shield,v1a,FALCON1024+HMAC-SHA512+AES256GCM+DKG4of7,STOLEN_KEY,120,44.78,38,CUMULATIVE,76,4639,77023,25761,4637,0.728735,0.154607,0.233844,0.152599,0.500108,94.32,41.7,72.87,0.485389,0.486554,1,3,0,0,76,1448,0.200405,1,0.4868,2,3,0,0,V1,1,0.271283,21389.47368,1,0,0,0.728717,1.728717,0,0,200
EDCF-Shield,v1a,FALCON1024+HMAC-SHA512+AES256GCM+DKG4of7,STOLEN_KEY,120,44.78,39,CYCLE,78,0,2400,800,0,0.75,0.013602,0,0,0,100,40,75,0.485818,0.48698,1,3,0,0,76,1448,0.198928,1,0.4872,2,3,0,0,V1,1,0.270692,21453.84615,1,0,0,0.729308,1.729308,0,0,200
EDCF-Shield,v1a,FALCON1024+HMAC-SHA512+AES256GCM+DKG4of7,STOLEN_KEY,120,44.78,39,CUMULATIVE,78,4639,79423,26561,4637,0.729325,0.152753,0.229222,0.148686,0.500108,94.48,41.66,72.93,0.485818,0.48698,1,3,0,0,76,1448,0.198928,1,0.4872,2,3,0,0,V1,1,0.270692,21453.84615,1,0,0,0.729308,1.729308,0,0,200
EDCF-Shield,v1a,FALCON1024+HMAC-SHA512+AES256GCM+DKG4of7,STOLEN_KEY,120,44.78,40,CYCLE,80,0,2400,800,0,0.75,0.013262,0,0,0,100,40,75,0.486223,0.487381,1,3,0,0,76,1448,0.197485,1,0.4875,2,3,0,0,V1,1,0.270133,21515,1,0,0,0.729867,1.729867,0,0,200
EDCF-Shield,v1a,FALCON1024+HMAC-SHA512+AES256GCM+DKG4of7,STOLEN_KEY,120,44.78,40,CUMULATIVE,80,4639,81823,27361,4637,0.729884,0.150963,0.22478,0.144969,0.500108,94.64,41.61,72.99,0.486223,0.487381,1,3,0,0,76,1448,0.197485,1,0.4875,2,3,0,0,V1,1,0.270133,21515,1,0,0,0.729867,1.729867,0,0,200
EDCF-Shield,v1a,FALCON1024+HMAC-SHA512+AES256GCM+DKG4of7,STOLEN_KEY,120,44.78,41,CYCLE,82,0,2400,800,0,0.75,0.012939,0,0,0,100,40,75,0.486605,0.48776,1,3,0,0,76,1448,0.196075,1,0.4878,2,3,0,0,V1,1,0.269604,21573.17073,1,0,0,0.730396,1.730396,0,0,200
EDCF-Shield,v1a,FALCON1024+HMAC-SHA512+AES256GCM+DKG4of7,STOLEN_KEY,120,44.78,41,CUMULATIVE,82,4639,84223,28161,4637,0.730413,0.149233,0.220506,0.141433,0.500108,94.78,41.57,73.04,0.486605,0.48776,1,3,0,0,76,1448,0.196075,1,0.4878,2,3,0,0,V1,1,0.269604,21573.17073,1,0,0,0.730396,1.730396,0,0,200
EDCF-Shield,v1a,FALCON1024+HMAC-SHA512+AES256GCM+DKG4of7,STOLEN_KEY,120,44.78,42,CYCLE,84,0,2400,800,0,0.75,0.012631,0,0,0,100,40,75,0.486966,0.488119,1,3,0,0,76,1448,0.194698,1,0.4881,2,3,0,0,V1,1,0.269101,21628.57143,1,0,0,0.730899,1.730899,0,0,200
EDCF-Shield,v1a,FALCON1024+HMAC-SHA512+AES256GCM+DKG4of7,STOLEN_KEY,120,44.78,42,CUMULATIVE,84,4639,86623,28961,4637,0.730915,0.14756,0.216391,0.138065,0.500108,94.92,41.53,73.09,0.486966,0.488119,1,3,0,0,76,1448,0.194698,1,0.4881,2,3,0,0,V1,1,0.269101,21628.57143,1,0,0,0.730899,1.730899,0,0,200
EDCF-Shield,v1a,FALCON1024+HMAC-SHA512+AES256GCM+DKG4of7,STOLEN_KEY,120,44.78,43,CYCLE,86,0,2400,800,0,0.75,0.012338,0,0,0,100,40,75,0.487309,0.488458,1,3,0,0,76,1448,0.193351,1,0.4884,2,3,0,0,V1,1,0.268624,21681.39535,1,0,0,0.731376,1.731376,0,0,200
EDCF-Shield,v1a,FALCON1024+HMAC-SHA512+AES256GCM+DKG4of7,STOLEN_KEY,120,44.78,43,CUMULATIVE,86,4639,89023,29761,4637,0.731392,0.145942,0.212428,0.134855,0.500108,95.05,41.49,73.14,0.487309,0.488458,1,3,0,0,76,1448,0.193351,1,0.4884,2,3,0,0,V1,1,0.268624,21681.39535,1,0,0,0.731376,1.731376,0,0,200
EDCF-Shield,v1a,FALCON1024+HMAC-SHA512+AES256GCM+DKG4of7,STOLEN_KEY,120,44.78,44,CYCLE,88,0,2400,800,0,0.75,0.012058,0,0,0,100,40,75,0.487634,0.488781,1,3,0,0,76,1448,0.192034,1,0.4886,2,3,0,0,V1,1,0.26817,21731.81818,1,0,0,0.73183,1.73183,0,0,200
EDCF-Shield,v1a,FALCON1024+HMAC-SHA512+AES256GCM+DKG4of7,STOLEN_KEY,120,44.78,44,CUMULATIVE,88,4639,91423,30561,4637,0.731845,0.144374,0.208607,0.13179,0.500108,95.17,41.45,73.18,0.487634,0.488781,1,3,0,0,76,1448,0.192034,1,0.4886,2,3,0,0,V1,1,0.26817,21731.81818,1,0,0,0.73183,1.73183,0,0,200
EDCF-Shield,v1a,FALCON1024+HMAC-SHA512+AES256GCM+DKG4of7,STOLEN_KEY,120,44.78,45,CYCLE,90,0,2400,800,0,0.75,0.01179,0,0,0,100,40,75,0.487942,0.489087,1,3,0,0,76,1448,0.190746,1,0.4889,2,3,0,0,V1,1,0.267738,21780,1,0,0,0.732262,1.732262,0,0,200
EDCF-Shield,v1a,FALCON1024+HMAC-SHA512+AES256GCM+DKG4of7,STOLEN_KEY,120,44.78,45,CUMULATIVE,90,4639,93823,31361,4637,0.732277,0.142856,0.204921,0.128861,0.500108,95.29,41.42,73.23,0.487942,0.489087,1,3,0,0,76,1448,0.190746,1,0.4889,2,3,0,0,V1,1,0.267738,21780,1,0,0,0.732262,1.732262,0,0,200
EDCF-Shield,v1a,FALCON1024+HMAC-SHA512+AES256GCM+DKG4of7,STOLEN_KEY,120,44.78,46,CYCLE,92,0,2400,800,0,0.75,0.011534,0,0,0,100,40,75,0.488236,0.489378,1,3,0,0,76,1448,0.189486,1,0.4891,2,3,0,0,V1,1,0.267325,21826.08696,1,0,0,0.732675,1.732675,0,0,200
EDCF-Shield,v1a,FALCON1024+HMAC-SHA512+AES256GCM+DKG4of7,STOLEN_KEY,120,44.78,46,CUMULATIVE,92,4639,96223,32161,4637,0.732689,0.141384,0.201363,0.12606,0.500108,95.4,41.39,73.27,0.488236,0.489378,1,3,0,0,76,1448,0.189486,1,0.4891,2,3,0,0,V1,1,0.267325,21826.08696,1,0,0,0.732675,1.732675,0,0,200
EDCF-Shield,v1a,FALCON1024+HMAC-SHA512+AES256GCM+DKG4of7,STOLEN_KEY,120,44.78,47,CYCLE,94,0,2400,800,0,0.75,0.011289,0,0,0,100,40,75,0.488516,0.489656,1,3,0,0,76,1448,0.188252,1,0.4894,2,3,0,0,V1,1,0.266932,21870.21277,1,0,0,0.733068,1.733068,0,0,200
EDCF-Shield,v1a,FALCON1024+HMAC-SHA512+AES256GCM+DKG4of7,STOLEN_KEY,120,44.78,47,CUMULATIVE,94,4639,98623,32961,4637,0.733082,0.139956,0.197926,0.123378,0.500108,95.51,41.35,73.31,0.488516,0.489656,1,3,0,0,76,1448,0.188252,1,0.4894,2,3,0,0,V1,1,0.266932,21870.21277,1,0,0,0.733068,1.733068,0,0,200
EDCF-Shield,v1a,FALCON1024+HMAC-SHA512+AES256GCM+DKG4of7,STOLEN_KEY,120,44.78,48,CYCLE,96,0,2400,800,0,0.75,0.011054,0,0,0,100,40,75,0.488782,0.48992,1,3,0,0,76,1448,0.187045,1,0.4896,2,3,0,0,V1,1,0.266556,21912.5,1,0,0,0.733444,1.733444,0,0,200
EDCF-Shield,v1a,FALCON1024+HMAC-SHA512+AES256GCM+DKG4of7,STOLEN_KEY,120,44.78,48,CUMULATIVE,96,4639,101023,33761,4637,0.733458,0.13857,0.194605,0.120807,0.500108,95.61,41.32,73.34,0.488782,0.48992,1,3,0,0,76,1448,0.187045,1,0.4896,2,3,0,0,V1,1,0.266556,21912.5,1,0,0,0.733444,1.733444,0,0,200
EDCF-Shield,v1a,FALCON1024+HMAC-SHA512+AES256GCM+DKG4of7,STOLEN_KEY,120,44.78,49,CYCLE,98,0,2400,800,0,0.75,0.010829,0,0,0,100,40,75,0.489037,0.490173,1,3,0,0,76,1448,0.185862,1,0.4898,2,3,0,0,V1,1,0.266196,21953.06122,1,0,0,0.733804,1.733804,0,0,200
EDCF-Shield,v1a,FALCON1024+HMAC-SHA512+AES256GCM+DKG4of7,STOLEN_KEY,120,44.78,49,CUMULATIVE,98,4639,103423,34561,4637,0.733818,0.137223,0.191394,0.118342,0.500108,95.71,41.3,73.38,0.489037,0.490173,1,3,0,0,76,1448,0.185862,1,0.4898,2,3,0,0,V1,1,0.266196,21953.06122,1,0,0,0.733804,1.733804,0,0,200
EDCF-Shield,v1a,FALCON1024+HMAC-SHA512+AES256GCM+DKG4of7,STOLEN_KEY,120,44.78,50,CYCLE,100,0,2400,800,0,0.75,0.010613,0,0,0,100,40,75,0.48928,0.490414,1,3,0,0,76,1448,0.184704,1,0.49,2,3,0,0,V1,1,0.265851,21992,1,0,0,0.734149,1.734149,0,0,200
EDCF-Shield,v1a,FALCON1024+HMAC-SHA512+AES256GCM+DKG4of7,STOLEN_KEY,120,44.78,50,CUMULATIVE,100,4639,105823,35361,4637,0.734162,0.135915,0.188286,0.115975,0.500108,95.8,41.27,73.41,0.48928,0.490414,1,3,0,0,76,1448,0.184704,1,0.49,2,3,0,0,V1,1,0.265851,21992,1,0,0,0.734149,1.734149,0,0,200
EDCF-Shield,v1a,FALCON1024+HMAC-SHA512+AES256GCM+DKG4of7,STOLEN_KEY,120,44.78,51,CYCLE,102,0,2400,800,0,0.75,0.010405,0,0,0,100,40,75,0.489513,0.490645,1,3,0,0,76,1448,0.18357,1,0.4902,2,3,0,0,V1,1,0.265521,22029.41177,1,0,0,0.734479,1.734479,0,0,200
EDCF-Shield,v1a,FALCON1024+HMAC-SHA512+AES256GCM+DKG4of7,STOLEN_KEY,120,44.78,51,CUMULATIVE,102,4639,108223,36161,4637,0.734492,0.134643,0.185278,0.113701,0.500108,95.89,41.24,73.45,0.489513,0.490645,1,3,0,0,76,1448,0.18357,1,0.4902,2,3,0,0,V1,1,0.265521,22029.41177,1,0,0,0.734479,1.734479,0,0,200
EDCF-Shield,v1a,FALCON1024+HMAC-SHA512+AES256GCM+DKG4of7,STOLEN_KEY,120,44.78,52,CYCLE,104,0,2400,800,0,0.75,0.010205,0,0,0,100,40,75,0.489736,0.490866,1,3,0,0,76,1448,0.182458,1,0.4904,2,3,0,0,V1,1,0.265205,22065.38462,1,0,0,0.734795,1.734795,0,0,200
EDCF-Shield,v1a,FALCON1024+HMAC-SHA512+AES256GCM+DKG4of7,STOLEN_KEY,120,44.78,52,CUMULATIVE,104,4639,110623,36961,4637,0.734808,0.133406,0.182365,0.111514,0.500108,95.98,41.22,73.48,0.489736,0.490866,1,3,0,0,76,1448,0.182458,1,0.4904,2,3,0,0,V1,1,0.265205,22065.38462,1,0,0,0.734795,1.734795,0,0,200
EDCF-Shield,v1a,FALCON1024+HMAC-SHA512+AES256GCM+DKG4of7,STOLEN_KEY,120,44.78,53,CYCLE,106,0,2400,800,0,0.75,0.010013,0,0,0,100,40,75,0.489949,0.491078,1,3,0,0,76,1448,0.181368,1,0.4906,2,3,0,0,V1,1,0.264901,22100,1,0,0,0.735099,1.735099,0,0,200
EDCF-Shield,v1a,FALCON1024+HMAC-SHA512+AES256GCM+DKG4of7,STOLEN_KEY,120,44.78,53,CUMULATIVE,106,4639,113023,37761,4637,0.735112,0.132202,0.179542,0.10941,0.500108,96.06,41.19,73.51,0.489949,0.491078,1,3,0,0,76,1448,0.181368,1,0.4906,2,3,0,0,V1,1,0.264901,22100,1,0,0,0.735099,1.735099,0,0,200
EDCF-Shield,v1a,FALCON1024+HMAC-SHA512+AES256GCM+DKG4of7,STOLEN_KEY,120,44.78,54,CYCLE,108,0,2400,800,0,0.75,0.009828,0,0,0,100,40,75,0.490154,0.491281,1,3,0,0,76,1448,0.180299,1,0.4907,2,3,0,0,V1,1,0.264609,22133.33333,1,0,0,0.735391,1.735391,0,0,200
EDCF-Shield,v1a,FALCON1024+HMAC-SHA512+AES256GCM+DKG4of7,STOLEN_KEY,120,44.78,54,CUMULATIVE,108,4639,115423,38561,4637,0.735404,0.13103,0.176805,0.107384,0.500108,96.14,41.17,73.54,0.490154,0.491281,1,3,0,0,76,1448,0.180299,1,0.4907,2,3,0,0,V1,1,0.264609,22133.33333,1,0,0,0.735391,1.735391,0,0,200
EDCF-Shield,v1a,FALCON1024+HMAC-SHA512+AES256GCM+DKG4of7,STOLEN_KEY,120,44.78,55,CYCLE,110,0,2400,800,0,0.75,0.009649,0,0,0,100,40,75,0.490351,0.491476,1,3,0,0,76,1448,0.179251,1,0.4909,2,3,0,0,V1,1,0.264328,22165.45455,1,0,0,0.735672,1.735672,0,0,200
EDCF-Shield,v1a,FALCON1024+HMAC-SHA512+AES256GCM+DKG4of7,STOLEN_KEY,120,44.78,55,CUMULATIVE,110,4639,117823,39361,4637,0.735684,0.129888,0.17415,0.105432,0.500108,96.21,41.15,73.57,0.490351,0.491476,1,3,0,0,76,1448,0.179251,1,0.4909,2,3,0,0,V1,1,0.264328,22165.45455,1,0,0,0.735672,1.735672,0,0,200
EDCF-Shield,v1a,FALCON1024+HMAC-SHA512+AES256GCM+DKG4of7,STOLEN_KEY,120,44.78,56,CYCLE,112,0,2400,800,0,0.75,0.009477,0,0,0,100,40,75,0.49054,0.491663,1,3,0,0,76,1448,0.178222,1,0.4911,2,3,0,0,V1,1,0.264058,22196.42857,1,0,0,0.735942,1.735942,0,0,200
EDCF-Shield,v1a,FALCON1024+HMAC-SHA512+AES256GCM+DKG4of7,STOLEN_KEY,120,44.78,56,CUMULATIVE,112,4639,120223,40161,4637,0.735954,0.128775,0.171573,0.103549,0.500108,96.29,41.12,73.59,0.49054,0.491663,1,3,0,0,76,1448,0.178222,1,0.4911,2,3,0,0,V1,1,0.264058,22196.42857,1,0,0,0.735942,1.735942,0,0,200
EDCF-Shield,v1a,FALCON1024+HMAC-SHA512+AES256GCM+DKG4of7,STOLEN_KEY,120,44.78,57,CYCLE,114,0,2400,800,0,0.75,0.009311,0,0,0,100,40,75,0.490722,0.491844,1,3,0,0,76,1448,0.177213,1,0.4912,2,3,0,0,V1,1,0.263797,22226.31579,1,0,0,0.736203,1.736203,0,0,200
EDCF-Shield,v1a,FALCON1024+HMAC-SHA512+AES256GCM+DKG4of7,STOLEN_KEY,120,44.78,57,CUMULATIVE,114,4639,122623,40961,4637,0.736214,0.127691,0.169072,0.101732,0.500108,96.36,41.1,73.62,0.490722,0.491844,1,3,0,0,76,1448,0.177213,1,0.4912,2,3,0,0,V1,1,0.263797,22226.31579,1,0,0,0.736203,1.736203,0,0,200
EDCF-Shield,v1a,FALCON1024+HMAC-SHA512+AES256GCM+DKG4of7,STOLEN_KEY,120,44.78,58,CYCLE,116,0,2400,800,0,0.75,0.009151,0,0,0,100,40,75,0.490897,0.492017,1,3,0,0,76,1448,0.176223,1,0.4914,2,3,0,0,V1,1,0.263547,22255.17241,1,0,0,0.736453,1.736453,0,0,200
EDCF-Shield,v1a,FALCON1024+HMAC-SHA512+AES256GCM+DKG4of7,STOLEN_KEY,120,44.78,58,CUMULATIVE,116,4639,125023,41761,4637,0.736465,0.126633,0.166643,0.099978,0.500108,96.42,41.08,73.65,0.490897,0.492017,1,3,0,0,76,1448,0.176223,1,0.4914,2,3,0,0,V1,1,0.263547,22255.17241,1,0,0,0.736453,1.736453,0,0,200
EDCF-Shield,v1a,FALCON1024+HMAC-SHA512+AES256GCM+DKG4of7,STOLEN_KEY,120,44.78,59,CYCLE,118,0,2400,800,0,0.75,0.008996,0,0,0,100,40,75,0.491065,0.492184,1,3,0,0,76,1448,0.17525,1,0.4915,2,3,0,0,V1,1,0.263305,22283.05085,1,0,0,0.736695,1.736695,0,0,200
EDCF-Shield,v1a,FALCON1024+HMAC-SHA512+AES256GCM+DKG4of7,STOLEN_KEY,120,44.78,59,CUMULATIVE,118,4639,127423,42561,4637,0.736706,0.1256,0.164282,0.098284,0.500108,96.49,41.06,73.67,0.491065,0.492184,1,3,0,0,76,1448,0.17525,1,0.4915,2,3,0,0,V1,1,0.263305,22283.05085,1,0,0,0.736695,1.736695,0,0,200
EDCF-Shield,v1a,FALCON1024+HMAC-SHA512+AES256GCM+DKG4of7,STOLEN_KEY,120,44.78,60,CYCLE,120,0,2400,800,0,0.75,0.008846,0,0,0,100,40,75,0.491227,0.492345,1,3,0,0,76,1448,0.174296,1,0.4917,2,3,0,0,V1,1,0.263071,22310,1,0,0,0.736929,1.736929,0,0,200
EDCF-Shield,v1a,FALCON1024+HMAC-SHA512+AES256GCM+DKG4of7,STOLEN_KEY,120,44.78,60,CUMULATIVE,120,4639,129823,43361,4637,0.73694,0.124593,0.161988,0.096646,0.500108,96.55,41.05,73.69,0.491227,0.492345,1,3,0,0,76,1448,0.174296,1,0.4917,2,3,0,0,V1,1,0.263071,22310,1,0,0,0.736929,1.736929,0,0,200
EDCF-Shield,v1a,FALCON1024+HMAC-SHA512+AES256GCM+DKG4of7,STOLEN_KEY,120,44.78,61,CYCLE,122,0,2400,800,0,0.75,0.008701,0,0,0,100,40,75,0.491384,0.4925,1,3,0,0,76,1448,0.173358,1,0.4918,2,3,0,0,V1,1,0.262846,22336.06557,1,0,0,0.737154,1.737154,0,0,200
EDCF-Shield,v1a,FALCON1024+HMAC-SHA512+AES256GCM+DKG4of7,STOLEN_KEY,120,44.78,61,CUMULATIVE,122,4639,132223,44161,4637,0.737165,0.123609,0.159756,0.095061,0.500108,96.61,41.03,73.72,0.491384,0.4925,1,3,0,0,76,1448,0.173358,1,0.4918,2,3,0,0,V1,1,0.262846,22336.06557,1,0,0,0.737154,1.737154,0,0,200
EDCF-Shield,v1a,FALCON1024+HMAC-SHA512+AES256GCM+DKG4of7,STOLEN_KEY,120,44.78,62,CYCLE,124,0,2400,800,0,0.75,0.008561,0,0,0,100,40,75,0.491535,0.49265,1,3,0,0,76,1448,0.172436,1,0.4919,2,3,0,0,V1,1,0.262628,22361.29032,1,0,0,0.737372,1.737372,0,0,200
EDCF-Shield,v1a,FALCON1024+HMAC-SHA512+AES256GCM+DKG4of7,STOLEN_KEY,120,44.78,62,CUMULATIVE,124,4639,134623,44961,4637,0.737382,0.122647,0.157585,0.093528,0.500108,96.67,41.01,73.74,0.491535,0.49265,1,3,0,0,76,1448,0.172436,1,0.4919,2,3,0,0,V1,1,0.262628,22361.29032,1,0,0,0.737372,1.737372,0,0,200
EDCF-Shield,v1a,FALCON1024+HMAC-SHA512+AES256GCM+DKG4of7,STOLEN_KEY,120,44.78,63,CYCLE,126,0,2400,800,0,0.75,0.008426,0,0,0,100,40,75,0.491681,0.492795,1,3,0,0,76,1448,0.171531,1,0.4921,2,3,0,0,V1,1,0.262418,22385.71429,1,0,0,0.737582,1.737582,0,0,200
EDCF-Shield,v1a,FALCON1024+HMAC-SHA512+AES256GCM+DKG4of7,STOLEN_KEY,120,44.78,63,CUMULATIVE,126,4639,137023,45761,4637,0.737592,0.121708,0.155473,0.092044,0.500108,96.73,40.99,73.76,0.491681,0.492795,1,3,0,0,76,1448,0.171531,1,0.4921,2,3,0,0,V1,1,0.262418,22385.71429,1,0,0,0.737582,1.737582,0,0,200
EDCF-Shield,v1a,FALCON1024+HMAC-SHA512+AES256GCM+DKG4of7,STOLEN_KEY,120,44.78,64,CYCLE,128,0,2400,800,0,0.75,0.008294,0,0,0,100,40,75,0.491821,0.492934,1,3,0,0,76,1448,0.170642,1,0.4922,2,3,0,0,V1,1,0.262214,22409.375,1,0,0,0.737786,1.737786,0,0,200
EDCF-Shield,v1a,FALCON1024+HMAC-SHA512+AES256GCM+DKG4of7,STOLEN_KEY,120,44.78,64,CUMULATIVE,128,4639,139423,46561,4637,0.737796,0.12079,0.153416,0.090605,0.500108,96.78,40.98,73.78,0.491821,0.492934,1,3,0,0,76,1448,0.170642,1,0.4922,2,3,0,0,V1,1,0.262214,22409.375,1,0,0,0.737786,1.737786,0,0,200
EDCF-Shield,v1a,FALCON1024+HMAC-SHA512+AES256GCM+DKG4of7,STOLEN_KEY,120,44.78,65,CYCLE,130,0,2400,800,0,0.75,0.008167,0,0,0,100,40,75,0.491958,0.493069,1,3,0,0,76,1448,0.169767,1,0.4923,2,3,0,0,V1,1,0.262018,22432.30769,1,0,0,0.737982,1.737982,0,0,200
EDCF-Shield,v1a,FALCON1024+HMAC-SHA512+AES256GCM+DKG4of7,STOLEN_KEY,120,44.78,65,CUMULATIVE,130,4639,141823,47361,4637,0.737993,0.119892,0.151413,0.089212,0.500108,96.83,40.96,73.8,0.491958,0.493069,1,3,0,0,76,1448,0.169767,1,0.4923,2,3,0,0,V1,1,0.262018,22432.30769,1,0,0,0.737982,1.737982,0,0,200
EDCF-Shield,v1a,FALCON1024+HMAC-SHA512+AES256GCM+DKG4of7,STOLEN_KEY,120,44.78,66,CYCLE,132,0,2400,800,0,0.75,0.008043,0,0,0,100,40,75,0.492089,0.4932,1,3,0,0,76,1448,0.168907,1,0.4924,2,3,0,0,V1,1,0.261827,22454.54546,1,0,0,0.738173,1.738173,0,0,200
EDCF-Shield,v1a,FALCON1024+HMAC-SHA512+AES256GCM+DKG4of7,STOLEN_KEY,120,44.78,66,CUMULATIVE,132,4639,144223,48161,4637,0.738183,0.119014,0.149462,0.08786,0.500108,96.88,40.95,73.82,0.492089,0.4932,1,3,0,0,76,1448,0.168907,1,0.4924,2,3,0,0,V1,1,0.261827,22454.54546,1,0,0,0.738173,1.738173,0,0,200
EDCF-Shield,v1a,FALCON1024+HMAC-SHA512+AES256GCM+DKG4of7,STOLEN_KEY,120,44.78,67,CYCLE,134,0,2400,800,0,0.75,0.007924,0,0,0,100,40,75,0.492217,0.493326,1,3,0,0,76,1448,0.168061,1,0.4925,2,3,0,0,V1,1,0.261642,22476.1194,1,0,0,0.738358,1.738358,0,0,200
EDCF-Shield,v1a,FALCON1024+HMAC-SHA512+AES256GCM+DKG4of7,STOLEN_KEY,120,44.78,67,CUMULATIVE,134,4639,146623,48961,4637,0.738368,0.118155,0.14756,0.086549,0.500108,96.93,40.93,73.84,0.492217,0.493326,1,3,0,0,76,1448,0.168061,1,0.4925,2,3,0,0,V1,1,0.261642,22476.1194,1,0,0,0.738358,1.738358,0,0,200
EDCF-Shield,v1a,FALCON1024+HMAC-SHA512+AES256GCM+DKG4of7,STOLEN_KEY,120,44.78,68,CYCLE,136,0,2400,800,0,0.75,0.007807,0,0,0,100,40,75,0.49234,0.493449,1,3,0,0,76,1448,0.16723,1,0.4926,2,3,0,0,V1,1,0.261463,22497.05882,1,0,0,0.738537,1.738537,0,0,200
EDCF-Shield,v1a,FALCON1024+HMAC-SHA512+AES256GCM+DKG4of7,STOLEN_KEY,120,44.78,68,CUMULATIVE,136,4639,149023,49761,4637,0.738547,0.117314,0.145706,0.085276,0.500108,96.98,40.92,73.85,0.49234,0.493449,1,3,0,0,76,1448,0.16723,1,0.4926,2,3,0,0,V1,1,0.261463,22497.05882,1,0,0,0.738537,1.738537,0,0,200
EDCF-Shield,v1a,FALCON1024+HMAC-SHA512+AES256GCM+DKG4of7,STOLEN_KEY,120,44.78,69,CYCLE,138,0,2400,800,0,0.75,0.007694,0,0,0,100,40,75,0.49246,0.493567,1,3,0,0,76,1448,0.166411,1,0.4928,2,3,0,0,V1,1,0.261289,22517.3913,1,0,0,0.738711,1.738711,0,0,200
EDCF-Shield,v1a,FALCON1024+HMAC-SHA512+AES256GCM+DKG4of7,STOLEN_KEY,120,44.78,69,CUMULATIVE,138,4639,151423,50561,4637,0.73872,0.116491,0.143899,0.08404,0.500108,97.03,40.9,73.87,0.49246,0.493567,1,3,0,0,76,1448,0.166411,1,0.4928,2,3,0,0,V1,1,0.261289,22517.3913,1,0,0,0.738711,1.738711,0,0,200
EDCF-Shield,v1a,FALCON1024+HMAC-SHA512+AES256GCM+DKG4of7,STOLEN_KEY,120,44.78,70,CYCLE,140,0,2400,800,0,0.75,0.007585,0,0,0,100,40,75,0.492576,0.493682,1,3,0,0,76,1448,0.165606,1,0.4929,2,3,0,0,V1,1,0.261121,22537.14286,1,0,0,0.738879,1.738879,0,0,200
EDCF-Shield,v1a,FALCON1024+HMAC-SHA512+AES256GCM+DKG4of7,STOLEN_KEY,120,44.78,70,CUMULATIVE,140,4639,153823,51361,4637,0.738888,0.115684,0.142135,0.082839,0.500108,97.07,40.89,73.89,0.492576,0.493682,1,3,0,0,76,1448,0.165606,1,0.4929,2,3,0,0,V1,1,0.261121,22537.14286,1,0,0,0.738879,1.738879,0,0,200
EDCF-Shield,v1a,FALCON1024+HMAC-SHA512+AES256GCM+DKG4of7,STOLEN_KEY,120,44.78,71,CYCLE,142,0,2400,800,0,0.75,0.007478,0,0,0,100,40,75,0.492688,0.493794,1,3,0,0,76,1448,0.164814,1,0.493,2,3,0,0,V1,1,0.260957,22556.33803,1,0,0,0.739043,1.739043,0,0,200
EDCF-Shield,v1a,FALCON1024+HMAC-SHA512+AES256GCM+DKG4of7,STOLEN_KEY,120,44.78,71,CUMULATIVE,142,4639,156223,52161,4637,0.739052,0.114895,0.140414,0.081673,0.500108,97.12,40.88,73.9,0.492688,0.493794,1,3,0,0,76,1448,0.164814,1,0.493,2,3,0,0,V1,1,0.260957,22556.33803,1,0,0,0.739043,1.739043,0,0,200
EDCF-Shield,v1a,FALCON1024+HMAC-SHA512+AES256GCM+DKG4of7,STOLEN_KEY,120,44.78,72,CYCLE,144,0,2400,800,0,0.75,0.007374,0,0,0,100,40,75,0.492797,0.493902,1,3,0,0,76,1448,0.164034,1,0.4931,2,3,0,0,V1,1,0.260799,22575,1,0,0,0.739201,1.739201,0,0,200
EDCF-Shield,v1a,FALCON1024+HMAC-SHA512+AES256GCM+DKG4of7,STOLEN_KEY,120,44.78,72,CUMULATIVE,144,4639,158623,52961,4637,0.73921,0.114121,0.138734,0.080538,0.500108,97.16,40.86,73.92,0.492797,0.493902,1,3,0,0,76,1448,0.164034,1,0.4931,2,3,0,0,V1,1,0.260799,22575,1,0,0,0.739201,1.739201,0,0,200
EDCF-Shield,v1a,FALCON1024+HMAC-SHA512+AES256GCM+DKG4of7,STOLEN_KEY,120,44.78,73,CYCLE,146,0,2400,800,0,0.75,0.007273,0,0,0,100,40,75,0.492903,0.494007,1,3,0,0,76,1448,0.163266,1,0.4932,2,3,0,0,V1,1,0.260644,22593.15069,1,0,0,0.739356,1.739356,0,0,200
EDCF-Shield,v1a,FALCON1024+HMAC-SHA512+AES256GCM+DKG4of7,STOLEN_KEY,120,44.78,73,CUMULATIVE,146,4639,161023,53761,4637,0.739364,0.113362,0.137094,0.079435,0.500108,97.2,40.85,73.94,0.492903,0.494007,1,3,0,0,76,1448,0.163266,1,0.4932,2,3,0,0,V1,1,0.260644,22593.15069,1,0,0,0.739356,1.739356,0,0,200
EDCF-Shield,v1a,FALCON1024+HMAC-SHA512+AES256GCM+DKG4of7,STOLEN_KEY,120,44.78,74,CYCLE,148,0,2400,800,0,0.75,0.007175,0,0,0,100,40,75,0.493006,0.494109,1,3,0,0,76,1448,0.16251,1,0.4932,2,3,0,0,V1,1,0.260495,22610.81081,1,0,0,0.739505,1.739505,0,0,200
EDCF-Shield,v1a,FALCON1024+HMAC-SHA512+AES256GCM+DKG4of7,STOLEN_KEY,120,44.78,74,CUMULATIVE,148,4639,163423,54561,4637,0.739514,0.112618,0.135493,0.078361,0.500108,97.24,40.84,73.95,0.493006,0.494109,1,3,0,0,76,1448,0.16251,1,0.4932,2,3,0,0,V1,1,0.260495,22610.81081,1,0,0,0.739505,1.739505,0,0,200
EDCF-Shield,v1a,FALCON1024+HMAC-SHA512+AES256GCM+DKG4of7,STOLEN_KEY,120,44.78,75,CYCLE,150,0,2400,800,0,0.75,0.00708,0,0,0,100,40,75,0.493106,0.494208,1,3,0,0,76,1448,0.161765,1,0.4933,2,3,0,0,V1,1,0.260349,22628,1,0,0,0.739651,1.739651,0,0,200
EDCF-Shield,v1a,FALCON1024+HMAC-SHA512+AES256GCM+DKG4of7,STOLEN_KEY,120,44.78,75,CUMULATIVE,150,4639,165823,55361,4637,0.73966,0.111889,0.133928,0.077317,0.500108,97.28,40.83,73.97,0.493106,0.494208,1,3,0,0,76,1448,0.161765,1,0.4933,2,3,0,0,V1,1,0.260349,22628,1,0,0,0.739651,1.739651,0,0,200
EDCF-Shield,v1a,FALCON1024+HMAC-SHA512+AES256GCM+DKG4of7,STOLEN_KEY,120,44.78,76,CYCLE,152,0,2400,800,0,0.75,0.006987,0,0,0,100,40,75,0.493203,0.494304,1,3,0,0,76,1448,0.161032,1,0.4934,2,3,0,0,V1,1,0.260207,22644.73684,1,0,0,0.739793,1.739793,0,0,200
EDCF-Shield,v1a,FALCON1024+HMAC-SHA512+AES256GCM+DKG4of7,STOLEN_KEY,120,44.78,76,CUMULATIVE,152,4639,168223,56161,4637,0.739801,0.111173,0.132399,0.076299,0.500108,97.32,40.82,73.98,0.493203,0.494304,1,3,0,0,76,1448,0.161032,1,0.4934,2,3,0,0,V1,1,0.260207,22644.73684,1,0,0,0.739793,1.739793,0,0,200
EDCF-Shield,v1a,FALCON1024+HMAC-SHA512+AES256GCM+DKG4of7,STOLEN_KEY,120,44.78,77,CYCLE,154,0,2400,800,0,0.75,0.006896,0,0,0,100,40,75,0.493297,0.494397,1,3,0,0,76,1448,0.160309,1,0.4935,2,3,0,0,V1,1,0.260069,22661.03896,1,0,0,0.739931,1.739931,0,0,200
EDCF-Shield,v1a,FALCON1024+HMAC-SHA512+AES256GCM+DKG4of7,STOLEN_KEY,120,44.78,77,CUMULATIVE,154,4639,170623,56961,4637,0.739939,0.110472,0.130905,0.075308,0.500108,97.35,40.81,73.99,0.493297,0.494397,1,3,0,0,76,1448,0.160309,1,0.4935,2,3,0,0,V1,1,0.260069,22661.03896,1,0,0,0.739931,1.739931,0,0,200
EDCF-Shield,v1a,FALCON1024+HMAC-SHA512+AES256GCM+DKG4of7,STOLEN_KEY,120,44.78,78,CYCLE,156,0,2400,800,0,0.75,0.006808,0,0,0,100,40,75,0.493389,0.494488,1,3,0,0,76,1448,0.159597,1,0.4936,2,3,0,0,V1,1,0.259935,22676.92308,1,0,0,0.740065,1.740065,0,0,200
EDCF-Shield,v1a,FALCON1024+HMAC-SHA512+AES256GCM+DKG4of7,STOLEN_KEY,120,44.78,78,CUMULATIVE,156,4639,173023,57761,4637,0.740073,0.109783,0.129444,0.074343,0.500108,97.39,40.79,74.01,0.493389,0.494488,1,3,0,0,76,1448,0.159597,1,0.4936,2,3,0,0,V1,1,0.259935,22676.92308,1,0,0,0.740065,1.740065,0,0,200
EDCF-Shield,v1a,FALCON1024+HMAC-SHA512+AES256GCM+DKG4of7,STOLEN_KEY,120,44.78,79,CYCLE,158,0,2400,800,0,0.75,0.006722,0,0,0,100,40,75,0.493478,0.494577,1,3,0,0,76,1448,0.158895,1,0.4937,2,3,0,0,V1,1,0.259804,22692.40506,1,0,0,0.740196,1.740196,0,0,200
EDCF-Shield,v1a,FALCON1024+HMAC-SHA512+AES256GCM+DKG4of7,STOLEN_KEY,120,44.78,79,CUMULATIVE,158,4639,175423,58561,4637,0.740204,0.109107,0.128015,0.073402,0.500108,97.42,40.78,74.02,0.493478,0.494577,1,3,0,0,76,1448,0.158895,1,0.4937,2,3,0,0,V1,1,0.259804,22692.40506,1,0,0,0.740196,1.740196,0,0,200
EDCF-Shield,v1a,FALCON1024+HMAC-SHA512+AES256GCM+DKG4of7,STOLEN_KEY,120,44.78,80,CYCLE,160,0,2400,800,0,0.75,0.006638,0,0,0,100,40,75,0.493565,0.494663,1,3,0,0,76,1448,0.158204,1,0.4938,2,3,0,0,V1,1,0.259677,22707.5,1,0,0,0.740323,1.740323,0,0,200
EDCF-Shield,v1a,FALCON1024+HMAC-SHA512+AES256GCM+DKG4of7,STOLEN_KEY,120,44.78,80,CUMULATIVE,160,4639,177823,59361,4637,0.740331,0.108443,0.126617,0.072484,0.500108,97.46,40.77,74.03,0.493565,0.494663,1,3,0,0,76,1448,0.158204,1,0.4938,2,3,0,0,V1,1,0.259677,22707.5,1,0,0,0.740323,1.740323,0,0,200
EDCF-Shield,v1a,FALCON1024+HMAC-SHA512+AES256GCM+DKG4of7,STOLEN_KEY,120,44.78,81,CYCLE,162,0,2400,800,0,0.75,0.006557,0,0,0,100,40,75,0.493649,0.494747,1,3,0,0,76,1448,0.157522,1,0.4938,2,3,0,0,V1,1,0.259553,22722.22222,1,0,0,0.740447,1.740447,0,0,200
EDCF-Shield,v1a,FALCON1024+HMAC-SHA512+AES256GCM+DKG4of7,STOLEN_KEY,120,44.78,81,CUMULATIVE,162,4639,180223,60161,4637,0.740455,0.107791,0.12525,0.07159,0.500108,97.49,40.76,74.04,0.493649,0.494747,1,3,0,0,76,1448,0.157522,1,0.4938,2,3,0,0,V1,1,0.259553,22722.22222,1,0,0,0.740447,1.740447,0,0,200
EDCF-Shield,v1a,FALCON1024+HMAC-SHA512+AES256GCM+DKG4of7,STOLEN_KEY,120,44.78,82,CYCLE,164,0,2400,800,0,0.75,0.006477,0,0,0,100,40,75,0.493732,0.494829,1,3,0,0,76,1448,0.15685,1,0.4939,2,3,0,0,V1,1,0.259432,22736.58537,1,0,0,0.740568,1.740568,0,0,200
EDCF-Shield,v1a,FALCON1024+HMAC-SHA512+AES256GCM+DKG4of7,STOLEN_KEY,120,44.78,82,CUMULATIVE,164,4639,182623,60961,4637,0.740576,0.10715,0.123912,0.070716,0.500108,97.52,40.75,74.06,0.493732,0.494829,1,3,0,0,76,1448,0.15685,1,0.4939,2,3,0,0,V1,1,0.259432,22736.58537,1,0,0,0.740568,1.740568,0,0,200
EDCF-Shield,v1a,FALCON1024+HMAC-SHA512+AES256GCM+DKG4of7,STOLEN_KEY,120,44.78,83,CYCLE,166,0,2400,800,0,0.75,0.006399,0,0,0,100,40,75,0.493812,0.494908,1,3,0,0,76,1448,0.156188,1,0.494,2,3,0,0,V1,1,0.259314,22750.60241,1,0,0,0.740686,1.740686,0,0,200
EDCF-Shield,v1a,FALCON1024+HMAC-SHA512+AES256GCM+DKG4of7,STOLEN_KEY,120,44.78,83,CUMULATIVE,166,4639,185023,61761,4637,0.740694,0.106521,0.122602,0.069864,0.500108,97.56,40.75,74.07,0.493812,0.494908,1,3,0,0,76,1448,0.156188,1,0.494,2,3,0,0,V1,1,0.259314,22750.60241,1,0,0,0.740686,1.740686,0,0,200
EDCF-Shield,v1a,FALCON1024+HMAC-SHA512+AES256GCM+DKG4of7,STOLEN_KEY,120,44.78,84,CYCLE,168,0,2400,800,0,0.75,0.006323,0,0,0,100,40,75,0.49389,0.494986,1,3,0,0,76,1448,0.155534,1,0.494,2,3,0,0,V1,1,0.259199,22764.28571,1,0,0,0.740801,1.740801,0,0,200
EDCF-Shield,v1a,FALCON1024+HMAC-SHA512+AES256GCM+DKG4of7,STOLEN_KEY,120,44.78,84,CUMULATIVE,168,4639,187423,62561,4637,0.740808,0.105903,0.121319,0.069033,0.500108,97.59,40.74,74.08,0.49389,0.494986,1,3,0,0,76,1448,0.155534,1,0.494,2,3,0,0,V1,1,0.259199,22764.28571,1,0,0,0.740801,1.740801,0,0,200
EDCF-Shield,v1a,FALCON1024+HMAC-SHA512+AES256GCM+DKG4of7,STOLEN_KEY,120,44.78,85,CYCLE,170,0,2400,800,0,0.75,0.006249,0,0,0,100,40,75,0.493967,0.495062,1,3,0,0,76,1448,0.15489,1,0.4941,2,3,0,0,V1,1,0.259087,22777.64706,1,0,0,0.740913,1.740913,0,0,200
EDCF-Shield,v1a,FALCON1024+HMAC-SHA512+AES256GCM+DKG4of7,STOLEN_KEY,120,44.78,85,CUMULATIVE,170,4639,189823,63361,4637,0.740921,0.105296,0.120063,0.068221,0.500108,97.62,40.73,74.09,0.493967,0.495062,1,3,0,0,76,1448,0.15489,1,0.4941,2,3,0,0,V1,1,0.259087,22777.64706,1,0,0,0.740913,1.740913,0,0,200
EDCF-Shield,v1a,FALCON1024+HMAC-SHA512+AES256GCM+DKG4of7,STOLEN_KEY,120,44.78,86,CYCLE,172,0,2400,800,0,0.75,0.006176,0,0,0,100,40,75,0.494041,0.495136,1,3,0,0,76,1448,0.154254,1,0.4942,2,3,0,0,V1,1,0.258978,22790.69767,1,0,0,0.741022,1.741022,0,0,200
EDCF-Shield,v1a,FALCON1024+HMAC-SHA512+AES256GCM+DKG4of7,STOLEN_KEY,120,44.78,86,CUMULATIVE,172,4639,192223,64161,4637,0.74103,0.104698,0.118833,0.067427,0.500108,97.64,40.72,74.1,0.494041,0.495136,1,3,0,0,76,1448,0.154254,1,0.4942,2,3,0,0,V1,1,0.258978,22790.69767,1,0,0,0.741022,1.741022,0,0,200
EDCF-Shield,v1a,FALCON1024+HMAC-SHA512+AES256GCM+DKG4of7,STOLEN_KEY,120,44.78,87,CYCLE,174,0,2400,800,0,0.75,0.006105,0,0,0,100,40,75,0.494114,0.495208,1,3,0,0,76,1448,0.153626,1,0.4943,2,3,0,0,V1,1,0.258871,22803.44828,1,0,0,0.741129,1.741129,0,0,200
EDCF-Shield,v1a,FALCON1024+HMAC-SHA512+AES256GCM+DKG4of7,STOLEN_KEY,120,44.78,87,CUMULATIVE,174,4639,194623,64961,4637,0.741137,0.104111,0.117628,0.066652,0.500108,97.67,40.71,74.11,0.494114,0.495208,1,3,0,0,76,1448,0.153626,1,0.4943,2,3,0,0,V1,1,0.258871,22803.44828,1,0,0,0.741129,1.741129,0,0,200
EDCF-Shield,v1a,FALCON1024+HMAC-SHA512+AES256GCM+DKG4of7,STOLEN_KEY,120,44.78,88,CYCLE,176,0,2400,800,0,0.75,0.006036,0,0,0,100,40,75,0.494185,0.495278,1,3,0,0,76,1448,0.153007,1,0.4943,2,3,0,0,V1,1,0.258766,22815.90909,1,0,0,0.741234,1.741234,0,0,200
EDCF-Shield,v1a,FALCON1024+HMAC-SHA512+AES256GCM+DKG4of7,STOLEN_KEY,120,44.78,88,CUMULATIVE,176,4639,197023,65761,4637,0.741241,0.103534,0.116447,0.065895,0.500108,97.7,40.7,74.12,0.494185,0.495278,1,3,0,0,76,1448,0.153007,1,0.4943,2,3,0,0,V1,1,0.258766,22815.90909,1,0,0,0.741234,1.741234,0,0,200
EDCF-Shield,v1a,FALCON1024+HMAC-SHA512+AES256GCM+DKG4of7,STOLEN_KEY,120,44.78,89,CYCLE,178,0,2400,800,0,0.75,0.005968,0,0,0,100,40,75,0.494254,0.495346,1,3,0,0,76,1448,0.152397,1,0.4944,2,3,0,0,V1,1,0.258665,22828.08989,1,0,0,0.741335,1.741335,0,0,200
EDCF-Shield,v1a,FALCON1024+HMAC-SHA512+AES256GCM+DKG4of7,STOLEN_KEY,120,44.78,89,CUMULATIVE,178,4639,199423,66561,4637,0.741343,0.102966,0.115289,0.065154,0.500108,97.73,40.69,74.13,0.494254,0.495346,1,3,0,0,76,1448,0.152397,1,0.4944,2,3,0,0,V1,1,0.258665,22828.08989,1,0,0,0.741335,1.741335,0,0,200
EDCF-Shield,v1a,FALCON1024+HMAC-SHA512+AES256GCM+DKG4of7,STOLEN_KEY,120,44.78,90,CYCLE,179.5,0,1320,480,0,0.733333,0.005902,0,0,0,100,41.33,73.33,0.494291,0.495386,1,3,0,0,76,1448,0.151794,1,0.4958,2,3,0,0,V1,1,0.258717,22783.56546,1,0,0,0.741283,1.741283,0,0,200
EDCF-Shield,v1a,FALCON1024+HMAC-SHA512+AES256GCM+DKG4of7,STOLEN_KEY,120,44.78,90,CUMULATIVE,179.5,4639,200743,67041,4637,0.741291,0.10259,0.114605,0.064718,0.500108,97.74,40.7,74.13,0.494291,0.495386,1,3,0,0,76,1448,0.151794,1,0.4958,2,3,0,0,V1,1,0.258717,22783.56546,1,0,0,0.741283,1.741283,0,0,200
EDCF-Shield,v1a,FALCON1024+HMAC-SHA512+AES256GCM+DKG4of7,STOLEN_KEY,180,67.16,1,CYCLE,2,200,0,0,0,1,0.5,1,1,1,0,100,0,0,0,1,0,0,0,76,1448,0,1,0,0,0,0,0,V1,0,1,-100,1,0,0,0,0,0,0,200
EDCF-Shield,v1a,FALCON1024+HMAC-SHA512+AES256GCM+DKG4of7,STOLEN_KEY,180,67.16,1,CUMULATIVE,2,200,0,0,0,1,0.5,1,1,1,0,100,0,0,0,1,0,0,0,76,1448,0,1,0,0,0,0,0,V1,0,1,-100,1,0,0,0,0,0,0,200
EDCF-Shield,v1a,FALCON1024+HMAC-SHA512+AES256GCM+DKG4of7,STOLEN_KEY,180,67.16,2,CYCLE,4,200,0,0,210,0.487805,0.249999,0.655738,1,0.487805,0,59.02,51.22,0,0,1,0,0,0,76,1448,0,1,0.25,2,0,0,0,V1,0,0.655738,950,1,0,0,0.344262,1.344262,0,0,200
EDCF-Shield,v1a,FALCON1024+HMAC-SHA512+AES256GCM+DKG4of7,STOLEN_KEY,180,67.16,2,CUMULATIVE,4,400,0,0,210,0.655738,0.000019,0.792079,1,0.655738,0,72.46,34.43,0,0,1,0,0,0,76,1448,0,1,0.25,2,0,0,0,V1,0,0.655738,950,1,0,0,0.344262,1.344262,0,0,200
EDCF-Shield,v1a,FALCON1024+HMAC-SHA512+AES256GCM+DKG4of7,STOLEN_KEY,180,67.16,3,CYCLE,6,120,301,80,309,0.519753,0.193576,0.381558,0.6,0.27972,49.34,39.75,75.31,0.26851,0.275894,1,3,0,0,76,1448,0,1,0.3333,2,3,0,0,V1,1,0.422535,2633.333333,1,0,0,0.577465,1.577465,0,0,200
EDCF-Shield,v1a,FALCON1024+HMAC-SHA512+AES256GCM+DKG4of7,STOLEN_KEY,180,67.16,3,CUMULATIVE,6,520,301,80,519,0.578169,0.260582,0.634533,0.866667,0.500481,36.71,53.8,57.75,0.26851,0.275894,1,3,0,0,76,1448,0,1,0.3333,2,3,0,0,V1,1,0.422535,2633.333333,1,0,0,0.577465,1.577465,0,0,200
EDCF-Shield,v1a,FALCON1024+HMAC-SHA512+AES256GCM+DKG4of7,STOLEN_KEY,180,67.16,4,CYCLE,8,0,1010,200,0,0.834711,0.145191,0,0,0,100,33.22,83.47,0.417383,0.422767,1,3,0,0,76,1448,0,1,0.375,2,3,0,0,V1,1,0.304183,4475,1,0,0,0.695817,1.695817,0,0,200
EDCF-Shield,v1a,FALCON1024+HMAC-SHA512+AES256GCM+DKG4of7,STOLEN_KEY,180,67.16,4,CUMULATIVE,8,520,1311,280,519,0.696198,0.344806,0.565525,0.65,0.500481,71.64,44.33,69.58,0.417383,0.422767,1,3,0,0,76,1448,0,1,0.375,2,3,0,0,V1,1,0.304183,4475,1,0,0,0.695817,1.695817,0,0,200
EDCF-Shield,v1a,FALCON1024+HMAC-SHA512+AES256GCM+DKG4of7,STOLEN_KEY,180,67.16,5,CYCLE,10,0,1410,200,0,0.875776,0.116161,0,0,0,100,29.94,87.58,0.456467,0.460328,1,3,0,0,76,1448,0.344806,1,0.4,2,3,0,0,V1,1,0.235849,6380,1,0,0,0.764151,1.764151,0,0,200
EDCF-Shield,v1a,FALCON1024+HMAC-SHA512+AES256GCM+DKG4of7,STOLEN_KEY,180,67.16,5,CUMULATIVE,10,520,2721,480,519,0.764387,0.355141,0.510054,0.52,0.500481,83.98,38.87,76.42,0.456467,0.460328,1,3,0,0,76,1448,0.344806,1,0.4,2,3,0,0,V1,1,0.235849,6380,1,0,0,0.764151,1.764151,0,0,200
EDCF-Shield,v1a,FALCON1024+HMAC-SHA512+AES256GCM+DKG4of7,STOLEN_KEY,180,67.16,6,CYCLE,12,0,1810,200,0,0.900498,0.096808,0,0,0,100,27.96,90.05,0.472915,0.475895,1,3,0,0,76,1448,0,1,0.4167,2,3,0,0,V1,1,0.192,8316.666667,1,0,0,0.808,1.808,0,0,200
EDCF-Shield,v1a,FALCON1024+HMAC-SHA512+AES256GCM+DKG4of7,STOLEN_KEY,180,67.16,6,CUMULATIVE,12,520,4531,680,519,0.80816,0.349719,0.464493,0.433333,0.500481,89.72,35.36,80.8,0.472915,0.475895,1,3,0,0,76,1448,0,1,0.4167,2,3,0,0,V1,1,0.192,8316.666667,1,0,0,0.808,1.808,0,0,200
EDCF-Shield,v1a,FALCON1024+HMAC-SHA512+AES256GCM+DKG4of7,STOLEN_KEY,180,67.16,7,CYCLE,14,0,2210,200,0,0.917012,0.082984,0,0,0,100,26.64,91.7,0.481466,0.483885,1,3,0,0,76,1448,0.349719,1,0.4286,2,3,0,0,V1,1,0.161663,10271.42857,1,0,0,0.838337,1.838337,0,0,200
EDCF-Shield,v1a,FALCON1024+HMAC-SHA512+AES256GCM+DKG4of7,STOLEN_KEY,180,67.16,7,CUMULATIVE,14,520,6741,880,519,0.838453,0.339824,0.426404,0.371429,0.500481,92.85,32.93,83.83,0.481466,0.483885,1,3,0,0,76,1448,0.349719,1,0.4286,2,3,0,0,V1,1,0.161663,10271.42857,1,0,0,0.838337,1.838337,0,0,200
EDCF-Shield,v1a,FALCON1024+HMAC-SHA512+AES256GCM+DKG4of7,STOLEN_KEY,180,67.16,8,CYCLE,16,0,2610,200,0,0.928826,0.072617,0,0,0,100,25.69,92.88,0.486499,0.488532,1,3,0,0,76,1448,0.344772,1,0.4375,2,3,0,0,V1,1,0.139494,12237.5,1,0,0,0.860506,1.860506,0,0,200
EDCF-Shield,v1a,FALCON1024+HMAC-SHA512+AES256GCM+DKG4of7,STOLEN_KEY,180,67.16,8,CUMULATIVE,16,520,9351,1080,519,0.860593,0.328837,0.394089,0.325,0.500481,94.74,31.16,86.05,0.486499,0.488532,1,3,0,0,76,1448,0.344772,1,0.4375,2,3,0,0,V1,1,0.139494,12237.5,1,0,0,0.860506,1.860506,0,0,200
EDCF-Shield,v1a,FALCON1024+HMAC-SHA512+AES256GCM+DKG4of7,STOLEN_KEY,180,67.16,9,CYCLE,18,0,3010,200,0,0.937695,0.064553,0,0,0,100,24.98,93.77,0.489719,0.491472,1,3,0,0,76,1448,0.33946,1,0.4444,2,3,0,0,V1,1,0.122616,14211.11111,1,0,0,0.877384,1.877384,0,0,200
EDCF-Shield,v1a,FALCON1024+HMAC-SHA512+AES256GCM+DKG4of7,STOLEN_KEY,180,67.16,9,CUMULATIVE,18,520,12361,1280,519,0.877452,0.317946,0.366326,0.288889,0.500481,95.97,29.81,87.74,0.489719,0.491472,1,3,0,0,76,1448,0.33946,1,0.4444,2,3,0,0,V1,1,0.122616,14211.11111,1,0,0,0.877384,1.877384,0,0,200
EDCF-Shield,v1a,FALCON1024+HMAC-SHA512+AES256GCM+DKG4of7,STOLEN_KEY,180,67.16,10,CYCLE,20,0,3410,200,0,0.944598,0.058103,0,0,0,100,24.43,94.46,0.491906,0.493445,1,3,0,0,76,1448,0.334082,1,0.45,2,3,0,0,V1,1,0.109349,16190,1,0,0,0.890651,1.890651,0,0,200
EDCF-Shield,v1a,FALCON1024+HMAC-SHA512+AES256GCM+DKG4of7,STOLEN_KEY,180,67.16,10,CUMULATIVE,20,520,15771,1480,519,0.890705,0.307583,0.342218,0.26,0.500481,96.81,28.75,89.07,0.491906,0.493445,1,3,0,0,76,1448,0.334082,1,0.45,2,3,0,0,V1,1,0.109349,16190,1,0,0,0.890651,1.890651,0,0,200
EDCF-Shield,v1a,FALCON1024+HMAC-SHA512+AES256GCM+DKG4of7,STOLEN_KEY,180,67.16,11,CYCLE,22,0,3600,200,0,0.947368,0.052825,0,0,0,100,24.21,94.74,0.49339,0.494777,1,3,0,0,76,1448,0.328782,1,0.4545,2,3,0,0,V1,1,0.099593,17981.81818,1,0,0,0.900407,1.900407,0,0,200
EDCF-Shield,v1a,FALCON1024+HMAC-SHA512+AES256GCM+DKG4of7,STOLEN_KEY,180,67.16,11,CUMULATIVE,22,520,19371,1680,519,0.900453,0.297415,0.321087,0.236364,0.500481,97.39,27.97,90.04,0.49339,0.494777,1,3,0,0,76,1448,0.328782,1,0.4545,2,3,0,0,V1,1,0.099593,17981.81818,1,0,0,0.900407,1.900407,0,0,200
EDCF-Shield,v1a,FALCON1024+HMAC-SHA512+AES256GCM+DKG4of7,STOLEN_KEY,180,67.16,12,CYCLE,24,0,3600,200,0,0.947368,0.048426,0,0,0,100,24.21,94.74,0.494415,0.495695,1,3,0,0,76,1448,0.323554,1,0.4583,2,3,0,0,V1,1,0.0927,19475,1,0,0,0.9073,1.9073,0,0,200
EDCF-Shield,v1a,FALCON1024+HMAC-SHA512+AES256GCM+DKG4of7,STOLEN_KEY,180,67.16,12,CUMULATIVE,24,520,22971,1880,519,0.907339,0.287507,0.302413,0.216667,0.500481,97.79,27.42,90.73,0.494415,0.495695,1,3,0,0,76,1448,0.323554,1,0.4583,2,3,0,0,V1,1,0.0927,19475,1,0,0,0.9073,1.9073,0,0,200
EDCF-Shield,v1a,FALCON1024+HMAC-SHA512+AES256GCM+DKG4of7,STOLEN_KEY,180,67.16,13,CYCLE,26,0,3600,200,0,0.947368,0.044705,0,0,0,100,24.21,94.74,0.495164,0.496367,1,3,0,0,76,1448,0.318404,1,0.4615,2,3,0,0,V1,1,0.087572,20738.46154,1,0,0,0.912428,1.912428,0,0,200
EDCF-Shield,v1a,FALCON1024+HMAC-SHA512+AES256GCM+DKG4of7,STOLEN_KEY,180,67.16,13,CUMULATIVE,26,520,26571,2080,519,0.912462,0.278171,0.285793,0.2,0.500481,98.08,27.01,91.24,0.495164,0.496367,1,3,0,0,76,1448,0.318404,1,0.4615,2,3,0,0,V1,1,0.087572,20738.46154,1,0,0,0.912428,1.912428,0,0,200
EDCF-Shield,v1a,FALCON1024+HMAC-SHA512+AES256GCM+DKG4of7,STOLEN_KEY,180,67.16,14,CYCLE,28,0,3600,200,0,0.947368,0.041515,0,0,0,100,24.21,94.74,0.495736,0.496879,1,3,0,0,76,1448,0.313375,1,0.4643,2,3,0,0,V1,1,0.083607,21821.42857,1,0,0,0.916393,1.916393,0,0,200
EDCF-Shield,v1a,FALCON1024+HMAC-SHA512+AES256GCM+DKG4of7,STOLEN_KEY,180,67.16,14,CUMULATIVE,28,520,30171,2280,519,0.916423,0.269486,0.270904,0.185714,0.500481,98.31,26.69,91.64,0.495736,0.496879,1,3,0,0,76,1448,0.313375,1,0.4643,2,3,0,0,V1,1,0.083607,21821.42857,1,0,0,0.916393,1.916393,0,0,200
EDCF-Shield,v1a,FALCON1024+HMAC-SHA512+AES256GCM+DKG4of7,STOLEN_KEY,180,67.16,15,CYCLE,30,0,3600,200,0,0.947368,0.03875,0,0,0,100,24.21,94.74,0.496187,0.497283,1,3,0,0,76,1448,0.308499,1,0.4667,2,3,0,0,V1,1,0.080451,22760,1,0,0,0.919549,1.919549,0,0,200
EDCF-Shield,v1a,FALCON1024+HMAC-SHA512+AES256GCM+DKG4of7,STOLEN_KEY,180,67.16,15,CUMULATIVE,30,520,33771,2480,519,0.919576,0.261443,0.257489,0.173333,0.500481,98.49,26.44,91.95,0.496187,0.497283,1,3,0,0,76,1448,0.308499,1,0.4667,2,3,0,0,V1,1,0.080451,22760,1,0,0,0.919549,1.919549,0,0,200
EDCF-Shield,v1a,FALCON1024+HMAC-SHA512+AES256GCM+DKG4of7,STOLEN_KEY,180,67.16,16,CYCLE,32,0,3600,200,0,0.947368,0.036331,0,0,0,100,24.21,94.74,0.496552,0.49761,1,3,0,0,76,1448,0.303793,1,0.4688,2,3,0,0,V1,1,0.077878,23581.25,1,0,0,0.922122,1.922122,0,0,200
EDCF-Shield,v1a,FALCON1024+HMAC-SHA512+AES256GCM+DKG4of7,STOLEN_KEY,180,67.16,16,CUMULATIVE,32,520,37371,2680,519,0.922147,0.254,0.245341,0.1625,0.500481,98.63,26.23,92.21,0.496552,0.49761,1,3,0,0,76,1448,0.303793,1,0.4688,2,3,0,0,V1,1,0.077878,23581.25,1,0,0,0.922122,1.922122,0,0,200
EDCF-Shield,v1a,FALCON1024+HMAC-SHA512+AES256GCM+DKG4of7,STOLEN_KEY,180,67.16,17,CYCLE,34,0,3600,200,0,0.947368,0.034197,0,0,0,100,24.21,94.74,0.496853,0.497879,1,3,0,0,76,1448,0.299266,1,0.4706,2,3,0,0,V1,1,0.075741,24305.88235,1,0,0,0.924259,1.924259,0,0,200
EDCF-Shield,v1a,FALCON1024+HMAC-SHA512+AES256GCM+DKG4of7,STOLEN_KEY,180,67.16,17,CUMULATIVE,34,520,40971,2880,519,0.924282,0.247104,0.234287,0.152941,0.500481,98.75,26.06,92.43,0.496853,0.497879,1,3,0,0,76,1448,0.299266,1,0.4706,2,3,0,0,V1,1,0.075741,24305.88235,1,0,0,0.924259,1.924259,0,0,200
EDCF-Shield,v1a,FALCON1024+HMAC-SHA512+AES256GCM+DKG4of7,STOLEN_KEY,180,67.16,18,CYCLE,36,0,3600,200,0,0.947368,0.0323,0,0,0,100,24.21,94.74,0.497106,0.498106,1,3,0,0,76,1448,0.29492,1,0.4722,2,3,0,0,V1,1,0.073937,24950,1,0,0,0.926063,1.926063,0,0,200
EDCF-Shield,v1a,FALCON1024+HMAC-SHA512+AES256GCM+DKG4of7,STOLEN_KEY,180,67.16,18,CUMULATIVE,36,520,44571,3080,519,0.926083,0.240704,0.224186,0.144444,0.500481,98.85,25.91,92.61,0.497106,0.498106,1,3,0,0,76,1448,0.29492,1,0.4722,2,3,0,0,V1,1,0.073937,24950,1,0,0,0.926063,1.926063,0,0,200
EDCF-Shield,v1a,FALCON1024+HMAC-SHA512+AES256GCM+DKG4of7,STOLEN_KEY,180,67.16,19,CYCLE,38,0,3600,200,0,0.947368,0.030602,0,0,0,100,24.21,94.74,0.497321,0.498298,1,3,0,0,76,1448,0.290749,1,0.4737,2,3,0,0,V1,1,0.072395,25526.31579,1,0,0,0.927605,1.927605,0,0,200
EDCF-Shield,v1a,FALCON1024+HMAC-SHA512+AES256GCM+DKG4of7,STOLEN_KEY,180,67.16,19,CUMULATIVE,38,520,48171,3280,519,0.927624,0.234751,0.21492,0.136842,0.500481,98.93,25.79,92.76,0.497321,0.498298,1,3,0,0,76,1448,0.290749,1,0.4737,2,3,0,0,V1,1,0.072395,25526.31579,1,0,0,0.927605,1.927605,0,0,200
EDCF-Shield,v1a,FALCON1024+HMAC-SHA512+AES256GCM+DKG4of7,STOLEN_KEY,180,67.16,20,CYCLE,40,0,3600,200,0,0.947368,0.029074,0,0,0,100,24.21,94.74,0.497506,0.498464,1,3,0,0,76,1448,0.286749,1,0.475,2,3,0,0,V1,1,0.071061,26045,1,0,0,0.928939,1.928939,0,0,200
EDCF-Shield,v1a,FALCON1024+HMAC-SHA512+AES256GCM+DKG4of7,STOLEN_KEY,180,67.16,20,CUMULATIVE,40,520,51771,3480,519,0.928957,0.229199,0.20639,0.13,0.500481,99.01,25.68,92.89,0.497506,0.498464,1,3,0,0,76,1448,0.286749,1,0.475,2,3,0,0,V1,1,0.071061,26045,1,0,0,0.928939,1.928939,0,0,200
EDCF-Shield,v1a,FALCON1024+HMAC-SHA512+AES256GCM+DKG4of7,STOLEN_KEY,180,67.16,21,CYCLE,42,0,3600,200,0,0.947368,0.027692,0,0,0,100,24.21,94.74,0.497668,0.498609,1,3,0,0,76,1448,0.282913,1,0.4762,2,3,0,0,V1,1,0.069895,26514.28571,1,0,0,0.930105,1.930105,0,0,200
EDCF-Shield,v1a,FALCON1024+HMAC-SHA512+AES256GCM+DKG4of7,STOLEN_KEY,180,67.16,21,CUMULATIVE,42,520,55371,3680,519,0.930121,0.224009,0.198511,0.12381,0.500481,99.07,25.59,93.01,0.497668,0.498609,1,3,0,0,76,1448,0.282913,1,0.4762,2,3,0,0,V1,1,0.069895,26514.28571,1,0,0,0.930105,1.930105,0,0,200
EDCF-Shield,v1a,FALCON1024+HMAC-SHA512+AES256GCM+DKG4of7,STOLEN_KEY,180,67.16,22,CYCLE,44,0,3600,200,0,0.947368,0.026435,0,0,0,100,24.21,94.74,0.497809,0.498736,1,3,0,0,76,1448,0.279231,1,0.4773,2,3,0,0,V1,1,0.068868,26940.90909,1,0,0,0.931132,1.931132,0,0,200
EDCF-Shield,v1a,FALCON1024+HMAC-SHA512+AES256GCM+DKG4of7,STOLEN_KEY,180,67.16,22,CUMULATIVE,44,520,58971,3880,519,0.931147,0.219145,0.191212,0.118182,0.500481,99.13,25.51,93.11,0.497809,0.498736,1,3,0,0,76,1448,0.279231,1,0.4773,2,3,0,0,V1,1,0.068868,26940.90909,1,0,0,0.931132,1.931132,0,0,200
EDCF-Shield,v1a,FALCON1024+HMAC-SHA512+AES256GCM+DKG4of7,STOLEN_KEY,180,67.16,23,CYCLE,46,0,3600,200,0,0.947368,0.025288,0,0,0,100,24.21,94.74,0.497935,0.498848,1,3,0,0,76,1448,0.275697,1,0.4783,2,3,0,0,V1,1,0.067957,27330.43478,1,0,0,0.932043,1.932043,0,0,200
EDCF-Shield,v1a,FALCON1024+HMAC-SHA512+AES256GCM+DKG4of7,STOLEN_KEY,180,67.16,23,CUMULATIVE,46,520,62571,4080,519,0.932058,0.214576,0.18443,0.113043,0.500481,99.18,25.44,93.2,0.497935,0.498848,1,3,0,0,76,1448,0.275697,1,0.4783,2,3,0,0,V1,1,0.067957,27330.43478,1,0,0,0.932043,1.932043,0,0,200
EDCF-Shield,v1a,FALCON1024+HMAC-SHA512+AES256GCM+DKG4of7,STOLEN_KEY,180,67.16,24,CYCLE,48,0,3600,200,0,0.947368,0.024236,0,0,0,100,24.21,94.74,0.498047,0.498948,1,3,0,0,76,1448,0.272301,1,0.4792,2,3,0,0,V1,1,0.067142,27687.5,1,0,0,0.932858,1.932858,0,0,200
EDCF-Shield,v1a,FALCON1024+HMAC-SHA512+AES256GCM+DKG4of7,STOLEN_KEY,180,67.16,24,CUMULATIVE,48,520,66171,4280,519,0.932872,0.210274,0.178113,0.108333,0.500481,99.22,25.37,93.29,0.498047,0.498948,1,3,0,0,76,1448,0.272301,1,0.4792,2,3,0,0,V1,1,0.067142,27687.5,1,0,0,0.932858,1.932858,0,0,200
EDCF-Shield,v1a,FALCON1024+HMAC-SHA512+AES256GCM+DKG4of7,STOLEN_KEY,180,67.16,25,CYCLE,50,0,3600,200,0,0.947368,0.023269,0,0,0,100,24.21,94.74,0.498147,0.499038,1,3,0,0,76,1448,0.269036,1,0.48,2,3,0,0,V1,1,0.06641,28016,1,0,0,0.93359,1.93359,0,0,200
EDCF-Shield,v1a,FALCON1024+HMAC-SHA512+AES256GCM+DKG4of7,STOLEN_KEY,180,67.16,25,CUMULATIVE,50,520,69771,4480,519,0.933603,0.206216,0.172214,0.104,0.500481,99.26,25.31,93.36,0.498147,0.499038,1,3,0,0,76,1448,0.269036,1,0.48,2,3,0,0,V1,1,0.06641,28016,1,0,0,0.93359,1.93359,0,0,200
EDCF-Shield,v1a,FALCON1024+HMAC-SHA512+AES256GCM+DKG4of7,STOLEN_KEY,180,67.16,26,CYCLE,52,0,3600,200,0,0.947368,0.022375,0,0,0,100,24.21,94.74,0.498238,0.499119,1,3,0,0,76,1448,0.265895,1,0.4808,2,3,0,0,V1,1,0.065748,28319.23077,1,0,0,0.934252,1.934252,0,0,200
EDCF-Shield,v1a,FALCON1024+HMAC-SHA512+AES256GCM+DKG4of7,STOLEN_KEY,180,67.16,26,CUMULATIVE,52,520,73371,4680,519,0.934265,0.20238,0.166693,0.1,0.500481,99.3,25.26,93.43,0.498238,0.499119,1,3,0,0,76,1448,0.265895,1,0.4808,2,3,0,0,V1,1,0.065748,28319.23077,1,0,0,0.934252,1.934252,0,0,200
EDCF-Shield,v1a,FALCON1024+HMAC-SHA512+AES256GCM+DKG4of7,STOLEN_KEY,180,67.16,27,CYCLE,54,0,3600,200,0,0.947368,0.021548,0,0,0,100,24.21,94.74,0.49832,0.499193,1,3,0,0,76,1448,0.262871,1,0.4815,2,3,0,0,V1,1,0.065147,28600,1,0,0,0.934853,1.934853,0,0,200
EDCF-Shield,v1a,FALCON1024+HMAC-SHA512+AES256GCM+DKG4of7,STOLEN_KEY,180,67.16,27,CUMULATIVE,54,520,76971,4880,519,0.934865,0.198747,0.161516,0.096296,0.500481,99.33,25.21,93.49,0.49832,0.499193,1,3,0,0,76,1448,0.262871,1,0.4815,2,3,0,0,V1,1,0.065147,28600,1,0,0,0.934853,1.934853,0,0,200
EDCF-Shield,v1a,FALCON1024+HMAC-SHA512+AES256GCM+DKG4of7,STOLEN_KEY,180,67.16,28,CYCLE,56,0,3600,200,0,0.947368,0.02078,0,0,0,100,24.21,94.74,0.498395,0.49926,1,3,0,0,76,1448,0.259956,1,0.4821,2,3,0,0,V1,1,0.064598,28860.71429,1,0,0,0.935402,1.935402,0,0,200
EDCF-Shield,v1a,FALCON1024+HMAC-SHA512+AES256GCM+DKG4of7,STOLEN_KEY,180,67.16,28,CUMULATIVE,56,520,80571,5080,519,0.935414,0.1953,0.15665,0.092857,0.500481,99.36,25.17,93.54,0.498395,0.49926,1,3,0,0,76,1448,0.259956,1,0.4821,2,3,0,0,V1,1,0.064598,28860.71429,1,0,0,0.935402,1.935402,0,0,200
EDCF-Shield,v1a,FALCON1024+HMAC-SHA512+AES256GCM+DKG4of7,STOLEN_KEY,180,67.16,29,CYCLE,58,0,3600,200,0,0.947368,0.020065,0,0,0,100,24.21,94.74,0.498463,0.499321,1,3,0,0,76,1448,0.257145,1,0.4828,2,3,0,0,V1,1,0.064095,29103.44828,1,0,0,0.935905,1.935905,0,0,200
EDCF-Shield,v1a,FALCON1024+HMAC-SHA512+AES256GCM+DKG4of7,STOLEN_KEY,180,67.16,29,CUMULATIVE,58,520,84171,5280,519,0.935916,0.192024,0.152069,0.089655,0.500481,99.39,25.13,93.59,0.498463,0.499321,1,3,0,0,76,1448,0.257145,1,0.4828,2,3,0,0,V1,1,0.064095,29103.44828,1,0,0,0.935905,1.935905,0,0,200
EDCF-Shield,v1a,FALCON1024+HMAC-SHA512+AES256GCM+DKG4of7,STOLEN_KEY,180,67.16,30,CYCLE,60,0,3600,200,0,0.947368,0.019398,0,0,0,100,24.21,94.74,0.498526,0.499377,1,3,0,0,76,1448,0.254432,1,0.4833,2,3,0,0,V1,1,0.063633,29330,1,0,0,0.936367,1.936367,0,0,200
EDCF-Shield,v1a,FALCON1024+HMAC-SHA512+AES256GCM+DKG4of7,STOLEN_KEY,180,67.16,30,CUMULATIVE,60,520,87771,5480,519,0.936377,0.188906,0.147748,0.086667,0.500481,99.41,25.09,93.64,0.498526,0.499377,1,3,0,0,76,1448,0.254432,1,0.4833,2,3,0,0,V1,1,0.063633,29330,1,0,0,0.936367,1.936367,0,0,200
EDCF-Shield,v1a,FALCON1024+HMAC-SHA512+AES256GCM+DKG4of7,STOLEN_KEY,180,67.16,31,CYCLE,62,0,3600,200,0,0.947368,0.018774,0,0,0,100,24.21,94.74,0.498584,0.499429,1,3,0,0,76,1448,0.251811,1,0.4839,2,3,0,0,V1,1,0.063207,29541.93548,1,0,0,0.936793,1.936793,0,0,200
EDCF-Shield,v1a,FALCON1024+HMAC-SHA512+AES256GCM+DKG4of7,STOLEN_KEY,180,67.16,31,CUMULATIVE,62,520,91371,5680,519,0.936803,0.185933,0.143666,0.083871,0.500481,99.44,25.06,93.68,0.498584,0.499429,1,3,0,0,76,1448,0.251811,1,0.4839,2,3,0,0,V1,1,0.063207,29541.93548,1,0,0,0.936793,1.936793,0,0,200
EDCF-Shield,v1a,FALCON1024+HMAC-SHA512+AES256GCM+DKG4of7,STOLEN_KEY,180,67.16,32,CYCLE,64,0,3600,200,0,0.947368,0.018189,0,0,0,100,24.21,94.74,0.498638,0.499477,1,3,0,0,76,1448,0.249277,1,0.4844,2,3,0,0,V1,1,0.062813,29740.625,1,0,0,0.937187,1.937187,0,0,200
EDCF-Shield,v1a,FALCON1024+HMAC-SHA512+AES256GCM+DKG4of7,STOLEN_KEY,180,67.16,32,CUMULATIVE,64,520,94971,5880,519,0.937197,0.183095,0.139804,0.08125,0.500481,99.46,25.03,93.72,0.498638,0.499477,1,3,0,0,76,1448,0.249277,1,0.4844,2,3,0,0,V1,1,0.062813,29740.625,1,0,0,0.937187,1.937187,0,0,200
EDCF-Shield,v1a,FALCON1024+HMAC-SHA512+AES256GCM+DKG4of7,STOLEN_KEY,180,67.16,33,CYCLE,66,0,3600,200,0,0.947368,0.017639,0,0,0,100,24.21,94.74,0.498687,0.499521,1,3,0,0,76,1448,0.246826,1,0.4848,2,3,0,0,V1,1,0.062447,29927.27273,1,0,0,0.937553,1.937553,0,0,200
EDCF-Shield,v1a,FALCON1024+HMAC-SHA512+AES256GCM+DKG4of7,STOLEN_KEY,180,67.16,33,CUMULATIVE,66,520,98571,6080,519,0.937563,0.180381,0.136143,0.078788,0.500481,99.48,25,93.76,0.498687,0.499521,1,3,0,0,76,1448,0.246826,1,0.4848,2,3,0,0,V1,1,0.062447,29927.27273,1,0,0,0.937553,1.937553,0,0,200
EDCF-Shield,v1a,FALCON1024+HMAC-SHA512+AES256GCM+DKG4of7,STOLEN_KEY,180,67.16,34,CYCLE,68,0,3600,200,0,0.947368,0.017121,0,0,0,100,24.21,94.74,0.498733,0.499562,1,3,0,0,76,1448,0.244453,1,0.4853,2,3,0,0,V1,1,0.062106,30102.94118,1,0,0,0.937894,1.937894,0,0,200
EDCF-Shield,v1a,FALCON1024+HMAC-SHA512+AES256GCM+DKG4of7,STOLEN_KEY,180,67.16,34,CUMULATIVE,68,520,102171,6280,519,0.937903,0.177784,0.13267,0.076471,0.500481,99.49,24.97,93.79,0.498733,0.499562,1,3,0,0,76,1448,0.244453,1,0.4853,2,3,0,0,V1,1,0.062106,30102.94118,1,0,0,0.937894,1.937894,0,0,200
EDCF-Shield,v1a,FALCON1024+HMAC-SHA512+AES256GCM+DKG4of7,STOLEN_KEY,180,67.16,35,CYCLE,70,0,3600,200,0,0.947368,0.016634,0,0,0,100,24.21,94.74,0.498776,0.499601,1,3,0,0,76,1448,0.242154,1,0.4857,2,3,0,0,V1,1,0.061788,30268.57143,1,0,0,0.938212,1.938212,0,0,200
EDCF-Shield,v1a,FALCON1024+HMAC-SHA512+AES256GCM+DKG4of7,STOLEN_KEY,180,67.16,35,CUMULATIVE,70,520,105771,6480,519,0.93822,0.175295,0.129369,0.074286,0.500481,99.51,24.94,93.82,0.498776,0.499601,1,3,0,0,76,1448,0.242154,1,0.4857,2,3,0,0,V1,1,0.061788,30268.57143,1,0,0,0.938212,1.938212,0,0,200
EDCF-Shield,v1a,FALCON1024+HMAC-SHA512+AES256GCM+DKG4of7,STOLEN_KEY,180,67.16,36,CYCLE,72,0,3600,200,0,0.947368,0.016173,0,0,0,100,24.21,94.74,0.498816,0.499637,1,3,0,0,76,1448,0.239925,1,0.4861,2,3,0,0,V1,1,0.061491,30425,1,0,0,0.938509,1.938509,0,0,200
EDCF-Shield,v1a,FALCON1024+HMAC-SHA512+AES256GCM+DKG4of7,STOLEN_KEY,180,67.16,36,CUMULATIVE,72,520,109371,6680,519,0.938517,0.172907,0.126229,0.072222,0.500481,99.53,24.92,93.85,0.498816,0.499637,1,3,0,0,76,1448,0.239925,1,0.4861,2,3,0,0,V1,1,0.061491,30425,1,0,0,0.938509,1.938509,0,0,200
EDCF-Shield,v1a,FALCON1024+HMAC-SHA512+AES256GCM+DKG4of7,STOLEN_KEY,180,67.16,37,CYCLE,74,0,3600,200,0,0.947368,0.015737,0,0,0,100,24.21,94.74,0.498854,0.49967,1,3,0,0,76,1448,0.237763,1,0.4865,2,3,0,0,V1,1,0.061213,30572.97297,1,0,0,0.938787,1.938787,0,0,200
EDCF-Shield,v1a,FALCON1024+HMAC-SHA512+AES256GCM+DKG4of7,STOLEN_KEY,180,67.16,37,CUMULATIVE,74,520,112971,6880,519,0.938796,0.170613,0.123237,0.07027,0.500481,99.54,24.9,93.88,0.498854,0.49967,1,3,0,0,76,1448,0.237763,1,0.4865,2,3,0,0,V1,1,0.061213,30572.97297,1,0,0,0.938787,1.938787,0,0,200
EDCF-Shield,v1a,FALCON1024+HMAC-SHA512+AES256GCM+DKG4of7,STOLEN_KEY,180,67.16,38,CYCLE,76,0,3600,200,0,0.947368,0.015324,0,0,0,100,24.21,94.74,0.498889,0.499702,1,3,0,0,76,1448,0.235665,1,0.4868,2,3,0,0,V1,1,0.060951,30713.1579,1,0,0,0.939049,1.939049,0,0,200
EDCF-Shield,v1a,FALCON1024+HMAC-SHA512+AES256GCM+DKG4of7,STOLEN_KEY,180,67.16,38,CUMULATIVE,76,520,116571,7080,519,0.939057,0.168408,0.120384,0.068421,0.500481,99.56,24.88,93.9,0.498889,0.499702,1,3,0,0,76,1448,0.235665,1,0.4868,2,3,0,0,V1,1,0.060951,30713.1579,1,0,0,0.939049,1.939049,0,0,200
EDCF-Shield,v1a,FALCON1024+HMAC-SHA512+AES256GCM+DKG4of7,STOLEN_KEY,180,67.16,39,CYCLE,78,0,3600,200,0,0.947368,0.014932,0,0,0,100,24.21,94.74,0.498923,0.499732,1,3,0,0,76,1448,0.233627,1,0.4872,2,3,0,0,V1,1,0.060705,30846.15385,1,0,0,0.939295,1.939295,0,0,200
EDCF-Shield,v1a,FALCON1024+HMAC-SHA512+AES256GCM+DKG4of7,STOLEN_KEY,180,67.16,39,CUMULATIVE,78,520,120171,7280,519,0.939303,0.166285,0.11766,0.066667,0.500481,99.57,24.86,93.93,0.498923,0.499732,1,3,0,0,76,1448,0.233627,1,0.4872,2,3,0,0,V1,1,0.060705,30846.15385,1,0,0,0.939295,1.939295,0,0,200
EDCF-Shield,v1a,FALCON1024+HMAC-SHA512+AES256GCM+DKG4of7,STOLEN_KEY,180,67.16,40,CYCLE,80,0,3600,200,0,0.947368,0.01456,0,0,0,100,24.21,94.74,0.498954,0.49976,1,3,0,0,76,1448,0.231646,1,0.4875,2,3,0,0,V1,1,0.060473,30972.5,1,0,0,0.939527,1.939527,0,0,200
EDCF-Shield,v1a,FALCON1024+HMAC-SHA512+AES256GCM+DKG4of7,STOLEN_KEY,180,67.16,40,CUMULATIVE,80,520,123771,7480,519,0.939534,0.164241,0.115057,0.065,0.500481,99.58,24.84,93.95,0.498954,0.49976,1,3,0,0,76,1448,0.231646,1,0.4875,2,3,0,0,V1,1,0.060473,30972.5,1,0,0,0.939527,1.939527,0,0,200
EDCF-Shield,v1a,FALCON1024+HMAC-SHA512+AES256GCM+DKG4of7,STOLEN_KEY,180,67.16,41,CYCLE,82,0,3600,200,0,0.947368,0.014206,0,0,0,100,24.21,94.74,0.498983,0.499786,1,3,0,0,76,1448,0.22972,1,0.4878,2,3,0,0,V1,1,0.060254,31092.68293,1,0,0,0.939746,1.939746,0,0,200
EDCF-Shield,v1a,FALCON1024+HMAC-SHA512+AES256GCM+DKG4of7,STOLEN_KEY,180,67.16,41,CUMULATIVE,82,520,127371,7680,519,0.939753,0.162269,0.112566,0.063415,0.500481,99.59,24.82,93.97,0.498983,0.499786,1,3,0,0,76,1448,0.22972,1,0.4878,2,3,0,0,V1,1,0.060254,31092.68293,1,0,0,0.939746,1.939746,0,0,200
EDCF-Shield,v1a,FALCON1024+HMAC-SHA512+AES256GCM+DKG4of7,STOLEN_KEY,180,67.16,42,CYCLE,84,0,3600,200,0,0.947368,0.013869,0,0,0,100,24.21,94.74,0.499011,0.499811,1,3,0,0,76,1448,0.227847,1,0.4881,2,3,0,0,V1,1,0.060047,31207.14286,1,0,0,0.939953,1.939953,0,0,200
EDCF-Shield,v1a,FALCON1024+HMAC-SHA512+AES256GCM+DKG4of7,STOLEN_KEY,180,67.16,42,CUMULATIVE,84,520,130971,7880,519,0.93996,0.160367,0.110181,0.061905,0.500481,99.61,24.8,94,0.499011,0.499811,1,3,0,0,76,1448,0.227847,1,0.4881,2,3,0,0,V1,1,0.060047,31207.14286,1,0,0,0.939953,1.939953,0,0,200
EDCF-Shield,v1a,FALCON1024+HMAC-SHA512+AES256GCM+DKG4of7,STOLEN_KEY,180,67.16,43,CYCLE,86,0,3600,200,0,0.947368,0.013548,0,0,0,100,24.21,94.74,0.499038,0.499835,1,3,0,0,76,1448,0.226023,1,0.4884,2,3,0,0,V1,1,0.059851,31316.27907,1,0,0,0.940149,1.940149,0,0,200
EDCF-Shield,v1a,FALCON1024+HMAC-SHA512+AES256GCM+DKG4of7,STOLEN_KEY,180,67.16,43,CUMULATIVE,86,520,134571,8080,519,0.940156,0.15853,0.107895,0.060465,0.500481,99.62,24.79,94.01,0.499038,0.499835,1,3,0,0,76,1448,0.226023,1,0.4884,2,3,0,0,V1,1,0.059851,31316.27907,1,0,0,0.940149,1.940149,0,0,200
EDCF-Shield,v1a,FALCON1024+HMAC-SHA512+AES256GCM+DKG4of7,STOLEN_KEY,180,67.16,44,CYCLE,88,0,3600,200,0,0.947368,0.013241,0,0,0,100,24.21,94.74,0.499063,0.499857,1,3,0,0,76,1448,0.224247,1,0.4886,2,3,0,0,V1,1,0.059665,31420.45455,1,0,0,0.940335,1.940335,0,0,200
EDCF-Shield,v1a,FALCON1024+HMAC-SHA512+AES256GCM+DKG4of7,STOLEN_KEY,180,67.16,44,CUMULATIVE,88,520,138171,8280,519,0.940342,0.156754,0.105702,0.059091,0.500481,99.63,24.77,94.03,0.499063,0.499857,1,3,0,0,76,1448,0.224247,1,0.4886,2,3,0,0,V1,1,0.059665,31420.45455,1,0,0,0.940335,1.940335,0,0,200
EDCF-Shield,v1a,FALCON1024+HMAC-SHA512+AES256GCM+DKG4of7,STOLEN_KEY,180,67.16,45,CYCLE,90,0,3600,200,0,0.947368,0.012947,0,0,0,100,24.21,94.74,0.499086,0.499878,1,3,0,0,76,1448,0.222516,1,0.4889,2,3,0,0,V1,1,0.059488,31520,1,0,0,0.940512,1.940512,0,0,200
EDCF-Shield,v1a,FALCON1024+HMAC-SHA512+AES256GCM+DKG4of7,STOLEN_KEY,180,67.16,45,CUMULATIVE,90,520,141771,8480,519,0.940518,0.155036,0.103596,0.057778,0.500481,99.64,24.76,94.05,0.499086,0.499878,1,3,0,0,76,1448,0.222516,1,0.4889,2,3,0,0,V1,1,0.059488,31520,1,0,0,0.940512,1.940512,0,0,200
EDCF-Shield,v1a,FALCON1024+HMAC-SHA512+AES256GCM+DKG4of7,STOLEN_KEY,180,67.16,46,CYCLE,92,0,3600,200,0,0.947368,0.012667,0,0,0,100,24.21,94.74,0.499109,0.499899,1,3,0,0,76,1448,0.220829,1,0.4891,2,3,0,0,V1,1,0.05932,31615.21739,1,0,0,0.94068,1.94068,0,0,200
EDCF-Shield,v1a,FALCON1024+HMAC-SHA512+AES256GCM+DKG4of7,STOLEN_KEY,180,67.16,46,CUMULATIVE,92,520,145371,8680,519,0.940686,0.153373,0.101572,0.056522,0.500481,99.64,24.75,94.07,0.499109,0.499899,1,3,0,0,76,1448,0.220829,1,0.4891,2,3,0,0,V1,1,0.05932,31615.21739,1,0,0,0.94068,1.94068,0,0,200
EDCF-Shield,v1a,FALCON1024+HMAC-SHA512+AES256GCM+DKG4of7,STOLEN_KEY,180,67.16,47,CYCLE,94,0,3600,200,0,0.947368,0.012398,0,0,0,100,24.21,94.74,0.499131,0.499918,1,3,0,0,76,1448,0.219184,1,0.4894,2,3,0,0,V1,1,0.05916,31706.38298,1,0,0,0.94084,1.94084,0,0,200
EDCF-Shield,v1a,FALCON1024+HMAC-SHA512+AES256GCM+DKG4of7,STOLEN_KEY,180,67.16,47,CUMULATIVE,94,520,148971,8880,519,0.940846,0.151763,0.099626,0.055319,0.500481,99.65,24.73,94.08,0.499131,0.499918,1,3,0,0,76,1448,0.219184,1,0.4894,2,3,0,0,V1,1,0.05916,31706.38298,1,0,0,0.94084,1.94084,0,0,200
EDCF-Shield,v1a,FALCON1024+HMAC-SHA512+AES256GCM+DKG4of7,STOLEN_KEY,180,67.16,48,CYCLE,96,0,3600,200,0,0.947368,0.012141,0,0,0,100,24.21,94.74,0.499151,0.499936,1,3,0,0,76,1448,0.217579,1,0.4896,2,3,0,0,V1,1,0.059008,31793.75,1,0,0,0.940992,1.940992,0,0,200
EDCF-Shield,v1a,FALCON1024+HMAC-SHA512+AES256GCM+DKG4of7,STOLEN_KEY,180,67.16,48,CUMULATIVE,96,520,152571,9080,519,0.940998,0.150202,0.097754,0.054167,0.500481,99.66,24.72,94.1,0.499151,0.499936,1,3,0,0,76,1448,0.217579,1,0.4896,2,3,0,0,V1,1,0.059008,31793.75,1,0,0,0.940992,1.940992,0,0,200
EDCF-Shield,v1a,FALCON1024+HMAC-SHA512+AES256GCM+DKG4of7,STOLEN_KEY,180,67.16,49,CYCLE,98,0,3600,200,0,0.947368,0.011894,0,0,0,100,24.21,94.74,0.499171,0.499954,1,3,0,0,76,1448,0.216012,1,0.4898,2,3,0,0,V1,1,0.058862,31877.55102,1,0,0,0.941138,1.941138,0,0,200
EDCF-Shield,v1a,FALCON1024+HMAC-SHA512+AES256GCM+DKG4of7,STOLEN_KEY,180,67.16,49,CUMULATIVE,98,520,156171,9280,519,0.941144,0.148688,0.09595,0.053061,0.500481,99.67,24.71,94.11,0.499171,0.499954,1,3,0,0,76,1448,0.216012,1,0.4898,2,3,0,0,V1,1,0.058862,31877.55102,1,0,0,0.941138,1.941138,0,0,200
EDCF-Shield,v1a,FALCON1024+HMAC-SHA512+AES256GCM+DKG4of7,STOLEN_KEY,180,67.16,50,CYCLE,100,0,3600,200,0,0.947368,0.011657,0,0,0,100,24.21,94.74,0.499189,0.49997,1,3,0,0,76,1448,0.214482,1,0.49,2,3,0,0,V1,1,0.058723,31958,1,0,0,0.941277,1.941277,0,0,200
EDCF-Shield,v1a,FALCON1024+HMAC-SHA512+AES256GCM+DKG4of7,STOLEN_KEY,180,67.16,50,CUMULATIVE,100,520,159771,9480,519,0.941283,0.147218,0.094211,0.052,0.500481,99.68,24.7,94.13,0.499189,0.49997,1,3,0,0,76,1448,0.214482,1,0.49,2,3,0,0,V1,1,0.058723,31958,1,0,0,0.941277,1.941277,0,0,200
EDCF-Shield,v1a,FALCON1024+HMAC-SHA512+AES256GCM+DKG4of7,STOLEN_KEY,180,67.16,51,CYCLE,102,0,3600,200,0,0.947368,0.01143,0,0,0,100,24.21,94.74,0.499207,0.499986,1,3,0,0,76,1448,0.212987,1,0.4902,2,3,0,0,V1,1,0.05859,32035.29412,1,0,0,0.94141,1.94141,0,0,200
EDCF-Shield,v1a,FALCON1024+HMAC-SHA512+AES256GCM+DKG4of7,STOLEN_KEY,180,67.16,51,CUMULATIVE,102,520,163371,9680,519,0.941415,0.145792,0.092535,0.05098,0.500481,99.68,24.69,94.14,0.499207,0.499986,1,3,0,0,76,1448,0.212987,1,0.4902,2,3,0,0,V1,1,0.05859,32035.29412,1,0,0,0.94141,1.94141,0,0,200
EDCF-Shield,v1a,FALCON1024+HMAC-SHA512+AES256GCM+DKG4of7,STOLEN_KEY,180,67.16,52,CYCLE,104,0,3600,200,0,0.947368,0.011211,0,0,0,100,24.21,94.74,0.499224,0.500001,1,3,0,0,76,1448,0.211526,1,0.4904,2,3,0,0,V1,1,0.058463,32109.61539,1,0,0,0.941537,1.941537,0,0,200
EDCF-Shield,v1a,FALCON1024+HMAC-SHA512+AES256GCM+DKG4of7,STOLEN_KEY,180,67.16,52,CUMULATIVE,104,520,166971,9880,519,0.941543,0.144406,0.090917,0.05,0.500481,99.69,24.68,94.15,0.499224,0.500001,1,3,0,0,76,1448,0.211526,1,0.4904,2,3,0,0,V1,1,0.058463,32109.61539,1,0,0,0.941537,1.941537,0,0,200
EDCF-Shield,v1a,FALCON1024+HMAC-SHA512+AES256GCM+DKG4of7,STOLEN_KEY,180,67.16,53,CYCLE,106,0,3600,200,0,0.947368,0.011,0,0,0,100,24.21,94.74,0.49924,0.500016,1,3,0,0,76,1448,0.210098,1,0.4906,2,3,0,0,V1,1,0.058341,32181.13208,1,0,0,0.941659,1.941659,0,0,200
EDCF-Shield,v1a,FALCON1024+HMAC-SHA512+AES256GCM+DKG4of7,STOLEN_KEY,180,67.16,53,CUMULATIVE,106,520,170571,10080,519,0.941664,0.143058,0.089355,0.049057,0.500481,99.7,24.67,94.17,0.49924,0.500016,1,3,0,0,76,1448,0.210098,1,0.4906,2,3,0,0,V1,1,0.058341,32181.13208,1,0,0,0.941659,1.941659,0,0,200
EDCF-Shield,v1a,FALCON1024+HMAC-SHA512+AES256GCM+DKG4of7,STOLEN_KEY,180,67.16,54,CYCLE,108,0,3600,200,0,0.947368,0.010797,0,0,0,100,24.21,94.74,0.499256,0.50003,1,3,0,0,76,1448,0.208701,1,0.4907,2,3,0,0,V1,1,0.058224,32250,1,0,0,0.941776,1.941776,0,0,200
EDCF-Shield,v1a,FALCON1024+HMAC-SHA512+AES256GCM+DKG4of7,STOLEN_KEY,180,67.16,54,CUMULATIVE,108,520,174171,10280,519,0.941781,0.141748,0.087845,0.048148,0.500481,99.7,24.66,94.18,0.499256,0.50003,1,3,0,0,76,1448,0.208701,1,0.4907,2,3,0,0,V1,1,0.058224,32250,1,0,0,0.941776,1.941776,0,0,200
EDCF-Shield,v1a,FALCON1024+HMAC-SHA512+AES256GCM+DKG4of7,STOLEN_KEY,180,67.16,55,CYCLE,110,0,3600,200,0,0.947368,0.010602,0,0,0,100,24.21,94.74,0.499271,0.500044,1,3,0,0,76,1448,0.207335,1,0.4909,2,3,0,0,V1,1,0.058112,32316.36364,1,0,0,0.941888,1.941888,0,0,200
EDCF-Shield,v1a,FALCON1024+HMAC-SHA512+AES256GCM+DKG4of7,STOLEN_KEY,180,67.16,55,CUMULATIVE,110,520,177771,10480,519,0.941893,0.140473,0.086386,0.047273,0.500481,99.71,24.65,94.19,0.499271,0.500044,1,3,0,0,76,1448,0.207335,1,0.4909,2,3,0,0,V1,1,0.058112,32316.36364,1,0,0,0.941888,1.941888,0,0,200
EDCF-Shield,v1a,FALCON1024+HMAC-SHA512+AES256GCM+DKG4of7,STOLEN_KEY,180,67.16,56,CYCLE,112,0,3600,200,0,0.947368,0.010413,0,0,0,100,24.21,94.74,0.499286,0.500057,1,3,0,0,76,1448,0.205998,1,0.4911,2,3,0,0,V1,1,0.058004,32380.35714,1,0,0,0.941996,1.941996,0,0,200
EDCF-Shield,v1a,FALCON1024+HMAC-SHA512+AES256GCM+DKG4of7,STOLEN_KEY,180,67.16,56,CUMULATIVE,112,520,181371,10680,519,0.942001,0.139231,0.084974,0.046429,0.500481,99.71,24.64,94.2,0.499286,0.500057,1,3,0,0,76,1448,0.205998,1,0.4911,2,3,0,0,V1,1,0.058004,32380.35714,1,0,0,0.941996,1.941996,0,0,200
EDCF-Shield,v1a,FALCON1024+HMAC-SHA512+AES256GCM+DKG4of7,STOLEN_KEY,180,67.16,57,CYCLE,114,0,3600,200,0,0.947368,0.010231,0,0,0,100,24.21,94.74,0.4993,0.500069,1,3,0,0,76,1448,0.204689,1,0.4912,2,3,0,0,V1,1,0.0579,32442.10526,1,0,0,0.9421,1.9421,0,0,200
EDCF-Shield,v1a,FALCON1024+HMAC-SHA512+AES256GCM+DKG4of7,STOLEN_KEY,180,67.16,57,CUMULATIVE,114,520,184971,10880,519,0.942105,0.138022,0.083608,0.045614,0.500481,99.72,24.63,94.21,0.4993,0.500069,1,3,0,0,76,1448,0.204689,1,0.4912,2,3,0,0,V1,1,0.0579,32442.10526,1,0,0,0.9421,1.9421,0,0,200
EDCF-Shield,v1a,FALCON1024+HMAC-SHA512+AES256GCM+DKG4of7,STOLEN_KEY,180,67.16,58,CYCLE,116,0,3600,200,0,0.947368,0.010056,0,0,0,100,24.21,94.74,0.499313,0.500081,1,3,0,0,76,1448,0.203407,1,0.4914,2,3,0,0,V1,1,0.057801,32501.72414,1,0,0,0.942199,1.942199,0,0,200
EDCF-Shield,v1a,FALCON1024+HMAC-SHA512+AES256GCM+DKG4of7,STOLEN_KEY,180,67.16,58,CUMULATIVE,116,520,188571,11080,519,0.942204,0.136844,0.082285,0.044828,0.500481,99.73,24.62,94.22,0.499313,0.500081,1,3,0,0,76,1448,0.203407,1,0.4914,2,3,0,0,V1,1,0.057801,32501.72414,1,0,0,0.942199,1.942199,0,0,200
EDCF-Shield,v1a,FALCON1024+HMAC-SHA512+AES256GCM+DKG4of7,STOLEN_KEY,180,67.16,59,CYCLE,118,0,3600,200,0,0.947368,0.009886,0,0,0,100,24.21,94.74,0.499326,0.500092,1,3,0,0,76,1448,0.202151,1,0.4915,2,3,0,0,V1,1,0.057705,32559.32203,1,0,0,0.942295,1.942295,0,0,200
EDCF-Shield,v1a,FALCON1024+HMAC-SHA512+AES256GCM+DKG4of7,STOLEN_KEY,180,67.16,59,CUMULATIVE,118,520,192171,11280,519,0.9423,0.135695,0.081003,0.044068,0.500481,99.73,24.62,94.23,0.499326,0.500092,1,3,0,0,76,1448,0.202151,1,0.4915,2,3,0,0,V1,1,0.057705,32559.32203,1,0,0,0.942295,1.942295,0,0,200
EDCF-Shield,v1a,FALCON1024+HMAC-SHA512+AES256GCM+DKG4of7,STOLEN_KEY,180,67.16,60,CYCLE,120,0,3600,200,0,0.947368,0.009722,0,0,0,100,24.21,94.74,0.499338,0.500103,1,3,0,0,76,1448,0.20092,1,0.4917,2,3,0,0,V1,1,0.057612,32615,1,0,0,0.942388,1.942388,0,0,200
EDCF-Shield,v1a,FALCON1024+HMAC-SHA512+AES256GCM+DKG4of7,STOLEN_KEY,180,67.16,60,CUMULATIVE,120,520,195771,11480,519,0.942393,0.134575,0.079761,0.043333,0.500481,99.74,24.61,94.24,0.499338,0.500103,1,3,0,0,76,1448,0.20092,1,0.4917,2,3,0,0,V1,1,0.057612,32615,1,0,0,0.942388,1.942388,0,0,200
EDCF-Shield,v1a,FALCON1024+HMAC-SHA512+AES256GCM+DKG4of7,STOLEN_KEY,180,67.16,61,CYCLE,122,0,3600,200,0,0.947368,0.009563,0,0,0,100,24.21,94.74,0.49935,0.500114,1,3,0,0,76,1448,0.199714,1,0.4918,2,3,0,0,V1,1,0.057523,32668.85246,1,0,0,0.942477,1.942477,0,0,200
EDCF-Shield,v1a,FALCON1024+HMAC-SHA512+AES256GCM+DKG4of7,STOLEN_KEY,180,67.16,61,CUMULATIVE,122,520,199371,11680,519,0.942482,0.133482,0.078556,0.042623,0.500481,99.74,24.6,94.25,0.49935,0.500114,1,3,0,0,76,1448,0.199714,1,0.4918,2,3,0,0,V1,1,0.057523,32668.85246,1,0,0,0.942477,1.942477,0,0,200
EDCF-Shield,v1a,FALCON1024+HMAC-SHA512+AES256GCM+DKG4of7,STOLEN_KEY,180,67.16,62,CYCLE,124,0,3600,200,0,0.947368,0.00941,0,0,0,100,24.21,94.74,0.499362,0.500124,1,3,0,0,76,1448,0.198531,1,0.4919,2,3,0,0,V1,1,0.057437,32720.96774,1,0,0,0.942563,1.942563,0,0,200
EDCF-Shield,v1a,FALCON1024+HMAC-SHA512+AES256GCM+DKG4of7,STOLEN_KEY,180,67.16,62,CUMULATIVE,124,520,202971,11880,519,0.942568,0.132415,0.077387,0.041935,0.500481,99.74,24.59,94.26,0.499362,0.500124,1,3,0,0,76,1448,0.198531,1,0.4919,2,3,0,0,V1,1,0.057437,32720.96774,1,0,0,0.942563,1.942563,0,0,200
EDCF-Shield,v1a,FALCON1024+HMAC-SHA512+AES256GCM+DKG4of7,STOLEN_KEY,180,67.16,63,CYCLE,126,0,3600,200,0,0.947368,0.009261,0,0,0,100,24.21,94.74,0.499373,0.500134,1,3,0,0,76,1448,0.197371,1,0.4921,2,3,0,0,V1,1,0.057354,32771.42857,1,0,0,0.942646,1.942646,0,0,200
EDCF-Shield,v1a,FALCON1024+HMAC-SHA512+AES256GCM+DKG4of7,STOLEN_KEY,180,67.16,63,CUMULATIVE,126,520,206571,12080,519,0.942651,0.131373,0.076252,0.04127,0.500481,99.75,24.59,94.26,0.499373,0.500134,1,3,0,0,76,1448,0.197371,1,0.4921,2,3,0,0,V1,1,0.057354,32771.42857,1,0,0,0.942646,1.942646,0,0,200
EDCF-Shield,v1a,FALCON1024+HMAC-SHA512+AES256GCM+DKG4of7,STOLEN_KEY,180,67.16,64,CYCLE,128,0,3600,200,0,0.947368,0.009117,0,0,0,100,24.21,94.74,0.499383,0.500144,1,3,0,0,76,1448,0.196233,1,0.4922,2,3,0,0,V1,1,0.057273,32820.3125,1,0,0,0.942727,1.942727,0,0,200
EDCF-Shield,v1a,FALCON1024+HMAC-SHA512+AES256GCM+DKG4of7,STOLEN_KEY,180,67.16,64,CUMULATIVE,128,520,210171,12280,519,0.942731,0.130355,0.07515,0.040625,0.500481,99.75,24.58,94.27,0.499383,0.500144,1,3,0,0,76,1448,0.196233,1,0.4922,2,3,0,0,V1,1,0.057273,32820.3125,1,0,0,0.942727,1.942727,0,0,200
EDCF-Shield,v1a,FALCON1024+HMAC-SHA512+AES256GCM+DKG4of7,STOLEN_KEY,180,67.16,65,CYCLE,130,0,3600,200,0,0.947368,0.008978,0,0,0,100,24.21,94.74,0.499394,0.500153,1,3,0,0,76,1448,0.195117,1,0.4923,2,3,0,0,V1,1,0.057196,32867.69231,1,0,0,0.942804,1.942804,0,0,200
EDCF-Shield,v1a,FALCON1024+HMAC-SHA512+AES256GCM+DKG4of7,STOLEN_KEY,180,67.16,65,CUMULATIVE,130,520,213771,12480,519,0.942809,0.129361,0.074079,0.04,0.500481,99.76,24.58,94.28,0.499394,0.500153,1,3,0,0,76,1448,0.195117,1,0.4923,2,3,0,0,V1,1,0.057196,32867.69231,1,0,0,0.942804,1.942804,0,0,200
EDCF-Shield,v1a,FALCON1024+HMAC-SHA512+AES256GCM+DKG4of7,STOLEN_KEY,180,67.16,66,CYCLE,132,0,3600,200,0,0.947368,0.008842,0,0,0,100,24.21,94.74,0.499404,0.500162,1,3,0,0,76,1448,0.194021,1,0.4924,2,3,0,0,V1,1,0.057121,32913.63636,1,0,0,0.942879,1.942879,0,0,200
EDCF-Shield,v1a,FALCON1024+HMAC-SHA512+AES256GCM+DKG4of7,STOLEN_KEY,180,67.16,66,CUMULATIVE,132,520,217371,12680,519,0.942884,0.128389,0.073039,0.039394,0.500481,99.76,24.57,94.29,0.499404,0.500162,1,3,0,0,76,1448,0.194021,1,0.4924,2,3,0,0,V1,1,0.057121,32913.63636,1,0,0,0.942879,1.942879,0,0,200
EDCF-Shield,v1a,FALCON1024+HMAC-SHA512+AES256GCM+DKG4of7,STOLEN_KEY,180,67.16,67,CYCLE,134,0,3600,200,0,0.947368,0.008711,0,0,0,100,24.21,94.74,0.499414,0.500171,1,3,0,0,76,1448,0.192945,1,0.4925,2,3,0,0,V1,1,0.057048,32958.20896,1,0,0,0.942952,1.942952,0,0,200
EDCF-Shield,v1a,FALCON1024+HMAC-SHA512+AES256GCM+DKG4of7,STOLEN_KEY,180,67.16,67,CUMULATIVE,134,520,220971,12880,519,0.942956,0.127439,0.072027,0.038806,0.500481,99.77,24.56,94.3,0.499414,0.500171,1,3,0,0,76,1448,0.192945,1,0.4925,2,3,0,0,V1,1,0.057048,32958.20896,1,0,0,0.942952,1.942952,0,0,200
EDCF-Shield,v1a,FALCON1024+HMAC-SHA512+AES256GCM+DKG4of7,STOLEN_KEY,180,67.16,68,CYCLE,136,0,3600,200,0,0.947368,0.008584,0,0,0,100,24.21,94.74,0.499423,0.500179,1,3,0,0,76,1448,0.191888,1,0.4926,2,3,0,0,V1,1,0.056978,33001.47059,1,0,0,0.943022,1.943022,0,0,200
EDCF-Shield,v1a,FALCON1024+HMAC-SHA512+AES256GCM+DKG4of7,STOLEN_KEY,180,67.16,68,CUMULATIVE,136,520,224571,13080,519,0.943027,0.126509,0.071043,0.038235,0.500481,99.77,24.56,94.3,0.499423,0.500179,1,3,0,0,76,1448,0.191888,1,0.4926,2,3,0,0,V1,1,0.056978,33001.47059,1,0,0,0.943022,1.943022,0,0,200
EDCF-Shield,v1a,FALCON1024+HMAC-SHA512+AES256GCM+DKG4of7,STOLEN_KEY,180,67.16,69,CYCLE,138,0,3600,200,0,0.947368,0.00846,0,0,0,100,24.21,94.74,0.499432,0.500187,1,3,0,0,76,1448,0.19085,1,0.4928,2,3,0,0,V1,1,0.05691,33043.47826,1,0,0,0.94309,1.94309,0,0,200
EDCF-Shield,v1a,FALCON1024+HMAC-SHA512+AES256GCM+DKG4of7,STOLEN_KEY,180,67.16,69,CUMULATIVE,138,520,228171,13280,519,0.943095,0.125599,0.070086,0.037681,0.500481,99.77,24.55,94.31,0.499432,0.500187,1,3,0,0,76,1448,0.19085,1,0.4928,2,3,0,0,V1,1,0.05691,33043.47826,1,0,0,0.94309,1.94309,0,0,200
EDCF-Shield,v1a,FALCON1024+HMAC-SHA512+AES256GCM+DKG4of7,STOLEN_KEY,180,67.16,70,CYCLE,140,0,3600,200,0,0.947368,0.00834,0,0,0,100,24.21,94.74,0.499441,0.500195,1,3,0,0,76,1448,0.189831,1,0.4929,2,3,0,0,V1,1,0.056844,33084.28571,1,0,0,0.943156,1.943156,0,0,200
EDCF-Shield,v1a,FALCON1024+HMAC-SHA512+AES256GCM+DKG4of7,STOLEN_KEY,180,67.16,70,CUMULATIVE,140,520,231771,13480,519,0.943161,0.124709,0.069154,0.037143,0.500481,99.78,24.55,94.32,0.499441,0.500195,1,3,0,0,76,1448,0.189831,1,0.4929,2,3,0,0,V1,1,0.056844,33084.28571,1,0,0,0.943156,1.943156,0,0,200
EDCF-Shield,v1a,FALCON1024+HMAC-SHA512+AES256GCM+DKG4of7,STOLEN_KEY,180,67.16,71,CYCLE,142,0,3600,200,0,0.947368,0.008223,0,0,0,100,24.21,94.74,0.499449,0.500203,1,3,0,0,76,1448,0.188829,1,0.493,2,3,0,0,V1,1,0.05678,33123.94366,1,0,0,0.94322,1.94322,0,0,200
EDCF-Shield,v1a,FALCON1024+HMAC-SHA512+AES256GCM+DKG4of7,STOLEN_KEY,180,67.16,71,CUMULATIVE,142,520,235371,13680,519,0.943224,0.123837,0.068246,0.03662,0.500481,99.78,24.54,94.32,0.499449,0.500203,1,3,0,0,76,1448,0.188829,1,0.493,2,3,0,0,V1,1,0.05678,33123.94366,1,0,0,0.94322,1.94322,0,0,200
EDCF-Shield,v1a,FALCON1024+HMAC-SHA512+AES256GCM+DKG4of7,STOLEN_KEY,180,67.16,72,CYCLE,144,0,3600,200,0,0.947368,0.008109,0,0,0,100,24.21,94.74,0.499458,0.50021,1,3,0,0,76,1448,0.187844,1,0.4931,2,3,0,0,V1,1,0.056717,33162.5,1,0,0,0.943283,1.943283,0,0,200
EDCF-Shield,v1a,FALCON1024+HMAC-SHA512+AES256GCM+DKG4of7,STOLEN_KEY,180,67.16,72,CUMULATIVE,144,520,238971,13880,519,0.943286,0.122984,0.067362,0.036111,0.500481,99.78,24.54,94.33,0.499458,0.50021,1,3,0,0,76,1448,0.187844,1,0.4931,2,3,0,0,V1,1,0.056717,33162.5,1,0,0,0.943283,1.943283,0,0,200
EDCF-Shield,v1a,FALCON1024+HMAC-SHA512+AES256GCM+DKG4of7,STOLEN_KEY,180,67.16,73,CYCLE,146,0,3600,200,0,0.947368,0.007999,0,0,0,100,24.21,94.74,0.499466,0.500218,1,3,0,0,76,1448,0.186876,1,0.4932,2,3,0,0,V1,1,0.056657,33200,1,0,0,0.943343,1.943343,0,0,200
EDCF-Shield,v1a,FALCON1024+HMAC-SHA512+AES256GCM+DKG4of7,STOLEN_KEY,180,67.16,73,CUMULATIVE,146,520,242571,14080,519,0.943347,0.122148,0.0665,0.035616,0.500481,99.79,24.53,94.33,0.499466,0.500218,1,3,0,0,76,1448,0.186876,1,0.4932,2,3,0,0,V1,1,0.056657,33200,1,0,0,0.943343,1.943343,0,0,200
EDCF-Shield,v1a,FALCON1024+HMAC-SHA512+AES256GCM+DKG4of7,STOLEN_KEY,180,67.16,74,CYCLE,148,0,3600,200,0,0.947368,0.007891,0,0,0,100,24.21,94.74,0.499473,0.500225,1,3,0,0,76,1448,0.185924,1,0.4932,2,3,0,0,V1,1,0.056599,33236.48649,1,0,0,0.943401,1.943401,0,0,200
EDCF-Shield,v1a,FALCON1024+HMAC-SHA512+AES256GCM+DKG4of7,STOLEN_KEY,180,67.16,74,CUMULATIVE,148,520,246171,14280,519,0.943405,0.121328,0.065661,0.035135,0.500481,99.79,24.53,94.34,0.499473,0.500225,1,3,0,0,76,1448,0.185924,1,0.4932,2,3,0,0,V1,1,0.056599,33236.48649,1,0,0,0.943401,1.943401,0,0,200
EDCF-Shield,v1a,FALCON1024+HMAC-SHA512+AES256GCM+DKG4of7,STOLEN_KEY,180,67.16,75,CYCLE,150,0,3600,200,0,0.947368,0.007787,0,0,0,100,24.21,94.74,0.499481,0.500231,1,3,0,0,76,1448,0.184988,1,0.4933,2,3,0,0,V1,1,0.056542,33272,1,0,0,0.943458,1.943458,0,0,200
EDCF-Shield,v1a,FALCON1024+HMAC-SHA512+AES256GCM+DKG4of7,STOLEN_KEY,180,67.16,75,CUMULATIVE,150,520,249771,14480,519,0.943462,0.120525,0.064842,0.034667,0.500481,99.79,24.52,94.35,0.499481,0.500231,1,3,0,0,76,1448,0.184988,1,0.4933,2,3,0,0,V1,1,0.056542,33272,1,0,0,0.943458,1.943458,0,0,200
EDCF-Shield,v1a,FALCON1024+HMAC-SHA512+AES256GCM+DKG4of7,STOLEN_KEY,180,67.16,76,CYCLE,152,0,3600,200,0,0.947368,0.007685,0,0,0,100,24.21,94.74,0.499488,0.500238,1,3,0,0,76,1448,0.184067,1,0.4934,2,3,0,0,V1,1,0.056487,33306.57895,1,0,0,0.943513,1.943513,0,0,200
EDCF-Shield,v1a,FALCON1024+HMAC-SHA512+AES256GCM+DKG4of7,STOLEN_KEY,180,67.16,76,CUMULATIVE,152,520,253371,14680,519,0.943517,0.119737,0.064043,0.034211,0.500481,99.8,24.52,94.35,0.499488,0.500238,1,3,0,0,76,1448,0.184067,1,0.4934,2,3,0,0,V1,1,0.056487,33306.57895,1,0,0,0.943513,1.943513,0,0,200
EDCF-Shield,v1a,FALCON1024+HMAC-SHA512+AES256GCM+DKG4of7,STOLEN_KEY,180,67.16,77,CYCLE,154,0,3600,200,0,0.947368,0.007586,0,0,0,100,24.21,94.74,0.499496,0.500244,1,3,0,0,76,1448,0.183161,1,0.4935,2,3,0,0,V1,1,0.056433,33340.25974,1,0,0,0.943567,1.943567,0,0,200
EDCF-Shield,v1a,FALCON1024+HMAC-SHA512+AES256GCM+DKG4of7,STOLEN_KEY,180,67.16,77,CUMULATIVE,154,520,256971,14880,519,0.943571,0.118965,0.063264,0.033766,0.500481,99.8,24.51,94.36,0.499496,0.500244,1,3,0,0,76,1448,0.183161,1,0.4935,2,3,0,0,V1,1,0.056433,33340.25974,1,0,0,0.943567,1.943567,0,0,200
EDCF-Shield,v1a,FALCON1024+HMAC-SHA512+AES256GCM+DKG4of7,STOLEN_KEY,180,67.16,78,CYCLE,156,0,3600,200,0,0.947368,0.007489,0,0,0,100,24.21,94.74,0.499503,0.500251,1,3,0,0,76,1448,0.18227,1,0.4936,2,3,0,0,V1,1,0.056381,33373.07692,1,0,0,0.943619,1.943619,0,0,200
EDCF-Shield,v1a,FALCON1024+HMAC-SHA512+AES256GCM+DKG4of7,STOLEN_KEY,180,67.16,78,CUMULATIVE,156,520,260571,15080,519,0.943623,0.118208,0.062504,0.033333,0.500481,99.8,24.51,94.36,0.499503,0.500251,1,3,0,0,76,1448,0.18227,1,0.4936,2,3,0,0,V1,1,0.056381,33373.07692,1,0,0,0.943619,1.943619,0,0,200
EDCF-Shield,v1a,FALCON1024+HMAC-SHA512+AES256GCM+DKG4of7,STOLEN_KEY,180,67.16,79,CYCLE,158,0,3600,200,0,0.947368,0.007395,0,0,0,100,24.21,94.74,0.499509,0.500257,1,3,0,0,76,1448,0.181392,1,0.4937,2,3,0,0,V1,1,0.05633,33405.06329,1,0,0,0.94367,1.94367,0,0,200
EDCF-Shield,v1a,FALCON1024+HMAC-SHA512+AES256GCM+DKG4of7,STOLEN_KEY,180,67.16,79,CUMULATIVE,158,520,264171,15280,519,0.943674,0.117464,0.061761,0.032911,0.500481,99.8,24.51,94.37,0.499509,0.500257,1,3,0,0,76,1448,0.181392,1,0.4937,2,3,0,0,V1,1,0.05633,33405.06329,1,0,0,0.94367,1.94367,0,0,200
EDCF-Shield,v1a,FALCON1024+HMAC-SHA512+AES256GCM+DKG4of7,STOLEN_KEY,180,67.16,80,CYCLE,160,0,3600,200,0,0.947368,0.007303,0,0,0,100,24.21,94.74,0.499516,0.500262,1,3,0,0,76,1448,0.180528,1,0.4938,2,3,0,0,V1,1,0.056281,33436.25,1,0,0,0.943719,1.943719,0,0,200
EDCF-Shield,v1a,FALCON1024+HMAC-SHA512+AES256GCM+DKG4of7,STOLEN_KEY,180,67.16,80,CUMULATIVE,160,520,267771,15480,519,0.943723,0.116735,0.061036,0.0325,0.500481,99.81,24.5,94.37,0.499516,0.500262,1,3,0,0,76,1448,0.180528,1,0.4938,2,3,0,0,V1,1,0.056281,33436.25,1,0,0,0.943719,1.943719,0,0,200
EDCF-Shield,v1a,FALCON1024+HMAC-SHA512+AES256GCM+DKG4of7,STOLEN_KEY,180,67.16,81,CYCLE,162,0,3600,200,0,0.947368,0.007213,0,0,0,100,24.21,94.74,0.499522,0.500268,1,3,0,0,76,1448,0.179678,1,0.4938,2,3,0,0,V1,1,0.056232,33466.66667,1,0,0,0.943768,1.943768,0,0,200
EDCF-Shield,v1a,FALCON1024+HMAC-SHA512+AES256GCM+DKG4of7,STOLEN_KEY,180,67.16,81,CUMULATIVE,162,520,271371,15680,519,0.943771,0.116019,0.060328,0.032099,0.500481,99.81,24.5,94.38,0.499522,0.500268,1,3,0,0,76,1448,0.179678,1,0.4938,2,3,0,0,V1,1,0.056232,33466.66667,1,0,0,0.943768,1.943768,0,0,200
EDCF-Shield,v1a,FALCON1024+HMAC-SHA512+AES256GCM+DKG4of7,STOLEN_KEY,180,67.16,82,CYCLE,164,0,3600,200,0,0.947368,0.007126,0,0,0,100,24.21,94.74,0.499529,0.500274,1,3,0,0,76,1448,0.17884,1,0.4939,2,3,0,0,V1,1,0.056186,33496.34146,1,0,0,0.943814,1.943814,0,0,200
EDCF-Shield,v1a,FALCON1024+HMAC-SHA512+AES256GCM+DKG4of7,STOLEN_KEY,180,67.16,82,CUMULATIVE,164,520,274971,15880,519,0.943818,0.115316,0.059636,0.031707,0.500481,99.81,24.49,94.38,0.499529,0.500274,1,3,0,0,76,1448,0.17884,1,0.4939,2,3,0,0,V1,1,0.056186,33496.34146,1,0,0,0.943814,1.943814,0,0,200
EDCF-Shield,v1a,FALCON1024+HMAC-SHA512+AES256GCM+DKG4of7,STOLEN_KEY,180,67.16,83,CYCLE,166,0,3600,200,0,0.947368,0.007041,0,0,0,100,24.21,94.74,0.499535,0.500279,1,3,0,0,76,1448,0.178015,1,0.494,2,3,0,0,V1,1,0.05614,33525.30121,1,0,0,0.94386,1.94386,0,0,200
EDCF-Shield,v1a,FALCON1024+HMAC-SHA512+AES256GCM+DKG4of7,STOLEN_KEY,180,67.16,83,CUMULATIVE,166,520,278571,16080,519,0.943864,0.114625,0.05896,0.031325,0.500481,99.81,24.49,94.39,0.499535,0.500279,1,3,0,0,76,1448,0.178015,1,0.494,2,3,0,0,V1,1,0.05614,33525.30121,1,0,0,0.94386,1.94386,0,0,200
EDCF-Shield,v1a,FALCON1024+HMAC-SHA512+AES256GCM+DKG4of7,STOLEN_KEY,180,67.16,84,CYCLE,168,0,3600,200,0,0.947368,0.006957,0,0,0,100,24.21,94.74,0.499541,0.500285,1,3,0,0,76,1448,0.177202,1,0.494,2,3,0,0,V1,1,0.056095,33553.57143,1,0,0,0.943905,1.943905,0,0,200
EDCF-Shield,v1a,FALCON1024+HMAC-SHA512+AES256GCM+DKG4of7,STOLEN_KEY,180,67.16,84,CUMULATIVE,168,520,282171,16280,519,0.943908,0.113947,0.058299,0.030952,0.500481,99.82,24.49,94.39,0.499541,0.500285,1,3,0,0,76,1448,0.177202,1,0.494,2,3,0,0,V1,1,0.056095,33553.57143,1,0,0,0.943905,1.943905,0,0,200
EDCF-Shield,v1a,FALCON1024+HMAC-SHA512+AES256GCM+DKG4of7,STOLEN_KEY,180,67.16,85,CYCLE,170,0,3600,200,0,0.947368,0.006876,0,0,0,100,24.21,94.74,0.499546,0.50029,1,3,0,0,76,1448,0.176402,1,0.4941,2,3,0,0,V1,1,0.056052,33581.17647,1,0,0,0.943948,1.943948,0,0,200
EDCF-Shield,v1a,FALCON1024+HMAC-SHA512+AES256GCM+DKG4of7,STOLEN_KEY,180,67.16,85,CUMULATIVE,170,520,285771,16480,519,0.943951,0.113281,0.057653,0.030588,0.500481,99.82,24.48,94.39,0.499546,0.50029,1,3,0,0,76,1448,0.176402,1,0.4941,2,3,0,0,V1,1,0.056052,33581.17647,1,0,0,0.943948,1.943948,0,0,200
EDCF-Shield,v1a,FALCON1024+HMAC-SHA512+AES256GCM+DKG4of7,STOLEN_KEY,180,67.16,86,CYCLE,172,0,3600,200,0,0.947368,0.006797,0,0,0,100,24.21,94.74,0.499552,0.500295,1,3,0,0,76,1448,0.175613,1,0.4942,2,3,0,0,V1,1,0.05601,33608.13954,1,0,0,0.94399,1.94399,0,0,200
EDCF-Shield,v1a,FALCON1024+HMAC-SHA512+AES256GCM+DKG4of7,STOLEN_KEY,180,67.16,86,CUMULATIVE,172,520,289371,16680,519,0.943994,0.112626,0.057021,0.030233,0.500481,99.82,24.48,94.4,0.499552,0.500295,1,3,0,0,76,1448,0.175613,1,0.4942,2,3,0,0,V1,1,0.05601,33608.13954,1,0,0,0.94399,1.94399,0,0,200
EDCF-Shield,v1a,FALCON1024+HMAC-SHA512+AES256GCM+DKG4of7,STOLEN_KEY,180,67.16,87,CYCLE,174,0,3600,200,0,0.947368,0.006719,0,0,0,100,24.21,94.74,0.499558,0.5003,1,3,0,0,76,1448,0.174835,1,0.4943,2,3,0,0,V1,1,0.055968,33634.48276,1,0,0,0.944032,1.944032,0,0,200
EDCF-Shield,v1a,FALCON1024+HMAC-SHA512+AES256GCM+DKG4of7,STOLEN_KEY,180,67.16,87,CUMULATIVE,174,520,292971,16880,519,0.944035,0.111983,0.056402,0.029885,0.500481,99.82,24.48,94.4,0.499558,0.5003,1,3,0,0,76,1448,0.174835,1,0.4943,2,3,0,0,V1,1,0.055968,33634.48276,1,0,0,0.944032,1.944032,0,0,200
EDCF-Shield,v1a,FALCON1024+HMAC-SHA512+AES256GCM+DKG4of7,STOLEN_KEY,180,67.16,88,CYCLE,176,0,3600,200,0,0.947368,0.006643,0,0,0,100,24.21,94.74,0.499563,0.500304,1,3,0,0,76,1448,0.174068,1,0.4943,2,3,0,0,V1,1,0.055928,33660.22727,1,0,0,0.944072,1.944072,0,0,200
EDCF-Shield,v1a,FALCON1024+HMAC-SHA512+AES256GCM+DKG4of7,STOLEN_KEY,180,67.16,88,CUMULATIVE,176,520,296571,17080,519,0.944075,0.11135,0.055797,0.029545,0.500481,99.83,24.47,94.41,0.499563,0.500304,1,3,0,0,76,1448,0.174068,1,0.4943,2,3,0,0,V1,1,0.055928,33660.22727,1,0,0,0.944072,1.944072,0,0,200
EDCF-Shield,v1a,FALCON1024+HMAC-SHA512+AES256GCM+DKG4of7,STOLEN_KEY,180,67.16,89,CYCLE,178,0,3600,200,0,0.947368,0.006569,0,0,0,100,24.21,94.74,0.499568,0.500309,1,3,0,0,76,1448,0.173313,1,0.4944,2,3,0,0,V1,1,0.055889,33685.39326,1,0,0,0.944111,1.944111,0,0,200
EDCF-Shield,v1a,FALCON1024+HMAC-SHA512+AES256GCM+DKG4of7,STOLEN_KEY,180,67.16,89,CUMULATIVE,178,520,300171,17280,519,0.944114,0.110728,0.055205,0.029213,0.500481,99.83,24.47,94.41,0.499568,0.500309,1,3,0,0,76,1448,0.173313,1,0.4944,2,3,0,0,V1,1,0.055889,33685.39326,1,0,0,0.944111,1.944111,0,0,200
EDCF-Shield,v1a,FALCON1024+HMAC-SHA512+AES256GCM+DKG4of7,STOLEN_KEY,180,67.16,90,CYCLE,179.5,0,1980,120,0,0.942857,0.006497,0,0,0,100,24.57,94.29,0.499571,0.500313,1,3,0,0,76,1448,0.172568,1,0.4958,2,3,0,0,V1,1,0.055897,33623.67688,1,0,0,0.944103,1.944103,0,0,200
EDCF-Shield,v1a,FALCON1024+HMAC-SHA512+AES256GCM+DKG4of7,STOLEN_KEY,180,67.16,90,CUMULATIVE,179.5,520,302151,17400,519,0.944106,0.110354,0.054855,0.029018,0.500481,99.83,24.47,94.41,0.499571,0.500313,1,3,0,0,76,1448,0.172568,1,0.4958,2,3,0,0,V1,1,0.055897,33623.67688,1,0,0,0.944103,1.944103,0,0,200
EDCF-Shield,v1b,FALCON1024+HMAC-SHA512+AES256GCM+DKG4of7,COMPROMISED_CTRL,0,0,1,CYCLE,2,2000,0,0,0,1,0.5,1,1,1,0,100,0,0,0,1,0,0,0,76,1448,0,1,0,0,0,0,0,benign,0,1,-100,1,0,0,0,0,0,0,200
EDCF-Shield,v1b,FALCON1024+HMAC-SHA512+AES256GCM+DKG4of7,COMPROMISED_CTRL,0,0,1,CUMULATIVE,2,2000,0,0,0,1,0.5,1,1,1,0,100,0,0,0,1,0,0,0,76,1448,0,1,0,0,0,0,0,benign,0,1,-100,1,0,0,0,0,0,0,200
EDCF-Shield,v1b,FALCON1024+HMAC-SHA512+AES256GCM+DKG4of7,COMPROMISED_CTRL,0,0,2,CYCLE,4,2000,0,0,10,0.995025,0.250111,0.997506,1,0.995025,0,99.6,0.5,0,0,1,0,0,0,76,1448,0.5,1,0.25,2,0,0,0,benign,0,0.997506,-50,1,0,0,0.002494,0.002494,0,0,200
EDCF-Shield,v1b,FALCON1024+HMAC-SHA512+AES256GCM+DKG4of7,COMPROMISED_CTRL,0,0,2,CUMULATIVE,4,4000,0,0,10,0.997506,0.000223,0.998752,1,0.997506,0,99.8,0.25,0,0,1,0,0,0,76,1448,0.5,1,0.25,2,0,0,0,benign,0,0.997506,-50,1,0,0,0.002494,0.002494,0,0,200
EDCF-Shield,v1b,FALCON1024+HMAC-SHA512+AES256GCM+DKG4of7,COMPROMISED_CTRL,0,0,3,CYCLE,6,2000,0,0,20,0.990099,0.166793,0.995025,1,0.990099,0,99.21,0.99,0,0,1,0,0,0,76,1448,0.250111,1,0.3333,2,0,0,0,benign,0,0.995025,0,1,0,0,0.004975,0.004975,0,0,200
EDCF-Shield,v1b,FALCON1024+HMAC-SHA512+AES256GCM+DKG4of7,COMPROMISED_CTRL,0,0,3,CUMULATIVE,6,6000,0,0,30,0.995025,0.000128,0.997506,1,0.995025,0,99.6,0.5,0,0,1,0,0,0,76,1448,0.250111,1,0.3333,2,0,0,0,benign,0,0.995025,0,1,0,0,0.004975,0.004975,0,0,200
EDCF-Shield,v1b,FALCON1024+HMAC-SHA512+AES256GCM+DKG4of7,COMPROMISED_CTRL,0,0,4,CYCLE,8,2000,0,0,20,0.990099,0.125133,0.995025,1,0.990099,0,99.21,0.99,0,0,1,0,0,0,76,1448,0.166784,1,0.375,2,0,0,0,benign,0,0.993789,25,1,0,0,0.006211,0.006211,0,0,200
EDCF-Shield,v1b,FALCON1024+HMAC-SHA512+AES256GCM+DKG4of7,COMPROMISED_CTRL,0,0,4,CUMULATIVE,8,8000,0,0,50,0.993789,0.000099,0.996885,1,0.993789,0,99.5,0.62,0,0,1,0,0,0,76,1448,0.166784,1,0.375,2,0,0,0,benign,0,0.993789,25,1,0,0,0.006211,0.006211,0,0,200
EDCF-Shield,v1b,FALCON1024+HMAC-SHA512+AES256GCM+DKG4of7,COMPROMISED_CTRL,0,0,5,CYCLE,10,2000,0,0,20,0.990099,0.100138,0.995025,1,0.990099,0,99.21,0.99,0,0,1,0,0,0,76,1448,0.125112,1,0.4,2,0,0,0,benign,0,0.993049,40,1,0,0,0.006951,0.006951,0,0,200
EDCF-Shield,v1b,FALCON1024+HMAC-SHA512+AES256GCM+DKG4of7,COMPROMISED_CTRL,0,0,5,CUMULATIVE,10,10000,0,0,70,0.993049,0.000084,0.996512,1,0.993049,0,99.44,0.7,0,0,1,0,0,0,76,1448,0.125112,1,0.4,2,0,0,0,benign,0,0.993049,40,1,0,0,0.006951,0.006951,0,0,200
EDCF-Shield,v1b,FALCON1024+HMAC-SHA512+AES256GCM+DKG4of7,COMPROMISED_CTRL,0,0,6,CYCLE,12,2000,0,0,20,0.990099,0.083474,0.995025,1,0.990099,0,99.21,0.99,0,0,1,0,0,0,76,1448,0.100107,1,0.4167,2,0,0,0,benign,0,0.992556,50,1,0,0,0.007444,0.007444,0,0,200
EDCF-Shield,v1b,FALCON1024+HMAC-SHA512+AES256GCM+DKG4of7,COMPROMISED_CTRL,0,0,6,CUMULATIVE,12,12000,0,0,90,0.992556,0.000074,0.996264,1,0.992556,0,99.4,0.74,0,0,1,0,0,0,76,1448,0.100107,1,0.4167,2,0,0,0,benign,0,0.992556,50,1,0,0,0.007444,0.007444,0,0,200
EDCF-Shield,v1b,FALCON1024+HMAC-SHA512+AES256GCM+DKG4of7,COMPROMISED_CTRL,0,0,7,CYCLE,14,2000,0,0,20,0.990099,0.071572,0.995025,1,0.990099,0,99.21,0.99,0,0,1,0,0,0,76,1448,0.083435,1,0.4286,2,0,0,0,benign,0,0.992204,57.142857,1,0,0,0.007796,0.007796,0,0,200
EDCF-Shield,v1b,FALCON1024+HMAC-SHA512+AES256GCM+DKG4of7,COMPROMISED_CTRL,0,0,7,CUMULATIVE,14,14000,0,0,110,0.992204,0.000067,0.996087,1,0.992204,0,99.38,0.78,0,0,1,0,0,0,76,1448,0.083435,1,0.4286,2,0,0,0,benign,0,0.992204,57.142857,1,0,0,0.007796,0.007796,0,0,200
EDCF-Shield,v1b,FALCON1024+HMAC-SHA512+AES256GCM+DKG4of7,COMPROMISED_CTRL,0,0,8,CYCLE,16,2000,0,0,20,0.990099,0.062645,0.995025,1,0.990099,0,99.21,0.99,0,0,1,0,0,0,76,1448,0.071525,1,0.4375,2,0,0,0,benign,0,0.99194,62.5,1,0,0,0.00806,0.00806,0,0,200
EDCF-Shield,v1b,FALCON1024+HMAC-SHA512+AES256GCM+DKG4of7,COMPROMISED_CTRL,0,0,8,CUMULATIVE,16,16000,0,0,130,0.99194,0.000061,0.995954,1,0.99194,0,99.36,0.81,0,0,1,0,0,0,76,1448,0.071525,1,0.4375,2,0,0,0,benign,0,0.99194,62.5,1,0,0,0.00806,0.00806,0,0,200
EDCF-Shield,v1b,FALCON1024+HMAC-SHA512+AES256GCM+DKG4of7,COMPROMISED_CTRL,0,0,9,CYCLE,18,2000,0,0,20,0.990099,0.055701,0.995025,1,0.990099,0,99.21,0.99,0,0,1,0,0,0,76,1448,0.062592,1,0.4444,2,0,0,0,benign,0,0.991736,66.666667,1,0,0,0.008264,0.008264,0,0,200
EDCF-Shield,v1b,FALCON1024+HMAC-SHA512+AES256GCM+DKG4of7,COMPROMISED_CTRL,0,0,9,CUMULATIVE,18,18000,0,0,150,0.991736,0.000057,0.995851,1,0.991736,0,99.34,0.83,0,0,1,0,0,0,76,1448,0.062592,1,0.4444,2,0,0,0,benign,0,0.991736,66.666667,1,0,0,0.008264,0.008264,0,0,200
EDCF-Shield,v1b,FALCON1024+HMAC-SHA512+AES256GCM+DKG4of7,COMPROMISED_CTRL,0,0,10,CYCLE,20,2000,0,0,20,0.990099,0.050147,0.995025,1,0.990099,0,99.21,0.99,0,0,1,0,0,0,76,1448,0.055644,1,0.45,2,0,0,0,benign,0,0.991572,70,1,0,0,0.008428,0.008428,0,0,200
EDCF-Shield,v1b,FALCON1024+HMAC-SHA512+AES256GCM+DKG4of7,COMPROMISED_CTRL,0,0,10,CUMULATIVE,20,20000,0,0,170,0.991572,0.000054,0.995768,1,0.991572,0,99.33,0.84,0,0,1,0,0,0,76,1448,0.055644,1,0.45,2,0,0,0,benign,0,0.991572,70,1,0,0,0.008428,0.008428,0,0,200
EDCF-Shield,v1b,FALCON1024+HMAC-SHA512+AES256GCM+DKG4of7,COMPROMISED_CTRL,0,0,11,CYCLE,22,2000,0,0,20,0.990099,0.045602,0.995025,1,0.990099,0,99.21,0.99,0,0,1,0,0,0,76,1448,0.050085,1,0.4545,2,0,0,0,benign,0,0.991438,72.727273,1,0,0,0.008562,0.008562,0,0,200
EDCF-Shield,v1b,FALCON1024+HMAC-SHA512+AES256GCM+DKG4of7,COMPROMISED_CTRL,0,0,11,CUMULATIVE,22,22000,0,0,190,0.991438,0.000051,0.9957,1,0.991438,0,99.32,0.86,0,0,1,0,0,0,76,1448,0.050085,1,0.4545,2,0,0,0,benign,0,0.991438,72.727273,1,0,0,0.008562,0.008562,0,0,200
EDCF-Shield,v1b,FALCON1024+HMAC-SHA512+AES256GCM+DKG4of7,COMPROMISED_CTRL,0,0,12,CYCLE,24,2000,0,0,20,0.990099,0.041815,0.995025,1,0.990099,0,99.21,0.99,0,0,1,0,0,0,76,1448,0.045536,1,0.4583,2,0,0,0,benign,0,0.991326,75,1,0,0,0.008674,0.008674,0,0,200
EDCF-Shield,v1b,FALCON1024+HMAC-SHA512+AES256GCM+DKG4of7,COMPROMISED_CTRL,0,0,12,CUMULATIVE,24,24000,0,0,210,0.991326,0.000048,0.995644,1,0.991326,0,99.31,0.87,0,0,1,0,0,0,76,1448,0.045536,1,0.4583,2,0,0,0,benign,0,0.991326,75,1,0,0,0.008674,0.008674,0,0,200
EDCF-Shield,v1b,FALCON1024+HMAC-SHA512+AES256GCM+DKG4of7,COMPROMISED_CTRL,0,0,13,CYCLE,26,2000,0,0,20,0.990099,0.03861,0.995025,1,0.990099,0,99.21,0.99,0,0,1,0,0,0,76,1448,0.041745,1,0.4615,2,0,0,0,benign,0,0.991231,76.923077,1,0,0,0.008769,0.008769,0,0,200
EDCF-Shield,v1b,FALCON1024+HMAC-SHA512+AES256GCM+DKG4of7,COMPROMISED_CTRL,0,0,13,CUMULATIVE,26,26000,0,0,230,0.991231,0.000046,0.995596,1,0.991231,0,99.3,0.88,0,0,1,0,0,0,76,1448,0.041745,1,0.4615,2,0,0,0,benign,0,0.991231,76.923077,1,0,0,0.008769,0.008769,0,0,200
EDCF-Shield,v1b,FALCON1024+HMAC-SHA512+AES256GCM+DKG4of7,COMPROMISED_CTRL,0,0,14,CYCLE,28,2000,0,0,20,0.990099,0.035864,0.995025,1,0.990099,0,99.21,0.99,0,0,1,0,0,0,76,1448,0.038538,1,0.4643,2,0,0,0,benign,0,0.99115,78.571429,1,0,0,0.00885,0.00885,0,0,200
EDCF-Shield,v1b,FALCON1024+HMAC-SHA512+AES256GCM+DKG4of7,COMPROMISED_CTRL,0,0,14,CUMULATIVE,28,28000,0,0,250,0.99115,0.000044,0.995556,1,0.99115,0,99.29,0.88,0,0,1,0,0,0,76,1448,0.038538,1,0.4643,2,0,0,0,benign,0,0.99115,78.571429,1,0,0,0.00885,0.00885,0,0,200
EDCF-Shield,v1b,FALCON1024+HMAC-SHA512+AES256GCM+DKG4of7,COMPROMISED_CTRL,0,0,15,CYCLE,30,2000,0,0,20,0.990099,0.033483,0.995025,1,0.990099,0,99.21,0.99,0,0,1,0,0,0,76,1448,0.035788,1,0.4667,2,0,0,0,benign,0,0.99108,80,1,0,0,0.00892,0.00892,0,0,200
EDCF-Shield,v1b,FALCON1024+HMAC-SHA512+AES256GCM+DKG4of7,COMPROMISED_CTRL,0,0,15,CUMULATIVE,30,30000,0,0,270,0.99108,0.000042,0.99552,1,0.99108,0,99.29,0.89,0,0,1,0,0,0,76,1448,0.035788,1,0.4667,2,0,0,0,benign,0,0.99108,80,1,0,0,0.00892,0.00892,0,0,200
EDCF-Shield,v1b,FALCON1024+HMAC-SHA512+AES256GCM+DKG4of7,COMPROMISED_CTRL,0,0,16,CYCLE,32,2000,0,0,20,0.990099,0.0314,0.995025,1,0.990099,0,99.21,0.99,0,0,1,0,0,0,76,1448,0.033405,1,0.4688,2,0,0,0,benign,0,0.991019,81.25,1,0,0,0.008981,0.008981,0,0,200
EDCF-Shield,v1b,FALCON1024+HMAC-SHA512+AES256GCM+DKG4of7,COMPROMISED_CTRL,0,0,16,CUMULATIVE,32,32000,0,0,290,0.991019,0.000041,0.995489,1,0.991019,0,99.28,0.9,0,0,1,0,0,0,76,1448,0.033405,1,0.4688,2,0,0,0,benign,0,0.991019,81.25,1,0,0,0.008981,0.008981,0,0,200
EDCF-Shield,v1b,FALCON1024+HMAC-SHA512+AES256GCM+DKG4of7,COMPROMISED_CTRL,0,0,17,CYCLE,34,2000,0,0,20,0.990099,0.029562,0.995025,1,0.990099,0,99.21,0.99,0,0,1,0,0,0,76,1448,0.03132,1,0.4706,2,0,0,0,benign,0,0.990965,82.352941,1,0,0,0.009035,0.009035,0,0,200
EDCF-Shield,v1b,FALCON1024+HMAC-SHA512+AES256GCM+DKG4of7,COMPROMISED_CTRL,0,0,17,CUMULATIVE,34,34000,0,0,310,0.990965,0.00004,0.995462,1,0.990965,0,99.28,0.9,0,0,1,0,0,0,76,1448,0.03132,1,0.4706,2,0,0,0,benign,0,0.990965,82.352941,1,0,0,0.009035,0.009035,0,0,200
EDCF-Shield,v1b,FALCON1024+HMAC-SHA512+AES256GCM+DKG4of7,COMPROMISED_CTRL,0,0,18,CYCLE,36,2000,0,0,20,0.990099,0.027929,0.995025,1,0.990099,0,99.21,0.99,0,0,1,0,0,0,76,1448,0.02948,1,0.4722,2,0,0,0,benign,0,0.990917,83.333333,1,0,0,0.009083,0.009083,0,0,200
EDCF-Shield,v1b,FALCON1024+HMAC-SHA512+AES256GCM+DKG4of7,COMPROMISED_CTRL,0,0,18,CUMULATIVE,36,36000,0,0,330,0.990917,0.000038,0.995438,1,0.990917,0,99.27,0.91,0,0,1,0,0,0,76,1448,0.02948,1,0.4722,2,0,0,0,benign,0,0.990917,83.333333,1,0,0,0.009083,0.009083,0,0,200
EDCF-Shield,v1b,FALCON1024+HMAC-SHA512+AES256GCM+DKG4of7,COMPROMISED_CTRL,0,0,19,CYCLE,38,2000,0,0,20,0.990099,0.026467,0.995025,1,0.990099,0,99.21,0.99,0,0,1,0,0,0,76,1448,0.027844,1,0.4737,2,0,0,0,benign,0,0.990874,84.210526,1,0,0,0.009126,0.009126,0,0,200
EDCF-Shield,v1b,FALCON1024+HMAC-SHA512+AES256GCM+DKG4of7,COMPROMISED_CTRL,0,0,19,CUMULATIVE,38,38000,0,0,350,0.990874,0.000037,0.995416,1,0.990874,0,99.27,0.91,0,0,1,0,0,0,76,1448,0.027844,1,0.4737,2,0,0,0,benign,0,0.990874,84.210526,1,0,0,0.009126,0.009126,0,0,200
EDCF-Shield,v1b,FALCON1024+HMAC-SHA512+AES256GCM+DKG4of7,COMPROMISED_CTRL,0,0,20,CYCLE,40,2000,0,0,20,0.990099,0.025151,0.995025,1,0.990099,0,99.21,0.99,0,0,1,0,0,0,76,1448,0.026381,1,0.475,2,0,0,0,benign,0,0.990835,85,1,0,0,0.009165,0.009165,0,0,200
EDCF-Shield,v1b,FALCON1024+HMAC-SHA512+AES256GCM+DKG4of7,COMPROMISED_CTRL,0,0,20,CUMULATIVE,40,40000,0,0,370,0.990835,0.000036,0.995396,1,0.990835,0,99.27,0.92,0,0,1,0,0,0,76,1448,0.026381,1,0.475,2,0,0,0,benign,0,0.990835,85,1,0,0,0.009165,0.009165,0,0,200
EDCF-Shield,v1b,FALCON1024+HMAC-SHA512+AES256GCM+DKG4of7,COMPROMISED_CTRL,0,0,21,CYCLE,42,2000,0,0,20,0.990099,0.023961,0.995025,1,0.990099,0,99.21,0.99,0,0,1,0,0,0,76,1448,0.025063,1,0.4762,2,0,0,0,benign,0,0.9908,85.714286,1,0,0,0.0092,0.0092,0,0,200
EDCF-Shield,v1b,FALCON1024+HMAC-SHA512+AES256GCM+DKG4of7,COMPROMISED_CTRL,0,0,21,CUMULATIVE,42,42000,0,0,390,0.9908,0.000035,0.995379,1,0.9908,0,99.26,0.92,0,0,1,0,0,0,76,1448,0.025063,1,0.4762,2,0,0,0,benign,0,0.9908,85.714286,1,0,0,0.0092,0.0092,0,0,200
EDCF-Shield,v1b,FALCON1024+HMAC-SHA512+AES256GCM+DKG4of7,COMPROMISED_CTRL,0,0,22,CYCLE,44,2000,0,0,20,0.990099,0.022879,0.995025,1,0.990099,0,99.21,0.99,0,0,1,0,0,0,76,1448,0.023872,1,0.4773,2,0,0,0,benign,0,0.990768,86.363636,1,0,0,0.009232,0.009232,0,0,200
EDCF-Shield,v1b,FALCON1024+HMAC-SHA512+AES256GCM+DKG4of7,COMPROMISED_CTRL,0,0,22,CUMULATIVE,44,44000,0,0,410,0.990768,0.000034,0.995363,1,0.990768,0,99.26,0.92,0,0,1,0,0,0,76,1448,0.023872,1,0.4773,2,0,0,0,benign,0,0.990768,86.363636,1,0,0,0.009232,0.009232,0,0,200
EDCF-Shield,v1b,FALCON1024+HMAC-SHA512+AES256GCM+DKG4of7,COMPROMISED_CTRL,0,0,23,CYCLE,46,2000,0,0,20,0.990099,0.021891,0.995025,1,0.990099,0,99.21,0.99,0,0,1,0,0,0,76,1448,0.022788,1,0.4783,2,0,0,0,benign,0,0.990739,86.956522,1,0,0,0.009261,0.009261,0,0,200
EDCF-Shield,v1b,FALCON1024+HMAC-SHA512+AES256GCM+DKG4of7,COMPROMISED_CTRL,0,0,23,CUMULATIVE,46,46000,0,0,430,0.990739,0.000034,0.995348,1,0.990739,0,99.26,0.93,0,0,1,0,0,0,76,1448,0.022788,1,0.4783,2,0,0,0,benign,0,0.990739,86.956522,1,0,0,0.009261,0.009261,0,0,200
EDCF-Shield,v1b,FALCON1024+HMAC-SHA512+AES256GCM+DKG4of7,COMPROMISED_CTRL,0,0,24,CYCLE,48,2000,0,0,20,0.990099,0.020985,0.995025,1,0.990099,0,99.21,0.99,0,0,1,0,0,0,76,1448,0.021799,1,0.4792,2,0,0,0,benign,0,0.990712,87.5,1,0,0,0.009288,0.009288,0,0,200
EDCF-Shield,v1b,FALCON1024+HMAC-SHA512+AES256GCM+DKG4of7,COMPROMISED_CTRL,0,0,24,CUMULATIVE,48,48000,0,0,450,0.990712,0.000033,0.995334,1,0.990712,0,99.26,0.93,0,0,1,0,0,0,76,1448,0.021799,1,0.4792,2,0,0,0,benign,0,0.990712,87.5,1,0,0,0.009288,0.009288,0,0,200
EDCF-Shield,v1b,FALCON1024+HMAC-SHA512+AES256GCM+DKG4of7,COMPROMISED_CTRL,0,0,25,CYCLE,50,2000,0,0,20,0.990099,0.020152,0.995025,1,0.990099,0,99.21,0.99,0,0,1,0,0,0,76,1448,0.020892,1,0.48,2,0,0,0,benign,0,0.990688,88,1,0,0,0.009312,0.009312,0,0,200
EDCF-Shield,v1b,FALCON1024+HMAC-SHA512+AES256GCM+DKG4of7,COMPROMISED_CTRL,0,0,25,CUMULATIVE,50,50000,0,0,470,0.990688,0.000032,0.995322,1,0.990688,0,99.26,0.93,0,0,1,0,0,0,76,1448,0.020892,1,0.48,2,0,0,0,benign,0,0.990688,88,1,0,0,0.009312,0.009312,0,0,200
EDCF-Shield,v1b,FALCON1024+HMAC-SHA512+AES256GCM+DKG4of7,COMPROMISED_CTRL,0,0,26,CYCLE,52,2000,0,0,20,0.990099,0.019383,0.995025,1,0.990099,0,99.21,0.99,0,0,1,0,0,0,76,1448,0.020058,1,0.4808,2,0,0,0,benign,0,0.990665,88.461538,1,0,0,0.009335,0.009335,0,0,200
EDCF-Shield,v1b,FALCON1024+HMAC-SHA512+AES256GCM+DKG4of7,COMPROMISED_CTRL,0,0,26,CUMULATIVE,52,52000,0,0,490,0.990665,0.000031,0.995311,1,0.990665,0,99.25,0.93,0,0,1,0,0,0,76,1448,0.020058,1,0.4808,2,0,0,0,benign,0,0.990665,88.461538,1,0,0,0.009335,0.009335,0,0,200
EDCF-Shield,v1b,FALCON1024+HMAC-SHA512+AES256GCM+DKG4of7,COMPROMISED_CTRL,0,0,27,CYCLE,54,2000,0,0,20,0.990099,0.018671,0.995025,1,0.990099,0,99.21,0.99,0,0,1,0,0,0,76,1448,0.019287,1,0.4815,2,0,0,0,benign,0,0.990644,88.888889,1,0,0,0.009356,0.009356,0,0,200
EDCF-Shield,v1b,FALCON1024+HMAC-SHA512+AES256GCM+DKG4of7,COMPROMISED_CTRL,0,0,27,CUMULATIVE,54,54000,0,0,510,0.990644,0.000031,0.9953,1,0.990644,0,99.25,0.94,0,0,1,0,0,0,76,1448,0.019287,1,0.4815,2,0,0,0,benign,0,0.990644,88.888889,1,0,0,0.009356,0.009356,0,0,200
EDCF-Shield,v1b,FALCON1024+HMAC-SHA512+AES256GCM+DKG4of7,COMPROMISED_CTRL,0,0,28,CYCLE,56,2000,0,0,20,0.990099,0.01801,0.995025,1,0.990099,0,99.21,0.99,0,0,1,0,0,0,76,1448,0.018574,1,0.4821,2,0,0,0,benign,0,0.990624,89.285714,1,0,0,0.009376,0.009376,0,0,200
EDCF-Shield,v1b,FALCON1024+HMAC-SHA512+AES256GCM+DKG4of7,COMPROMISED_CTRL,0,0,28,CUMULATIVE,56,56000,0,0,530,0.990624,0.00003,0.99529,1,0.990624,0,99.25,0.94,0,0,1,0,0,0,76,1448,0.018574,1,0.4821,2,0,0,0,benign,0,0.990624,89.285714,1,0,0,0.009376,0.009376,0,0,200
EDCF-Shield,v1b,FALCON1024+HMAC-SHA512+AES256GCM+DKG4of7,COMPROMISED_CTRL,0,0,29,CYCLE,58,2000,0,0,20,0.990099,0.017394,0.995025,1,0.990099,0,99.21,0.99,0,0,1,0,0,0,76,1448,0.017912,1,0.4828,2,0,0,0,benign,0,0.990606,89.655172,1,0,0,0.009394,0.009394,0,0,200
EDCF-Shield,v1b,FALCON1024+HMAC-SHA512+AES256GCM+DKG4of7,COMPROMISED_CTRL,0,0,29,CUMULATIVE,58,58000,0,0,550,0.990606,0.00003,0.995281,1,0.990606,0,99.25,0.94,0,0,1,0,0,0,76,1448,0.017912,1,0.4828,2,0,0,0,benign,0,0.990606,89.655172,1,0,0,0.009394,0.009394,0,0,200
EDCF-Shield,v1b,FALCON1024+HMAC-SHA512+AES256GCM+DKG4of7,COMPROMISED_CTRL,0,0,30,CYCLE,60,2000,0,0,20,0.990099,0.016819,0.995025,1,0.990099,0,99.21,0.99,0,0,1,0,0,0,76,1448,0.017295,1,0.4833,2,0,0,0,benign,0,0.990589,90,1,0,0,0.009411,0.009411,0,0,200
EDCF-Shield,v1b,FALCON1024+HMAC-SHA512+AES256GCM+DKG4of7,COMPROMISED_CTRL,0,0,30,CUMULATIVE,60,60000,0,0,570,0.990589,0.000029,0.995272,1,0.990589,0,99.25,0.94,0,0,1,0,0,0,76,1448,0.017295,1,0.4833,2,0,0,0,benign,0,0.990589,90,1,0,0,0.009411,0.009411,0,0,200
EDCF-Shield,v1b,FALCON1024+HMAC-SHA512+AES256GCM+DKG4of7,COMPROMISED_CTRL,0,0,31,CYCLE,62,2000,0,0,20,0.990099,0.016282,0.995025,1,0.990099,0,99.21,0.99,0,0,1,0,0,0,76,1448,0.01672,1,0.4839,2,0,0,0,benign,0,0.990574,90.322581,1,0,0,0.009426,0.009426,0,0,200
EDCF-Shield,v1b,FALCON1024+HMAC-SHA512+AES256GCM+DKG4of7,COMPROMISED_CTRL,0,0,31,CUMULATIVE,62,62000,0,0,590,0.990574,0.000029,0.995264,1,0.990574,0,99.25,0.94,0,0,1,0,0,0,76,1448,0.01672,1,0.4839,2,0,0,0,benign,0,0.990574,90.322581,1,0,0,0.009426,0.009426,0,0,200
EDCF-Shield,v1b,FALCON1024+HMAC-SHA512+AES256GCM+DKG4of7,COMPROMISED_CTRL,0,0,32,CYCLE,64,2000,0,0,20,0.990099,0.015778,0.995025,1,0.990099,0,99.21,0.99,0,0,1,0,0,0,76,1448,0.016181,1,0.4844,2,0,0,0,benign,0,0.990559,90.625,1,0,0,0.009441,0.009441,0,0,200
EDCF-Shield,v1b,FALCON1024+HMAC-SHA512+AES256GCM+DKG4of7,COMPROMISED_CTRL,0,0,32,CUMULATIVE,64,64000,0,0,610,0.990559,0.000028,0.995257,1,0.990559,0,99.24,0.94,0,0,1,0,0,0,76,1448,0.016181,1,0.4844,2,0,0,0,benign,0,0.990559,90.625,1,0,0,0.009441,0.009441,0,0,200
EDCF-Shield,v1b,FALCON1024+HMAC-SHA512+AES256GCM+DKG4of7,COMPROMISED_CTRL,0,0,33,CYCLE,66,2000,0,0,20,0.990099,0.015305,0.995025,1,0.990099,0,99.21,0.99,0,0,1,0,0,0,76,1448,0.015676,1,0.4848,2,0,0,0,benign,0,0.990545,90.909091,1,0,0,0.009455,0.009455,0,0,200
EDCF-Shield,v1b,FALCON1024+HMAC-SHA512+AES256GCM+DKG4of7,COMPROMISED_CTRL,0,0,33,CUMULATIVE,66,66000,0,0,630,0.990545,0.000028,0.99525,1,0.990545,0,99.24,0.95,0,0,1,0,0,0,76,1448,0.015676,1,0.4848,2,0,0,0,benign,0,0.990545,90.909091,1,0,0,0.009455,0.009455,0,0,200
EDCF-Shield,v1b,FALCON1024+HMAC-SHA512+AES256GCM+DKG4of7,COMPROMISED_CTRL,0,0,34,CYCLE,68,2000,0,0,20,0.990099,0.014859,0.995025,1,0.990099,0,99.21,0.99,0,0,1,0,0,0,76,1448,0.015202,1,0.4853,2,0,0,0,benign,0,0.990532,91.176471,1,0,0,0.009468,0.009468,0,0,200
EDCF-Shield,v1b,FALCON1024+HMAC-SHA512+AES256GCM+DKG4of7,COMPROMISED_CTRL,0,0,34,CUMULATIVE,68,68000,0,0,650,0.990532,0.000027,0.995243,1,0.990532,0,99.24,0.95,0,0,1,0,0,0,76,1448,0.015202,1,0.4853,2,0,0,0,benign,0,0.990532,91.176471,1,0,0,0.009468,0.009468,0,0,200
EDCF-Shield,v1b,FALCON1024+HMAC-SHA512+AES256GCM+DKG4of7,COMPROMISED_CTRL,0,0,35,CYCLE,70,2000,0,0,20,0.990099,0.014439,0.995025,1,0.990099,0,99.21,0.99,0,0,1,0,0,0,76,1448,0.014756,1,0.4857,2,0,0,0,benign,0,0.990519,91.428571,1,0,0,0.009481,0.009481,0,0,200
EDCF-Shield,v1b,FALCON1024+HMAC-SHA512+AES256GCM+DKG4of7,COMPROMISED_CTRL,0,0,35,CUMULATIVE,70,70000,0,0,670,0.990519,0.000027,0.995237,1,0.990519,0,99.24,0.95,0,0,1,0,0,0,76,1448,0.014756,1,0.4857,2,0,0,0,benign,0,0.990519,91.428571,1,0,0,0.009481,0.009481,0,0,200
EDCF-Shield,v1b,FALCON1024+HMAC-SHA512+AES256GCM+DKG4of7,COMPROMISED_CTRL,0,0,36,CYCLE,72,2000,0,0,20,0.990099,0.014042,0.995025,1,0.990099,0,99.21,0.99,0,0,1,0,0,0,76,1448,0.014335,1,0.4861,2,0,0,0,benign,0,0.990508,91.666667,1,0,0,0.009492,0.009492,0,0,200
EDCF-Shield,v1b,FALCON1024+HMAC-SHA512+AES256GCM+DKG4of7,COMPROMISED_CTRL,0,0,36,CUMULATIVE,72,72000,0,0,690,0.990508,0.000027,0.995231,1,0.990508,0,99.24,0.95,0,0,1,0,0,0,76,1448,0.014335,1,0.4861,2,0,0,0,benign,0,0.990508,91.666667,1,0,0,0.009492,0.009492,0,0,200
EDCF-Shield,v1b,FALCON1024+HMAC-SHA512+AES256GCM+DKG4of7,COMPROMISED_CTRL,0,0,37,CYCLE,74,2000,0,0,20,0.990099,0.013667,0.995025,1,0.990099,0,99.21,0.99,0,0,1,0,0,0,76,1448,0.013938,1,0.4865,2,0,0,0,benign,0,0.990497,91.891892,1,0,0,0.009503,0.009503,0,0,200
EDCF-Shield,v1b,FALCON1024+HMAC-SHA512+AES256GCM+DKG4of7,COMPROMISED_CTRL,0,0,37,CUMULATIVE,74,74000,0,0,710,0.990497,0.000026,0.995226,1,0.990497,0,99.24,0.95,0,0,1,0,0,0,76,1448,0.013938,1,0.4865,2,0,0,0,benign,0,0.990497,91.891892,1,0,0,0.009503,0.009503,0,0,200
EDCF-Shield,v1b,FALCON1024+HMAC-SHA512+AES256GCM+DKG4of7,COMPROMISED_CTRL,0,0,38,CYCLE,76,2000,0,0,20,0.990099,0.013311,0.995025,1,0.990099,0,99.21,0.99,0,0,1,0,0,0,76,1448,0.013562,1,0.4868,2,0,0,0,benign,0,0.990486,92.105263,1,0,0,0.009514,0.009514,0,0,200
EDCF-Shield,v1b,FALCON1024+HMAC-SHA512+AES256GCM+DKG4of7,COMPROMISED_CTRL,0,0,38,CUMULATIVE,76,76000,0,0,730,0.990486,0.000026,0.99522,1,0.990486,0,99.24,0.95,0,0,1,0,0,0,76,1448,0.013562,1,0.4868,2,0,0,0,benign,0,0.990486,92.105263,1,0,0,0.009514,0.009514,0,0,200
EDCF-Shield,v1b,FALCON1024+HMAC-SHA512+AES256GCM+DKG4of7,COMPROMISED_CTRL,0,0,39,CYCLE,78,2000,0,0,20,0.990099,0.012974,0.995025,1,0.990099,0,99.21,0.99,0,0,1,0,0,0,76,1448,0.013205,1,0.4872,2,0,0,0,benign,0,0.990476,92.307692,1,0,0,0.009524,0.009524,0,0,200
EDCF-Shield,v1b,FALCON1024+HMAC-SHA512+AES256GCM+DKG4of7,COMPROMISED_CTRL,0,0,39,CUMULATIVE,78,78000,0,0,750,0.990476,0.000025,0.995215,1,0.990476,0,99.24,0.95,0,0,1,0,0,0,76,1448,0.013205,1,0.4872,2,0,0,0,benign,0,0.990476,92.307692,1,0,0,0.009524,0.009524,0,0,200
EDCF-Shield,v1b,FALCON1024+HMAC-SHA512+AES256GCM+DKG4of7,COMPROMISED_CTRL,0,0,40,CYCLE,80,2000,0,0,20,0.990099,0.012654,0.995025,1,0.990099,0,99.21,0.99,0,0,1,0,0,0,76,1448,0.012868,1,0.4875,2,0,0,0,benign,0,0.990467,92.5,1,0,0,0.009533,0.009533,0,0,200
EDCF-Shield,v1b,FALCON1024+HMAC-SHA512+AES256GCM+DKG4of7,COMPROMISED_CTRL,0,0,40,CUMULATIVE,80,80000,0,0,770,0.990467,0.000025,0.995211,1,0.990467,0,99.24,0.95,0,0,1,0,0,0,76,1448,0.012868,1,0.4875,2,0,0,0,benign,0,0.990467,92.5,1,0,0,0.009533,0.009533,0,0,200
EDCF-Shield,v1b,FALCON1024+HMAC-SHA512+AES256GCM+DKG4of7,COMPROMISED_CTRL,0,0,41,CYCLE,82,2000,0,0,20,0.990099,0.012349,0.995025,1,0.990099,0,99.21,0.99,0,0,1,0,0,0,76,1448,0.012546,1,0.4878,2,0,0,0,benign,0,0.990458,92.682927,1,0,0,0.009542,0.009542,0,0,200
EDCF-Shield,v1b,FALCON1024+HMAC-SHA512+AES256GCM+DKG4of7,COMPROMISED_CTRL,0,0,41,CUMULATIVE,82,82000,0,0,790,0.990458,0.000025,0.995206,1,0.990458,0,99.24,0.95,0,0,1,0,0,0,76,1448,0.012546,1,0.4878,2,0,0,0,benign,0,0.990458,92.682927,1,0,0,0.009542,0.009542,0,0,200
EDCF-Shield,v1b,FALCON1024+HMAC-SHA512+AES256GCM+DKG4of7,COMPROMISED_CTRL,0,0,42,CYCLE,84,2000,0,0,20,0.990099,0.012058,0.995025,1,0.990099,0,99.21,0.99,0,0,1,0,0,0,76,1448,0.012241,1,0.4881,2,0,0,0,benign,0,0.990449,92.857143,1,0,0,0.009551,0.009551,0,0,200
EDCF-Shield,v1b,FALCON1024+HMAC-SHA512+AES256GCM+DKG4of7,COMPROMISED_CTRL,0,0,42,CUMULATIVE,84,84000,0,0,810,0.990449,0.000024,0.995202,1,0.990449,0,99.24,0.96,0,0,1,0,0,0,76,1448,0.012241,1,0.4881,2,0,0,0,benign,0,0.990449,92.857143,1,0,0,0.009551,0.009551,0,0,200
EDCF-Shield,v1b,FALCON1024+HMAC-SHA512+AES256GCM+DKG4of7,COMPROMISED_CTRL,0,0,43,CYCLE,86,2000,0,0,20,0.990099,0.011782,0.995025,1,0.990099,0,99.21,0.99,0,0,1,0,0,0,76,1448,0.01195,1,0.4884,2,0,0,0,benign,0,0.990441,93.023256,1,0,0,0.009559,0.009559,0,0,200
EDCF-Shield,v1b,FALCON1024+HMAC-SHA512+AES256GCM+DKG4of7,COMPROMISED_CTRL,0,0,43,CUMULATIVE,86,86000,0,0,830,0.990441,0.000024,0.995198,1,0.990441,0,99.24,0.96,0,0,1,0,0,0,76,1448,0.01195,1,0.4884,2,0,0,0,benign,0,0.990441,93.023256,1,0,0,0.009559,0.009559,0,0,200
EDCF-Shield,v1b,FALCON1024+HMAC-SHA512+AES256GCM+DKG4of7,COMPROMISED_CTRL,0,0,44,CYCLE,88,2000,0,0,20,0.990099,0.011517,0.995025,1,0.990099,0,99.21,0.99,0,0,1,0,0,0,76,1448,0.011673,1,0.4886,2,0,0,0,benign,0,0.990433,93.181818,1,0,0,0.009567,0.009567,0,0,200
EDCF-Shield,v1b,FALCON1024+HMAC-SHA512+AES256GCM+DKG4of7,COMPROMISED_CTRL,0,0,44,CUMULATIVE,88,88000,0,0,850,0.990433,0.000024,0.995194,1,0.990433,0,99.23,0.96,0,0,1,0,0,0,76,1448,0.011673,1,0.4886,2,0,0,0,benign,0,0.990433,93.181818,1,0,0,0.009567,0.009567,0,0,200
EDCF-Shield,v1b,FALCON1024+HMAC-SHA512+AES256GCM+DKG4of7,COMPROMISED_CTRL,0,0,45,CYCLE,90,2000,0,0,20,0.990099,0.011265,0.995025,1,0.990099,0,99.21,0.99,0,0,1,0,0,0,76,1448,0.011408,1,0.4889,2,0,0,0,benign,0,0.990426,93.333333,1,0,0,0.009574,0.009574,0,0,200
EDCF-Shield,v1b,FALCON1024+HMAC-SHA512+AES256GCM+DKG4of7,COMPROMISED_CTRL,0,0,45,CUMULATIVE,90,90000,0,0,870,0.990426,0.000024,0.99519,1,0.990426,0,99.23,0.96,0,0,1,0,0,0,76,1448,0.011408,1,0.4889,2,0,0,0,benign,0,0.990426,93.333333,1,0,0,0.009574,0.009574,0,0,200
EDCF-Shield,v1b,FALCON1024+HMAC-SHA512+AES256GCM+DKG4of7,COMPROMISED_CTRL,0,0,46,CYCLE,92,2000,0,0,20,0.990099,0.011023,0.995025,1,0.990099,0,99.21,0.99,0,0,1,0,0,0,76,1448,0.011155,1,0.4891,2,0,0,0,benign,0,0.990419,93.478261,1,0,0,0.009581,0.009581,0,0,200
EDCF-Shield,v1b,FALCON1024+HMAC-SHA512+AES256GCM+DKG4of7,COMPROMISED_CTRL,0,0,46,CUMULATIVE,92,92000,0,0,890,0.990419,0.000023,0.995186,1,0.990419,0,99.23,0.96,0,0,1,0,0,0,76,1448,0.011155,1,0.4891,2,0,0,0,benign,0,0.990419,93.478261,1,0,0,0.009581,0.009581,0,0,200
EDCF-Shield,v1b,FALCON1024+HMAC-SHA512+AES256GCM+DKG4of7,COMPROMISED_CTRL,0,0,47,CYCLE,94,2000,0,0,20,0.990099,0.010792,0.995025,1,0.990099,0,99.21,0.99,0,0,1,0,0,0,76,1448,0.010913,1,0.4894,2,0,0,0,benign,0,0.990412,93.617021,1,0,0,0.009588,0.009588,0,0,200
EDCF-Shield,v1b,FALCON1024+HMAC-SHA512+AES256GCM+DKG4of7,COMPROMISED_CTRL,0,0,47,CUMULATIVE,94,94000,0,0,910,0.990412,0.000023,0.995183,1,0.990412,0,99.23,0.96,0,0,1,0,0,0,76,1448,0.010913,1,0.4894,2,0,0,0,benign,0,0.990412,93.617021,1,0,0,0.009588,0.009588,0,0,200
EDCF-Shield,v1b,FALCON1024+HMAC-SHA512+AES256GCM+DKG4of7,COMPROMISED_CTRL,0,0,48,CYCLE,96,2000,0,0,20,0.990099,0.010571,0.995025,1,0.990099,0,99.21,0.99,0,0,1,0,0,0,76,1448,0.010681,1,0.4896,2,0,0,0,benign,0,0.990405,93.75,1,0,0,0.009595,0.009595,0,0,200
EDCF-Shield,v1b,FALCON1024+HMAC-SHA512+AES256GCM+DKG4of7,COMPROMISED_CTRL,0,0,48,CUMULATIVE,96,96000,0,0,930,0.990405,0.000023,0.99518,1,0.990405,0,99.23,0.96,0,0,1,0,0,0,76,1448,0.010681,1,0.4896,2,0,0,0,benign,0,0.990405,93.75,1,0,0,0.009595,0.009595,0,0,200
EDCF-Shield,v1b,FALCON1024+HMAC-SHA512+AES256GCM+DKG4of7,COMPROMISED_CTRL,0,0,49,CYCLE,98,2000,0,0,20,0.990099,0.010358,0.995025,1,0.990099,0,99.21,0.99,0,0,1,0,0,0,76,1448,0.010459,1,0.4898,2,0,0,0,benign,0,0.990399,93.877551,1,0,0,0.009601,0.009601,0,0,200
EDCF-Shield,v1b,FALCON1024+HMAC-SHA512+AES256GCM+DKG4of7,COMPROMISED_CTRL,0,0,49,CUMULATIVE,98,98000,0,0,950,0.990399,0.000023,0.995176,1,0.990399,0,99.23,0.96,0,0,1,0,0,0,76,1448,0.010459,1,0.4898,2,0,0,0,benign,0,0.990399,93.877551,1,0,0,0.009601,0.009601,0,0,200
EDCF-Shield,v1b,FALCON1024+HMAC-SHA512+AES256GCM+DKG4of7,COMPROMISED_CTRL,0,0,50,CYCLE,100,2000,0,0,20,0.990099,0.010154,0.995025,1,0.990099,0,99.21,0.99,0,0,1,0,0,0,76,1448,0.010246,1,0.49,2,0,0,0,benign,0,0.990393,94,1,0,0,0.009607,0.009607,0,0,200
EDCF-Shield,v1b,FALCON1024+HMAC-SHA512+AES256GCM+DKG4of7,COMPROMISED_CTRL,0,0,50,CUMULATIVE,100,100000,0,0,970,0.990393,0.000022,0.995173,1,0.990393,0,99.23,0.96,0,0,1,0,0,0,76,1448,0.010246,1,0.49,2,0,0,0,benign,0,0.990393,94,1,0,0,0.009607,0.009607,0,0,200
EDCF-Shield,v1b,FALCON1024+HMAC-SHA512+AES256GCM+DKG4of7,COMPROMISED_CTRL,0,0,51,CYCLE,102,2000,0,0,20,0.990099,0.009958,0.995025,1,0.990099,0,99.21,0.99,0,0,1,0,0,0,76,1448,0.010042,1,0.4902,2,0,0,0,benign,0,0.990387,94.117647,1,0,0,0.009613,0.009613,0,0,200
EDCF-Shield,v1b,FALCON1024+HMAC-SHA512+AES256GCM+DKG4of7,COMPROMISED_CTRL,0,0,51,CUMULATIVE,102,102000,0,0,990,0.990387,0.000022,0.99517,1,0.990387,0,99.23,0.96,0,0,1,0,0,0,76,1448,0.010042,1,0.4902,2,0,0,0,benign,0,0.990387,94.117647,1,0,0,0.009613,0.009613,0,0,200
EDCF-Shield,v1b,FALCON1024+HMAC-SHA512+AES256GCM+DKG4of7,COMPROMISED_CTRL,0,0,52,CYCLE,104,2000,0,0,20,0.990099,0.009769,0.995025,1,0.990099,0,99.21,0.99,0,0,1,0,0,0,76,1448,0.009845,1,0.4904,2,0,0,0,benign,0,0.990382,94.230769,1,0,0,0.009618,0.009618,0,0,200
EDCF-Shield,v1b,FALCON1024+HMAC-SHA512+AES256GCM+DKG4of7,COMPROMISED_CTRL,0,0,52,CUMULATIVE,104,104000,0,0,1010,0.990382,0.000022,0.995168,1,0.990382,0,99.23,0.96,0,0,1,0,0,0,76,1448,0.009845,1,0.4904,2,0,0,0,benign,0,0.990382,94.230769,1,0,0,0.009618,0.009618,0,0,200
EDCF-Shield,v1b,FALCON1024+HMAC-SHA512+AES256GCM+DKG4of7,COMPROMISED_CTRL,0,0,53,CYCLE,106,2000,0,0,20,0.990099,0.009588,0.995025,1,0.990099,0,99.21,0.99,0,0,1,0,0,0,76,1448,0.009656,1,0.4906,2,0,0,0,benign,0,0.990377,94.339623,1,0,0,0.009623,0.009623,0,0,200
EDCF-Shield,v1b,FALCON1024+HMAC-SHA512+AES256GCM+DKG4of7,COMPROMISED_CTRL,0,0,53,CUMULATIVE,106,106000,0,0,1030,0.990377,0.000022,0.995165,1,0.990377,0,99.23,0.96,0,0,1,0,0,0,76,1448,0.009656,1,0.4906,2,0,0,0,benign,0,0.990377,94.339623,1,0,0,0.009623,0.009623,0,0,200
EDCF-Shield,v1b,FALCON1024+HMAC-SHA512+AES256GCM+DKG4of7,COMPROMISED_CTRL,0,0,54,CYCLE,108,2000,0,0,20,0.990099,0.009413,0.995025,1,0.990099,0,99.21,0.99,0,0,1,0,0,0,76,1448,0.009475,1,0.4907,2,0,0,0,benign,0,0.990371,94.444444,1,0,0,0.009629,0.009629,0,0,200
EDCF-Shield,v1b,FALCON1024+HMAC-SHA512+AES256GCM+DKG4of7,COMPROMISED_CTRL,0,0,54,CUMULATIVE,108,108000,0,0,1050,0.990371,0.000022,0.995162,1,0.990371,0,99.23,0.96,0,0,1,0,0,0,76,1448,0.009475,1,0.4907,2,0,0,0,benign,0,0.990371,94.444444,1,0,0,0.009629,0.009629,0,0,200
EDCF-Shield,v1b,FALCON1024+HMAC-SHA512+AES256GCM+DKG4of7,COMPROMISED_CTRL,0,0,55,CYCLE,110,2000,0,0,20,0.990099,0.009245,0.995025,1,0.990099,0,99.21,0.99,0,0,1,0,0,0,76,1448,0.0093,1,0.4909,2,0,0,0,benign,0,0.990366,94.545455,1,0,0,0.009634,0.009634,0,0,200
EDCF-Shield,v1b,FALCON1024+HMAC-SHA512+AES256GCM+DKG4of7,COMPROMISED_CTRL,0,0,55,CUMULATIVE,110,110000,0,0,1070,0.990366,0.000021,0.99516,1,0.990366,0,99.23,0.96,0,0,1,0,0,0,76,1448,0.0093,1,0.4909,2,0,0,0,benign,0,0.990366,94.545455,1,0,0,0.009634,0.009634,0,0,200
EDCF-Shield,v1b,FALCON1024+HMAC-SHA512+AES256GCM+DKG4of7,COMPROMISED_CTRL,0,0,56,CYCLE,112,2000,0,0,20,0.990099,0.009083,0.995025,1,0.990099,0,99.21,0.99,0,0,1,0,0,0,76,1448,0.009131,1,0.4911,2,0,0,0,benign,0,0.990362,94.642857,1,0,0,0.009638,0.009638,0,0,200
EDCF-Shield,v1b,FALCON1024+HMAC-SHA512+AES256GCM+DKG4of7,COMPROMISED_CTRL,0,0,56,CUMULATIVE,112,112000,0,0,1090,0.990362,0.000021,0.995157,1,0.990362,0,99.23,0.96,0,0,1,0,0,0,76,1448,0.009131,1,0.4911,2,0,0,0,benign,0,0.990362,94.642857,1,0,0,0.009638,0.009638,0,0,200
EDCF-Shield,v1b,FALCON1024+HMAC-SHA512+AES256GCM+DKG4of7,COMPROMISED_CTRL,0,0,57,CYCLE,114,2000,0,0,20,0.990099,0.008926,0.995025,1,0.990099,0,99.21,0.99,0,0,1,0,0,0,76,1448,0.008968,1,0.4912,2,0,0,0,benign,0,0.990357,94.736842,1,0,0,0.009643,0.009643,0,0,200
EDCF-Shield,v1b,FALCON1024+HMAC-SHA512+AES256GCM+DKG4of7,COMPROMISED_CTRL,0,0,57,CUMULATIVE,114,114000,0,0,1110,0.990357,0.000021,0.995155,1,0.990357,0,99.23,0.96,0,0,1,0,0,0,76,1448,0.008968,1,0.4912,2,0,0,0,benign,0,0.990357,94.736842,1,0,0,0.009643,0.009643,0,0,200
EDCF-Shield,v1b,FALCON1024+HMAC-SHA512+AES256GCM+DKG4of7,COMPROMISED_CTRL,0,0,58,CYCLE,116,2000,0,0,20,0.990099,0.008775,0.995025,1,0.990099,0,99.21,0.99,0,0,1,0,0,0,76,1448,0.008811,1,0.4914,2,0,0,0,benign,0,0.990353,94.827586,1,0,0,0.009647,0.009647,0,0,200
EDCF-Shield,v1b,FALCON1024+HMAC-SHA512+AES256GCM+DKG4of7,COMPROMISED_CTRL,0,0,58,CUMULATIVE,116,116000,0,0,1130,0.990353,0.000021,0.995153,1,0.990353,0,99.23,0.96,0,0,1,0,0,0,76,1448,0.008811,1,0.4914,2,0,0,0,benign,0,0.990353,94.827586,1,0,0,0.009647,0.009647,0,0,200
EDCF-Shield,v1b,FALCON1024+HMAC-SHA512+AES256GCM+DKG4of7,COMPROMISED_CTRL,0,0,59,CYCLE,118,2000,0,0,20,0.990099,0.008629,0.995025,1,0.990099,0,99.21,0.99,0,0,1,0,0,0,76,1448,0.00866,1,0.4915,2,0,0,0,benign,0,0.990348,94.915254,1,0,0,0.009652,0.009652,0,0,200
EDCF-Shield,v1b,FALCON1024+HMAC-SHA512+AES256GCM+DKG4of7,COMPROMISED_CTRL,0,0,59,CUMULATIVE,118,118000,0,0,1150,0.990348,0.000021,0.995151,1,0.990348,0,99.23,0.97,0,0,1,0,0,0,76,1448,0.00866,1,0.4915,2,0,0,0,benign,0,0.990348,94.915254,1,0,0,0.009652,0.009652,0,0,200
EDCF-Shield,v1b,FALCON1024+HMAC-SHA512+AES256GCM+DKG4of7,COMPROMISED_CTRL,0,0,60,CYCLE,120,2000,0,0,20,0.990099,0.008488,0.995025,1,0.990099,0,99.21,0.99,0,0,1,0,0,0,76,1448,0.008513,1,0.4917,2,0,0,0,benign,0,0.990344,95,1,0,0,0.009656,0.009656,0,0,200
EDCF-Shield,v1b,FALCON1024+HMAC-SHA512+AES256GCM+DKG4of7,COMPROMISED_CTRL,0,0,60,CUMULATIVE,120,120000,0,0,1170,0.990344,0.00002,0.995149,1,0.990344,0,99.23,0.97,0,0,1,0,0,0,76,1448,0.008513,1,0.4917,2,0,0,0,benign,0,0.990344,95,1,0,0,0.009656,0.009656,0,0,200
EDCF-Shield,v1b,FALCON1024+HMAC-SHA512+AES256GCM+DKG4of7,COMPROMISED_CTRL,0,0,61,CYCLE,122,2000,0,0,20,0.990099,0.008351,0.995025,1,0.990099,0,99.21,0.99,0,0,1,0,0,0,76,1448,0.008372,1,0.4918,2,0,0,0,benign,0,0.99034,95.081967,1,0,0,0.00966,0.00966,0,0,200
EDCF-Shield,v1b,FALCON1024+HMAC-SHA512+AES256GCM+DKG4of7,COMPROMISED_CTRL,0,0,61,CUMULATIVE,122,122000,0,0,1190,0.99034,0.00002,0.995147,1,0.99034,0,99.23,0.97,0,0,1,0,0,0,76,1448,0.008372,1,0.4918,2,0,0,0,benign,0,0.99034,95.081967,1,0,0,0.00966,0.00966,0,0,200
EDCF-Shield,v1b,FALCON1024+HMAC-SHA512+AES256GCM+DKG4of7,COMPROMISED_CTRL,0,0,62,CYCLE,124,2000,0,0,20,0.990099,0.008219,0.995025,1,0.990099,0,99.21,0.99,0,0,1,0,0,0,76,1448,0.008235,1,0.4919,2,0,0,0,benign,0,0.990336,95.16129,1,0,0,0.009664,0.009664,0,0,200
EDCF-Shield,v1b,FALCON1024+HMAC-SHA512+AES256GCM+DKG4of7,COMPROMISED_CTRL,0,0,62,CUMULATIVE,124,124000,0,0,1210,0.990336,0.00002,0.995145,1,0.990336,0,99.23,0.97,0,0,1,0,0,0,76,1448,0.008235,1,0.4919,2,0,0,0,benign,0,0.990336,95.16129,1,0,0,0.009664,0.009664,0,0,200
EDCF-Shield,v1b,FALCON1024+HMAC-SHA512+AES256GCM+DKG4of7,COMPROMISED_CTRL,0,0,63,CYCLE,126,2000,0,0,20,0.990099,0.008091,0.995025,1,0.990099,0,99.21,0.99,0,0,1,0,0,0,76,1448,0.008102,1,0.4921,2,0,0,0,benign,0,0.990332,95.238095,1,0,0,0.009668,0.009668,0,0,200
EDCF-Shield,v1b,FALCON1024+HMAC-SHA512+AES256GCM+DKG4of7,COMPROMISED_CTRL,0,0,63,CUMULATIVE,126,126000,0,0,1230,0.990332,0.00002,0.995143,1,0.990332,0,99.23,0.97,0,0,1,0,0,0,76,1448,0.008102,1,0.4921,2,0,0,0,benign,0,0.990332,95.238095,1,0,0,0.009668,0.009668,0,0,200
EDCF-Shield,v1b,FALCON1024+HMAC-SHA512+AES256GCM+DKG4of7,COMPROMISED_CTRL,0,0,64,CYCLE,128,2000,0,0,20,0.990099,0.007967,0.995025,1,0.990099,0,99.21,0.99,0,0,1,0,0,0,76,1448,0.007974,1,0.4922,2,0,0,0,benign,0,0.990329,95.3125,1,0,0,0.009671,0.009671,0,0,200
EDCF-Shield,v1b,FALCON1024+HMAC-SHA512+AES256GCM+DKG4of7,COMPROMISED_CTRL,0,0,64,CUMULATIVE,128,128000,0,0,1250,0.990329,0.00002,0.995141,1,0.990329,0,99.23,0.97,0,0,1,0,0,0,76,1448,0.007974,1,0.4922,2,0,0,0,benign,0,0.990329,95.3125,1,0,0,0.009671,0.009671,0,0,200
EDCF-Shield,v1b,FALCON1024+HMAC-SHA512+AES256GCM+DKG4of7,COMPROMISED_CTRL,0,0,65,CYCLE,130,2000,0,0,20,0.990099,0.007847,0.995025,1,0.990099,0,99.21,0.99,0,0,1,0,0,0,76,1448,0.00785,1,0.4923,2,0,0,0,benign,0,0.990325,95.384615,1,0,0,0.009675,0.009675,0,0,200
EDCF-Shield,v1b,FALCON1024+HMAC-SHA512+AES256GCM+DKG4of7,COMPROMISED_CTRL,0,0,65,CUMULATIVE,130,130000,0,0,1270,0.990325,0.00002,0.995139,1,0.990325,0,99.23,0.97,0,0,1,0,0,0,76,1448,0.00785,1,0.4923,2,0,0,0,benign,0,0.990325,95.384615,1,0,0,0.009675,0.009675,0,0,200
EDCF-Shield,v1b,FALCON1024+HMAC-SHA512+AES256GCM+DKG4of7,COMPROMISED_CTRL,0,0,66,CYCLE,132,2000,0,0,20,0.990099,0.00773,0.995025,1,0.990099,0,99.21,0.99,0,0,1,0,0,0,76,1448,0.007729,1,0.4924,2,0,0,0,benign,0,0.990322,95.454545,1,0,0,0.009678,0.009678,0,0,200
EDCF-Shield,v1b,FALCON1024+HMAC-SHA512+AES256GCM+DKG4of7,COMPROMISED_CTRL,0,0,66,CUMULATIVE,132,132000,0,0,1290,0.990322,0.000019,0.995137,1,0.990322,0,99.23,0.97,0,0,1,0,0,0,76,1448,0.007729,1,0.4924,2,0,0,0,benign,0,0.990322,95.454545,1,0,0,0.009678,0.009678,0,0,200
EDCF-Shield,v1b,FALCON1024+HMAC-SHA512+AES256GCM+DKG4of7,COMPROMISED_CTRL,0,0,67,CYCLE,134,2000,0,0,20,0.990099,0.007617,0.995025,1,0.990099,0,99.21,0.99,0,0,1,0,0,0,76,1448,0.007612,1,0.4925,2,0,0,0,benign,0,0.990319,95.522388,1,0,0,0.009681,0.009681,0,0,200
EDCF-Shield,v1b,FALCON1024+HMAC-SHA512+AES256GCM+DKG4of7,COMPROMISED_CTRL,0,0,67,CUMULATIVE,134,134000,0,0,1310,0.990319,0.000019,0.995136,1,0.990319,0,99.23,0.97,0,0,1,0,0,0,76,1448,0.007612,1,0.4925,2,0,0,0,benign,0,0.990319,95.522388,1,0,0,0.009681,0.009681,0,0,200
EDCF-Shield,v1b,FALCON1024+HMAC-SHA512+AES256GCM+DKG4of7,COMPROMISED_CTRL,0,0,68,CYCLE,136,2000,0,0,20,0.990099,0.007507,0.995025,1,0.990099,0,99.21,0.99,0,0,1,0,0,0,76,1448,0.007499,1,0.4926,2,0,0,0,benign,0,0.990315,95.588235,1,0,0,0.009685,0.009685,0,0,200
EDCF-Shield,v1b,FALCON1024+HMAC-SHA512+AES256GCM+DKG4of7,COMPROMISED_CTRL,0,0,68,CUMULATIVE,136,136000,0,0,1330,0.990315,0.000019,0.995134,1,0.990315,0,99.23,0.97,0,0,1,0,0,0,76,1448,0.007499,1,0.4926,2,0,0,0,benign,0,0.990315,95.588235,1,0,0,0.009685,0.009685,0,0,200
EDCF-Shield,v1b,FALCON1024+HMAC-SHA512+AES256GCM+DKG4of7,COMPROMISED_CTRL,0,0,69,CYCLE,138,2000,0,0,20,0.990099,0.007401,0.995025,1,0.990099,0,99.21,0.99,0,0,1,0,0,0,76,1448,0.007389,1,0.4928,2,0,0,0,benign,0,0.990312,95.652174,1,0,0,0.009688,0.009688,0,0,200
EDCF-Shield,v1b,FALCON1024+HMAC-SHA512+AES256GCM+DKG4of7,COMPROMISED_CTRL,0,0,69,CUMULATIVE,138,138000,0,0,1350,0.990312,0.000019,0.995133,1,0.990312,0,99.22,0.97,0,0,1,0,0,0,76,1448,0.007389,1,0.4928,2,0,0,0,benign,0,0.990312,95.652174,1,0,0,0.009688,0.009688,0,0,200
EDCF-Shield,v1b,FALCON1024+HMAC-SHA512+AES256GCM+DKG4of7,COMPROMISED_CTRL,0,0,70,CYCLE,140,2000,0,0,20,0.990099,0.007297,0.995025,1,0.990099,0,99.21,0.99,0,0,1,0,0,0,76,1448,0.007282,1,0.4929,2,0,0,0,benign,0,0.990309,95.714286,1,0,0,0.009691,0.009691,0,0,200
EDCF-Shield,v1b,FALCON1024+HMAC-SHA512+AES256GCM+DKG4of7,COMPROMISED_CTRL,0,0,70,CUMULATIVE,140,140000,0,0,1370,0.990309,0.000019,0.995131,1,0.990309,0,99.22,0.97,0,0,1,0,0,0,76,1448,0.007282,1,0.4929,2,0,0,0,benign,0,0.990309,95.714286,1,0,0,0.009691,0.009691,0,0,200
EDCF-Shield,v1b,FALCON1024+HMAC-SHA512+AES256GCM+DKG4of7,COMPROMISED_CTRL,0,0,71,CYCLE,142,2000,0,0,20,0.990099,0.007197,0.995025,1,0.990099,0,99.21,0.99,0,0,1,0,0,0,76,1448,0.007179,1,0.493,2,0,0,0,benign,0,0.990306,95.774648,1,0,0,0.009694,0.009694,0,0,200
EDCF-Shield,v1b,FALCON1024+HMAC-SHA512+AES256GCM+DKG4of7,COMPROMISED_CTRL,0,0,71,CUMULATIVE,142,142000,0,0,1390,0.990306,0.000019,0.995129,1,0.990306,0,99.22,0.97,0,0,1,0,0,0,76,1448,0.007179,1,0.493,2,0,0,0,benign,0,0.990306,95.774648,1,0,0,0.009694,0.009694,0,0,200
EDCF-Shield,v1b,FALCON1024+HMAC-SHA512+AES256GCM+DKG4of7,COMPROMISED_CTRL,0,0,72,CYCLE,144,2000,0,0,20,0.990099,0.007099,0.995025,1,0.990099,0,99.21,0.99,0,0,1,0,0,0,76,1448,0.007078,1,0.4931,2,0,0,0,benign,0,0.990303,95.833333,1,0,0,0.009697,0.009697,0,0,200
EDCF-Shield,v1b,FALCON1024+HMAC-SHA512+AES256GCM+DKG4of7,COMPROMISED_CTRL,0,0,72,CUMULATIVE,144,144000,0,0,1410,0.990303,0.000019,0.995128,1,0.990303,0,99.22,0.97,0,0,1,0,0,0,76,1448,0.007078,1,0.4931,2,0,0,0,benign,0,0.990303,95.833333,1,0,0,0.009697,0.009697,0,0,200
EDCF-Shield,v1b,FALCON1024+HMAC-SHA512+AES256GCM+DKG4of7,COMPROMISED_CTRL,0,0,73,CYCLE,146,2000,0,0,20,0.990099,0.007004,0.995025,1,0.990099,0,99.21,0.99,0,0,1,0,0,0,76,1448,0.00698,1,0.4932,2,0,0,0,benign,0,0.9903,95.890411,1,0,0,0.0097,0.0097,0,0,200
EDCF-Shield,v1b,FALCON1024+HMAC-SHA512+AES256GCM+DKG4of7,COMPROMISED_CTRL,0,0,73,CUMULATIVE,146,146000,0,0,1430,0.9903,0.000018,0.995127,1,0.9903,0,99.22,0.97,0,0,1,0,0,0,76,1448,0.00698,1,0.4932,2,0,0,0,benign,0,0.9903,95.890411,1,0,0,0.0097,0.0097,0,0,200
EDCF-Shield,v1b,FALCON1024+HMAC-SHA512+AES256GCM+DKG4of7,COMPROMISED_CTRL,0,0,74,CYCLE,148,2000,0,0,20,0.990099,0.006911,0.995025,1,0.990099,0,99.21,0.99,0,0,1,0,0,0,76,1448,0.006884,1,0.4932,2,0,0,0,benign,0,0.990298,95.945946,1,0,0,0.009702,0.009702,0,0,200
EDCF-Shield,v1b,FALCON1024+HMAC-SHA512+AES256GCM+DKG4of7,COMPROMISED_CTRL,0,0,74,CUMULATIVE,148,148000,0,0,1450,0.990298,0.000018,0.995125,1,0.990298,0,99.22,0.97,0,0,1,0,0,0,76,1448,0.006884,1,0.4932,2,0,0,0,benign,0,0.990298,95.945946,1,0,0,0.009702,0.009702,0,0,200
EDCF-Shield,v1b,FALCON1024+HMAC-SHA512+AES256GCM+DKG4of7,COMPROMISED_CTRL,0,0,75,CYCLE,150,2000,0,0,20,0.990099,0.006821,0.995025,1,0.990099,0,99.21,0.99,0,0,1,0,0,0,76,1448,0.006792,1,0.4933,2,0,0,0,benign,0,0.990295,96,1,0,0,0.009705,0.009705,0,0,200
EDCF-Shield,v1b,FALCON1024+HMAC-SHA512+AES256GCM+DKG4of7,COMPROMISED_CTRL,0,0,75,CUMULATIVE,150,150000,0,0,1470,0.990295,0.000018,0.995124,1,0.990295,0,99.22,0.97,0,0,1,0,0,0,76,1448,0.006792,1,0.4933,2,0,0,0,benign,0,0.990295,96,1,0,0,0.009705,0.009705,0,0,200
EDCF-Shield,v1b,FALCON1024+HMAC-SHA512+AES256GCM+DKG4of7,COMPROMISED_CTRL,0,0,76,CYCLE,152,2000,0,0,20,0.990099,0.006734,0.995025,1,0.990099,0,99.21,0.99,0,0,1,0,0,0,76,1448,0.006701,1,0.4934,2,0,0,0,benign,0,0.990293,96.052632,1,0,0,0.009707,0.009707,0,0,200
EDCF-Shield,v1b,FALCON1024+HMAC-SHA512+AES256GCM+DKG4of7,COMPROMISED_CTRL,0,0,76,CUMULATIVE,152,152000,0,0,1490,0.990293,0.000018,0.995123,1,0.990293,0,99.22,0.97,0,0,1,0,0,0,76,1448,0.006701,1,0.4934,2,0,0,0,benign,0,0.990293,96.052632,1,0,0,0.009707,0.009707,0,0,200
EDCF-Shield,v1b,FALCON1024+HMAC-SHA512+AES256GCM+DKG4of7,COMPROMISED_CTRL,0,0,77,CYCLE,154,2000,0,0,20,0.990099,0.006648,0.995025,1,0.990099,0,99.21,0.99,0,0,1,0,0,0,76,1448,0.006613,1,0.4935,2,0,0,0,benign,0,0.99029,96.103896,1,0,0,0.00971,0.00971,0,0,200
EDCF-Shield,v1b,FALCON1024+HMAC-SHA512+AES256GCM+DKG4of7,COMPROMISED_CTRL,0,0,77,CUMULATIVE,154,154000,0,0,1510,0.99029,0.000018,0.995121,1,0.99029,0,99.22,0.97,0,0,1,0,0,0,76,1448,0.006613,1,0.4935,2,0,0,0,benign,0,0.99029,96.103896,1,0,0,0.00971,0.00971,0,0,200
EDCF-Shield,v1b,FALCON1024+HMAC-SHA512+AES256GCM+DKG4of7,COMPROMISED_CTRL,0,0,78,CYCLE,156,2000,0,0,20,0.990099,0.006565,0.995025,1,0.990099,0,99.21,0.99,0,0,1,0,0,0,76,1448,0.006528,1,0.4936,2,0,0,0,benign,0,0.990288,96.153846,1,0,0,0.009712,0.009712,0,0,200
EDCF-Shield,v1b,FALCON1024+HMAC-SHA512+AES256GCM+DKG4of7,COMPROMISED_CTRL,0,0,78,CUMULATIVE,156,156000,0,0,1530,0.990288,0.000018,0.99512,1,0.990288,0,99.22,0.97,0,0,1,0,0,0,76,1448,0.006528,1,0.4936,2,0,0,0,benign,0,0.990288,96.153846,1,0,0,0.009712,0.009712,0,0,200
EDCF-Shield,v1b,FALCON1024+HMAC-SHA512+AES256GCM+DKG4of7,COMPROMISED_CTRL,0,0,79,CYCLE,158,2000,0,0,20,0.990099,0.006484,0.995025,1,0.990099,0,99.21,0.99,0,0,1,0,0,0,76,1448,0.006444,1,0.4937,2,0,0,0,benign,0,0.990285,96.202532,1,0,0,0.009715,0.009715,0,0,200
EDCF-Shield,v1b,FALCON1024+HMAC-SHA512+AES256GCM+DKG4of7,COMPROMISED_CTRL,0,0,79,CUMULATIVE,158,158000,0,0,1550,0.990285,0.000018,0.995119,1,0.990285,0,99.22,0.97,0,0,1,0,0,0,76,1448,0.006444,1,0.4937,2,0,0,0,benign,0,0.990285,96.202532,1,0,0,0.009715,0.009715,0,0,200
EDCF-Shield,v1b,FALCON1024+HMAC-SHA512+AES256GCM+DKG4of7,COMPROMISED_CTRL,0,0,80,CYCLE,160,2000,0,0,20,0.990099,0.006405,0.995025,1,0.990099,0,99.21,0.99,0,0,1,0,0,0,76,1448,0.006363,1,0.4938,2,0,0,0,benign,0,0.990283,96.25,1,0,0,0.009717,0.009717,0,0,200
EDCF-Shield,v1b,FALCON1024+HMAC-SHA512+AES256GCM+DKG4of7,COMPROMISED_CTRL,0,0,80,CUMULATIVE,160,160000,0,0,1570,0.990283,0.000018,0.995118,1,0.990283,0,99.22,0.97,0,0,1,0,0,0,76,1448,0.006363,1,0.4938,2,0,0,0,benign,0,0.990283,96.25,1,0,0,0.009717,0.009717,0,0,200
EDCF-Shield,v1b,FALCON1024+HMAC-SHA512+AES256GCM+DKG4of7,COMPROMISED_CTRL,0,0,81,CYCLE,162,2000,0,0,20,0.990099,0.006327,0.995025,1,0.990099,0,99.21,0.99,0,0,1,0,0,0,76,1448,0.006284,1,0.4938,2,0,0,0,benign,0,0.990281,96.296296,1,0,0,0.009719,0.009719,0,0,200
EDCF-Shield,v1b,FALCON1024+HMAC-SHA512+AES256GCM+DKG4of7,COMPROMISED_CTRL,0,0,81,CUMULATIVE,162,162000,0,0,1590,0.990281,0.000017,0.995117,1,0.990281,0,99.22,0.97,0,0,1,0,0,0,76,1448,0.006284,1,0.4938,2,0,0,0,benign,0,0.990281,96.296296,1,0,0,0.009719,0.009719,0,0,200
EDCF-Shield,v1b,FALCON1024+HMAC-SHA512+AES256GCM+DKG4of7,COMPROMISED_CTRL,0,0,82,CYCLE,164,2000,0,0,20,0.990099,0.006252,0.995025,1,0.990099,0,99.21,0.99,0,0,1,0,0,0,76,1448,0.006206,1,0.4939,2,0,0,0,benign,0,0.990278,96.341463,1,0,0,0.009722,0.009722,0,0,200
EDCF-Shield,v1b,FALCON1024+HMAC-SHA512+AES256GCM+DKG4of7,COMPROMISED_CTRL,0,0,82,CUMULATIVE,164,164000,0,0,1610,0.990278,0.000017,0.995115,1,0.990278,0,99.22,0.97,0,0,1,0,0,0,76,1448,0.006206,1,0.4939,2,0,0,0,benign,0,0.990278,96.341463,1,0,0,0.009722,0.009722,0,0,200
EDCF-Shield,v1b,FALCON1024+HMAC-SHA512+AES256GCM+DKG4of7,COMPROMISED_CTRL,0,0,83,CYCLE,166,2000,0,0,20,0.990099,0.006179,0.995025,1,0.990099,0,99.21,0.99,0,0,1,0,0,0,76,1448,0.006131,1,0.494,2,0,0,0,benign,0,0.990276,96.385542,1,0,0,0.009724,0.009724,0,0,200
EDCF-Shield,v1b,FALCON1024+HMAC-SHA512+AES256GCM+DKG4of7,COMPROMISED_CTRL,0,0,83,CUMULATIVE,166,166000,0,0,1630,0.990276,0.000017,0.995114,1,0.990276,0,99.22,0.97,0,0,1,0,0,0,76,1448,0.006131,1,0.494,2,0,0,0,benign,0,0.990276,96.385542,1,0,0,0.009724,0.009724,0,0,200
EDCF-Shield,v1b,FALCON1024+HMAC-SHA512+AES256GCM+DKG4of7,COMPROMISED_CTRL,0,0,84,CYCLE,168,2000,0,0,20,0.990099,0.006107,0.995025,1,0.990099,0,99.21,0.99,0,0,1,0,0,0,76,1448,0.006057,1,0.494,2,0,0,0,benign,0,0.990274,96.428571,1,0,0,0.009726,0.009726,0,0,200
EDCF-Shield,v1b,FALCON1024+HMAC-SHA512+AES256GCM+DKG4of7,COMPROMISED_CTRL,0,0,84,CUMULATIVE,168,168000,0,0,1650,0.990274,0.000017,0.995113,1,0.990274,0,99.22,0.97,0,0,1,0,0,0,76,1448,0.006057,1,0.494,2,0,0,0,benign,0,0.990274,96.428571,1,0,0,0.009726,0.009726,0,0,200
EDCF-Shield,v1b,FALCON1024+HMAC-SHA512+AES256GCM+DKG4of7,COMPROMISED_CTRL,0,0,85,CYCLE,170,2000,0,0,20,0.990099,0.006037,0.995025,1,0.990099,0,99.21,0.99,0,0,1,0,0,0,76,1448,0.005985,1,0.4941,2,0,0,0,benign,0,0.990272,96.470588,1,0,0,0.009728,0.009728,0,0,200
EDCF-Shield,v1b,FALCON1024+HMAC-SHA512+AES256GCM+DKG4of7,COMPROMISED_CTRL,0,0,85,CUMULATIVE,170,170000,0,0,1670,0.990272,0.000017,0.995112,1,0.990272,0,99.22,0.97,0,0,1,0,0,0,76,1448,0.005985,1,0.4941,2,0,0,0,benign,0,0.990272,96.470588,1,0,0,0.009728,0.009728,0,0,200
EDCF-Shield,v1b,FALCON1024+HMAC-SHA512+AES256GCM+DKG4of7,COMPROMISED_CTRL,0,0,86,CYCLE,172,2000,0,0,20,0.990099,0.005969,0.995025,1,0.990099,0,99.21,0.99,0,0,1,0,0,0,76,1448,0.005915,1,0.4942,2,0,0,0,benign,0,0.99027,96.511628,1,0,0,0.00973,0.00973,0,0,200
EDCF-Shield,v1b,FALCON1024+HMAC-SHA512+AES256GCM+DKG4of7,COMPROMISED_CTRL,0,0,86,CUMULATIVE,172,172000,0,0,1690,0.99027,0.000017,0.995111,1,0.99027,0,99.22,0.97,0,0,1,0,0,0,76,1448,0.005915,1,0.4942,2,0,0,0,benign,0,0.99027,96.511628,1,0,0,0.00973,0.00973,0,0,200
EDCF-Shield,v1b,FALCON1024+HMAC-SHA512+AES256GCM+DKG4of7,COMPROMISED_CTRL,0,0,87,CYCLE,174,2000,0,0,20,0.990099,0.005902,0.995025,1,0.990099,0,99.21,0.99,0,0,1,0,0,0,76,1448,0.005846,1,0.4943,2,0,0,0,benign,0,0.990268,96.551724,1,0,0,0.009732,0.009732,0,0,200
EDCF-Shield,v1b,FALCON1024+HMAC-SHA512+AES256GCM+DKG4of7,COMPROMISED_CTRL,0,0,87,CUMULATIVE,174,174000,0,0,1710,0.990268,0.000017,0.99511,1,0.990268,0,99.22,0.97,0,0,1,0,0,0,76,1448,0.005846,1,0.4943,2,0,0,0,benign,0,0.990268,96.551724,1,0,0,0.009732,0.009732,0,0,200
EDCF-Shield,v1b,FALCON1024+HMAC-SHA512+AES256GCM+DKG4of7,COMPROMISED_CTRL,0,0,88,CYCLE,176,2000,0,0,20,0.990099,0.005837,0.995025,1,0.990099,0,99.21,0.99,0,0,1,0,0,0,76,1448,0.005779,1,0.4943,2,0,0,0,benign,0,0.990266,96.590909,1,0,0,0.009734,0.009734,0,0,200
EDCF-Shield,v1b,FALCON1024+HMAC-SHA512+AES256GCM+DKG4of7,COMPROMISED_CTRL,0,0,88,CUMULATIVE,176,176000,0,0,1730,0.990266,0.000017,0.995109,1,0.990266,0,99.22,0.97,0,0,1,0,0,0,76,1448,0.005779,1,0.4943,2,0,0,0,benign,0,0.990266,96.590909,1,0,0,0.009734,0.009734,0,0,200
EDCF-Shield,v1b,FALCON1024+HMAC-SHA512+AES256GCM+DKG4of7,COMPROMISED_CTRL,0,0,89,CYCLE,178,2000,0,0,20,0.990099,0.005773,0.995025,1,0.990099,0,99.21,0.99,0,0,1,0,0,0,76,1448,0.005714,1,0.4944,2,0,0,0,benign,0,0.990264,96.629213,1,0,0,0.009736,0.009736,0,0,200
EDCF-Shield,v1b,FALCON1024+HMAC-SHA512+AES256GCM+DKG4of7,COMPROMISED_CTRL,0,0,89,CUMULATIVE,178,178000,0,0,1750,0.990264,0.000017,0.995108,1,0.990264,0,99.22,0.97,0,0,1,0,0,0,76,1448,0.005714,1,0.4944,2,0,0,0,benign,0,0.990264,96.629213,1,0,0,0.009736,0.009736,0,0,200
EDCF-Shield,v1b,FALCON1024+HMAC-SHA512+AES256GCM+DKG4of7,COMPROMISED_CTRL,0,0,90,CYCLE,179.5,1200,0,0,11,0.990917,0.005711,0.995438,1,0.990917,0,99.27,0.91,0,0,1,0,0,0,76,1448,0.00565,1,0.4958,2,0,0,0,benign,0,0.990269,96.211699,1,0,0,0.009731,0.009731,0,0,200
EDCF-Shield,v1b,FALCON1024+HMAC-SHA512+AES256GCM+DKG4of7,COMPROMISED_CTRL,0,0,90,CUMULATIVE,179.5,179200,0,0,1761,0.990269,0.000017,0.995111,1,0.990269,0,99.22,0.97,0,0,1,0,0,0,76,1448,0.00565,1,0.4958,2,0,0,0,benign,0,0.990269,96.211699,1,0,0,0.009731,0.009731,0,0,200
EDCF-Shield,v1b,FALCON1024+HMAC-SHA512+AES256GCM+DKG4of7,COMPROMISED_CTRL,60,22.39,1,CYCLE,2,1400,0,0,0,1,0.5,1,1,1,0,100,0,0,0,1,0,0,0,76,1448,0,1,0,0,0,0,0,V1,0,1,-100,1,0,0,0,0,0,0,200
EDCF-Shield,v1b,FALCON1024+HMAC-SHA512+AES256GCM+DKG4of7,COMPROMISED_CTRL,60,22.39,1,CUMULATIVE,2,1400,0,0,0,1,0.5,1,1,1,0,100,0,0,0,1,0,0,0,76,1448,0,1,0,0,0,0,0,V1,0,1,-100,1,0,0,0,0,0,0,200
EDCF-Shield,v1b,FALCON1024+HMAC-SHA512+AES256GCM+DKG4of7,COMPROMISED_CTRL,60,22.39,2,CYCLE,4,1400,210,0,10,0.993827,0.736769,0.996441,1,0.992908,95.45,89.14,13.58,0.488372,0.512195,1,3,0,0,76,1448,0.5,1,0.25,2,3,0,0,V1,1,0.927152,1000,1,0,0,0.072848,0.072848,0,0,200
EDCF-Shield,v1b,FALCON1024+HMAC-SHA512+AES256GCM+DKG4of7,COMPROMISED_CTRL,60,22.39,2,CUMULATIVE,4,2800,210,0,10,0.996689,0.975268,0.998217,1,0.996441,95.45,94.17,7.28,0.488372,0.512195,1,3,0,0,76,1448,0.5,1,0.25,2,3,0,0,V1,1,0.927152,1000,1,0,0,0.072848,0.072848,0,0,200
EDCF-Shield,v1b,FALCON1024+HMAC-SHA512+AES256GCM+DKG4of7,COMPROMISED_CTRL,60,22.39,3,CYCLE,6,1400,610,0,20,0.990148,0.816861,0.992908,1,0.985915,96.83,75.17,31.03,0.491018,0.5,1,3,0,0,76,1448,0.737634,1,0.3333,2,3,0,0,V1,1,0.831683,2733.333333,1,0,0,0.168317,0.168317,0,0,200
EDCF-Shield,v1b,FALCON1024+HMAC-SHA512+AES256GCM+DKG4of7,COMPROMISED_CTRL,60,22.39,3,CUMULATIVE,6,4200,820,0,30,0.994059,0.978705,0.996441,1,0.992908,96.47,86.53,16.83,0.491018,0.5,1,3,0,0,76,1448,0.737634,1,0.3333,2,3,0,0,V1,1,0.831683,2733.333333,1,0,0,0.168317,0.168317,0,0,200
EDCF-Shield,v1b,FALCON1024+HMAC-SHA512+AES256GCM+DKG4of7,COMPROMISED_CTRL,60,22.39,4,CYCLE,8,1400,1010,0,20,0.99177,0.858457,0.992908,1,0.985915,98.06,66.09,42.39,0.493261,0.498638,1,3,0,0,76,1448,0,1,0.375,2,3,0,0,V1,1,0.748663,4600,1,0,0,0.251337,0.251337,0,0,200
EDCF-Shield,v1b,FALCON1024+HMAC-SHA512+AES256GCM+DKG4of7,COMPROMISED_CTRL,60,22.39,4,CUMULATIVE,8,5600,1830,0,50,0.993316,0.982237,0.995556,1,0.99115,97.34,79.89,25.13,0.493261,0.498638,1,3,0,0,76,1448,0,1,0.375,2,3,0,0,V1,1,0.748663,4600,1,0,0,0.251337,0.251337,0,0,200
EDCF-Shield,v1b,FALCON1024+HMAC-SHA512+AES256GCM+DKG4of7,COMPROMISED_CTRL,60,22.39,5,CYCLE,10,1400,1200,0,20,0.992366,0.883718,0.992908,1,0.985915,98.36,62.75,46.56,0.49429,0.498355,1,3,0,0,76,1448,0.982237,1,0.4,2,3,0,0,V1,1,0.693069,6100,1,0,0,0.306931,1.306931,0,0,200
EDCF-Shield,v1b,FALCON1024+HMAC-SHA512+AES256GCM+DKG4of7,COMPROMISED_CTRL,60,22.39,5,CUMULATIVE,10,7000,3030,0,70,0.993069,0.983739,0.995025,1,0.990099,97.74,75.45,30.69,0.49429,0.498355,1,3,0,0,76,1448,0.982237,1,0.4,2,3,0,0,V1,1,0.693069,6100,1,0,0,0.306931,1.306931,0,0,200
EDCF-Shield,v1b,FALCON1024+HMAC-SHA512+AES256GCM+DKG4of7,COMPROMISED_CTRL,60,22.39,6,CYCLE,12,1400,1200,0,20,0.992366,0.900558,0.992908,1,0.985915,98.36,62.75,46.56,0.494737,0.498233,1,3,0,0,76,1448,0.982988,1,0.4167,2,3,0,0,V1,1,0.660377,7100,1,0,0,0.339623,1.339623,0,0,200
EDCF-Shield,v1b,FALCON1024+HMAC-SHA512+AES256GCM+DKG4of7,COMPROMISED_CTRL,60,22.39,6,CUMULATIVE,12,8400,4230,0,90,0.992925,0.98427,0.994671,1,0.989399,97.92,72.83,33.96,0.494737,0.498233,1,3,0,0,76,1448,0.982988,1,0.4167,2,3,0,0,V1,1,0.660377,7100,1,0,0,0.339623,1.339623,0,0,200
EDCF-Shield,v1b,FALCON1024+HMAC-SHA512+AES256GCM+DKG4of7,COMPROMISED_CTRL,60,22.39,7,CYCLE,14,1400,1200,0,20,0.992366,0.912587,0.992908,1,0.985915,98.36,62.75,46.56,0.494986,0.498165,1,3,0,0,76,1448,0.983415,1,0.4286,2,3,0,0,V1,1,0.638853,7814.285714,1,0,0,0.361147,1.361147,0,0,200
EDCF-Shield,v1b,FALCON1024+HMAC-SHA512+AES256GCM+DKG4of7,COMPROMISED_CTRL,60,22.39,7,CUMULATIVE,14,9800,5430,0,110,0.992829,0.984513,0.994419,1,0.9889,98.01,71.11,36.11,0.494986,0.498165,1,3,0,0,76,1448,0.983415,1,0.4286,2,3,0,0,V1,1,0.638853,7814.285714,1,0,0,0.361147,1.361147,0,0,200
EDCF-Shield,v1b,FALCON1024+HMAC-SHA512+AES256GCM+DKG4of7,COMPROMISED_CTRL,60,22.39,8,CYCLE,16,1400,1200,0,20,0.992366,0.921609,0.992908,1,0.985915,98.36,62.75,46.56,0.495146,0.498122,1,3,0,0,76,1448,0.98369,1,0.4375,2,3,0,0,V1,1,0.623608,8350,1,0,0,0.376392,1.376392,0,0,200
EDCF-Shield,v1b,FALCON1024+HMAC-SHA512+AES256GCM+DKG4of7,COMPROMISED_CTRL,60,22.39,8,CUMULATIVE,16,11200,6630,0,130,0.992762,0.98464,0.99423,1,0.988526,98.08,69.89,37.64,0.495146,0.498122,1,3,0,0,76,1448,0.98369,1,0.4375,2,3,0,0,V1,1,0.623608,8350,1,0,0,0.376392,1.376392,0,0,200
EDCF-Shield,v1b,FALCON1024+HMAC-SHA512+AES256GCM+DKG4of7,COMPROMISED_CTRL,60,22.39,9,CYCLE,18,1400,1200,0,20,0.992366,0.928626,0.992908,1,0.985915,98.36,62.75,46.56,0.495256,0.498092,1,3,0,0,76,1448,0.98388,1,0.4444,2,3,0,0,V1,1,0.612245,8766.666667,1,0,0,0.387755,1.387755,0,0,200
EDCF-Shield,v1b,FALCON1024+HMAC-SHA512+AES256GCM+DKG4of7,COMPROMISED_CTRL,60,22.39,9,CUMULATIVE,18,12600,7830,0,150,0.992711,0.984713,0.994083,1,0.988235,98.12,68.98,38.78,0.495256,0.498092,1,3,0,0,76,1448,0.98388,1,0.4444,2,3,0,0,V1,1,0.612245,8766.666667,1,0,0,0.387755,1.387755,0,0,200
EDCF-Shield,v1b,FALCON1024+HMAC-SHA512+AES256GCM+DKG4of7,COMPROMISED_CTRL,60,22.39,10,CYCLE,20,1400,1200,0,20,0.992366,0.934239,0.992908,1,0.985915,98.36,62.75,46.56,0.495337,0.498069,1,3,0,0,76,1448,0.984019,1,0.45,2,3,0,0,V1,1,0.603448,9100,1,0,0,0.396552,1.396552,0,0,200
EDCF-Shield,v1b,FALCON1024+HMAC-SHA512+AES256GCM+DKG4of7,COMPROMISED_CTRL,60,22.39,10,CUMULATIVE,20,14000,9030,0,170,0.992672,0.984757,0.993965,1,0.988003,98.15,68.28,39.66,0.495337,0.498069,1,3,0,0,76,1448,0.984019,1,0.45,2,3,0,0,V1,1,0.603448,9100,1,0,0,0.396552,1.396552,0,0,200
EDCF-Shield,v1b,FALCON1024+HMAC-SHA512+AES256GCM+DKG4of7,COMPROMISED_CTRL,60,22.39,11,CYCLE,22,1400,1200,0,20,0.992366,0.938832,0.992908,1,0.985915,98.36,62.75,46.56,0.4954,0.498053,1,3,0,0,76,1448,0,1,0.4545,2,3,0,0,V1,1,0.596437,9372.727273,1,0,0,0.403563,1.403563,0,0,200
EDCF-Shield,v1b,FALCON1024+HMAC-SHA512+AES256GCM+DKG4of7,COMPROMISED_CTRL,60,22.39,11,CUMULATIVE,22,15400,10230,0,190,0.992641,0.984785,0.993869,1,0.987813,98.18,67.71,40.36,0.4954,0.498053,1,3,0,0,76,1448,0,1,0.4545,2,3,0,0,V1,1,0.596437,9372.727273,1,0,0,0.403563,1.403563,0,0,200
EDCF-Shield,v1b,FALCON1024+HMAC-SHA512+AES256GCM+DKG4of7,COMPROMISED_CTRL,60,22.39,12,CYCLE,24,1400,1200,0,20,0.992366,0.942659,0.992908,1,0.985915,98.36,62.75,46.56,0.495449,0.498039,1,3,0,0,76,1448,0.984785,1,0.4583,2,3,0,0,V1,1,0.590717,9600,1,0,0,0.409283,1.409283,0,0,200
EDCF-Shield,v1b,FALCON1024+HMAC-SHA512+AES256GCM+DKG4of7,COMPROMISED_CTRL,60,22.39,12,CUMULATIVE,24,16800,11430,0,210,0.992616,0.984802,0.993789,1,0.987654,98.2,67.26,40.93,0.495449,0.498039,1,3,0,0,76,1448,0.984785,1,0.4583,2,3,0,0,V1,1,0.590717,9600,1,0,0,0.409283,1.409283,0,0,200
EDCF-Shield,v1b,FALCON1024+HMAC-SHA512+AES256GCM+DKG4of7,COMPROMISED_CTRL,60,22.39,13,CYCLE,26,1400,1200,0,20,0.992366,0.945898,0.992908,1,0.985915,98.36,62.75,46.56,0.495488,0.498028,1,3,0,0,76,1448,0.984794,1,0.4615,2,3,0,0,V1,1,0.585963,9792.307692,1,0,0,0.414037,1.414037,0,0,200
EDCF-Shield,v1b,FALCON1024+HMAC-SHA512+AES256GCM+DKG4of7,COMPROMISED_CTRL,60,22.39,13,CUMULATIVE,26,18200,12630,0,230,0.992595,0.984814,0.993721,1,0.98752,98.21,66.88,41.4,0.495488,0.498028,1,3,0,0,76,1448,0.984794,1,0.4615,2,3,0,0,V1,1,0.585963,9792.307692,1,0,0,0.414037,1.414037,0,0,200
EDCF-Shield,v1b,FALCON1024+HMAC-SHA512+AES256GCM+DKG4of7,COMPROMISED_CTRL,60,22.39,14,CYCLE,28,1400,1200,0,20,0.992366,0.948674,0.992908,1,0.985915,98.36,62.75,46.56,0.495521,0.498019,1,3,0,0,76,1448,0.9848,1,0.4643,2,3,0,0,V1,1,0.581948,9957.142857,1,0,0,0.418052,1.418052,0,0,200
EDCF-Shield,v1b,FALCON1024+HMAC-SHA512+AES256GCM+DKG4of7,COMPROMISED_CTRL,60,22.39,14,CUMULATIVE,28,19600,13830,0,250,0.992577,0.984822,0.993663,1,0.987406,98.22,66.56,41.81,0.495521,0.498019,1,3,0,0,76,1448,0.9848,1,0.4643,2,3,0,0,V1,1,0.581948,9957.142857,1,0,0,0.418052,1.418052,0,0,200
EDCF-Shield,v1b,FALCON1024+HMAC-SHA512+AES256GCM+DKG4of7,COMPROMISED_CTRL,60,22.39,15,CYCLE,30,1400,1200,0,20,0.992366,0.951079,0.992908,1,0.985915,98.36,62.75,46.56,0.495549,0.498012,1,3,0,0,76,1448,0.984806,1,0.4667,2,3,0,0,V1,1,0.578512,10100,1,0,0,0.421488,1.421488,0,0,200
EDCF-Shield,v1b,FALCON1024+HMAC-SHA512+AES256GCM+DKG4of7,COMPROMISED_CTRL,60,22.39,15,CUMULATIVE,30,21000,15030,0,270,0.992562,0.984826,0.993612,1,0.987306,98.24,66.28,42.15,0.495549,0.498012,1,3,0,0,76,1448,0.984806,1,0.4667,2,3,0,0,V1,1,0.578512,10100,1,0,0,0.421488,1.421488,0,0,200
EDCF-Shield,v1b,FALCON1024+HMAC-SHA512+AES256GCM+DKG4of7,COMPROMISED_CTRL,60,22.39,16,CYCLE,32,1400,1200,0,20,0.992366,0.953185,0.992908,1,0.985915,98.36,62.75,46.56,0.495573,0.498006,1,3,0,0,76,1448,0.98481,1,0.4688,2,3,0,0,V1,1,0.57554,10225,1,0,0,0.42446,1.42446,0,0,200
EDCF-Shield,v1b,FALCON1024+HMAC-SHA512+AES256GCM+DKG4of7,COMPROMISED_CTRL,60,22.39,16,CUMULATIVE,32,22400,16230,0,290,0.992549,0.984829,0.993568,1,0.987219,98.24,66.04,42.45,0.495573,0.498006,1,3,0,0,76,1448,0.98481,1,0.4688,2,3,0,0,V1,1,0.57554,10225,1,0,0,0.42446,1.42446,0,0,200
EDCF-Shield,v1b,FALCON1024+HMAC-SHA512+AES256GCM+DKG4of7,COMPROMISED_CTRL,60,22.39,17,CYCLE,34,1400,1200,0,20,0.992366,0.955042,0.992908,1,0.985915,98.36,62.75,46.56,0.495593,0.498,1,3,0,0,76,1448,0.984813,1,0.4706,2,3,0,0,V1,1,0.572942,10335.29412,1,0,0,0.427058,1.427058,0,0,200
EDCF-Shield,v1b,FALCON1024+HMAC-SHA512+AES256GCM+DKG4of7,COMPROMISED_CTRL,60,22.39,17,CUMULATIVE,34,23800,17430,0,310,0.992537,0.984831,0.99353,1,0.987142,98.25,65.84,42.71,0.495593,0.498,1,3,0,0,76,1448,0.984813,1,0.4706,2,3,0,0,V1,1,0.572942,10335.29412,1,0,0,0.427058,1.427058,0,0,200
EDCF-Shield,v1b,FALCON1024+HMAC-SHA512+AES256GCM+DKG4of7,COMPROMISED_CTRL,60,22.39,18,CYCLE,36,1400,1200,0,20,0.992366,0.956693,0.992908,1,0.985915,98.36,62.75,46.56,0.495611,0.497995,1,3,0,0,76,1448,0.984816,1,0.4722,2,3,0,0,V1,1,0.570652,10433.33333,1,0,0,0.429348,1.429348,0,0,200
EDCF-Shield,v1b,FALCON1024+HMAC-SHA512+AES256GCM+DKG4of7,COMPROMISED_CTRL,60,22.39,18,CUMULATIVE,36,25200,18630,0,330,0.992527,0.984832,0.993495,1,0.987074,98.26,65.65,42.93,0.495611,0.497995,1,3,0,0,76,1448,0.984816,1,0.4722,2,3,0,0,V1,1,0.570652,10433.33333,1,0,0,0.429348,1.429348,0,0,200
EDCF-Shield,v1b,FALCON1024+HMAC-SHA512+AES256GCM+DKG4of7,COMPROMISED_CTRL,60,22.39,19,CYCLE,38,1400,1200,0,20,0.992366,0.95817,0.992908,1,0.985915,98.36,62.75,46.56,0.495626,0.497991,1,3,0,0,76,1448,0.984818,1,0.4737,2,3,0,0,V1,1,0.568619,10521.05263,1,0,0,0.431381,1.431381,0,0,200
EDCF-Shield,v1b,FALCON1024+HMAC-SHA512+AES256GCM+DKG4of7,COMPROMISED_CTRL,60,22.39,19,CUMULATIVE,38,26600,19830,0,350,0.992518,0.984832,0.993464,1,0.987013,98.27,65.49,43.14,0.495626,0.497991,1,3,0,0,76,1448,0.984818,1,0.4737,2,3,0,0,V1,1,0.568619,10521.05263,1,0,0,0.431381,1.431381,0,0,200
EDCF-Shield,v1b,FALCON1024+HMAC-SHA512+AES256GCM+DKG4of7,COMPROMISED_CTRL,60,22.39,20,CYCLE,40,1400,1200,0,20,0.992366,0.9595,0.992908,1,0.985915,98.36,62.75,46.56,0.49564,0.497987,1,3,0,0,76,1448,0.984819,1,0.475,2,3,0,0,V1,1,0.566802,10600,1,0,0,0.433198,1.433198,0,0,200
EDCF-Shield,v1b,FALCON1024+HMAC-SHA512+AES256GCM+DKG4of7,COMPROMISED_CTRL,60,22.39,20,CUMULATIVE,40,28000,21030,0,370,0.99251,0.984832,0.993436,1,0.986958,98.27,65.34,43.32,0.49564,0.497987,1,3,0,0,76,1448,0.984819,1,0.475,2,3,0,0,V1,1,0.566802,10600,1,0,0,0.433198,1.433198,0,0,200
EDCF-Shield,v1b,FALCON1024+HMAC-SHA512+AES256GCM+DKG4of7,COMPROMISED_CTRL,60,22.39,21,CYCLE,42,1400,1200,0,20,0.992366,0.960703,0.992908,1,0.985915,98.36,62.75,46.56,0.495652,0.497984,1,3,0,0,76,1448,0.984821,1,0.4762,2,3,0,0,V1,1,0.565167,10671.42857,1,0,0,0.434833,1.434833,0,0,200
EDCF-Shield,v1b,FALCON1024+HMAC-SHA512+AES256GCM+DKG4of7,COMPROMISED_CTRL,60,22.39,21,CUMULATIVE,42,29400,22230,0,390,0.992503,0.984831,0.993411,1,0.986908,98.28,65.21,43.48,0.495652,0.497984,1,3,0,0,76,1448,0.984821,1,0.4762,2,3,0,0,V1,1,0.565167,10671.42857,1,0,0,0.434833,1.434833,0,0,200
EDCF-Shield,v1b,FALCON1024+HMAC-SHA512+AES256GCM+DKG4of7,COMPROMISED_CTRL,60,22.39,22,CYCLE,44,1400,1200,0,20,0.992366,0.961796,0.992908,1,0.985915,98.36,62.75,46.56,0.495663,0.497981,1,3,0,0,76,1448,0.984822,1,0.4773,2,3,0,0,V1,1,0.56369,10736.36364,1,0,0,0.43631,1.43631,0,0,200
EDCF-Shield,v1b,FALCON1024+HMAC-SHA512+AES256GCM+DKG4of7,COMPROMISED_CTRL,60,22.39,22,CUMULATIVE,44,30800,23430,0,410,0.992496,0.984831,0.993388,1,0.986863,98.28,65.1,43.63,0.495663,0.497981,1,3,0,0,76,1448,0.984822,1,0.4773,2,3,0,0,V1,1,0.56369,10736.36364,1,0,0,0.43631,1.43631,0,0,200
EDCF-Shield,v1b,FALCON1024+HMAC-SHA512+AES256GCM+DKG4of7,COMPROMISED_CTRL,60,22.39,23,CYCLE,46,1400,1200,0,20,0.992366,0.962795,0.992908,1,0.985915,98.36,62.75,46.56,0.495673,0.497978,1,3,0,0,76,1448,0.984822,1,0.4783,2,3,0,0,V1,1,0.562347,10795.65217,1,0,0,0.437653,1.437653,0,0,200
EDCF-Shield,v1b,FALCON1024+HMAC-SHA512+AES256GCM+DKG4of7,COMPROMISED_CTRL,60,22.39,23,CUMULATIVE,46,32200,24630,0,430,0.99249,0.98483,0.993367,1,0.986822,98.28,64.99,43.77,0.495673,0.497978,1,3,0,0,76,1448,0.984822,1,0.4783,2,3,0,0,V1,1,0.562347,10795.65217,1,0,0,0.437653,1.437653,0,0,200
EDCF-Shield,v1b,FALCON1024+HMAC-SHA512+AES256GCM+DKG4of7,COMPROMISED_CTRL,60,22.39,24,CYCLE,48,1400,1200,0,20,0.992366,0.96371,0.992908,1,0.985915,98.36,62.75,46.56,0.495682,0.497976,1,3,0,0,76,1448,0.984823,1,0.4792,2,3,0,0,V1,1,0.561122,10850,1,0,0,0.438878,1.438878,0,0,200
EDCF-Shield,v1b,FALCON1024+HMAC-SHA512+AES256GCM+DKG4of7,COMPROMISED_CTRL,60,22.39,24,CUMULATIVE,48,33600,25830,0,450,0.992485,0.984828,0.993348,1,0.986784,98.29,64.89,43.89,0.495682,0.497976,1,3,0,0,76,1448,0.984823,1,0.4792,2,3,0,0,V1,1,0.561122,10850,1,0,0,0.438878,1.438878,0,0,200
EDCF-Shield,v1b,FALCON1024+HMAC-SHA512+AES256GCM+DKG4of7,COMPROMISED_CTRL,60,22.39,25,CYCLE,50,1400,1200,0,20,0.992366,0.964552,0.992908,1,0.985915,98.36,62.75,46.56,0.49569,0.497973,1,3,0,0,76,1448,0.984823,1,0.48,2,3,0,0,V1,1,0.56,10900,1,0,0,0.44,1.44,0,0,200
EDCF-Shield,v1b,FALCON1024+HMAC-SHA512+AES256GCM+DKG4of7,COMPROMISED_CTRL,60,22.39,25,CUMULATIVE,50,35000,27030,0,470,0.99248,0.984827,0.99333,1,0.986749,98.29,64.8,44,0.49569,0.497973,1,3,0,0,76,1448,0.984823,1,0.48,2,3,0,0,V1,1,0.56,10900,1,0,0,0.44,1.44,0,0,200
EDCF-Shield,v1b,FALCON1024+HMAC-SHA512+AES256GCM+DKG4of7,COMPROMISED_CTRL,60,22.39,26,CYCLE,52,1400,1200,0,20,0.992366,0.965329,0.992908,1,0.985915,98.36,62.75,46.56,0.495698,0.497971,1,3,0,0,76,1448,0.984824,1,0.4808,2,3,0,0,V1,1,0.558968,10946.15385,1,0,0,0.441032,1.441032,0,0,200
EDCF-Shield,v1b,FALCON1024+HMAC-SHA512+AES256GCM+DKG4of7,COMPROMISED_CTRL,60,22.39,26,CUMULATIVE,52,36400,28230,0,490,0.992475,0.984826,0.993314,1,0.986717,98.29,64.72,44.1,0.495698,0.497971,1,3,0,0,76,1448,0.984824,1,0.4808,2,3,0,0,V1,1,0.558968,10946.15385,1,0,0,0.441032,1.441032,0,0,200
EDCF-Shield,v1b,FALCON1024+HMAC-SHA512+AES256GCM+DKG4of7,COMPROMISED_CTRL,60,22.39,27,CYCLE,54,1400,1200,0,20,0.992366,0.966049,0.992908,1,0.985915,98.36,62.75,46.56,0.495705,0.49797,1,3,0,0,76,1448,0.984824,1,0.4815,2,3,0,0,V1,1,0.558016,10988.88889,1,0,0,0.441984,1.441984,0,0,200
EDCF-Shield,v1b,FALCON1024+HMAC-SHA512+AES256GCM+DKG4of7,COMPROMISED_CTRL,60,22.39,27,CUMULATIVE,54,37800,29430,0,510,0.992471,0.984825,0.993299,1,0.986688,98.3,64.64,44.2,0.495705,0.49797,1,3,0,0,76,1448,0.984824,1,0.4815,2,3,0,0,V1,1,0.558016,10988.88889,1,0,0,0.441984,1.441984,0,0,200
EDCF-Shield,v1b,FALCON1024+HMAC-SHA512+AES256GCM+DKG4of7,COMPROMISED_CTRL,60,22.39,28,CYCLE,56,1400,1200,0,20,0.992366,0.966717,0.992908,1,0.985915,98.36,62.75,46.56,0.495711,0.497968,1,3,0,0,76,1448,0.984824,1,0.4821,2,3,0,0,V1,1,0.557135,11028.57143,1,0,0,0.442865,1.442865,0,0,200
EDCF-Shield,v1b,FALCON1024+HMAC-SHA512+AES256GCM+DKG4of7,COMPROMISED_CTRL,60,22.39,28,CUMULATIVE,56,39200,30630,0,530,0.992467,0.984824,0.993285,1,0.98666,98.3,64.57,44.29,0.495711,0.497968,1,3,0,0,76,1448,0.984824,1,0.4821,2,3,0,0,V1,1,0.557135,11028.57143,1,0,0,0.442865,1.442865,0,0,200
EDCF-Shield,v1b,FALCON1024+HMAC-SHA512+AES256GCM+DKG4of7,COMPROMISED_CTRL,60,22.39,29,CYCLE,58,1400,1200,0,20,0.992366,0.967339,0.992908,1,0.985915,98.36,62.75,46.56,0.495717,0.497966,1,3,0,0,76,1448,0.984824,1,0.4828,2,3,0,0,V1,1,0.556317,11065.51724,1,0,0,0.443683,1.443683,0,0,200
EDCF-Shield,v1b,FALCON1024+HMAC-SHA512+AES256GCM+DKG4of7,COMPROMISED_CTRL,60,22.39,29,CUMULATIVE,58,40600,31830,0,550,0.992464,0.984823,0.993272,1,0.986634,98.3,64.51,44.37,0.495717,0.497966,1,3,0,0,76,1448,0.984824,1,0.4828,2,3,0,0,V1,1,0.556317,11065.51724,1,0,0,0.443683,1.443683,0,0,200
EDCF-Shield,v1b,FALCON1024+HMAC-SHA512+AES256GCM+DKG4of7,COMPROMISED_CTRL,60,22.39,30,CYCLE,60,1400,1200,0,20,0.992366,0.96792,0.992908,1,0.985915,98.36,62.75,46.56,0.495723,0.497965,1,3,0,0,76,1448,0.984824,1,0.4833,2,3,0,0,V1,1,0.555556,11100,1,0,0,0.444444,1.444444,0,0,200
EDCF-Shield,v1b,FALCON1024+HMAC-SHA512+AES256GCM+DKG4of7,COMPROMISED_CTRL,60,22.39,30,CUMULATIVE,60,42000,33030,0,570,0.99246,0.984821,0.99326,1,0.98661,98.3,64.44,44.44,0.495723,0.497965,1,3,0,0,76,1448,0.984824,1,0.4833,2,3,0,0,V1,1,0.555556,11100,1,0,0,0.444444,1.444444,0,0,200
EDCF-Shield,v1b,FALCON1024+HMAC-SHA512+AES256GCM+DKG4of7,COMPROMISED_CTRL,60,22.39,31,CYCLE,62,1400,1200,0,20,0.992366,0.968463,0.992908,1,0.985915,98.36,62.75,46.56,0.495728,0.497963,1,3,0,0,76,1448,0.984824,1,0.4839,2,3,0,0,V1,1,0.554845,11132.25807,1,0,0,0.445155,1.445155,0,0,200
EDCF-Shield,v1b,FALCON1024+HMAC-SHA512+AES256GCM+DKG4of7,COMPROMISED_CTRL,60,22.39,31,CUMULATIVE,62,43400,34230,0,590,0.992457,0.98482,0.993249,1,0.986588,98.31,64.39,44.52,0.495728,0.497963,1,3,0,0,76,1448,0.984824,1,0.4839,2,3,0,0,V1,1,0.554845,11132.25807,1,0,0,0.445155,1.445155,0,0,200
EDCF-Shield,v1b,FALCON1024+HMAC-SHA512+AES256GCM+DKG4of7,COMPROMISED_CTRL,60,22.39,32,CYCLE,64,1400,1200,0,20,0.992366,0.968972,0.992908,1,0.985915,98.36,62.75,46.56,0.495732,0.497962,1,3,0,0,76,1448,0.984823,1,0.4844,2,3,0,0,V1,1,0.554181,11162.5,1,0,0,0.445819,1.445819,0,0,200
EDCF-Shield,v1b,FALCON1024+HMAC-SHA512+AES256GCM+DKG4of7,COMPROMISED_CTRL,60,22.39,32,CUMULATIVE,64,44800,35430,0,610,0.992454,0.984819,0.993238,1,0.986567,98.31,64.33,44.58,0.495732,0.497962,1,3,0,0,76,1448,0.984823,1,0.4844,2,3,0,0,V1,1,0.554181,11162.5,1,0,0,0.445819,1.445819,0,0,200
EDCF-Shield,v1b,FALCON1024+HMAC-SHA512+AES256GCM+DKG4of7,COMPROMISED_CTRL,60,22.39,33,CYCLE,66,1400,1200,0,20,0.992366,0.969451,0.992908,1,0.985915,98.36,62.75,46.56,0.495737,0.497961,1,3,0,0,76,1448,0.984823,1,0.4848,2,3,0,0,V1,1,0.553559,11190.90909,1,0,0,0.446441,1.446441,0,0,200
EDCF-Shield,v1b,FALCON1024+HMAC-SHA512+AES256GCM+DKG4of7,COMPROMISED_CTRL,60,22.39,33,CUMULATIVE,66,46200,36630,0,630,0.992451,0.984818,0.993228,1,0.986547,98.31,64.28,44.64,0.495737,0.497961,1,3,0,0,76,1448,0.984823,1,0.4848,2,3,0,0,V1,1,0.553559,11190.90909,1,0,0,0.446441,1.446441,0,0,200
EDCF-Shield,v1b,FALCON1024+HMAC-SHA512+AES256GCM+DKG4of7,COMPROMISED_CTRL,60,22.39,34,CYCLE,68,1400,1200,0,20,0.992366,0.969901,0.992908,1,0.985915,98.36,62.75,46.56,0.495741,0.49796,1,3,0,0,76,1448,0.984823,1,0.4853,2,3,0,0,V1,1,0.552974,11217.64706,1,0,0,0.447026,1.447026,0,0,200
EDCF-Shield,v1b,FALCON1024+HMAC-SHA512+AES256GCM+DKG4of7,COMPROMISED_CTRL,60,22.39,34,CUMULATIVE,68,47600,37830,0,650,0.992449,0.984817,0.993219,1,0.986528,98.31,64.24,44.7,0.495741,0.49796,1,3,0,0,76,1448,0.984823,1,0.4853,2,3,0,0,V1,1,0.552974,11217.64706,1,0,0,0.447026,1.447026,0,0,200
EDCF-Shield,v1b,FALCON1024+HMAC-SHA512+AES256GCM+DKG4of7,COMPROMISED_CTRL,60,22.39,35,CYCLE,70,1400,1200,0,20,0.992366,0.970326,0.992908,1,0.985915,98.36,62.75,46.56,0.495745,0.497959,1,3,0,0,76,1448,0.984823,1,0.4857,2,3,0,0,V1,1,0.552424,11242.85714,1,0,0,0.447576,1.447576,0,0,200
EDCF-Shield,v1b,FALCON1024+HMAC-SHA512+AES256GCM+DKG4of7,COMPROMISED_CTRL,60,22.39,35,CUMULATIVE,70,49000,39030,0,670,0.992446,0.984816,0.99321,1,0.986511,98.31,64.19,44.76,0.495745,0.497959,1,3,0,0,76,1448,0.984823,1,0.4857,2,3,0,0,V1,1,0.552424,11242.85714,1,0,0,0.447576,1.447576,0,0,200
EDCF-Shield,v1b,FALCON1024+HMAC-SHA512+AES256GCM+DKG4of7,COMPROMISED_CTRL,60,22.39,36,CYCLE,72,1400,1200,0,20,0.992366,0.970727,0.992908,1,0.985915,98.36,62.75,46.56,0.495749,0.497958,1,3,0,0,76,1448,0.984822,1,0.4861,2,3,0,0,V1,1,0.551905,11266.66667,1,0,0,0.448095,1.448095,0,0,200
EDCF-Shield,v1b,FALCON1024+HMAC-SHA512+AES256GCM+DKG4of7,COMPROMISED_CTRL,60,22.39,36,CUMULATIVE,72,50400,40230,0,690,0.992444,0.984815,0.993201,1,0.986494,98.31,64.15,44.81,0.495749,0.497958,1,3,0,0,76,1448,0.984822,1,0.4861,2,3,0,0,V1,1,0.551905,11266.66667,1,0,0,0.448095,1.448095,0,0,200
EDCF-Shield,v1b,FALCON1024+HMAC-SHA512+AES256GCM+DKG4of7,COMPROMISED_CTRL,60,22.39,37,CYCLE,74,1400,1200,0,20,0.992366,0.971106,0.992908,1,0.985915,98.36,62.75,46.56,0.495752,0.497957,1,3,0,0,76,1448,0.984822,1,0.4865,2,3,0,0,V1,1,0.551416,11289.18919,1,0,0,0.448584,1.448584,0,0,200
EDCF-Shield,v1b,FALCON1024+HMAC-SHA512+AES256GCM+DKG4of7,COMPROMISED_CTRL,60,22.39,37,CUMULATIVE,74,51800,41430,0,710,0.992442,0.984814,0.993193,1,0.986479,98.32,64.11,44.86,0.495752,0.497957,1,3,0,0,76,1448,0.984822,1,0.4865,2,3,0,0,V1,1,0.551416,11289.18919,1,0,0,0.448584,1.448584,0,0,200
EDCF-Shield,v1b,FALCON1024+HMAC-SHA512+AES256GCM+DKG4of7,COMPROMISED_CTRL,60,22.39,38,CYCLE,76,1400,1200,0,20,0.992366,0.971465,0.992908,1,0.985915,98.36,62.75,46.56,0.495755,0.497956,1,3,0,0,76,1448,0.984822,1,0.4868,2,3,0,0,V1,1,0.550953,11310.52632,1,0,0,0.449047,1.449047,0,0,200
EDCF-Shield,v1b,FALCON1024+HMAC-SHA512+AES256GCM+DKG4of7,COMPROMISED_CTRL,60,22.39,38,CUMULATIVE,76,53200,42630,0,730,0.99244,0.984813,0.993186,1,0.986464,98.32,64.08,44.9,0.495755,0.497956,1,3,0,0,76,1448,0.984822,1,0.4868,2,3,0,0,V1,1,0.550953,11310.52632,1,0,0,0.449047,1.449047,0,0,200
EDCF-Shield,v1b,FALCON1024+HMAC-SHA512+AES256GCM+DKG4of7,COMPROMISED_CTRL,60,22.39,39,CYCLE,78,1400,1200,0,20,0.992366,0.971806,0.992908,1,0.985915,98.36,62.75,46.56,0.495758,0.497955,1,3,0,0,76,1448,0.984822,1,0.4872,2,3,0,0,V1,1,0.550514,11330.76923,1,0,0,0.449486,1.449486,0,0,200
EDCF-Shield,v1b,FALCON1024+HMAC-SHA512+AES256GCM+DKG4of7,COMPROMISED_CTRL,60,22.39,39,CUMULATIVE,78,54600,43830,0,750,0.992438,0.984812,0.993179,1,0.98645,98.32,64.04,44.95,0.495758,0.497955,1,3,0,0,76,1448,0.984822,1,0.4872,2,3,0,0,V1,1,0.550514,11330.76923,1,0,0,0.449486,1.449486,0,0,200
EDCF-Shield,v1b,FALCON1024+HMAC-SHA512+AES256GCM+DKG4of7,COMPROMISED_CTRL,60,22.39,40,CYCLE,80,1400,1200,0,20,0.992366,0.97213,0.992908,1,0.985915,98.36,62.75,46.56,0.495761,0.497954,1,3,0,0,76,1448,0.984821,1,0.4875,2,3,0,0,V1,1,0.550098,11350,1,0,0,0.449902,1.449902,0,0,200
EDCF-Shield,v1b,FALCON1024+HMAC-SHA512+AES256GCM+DKG4of7,COMPROMISED_CTRL,60,22.39,40,CUMULATIVE,80,56000,45030,0,770,0.992436,0.984811,0.993172,1,0.986436,98.32,64.01,44.99,0.495761,0.497954,1,3,0,0,76,1448,0.984821,1,0.4875,2,3,0,0,V1,1,0.550098,11350,1,0,0,0.449902,1.449902,0,0,200
EDCF-Shield,v1b,FALCON1024+HMAC-SHA512+AES256GCM+DKG4of7,COMPROMISED_CTRL,60,22.39,41,CYCLE,82,1400,1200,0,20,0.992366,0.972438,0.992908,1,0.985915,98.36,62.75,46.56,0.495764,0.497953,1,3,0,0,76,1448,0.984821,1,0.4878,2,3,0,0,V1,1,0.549703,11368.29268,1,0,0,0.450297,1.450297,0,0,200
EDCF-Shield,v1b,FALCON1024+HMAC-SHA512+AES256GCM+DKG4of7,COMPROMISED_CTRL,60,22.39,41,CUMULATIVE,82,57400,46230,0,790,0.992434,0.98481,0.993165,1,0.986424,98.32,63.98,45.03,0.495764,0.497953,1,3,0,0,76,1448,0.984821,1,0.4878,2,3,0,0,V1,1,0.549703,11368.29268,1,0,0,0.450297,1.450297,0,0,200
EDCF-Shield,v1b,FALCON1024+HMAC-SHA512+AES256GCM+DKG4of7,COMPROMISED_CTRL,60,22.39,42,CYCLE,84,1400,1200,0,20,0.992366,0.972731,0.992908,1,0.985915,98.36,62.75,46.56,0.495767,0.497953,1,3,0,0,76,1448,0.98482,1,0.4881,2,3,0,0,V1,1,0.549327,11385.71429,1,0,0,0.450673,1.450673,0,0,200
EDCF-Shield,v1b,FALCON1024+HMAC-SHA512+AES256GCM+DKG4of7,COMPROMISED_CTRL,60,22.39,42,CUMULATIVE,84,58800,47430,0,810,0.992433,0.984809,0.993159,1,0.986412,98.32,63.95,45.07,0.495767,0.497953,1,3,0,0,76,1448,0.98482,1,0.4881,2,3,0,0,V1,1,0.549327,11385.71429,1,0,0,0.450673,1.450673,0,0,200
EDCF-Shield,v1b,FALCON1024+HMAC-SHA512+AES256GCM+DKG4of7,COMPROMISED_CTRL,60,22.39,43,CYCLE,86,1400,1200,0,20,0.992366,0.973011,0.992908,1,0.985915,98.36,62.75,46.56,0.495769,0.497952,1,3,0,0,76,1448,0.98482,1,0.4884,2,3,0,0,V1,1,0.54897,11402.32558,1,0,0,0.45103,1.45103,0,0,200
EDCF-Shield,v1b,FALCON1024+HMAC-SHA512+AES256GCM+DKG4of7,COMPROMISED_CTRL,60,22.39,43,CUMULATIVE,86,60200,48630,0,830,0.992431,0.984808,0.993154,1,0.9864,98.32,63.92,45.1,0.495769,0.497952,1,3,0,0,76,1448,0.98482,1,0.4884,2,3,0,0,V1,1,0.54897,11402.32558,1,0,0,0.45103,1.45103,0,0,200
EDCF-Shield,v1b,FALCON1024+HMAC-SHA512+AES256GCM+DKG4of7,COMPROMISED_CTRL,60,22.39,44,CYCLE,88,1400,1200,0,20,0.992366,0.973278,0.992908,1,0.985915,98.36,62.75,46.56,0.495772,0.497951,1,3,0,0,76,1448,0.98482,1,0.4886,2,3,0,0,V1,1,0.548628,11418.18182,1,0,0,0.451372,1.451372,0,0,200
EDCF-Shield,v1b,FALCON1024+HMAC-SHA512+AES256GCM+DKG4of7,COMPROMISED_CTRL,60,22.39,44,CUMULATIVE,88,61600,49830,0,850,0.99243,0.984807,0.993148,1,0.986389,98.32,63.89,45.14,0.495772,0.497951,1,3,0,0,76,1448,0.98482,1,0.4886,2,3,0,0,V1,1,0.548628,11418.18182,1,0,0,0.451372,1.451372,0,0,200
EDCF-Shield,v1b,FALCON1024+HMAC-SHA512+AES256GCM+DKG4of7,COMPROMISED_CTRL,60,22.39,45,CYCLE,90,1400,1200,0,20,0.992366,0.973533,0.992908,1,0.985915,98.36,62.75,46.56,0.495774,0.497951,1,3,0,0,76,1448,0.984819,1,0.4889,2,3,0,0,V1,1,0.548303,11433.33333,1,0,0,0.451697,1.451697,0,0,200
EDCF-Shield,v1b,FALCON1024+HMAC-SHA512+AES256GCM+DKG4of7,COMPROMISED_CTRL,60,22.39,45,CUMULATIVE,90,63000,51030,0,870,0.992428,0.984807,0.993143,1,0.986379,98.32,63.86,45.17,0.495774,0.497951,1,3,0,0,76,1448,0.984819,1,0.4889,2,3,0,0,V1,1,0.548303,11433.33333,1,0,0,0.451697,1.451697,0,0,200
EDCF-Shield,v1b,FALCON1024+HMAC-SHA512+AES256GCM+DKG4of7,COMPROMISED_CTRL,60,22.39,46,CYCLE,92,1400,1200,0,20,0.992366,0.973777,0.992908,1,0.985915,98.36,62.75,46.56,0.495776,0.49795,1,3,0,0,76,1448,0.984819,1,0.4891,2,3,0,0,V1,1,0.547992,11447.82609,1,0,0,0.452008,1.452008,0,0,200
EDCF-Shield,v1b,FALCON1024+HMAC-SHA512+AES256GCM+DKG4of7,COMPROMISED_CTRL,60,22.39,46,CUMULATIVE,92,64400,52230,0,890,0.992427,0.984806,0.993137,1,0.986369,98.32,63.84,45.2,0.495776,0.49795,1,3,0,0,76,1448,0.984819,1,0.4891,2,3,0,0,V1,1,0.547992,11447.82609,1,0,0,0.452008,1.452008,0,0,200
EDCF-Shield,v1b,FALCON1024+HMAC-SHA512+AES256GCM+DKG4of7,COMPROMISED_CTRL,60,22.39,47,CYCLE,94,1400,1200,0,20,0.992366,0.974011,0.992908,1,0.985915,98.36,62.75,46.56,0.495778,0.49795,1,3,0,0,76,1448,0.984819,1,0.4894,2,3,0,0,V1,1,0.547694,11461.70213,1,0,0,0.452306,1.452306,0,0,200
EDCF-Shield,v1b,FALCON1024+HMAC-SHA512+AES256GCM+DKG4of7,COMPROMISED_CTRL,60,22.39,47,CUMULATIVE,94,65800,53430,0,910,0.992426,0.984805,0.993133,1,0.986359,98.33,63.82,45.23,0.495778,0.49795,1,3,0,0,76,1448,0.984819,1,0.4894,2,3,0,0,V1,1,0.547694,11461.70213,1,0,0,0.452306,1.452306,0,0,200
EDCF-Shield,v1b,FALCON1024+HMAC-SHA512+AES256GCM+DKG4of7,COMPROMISED_CTRL,60,22.39,48,CYCLE,96,1400,1200,0,20,0.992366,0.974235,0.992908,1,0.985915,98.36,62.75,46.56,0.49578,0.497949,1,3,0,0,76,1448,0.984818,1,0.4896,2,3,0,0,V1,1,0.54741,11475,1,0,0,0.45259,1.45259,0,0,200
EDCF-Shield,v1b,FALCON1024+HMAC-SHA512+AES256GCM+DKG4of7,COMPROMISED_CTRL,60,22.39,48,CUMULATIVE,96,67200,54630,0,930,0.992424,0.984804,0.993128,1,0.98635,98.33,63.79,45.26,0.49578,0.497949,1,3,0,0,76,1448,0.984818,1,0.4896,2,3,0,0,V1,1,0.54741,11475,1,0,0,0.45259,1.45259,0,0,200
EDCF-Shield,v1b,FALCON1024+HMAC-SHA512+AES256GCM+DKG4of7,COMPROMISED_CTRL,60,22.39,49,CYCLE,98,1400,1200,0,20,0.992366,0.97445,0.992908,1,0.985915,98.36,62.75,46.56,0.495782,0.497949,1,3,0,0,76,1448,0.984818,1,0.4898,2,3,0,0,V1,1,0.547137,11487.7551,1,0,0,0.452863,1.452863,0,0,200
EDCF-Shield,v1b,FALCON1024+HMAC-SHA512+AES256GCM+DKG4of7,COMPROMISED_CTRL,60,22.39,49,CUMULATIVE,98,68600,55830,0,950,0.992423,0.984804,0.993123,1,0.986341,98.33,63.77,45.29,0.495782,0.497949,1,3,0,0,76,1448,0.984818,1,0.4898,2,3,0,0,V1,1,0.547137,11487.7551,1,0,0,0.452863,1.452863,0,0,200
EDCF-Shield,v1b,FALCON1024+HMAC-SHA512+AES256GCM+DKG4of7,COMPROMISED_CTRL,60,22.39,50,CYCLE,100,1400,1200,0,20,0.992366,0.974656,0.992908,1,0.985915,98.36,62.75,46.56,0.495784,0.497948,1,3,0,0,76,1448,0.984818,1,0.49,2,3,0,0,V1,1,0.546875,11500,1,0,0,0.453125,1.453125,0,0,200
EDCF-Shield,v1b,FALCON1024+HMAC-SHA512+AES256GCM+DKG4of7,COMPROMISED_CTRL,60,22.39,50,CUMULATIVE,100,70000,57030,0,970,0.992422,0.984803,0.993119,1,0.986332,98.33,63.75,45.31,0.495784,0.497948,1,3,0,0,76,1448,0.984818,1,0.49,2,3,0,0,V1,1,0.546875,11500,1,0,0,0.453125,1.453125,0,0,200
EDCF-Shield,v1b,FALCON1024+HMAC-SHA512+AES256GCM+DKG4of7,COMPROMISED_CTRL,60,22.39,51,CYCLE,102,1400,1200,0,20,0.992366,0.974854,0.992908,1,0.985915,98.36,62.75,46.56,0.495785,0.497948,1,3,0,0,76,1448,0.984817,1,0.4902,2,3,0,0,V1,1,0.546624,11511.76471,1,0,0,0.453376,1.453376,0,0,200
EDCF-Shield,v1b,FALCON1024+HMAC-SHA512+AES256GCM+DKG4of7,COMPROMISED_CTRL,60,22.39,51,CUMULATIVE,102,71400,58230,0,990,0.992421,0.984802,0.993115,1,0.986324,98.33,63.73,45.34,0.495785,0.497948,1,3,0,0,76,1448,0.984817,1,0.4902,2,3,0,0,V1,1,0.546624,11511.76471,1,0,0,0.453376,1.453376,0,0,200
EDCF-Shield,v1b,FALCON1024+HMAC-SHA512+AES256GCM+DKG4of7,COMPROMISED_CTRL,60,22.39,52,CYCLE,104,1400,1200,0,20,0.992366,0.975045,0.992908,1,0.985915,98.36,62.75,46.56,0.495787,0.497947,1,3,0,0,76,1448,0.984817,1,0.4904,2,3,0,0,V1,1,0.546382,11523.07692,1,0,0,0.453618,1.453618,0,0,200
EDCF-Shield,v1b,FALCON1024+HMAC-SHA512+AES256GCM+DKG4of7,COMPROMISED_CTRL,60,22.39,52,CUMULATIVE,104,72800,59430,0,1010,0.99242,0.984802,0.993111,1,0.986316,98.33,63.71,45.36,0.495787,0.497947,1,3,0,0,76,1448,0.984817,1,0.4904,2,3,0,0,V1,1,0.546382,11523.07692,1,0,0,0.453618,1.453618,0,0,200
EDCF-Shield,v1b,FALCON1024+HMAC-SHA512+AES256GCM+DKG4of7,COMPROMISED_CTRL,60,22.39,53,CYCLE,106,1400,1200,0,20,0.992366,0.975228,0.992908,1,0.985915,98.36,62.75,46.56,0.495789,0.497947,1,3,0,0,76,1448,0.984816,1,0.4906,2,3,0,0,V1,1,0.54615,11533.96226,1,0,0,0.45385,1.45385,0,0,200
EDCF-Shield,v1b,FALCON1024+HMAC-SHA512+AES256GCM+DKG4of7,COMPROMISED_CTRL,60,22.39,53,CUMULATIVE,106,74200,60630,0,1030,0.992419,0.984801,0.993107,1,0.986309,98.33,63.69,45.38,0.495789,0.497947,1,3,0,0,76,1448,0.984816,1,0.4906,2,3,0,0,V1,1,0.54615,11533.96226,1,0,0,0.45385,1.45385,0,0,200
EDCF-Shield,v1b,FALCON1024+HMAC-SHA512+AES256GCM+DKG4of7,COMPROMISED_CTRL,60,22.39,54,CYCLE,108,1400,1200,0,20,0.992366,0.975405,0.992908,1,0.985915,98.36,62.75,46.56,0.49579,0.497946,1,3,0,0,76,1448,0.984816,1,0.4907,2,3,0,0,V1,1,0.545927,11544.44444,1,0,0,0.454073,1.454073,0,0,200
EDCF-Shield,v1b,FALCON1024+HMAC-SHA512+AES256GCM+DKG4of7,COMPROMISED_CTRL,60,22.39,54,CUMULATIVE,108,75600,61830,0,1050,0.992418,0.9848,0.993103,1,0.986301,98.33,63.67,45.41,0.49579,0.497946,1,3,0,0,76,1448,0.984816,1,0.4907,2,3,0,0,V1,1,0.545927,11544.44444,1,0,0,0.454073,1.454073,0,0,200
EDCF-Shield,v1b,FALCON1024+HMAC-SHA512+AES256GCM+DKG4of7,COMPROMISED_CTRL,60,22.39,55,CYCLE,110,1400,1200,0,20,0.992366,0.975575,0.992908,1,0.985915,98.36,62.75,46.56,0.495792,0.497946,1,3,0,0,76,1448,0.984816,1,0.4909,2,3,0,0,V1,1,0.545712,11554.54546,1,0,0,0.454288,1.454288,0,0,200
EDCF-Shield,v1b,FALCON1024+HMAC-SHA512+AES256GCM+DKG4of7,COMPROMISED_CTRL,60,22.39,55,CUMULATIVE,110,77000,63030,0,1070,0.992417,0.9848,0.9931,1,0.986294,98.33,63.66,45.43,0.495792,0.497946,1,3,0,0,76,1448,0.984816,1,0.4909,2,3,0,0,V1,1,0.545712,11554.54546,1,0,0,0.454288,1.454288,0,0,200
EDCF-Shield,v1b,FALCON1024+HMAC-SHA512+AES256GCM+DKG4of7,COMPROMISED_CTRL,60,22.39,56,CYCLE,112,1400,1200,0,20,0.992366,0.975739,0.992908,1,0.985915,98.36,62.75,46.56,0.495793,0.497946,1,3,0,0,76,1448,0.984815,1,0.4911,2,3,0,0,V1,1,0.545505,11564.28571,1,0,0,0.454495,1.454495,0,0,200
EDCF-Shield,v1b,FALCON1024+HMAC-SHA512+AES256GCM+DKG4of7,COMPROMISED_CTRL,60,22.39,56,CUMULATIVE,112,78400,64230,0,1090,0.992416,0.984799,0.993096,1,0.986288,98.33,63.64,45.45,0.495793,0.497946,1,3,0,0,76,1448,0.984815,1,0.4911,2,3,0,0,V1,1,0.545505,11564.28571,1,0,0,0.454495,1.454495,0,0,200
EDCF-Shield,v1b,FALCON1024+HMAC-SHA512+AES256GCM+DKG4of7,COMPROMISED_CTRL,60,22.39,57,CYCLE,114,1400,1200,0,20,0.992366,0.975897,0.992908,1,0.985915,98.36,62.75,46.56,0.495794,0.497945,1,3,0,0,76,1448,0.984815,1,0.4912,2,3,0,0,V1,1,0.545305,11573.68421,1,0,0,0.454695,1.454695,0,0,200
EDCF-Shield,v1b,FALCON1024+HMAC-SHA512+AES256GCM+DKG4of7,COMPROMISED_CTRL,60,22.39,57,CUMULATIVE,114,79800,65430,0,1110,0.992415,0.984799,0.993093,1,0.986281,98.33,63.62,45.47,0.495794,0.497945,1,3,0,0,76,1448,0.984815,1,0.4912,2,3,0,0,V1,1,0.545305,11573.68421,1,0,0,0.454695,1.454695,0,0,200
EDCF-Shield,v1b,FALCON1024+HMAC-SHA512+AES256GCM+DKG4of7,COMPROMISED_CTRL,60,22.39,58,CYCLE,116,1400,1200,0,20,0.992366,0.97605,0.992908,1,0.985915,98.36,62.75,46.56,0.495796,0.497945,1,3,0,0,76,1448,0.984815,1,0.4914,2,3,0,0,V1,1,0.545113,11582.75862,1,0,0,0.454887,1.454887,0,0,200
EDCF-Shield,v1b,FALCON1024+HMAC-SHA512+AES256GCM+DKG4of7,COMPROMISED_CTRL,60,22.39,58,CUMULATIVE,116,81200,66630,0,1130,0.992414,0.984798,0.99309,1,0.986275,98.33,63.61,45.49,0.495796,0.497945,1,3,0,0,76,1448,0.984815,1,0.4914,2,3,0,0,V1,1,0.545113,11582.75862,1,0,0,0.454887,1.454887,0,0,200
EDCF-Shield,v1b,FALCON1024+HMAC-SHA512+AES256GCM+DKG4of7,COMPROMISED_CTRL,60,22.39,59,CYCLE,118,1400,1200,0,20,0.992366,0.976197,0.992908,1,0.985915,98.36,62.75,46.56,0.495797,0.497945,1,3,0,0,76,1448,0.984814,1,0.4915,2,3,0,0,V1,1,0.544927,11591.52542,1,0,0,0.455073,1.455073,0,0,200
EDCF-Shield,v1b,FALCON1024+HMAC-SHA512+AES256GCM+DKG4of7,COMPROMISED_CTRL,60,22.39,59,CUMULATIVE,118,82600,67830,0,1150,0.992413,0.984797,0.993087,1,0.986269,98.33,63.59,45.51,0.495797,0.497945,1,3,0,0,76,1448,0.984814,1,0.4915,2,3,0,0,V1,1,0.544927,11591.52542,1,0,0,0.455073,1.455073,0,0,200
EDCF-Shield,v1b,FALCON1024+HMAC-SHA512+AES256GCM+DKG4of7,COMPROMISED_CTRL,60,22.39,60,CYCLE,120,1400,1200,0,20,0.992366,0.97634,0.992908,1,0.985915,98.36,62.75,46.56,0.495798,0.497944,1,3,0,0,76,1448,0.984814,1,0.4917,2,3,0,0,V1,1,0.544747,11600,1,0,0,0.455253,1.455253,0,0,200
EDCF-Shield,v1b,FALCON1024+HMAC-SHA512+AES256GCM+DKG4of7,COMPROMISED_CTRL,60,22.39,60,CUMULATIVE,120,84000,69030,0,1170,0.992412,0.984797,0.993084,1,0.986263,98.33,63.58,45.53,0.495798,0.497944,1,3,0,0,76,1448,0.984814,1,0.4917,2,3,0,0,V1,1,0.544747,11600,1,0,0,0.455253,1.455253,0,0,200
EDCF-Shield,v1b,FALCON1024+HMAC-SHA512+AES256GCM+DKG4of7,COMPROMISED_CTRL,60,22.39,61,CYCLE,122,1400,1200,0,20,0.992366,0.976478,0.992908,1,0.985915,98.36,62.75,46.56,0.4958,0.497944,1,3,0,0,76,1448,0.984814,1,0.4918,2,3,0,0,V1,1,0.544573,11608.19672,1,0,0,0.455427,1.455427,0,0,200
EDCF-Shield,v1b,FALCON1024+HMAC-SHA512+AES256GCM+DKG4of7,COMPROMISED_CTRL,60,22.39,61,CUMULATIVE,122,85400,70230,0,1190,0.992412,0.984796,0.993081,1,0.986257,98.33,63.57,45.54,0.4958,0.497944,1,3,0,0,76,1448,0.984814,1,0.4918,2,3,0,0,V1,1,0.544573,11608.19672,1,0,0,0.455427,1.455427,0,0,200
EDCF-Shield,v1b,FALCON1024+HMAC-SHA512+AES256GCM+DKG4of7,COMPROMISED_CTRL,60,22.39,62,CYCLE,124,1400,1200,0,20,0.992366,0.976612,0.992908,1,0.985915,98.36,62.75,46.56,0.495801,0.497944,1,3,0,0,76,1448,0.984813,1,0.4919,2,3,0,0,V1,1,0.544405,11616.12903,1,0,0,0.455595,1.455595,0,0,200
EDCF-Shield,v1b,FALCON1024+HMAC-SHA512+AES256GCM+DKG4of7,COMPROMISED_CTRL,60,22.39,62,CUMULATIVE,124,86800,71430,0,1210,0.992411,0.984796,0.993078,1,0.986252,98.33,63.55,45.56,0.495801,0.497944,1,3,0,0,76,1448,0.984813,1,0.4919,2,3,0,0,V1,1,0.544405,11616.12903,1,0,0,0.455595,1.455595,0,0,200
EDCF-Shield,v1b,FALCON1024+HMAC-SHA512+AES256GCM+DKG4of7,COMPROMISED_CTRL,60,22.39,63,CYCLE,126,1400,1200,0,20,0.992366,0.976741,0.992908,1,0.985915,98.36,62.75,46.56,0.495802,0.497943,1,3,0,0,76,1448,0.984813,1,0.4921,2,3,0,0,V1,1,0.544243,11623.80952,1,0,0,0.455757,1.455757,0,0,200
EDCF-Shield,v1b,FALCON1024+HMAC-SHA512+AES256GCM+DKG4of7,COMPROMISED_CTRL,60,22.39,63,CUMULATIVE,126,88200,72630,0,1230,0.99241,0.984795,0.993075,1,0.986246,98.33,63.54,45.58,0.495802,0.497943,1,3,0,0,76,1448,0.984813,1,0.4921,2,3,0,0,V1,1,0.544243,11623.80952,1,0,0,0.455757,1.455757,0,0,200
EDCF-Shield,v1b,FALCON1024+HMAC-SHA512+AES256GCM+DKG4of7,COMPROMISED_CTRL,60,22.39,64,CYCLE,128,1400,1200,0,20,0.992366,0.976866,0.992908,1,0.985915,98.36,62.75,46.56,0.495803,0.497943,1,3,0,0,76,1448,0.984813,1,0.4922,2,3,0,0,V1,1,0.544085,11631.25,1,0,0,0.455915,1.455915,0,0,200
EDCF-Shield,v1b,FALCON1024+HMAC-SHA512+AES256GCM+DKG4of7,COMPROMISED_CTRL,60,22.39,64,CUMULATIVE,128,89600,73830,0,1250,0.99241,0.984795,0.993073,1,0.986241,98.34,63.53,45.59,0.495803,0.497943,1,3,0,0,76,1448,0.984813,1,0.4922,2,3,0,0,V1,1,0.544085,11631.25,1,0,0,0.455915,1.455915,0,0,200
EDCF-Shield,v1b,FALCON1024+HMAC-SHA512+AES256GCM+DKG4of7,COMPROMISED_CTRL,60,22.39,65,CYCLE,130,1400,1200,0,20,0.992366,0.976988,0.992908,1,0.985915,98.36,62.75,46.56,0.495804,0.497943,1,3,0,0,76,1448,0.984812,1,0.4923,2,3,0,0,V1,1,0.543933,11638.46154,1,0,0,0.456067,1.456067,0,0,200
EDCF-Shield,v1b,FALCON1024+HMAC-SHA512+AES256GCM+DKG4of7,COMPROMISED_CTRL,60,22.39,65,CUMULATIVE,130,91000,75030,0,1270,0.992409,0.984795,0.99307,1,0.986236,98.34,63.51,45.61,0.495804,0.497943,1,3,0,0,76,1448,0.984812,1,0.4923,2,3,0,0,V1,1,0.543933,11638.46154,1,0,0,0.456067,1.456067,0,0,200
EDCF-Shield,v1b,FALCON1024+HMAC-SHA512+AES256GCM+DKG4of7,COMPROMISED_CTRL,60,22.39,66,CYCLE,132,1400,1200,0,20,0.992366,0.977106,0.992908,1,0.985915,98.36,62.75,46.56,0.495805,0.497942,1,3,0,0,76,1448,0.984812,1,0.4924,2,3,0,0,V1,1,0.543785,11645.45455,1,0,0,0.456215,1.456215,0,0,200
EDCF-Shield,v1b,FALCON1024+HMAC-SHA512+AES256GCM+DKG4of7,COMPROMISED_CTRL,60,22.39,66,CUMULATIVE,132,92400,76230,0,1290,0.992408,0.984794,0.993068,1,0.986231,98.34,63.5,45.62,0.495805,0.497942,1,3,0,0,76,1448,0.984812,1,0.4924,2,3,0,0,V1,1,0.543785,11645.45455,1,0,0,0.456215,1.456215,0,0,200
EDCF-Shield,v1b,FALCON1024+HMAC-SHA512+AES256GCM+DKG4of7,COMPROMISED_CTRL,60,22.39,67,CYCLE,134,1400,1200,0,20,0.992366,0.97722,0.992908,1,0.985915,98.36,62.75,46.56,0.495806,0.497942,1,3,0,0,76,1448,0.984812,1,0.4925,2,3,0,0,V1,1,0.543642,11652.23881,1,0,0,0.456358,1.456358,0,0,200
EDCF-Shield,v1b,FALCON1024+HMAC-SHA512+AES256GCM+DKG4of7,COMPROMISED_CTRL,60,22.39,67,CUMULATIVE,134,93800,77430,0,1310,0.992408,0.984794,0.993065,1,0.986226,98.34,63.49,45.64,0.495806,0.497942,1,3,0,0,76,1448,0.984812,1,0.4925,2,3,0,0,V1,1,0.543642,11652.23881,1,0,0,0.456358,1.456358,0,0,200
EDCF-Shield,v1b,FALCON1024+HMAC-SHA512+AES256GCM+DKG4of7,COMPROMISED_CTRL,60,22.39,68,CYCLE,136,1400,1200,0,20,0.992366,0.977331,0.992908,1,0.985915,98.36,62.75,46.56,0.495807,0.497942,1,3,0,0,76,1448,0.984811,1,0.4926,2,3,0,0,V1,1,0.543503,11658.82353,1,0,0,0.456497,1.456497,0,0,200
EDCF-Shield,v1b,FALCON1024+HMAC-SHA512+AES256GCM+DKG4of7,COMPROMISED_CTRL,60,22.39,68,CUMULATIVE,136,95200,78630,0,1330,0.992407,0.984793,0.993063,1,0.986222,98.34,63.48,45.65,0.495807,0.497942,1,3,0,0,76,1448,0.984811,1,0.4926,2,3,0,0,V1,1,0.543503,11658.82353,1,0,0,0.456497,1.456497,0,0,200
EDCF-Shield,v1b,FALCON1024+HMAC-SHA512+AES256GCM+DKG4of7,COMPROMISED_CTRL,60,22.39,69,CYCLE,138,1400,1200,0,20,0.992366,0.977438,0.992908,1,0.985915,98.36,62.75,46.56,0.495808,0.497942,1,3,0,0,76,1448,0.984811,1,0.4928,2,3,0,0,V1,1,0.543368,11665.21739,1,0,0,0.456632,1.456632,0,0,200
EDCF-Shield,v1b,FALCON1024+HMAC-SHA512+AES256GCM+DKG4of7,COMPROMISED_CTRL,60,22.39,69,CUMULATIVE,138,96600,79830,0,1350,0.992406,0.984793,0.993061,1,0.986217,98.34,63.47,45.66,0.495808,0.497942,1,3,0,0,76,1448,0.984811,1,0.4928,2,3,0,0,V1,1,0.543368,11665.21739,1,0,0,0.456632,1.456632,0,0,200
EDCF-Shield,v1b,FALCON1024+HMAC-SHA512+AES256GCM+DKG4of7,COMPROMISED_CTRL,60,22.39,70,CYCLE,140,1400,1200,0,20,0.992366,0.977543,0.992908,1,0.985915,98.36,62.75,46.56,0.495809,0.497941,1,3,0,0,76,1448,0.984811,1,0.4929,2,3,0,0,V1,1,0.543237,11671.42857,1,0,0,0.456763,1.456763,0,0,200
EDCF-Shield,v1b,FALCON1024+HMAC-SHA512+AES256GCM+DKG4of7,COMPROMISED_CTRL,60,22.39,70,CUMULATIVE,140,98000,81030,0,1370,0.992406,0.984792,0.993059,1,0.986213,98.34,63.46,45.68,0.495809,0.497941,1,3,0,0,76,1448,0.984811,1,0.4929,2,3,0,0,V1,1,0.543237,11671.42857,1,0,0,0.456763,1.456763,0,0,200
EDCF-Shield,v1b,FALCON1024+HMAC-SHA512+AES256GCM+DKG4of7,COMPROMISED_CTRL,60,22.39,71,CYCLE,142,1400,1200,0,20,0.992366,0.977645,0.992908,1,0.985915,98.36,62.75,46.56,0.495809,0.497941,1,3,0,0,76,1448,0.98481,1,0.493,2,3,0,0,V1,1,0.54311,11677.46479,1,0,0,0.45689,1.45689,0,0,200
EDCF-Shield,v1b,FALCON1024+HMAC-SHA512+AES256GCM+DKG4of7,COMPROMISED_CTRL,60,22.39,71,CUMULATIVE,142,99400,82230,0,1390,0.992405,0.984792,0.993057,1,0.986209,98.34,63.45,45.69,0.495809,0.497941,1,3,0,0,76,1448,0.98481,1,0.493,2,3,0,0,V1,1,0.54311,11677.46479,1,0,0,0.45689,1.45689,0,0,200
EDCF-Shield,v1b,FALCON1024+HMAC-SHA512+AES256GCM+DKG4of7,COMPROMISED_CTRL,60,22.39,72,CYCLE,144,1400,1200,0,20,0.992366,0.977743,0.992908,1,0.985915,98.36,62.75,46.56,0.49581,0.497941,1,3,0,0,76,1448,0.98481,1,0.4931,2,3,0,0,V1,1,0.542986,11683.33333,1,0,0,0.457014,1.457014,0,0,200
EDCF-Shield,v1b,FALCON1024+HMAC-SHA512+AES256GCM+DKG4of7,COMPROMISED_CTRL,60,22.39,72,CUMULATIVE,144,100800,83430,0,1410,0.992405,0.984792,0.993055,1,0.986205,98.34,63.44,45.7,0.49581,0.497941,1,3,0,0,76,1448,0.98481,1,0.4931,2,3,0,0,V1,1,0.542986,11683.33333,1,0,0,0.457014,1.457014,0,0,200
EDCF-Shield,v1b,FALCON1024+HMAC-SHA512+AES256GCM+DKG4of7,COMPROMISED_CTRL,60,22.39,73,CYCLE,146,1400,1200,0,20,0.992366,0.97784,0.992908,1,0.985915,98.36,62.75,46.56,0.495811,0.497941,1,3,0,0,76,1448,0.98481,1,0.4932,2,3,0,0,V1,1,0.542866,11689.0411,1,0,0,0.457134,1.457134,0,0,200
EDCF-Shield,v1b,FALCON1024+HMAC-SHA512+AES256GCM+DKG4of7,COMPROMISED_CTRL,60,22.39,73,CUMULATIVE,146,102200,84630,0,1430,0.992404,0.984791,0.993053,1,0.986201,98.34,63.43,45.71,0.495811,0.497941,1,3,0,0,76,1448,0.98481,1,0.4932,2,3,0,0,V1,1,0.542866,11689.0411,1,0,0,0.457134,1.457134,0,0,200
EDCF-Shield,v1b,FALCON1024+HMAC-SHA512+AES256GCM+DKG4of7,COMPROMISED_CTRL,60,22.39,74,CYCLE,148,1400,1200,0,20,0.992366,0.977933,0.992908,1,0.985915,98.36,62.75,46.56,0.495812,0.49794,1,3,0,0,76,1448,0.98481,1,0.4932,2,3,0,0,V1,1,0.542749,11694.5946,1,0,0,0.457251,1.457251,0,0,200
EDCF-Shield,v1b,FALCON1024+HMAC-SHA512+AES256GCM+DKG4of7,COMPROMISED_CTRL,60,22.39,74,CUMULATIVE,148,103600,85830,0,1450,0.992404,0.984791,0.993051,1,0.986197,98.34,63.42,45.73,0.495812,0.49794,1,3,0,0,76,1448,0.98481,1,0.4932,2,3,0,0,V1,1,0.542749,11694.5946,1,0,0,0.457251,1.457251,0,0,200
EDCF-Shield,v1b,FALCON1024+HMAC-SHA512+AES256GCM+DKG4of7,COMPROMISED_CTRL,60,22.39,75,CYCLE,150,1400,1200,0,20,0.992366,0.978024,0.992908,1,0.985915,98.36,62.75,46.56,0.495813,0.49794,1,3,0,0,76,1448,0.984809,1,0.4933,2,3,0,0,V1,1,0.542636,11700,1,0,0,0.457364,1.457364,0,0,200
EDCF-Shield,v1b,FALCON1024+HMAC-SHA512+AES256GCM+DKG4of7,COMPROMISED_CTRL,60,22.39,75,CUMULATIVE,150,105000,87030,0,1470,0.992403,0.984791,0.993049,1,0.986193,98.34,63.41,45.74,0.495813,0.49794,1,3,0,0,76,1448,0.984809,1,0.4933,2,3,0,0,V1,1,0.542636,11700,1,0,0,0.457364,1.457364,0,0,200
EDCF-Shield,v1b,FALCON1024+HMAC-SHA512+AES256GCM+DKG4of7,COMPROMISED_CTRL,60,22.39,76,CYCLE,152,1400,1200,0,20,0.992366,0.978113,0.992908,1,0.985915,98.36,62.75,46.56,0.495813,0.49794,1,3,0,0,76,1448,0.984809,1,0.4934,2,3,0,0,V1,1,0.542525,11705.26316,1,0,0,0.457475,1.457475,0,0,200
EDCF-Shield,v1b,FALCON1024+HMAC-SHA512+AES256GCM+DKG4of7,COMPROMISED_CTRL,60,22.39,76,CUMULATIVE,152,106400,88230,0,1490,0.992403,0.98479,0.993047,1,0.98619,98.34,63.4,45.75,0.495813,0.49794,1,3,0,0,76,1448,0.984809,1,0.4934,2,3,0,0,V1,1,0.542525,11705.26316,1,0,0,0.457475,1.457475,0,0,200
EDCF-Shield,v1b,FALCON1024+HMAC-SHA512+AES256GCM+DKG4of7,COMPROMISED_CTRL,60,22.39,77,CYCLE,154,1400,1200,0,20,0.992366,0.978199,0.992908,1,0.985915,98.36,62.75,46.56,0.495814,0.49794,1,3,0,0,76,1448,0.984809,1,0.4935,2,3,0,0,V1,1,0.542417,11710.38961,1,0,0,0.457583,1.457583,0,0,200
EDCF-Shield,v1b,FALCON1024+HMAC-SHA512+AES256GCM+DKG4of7,COMPROMISED_CTRL,60,22.39,77,CUMULATIVE,154,107800,89430,0,1510,0.992402,0.98479,0.993045,1,0.986186,98.34,63.39,45.76,0.495814,0.49794,1,3,0,0,76,1448,0.984809,1,0.4935,2,3,0,0,V1,1,0.542417,11710.38961,1,0,0,0.457583,1.457583,0,0,200
EDCF-Shield,v1b,FALCON1024+HMAC-SHA512+AES256GCM+DKG4of7,COMPROMISED_CTRL,60,22.39,78,CYCLE,156,1400,1200,0,20,0.992366,0.978283,0.992908,1,0.985915,98.36,62.75,46.56,0.495815,0.49794,1,3,0,0,76,1448,0.984808,1,0.4936,2,3,0,0,V1,1,0.542312,11715.38462,1,0,0,0.457688,1.457688,0,0,200
EDCF-Shield,v1b,FALCON1024+HMAC-SHA512+AES256GCM+DKG4of7,COMPROMISED_CTRL,60,22.39,78,CUMULATIVE,156,109200,90630,0,1530,0.992402,0.98479,0.993043,1,0.986183,98.34,63.38,45.77,0.495815,0.49794,1,3,0,0,76,1448,0.984808,1,0.4936,2,3,0,0,V1,1,0.542312,11715.38462,1,0,0,0.457688,1.457688,0,0,200
EDCF-Shield,v1b,FALCON1024+HMAC-SHA512+AES256GCM+DKG4of7,COMPROMISED_CTRL,60,22.39,79,CYCLE,158,1400,1200,0,20,0.992366,0.978365,0.992908,1,0.985915,98.36,62.75,46.56,0.495816,0.497939,1,3,0,0,76,1448,0.984808,1,0.4937,2,3,0,0,V1,1,0.54221,11720.25317,1,0,0,0.45779,1.45779,0,0,200
EDCF-Shield,v1b,FALCON1024+HMAC-SHA512+AES256GCM+DKG4of7,COMPROMISED_CTRL,60,22.39,79,CUMULATIVE,158,110600,91830,0,1550,0.992401,0.984789,0.993042,1,0.986179,98.34,63.38,45.78,0.495816,0.497939,1,3,0,0,76,1448,0.984808,1,0.4937,2,3,0,0,V1,1,0.54221,11720.25317,1,0,0,0.45779,1.45779,0,0,200
EDCF-Shield,v1b,FALCON1024+HMAC-SHA512+AES256GCM+DKG4of7,COMPROMISED_CTRL,60,22.39,80,CYCLE,160,1400,1200,0,20,0.992366,0.978445,0.992908,1,0.985915,98.36,62.75,46.56,0.495816,0.497939,1,3,0,0,76,1448,0.984808,1,0.4938,2,3,0,0,V1,1,0.54211,11725,1,0,0,0.45789,1.45789,0,0,200
EDCF-Shield,v1b,FALCON1024+HMAC-SHA512+AES256GCM+DKG4of7,COMPROMISED_CTRL,60,22.39,80,CUMULATIVE,160,112000,93030,0,1570,0.992401,0.984789,0.99304,1,0.986176,98.34,63.37,45.79,0.495816,0.497939,1,3,0,0,76,1448,0.984808,1,0.4938,2,3,0,0,V1,1,0.54211,11725,1,0,0,0.45789,1.45789,0,0,200
EDCF-Shield,v1b,FALCON1024+HMAC-SHA512+AES256GCM+DKG4of7,COMPROMISED_CTRL,60,22.39,81,CYCLE,162,1400,1200,0,20,0.992366,0.978523,0.992908,1,0.985915,98.36,62.75,46.56,0.495817,0.497939,1,3,0,0,76,1448,0.984808,1,0.4938,2,3,0,0,V1,1,0.542013,11729.62963,1,0,0,0.457987,1.457987,0,0,200
EDCF-Shield,v1b,FALCON1024+HMAC-SHA512+AES256GCM+DKG4of7,COMPROMISED_CTRL,60,22.39,81,CUMULATIVE,162,113400,94230,0,1590,0.9924,0.984789,0.993038,1,0.986173,98.34,63.36,45.8,0.495817,0.497939,1,3,0,0,76,1448,0.984808,1,0.4938,2,3,0,0,V1,1,0.542013,11729.62963,1,0,0,0.457987,1.457987,0,0,200
EDCF-Shield,v1b,FALCON1024+HMAC-SHA512+AES256GCM+DKG4of7,COMPROMISED_CTRL,60,22.39,82,CYCLE,164,1400,1200,0,20,0.992366,0.978599,0.992908,1,0.985915,98.36,62.75,46.56,0.495818,0.497939,1,3,0,0,76,1448,0.984807,1,0.4939,2,3,0,0,V1,1,0.541918,11734.14634,1,0,0,0.458082,1.458082,0,0,200
EDCF-Shield,v1b,FALCON1024+HMAC-SHA512+AES256GCM+DKG4of7,COMPROMISED_CTRL,60,22.39,82,CUMULATIVE,164,114800,95430,0,1610,0.9924,0.984788,0.993037,1,0.98617,98.34,63.35,45.81,0.495818,0.497939,1,3,0,0,76,1448,0.984807,1,0.4939,2,3,0,0,V1,1,0.541918,11734.14634,1,0,0,0.458082,1.458082,0,0,200
EDCF-Shield,v1b,FALCON1024+HMAC-SHA512+AES256GCM+DKG4of7,COMPROMISED_CTRL,60,22.39,83,CYCLE,166,1400,1200,0,20,0.992366,0.978673,0.992908,1,0.985915,98.36,62.75,46.56,0.495818,0.497939,1,3,0,0,76,1448,0.984807,1,0.494,2,3,0,0,V1,1,0.541826,11738.55422,1,0,0,0.458174,1.458174,0,0,200
EDCF-Shield,v1b,FALCON1024+HMAC-SHA512+AES256GCM+DKG4of7,COMPROMISED_CTRL,60,22.39,83,CUMULATIVE,166,116200,96630,0,1630,0.9924,0.984788,0.993035,1,0.986167,98.34,63.35,45.82,0.495818,0.497939,1,3,0,0,76,1448,0.984807,1,0.494,2,3,0,0,V1,1,0.541826,11738.55422,1,0,0,0.458174,1.458174,0,0,200
EDCF-Shield,v1b,FALCON1024+HMAC-SHA512+AES256GCM+DKG4of7,COMPROMISED_CTRL,60,22.39,84,CYCLE,168,1400,1200,0,20,0.992366,0.978746,0.992908,1,0.985915,98.36,62.75,46.56,0.495819,0.497939,1,3,0,0,76,1448,0.984807,1,0.494,2,3,0,0,V1,1,0.541736,11742.85714,1,0,0,0.458264,1.458264,0,0,200
EDCF-Shield,v1b,FALCON1024+HMAC-SHA512+AES256GCM+DKG4of7,COMPROMISED_CTRL,60,22.39,84,CUMULATIVE,168,117600,97830,0,1650,0.992399,0.984788,0.993034,1,0.986164,98.34,63.34,45.83,0.495819,0.497939,1,3,0,0,76,1448,0.984807,1,0.494,2,3,0,0,V1,1,0.541736,11742.85714,1,0,0,0.458264,1.458264,0,0,200
EDCF-Shield,v1b,FALCON1024+HMAC-SHA512+AES256GCM+DKG4of7,COMPROMISED_CTRL,60,22.39,85,CYCLE,170,1400,1200,0,20,0.992366,0.978817,0.992908,1,0.985915,98.36,62.75,46.56,0.495819,0.497938,1,3,0,0,76,1448,0.984807,1,0.4941,2,3,0,0,V1,1,0.541648,11747.05882,1,0,0,0.458352,1.458352,0,0,200
EDCF-Shield,v1b,FALCON1024+HMAC-SHA512+AES256GCM+DKG4of7,COMPROMISED_CTRL,60,22.39,85,CUMULATIVE,170,119000,99030,0,1670,0.992399,0.984787,0.993032,1,0.986161,98.34,63.33,45.84,0.495819,0.497938,1,3,0,0,76,1448,0.984807,1,0.4941,2,3,0,0,V1,1,0.541648,11747.05882,1,0,0,0.458352,1.458352,0,0,200
EDCF-Shield,v1b,FALCON1024+HMAC-SHA512+AES256GCM+DKG4of7,COMPROMISED_CTRL,60,22.39,86,CYCLE,172,1400,1200,0,20,0.992366,0.978886,0.992908,1,0.985915,98.36,62.75,46.56,0.49582,0.497938,1,3,0,0,76,1448,0.984806,1,0.4942,2,3,0,0,V1,1,0.541562,11751.16279,1,0,0,0.458438,1.458438,0,0,200
EDCF-Shield,v1b,FALCON1024+HMAC-SHA512+AES256GCM+DKG4of7,COMPROMISED_CTRL,60,22.39,86,CUMULATIVE,172,120400,100230,0,1690,0.992398,0.984787,0.993031,1,0.986158,98.34,63.32,45.84,0.49582,0.497938,1,3,0,0,76,1448,0.984806,1,0.4942,2,3,0,0,V1,1,0.541562,11751.16279,1,0,0,0.458438,1.458438,0,0,200
EDCF-Shield,v1b,FALCON1024+HMAC-SHA512+AES256GCM+DKG4of7,COMPROMISED_CTRL,60,22.39,87,CYCLE,174,1400,1200,0,20,0.992366,0.978953,0.992908,1,0.985915,98.36,62.75,46.56,0.495821,0.497938,1,3,0,0,76,1448,0.984806,1,0.4943,2,3,0,0,V1,1,0.541478,11755.17241,1,0,0,0.458522,1.458522,0,0,200
EDCF-Shield,v1b,FALCON1024+HMAC-SHA512+AES256GCM+DKG4of7,COMPROMISED_CTRL,60,22.39,87,CUMULATIVE,174,121800,101430,0,1710,0.992398,0.984787,0.993029,1,0.986155,98.34,63.32,45.85,0.495821,0.497938,1,3,0,0,76,1448,0.984806,1,0.4943,2,3,0,0,V1,1,0.541478,11755.17241,1,0,0,0.458522,1.458522,0,0,200
EDCF-Shield,v1b,FALCON1024+HMAC-SHA512+AES256GCM+DKG4of7,COMPROMISED_CTRL,60,22.39,88,CYCLE,176,1400,1200,0,20,0.992366,0.979019,0.992908,1,0.985915,98.36,62.75,46.56,0.495821,0.497938,1,3,0,0,76,1448,0.984806,1,0.4943,2,3,0,0,V1,1,0.541396,11759.09091,1,0,0,0.458604,1.458604,0,0,200
EDCF-Shield,v1b,FALCON1024+HMAC-SHA512+AES256GCM+DKG4of7,COMPROMISED_CTRL,60,22.39,88,CUMULATIVE,176,123200,102630,0,1730,0.992398,0.984787,0.993028,1,0.986152,98.34,63.31,45.86,0.495821,0.497938,1,3,0,0,76,1448,0.984806,1,0.4943,2,3,0,0,V1,1,0.541396,11759.09091,1,0,0,0.458604,1.458604,0,0,200
EDCF-Shield,v1b,FALCON1024+HMAC-SHA512+AES256GCM+DKG4of7,COMPROMISED_CTRL,60,22.39,89,CYCLE,178,1400,1200,0,20,0.992366,0.979084,0.992908,1,0.985915,98.36,62.75,46.56,0.495822,0.497938,1,3,0,0,76,1448,0.984806,1,0.4944,2,3,0,0,V1,1,0.541315,11762.92135,1,0,0,0.458685,1.458685,0,0,200
EDCF-Shield,v1b,FALCON1024+HMAC-SHA512+AES256GCM+DKG4of7,COMPROMISED_CTRL,60,22.39,89,CUMULATIVE,178,124600,103830,0,1750,0.992397,0.984786,0.993026,1,0.98615,98.34,63.31,45.87,0.495822,0.497938,1,3,0,0,76,1448,0.984806,1,0.4944,2,3,0,0,V1,1,0.541315,11762.92135,1,0,0,0.458685,1.458685,0,0,200
EDCF-Shield,v1b,FALCON1024+HMAC-SHA512+AES256GCM+DKG4of7,COMPROMISED_CTRL,60,22.39,90,CYCLE,179.5,840,660,0,11,0.99272,0.979153,0.993495,1,0.987074,98.36,64.47,44.41,0.495822,0.497943,1,3,0,0,76,1448,0.984805,1,0.4958,2,3,0,0,V1,1,0.541411,11738.55153,1,0,0,0.458589,1.458589,0,0,200
EDCF-Shield,v1b,FALCON1024+HMAC-SHA512+AES256GCM+DKG4of7,COMPROMISED_CTRL,60,22.39,90,CUMULATIVE,179.5,125440,104490,0,1761,0.992399,0.98479,0.99303,1,0.986156,98.34,63.31,45.86,0.495822,0.497943,1,3,0,0,76,1448,0.984805,1,0.4958,2,3,0,0,V1,1,0.541411,11738.55153,1,0,0,0.458589,1.458589,0,0,200
EDCF-Shield,v1b,FALCON1024+HMAC-SHA512+AES256GCM+DKG4of7,COMPROMISED_CTRL,120,44.78,1,CYCLE,2,800,0,0,0,1,0.5,1,1,1,0,100,0,0,0,1,0,0,0,76,1448,0,1,0,0,0,0,0,V1,0,1,-100,1,0,0,0,0,0,0,200
EDCF-Shield,v1b,FALCON1024+HMAC-SHA512+AES256GCM+DKG4of7,COMPROMISED_CTRL,120,44.78,1,CUMULATIVE,2,800,0,0,0,1,0.5,1,1,1,0,100,0,0,0,1,0,0,0,76,1448,0,1,0,0,0,0,0,V1,0,1,-100,1,0,0,0,0,0,0,200
EDCF-Shield,v1b,FALCON1024+HMAC-SHA512+AES256GCM+DKG4of7,COMPROMISED_CTRL,120,44.78,2,CYCLE,4,800,210,0,10,0.990196,0.735479,0.993789,1,0.987654,95.45,82.75,21.57,0.488372,0.512195,1,3,0,0,76,1448,0.5,1,0.25,2,3,0,0,V1,1,0.879121,1000,1,0,0,0.120879,0.120879,0,0,200
EDCF-Shield,v1b,FALCON1024+HMAC-SHA512+AES256GCM+DKG4of7,COMPROMISED_CTRL,120,44.78,2,CUMULATIVE,4,1600,210,0,10,0.994505,0.97397,0.996885,1,0.993789,95.45,90.33,12.09,0.488372,0.512195,1,3,0,0,76,1448,0.5,1,0.25,2,3,0,0,V1,1,0.879121,1000,1,0,0,0.120879,0.120879,0,0,200
EDCF-Shield,v1b,FALCON1024+HMAC-SHA512+AES256GCM+DKG4of7,COMPROMISED_CTRL,120,44.78,3,CYCLE,6,800,610,0,20,0.986014,0.814295,0.987654,1,0.97561,96.83,64.76,44.06,0.491018,0.5,1,3,0,0,76,1448,0,1,0.3333,2,3,0,0,V1,1,0.738462,2733.333333,1,0,0,0.261538,0.261538,0,0,200
EDCF-Shield,v1b,FALCON1024+HMAC-SHA512+AES256GCM+DKG4of7,COMPROMISED_CTRL,120,44.78,3,CUMULATIVE,6,2400,820,0,30,0.990769,0.976113,0.993789,1,0.987654,96.47,79.08,26.15,0.491018,0.5,1,3,0,0,76,1448,0,1,0.3333,2,3,0,0,V1,1,0.738462,2733.333333,1,0,0,0.261538,0.261538,0,0,200
EDCF-Shield,v1b,FALCON1024+HMAC-SHA512+AES256GCM+DKG4of7,COMPROMISED_CTRL,120,44.78,4,CYCLE,8,800,1010,0,20,0.989071,0.855244,0.987654,1,0.97561,98.06,54.97,56.28,0.493261,0.498638,1,3,0,0,76,1448,0.976113,1,0.375,2,3,0,0,V1,1,0.629921,4600,1,0,0,0.370079,1.370079,0,0,200
EDCF-Shield,v1b,FALCON1024+HMAC-SHA512+AES256GCM+DKG4of7,COMPROMISED_CTRL,120,44.78,4,CUMULATIVE,8,3200,1830,0,50,0.990157,0.978994,0.992248,1,0.984615,97.34,70.39,37.01,0.493261,0.498638,1,3,0,0,76,1448,0.976113,1,0.375,2,3,0,0,V1,1,0.629921,4600,1,0,0,0.370079,1.370079,0,0,200
EDCF-Shield,v1b,FALCON1024+HMAC-SHA512+AES256GCM+DKG4of7,COMPROMISED_CTRL,120,44.78,5,CYCLE,10,800,1410,0,20,0.991031,0.880355,0.987654,1,0.97561,98.6,48.7,64.13,0.494656,0.498462,1,3,0,0,76,1448,0,1,0.4,2,3,0,0,V1,1,0.547196,6520,1,0,0,0.452804,1.452804,0,0,200
EDCF-Shield,v1b,FALCON1024+HMAC-SHA512+AES256GCM+DKG4of7,COMPROMISED_CTRL,120,44.78,5,CUMULATIVE,10,4000,3240,0,70,0.990424,0.980824,0.991326,1,0.982801,97.89,63.78,45.28,0.494656,0.498462,1,3,0,0,76,1448,0,1,0.4,2,3,0,0,V1,1,0.547196,6520,1,0,0,0.452804,1.452804,0,0,200
EDCF-Shield,v1b,FALCON1024+HMAC-SHA512+AES256GCM+DKG4of7,COMPROMISED_CTRL,120,44.78,6,CYCLE,12,560,1816,240,14,0.903422,0.862151,0.815138,0.7,0.97561,99.23,44.33,69.58,0.495881,0.498816,1,3,0,0,76,1448,0.980824,1,0.4167,2,3,0,0,V1,1,0.482897,8466.666667,1,0,0,0.517103,1.517103,0,0,200
EDCF-Shield,v1b,FALCON1024+HMAC-SHA512+AES256GCM+DKG4of7,COMPROMISED_CTRL,120,44.78,6,CUMULATIVE,12,4560,5056,240,84,0.967404,0.935125,0.965693,0.95,0.981912,98.37,58.63,51.71,0.495881,0.498816,1,3,0,0,76,1448,0.980824,1,0.4167,2,3,0,0,V1,1,0.482897,8466.666667,1,0,0,0.517103,1.517103,0,0,200
EDCF-Shield,v1b,FALCON1024+HMAC-SHA512+AES256GCM+DKG4of7,COMPROMISED_CTRL,120,44.78,7,CYCLE,14,0,2230,800,0,0.735974,0.738989,0,0,0,100,41.12,73.6,0.497134,0.49952,1,3,0,0,76,1448,0.957975,1,0.4286,2,3,0,0,V1,1,0.431766,10428.57143,1,0,0,0.568234,1.568234,0,0,200
EDCF-Shield,v1b,FALCON1024+HMAC-SHA512+AES256GCM+DKG4of7,COMPROMISED_CTRL,120,44.78,7,CUMULATIVE,14,4560,7286,1040,84,0.913338,0.829504,0.890277,0.814286,0.981912,98.86,54.54,56.82,0.497134,0.49952,1,3,0,0,76,1448,0.957975,1,0.4286,2,3,0,0,V1,1,0.431766,10428.57143,1,0,0,0.568234,1.568234,0,0,200
EDCF-Shield,v1b,FALCON1024+HMAC-SHA512+AES256GCM+DKG4of7,COMPROMISED_CTRL,120,44.78,8,CYCLE,16,0,2420,800,0,0.751553,0.646617,0,0,0,100,39.88,75.16,0.497846,0.499897,1,3,0,0,76,1448,0,1,0.4375,2,3,0,0,V1,1,0.395306,12137.5,1,0,0,0.604694,1.604694,0,0,200
EDCF-Shield,v1b,FALCON1024+HMAC-SHA512+AES256GCM+DKG4of7,COMPROMISED_CTRL,120,44.78,8,CUMULATIVE,16,4560,9706,1840,84,0.881161,0.760926,0.825788,0.7125,0.981912,99.14,51.62,60.47,0.497846,0.499897,1,3,0,0,76,1448,0,1,0.4375,2,3,0,0,V1,1,0.395306,12137.5,1,0,0,0.604694,1.604694,0,0,200
EDCF-Shield,v1b,FALCON1024+HMAC-SHA512+AES256GCM+DKG4of7,COMPROMISED_CTRL,120,44.78,9,CYCLE,18,0,2420,800,0,0.751553,0.574772,0,0,0,100,39.88,75.16,0.498274,0.500124,1,3,0,0,76,1448,0.760926,1,0.4444,2,3,0,0,V1,1,0.370943,13466.66667,1,0,0,0.629057,1.629057,0,0,200
EDCF-Shield,v1b,FALCON1024+HMAC-SHA512+AES256GCM+DKG4of7,COMPROMISED_CTRL,120,44.78,9,CUMULATIVE,18,4560,12126,2640,84,0.85966,0.709309,0.77001,0.633333,0.981912,99.31,49.68,62.91,0.498274,0.500124,1,3,0,0,76,1448,0.760926,1,0.4444,2,3,0,0,V1,1,0.370943,13466.66667,1,0,0,0.629057,1.629057,0,0,200
EDCF-Shield,v1b,FALCON1024+HMAC-SHA512+AES256GCM+DKG4of7,COMPROMISED_CTRL,120,44.78,10,CYCLE,20,0,2420,800,0,0.751553,0.517296,0,0,0,100,39.88,75.16,0.49856,0.500275,1,3,0,0,76,1448,0.735118,1,0.45,2,3,0,0,V1,1,0.353513,14530,1,0,0,0.646487,1.646487,0,0,200
EDCF-Shield,v1b,FALCON1024+HMAC-SHA512+AES256GCM+DKG4of7,COMPROMISED_CTRL,120,44.78,10,CUMULATIVE,20,4560,14546,3440,84,0.844278,0.667931,0.721291,0.57,0.981912,99.43,48.28,64.65,0.49856,0.500275,1,3,0,0,76,1448,0.735118,1,0.45,2,3,0,0,V1,1,0.353513,14530,1,0,0,0.646487,1.646487,0,0,200
EDCF-Shield,v1b,FALCON1024+HMAC-SHA512+AES256GCM+DKG4of7,COMPROMISED_CTRL,120,44.78,11,CYCLE,22,0,2420,800,0,0.751553,0.470271,0,0,0,100,39.88,75.16,0.498765,0.500383,1,3,0,0,76,1448,0.712722,1,0.4545,2,3,0,0,V1,1,0.340426,15400,1,0,0,0.659574,1.659574,0,0,200
EDCF-Shield,v1b,FALCON1024+HMAC-SHA512+AES256GCM+DKG4of7,COMPROMISED_CTRL,120,44.78,11,CUMULATIVE,22,4560,16966,4240,84,0.832727,0.633521,0.67837,0.518182,0.981912,99.51,47.23,65.96,0.498765,0.500383,1,3,0,0,76,1448,0.712722,1,0.4545,2,3,0,0,V1,1,0.340426,15400,1,0,0,0.659574,1.659574,0,0,200
EDCF-Shield,v1b,FALCON1024+HMAC-SHA512+AES256GCM+DKG4of7,COMPROMISED_CTRL,120,44.78,12,CYCLE,24,0,2420,800,0,0.751553,0.431083,0,0,0,100,39.88,75.16,0.498919,0.500465,1,3,0,0,76,1448,0.692922,1,0.4583,2,3,0,0,V1,1,0.330237,16125,1,0,0,0.669763,1.669763,0,0,200
EDCF-Shield,v1b,FALCON1024+HMAC-SHA512+AES256GCM+DKG4of7,COMPROMISED_CTRL,120,44.78,12,CUMULATIVE,24,4560,19386,5040,84,0.823736,0.604195,0.64027,0.475,0.981912,99.57,46.42,66.98,0.498919,0.500465,1,3,0,0,76,1448,0.692922,1,0.4583,2,3,0,0,V1,1,0.330237,16125,1,0,0,0.669763,1.669763,0,0,200
EDCF-Shield,v1b,FALCON1024+HMAC-SHA512+AES256GCM+DKG4of7,COMPROMISED_CTRL,120,44.78,13,CYCLE,26,0,2420,800,0,0.751553,0.397924,0,0,0,100,39.88,75.16,0.499039,0.500528,1,3,0,0,76,1448,0.675177,1,0.4615,2,3,0,0,V1,1,0.322081,16738.46154,1,0,0,0.677919,1.677919,0,0,200
EDCF-Shield,v1b,FALCON1024+HMAC-SHA512+AES256GCM+DKG4of7,COMPROMISED_CTRL,120,44.78,13,CUMULATIVE,26,4560,21806,5840,84,0.816538,0.57875,0.606222,0.438462,0.981912,99.62,45.77,67.79,0.499039,0.500528,1,3,0,0,76,1448,0.675177,1,0.4615,2,3,0,0,V1,1,0.322081,16738.46154,1,0,0,0.677919,1.677919,0,0,200
EDCF-Shield,v1b,FALCON1024+HMAC-SHA512+AES256GCM+DKG4of7,COMPROMISED_CTRL,120,44.78,14,CYCLE,28,0,2420,800,0,0.751553,0.369502,0,0,0,100,39.88,75.16,0.499135,0.500579,1,3,0,0,76,1448,0.659106,1,0.4643,2,3,0,0,V1,1,0.315404,17264.28571,1,0,0,0.684596,1.684596,0,0,200
EDCF-Shield,v1b,FALCON1024+HMAC-SHA512+AES256GCM+DKG4of7,COMPROMISED_CTRL,120,44.78,14,CUMULATIVE,28,4560,24226,6640,84,0.810645,0.556366,0.575612,0.407143,0.981912,99.65,45.23,68.46,0.499135,0.500579,1,3,0,0,76,1448,0.659106,1,0.4643,2,3,0,0,V1,1,0.315404,17264.28571,1,0,0,0.684596,1.684596,0,0,200
EDCF-Shield,v1b,FALCON1024+HMAC-SHA512+AES256GCM+DKG4of7,COMPROMISED_CTRL,120,44.78,15,CYCLE,30,0,2420,800,0,0.751553,0.344869,0,0,0,100,39.88,75.16,0.499213,0.50062,1,3,0,0,76,1448,0.644429,1,0.4667,2,3,0,0,V1,1,0.309837,17720,1,0,0,0.690163,1.690163,0,0,200
EDCF-Shield,v1b,FALCON1024+HMAC-SHA512+AES256GCM+DKG4of7,COMPROMISED_CTRL,120,44.78,15,CUMULATIVE,30,4560,26646,7440,84,0.805732,0.536455,0.547945,0.38,0.981912,99.69,44.79,69.02,0.499213,0.50062,1,3,0,0,76,1448,0.644429,1,0.4667,2,3,0,0,V1,1,0.309837,17720,1,0,0,0.690163,1.690163,0,0,200
EDCF-Shield,v1b,FALCON1024+HMAC-SHA512+AES256GCM+DKG4of7,COMPROMISED_CTRL,120,44.78,16,CYCLE,32,0,2420,800,0,0.751553,0.323316,0,0,0,100,39.88,75.16,0.499279,0.500655,1,3,0,0,76,1448,0.630932,1,0.4688,2,3,0,0,V1,1,0.305125,18118.75,1,0,0,0.694875,1.694875,0,0,200
EDCF-Shield,v1b,FALCON1024+HMAC-SHA512+AES256GCM+DKG4of7,COMPROMISED_CTRL,120,44.78,16,CUMULATIVE,32,4560,29066,8240,84,0.801573,0.518581,0.522816,0.35625,0.981912,99.71,44.41,69.49,0.499279,0.500655,1,3,0,0,76,1448,0.630932,1,0.4688,2,3,0,0,V1,1,0.305125,18118.75,1,0,0,0.694875,1.694875,0,0,200
EDCF-Shield,v1b,FALCON1024+HMAC-SHA512+AES256GCM+DKG4of7,COMPROMISED_CTRL,120,44.78,17,CYCLE,34,0,2420,800,0,0.751553,0.304298,0,0,0,100,39.88,75.16,0.499334,0.500684,1,3,0,0,76,1448,0.618448,1,0.4706,2,3,0,0,V1,1,0.301085,18470.58824,1,0,0,0.698915,1.698915,0,0,200
EDCF-Shield,v1b,FALCON1024+HMAC-SHA512+AES256GCM+DKG4of7,COMPROMISED_CTRL,120,44.78,17,CUMULATIVE,34,4560,31486,9040,84,0.798008,0.502412,0.49989,0.335294,0.981912,99.73,44.09,69.89,0.499334,0.500684,1,3,0,0,76,1448,0.618448,1,0.4706,2,3,0,0,V1,1,0.301085,18470.58824,1,0,0,0.698915,1.698915,0,0,200
EDCF-Shield,v1b,FALCON1024+HMAC-SHA512+AES256GCM+DKG4of7,COMPROMISED_CTRL,120,44.78,18,CYCLE,36,0,2420,800,0,0.751553,0.287393,0,0,0,100,39.88,75.16,0.499381,0.500709,1,3,0,0,76,1448,0.606845,1,0.4722,2,3,0,0,V1,1,0.297582,18783.33333,1,0,0,0.702418,1.702418,0,0,200
EDCF-Shield,v1b,FALCON1024+HMAC-SHA512+AES256GCM+DKG4of7,COMPROMISED_CTRL,120,44.78,18,CUMULATIVE,36,4560,33906,9840,84,0.794916,0.487687,0.478891,0.316667,0.981912,99.75,43.81,70.24,0.499381,0.500709,1,3,0,0,76,1448,0.606845,1,0.4722,2,3,0,0,V1,1,0.297582,18783.33333,1,0,0,0.702418,1.702418,0,0,200
EDCF-Shield,v1b,FALCON1024+HMAC-SHA512+AES256GCM+DKG4of7,COMPROMISED_CTRL,120,44.78,19,CYCLE,38,0,2420,800,0,0.751553,0.272268,0,0,0,100,39.88,75.16,0.499423,0.500731,1,3,0,0,76,1448,0.596012,1,0.4737,2,3,0,0,V1,1,0.294517,19063.1579,1,0,0,0.705483,1.705483,0,0,200
EDCF-Shield,v1b,FALCON1024+HMAC-SHA512+AES256GCM+DKG4of7,COMPROMISED_CTRL,120,44.78,19,CUMULATIVE,38,4560,36326,10640,84,0.792211,0.474201,0.459585,0.3,0.981912,99.77,43.56,70.55,0.499423,0.500731,1,3,0,0,76,1448,0.596012,1,0.4737,2,3,0,0,V1,1,0.294517,19063.1579,1,0,0,0.705483,1.705483,0,0,200
EDCF-Shield,v1b,FALCON1024+HMAC-SHA512+AES256GCM+DKG4of7,COMPROMISED_CTRL,120,44.78,20,CYCLE,40,0,2420,800,0,0.751553,0.258655,0,0,0,100,39.88,75.16,0.499459,0.50075,1,3,0,0,76,1448,0.585861,1,0.475,2,3,0,0,V1,1,0.291811,19315,1,0,0,0.708189,1.708189,0,0,200
EDCF-Shield,v1b,FALCON1024+HMAC-SHA512+AES256GCM+DKG4of7,COMPROMISED_CTRL,120,44.78,20,CUMULATIVE,40,4560,38746,11440,84,0.789823,0.461787,0.441775,0.285,0.981912,99.78,43.34,70.82,0.499459,0.50075,1,3,0,0,76,1448,0.585861,1,0.475,2,3,0,0,V1,1,0.291811,19315,1,0,0,0.708189,1.708189,0,0,200
EDCF-Shield,v1b,FALCON1024+HMAC-SHA512+AES256GCM+DKG4of7,COMPROMISED_CTRL,120,44.78,21,CYCLE,42,0,2420,800,0,0.751553,0.246339,0,0,0,100,39.88,75.16,0.49949,0.500766,1,3,0,0,76,1448,0.576317,1,0.4762,2,3,0,0,V1,1,0.289406,19542.85714,1,0,0,0.710594,1.710594,0,0,200
EDCF-Shield,v1b,FALCON1024+HMAC-SHA512+AES256GCM+DKG4of7,COMPROMISED_CTRL,120,44.78,21,CUMULATIVE,42,4560,41166,12240,84,0.7877,0.450309,0.425294,0.271429,0.981912,99.8,43.15,71.06,0.49949,0.500766,1,3,0,0,76,1448,0.576317,1,0.4762,2,3,0,0,V1,1,0.289406,19542.85714,1,0,0,0.710594,1.710594,0,0,200
EDCF-Shield,v1b,FALCON1024+HMAC-SHA512+AES256GCM+DKG4of7,COMPROMISED_CTRL,120,44.78,22,CYCLE,44,0,2420,800,0,0.751553,0.235143,0,0,0,100,39.88,75.16,0.499519,0.500781,1,3,0,0,76,1448,0.567317,1,0.4773,2,3,0,0,V1,1,0.287253,19750,1,0,0,0.712747,1.712747,0,0,200
EDCF-Shield,v1b,FALCON1024+HMAC-SHA512+AES256GCM+DKG4of7,COMPROMISED_CTRL,120,44.78,22,CUMULATIVE,44,4560,43586,13040,84,0.785801,0.439653,0.409998,0.259091,0.981912,99.81,42.98,71.27,0.499519,0.500781,1,3,0,0,76,1448,0.567317,1,0.4773,2,3,0,0,V1,1,0.287253,19750,1,0,0,0.712747,1.712747,0,0,200
EDCF-Shield,v1b,FALCON1024+HMAC-SHA512+AES256GCM+DKG4of7,COMPROMISED_CTRL,120,44.78,23,CYCLE,46,0,2420,800,0,0.751553,0.22492,0,0,0,100,39.88,75.16,0.499544,0.500795,1,3,0,0,76,1448,0.558806,1,0.4783,2,3,0,0,V1,1,0.285316,19939.13044,1,0,0,0.714684,1.714684,0,0,200
EDCF-Shield,v1b,FALCON1024+HMAC-SHA512+AES256GCM+DKG4of7,COMPROMISED_CTRL,120,44.78,23,CUMULATIVE,46,4560,46006,13840,84,0.784091,0.429724,0.395765,0.247826,0.981912,99.82,42.83,71.47,0.499544,0.500795,1,3,0,0,76,1448,0.558806,1,0.4783,2,3,0,0,V1,1,0.285316,19939.13044,1,0,0,0.714684,1.714684,0,0,200
EDCF-Shield,v1b,FALCON1024+HMAC-SHA512+AES256GCM+DKG4of7,COMPROMISED_CTRL,120,44.78,24,CYCLE,48,0,2420,800,0,0.751553,0.215549,0,0,0,100,39.88,75.16,0.499567,0.500807,1,3,0,0,76,1448,0.550738,1,0.4792,2,3,0,0,V1,1,0.283562,20112.5,1,0,0,0.716438,1.716438,0,0,200
EDCF-Shield,v1b,FALCON1024+HMAC-SHA512+AES256GCM+DKG4of7,COMPROMISED_CTRL,120,44.78,24,CUMULATIVE,48,4560,48426,14640,84,0.782543,0.420444,0.382486,0.2375,0.981912,99.83,42.68,71.64,0.499567,0.500807,1,3,0,0,76,1448,0.550738,1,0.4792,2,3,0,0,V1,1,0.283562,20112.5,1,0,0,0.716438,1.716438,0,0,200
EDCF-Shield,v1b,FALCON1024+HMAC-SHA512+AES256GCM+DKG4of7,COMPROMISED_CTRL,120,44.78,25,CYCLE,50,0,2420,800,0,0.751553,0.206927,0,0,0,100,39.88,75.16,0.499587,0.500818,1,3,0,0,76,1448,0.543074,1,0.48,2,3,0,0,V1,1,0.281968,20272,1,0,0,0.718032,1.718032,0,0,200
EDCF-Shield,v1b,FALCON1024+HMAC-SHA512+AES256GCM+DKG4of7,COMPROMISED_CTRL,120,44.78,25,CUMULATIVE,50,4560,50846,15440,84,0.781136,0.411743,0.37007,0.228,0.981912,99.84,42.56,71.8,0.499587,0.500818,1,3,0,0,76,1448,0.543074,1,0.48,2,3,0,0,V1,1,0.281968,20272,1,0,0,0.718032,1.718032,0,0,200
EDCF-Shield,v1b,FALCON1024+HMAC-SHA512+AES256GCM+DKG4of7,COMPROMISED_CTRL,120,44.78,26,CYCLE,52,0,2420,800,0,0.751553,0.198969,0,0,0,100,39.88,75.16,0.499606,0.500827,1,3,0,0,76,1448,0.535778,1,0.4808,2,3,0,0,V1,1,0.280512,20419.23077,1,0,0,0.719488,1.719488,0,0,200
EDCF-Shield,v1b,FALCON1024+HMAC-SHA512+AES256GCM+DKG4of7,COMPROMISED_CTRL,120,44.78,26,CUMULATIVE,52,4560,53266,16240,84,0.779852,0.403564,0.358434,0.219231,0.981912,99.84,42.44,71.95,0.499606,0.500827,1,3,0,0,76,1448,0.535778,1,0.4808,2,3,0,0,V1,1,0.280512,20419.23077,1,0,0,0.719488,1.719488,0,0,200
EDCF-Shield,v1b,FALCON1024+HMAC-SHA512+AES256GCM+DKG4of7,COMPROMISED_CTRL,120,44.78,27,CYCLE,54,0,2420,800,0,0.751553,0.1916,0,0,0,100,39.88,75.16,0.499623,0.500836,1,3,0,0,76,1448,0.528819,1,0.4815,2,3,0,0,V1,1,0.279178,20555.55556,1,0,0,0.720822,1.720822,0,0,200
EDCF-Shield,v1b,FALCON1024+HMAC-SHA512+AES256GCM+DKG4of7,COMPROMISED_CTRL,120,44.78,27,CUMULATIVE,54,4560,55686,17040,84,0.778674,0.395856,0.347508,0.211111,0.981912,99.85,42.33,72.08,0.499623,0.500836,1,3,0,0,76,1448,0.528819,1,0.4815,2,3,0,0,V1,1,0.279178,20555.55556,1,0,0,0.720822,1.720822,0,0,200
EDCF-Shield,v1b,FALCON1024+HMAC-SHA512+AES256GCM+DKG4of7,COMPROMISED_CTRL,120,44.78,28,CYCLE,56,0,2420,800,0,0.751553,0.184758,0,0,0,100,39.88,75.16,0.499639,0.500845,1,3,0,0,76,1448,0.522171,1,0.4821,2,3,0,0,V1,1,0.27795,20682.14286,1,0,0,0.72205,1.72205,0,0,200
EDCF-Shield,v1b,FALCON1024+HMAC-SHA512+AES256GCM+DKG4of7,COMPROMISED_CTRL,120,44.78,28,CUMULATIVE,56,4560,58106,17840,84,0.77759,0.388576,0.337228,0.203571,0.981912,99.86,42.24,72.2,0.499639,0.500845,1,3,0,0,76,1448,0.522171,1,0.4821,2,3,0,0,V1,1,0.27795,20682.14286,1,0,0,0.72205,1.72205,0,0,200
EDCF-Shield,v1b,FALCON1024+HMAC-SHA512+AES256GCM+DKG4of7,COMPROMISED_CTRL,120,44.78,29,CYCLE,58,0,2420,800,0,0.751553,0.178388,0,0,0,100,39.88,75.16,0.499653,0.500852,1,3,0,0,76,1448,0.515809,1,0.4828,2,3,0,0,V1,1,0.276817,20800,1,0,0,0.723183,1.723183,0,0,200
EDCF-Shield,v1b,FALCON1024+HMAC-SHA512+AES256GCM+DKG4of7,COMPROMISED_CTRL,120,44.78,29,CUMULATIVE,58,4560,60526,18640,84,0.77659,0.381684,0.327539,0.196552,0.981912,99.86,42.15,72.32,0.499653,0.500852,1,3,0,0,76,1448,0.515809,1,0.4828,2,3,0,0,V1,1,0.276817,20800,1,0,0,0.723183,1.723183,0,0,200
EDCF-Shield,v1b,FALCON1024+HMAC-SHA512+AES256GCM+DKG4of7,COMPROMISED_CTRL,120,44.78,30,CYCLE,60,0,2420,800,0,0.751553,0.172442,0,0,0,100,39.88,75.16,0.499667,0.500859,1,3,0,0,76,1448,0.509713,1,0.4833,2,3,0,0,V1,1,0.275767,20910,1,0,0,0.724233,1.724233,0,0,200
EDCF-Shield,v1b,FALCON1024+HMAC-SHA512+AES256GCM+DKG4of7,COMPROMISED_CTRL,120,44.78,30,CUMULATIVE,60,4560,62946,19440,84,0.775664,0.375148,0.318391,0.19,0.981912,99.87,42.06,72.42,0.499667,0.500859,1,3,0,0,76,1448,0.509713,1,0.4833,2,3,0,0,V1,1,0.275767,20910,1,0,0,0.724233,1.724233,0,0,200
EDCF-Shield,v1b,FALCON1024+HMAC-SHA512+AES256GCM+DKG4of7,COMPROMISED_CTRL,120,44.78,31,CYCLE,62,0,2420,800,0,0.751553,0.16688,0,0,0,100,39.88,75.16,0.499679,0.500866,1,3,0,0,76,1448,0.503862,1,0.4839,2,3,0,0,V1,1,0.274792,21012.90323,1,0,0,0.725208,1.725208,0,0,200
EDCF-Shield,v1b,FALCON1024+HMAC-SHA512+AES256GCM+DKG4of7,COMPROMISED_CTRL,120,44.78,31,CUMULATIVE,62,4560,65366,20240,84,0.774803,0.368938,0.309741,0.183871,0.981912,99.87,41.98,72.52,0.499679,0.500866,1,3,0,0,76,1448,0.503862,1,0.4839,2,3,0,0,V1,1,0.274792,21012.90323,1,0,0,0.725208,1.725208,0,0,200
EDCF-Shield,v1b,FALCON1024+HMAC-SHA512+AES256GCM+DKG4of7,COMPROMISED_CTRL,120,44.78,32,CYCLE,64,0,2420,800,0,0.751553,0.161665,0,0,0,100,39.88,75.16,0.49969,0.500872,1,3,0,0,76,1448,0.49824,1,0.4844,2,3,0,0,V1,1,0.273885,21109.375,1,0,0,0.726115,1.726115,0,0,200
EDCF-Shield,v1b,FALCON1024+HMAC-SHA512+AES256GCM+DKG4of7,COMPROMISED_CTRL,120,44.78,32,CUMULATIVE,64,4560,67786,21040,84,0.774002,0.363027,0.301547,0.178125,0.981912,99.88,41.91,72.61,0.49969,0.500872,1,3,0,0,76,1448,0.49824,1,0.4844,2,3,0,0,V1,1,0.273885,21109.375,1,0,0,0.726115,1.726115,0,0,200
EDCF-Shield,v1b,FALCON1024+HMAC-SHA512+AES256GCM+DKG4of7,COMPROMISED_CTRL,120,44.78,33,CYCLE,66,0,2420,800,0,0.751553,0.156767,0,0,0,100,39.88,75.16,0.499701,0.500878,1,3,0,0,76,1448,0.492832,1,0.4848,2,3,0,0,V1,1,0.273038,21200,1,0,0,0.726962,1.726962,0,0,200
EDCF-Shield,v1b,FALCON1024+HMAC-SHA512+AES256GCM+DKG4of7,COMPROMISED_CTRL,120,44.78,33,CUMULATIVE,66,4560,70206,21840,84,0.773255,0.357393,0.293777,0.172727,0.981912,99.88,41.84,72.7,0.499701,0.500878,1,3,0,0,76,1448,0.492832,1,0.4848,2,3,0,0,V1,1,0.273038,21200,1,0,0,0.726962,1.726962,0,0,200
EDCF-Shield,v1b,FALCON1024+HMAC-SHA512+AES256GCM+DKG4of7,COMPROMISED_CTRL,120,44.78,34,CYCLE,68,0,2420,800,0,0.751553,0.152156,0,0,0,100,39.88,75.16,0.499711,0.500883,1,3,0,0,76,1448,0.487622,1,0.4853,2,3,0,0,V1,1,0.272245,21285.29412,1,0,0,0.727755,1.727755,0,0,200
EDCF-Shield,v1b,FALCON1024+HMAC-SHA512+AES256GCM+DKG4of7,COMPROMISED_CTRL,120,44.78,34,CUMULATIVE,68,4560,72626,22640,84,0.772555,0.352013,0.286396,0.167647,0.981912,99.88,41.78,72.78,0.499711,0.500883,1,3,0,0,76,1448,0.487622,1,0.4853,2,3,0,0,V1,1,0.272245,21285.29412,1,0,0,0.727755,1.727755,0,0,200
EDCF-Shield,v1b,FALCON1024+HMAC-SHA512+AES256GCM+DKG4of7,COMPROMISED_CTRL,120,44.78,35,CYCLE,70,0,2420,800,0,0.751553,0.147809,0,0,0,100,39.88,75.16,0.49972,0.500888,1,3,0,0,76,1448,0.4826,1,0.4857,2,3,0,0,V1,1,0.271502,21365.71429,1,0,0,0.728498,1.728498,0,0,200
EDCF-Shield,v1b,FALCON1024+HMAC-SHA512+AES256GCM+DKG4of7,COMPROMISED_CTRL,120,44.78,35,CUMULATIVE,70,4560,75046,23440,84,0.7719,0.34687,0.279378,0.162857,0.981912,99.89,41.72,72.85,0.49972,0.500888,1,3,0,0,76,1448,0.4826,1,0.4857,2,3,0,0,V1,1,0.271502,21365.71429,1,0,0,0.728498,1.728498,0,0,200
EDCF-Shield,v1b,FALCON1024+HMAC-SHA512+AES256GCM+DKG4of7,COMPROMISED_CTRL,120,44.78,36,CYCLE,72,0,2420,800,0,0.751553,0.143704,0,0,0,100,39.88,75.16,0.499729,0.500892,1,3,0,0,76,1448,0.477752,1,0.4861,2,3,0,0,V1,1,0.270804,21441.66667,1,0,0,0.729196,1.729196,0,0,200
EDCF-Shield,v1b,FALCON1024+HMAC-SHA512+AES256GCM+DKG4of7,COMPROMISED_CTRL,120,44.78,36,CUMULATIVE,72,4560,77466,24240,84,0.771283,0.341947,0.272695,0.158333,0.981912,99.89,41.66,72.92,0.499729,0.500892,1,3,0,0,76,1448,0.477752,1,0.4861,2,3,0,0,V1,1,0.270804,21441.66667,1,0,0,0.729196,1.729196,0,0,200
EDCF-Shield,v1b,FALCON1024+HMAC-SHA512+AES256GCM+DKG4of7,COMPROMISED_CTRL,120,44.78,37,CYCLE,74,0,2420,800,0,0.751553,0.13982,0,0,0,100,39.88,75.16,0.499737,0.500897,1,3,0,0,76,1448,0.473069,1,0.4865,2,3,0,0,V1,1,0.270147,21513.51351,1,0,0,0.729853,1.729853,0,0,200
EDCF-Shield,v1b,FALCON1024+HMAC-SHA512+AES256GCM+DKG4of7,COMPROMISED_CTRL,120,44.78,37,CUMULATIVE,74,4560,79886,25040,84,0.770704,0.337228,0.266324,0.154054,0.981912,99.89,41.61,72.99,0.499737,0.500897,1,3,0,0,76,1448,0.473069,1,0.4865,2,3,0,0,V1,1,0.270147,21513.51351,1,0,0,0.729853,1.729853,0,0,200
EDCF-Shield,v1b,FALCON1024+HMAC-SHA512+AES256GCM+DKG4of7,COMPROMISED_CTRL,120,44.78,38,CYCLE,76,0,2420,800,0,0.751553,0.136141,0,0,0,100,39.88,75.16,0.499745,0.500901,1,3,0,0,76,1448,0.468541,1,0.4868,2,3,0,0,V1,1,0.269527,21581.57895,1,0,0,0.730473,1.730473,0,0,200
EDCF-Shield,v1b,FALCON1024+HMAC-SHA512+AES256GCM+DKG4of7,COMPROMISED_CTRL,120,44.78,38,CUMULATIVE,76,4560,82306,25840,84,0.770157,0.332699,0.260244,0.15,0.981912,99.9,41.56,73.05,0.499745,0.500901,1,3,0,0,76,1448,0.468541,1,0.4868,2,3,0,0,V1,1,0.269527,21581.57895,1,0,0,0.730473,1.730473,0,0,200
EDCF-Shield,v1b,FALCON1024+HMAC-SHA512+AES256GCM+DKG4of7,COMPROMISED_CTRL,120,44.78,39,CYCLE,78,0,2420,800,0,0.751553,0.132651,0,0,0,100,39.88,75.16,0.499752,0.500905,1,3,0,0,76,1448,0.464159,1,0.4872,2,3,0,0,V1,1,0.268942,21646.15385,1,0,0,0.731058,1.731058,0,0,200
EDCF-Shield,v1b,FALCON1024+HMAC-SHA512+AES256GCM+DKG4of7,COMPROMISED_CTRL,120,44.78,39,CUMULATIVE,78,4560,84726,26640,84,0.769641,0.328349,0.254436,0.146154,0.981912,99.9,41.52,73.11,0.499752,0.500905,1,3,0,0,76,1448,0.464159,1,0.4872,2,3,0,0,V1,1,0.268942,21646.15385,1,0,0,0.731058,1.731058,0,0,200
EDCF-Shield,v1b,FALCON1024+HMAC-SHA512+AES256GCM+DKG4of7,COMPROMISED_CTRL,120,44.78,40,CYCLE,80,0,2420,800,0,0.751553,0.129335,0,0,0,100,39.88,75.16,0.499759,0.500908,1,3,0,0,76,1448,0.459915,1,0.4875,2,3,0,0,V1,1,0.268389,21707.5,1,0,0,0.731611,1.731611,0,0,200
EDCF-Shield,v1b,FALCON1024+HMAC-SHA512+AES256GCM+DKG4of7,COMPROMISED_CTRL,120,44.78,40,CUMULATIVE,80,4560,87146,27440,84,0.769152,0.324165,0.248881,0.1425,0.981912,99.9,41.47,73.16,0.499759,0.500908,1,3,0,0,76,1448,0.459915,1,0.4875,2,3,0,0,V1,1,0.268389,21707.5,1,0,0,0.731611,1.731611,0,0,200
EDCF-Shield,v1b,FALCON1024+HMAC-SHA512+AES256GCM+DKG4of7,COMPROMISED_CTRL,120,44.78,41,CYCLE,82,0,2420,800,0,0.751553,0.126181,0,0,0,100,39.88,75.16,0.499766,0.500912,1,3,0,0,76,1448,0.455802,1,0.4878,2,3,0,0,V1,1,0.267864,21765.85366,1,0,0,0.732136,1.732136,0,0,200
EDCF-Shield,v1b,FALCON1024+HMAC-SHA512+AES256GCM+DKG4of7,COMPROMISED_CTRL,120,44.78,41,CUMULATIVE,82,4560,89566,28240,84,0.768689,0.320137,0.243564,0.139024,0.981912,99.91,41.43,73.21,0.499766,0.500912,1,3,0,0,76,1448,0.455802,1,0.4878,2,3,0,0,V1,1,0.267864,21765.85366,1,0,0,0.732136,1.732136,0,0,200
EDCF-Shield,v1b,FALCON1024+HMAC-SHA512+AES256GCM+DKG4of7,COMPROMISED_CTRL,120,44.78,42,CYCLE,84,0,2420,800,0,0.751553,0.123177,0,0,0,100,39.88,75.16,0.499772,0.500915,1,3,0,0,76,1448,0.451812,1,0.4881,2,3,0,0,V1,1,0.267367,21821.42857,1,0,0,0.732633,1.732633,0,0,200
EDCF-Shield,v1b,FALCON1024+HMAC-SHA512+AES256GCM+DKG4of7,COMPROMISED_CTRL,120,44.78,42,CUMULATIVE,84,4560,91986,29040,84,0.76825,0.316256,0.238469,0.135714,0.981912,99.91,41.39,73.26,0.499772,0.500915,1,3,0,0,76,1448,0.451812,1,0.4881,2,3,0,0,V1,1,0.267367,21821.42857,1,0,0,0.732633,1.732633,0,0,200
EDCF-Shield,v1b,FALCON1024+HMAC-SHA512+AES256GCM+DKG4of7,COMPROMISED_CTRL,120,44.78,43,CYCLE,86,0,2420,800,0,0.751553,0.120313,0,0,0,100,39.88,75.16,0.499778,0.500918,1,3,0,0,76,1448,0.447939,1,0.4884,2,3,0,0,V1,1,0.266894,21874.41861,1,0,0,0.733106,1.733106,0,0,200
EDCF-Shield,v1b,FALCON1024+HMAC-SHA512+AES256GCM+DKG4of7,COMPROMISED_CTRL,120,44.78,43,CUMULATIVE,86,4560,94406,29840,84,0.767833,0.312514,0.233583,0.132558,0.981912,99.91,41.35,73.31,0.499778,0.500918,1,3,0,0,76,1448,0.447939,1,0.4884,2,3,0,0,V1,1,0.266894,21874.41861,1,0,0,0.733106,1.733106,0,0,200
EDCF-Shield,v1b,FALCON1024+HMAC-SHA512+AES256GCM+DKG4of7,COMPROMISED_CTRL,120,44.78,44,CYCLE,88,0,2420,800,0,0.751553,0.117579,0,0,0,100,39.88,75.16,0.499783,0.500921,1,3,0,0,76,1448,0.444177,1,0.4886,2,3,0,0,V1,1,0.266445,21925,1,0,0,0.733555,1.733555,0,0,200
EDCF-Shield,v1b,FALCON1024+HMAC-SHA512+AES256GCM+DKG4of7,COMPROMISED_CTRL,120,44.78,44,CUMULATIVE,88,4560,96826,30640,84,0.767436,0.308901,0.228893,0.129545,0.981912,99.91,41.32,73.36,0.499783,0.500921,1,3,0,0,76,1448,0.444177,1,0.4886,2,3,0,0,V1,1,0.266445,21925,1,0,0,0.733555,1.733555,0,0,200
EDCF-Shield,v1b,FALCON1024+HMAC-SHA512+AES256GCM+DKG4of7,COMPROMISED_CTRL,120,44.78,45,CYCLE,90,0,2420,800,0,0.751553,0.114966,0,0,0,100,39.88,75.16,0.499788,0.500924,1,3,0,0,76,1448,0.440521,1,0.4889,2,3,0,0,V1,1,0.266016,21973.33333,1,0,0,0.733984,1.733984,0,0,200
EDCF-Shield,v1b,FALCON1024+HMAC-SHA512+AES256GCM+DKG4of7,COMPROMISED_CTRL,120,44.78,45,CUMULATIVE,90,4560,99246,31440,84,0.767058,0.305411,0.224387,0.126667,0.981912,99.92,41.28,73.4,0.499788,0.500924,1,3,0,0,76,1448,0.440521,1,0.4889,2,3,0,0,V1,1,0.266016,21973.33333,1,0,0,0.733984,1.733984,0,0,200
EDCF-Shield,v1b,FALCON1024+HMAC-SHA512+AES256GCM+DKG4of7,COMPROMISED_CTRL,120,44.78,46,CYCLE,92,0,2420,800,0,0.751553,0.112467,0,0,0,100,39.88,75.16,0.499794,0.500926,1,3,0,0,76,1448,0.436965,1,0.4891,2,3,0,0,V1,1,0.265608,22019.56522,1,0,0,0.734392,1.734392,0,0,200
EDCF-Shield,v1b,FALCON1024+HMAC-SHA512+AES256GCM+DKG4of7,COMPROMISED_CTRL,120,44.78,46,CUMULATIVE,92,4560,101666,32240,84,0.766698,0.302036,0.220056,0.123913,0.981912,99.92,41.25,73.44,0.499794,0.500926,1,3,0,0,76,1448,0.436965,1,0.4891,2,3,0,0,V1,1,0.265608,22019.56522,1,0,0,0.734392,1.734392,0,0,200
EDCF-Shield,v1b,FALCON1024+HMAC-SHA512+AES256GCM+DKG4of7,COMPROMISED_CTRL,120,44.78,47,CYCLE,94,0,2420,800,0,0.751553,0.110074,0,0,0,100,39.88,75.16,0.499798,0.500929,1,3,0,0,76,1448,0.433505,1,0.4894,2,3,0,0,V1,1,0.265218,22063.82979,1,0,0,0.734782,1.734782,0,0,200
EDCF-Shield,v1b,FALCON1024+HMAC-SHA512+AES256GCM+DKG4of7,COMPROMISED_CTRL,120,44.78,47,CUMULATIVE,94,4560,104086,33040,84,0.766354,0.298771,0.215889,0.121277,0.981912,99.92,41.22,73.48,0.499798,0.500929,1,3,0,0,76,1448,0.433505,1,0.4894,2,3,0,0,V1,1,0.265218,22063.82979,1,0,0,0.734782,1.734782,0,0,200
EDCF-Shield,v1b,FALCON1024+HMAC-SHA512+AES256GCM+DKG4of7,COMPROMISED_CTRL,120,44.78,48,CYCLE,96,0,2420,800,0,0.751553,0.107782,0,0,0,100,39.88,75.16,0.499803,0.500931,1,3,0,0,76,1448,0.430137,1,0.4896,2,3,0,0,V1,1,0.264846,22106.25,1,0,0,0.735154,1.735154,0,0,200
EDCF-Shield,v1b,FALCON1024+HMAC-SHA512+AES256GCM+DKG4of7,COMPROMISED_CTRL,120,44.78,48,CUMULATIVE,96,4560,106506,33840,84,0.766025,0.29561,0.211876,0.11875,0.981912,99.92,41.19,73.52,0.499803,0.500931,1,3,0,0,76,1448,0.430137,1,0.4896,2,3,0,0,V1,1,0.264846,22106.25,1,0,0,0.735154,1.735154,0,0,200
EDCF-Shield,v1b,FALCON1024+HMAC-SHA512+AES256GCM+DKG4of7,COMPROMISED_CTRL,120,44.78,49,CYCLE,98,0,2420,800,0,0.751553,0.105582,0,0,0,100,39.88,75.16,0.499807,0.500934,1,3,0,0,76,1448,0.426856,1,0.4898,2,3,0,0,V1,1,0.26449,22146.93878,1,0,0,0.73551,1.73551,0,0,200
EDCF-Shield,v1b,FALCON1024+HMAC-SHA512+AES256GCM+DKG4of7,COMPROMISED_CTRL,120,44.78,49,CUMULATIVE,98,4560,108926,34640,84,0.765711,0.292548,0.20801,0.116327,0.981912,99.92,41.16,73.55,0.499807,0.500934,1,3,0,0,76,1448,0.426856,1,0.4898,2,3,0,0,V1,1,0.26449,22146.93878,1,0,0,0.73551,1.73551,0,0,200
EDCF-Shield,v1b,FALCON1024+HMAC-SHA512+AES256GCM+DKG4of7,COMPROMISED_CTRL,120,44.78,50,CYCLE,100,0,2420,800,0,0.751553,0.103471,0,0,0,100,39.88,75.16,0.499811,0.500936,1,3,0,0,76,1448,0.423658,1,0.49,2,3,0,0,V1,1,0.264148,22186,1,0,0,0.735852,1.735852,0,0,200
EDCF-Shield,v1b,FALCON1024+HMAC-SHA512+AES256GCM+DKG4of7,COMPROMISED_CTRL,120,44.78,50,CUMULATIVE,100,4560,111346,35440,84,0.76541,0.289578,0.204283,0.114,0.981912,99.92,41.13,73.59,0.499811,0.500936,1,3,0,0,76,1448,0.423658,1,0.49,2,3,0,0,V1,1,0.264148,22186,1,0,0,0.735852,1.735852,0,0,200
EDCF-Shield,v1b,FALCON1024+HMAC-SHA512+AES256GCM+DKG4of7,COMPROMISED_CTRL,120,44.78,51,CYCLE,102,0,2420,800,0,0.751553,0.101442,0,0,0,100,39.88,75.16,0.499815,0.500938,1,3,0,0,76,1448,0.42054,1,0.4902,2,3,0,0,V1,1,0.263822,22223.52941,1,0,0,0.736178,1.736178,0,0,200
EDCF-Shield,v1b,FALCON1024+HMAC-SHA512+AES256GCM+DKG4of7,COMPROMISED_CTRL,120,44.78,51,CUMULATIVE,102,4560,113766,36240,84,0.765121,0.286698,0.200687,0.111765,0.981912,99.93,41.11,73.62,0.499815,0.500938,1,3,0,0,76,1448,0.42054,1,0.4902,2,3,0,0,V1,1,0.263822,22223.52941,1,0,0,0.736178,1.736178,0,0,200
EDCF-Shield,v1b,FALCON1024+HMAC-SHA512+AES256GCM+DKG4of7,COMPROMISED_CTRL,120,44.78,52,CYCLE,104,0,2420,800,0,0.751553,0.099492,0,0,0,100,39.88,75.16,0.499819,0.50094,1,3,0,0,76,1448,0.417498,1,0.4904,2,3,0,0,V1,1,0.263508,22259.61539,1,0,0,0.736492,1.736492,0,0,200
EDCF-Shield,v1b,FALCON1024+HMAC-SHA512+AES256GCM+DKG4of7,COMPROMISED_CTRL,120,44.78,52,CUMULATIVE,104,4560,116186,37040,84,0.764844,0.283902,0.197215,0.109615,0.981912,99.93,41.08,73.65,0.499819,0.50094,1,3,0,0,76,1448,0.417498,1,0.4904,2,3,0,0,V1,1,0.263508,22259.61539,1,0,0,0.736492,1.736492,0,0,200
EDCF-Shield,v1b,FALCON1024+HMAC-SHA512+AES256GCM+DKG4of7,COMPROMISED_CTRL,120,44.78,53,CYCLE,106,0,2420,800,0,0.751553,0.097615,0,0,0,100,39.88,75.16,0.499823,0.500942,1,3,0,0,76,1448,0.414529,1,0.4906,2,3,0,0,V1,1,0.263207,22294.33962,1,0,0,0.736793,1.736793,0,0,200
EDCF-Shield,v1b,FALCON1024+HMAC-SHA512+AES256GCM+DKG4of7,COMPROMISED_CTRL,120,44.78,53,CUMULATIVE,106,4560,118606,37840,84,0.764579,0.281186,0.193861,0.107547,0.981912,99.93,41.06,73.68,0.499823,0.500942,1,3,0,0,76,1448,0.414529,1,0.4906,2,3,0,0,V1,1,0.263207,22294.33962,1,0,0,0.736793,1.736793,0,0,200
EDCF-Shield,v1b,FALCON1024+HMAC-SHA512+AES256GCM+DKG4of7,COMPROMISED_CTRL,120,44.78,54,CYCLE,108,0,2420,800,0,0.751553,0.095807,0,0,0,100,39.88,75.16,0.499827,0.500944,1,3,0,0,76,1448,0.411631,1,0.4907,2,3,0,0,V1,1,0.262918,22327.77778,1,0,0,0.737082,1.737082,0,0,200
EDCF-Shield,v1b,FALCON1024+HMAC-SHA512+AES256GCM+DKG4of7,COMPROMISED_CTRL,120,44.78,54,CUMULATIVE,108,4560,121026,38640,84,0.764324,0.278546,0.19062,0.105556,0.981912,99.93,41.03,73.71,0.499827,0.500944,1,3,0,0,76,1448,0.411631,1,0.4907,2,3,0,0,V1,1,0.262918,22327.77778,1,0,0,0.737082,1.737082,0,0,200
EDCF-Shield,v1b,FALCON1024+HMAC-SHA512+AES256GCM+DKG4of7,COMPROMISED_CTRL,120,44.78,55,CYCLE,110,0,2420,800,0,0.751553,0.094066,0,0,0,100,39.88,75.16,0.49983,0.500946,1,3,0,0,76,1448,0.408799,1,0.4909,2,3,0,0,V1,1,0.26264,22360,1,0,0,0.73736,1.73736,0,0,200
EDCF-Shield,v1b,FALCON1024+HMAC-SHA512+AES256GCM+DKG4of7,COMPROMISED_CTRL,120,44.78,55,CUMULATIVE,110,4560,123446,39440,84,0.764078,0.27598,0.187485,0.103636,0.981912,99.93,41.01,73.74,0.49983,0.500946,1,3,0,0,76,1448,0.408799,1,0.4909,2,3,0,0,V1,1,0.26264,22360,1,0,0,0.73736,1.73736,0,0,200
EDCF-Shield,v1b,FALCON1024+HMAC-SHA512+AES256GCM+DKG4of7,COMPROMISED_CTRL,120,44.78,56,CYCLE,112,0,2420,800,0,0.751553,0.092386,0,0,0,100,39.88,75.16,0.499833,0.500947,1,3,0,0,76,1448,0.406032,1,0.4911,2,3,0,0,V1,1,0.262372,22391.07143,1,0,0,0.737628,1.737628,0,0,200
EDCF-Shield,v1b,FALCON1024+HMAC-SHA512+AES256GCM+DKG4of7,COMPROMISED_CTRL,120,44.78,56,CUMULATIVE,112,4560,125866,40240,84,0.763842,0.273484,0.184451,0.101786,0.981912,99.93,40.99,73.76,0.499833,0.500947,1,3,0,0,76,1448,0.406032,1,0.4911,2,3,0,0,V1,1,0.262372,22391.07143,1,0,0,0.737628,1.737628,0,0,200
EDCF-Shield,v1b,FALCON1024+HMAC-SHA512+AES256GCM+DKG4of7,COMPROMISED_CTRL,120,44.78,57,CYCLE,114,0,2420,800,0,0.751553,0.090766,0,0,0,100,39.88,75.16,0.499836,0.500949,1,3,0,0,76,1448,0.403327,1,0.4912,2,3,0,0,V1,1,0.262114,22421.05263,1,0,0,0.737886,1.737886,0,0,200
EDCF-Shield,v1b,FALCON1024+HMAC-SHA512+AES256GCM+DKG4of7,COMPROMISED_CTRL,120,44.78,57,CUMULATIVE,114,4560,128286,41040,84,0.763614,0.271054,0.181514,0.1,0.981912,99.93,40.97,73.79,0.499836,0.500949,1,3,0,0,76,1448,0.403327,1,0.4912,2,3,0,0,V1,1,0.262114,22421.05263,1,0,0,0.737886,1.737886,0,0,200
EDCF-Shield,v1b,FALCON1024+HMAC-SHA512+AES256GCM+DKG4of7,COMPROMISED_CTRL,120,44.78,58,CYCLE,116,0,2420,800,0,0.751553,0.089201,0,0,0,100,39.88,75.16,0.499839,0.50095,1,3,0,0,76,1448,0.400681,1,0.4914,2,3,0,0,V1,1,0.261866,22450,1,0,0,0.738134,1.738134,0,0,200
EDCF-Shield,v1b,FALCON1024+HMAC-SHA512+AES256GCM+DKG4of7,COMPROMISED_CTRL,120,44.78,58,CUMULATIVE,116,4560,130706,41840,84,0.763395,0.268687,0.178669,0.098276,0.981912,99.94,40.95,73.81,0.499839,0.50095,1,3,0,0,76,1448,0.400681,1,0.4914,2,3,0,0,V1,1,0.261866,22450,1,0,0,0.738134,1.738134,0,0,200
EDCF-Shield,v1b,FALCON1024+HMAC-SHA512+AES256GCM+DKG4of7,COMPROMISED_CTRL,120,44.78,59,CYCLE,118,0,2420,800,0,0.751553,0.087689,0,0,0,100,39.88,75.16,0.499842,0.500952,1,3,0,0,76,1448,0.398093,1,0.4915,2,3,0,0,V1,1,0.261626,22477.9661,1,0,0,0.738374,1.738374,0,0,200
EDCF-Shield,v1b,FALCON1024+HMAC-SHA512+AES256GCM+DKG4of7,COMPROMISED_CTRL,120,44.78,59,CUMULATIVE,118,4560,133126,42640,84,0.763184,0.266382,0.175912,0.09661,0.981912,99.94,40.93,73.84,0.499842,0.500952,1,3,0,0,76,1448,0.398093,1,0.4915,2,3,0,0,V1,1,0.261626,22477.9661,1,0,0,0.738374,1.738374,0,0,200
EDCF-Shield,v1b,FALCON1024+HMAC-SHA512+AES256GCM+DKG4of7,COMPROMISED_CTRL,120,44.78,60,CYCLE,120,0,2420,800,0,0.751553,0.086228,0,0,0,100,39.88,75.16,0.499845,0.500954,1,3,0,0,76,1448,0.39556,1,0.4917,2,3,0,0,V1,1,0.261395,22505,1,0,0,0.738605,1.738605,0,0,200
EDCF-Shield,v1b,FALCON1024+HMAC-SHA512+AES256GCM+DKG4of7,COMPROMISED_CTRL,120,44.78,60,CUMULATIVE,120,4560,135546,43440,84,0.76298,0.264135,0.173239,0.095,0.981912,99.94,40.91,73.86,0.499845,0.500954,1,3,0,0,76,1448,0.39556,1,0.4917,2,3,0,0,V1,1,0.261395,22505,1,0,0,0.738605,1.738605,0,0,200
EDCF-Shield,v1b,FALCON1024+HMAC-SHA512+AES256GCM+DKG4of7,COMPROMISED_CTRL,120,44.78,61,CYCLE,122,0,2420,800,0,0.751553,0.084815,0,0,0,100,39.88,75.16,0.499848,0.500955,1,3,0,0,76,1448,0.393081,1,0.4918,2,3,0,0,V1,1,0.261172,22531.14754,1,0,0,0.738828,1.738828,0,0,200
EDCF-Shield,v1b,FALCON1024+HMAC-SHA512+AES256GCM+DKG4of7,COMPROMISED_CTRL,120,44.78,61,CUMULATIVE,122,4560,137966,44240,84,0.762783,0.261944,0.170646,0.093443,0.981912,99.94,40.89,73.88,0.499848,0.500955,1,3,0,0,76,1448,0.393081,1,0.4918,2,3,0,0,V1,1,0.261172,22531.14754,1,0,0,0.738828,1.738828,0,0,200
EDCF-Shield,v1b,FALCON1024+HMAC-SHA512+AES256GCM+DKG4of7,COMPROMISED_CTRL,120,44.78,62,CYCLE,124,0,2420,800,0,0.751553,0.083447,0,0,0,100,39.88,75.16,0.49985,0.500956,1,3,0,0,76,1448,0.390652,1,0.4919,2,3,0,0,V1,1,0.260956,22556.45161,1,0,0,0.739044,1.739044,0,0,200
EDCF-Shield,v1b,FALCON1024+HMAC-SHA512+AES256GCM+DKG4of7,COMPROMISED_CTRL,120,44.78,62,CUMULATIVE,124,4560,140386,45040,84,0.762593,0.259807,0.168129,0.091935,0.981912,99.94,40.88,73.9,0.49985,0.500956,1,3,0,0,76,1448,0.390652,1,0.4919,2,3,0,0,V1,1,0.260956,22556.45161,1,0,0,0.739044,1.739044,0,0,200
EDCF-Shield,v1b,FALCON1024+HMAC-SHA512+AES256GCM+DKG4of7,COMPROMISED_CTRL,120,44.78,63,CYCLE,126,0,2420,800,0,0.751553,0.082123,0,0,0,100,39.88,75.16,0.499853,0.500958,1,3,0,0,76,1448,0.388273,1,0.4921,2,3,0,0,V1,1,0.260748,22580.95238,1,0,0,0.739252,1.739252,0,0,200
EDCF-Shield,v1b,FALCON1024+HMAC-SHA512+AES256GCM+DKG4of7,COMPROMISED_CTRL,120,44.78,63,CUMULATIVE,126,4560,142806,45840,84,0.762409,0.257721,0.165686,0.090476,0.981912,99.94,40.86,73.93,0.499853,0.500958,1,3,0,0,76,1448,0.388273,1,0.4921,2,3,0,0,V1,1,0.260748,22580.95238,1,0,0,0.739252,1.739252,0,0,200
EDCF-Shield,v1b,FALCON1024+HMAC-SHA512+AES256GCM+DKG4of7,COMPROMISED_CTRL,120,44.78,64,CYCLE,128,0,2420,800,0,0.751553,0.08084,0,0,0,100,39.88,75.16,0.499855,0.500959,1,3,0,0,76,1448,0.385942,1,0.4922,2,3,0,0,V1,1,0.260547,22604.6875,1,0,0,0.739453,1.739453,0,0,200
EDCF-Shield,v1b,FALCON1024+HMAC-SHA512+AES256GCM+DKG4of7,COMPROMISED_CTRL,120,44.78,64,CUMULATIVE,128,4560,145226,46640,84,0.762231,0.255685,0.163312,0.089063,0.981912,99.94,40.84,73.95,0.499855,0.500959,1,3,0,0,76,1448,0.385942,1,0.4922,2,3,0,0,V1,1,0.260547,22604.6875,1,0,0,0.739453,1.739453,0,0,200
EDCF-Shield,v1b,FALCON1024+HMAC-SHA512+AES256GCM+DKG4of7,COMPROMISED_CTRL,120,44.78,65,CYCLE,130,0,2420,800,0,0.751553,0.079596,0,0,0,100,39.88,75.16,0.499858,0.50096,1,3,0,0,76,1448,0.383657,1,0.4923,2,3,0,0,V1,1,0.260351,22627.69231,1,0,0,0.739649,1.739649,0,0,200
EDCF-Shield,v1b,FALCON1024+HMAC-SHA512+AES256GCM+DKG4of7,COMPROMISED_CTRL,120,44.78,65,CUMULATIVE,130,4560,147646,47440,84,0.762059,0.253696,0.161006,0.087692,0.981912,99.94,40.83,73.96,0.499858,0.50096,1,3,0,0,76,1448,0.383657,1,0.4923,2,3,0,0,V1,1,0.260351,22627.69231,1,0,0,0.739649,1.739649,0,0,200
EDCF-Shield,v1b,FALCON1024+HMAC-SHA512+AES256GCM+DKG4of7,COMPROMISED_CTRL,120,44.78,66,CYCLE,132,0,2420,800,0,0.751553,0.078391,0,0,0,100,39.88,75.16,0.49986,0.500961,1,3,0,0,76,1448,0.381416,1,0.4924,2,3,0,0,V1,1,0.260163,22650,1,0,0,0.739837,1.739837,0,0,200
EDCF-Shield,v1b,FALCON1024+HMAC-SHA512+AES256GCM+DKG4of7,COMPROMISED_CTRL,120,44.78,66,CUMULATIVE,132,4560,150066,48240,84,0.761892,0.251753,0.158763,0.086364,0.981912,99.94,40.81,73.98,0.49986,0.500961,1,3,0,0,76,1448,0.381416,1,0.4924,2,3,0,0,V1,1,0.260163,22650,1,0,0,0.739837,1.739837,0,0,200
EDCF-Shield,v1b,FALCON1024+HMAC-SHA512+AES256GCM+DKG4of7,COMPROMISED_CTRL,120,44.78,67,CYCLE,134,0,2420,800,0,0.751553,0.077221,0,0,0,100,39.88,75.16,0.499862,0.500963,1,3,0,0,76,1448,0.379218,1,0.4925,2,3,0,0,V1,1,0.25998,22671.64179,1,0,0,0.74002,1.74002,0,0,200
EDCF-Shield,v1b,FALCON1024+HMAC-SHA512+AES256GCM+DKG4of7,COMPROMISED_CTRL,120,44.78,67,CUMULATIVE,134,4560,152486,49040,84,0.761731,0.249854,0.156583,0.085075,0.981912,99.94,40.8,74,0.499862,0.500963,1,3,0,0,76,1448,0.379218,1,0.4925,2,3,0,0,V1,1,0.25998,22671.64179,1,0,0,0.74002,1.74002,0,0,200
EDCF-Shield,v1b,FALCON1024+HMAC-SHA512+AES256GCM+DKG4of7,COMPROMISED_CTRL,120,44.78,68,CYCLE,136,0,2420,800,0,0.751553,0.076085,0,0,0,100,39.88,75.16,0.499864,0.500964,1,3,0,0,76,1448,0.377062,1,0.4926,2,3,0,0,V1,1,0.259802,22692.64706,1,0,0,0.740198,1.740198,0,0,200
EDCF-Shield,v1b,FALCON1024+HMAC-SHA512+AES256GCM+DKG4of7,COMPROMISED_CTRL,120,44.78,68,CUMULATIVE,136,4560,154906,49840,84,0.761574,0.247997,0.154461,0.083824,0.981912,99.95,40.78,74.02,0.499864,0.500964,1,3,0,0,76,1448,0.377062,1,0.4926,2,3,0,0,V1,1,0.259802,22692.64706,1,0,0,0.740198,1.740198,0,0,200
EDCF-Shield,v1b,FALCON1024+HMAC-SHA512+AES256GCM+DKG4of7,COMPROMISED_CTRL,120,44.78,69,CYCLE,138,0,2420,800,0,0.751553,0.074983,0,0,0,100,39.88,75.16,0.499867,0.500965,1,3,0,0,76,1448,0.374946,1,0.4928,2,3,0,0,V1,1,0.25963,22713.04348,1,0,0,0.74037,1.74037,0,0,200
EDCF-Shield,v1b,FALCON1024+HMAC-SHA512+AES256GCM+DKG4of7,COMPROMISED_CTRL,120,44.78,69,CUMULATIVE,138,4560,157326,50640,84,0.761422,0.246181,0.152396,0.082609,0.981912,99.95,40.77,74.04,0.499867,0.500965,1,3,0,0,76,1448,0.374946,1,0.4928,2,3,0,0,V1,1,0.25963,22713.04348,1,0,0,0.74037,1.74037,0,0,200
EDCF-Shield,v1b,FALCON1024+HMAC-SHA512+AES256GCM+DKG4of7,COMPROMISED_CTRL,120,44.78,70,CYCLE,140,0,2420,800,0,0.751553,0.073912,0,0,0,100,39.88,75.16,0.499869,0.500966,1,3,0,0,76,1448,0.372869,1,0.4929,2,3,0,0,V1,1,0.259463,22732.85714,1,0,0,0.740537,1.740537,0,0,200
EDCF-Shield,v1b,FALCON1024+HMAC-SHA512+AES256GCM+DKG4of7,COMPROMISED_CTRL,120,44.78,70,CUMULATIVE,140,4560,159746,51440,84,0.761275,0.244404,0.150386,0.081429,0.981912,99.95,40.76,74.05,0.499869,0.500966,1,3,0,0,76,1448,0.372869,1,0.4929,2,3,0,0,V1,1,0.259463,22732.85714,1,0,0,0.740537,1.740537,0,0,200
EDCF-Shield,v1b,FALCON1024+HMAC-SHA512+AES256GCM+DKG4of7,COMPROMISED_CTRL,120,44.78,71,CYCLE,142,0,2420,800,0,0.751553,0.072871,0,0,0,100,39.88,75.16,0.499871,0.500967,1,3,0,0,76,1448,0.37083,1,0.493,2,3,0,0,V1,1,0.259302,22752.11268,1,0,0,0.740698,1.740698,0,0,200
EDCF-Shield,v1b,FALCON1024+HMAC-SHA512+AES256GCM+DKG4of7,COMPROMISED_CTRL,120,44.78,71,CUMULATIVE,142,4560,162166,52240,84,0.761132,0.242666,0.148428,0.080282,0.981912,99.95,40.74,74.07,0.499871,0.500967,1,3,0,0,76,1448,0.37083,1,0.493,2,3,0,0,V1,1,0.259302,22752.11268,1,0,0,0.740698,1.740698,0,0,200
EDCF-Shield,v1b,FALCON1024+HMAC-SHA512+AES256GCM+DKG4of7,COMPROMISED_CTRL,120,44.78,72,CYCLE,144,0,2420,800,0,0.751553,0.071859,0,0,0,100,39.88,75.16,0.499872,0.500968,1,3,0,0,76,1448,0.368828,1,0.4931,2,3,0,0,V1,1,0.259144,22770.83333,1,0,0,0.740856,1.740856,0,0,200
EDCF-Shield,v1b,FALCON1024+HMAC-SHA512+AES256GCM+DKG4of7,COMPROMISED_CTRL,120,44.78,72,CUMULATIVE,144,4560,164586,53040,84,0.760993,0.240964,0.14652,0.079167,0.981912,99.95,40.73,74.09,0.499872,0.500968,1,3,0,0,76,1448,0.368828,1,0.4931,2,3,0,0,V1,1,0.259144,22770.83333,1,0,0,0.740856,1.740856,0,0,200
EDCF-Shield,v1b,FALCON1024+HMAC-SHA512+AES256GCM+DKG4of7,COMPROMISED_CTRL,120,44.78,73,CYCLE,146,0,2420,800,0,0.751553,0.070875,0,0,0,100,39.88,75.16,0.499874,0.500969,1,3,0,0,76,1448,0.366861,1,0.4932,2,3,0,0,V1,1,0.258992,22789.0411,1,0,0,0.741008,1.741008,0,0,200
EDCF-Shield,v1b,FALCON1024+HMAC-SHA512+AES256GCM+DKG4of7,COMPROMISED_CTRL,120,44.78,73,CUMULATIVE,146,4560,167006,53840,84,0.760859,0.239297,0.144661,0.078082,0.981912,99.95,40.72,74.1,0.499874,0.500969,1,3,0,0,76,1448,0.366861,1,0.4932,2,3,0,0,V1,1,0.258992,22789.0411,1,0,0,0.741008,1.741008,0,0,200
EDCF-Shield,v1b,FALCON1024+HMAC-SHA512+AES256GCM+DKG4of7,COMPROMISED_CTRL,120,44.78,74,CYCLE,148,0,2420,800,0,0.751553,0.069917,0,0,0,100,39.88,75.16,0.499876,0.50097,1,3,0,0,76,1448,0.364928,1,0.4932,2,3,0,0,V1,1,0.258843,22806.75676,1,0,0,0.741157,1.741157,0,0,200
EDCF-Shield,v1b,FALCON1024+HMAC-SHA512+AES256GCM+DKG4of7,COMPROMISED_CTRL,120,44.78,74,CUMULATIVE,148,4560,169426,54640,84,0.760728,0.237665,0.142848,0.077027,0.981912,99.95,40.71,74.12,0.499876,0.50097,1,3,0,0,76,1448,0.364928,1,0.4932,2,3,0,0,V1,1,0.258843,22806.75676,1,0,0,0.741157,1.741157,0,0,200
EDCF-Shield,v1b,FALCON1024+HMAC-SHA512+AES256GCM+DKG4of7,COMPROMISED_CTRL,120,44.78,75,CYCLE,150,0,2420,800,0,0.751553,0.068985,0,0,0,100,39.88,75.16,0.499878,0.500971,1,3,0,0,76,1448,0.363028,1,0.4933,2,3,0,0,V1,1,0.258699,22824,1,0,0,0.741301,1.741301,0,0,200
EDCF-Shield,v1b,FALCON1024+HMAC-SHA512+AES256GCM+DKG4of7,COMPROMISED_CTRL,120,44.78,75,CUMULATIVE,150,4560,171846,55440,84,0.7606,0.236065,0.14108,0.076,0.981912,99.95,40.7,74.13,0.499878,0.500971,1,3,0,0,76,1448,0.363028,1,0.4933,2,3,0,0,V1,1,0.258699,22824,1,0,0,0.741301,1.741301,0,0,200
EDCF-Shield,v1b,FALCON1024+HMAC-SHA512+AES256GCM+DKG4of7,COMPROMISED_CTRL,120,44.78,76,CYCLE,152,0,2420,800,0,0.751553,0.068078,0,0,0,100,39.88,75.16,0.49988,0.500972,1,3,0,0,76,1448,0.361161,1,0.4934,2,3,0,0,V1,1,0.258558,22840.78947,1,0,0,0.741442,1.741442,0,0,200
EDCF-Shield,v1b,FALCON1024+HMAC-SHA512+AES256GCM+DKG4of7,COMPROMISED_CTRL,120,44.78,76,CUMULATIVE,152,4560,174266,56240,84,0.760476,0.234497,0.139356,0.075,0.981912,99.95,40.68,74.14,0.49988,0.500972,1,3,0,0,76,1448,0.361161,1,0.4934,2,3,0,0,V1,1,0.258558,22840.78947,1,0,0,0.741442,1.741442,0,0,200
EDCF-Shield,v1b,FALCON1024+HMAC-SHA512+AES256GCM+DKG4of7,COMPROMISED_CTRL,120,44.78,77,CYCLE,154,0,2420,800,0,0.751553,0.067194,0,0,0,100,39.88,75.16,0.499881,0.500973,1,3,0,0,76,1448,0.359326,1,0.4935,2,3,0,0,V1,1,0.258422,22857.14286,1,0,0,0.741578,1.741578,0,0,200
EDCF-Shield,v1b,FALCON1024+HMAC-SHA512+AES256GCM+DKG4of7,COMPROMISED_CTRL,120,44.78,77,CUMULATIVE,154,4560,176686,57040,84,0.760356,0.232961,0.137673,0.074026,0.981912,99.95,40.67,74.16,0.499881,0.500973,1,3,0,0,76,1448,0.359326,1,0.4935,2,3,0,0,V1,1,0.258422,22857.14286,1,0,0,0.741578,1.741578,0,0,200
EDCF-Shield,v1b,FALCON1024+HMAC-SHA512+AES256GCM+DKG4of7,COMPROMISED_CTRL,120,44.78,78,CYCLE,156,0,2420,800,0,0.751553,0.066333,0,0,0,100,39.88,75.16,0.499883,0.500973,1,3,0,0,76,1448,0.35752,1,0.4936,2,3,0,0,V1,1,0.258289,22873.07692,1,0,0,0.741711,1.741711,0,0,200
EDCF-Shield,v1b,FALCON1024+HMAC-SHA512+AES256GCM+DKG4of7,COMPROMISED_CTRL,120,44.78,78,CUMULATIVE,156,4560,179106,57840,84,0.760238,0.231453,0.13603,0.073077,0.981912,99.95,40.66,74.17,0.499883,0.500973,1,3,0,0,76,1448,0.35752,1,0.4936,2,3,0,0,V1,1,0.258289,22873.07692,1,0,0,0.741711,1.741711,0,0,200
EDCF-Shield,v1b,FALCON1024+HMAC-SHA512+AES256GCM+DKG4of7,COMPROMISED_CTRL,120,44.78,79,CYCLE,158,0,2420,800,0,0.751553,0.065493,0,0,0,100,39.88,75.16,0.499884,0.500974,1,3,0,0,76,1448,0.355745,1,0.4937,2,3,0,0,V1,1,0.258159,22888.6076,1,0,0,0.741841,1.741841,0,0,200
EDCF-Shield,v1b,FALCON1024+HMAC-SHA512+AES256GCM+DKG4of7,COMPROMISED_CTRL,120,44.78,79,CUMULATIVE,158,4560,181526,58640,84,0.760124,0.229975,0.134426,0.072152,0.981912,99.95,40.65,74.18,0.499884,0.500974,1,3,0,0,76,1448,0.355745,1,0.4937,2,3,0,0,V1,1,0.258159,22888.6076,1,0,0,0.741841,1.741841,0,0,200
EDCF-Shield,v1b,FALCON1024+HMAC-SHA512+AES256GCM+DKG4of7,COMPROMISED_CTRL,120,44.78,80,CYCLE,160,0,2420,800,0,0.751553,0.064675,0,0,0,100,39.88,75.16,0.499886,0.500975,1,3,0,0,76,1448,0.353998,1,0.4938,2,3,0,0,V1,1,0.258033,22903.75,1,0,0,0.741967,1.741967,0,0,200
EDCF-Shield,v1b,FALCON1024+HMAC-SHA512+AES256GCM+DKG4of7,COMPROMISED_CTRL,120,44.78,80,CUMULATIVE,160,4560,183946,59440,84,0.760013,0.228525,0.132859,0.07125,0.981912,99.95,40.64,74.2,0.499886,0.500975,1,3,0,0,76,1448,0.353998,1,0.4938,2,3,0,0,V1,1,0.258033,22903.75,1,0,0,0.741967,1.741967,0,0,200
EDCF-Shield,v1b,FALCON1024+HMAC-SHA512+AES256GCM+DKG4of7,COMPROMISED_CTRL,120,44.78,81,CYCLE,162,0,2420,800,0,0.751553,0.063876,0,0,0,100,39.88,75.16,0.499887,0.500976,1,3,0,0,76,1448,0.352279,1,0.4938,2,3,0,0,V1,1,0.25791,22918.51852,1,0,0,0.74209,1.74209,0,0,200
EDCF-Shield,v1b,FALCON1024+HMAC-SHA512+AES256GCM+DKG4of7,COMPROMISED_CTRL,120,44.78,81,CUMULATIVE,162,4560,186366,60240,84,0.759904,0.227102,0.131329,0.07037,0.981912,99.95,40.63,74.21,0.499887,0.500976,1,3,0,0,76,1448,0.352279,1,0.4938,2,3,0,0,V1,1,0.25791,22918.51852,1,0,0,0.74209,1.74209,0,0,200
EDCF-Shield,v1b,FALCON1024+HMAC-SHA512+AES256GCM+DKG4of7,COMPROMISED_CTRL,120,44.78,82,CYCLE,164,0,2420,800,0,0.751553,0.063098,0,0,0,100,39.88,75.16,0.499889,0.500977,1,3,0,0,76,1448,0.350588,1,0.4939,2,3,0,0,V1,1,0.257791,22932.92683,1,0,0,0.742209,1.742209,0,0,200
EDCF-Shield,v1b,FALCON1024+HMAC-SHA512+AES256GCM+DKG4of7,COMPROMISED_CTRL,120,44.78,82,CUMULATIVE,164,4560,188786,61040,84,0.759799,0.225705,0.129833,0.069512,0.981912,99.96,40.62,74.22,0.499889,0.500977,1,3,0,0,76,1448,0.350588,1,0.4939,2,3,0,0,V1,1,0.257791,22932.92683,1,0,0,0.742209,1.742209,0,0,200
EDCF-Shield,v1b,FALCON1024+HMAC-SHA512+AES256GCM+DKG4of7,COMPROMISED_CTRL,120,44.78,83,CYCLE,166,0,2420,800,0,0.751553,0.062338,0,0,0,100,39.88,75.16,0.49989,0.500977,1,3,0,0,76,1448,0.348923,1,0.494,2,3,0,0,V1,1,0.257674,22946.98795,1,0,0,0.742326,1.742326,0,0,200
EDCF-Shield,v1b,FALCON1024+HMAC-SHA512+AES256GCM+DKG4of7,COMPROMISED_CTRL,120,44.78,83,CUMULATIVE,166,4560,191206,61840,84,0.759696,0.224334,0.128371,0.068675,0.981912,99.96,40.61,74.23,0.49989,0.500977,1,3,0,0,76,1448,0.348923,1,0.494,2,3,0,0,V1,1,0.257674,22946.98795,1,0,0,0.742326,1.742326,0,0,200
EDCF-Shield,v1b,FALCON1024+HMAC-SHA512+AES256GCM+DKG4of7,COMPROMISED_CTRL,120,44.78,84,CYCLE,168,0,2420,800,0,0.751553,0.061596,0,0,0,100,39.88,75.16,0.499892,0.500978,1,3,0,0,76,1448,0.347283,1,0.494,2,3,0,0,V1,1,0.25756,22960.71429,1,0,0,0.74244,1.74244,0,0,200
EDCF-Shield,v1b,FALCON1024+HMAC-SHA512+AES256GCM+DKG4of7,COMPROMISED_CTRL,120,44.78,84,CUMULATIVE,168,4560,193626,62640,84,0.759595,0.222987,0.126942,0.067857,0.981912,99.96,40.6,74.24,0.499892,0.500978,1,3,0,0,76,1448,0.347283,1,0.494,2,3,0,0,V1,1,0.25756,22960.71429,1,0,0,0.74244,1.74244,0,0,200
EDCF-Shield,v1b,FALCON1024+HMAC-SHA512+AES256GCM+DKG4of7,COMPROMISED_CTRL,120,44.78,85,CYCLE,170,0,2420,800,0,0.751553,0.060871,0,0,0,100,39.88,75.16,0.499893,0.500979,1,3,0,0,76,1448,0.345669,1,0.4941,2,3,0,0,V1,1,0.257449,22974.11765,1,0,0,0.742551,1.742551,0,0,200
EDCF-Shield,v1b,FALCON1024+HMAC-SHA512+AES256GCM+DKG4of7,COMPROMISED_CTRL,120,44.78,85,CUMULATIVE,170,4560,196046,63440,84,0.759497,0.221665,0.125544,0.067059,0.981912,99.96,40.6,74.26,0.499893,0.500979,1,3,0,0,76,1448,0.345669,1,0.4941,2,3,0,0,V1,1,0.257449,22974.11765,1,0,0,0.742551,1.742551,0,0,200
EDCF-Shield,v1b,FALCON1024+HMAC-SHA512+AES256GCM+DKG4of7,COMPROMISED_CTRL,120,44.78,86,CYCLE,172,0,2420,800,0,0.751553,0.060164,0,0,0,100,39.88,75.16,0.499894,0.500979,1,3,0,0,76,1448,0.344079,1,0.4942,2,3,0,0,V1,1,0.257341,22987.2093,1,0,0,0.742659,1.742659,0,0,200
EDCF-Shield,v1b,FALCON1024+HMAC-SHA512+AES256GCM+DKG4of7,COMPROMISED_CTRL,120,44.78,86,CUMULATIVE,172,4560,198466,64240,84,0.759402,0.220365,0.124176,0.066279,0.981912,99.96,40.59,74.27,0.499894,0.500979,1,3,0,0,76,1448,0.344079,1,0.4942,2,3,0,0,V1,1,0.257341,22987.2093,1,0,0,0.742659,1.742659,0,0,200
EDCF-Shield,v1b,FALCON1024+HMAC-SHA512+AES256GCM+DKG4of7,COMPROMISED_CTRL,120,44.78,87,CYCLE,174,0,2420,800,0,0.751553,0.059472,0,0,0,100,39.88,75.16,0.499895,0.50098,1,3,0,0,76,1448,0.342513,1,0.4943,2,3,0,0,V1,1,0.257235,23000,1,0,0,0.742765,1.742765,0,0,200
EDCF-Shield,v1b,FALCON1024+HMAC-SHA512+AES256GCM+DKG4of7,COMPROMISED_CTRL,120,44.78,87,CUMULATIVE,174,4560,200886,65040,84,0.759308,0.219089,0.122838,0.065517,0.981912,99.96,40.58,74.28,0.499895,0.50098,1,3,0,0,76,1448,0.342513,1,0.4943,2,3,0,0,V1,1,0.257235,23000,1,0,0,0.742765,1.742765,0,0,200
EDCF-Shield,v1b,FALCON1024+HMAC-SHA512+AES256GCM+DKG4of7,COMPROMISED_CTRL,120,44.78,88,CYCLE,176,0,2420,800,0,0.751553,0.058797,0,0,0,100,39.88,75.16,0.499897,0.500981,1,3,0,0,76,1448,0.34097,1,0.4943,2,3,0,0,V1,1,0.257131,23012.5,1,0,0,0.742869,1.742869,0,0,200
EDCF-Shield,v1b,FALCON1024+HMAC-SHA512+AES256GCM+DKG4of7,COMPROMISED_CTRL,120,44.78,88,CUMULATIVE,176,4560,203306,65840,84,0.759217,0.217834,0.121529,0.064773,0.981912,99.96,40.57,74.29,0.499897,0.500981,1,3,0,0,76,1448,0.34097,1,0.4943,2,3,0,0,V1,1,0.257131,23012.5,1,0,0,0.742869,1.742869,0,0,200
EDCF-Shield,v1b,FALCON1024+HMAC-SHA512+AES256GCM+DKG4of7,COMPROMISED_CTRL,120,44.78,89,CYCLE,178,0,2420,800,0,0.751553,0.058136,0,0,0,100,39.88,75.16,0.499898,0.500981,1,3,0,0,76,1448,0.33945,1,0.4944,2,3,0,0,V1,1,0.25703,23024.7191,1,0,0,0.74297,1.74297,0,0,200
EDCF-Shield,v1b,FALCON1024+HMAC-SHA512+AES256GCM+DKG4of7,COMPROMISED_CTRL,120,44.78,89,CUMULATIVE,178,4560,205726,66640,84,0.759128,0.2166,0.120247,0.064045,0.981912,99.96,40.56,74.3,0.499898,0.500981,1,3,0,0,76,1448,0.33945,1,0.4944,2,3,0,0,V1,1,0.25703,23024.7191,1,0,0,0.74297,1.74297,0,0,200
EDCF-Shield,v1b,FALCON1024+HMAC-SHA512+AES256GCM+DKG4of7,COMPROMISED_CTRL,120,44.78,90,CYCLE,179.5,0,1331,480,0,0.734953,0.05749,0,0,0,100,41.2,73.5,0.499899,0.500984,1,3,0,0,76,1448,0.337952,1,0.4958,2,3,0,0,V1,1,0.257083,22979.77716,1,0,0,0.742917,1.742917,0,0,200
EDCF-Shield,v1b,FALCON1024+HMAC-SHA512+AES256GCM+DKG4of7,COMPROMISED_CTRL,120,44.78,90,CUMULATIVE,179.5,4560,207057,67120,84,0.758971,0.215854,0.119491,0.063616,0.981912,99.96,40.57,74.29,0.499899,0.500984,1,3,0,0,76,1448,0.337952,1,0.4958,2,3,0,0,V1,1,0.257083,22979.77716,1,0,0,0.742917,1.742917,0,0,200
EDCF-Shield,v1b,FALCON1024+HMAC-SHA512+AES256GCM+DKG4of7,COMPROMISED_CTRL,180,67.16,1,CYCLE,2,200,0,0,0,1,0.5,1,1,1,0,100,0,0,0,1,0,0,0,76,1448,0,1,0,0,0,0,0,V1,0,1,-100,1,0,0,0,0,0,0,200
EDCF-Shield,v1b,FALCON1024+HMAC-SHA512+AES256GCM+DKG4of7,COMPROMISED_CTRL,180,67.16,1,CUMULATIVE,2,200,0,0,0,1,0.5,1,1,1,0,100,0,0,0,1,0,0,0,76,1448,0,1,0,0,0,0,0,V1,0,1,-100,1,0,0,0,0,0,0,200
EDCF-Shield,v1b,FALCON1024+HMAC-SHA512+AES256GCM+DKG4of7,COMPROMISED_CTRL,180,67.16,2,CYCLE,4,200,210,0,10,0.97619,0.726731,0.97561,1,0.952381,95.45,58.1,52.38,0.488372,0.512195,1,3,0,0,76,1448,0,1,0.25,2,3,0,0,V1,1,0.645161,1000,1,0,0,0.354839,1.354839,0,0,200
EDCF-Shield,v1b,FALCON1024+HMAC-SHA512+AES256GCM+DKG4of7,COMPROMISED_CTRL,180,67.16,2,CUMULATIVE,4,400,210,0,10,0.983871,0.96502,0.987654,1,0.97561,95.45,71.61,35.48,0.488372,0.512195,1,3,0,0,76,1448,0,1,0.25,2,3,0,0,V1,1,0.645161,1000,1,0,0,0.354839,1.354839,0,0,200
EDCF-Shield,v1b,FALCON1024+HMAC-SHA512+AES256GCM+DKG4of7,COMPROMISED_CTRL,180,67.16,3,CYCLE,6,102,620,98,10,0.86988,0.69066,0.653846,0.51,0.910714,98.41,39.28,75.9,0.494048,0.50303,1,3,0,0,76,1448,0,1,0.3333,2,3,0,0,V1,1,0.413793,2733.333333,1,0,0,0.586207,1.586207,0,0,200
EDCF-Shield,v1b,FALCON1024+HMAC-SHA512+AES256GCM+DKG4of7,COMPROMISED_CTRL,180,67.16,3,CUMULATIVE,6,502,830,98,20,0.918621,0.834334,0.894831,0.836667,0.961686,97.65,53.1,58.62,0.494048,0.50303,1,3,0,0,76,1448,0,1,0.3333,2,3,0,0,V1,1,0.413793,2733.333333,1,0,0,0.586207,1.586207,0,0,200
EDCF-Shield,v1b,FALCON1024+HMAC-SHA512+AES256GCM+DKG4of7,COMPROMISED_CTRL,180,67.16,4,CYCLE,8,0,1030,200,0,0.837398,0.518004,0,0,0,100,33.01,83.74,0.497326,0.502703,1,3,0,0,76,1448,0,1,0.375,2,3,0,0,V1,1,0.298507,4600,1,0,0,0.701493,1.701493,0,0,200
EDCF-Shield,v1b,FALCON1024+HMAC-SHA512+AES256GCM+DKG4of7,COMPROMISED_CTRL,180,67.16,4,CUMULATIVE,8,502,1860,298,20,0.881343,0.712772,0.759455,0.6275,0.961686,98.94,43.88,70.15,0.497326,0.502703,1,3,0,0,76,1448,0,1,0.375,2,3,0,0,V1,1,0.298507,4600,1,0,0,0.701493,1.701493,0,0,200
EDCF-Shield,v1b,FALCON1024+HMAC-SHA512+AES256GCM+DKG4of7,COMPROMISED_CTRL,180,67.16,5,CYCLE,10,0,1430,200,0,0.877301,0.414412,0,0,0,100,29.82,87.73,0.498485,0.50229,1,3,0,0,76,1448,0.712772,1,0.4,2,3,0,0,V1,1,0.232019,6520,1,0,0,0.767981,1.767981,0,0,200
EDCF-Shield,v1b,FALCON1024+HMAC-SHA512+AES256GCM+DKG4of7,COMPROMISED_CTRL,180,67.16,5,CUMULATIVE,10,502,3290,498,20,0.879814,0.64168,0.659658,0.502,0.961686,99.4,38.56,76.8,0.498485,0.50229,1,3,0,0,76,1448,0.712772,1,0.4,2,3,0,0,V1,1,0.232019,6520,1,0,0,0.767981,1.767981,0,0,200
EDCF-Shield,v1b,FALCON1024+HMAC-SHA512+AES256GCM+DKG4of7,COMPROMISED_CTRL,180,67.16,6,CYCLE,12,0,1830,200,0,0.901478,0.34535,0,0,0,100,27.88,90.15,0.499025,0.501961,1,3,0,0,76,1448,0,1,0.4167,2,3,0,0,V1,1,0.189274,8466.666667,1,0,0,0.810726,1.810726,0,0,200
EDCF-Shield,v1b,FALCON1024+HMAC-SHA512+AES256GCM+DKG4of7,COMPROMISED_CTRL,180,67.16,6,CUMULATIVE,12,502,5120,698,20,0.886751,0.590628,0.583043,0.418333,0.961686,99.61,35.14,81.07,0.499025,0.501961,1,3,0,0,76,1448,0,1,0.4167,2,3,0,0,V1,1,0.189274,8466.666667,1,0,0,0.810726,1.810726,0,0,200
EDCF-Shield,v1b,FALCON1024+HMAC-SHA512+AES256GCM+DKG4of7,COMPROMISED_CTRL,180,67.16,7,CYCLE,14,0,2230,200,0,0.917695,0.296021,0,0,0,100,26.58,91.77,0.499321,0.501706,1,3,0,0,76,1448,0.590628,1,0.4286,2,3,0,0,V1,1,0.159635,10428.57143,1,0,0,0.840365,1.840365,0,0,200
EDCF-Shield,v1b,FALCON1024+HMAC-SHA512+AES256GCM+DKG4of7,COMPROMISED_CTRL,180,67.16,7,CUMULATIVE,14,502,7350,898,20,0.895325,0.55089,0.522373,0.358571,0.961686,99.73,32.77,84.04,0.499321,0.501706,1,3,0,0,76,1448,0.590628,1,0.4286,2,3,0,0,V1,1,0.159635,10428.57143,1,0,0,0.840365,1.840365,0,0,200
EDCF-Shield,v1b,FALCON1024+HMAC-SHA512+AES256GCM+DKG4of7,COMPROMISED_CTRL,180,67.16,8,CYCLE,16,0,2630,200,0,0.929329,0.259024,0,0,0,100,25.65,92.93,0.499499,0.501508,1,3,0,0,76,1448,0.570759,1,0.4375,2,3,0,0,V1,1,0.137931,12400,1,0,0,0.862069,1.862069,0,0,200
EDCF-Shield,v1b,FALCON1024+HMAC-SHA512+AES256GCM+DKG4of7,COMPROMISED_CTRL,180,67.16,8,CUMULATIVE,16,502,9980,1098,20,0.903621,0.518562,0.473139,0.31375,0.961686,99.8,31.03,86.21,0.499499,0.501508,1,3,0,0,76,1448,0.570759,1,0.4375,2,3,0,0,V1,1,0.137931,12400,1,0,0,0.862069,1.862069,0,0,200
EDCF-Shield,v1b,FALCON1024+HMAC-SHA512+AES256GCM+DKG4of7,COMPROMISED_CTRL,180,67.16,9,CYCLE,18,0,3030,200,0,0.93808,0.230248,0,0,0,100,24.95,93.81,0.499616,0.501349,1,3,0,0,76,1448,0.55336,1,0.4444,2,3,0,0,V1,1,0.121376,14377.77778,1,0,0,0.878624,1.878624,0,0,200
EDCF-Shield,v1b,FALCON1024+HMAC-SHA512+AES256GCM+DKG4of7,COMPROMISED_CTRL,180,67.16,9,CUMULATIVE,18,502,13010,1298,20,0.911126,0.491494,0.432386,0.278889,0.961686,99.85,29.71,87.86,0.499616,0.501349,1,3,0,0,76,1448,0.55336,1,0.4444,2,3,0,0,V1,1,0.121376,14377.77778,1,0,0,0.878624,1.878624,0,0,200
EDCF-Shield,v1b,FALCON1024+HMAC-SHA512+AES256GCM+DKG4of7,COMPROMISED_CTRL,180,67.16,10,CYCLE,20,0,3430,200,0,0.944904,0.207228,0,0,0,100,24.41,94.49,0.499696,0.50122,1,3,0,0,76,1448,0.537893,1,0.45,2,3,0,0,V1,1,0.108342,16360,1,0,0,0.891658,1.891658,0,0,200
EDCF-Shield,v1b,FALCON1024+HMAC-SHA512+AES256GCM+DKG4of7,COMPROMISED_CTRL,180,67.16,10,CUMULATIVE,20,502,16440,1498,20,0.917768,0.468354,0.398097,0.251,0.961686,99.88,28.67,89.17,0.499696,0.50122,1,3,0,0,76,1448,0.537893,1,0.45,2,3,0,0,V1,1,0.108342,16360,1,0,0,0.891658,1.891658,0,0,200
EDCF-Shield,v1b,FALCON1024+HMAC-SHA512+AES256GCM+DKG4of7,COMPROMISED_CTRL,180,67.16,11,CYCLE,22,0,3620,200,0,0.947644,0.188393,0,0,0,100,24.19,94.76,0.499751,0.501124,1,3,0,0,76,1448,0.523985,1,0.4545,2,3,0,0,V1,1,0.098743,18154.54546,1,0,0,0.901257,1.901257,0,0,200
EDCF-Shield,v1b,FALCON1024+HMAC-SHA512+AES256GCM+DKG4of7,COMPROMISED_CTRL,180,67.16,11,CUMULATIVE,22,502,20060,1698,20,0.92289,0.448053,0.368846,0.228182,0.961686,99.9,27.9,90.13,0.499751,0.501124,1,3,0,0,76,1448,0.523985,1,0.4545,2,3,0,0,V1,1,0.098743,18154.54546,1,0,0,0.901257,1.901257,0,0,200
EDCF-Shield,v1b,FALCON1024+HMAC-SHA512+AES256GCM+DKG4of7,COMPROMISED_CTRL,180,67.16,12,CYCLE,24,0,3620,200,0,0.947644,0.172698,0,0,0,100,24.19,94.76,0.499789,0.501058,1,3,0,0,76,1448,0.51133,1,0.4583,2,3,0,0,V1,1,0.091954,19650,1,0,0,0.908046,1.908046,0,0,200
EDCF-Shield,v1b,FALCON1024+HMAC-SHA512+AES256GCM+DKG4of7,COMPROMISED_CTRL,180,67.16,12,CUMULATIVE,24,502,23680,1898,20,0.926513,0.42998,0.3436,0.209167,0.961686,99.92,27.36,90.8,0.499789,0.501058,1,3,0,0,76,1448,0.51133,1,0.4583,2,3,0,0,V1,1,0.091954,19650,1,0,0,0.908046,1.908046,0,0,200
EDCF-Shield,v1b,FALCON1024+HMAC-SHA512+AES256GCM+DKG4of7,COMPROMISED_CTRL,180,67.16,13,CYCLE,26,0,3620,200,0,0.947644,0.159417,0,0,0,100,24.19,94.76,0.499817,0.501009,1,3,0,0,76,1448,0.499709,1,0.4615,2,3,0,0,V1,1,0.086898,20915.38462,1,0,0,0.913102,1.913102,0,0,200
EDCF-Shield,v1b,FALCON1024+HMAC-SHA512+AES256GCM+DKG4of7,COMPROMISED_CTRL,180,67.16,13,CUMULATIVE,26,502,27300,2098,20,0.929211,0.413822,0.321589,0.193077,0.961686,99.93,26.95,91.31,0.499817,0.501009,1,3,0,0,76,1448,0.499709,1,0.4615,2,3,0,0,V1,1,0.086898,20915.38462,1,0,0,0.913102,1.913102,0,0,200
EDCF-Shield,v1b,FALCON1024+HMAC-SHA512+AES256GCM+DKG4of7,COMPROMISED_CTRL,180,67.16,14,CYCLE,28,0,3620,200,0,0.947644,0.148033,0,0,0,100,24.19,94.76,0.499838,0.500972,1,3,0,0,76,1448,0.488973,1,0.4643,2,3,0,0,V1,1,0.082988,22000,1,0,0,0.917012,1.917012,0,0,200
EDCF-Shield,v1b,FALCON1024+HMAC-SHA512+AES256GCM+DKG4of7,COMPROMISED_CTRL,180,67.16,14,CUMULATIVE,28,502,30920,2298,20,0.931298,0.399295,0.302228,0.179286,0.961686,99.94,26.64,91.7,0.499838,0.500972,1,3,0,0,76,1448,0.488973,1,0.4643,2,3,0,0,V1,1,0.082988,22000,1,0,0,0.917012,1.917012,0,0,200
EDCF-Shield,v1b,FALCON1024+HMAC-SHA512+AES256GCM+DKG4of7,COMPROMISED_CTRL,180,67.16,15,CYCLE,30,0,3620,200,0,0.947644,0.138167,0,0,0,100,24.19,94.76,0.499855,0.500943,1,3,0,0,76,1448,0.479009,1,0.4667,2,3,0,0,V1,1,0.079872,22940,1,0,0,0.920128,1.920128,0,0,200
EDCF-Shield,v1b,FALCON1024+HMAC-SHA512+AES256GCM+DKG4of7,COMPROMISED_CTRL,180,67.16,15,CUMULATIVE,30,502,34540,2498,20,0.932961,0.386159,0.285065,0.167333,0.961686,99.94,26.39,92.01,0.499855,0.500943,1,3,0,0,76,1448,0.479009,1,0.4667,2,3,0,0,V1,1,0.079872,22940,1,0,0,0.920128,1.920128,0,0,200
EDCF-Shield,v1b,FALCON1024+HMAC-SHA512+AES256GCM+DKG4of7,COMPROMISED_CTRL,180,67.16,16,CYCLE,32,0,3620,200,0,0.947644,0.129535,0,0,0,100,24.19,94.76,0.499869,0.500919,1,3,0,0,76,1448,0.469724,1,0.4688,2,3,0,0,V1,1,0.077332,23762.5,1,0,0,0.922668,1.922668,0,0,200
EDCF-Shield,v1b,FALCON1024+HMAC-SHA512+AES256GCM+DKG4of7,COMPROMISED_CTRL,180,67.16,16,CUMULATIVE,32,502,38160,2698,20,0.934316,0.374214,0.269747,0.156875,0.961686,99.95,26.19,92.27,0.499869,0.500919,1,3,0,0,76,1448,0.469724,1,0.4688,2,3,0,0,V1,1,0.077332,23762.5,1,0,0,0.922668,1.922668,0,0,200
EDCF-Shield,v1b,FALCON1024+HMAC-SHA512+AES256GCM+DKG4of7,COMPROMISED_CTRL,180,67.16,17,CYCLE,34,0,3620,200,0,0.947644,0.121918,0,0,0,100,24.19,94.76,0.49988,0.500899,1,3,0,0,76,1448,0.461041,1,0.4706,2,3,0,0,V1,1,0.075221,24488.23529,1,0,0,0.924779,1.924779,0,0,200
EDCF-Shield,v1b,FALCON1024+HMAC-SHA512+AES256GCM+DKG4of7,COMPROMISED_CTRL,180,67.16,17,CUMULATIVE,34,502,41780,2898,20,0.935442,0.363296,0.255992,0.147647,0.961686,99.95,26.02,92.48,0.49988,0.500899,1,3,0,0,76,1448,0.461041,1,0.4706,2,3,0,0,V1,1,0.075221,24488.23529,1,0,0,0.924779,1.924779,0,0,200
EDCF-Shield,v1b,FALCON1024+HMAC-SHA512+AES256GCM+DKG4of7,COMPROMISED_CTRL,180,67.16,18,CYCLE,36,0,3620,200,0,0.947644,0.115147,0,0,0,100,24.19,94.76,0.49989,0.500883,1,3,0,0,76,1448,0.452896,1,0.4722,2,3,0,0,V1,1,0.073439,25133.33333,1,0,0,0.926561,1.926561,0,0,200
EDCF-Shield,v1b,FALCON1024+HMAC-SHA512+AES256GCM+DKG4of7,COMPROMISED_CTRL,180,67.16,18,CUMULATIVE,36,502,45400,3098,20,0.936393,0.353269,0.243571,0.139444,0.961686,99.96,25.88,92.66,0.49989,0.500883,1,3,0,0,76,1448,0.452896,1,0.4722,2,3,0,0,V1,1,0.073439,25133.33333,1,0,0,0.926561,1.926561,0,0,200
EDCF-Shield,v1b,FALCON1024+HMAC-SHA512+AES256GCM+DKG4of7,COMPROMISED_CTRL,180,67.16,19,CYCLE,38,0,3620,200,0,0.947644,0.109089,0,0,0,100,24.19,94.76,0.499898,0.500868,1,3,0,0,76,1448,0.445232,1,0.4737,2,3,0,0,V1,1,0.071915,25710.52632,1,0,0,0.928085,1.928085,0,0,200
EDCF-Shield,v1b,FALCON1024+HMAC-SHA512+AES256GCM+DKG4of7,COMPROMISED_CTRL,180,67.16,19,CUMULATIVE,38,502,49020,3298,20,0.937207,0.34402,0.2323,0.132105,0.961686,99.96,25.75,92.81,0.499898,0.500868,1,3,0,0,76,1448,0.445232,1,0.4737,2,3,0,0,V1,1,0.071915,25710.52632,1,0,0,0.928085,1.928085,0,0,200
EDCF-Shield,v1b,FALCON1024+HMAC-SHA512+AES256GCM+DKG4of7,COMPROMISED_CTRL,180,67.16,20,CYCLE,40,0,3620,200,0,0.947644,0.103637,0,0,0,100,24.19,94.76,0.499905,0.500856,1,3,0,0,76,1448,0.438003,1,0.475,2,3,0,0,V1,1,0.070597,26230,1,0,0,0.929403,1.929403,0,0,200
EDCF-Shield,v1b,FALCON1024+HMAC-SHA512+AES256GCM+DKG4of7,COMPROMISED_CTRL,180,67.16,20,CUMULATIVE,40,502,52640,3498,20,0.93791,0.335455,0.222026,0.1255,0.961686,99.96,25.65,92.94,0.499905,0.500856,1,3,0,0,76,1448,0.438003,1,0.475,2,3,0,0,V1,1,0.070597,26230,1,0,0,0.929403,1.929403,0,0,200
EDCF-Shield,v1b,FALCON1024+HMAC-SHA512+AES256GCM+DKG4of7,COMPROMISED_CTRL,180,67.16,21,CYCLE,42,0,3620,200,0,0.947644,0.098704,0,0,0,100,24.19,94.76,0.499911,0.500846,1,3,0,0,76,1448,0.431166,1,0.4762,2,3,0,0,V1,1,0.069444,26700,1,0,0,0.930556,1.930556,0,0,200
EDCF-Shield,v1b,FALCON1024+HMAC-SHA512+AES256GCM+DKG4of7,COMPROMISED_CTRL,180,67.16,21,CUMULATIVE,42,502,56260,3698,20,0.938525,0.327495,0.212622,0.119524,0.961686,99.96,25.56,93.06,0.499911,0.500846,1,3,0,0,76,1448,0.431166,1,0.4762,2,3,0,0,V1,1,0.069444,26700,1,0,0,0.930556,1.930556,0,0,200
EDCF-Shield,v1b,FALCON1024+HMAC-SHA512+AES256GCM+DKG4of7,COMPROMISED_CTRL,180,67.16,22,CYCLE,44,0,3620,200,0,0.947644,0.09422,0,0,0,100,24.19,94.76,0.499917,0.500836,1,3,0,0,76,1448,0.424687,1,0.4773,2,3,0,0,V1,1,0.068429,27127.27273,1,0,0,0.931571,1.931571,0,0,200
EDCF-Shield,v1b,FALCON1024+HMAC-SHA512+AES256GCM+DKG4of7,COMPROMISED_CTRL,180,67.16,22,CUMULATIVE,44,502,59880,3898,20,0.939067,0.320072,0.203982,0.114091,0.961686,99.97,25.47,93.16,0.499917,0.500836,1,3,0,0,76,1448,0.424687,1,0.4773,2,3,0,0,V1,1,0.068429,27127.27273,1,0,0,0.931571,1.931571,0,0,200
EDCF-Shield,v1b,FALCON1024+HMAC-SHA512+AES256GCM+DKG4of7,COMPROMISED_CTRL,180,67.16,23,CYCLE,46,0,3620,200,0,0.947644,0.090125,0,0,0,100,24.19,94.76,0.499921,0.500828,1,3,0,0,76,1448,0.418533,1,0.4783,2,3,0,0,V1,1,0.067528,27517.3913,1,0,0,0.932472,1.932472,0,0,200
EDCF-Shield,v1b,FALCON1024+HMAC-SHA512+AES256GCM+DKG4of7,COMPROMISED_CTRL,180,67.16,23,CUMULATIVE,46,502,63500,4098,20,0.939548,0.313129,0.196017,0.10913,0.961686,99.97,25.4,93.25,0.499921,0.500828,1,3,0,0,76,1448,0.418533,1,0.4783,2,3,0,0,V1,1,0.067528,27517.3913,1,0,0,0.932472,1.932472,0,0,200
EDCF-Shield,v1b,FALCON1024+HMAC-SHA512+AES256GCM+DKG4of7,COMPROMISED_CTRL,180,67.16,24,CYCLE,48,0,3620,200,0,0.947644,0.086372,0,0,0,100,24.19,94.76,0.499926,0.500821,1,3,0,0,76,1448,0.412677,1,0.4792,2,3,0,0,V1,1,0.066722,27875,1,0,0,0.933278,1.933278,0,0,200
EDCF-Shield,v1b,FALCON1024+HMAC-SHA512+AES256GCM+DKG4of7,COMPROMISED_CTRL,180,67.16,24,CUMULATIVE,48,502,67120,4298,20,0.939978,0.306617,0.188651,0.104583,0.961686,99.97,25.34,93.33,0.499926,0.500821,1,3,0,0,76,1448,0.412677,1,0.4792,2,3,0,0,V1,1,0.066722,27875,1,0,0,0.933278,1.933278,0,0,200
EDCF-Shield,v1b,FALCON1024+HMAC-SHA512+AES256GCM+DKG4of7,COMPROMISED_CTRL,180,67.16,25,CYCLE,50,0,3620,200,0,0.947644,0.082919,0,0,0,100,24.19,94.76,0.499929,0.500814,1,3,0,0,76,1448,0.407095,1,0.48,2,3,0,0,V1,1,0.065998,28204,1,0,0,0.934002,1.934002,0,0,200
EDCF-Shield,v1b,FALCON1024+HMAC-SHA512+AES256GCM+DKG4of7,COMPROMISED_CTRL,180,67.16,25,CUMULATIVE,50,502,70740,4498,20,0.940364,0.300493,0.181818,0.1004,0.961686,99.97,25.28,93.4,0.499929,0.500814,1,3,0,0,76,1448,0.407095,1,0.48,2,3,0,0,V1,1,0.065998,28204,1,0,0,0.934002,1.934002,0,0,200
EDCF-Shield,v1b,FALCON1024+HMAC-SHA512+AES256GCM+DKG4of7,COMPROMISED_CTRL,180,67.16,26,CYCLE,52,0,3620,200,0,0.947644,0.079731,0,0,0,100,24.19,94.76,0.499933,0.500808,1,3,0,0,76,1448,0.401765,1,0.4808,2,3,0,0,V1,1,0.065343,28507.69231,1,0,0,0.934657,1.934657,0,0,200
EDCF-Shield,v1b,FALCON1024+HMAC-SHA512+AES256GCM+DKG4of7,COMPROMISED_CTRL,180,67.16,26,CUMULATIVE,52,502,74360,4698,20,0.940714,0.294721,0.175463,0.096538,0.961686,99.97,25.23,93.47,0.499933,0.500808,1,3,0,0,76,1448,0.401765,1,0.4808,2,3,0,0,V1,1,0.065343,28507.69231,1,0,0,0.934657,1.934657,0,0,200
EDCF-Shield,v1b,FALCON1024+HMAC-SHA512+AES256GCM+DKG4of7,COMPROMISED_CTRL,180,67.16,27,CYCLE,54,0,3620,200,0,0.947644,0.07678,0,0,0,100,24.19,94.76,0.499936,0.500803,1,3,0,0,76,1448,0.396667,1,0.4815,2,3,0,0,V1,1,0.064748,28788.88889,1,0,0,0.935252,1.935252,0,0,200
EDCF-Shield,v1b,FALCON1024+HMAC-SHA512+AES256GCM+DKG4of7,COMPROMISED_CTRL,180,67.16,27,CUMULATIVE,54,502,77980,4898,20,0.941031,0.289268,0.169537,0.092963,0.961686,99.97,25.18,93.53,0.499936,0.500803,1,3,0,0,76,1448,0.396667,1,0.4815,2,3,0,0,V1,1,0.064748,28788.88889,1,0,0,0.935252,1.935252,0,0,200
EDCF-Shield,v1b,FALCON1024+HMAC-SHA512+AES256GCM+DKG4of7,COMPROMISED_CTRL,180,67.16,28,CYCLE,56,0,3620,200,0,0.947644,0.07404,0,0,0,100,24.19,94.76,0.499939,0.500798,1,3,0,0,76,1448,0.391786,1,0.4821,2,3,0,0,V1,1,0.064205,29050,1,0,0,0.935795,1.935795,0,0,200
EDCF-Shield,v1b,FALCON1024+HMAC-SHA512+AES256GCM+DKG4of7,COMPROMISED_CTRL,180,67.16,28,CUMULATIVE,56,502,81600,5098,20,0.941321,0.284105,0.163999,0.089643,0.961686,99.98,25.14,93.58,0.499939,0.500798,1,3,0,0,76,1448,0.391786,1,0.4821,2,3,0,0,V1,1,0.064205,29050,1,0,0,0.935795,1.935795,0,0,200
EDCF-Shield,v1b,FALCON1024+HMAC-SHA512+AES256GCM+DKG4of7,COMPROMISED_CTRL,180,67.16,29,CYCLE,58,0,3620,200,0,0.947644,0.071488,0,0,0,100,24.19,94.76,0.499941,0.500793,1,3,0,0,76,1448,0.387104,1,0.4828,2,3,0,0,V1,1,0.063708,29293.10345,1,0,0,0.936292,1.936292,0,0,200
EDCF-Shield,v1b,FALCON1024+HMAC-SHA512+AES256GCM+DKG4of7,COMPROMISED_CTRL,180,67.16,29,CUMULATIVE,58,502,85220,5298,20,0.941586,0.279209,0.158811,0.086552,0.961686,99.98,25.1,93.63,0.499941,0.500793,1,3,0,0,76,1448,0.387104,1,0.4828,2,3,0,0,V1,1,0.063708,29293.10345,1,0,0,0.936292,1.936292,0,0,200
EDCF-Shield,v1b,FALCON1024+HMAC-SHA512+AES256GCM+DKG4of7,COMPROMISED_CTRL,180,67.16,30,CYCLE,60,0,3620,200,0,0.947644,0.069107,0,0,0,100,24.19,94.76,0.499944,0.500789,1,3,0,0,76,1448,0.382608,1,0.4833,2,3,0,0,V1,1,0.063251,29520,1,0,0,0.936749,1.936749,0,0,200
EDCF-Shield,v1b,FALCON1024+HMAC-SHA512+AES256GCM+DKG4of7,COMPROMISED_CTRL,180,67.16,30,CUMULATIVE,60,502,88840,5498,20,0.94183,0.274557,0.153941,0.083667,0.961686,99.98,25.06,93.67,0.499944,0.500789,1,3,0,0,76,1448,0.382608,1,0.4833,2,3,0,0,V1,1,0.063251,29520,1,0,0,0.936749,1.936749,0,0,200
EDCF-Shield,v1b,FALCON1024+HMAC-SHA512+AES256GCM+DKG4of7,COMPROMISED_CTRL,180,67.16,31,CYCLE,62,0,3620,200,0,0.947644,0.066879,0,0,0,100,24.19,94.76,0.499946,0.500785,1,3,0,0,76,1448,0.378286,1,0.4839,2,3,0,0,V1,1,0.062829,29732.25807,1,0,0,0.937171,1.937171,0,0,200
EDCF-Shield,v1b,FALCON1024+HMAC-SHA512+AES256GCM+DKG4of7,COMPROMISED_CTRL,180,67.16,31,CUMULATIVE,62,502,92460,5698,20,0.942055,0.27013,0.14936,0.080968,0.961686,99.98,25.03,93.72,0.499946,0.500785,1,3,0,0,76,1448,0.378286,1,0.4839,2,3,0,0,V1,1,0.062829,29732.25807,1,0,0,0.937171,1.937171,0,0,200
EDCF-Shield,v1b,FALCON1024+HMAC-SHA512+AES256GCM+DKG4of7,COMPROMISED_CTRL,180,67.16,32,CYCLE,64,0,3620,200,0,0.947644,0.06479,0,0,0,100,24.19,94.76,0.499948,0.500782,1,3,0,0,76,1448,0.374126,1,0.4844,2,3,0,0,V1,1,0.062439,29931.25,1,0,0,0.937561,1.937561,0,0,200
EDCF-Shield,v1b,FALCON1024+HMAC-SHA512+AES256GCM+DKG4of7,COMPROMISED_CTRL,180,67.16,32,CUMULATIVE,64,502,96080,5898,20,0.942263,0.265909,0.145045,0.078437,0.961686,99.98,25,93.76,0.499948,0.500782,1,3,0,0,76,1448,0.374126,1,0.4844,2,3,0,0,V1,1,0.062439,29931.25,1,0,0,0.937561,1.937561,0,0,200
EDCF-Shield,v1b,FALCON1024+HMAC-SHA512+AES256GCM+DKG4of7,COMPROMISED_CTRL,180,67.16,33,CYCLE,66,0,3620,200,0,0.947644,0.062828,0,0,0,100,24.19,94.76,0.49995,0.500779,1,3,0,0,76,1448,0.370118,1,0.4848,2,3,0,0,V1,1,0.062077,30118.18182,1,0,0,0.937923,1.937923,0,0,200
EDCF-Shield,v1b,FALCON1024+HMAC-SHA512+AES256GCM+DKG4of7,COMPROMISED_CTRL,180,67.16,33,CUMULATIVE,66,502,99700,6098,20,0.942457,0.26188,0.140972,0.076061,0.961686,99.98,24.97,93.79,0.49995,0.500779,1,3,0,0,76,1448,0.370118,1,0.4848,2,3,0,0,V1,1,0.062077,30118.18182,1,0,0,0.937923,1.937923,0,0,200
EDCF-Shield,v1b,FALCON1024+HMAC-SHA512+AES256GCM+DKG4of7,COMPROMISED_CTRL,180,67.16,34,CYCLE,68,0,3620,200,0,0.947644,0.060982,0,0,0,100,24.19,94.76,0.499952,0.500775,1,3,0,0,76,1448,0.366253,1,0.4853,2,3,0,0,V1,1,0.06174,30294.11765,1,0,0,0.93826,1.93826,0,0,200
EDCF-Shield,v1b,FALCON1024+HMAC-SHA512+AES256GCM+DKG4of7,COMPROMISED_CTRL,180,67.16,34,CUMULATIVE,68,502,103320,6298,20,0.942637,0.258028,0.137121,0.073824,0.961686,99.98,24.94,93.83,0.499952,0.500775,1,3,0,0,76,1448,0.366253,1,0.4853,2,3,0,0,V1,1,0.06174,30294.11765,1,0,0,0.93826,1.93826,0,0,200
EDCF-Shield,v1b,FALCON1024+HMAC-SHA512+AES256GCM+DKG4of7,COMPROMISED_CTRL,180,67.16,35,CYCLE,70,0,3620,200,0,0.947644,0.059241,0,0,0,100,24.19,94.76,0.499953,0.500773,1,3,0,0,76,1448,0.362521,1,0.4857,2,3,0,0,V1,1,0.061425,30460,1,0,0,0.938575,1.938575,0,0,200
EDCF-Shield,v1b,FALCON1024+HMAC-SHA512+AES256GCM+DKG4of7,COMPROMISED_CTRL,180,67.16,35,CUMULATIVE,70,502,106940,6498,20,0.942804,0.254341,0.133475,0.071714,0.961686,99.98,24.91,93.86,0.499953,0.500773,1,3,0,0,76,1448,0.362521,1,0.4857,2,3,0,0,V1,1,0.061425,30460,1,0,0,0.938575,1.938575,0,0,200
EDCF-Shield,v1b,FALCON1024+HMAC-SHA512+AES256GCM+DKG4of7,COMPROMISED_CTRL,180,67.16,36,CYCLE,72,0,3620,200,0,0.947644,0.057597,0,0,0,100,24.19,94.76,0.499955,0.50077,1,3,0,0,76,1448,0.358915,1,0.4861,2,3,0,0,V1,1,0.061131,30616.66667,1,0,0,0.938869,1.938869,0,0,200
EDCF-Shield,v1b,FALCON1024+HMAC-SHA512+AES256GCM+DKG4of7,COMPROMISED_CTRL,180,67.16,36,CUMULATIVE,72,502,110560,6698,20,0.942961,0.250808,0.130018,0.069722,0.961686,99.98,24.89,93.89,0.499955,0.50077,1,3,0,0,76,1448,0.358915,1,0.4861,2,3,0,0,V1,1,0.061131,30616.66667,1,0,0,0.938869,1.938869,0,0,200
EDCF-Shield,v1b,FALCON1024+HMAC-SHA512+AES256GCM+DKG4of7,COMPROMISED_CTRL,180,67.16,37,CYCLE,74,0,3620,200,0,0.947644,0.056041,0,0,0,100,24.19,94.76,0.499956,0.500768,1,3,0,0,76,1448,0.355427,1,0.4865,2,3,0,0,V1,1,0.060855,30764.86487,1,0,0,0.939145,1.939145,0,0,200
EDCF-Shield,v1b,FALCON1024+HMAC-SHA512+AES256GCM+DKG4of7,COMPROMISED_CTRL,180,67.16,37,CUMULATIVE,74,502,114180,6898,20,0.943109,0.247417,0.126736,0.067838,0.961686,99.98,24.87,93.91,0.499956,0.500768,1,3,0,0,76,1448,0.355427,1,0.4865,2,3,0,0,V1,1,0.060855,30764.86487,1,0,0,0.939145,1.939145,0,0,200
EDCF-Shield,v1b,FALCON1024+HMAC-SHA512+AES256GCM+DKG4of7,COMPROMISED_CTRL,180,67.16,38,CYCLE,76,0,3620,200,0,0.947644,0.054568,0,0,0,100,24.19,94.76,0.499958,0.500765,1,3,0,0,76,1448,0.352052,1,0.4868,2,3,0,0,V1,1,0.060596,30905.26316,1,0,0,0.939404,1.939404,0,0,200
EDCF-Shield,v1b,FALCON1024+HMAC-SHA512+AES256GCM+DKG4of7,COMPROMISED_CTRL,180,67.16,38,CUMULATIVE,76,502,117800,7098,20,0.943247,0.244161,0.123615,0.066053,0.961686,99.98,24.85,93.94,0.499958,0.500765,1,3,0,0,76,1448,0.352052,1,0.4868,2,3,0,0,V1,1,0.060596,30905.26316,1,0,0,0.939404,1.939404,0,0,200
EDCF-Shield,v1b,FALCON1024+HMAC-SHA512+AES256GCM+DKG4of7,COMPROMISED_CTRL,180,67.16,39,CYCLE,78,0,3620,200,0,0.947644,0.05317,0,0,0,100,24.19,94.76,0.499959,0.500763,1,3,0,0,76,1448,0.348783,1,0.4872,2,3,0,0,V1,1,0.060353,31038.46154,1,0,0,0.939647,1.939647,0,0,200
EDCF-Shield,v1b,FALCON1024+HMAC-SHA512+AES256GCM+DKG4of7,COMPROMISED_CTRL,180,67.16,39,CUMULATIVE,78,502,121420,7298,20,0.943377,0.241029,0.120644,0.064359,0.961686,99.98,24.83,93.96,0.499959,0.500763,1,3,0,0,76,1448,0.348783,1,0.4872,2,3,0,0,V1,1,0.060353,31038.46154,1,0,0,0.939647,1.939647,0,0,200
EDCF-Shield,v1b,FALCON1024+HMAC-SHA512+AES256GCM+DKG4of7,COMPROMISED_CTRL,180,67.16,40,CYCLE,80,0,3620,200,0,0.947644,0.051841,0,0,0,100,24.19,94.76,0.49996,0.500761,1,3,0,0,76,1448,0.345613,1,0.4875,2,3,0,0,V1,1,0.060123,31165,1,0,0,0.939877,1.939877,0,0,200
EDCF-Shield,v1b,FALCON1024+HMAC-SHA512+AES256GCM+DKG4of7,COMPROMISED_CTRL,180,67.16,40,CUMULATIVE,80,502,125040,7498,20,0.943499,0.238015,0.117813,0.06275,0.961686,99.98,24.81,93.99,0.49996,0.500761,1,3,0,0,76,1448,0.345613,1,0.4875,2,3,0,0,V1,1,0.060123,31165,1,0,0,0.939877,1.939877,0,0,200
EDCF-Shield,v1b,FALCON1024+HMAC-SHA512+AES256GCM+DKG4of7,COMPROMISED_CTRL,180,67.16,41,CYCLE,82,0,3620,200,0,0.947644,0.050578,0,0,0,100,24.19,94.76,0.499961,0.500759,1,3,0,0,76,1448,0.342539,1,0.4878,2,3,0,0,V1,1,0.059906,31285.36585,1,0,0,0.940094,1.940094,0,0,200
EDCF-Shield,v1b,FALCON1024+HMAC-SHA512+AES256GCM+DKG4of7,COMPROMISED_CTRL,180,67.16,41,CUMULATIVE,82,502,128660,7698,20,0.943615,0.235111,0.115111,0.06122,0.961686,99.98,24.79,94.01,0.499961,0.500759,1,3,0,0,76,1448,0.342539,1,0.4878,2,3,0,0,V1,1,0.059906,31285.36585,1,0,0,0.940094,1.940094,0,0,200
EDCF-Shield,v1b,FALCON1024+HMAC-SHA512+AES256GCM+DKG4of7,COMPROMISED_CTRL,180,67.16,42,CYCLE,84,0,3620,200,0,0.947644,0.049375,0,0,0,100,24.19,94.76,0.499962,0.500757,1,3,0,0,76,1448,0.339555,1,0.4881,2,3,0,0,V1,1,0.059701,31400,1,0,0,0.940299,1.940299,0,0,200
EDCF-Shield,v1b,FALCON1024+HMAC-SHA512+AES256GCM+DKG4of7,COMPROMISED_CTRL,180,67.16,42,CUMULATIVE,84,502,132280,7898,20,0.943724,0.232311,0.112531,0.059762,0.961686,99.98,24.78,94.03,0.499962,0.500757,1,3,0,0,76,1448,0.339555,1,0.4881,2,3,0,0,V1,1,0.059701,31400,1,0,0,0.940299,1.940299,0,0,200
EDCF-Shield,v1b,FALCON1024+HMAC-SHA512+AES256GCM+DKG4of7,COMPROMISED_CTRL,180,67.16,43,CYCLE,86,0,3620,200,0,0.947644,0.048228,0,0,0,100,24.19,94.76,0.499963,0.500755,1,3,0,0,76,1448,0.336657,1,0.4884,2,3,0,0,V1,1,0.059507,31509.30233,1,0,0,0.940493,1.940493,0,0,200
EDCF-Shield,v1b,FALCON1024+HMAC-SHA512+AES256GCM+DKG4of7,COMPROMISED_CTRL,180,67.16,43,CUMULATIVE,86,502,135900,8098,20,0.943828,0.229608,0.110064,0.058372,0.961686,99.99,24.76,94.05,0.499963,0.500755,1,3,0,0,76,1448,0.336657,1,0.4884,2,3,0,0,V1,1,0.059507,31509.30233,1,0,0,0.940493,1.940493,0,0,200
EDCF-Shield,v1b,FALCON1024+HMAC-SHA512+AES256GCM+DKG4of7,COMPROMISED_CTRL,180,67.16,44,CYCLE,88,0,3620,200,0,0.947644,0.047133,0,0,0,100,24.19,94.76,0.499964,0.500754,1,3,0,0,76,1448,0.33384,1,0.4886,2,3,0,0,V1,1,0.059323,31613.63636,1,0,0,0.940677,1.940677,0,0,200
EDCF-Shield,v1b,FALCON1024+HMAC-SHA512+AES256GCM+DKG4of7,COMPROMISED_CTRL,180,67.16,44,CUMULATIVE,88,502,139520,8298,20,0.943926,0.226997,0.107702,0.057045,0.961686,99.99,24.75,94.07,0.499964,0.500754,1,3,0,0,76,1448,0.33384,1,0.4886,2,3,0,0,V1,1,0.059323,31613.63636,1,0,0,0.940677,1.940677,0,0,200
EDCF-Shield,v1b,FALCON1024+HMAC-SHA512+AES256GCM+DKG4of7,COMPROMISED_CTRL,180,67.16,45,CYCLE,90,0,3620,200,0,0.947644,0.046086,0,0,0,100,24.19,94.76,0.499965,0.500752,1,3,0,0,76,1448,0.3311,1,0.4889,2,3,0,0,V1,1,0.059148,31713.33333,1,0,0,0.940852,1.940852,0,0,200
EDCF-Shield,v1b,FALCON1024+HMAC-SHA512+AES256GCM+DKG4of7,COMPROMISED_CTRL,180,67.16,45,CUMULATIVE,90,502,143140,8498,20,0.944019,0.224473,0.10544,0.055778,0.961686,99.99,24.73,94.09,0.499965,0.500752,1,3,0,0,76,1448,0.3311,1,0.4889,2,3,0,0,V1,1,0.059148,31713.33333,1,0,0,0.940852,1.940852,0,0,200
EDCF-Shield,v1b,FALCON1024+HMAC-SHA512+AES256GCM+DKG4of7,COMPROMISED_CTRL,180,67.16,46,CYCLE,92,0,3620,200,0,0.947644,0.045086,0,0,0,100,24.19,94.76,0.499966,0.500751,1,3,0,0,76,1448,0.328434,1,0.4891,2,3,0,0,V1,1,0.058982,31808.69565,1,0,0,0.941018,1.941018,0,0,200
EDCF-Shield,v1b,FALCON1024+HMAC-SHA512+AES256GCM+DKG4of7,COMPROMISED_CTRL,180,67.16,46,CUMULATIVE,92,502,146760,8698,20,0.944108,0.222032,0.103271,0.054565,0.961686,99.99,24.72,94.1,0.499966,0.500751,1,3,0,0,76,1448,0.328434,1,0.4891,2,3,0,0,V1,1,0.058982,31808.69565,1,0,0,0.941018,1.941018,0,0,200
EDCF-Shield,v1b,FALCON1024+HMAC-SHA512+AES256GCM+DKG4of7,COMPROMISED_CTRL,180,67.16,47,CYCLE,94,0,3620,200,0,0.947644,0.044127,0,0,0,100,24.19,94.76,0.499967,0.500749,1,3,0,0,76,1448,0.325839,1,0.4894,2,3,0,0,V1,1,0.058824,31900,1,0,0,0.941176,1.941176,0,0,200
EDCF-Shield,v1b,FALCON1024+HMAC-SHA512+AES256GCM+DKG4of7,COMPROMISED_CTRL,180,67.16,47,CUMULATIVE,94,502,150380,8898,20,0.944193,0.219669,0.101189,0.053404,0.961686,99.99,24.71,94.12,0.499967,0.500749,1,3,0,0,76,1448,0.325839,1,0.4894,2,3,0,0,V1,1,0.058824,31900,1,0,0,0.941176,1.941176,0,0,200
EDCF-Shield,v1b,FALCON1024+HMAC-SHA512+AES256GCM+DKG4of7,COMPROMISED_CTRL,180,67.16,48,CYCLE,96,0,3620,200,0,0.947644,0.043209,0,0,0,100,24.19,94.76,0.499968,0.500748,1,3,0,0,76,1448,0.323311,1,0.4896,2,3,0,0,V1,1,0.058673,31987.5,1,0,0,0.941327,1.941327,0,0,200
EDCF-Shield,v1b,FALCON1024+HMAC-SHA512+AES256GCM+DKG4of7,COMPROMISED_CTRL,180,67.16,48,CUMULATIVE,96,502,154000,9098,20,0.944273,0.217379,0.09919,0.052292,0.961686,99.99,24.69,94.13,0.499968,0.500748,1,3,0,0,76,1448,0.323311,1,0.4896,2,3,0,0,V1,1,0.058673,31987.5,1,0,0,0.941327,1.941327,0,0,200
EDCF-Shield,v1b,FALCON1024+HMAC-SHA512+AES256GCM+DKG4of7,COMPROMISED_CTRL,180,67.16,49,CYCLE,98,0,3620,200,0,0.947644,0.042328,0,0,0,100,24.19,94.76,0.499968,0.500747,1,3,0,0,76,1448,0.320848,1,0.4898,2,3,0,0,V1,1,0.058528,32071.42857,1,0,0,0.941472,1.941472,0,0,200
EDCF-Shield,v1b,FALCON1024+HMAC-SHA512+AES256GCM+DKG4of7,COMPROMISED_CTRL,180,67.16,49,CUMULATIVE,98,502,157620,9298,20,0.94435,0.215159,0.097268,0.051224,0.961686,99.99,24.68,94.15,0.499968,0.500747,1,3,0,0,76,1448,0.320848,1,0.4898,2,3,0,0,V1,1,0.058528,32071.42857,1,0,0,0.941472,1.941472,0,0,200
EDCF-Shield,v1b,FALCON1024+HMAC-SHA512+AES256GCM+DKG4of7,COMPROMISED_CTRL,180,67.16,50,CYCLE,100,0,3620,200,0,0.947644,0.041482,0,0,0,100,24.19,94.76,0.499969,0.500745,1,3,0,0,76,1448,0.318446,1,0.49,2,3,0,0,V1,1,0.058391,32152,1,0,0,0.941609,1.941609,0,0,200
EDCF-Shield,v1b,FALCON1024+HMAC-SHA512+AES256GCM+DKG4of7,COMPROMISED_CTRL,180,67.16,50,CUMULATIVE,100,502,161240,9498,20,0.944424,0.213006,0.095419,0.0502,0.961686,99.99,24.67,94.16,0.499969,0.500745,1,3,0,0,76,1448,0.318446,1,0.49,2,3,0,0,V1,1,0.058391,32152,1,0,0,0.941609,1.941609,0,0,200
EDCF-Shield,v1b,FALCON1024+HMAC-SHA512+AES256GCM+DKG4of7,COMPROMISED_CTRL,180,67.16,51,CYCLE,102,0,3620,200,0,0.947644,0.04067,0,0,0,100,24.19,94.76,0.49997,0.500744,1,3,0,0,76,1448,0.316103,1,0.4902,2,3,0,0,V1,1,0.058259,32229.41177,1,0,0,0.941741,1.941741,0,0,200
EDCF-Shield,v1b,FALCON1024+HMAC-SHA512+AES256GCM+DKG4of7,COMPROMISED_CTRL,180,67.16,51,CUMULATIVE,102,502,164860,9698,20,0.944494,0.210917,0.093639,0.049216,0.961686,99.99,24.66,94.17,0.49997,0.500744,1,3,0,0,76,1448,0.316103,1,0.4902,2,3,0,0,V1,1,0.058259,32229.41177,1,0,0,0.941741,1.941741,0,0,200
EDCF-Shield,v1b,FALCON1024+HMAC-SHA512+AES256GCM+DKG4of7,COMPROMISED_CTRL,180,67.16,52,CYCLE,104,0,3620,200,0,0.947644,0.039889,0,0,0,100,24.19,94.76,0.49997,0.500743,1,3,0,0,76,1448,0.313816,1,0.4904,2,3,0,0,V1,1,0.058133,32303.84615,1,0,0,0.941867,1.941867,0,0,200
EDCF-Shield,v1b,FALCON1024+HMAC-SHA512+AES256GCM+DKG4of7,COMPROMISED_CTRL,180,67.16,52,CUMULATIVE,104,502,168480,9898,20,0.944561,0.208887,0.091925,0.048269,0.961686,99.99,24.65,94.19,0.49997,0.500743,1,3,0,0,76,1448,0.313816,1,0.4904,2,3,0,0,V1,1,0.058133,32303.84615,1,0,0,0.941867,1.941867,0,0,200
EDCF-Shield,v1b,FALCON1024+HMAC-SHA512+AES256GCM+DKG4of7,COMPROMISED_CTRL,180,67.16,53,CYCLE,106,0,3620,200,0,0.947644,0.039137,0,0,0,100,24.19,94.76,0.499971,0.500742,1,3,0,0,76,1448,0.311583,1,0.4906,2,3,0,0,V1,1,0.058012,32375.4717,1,0,0,0.941988,1.941988,0,0,200
EDCF-Shield,v1b,FALCON1024+HMAC-SHA512+AES256GCM+DKG4of7,COMPROMISED_CTRL,180,67.16,53,CUMULATIVE,106,502,172100,10098,20,0.944626,0.206915,0.090272,0.047358,0.961686,99.99,24.64,94.2,0.499971,0.500742,1,3,0,0,76,1448,0.311583,1,0.4906,2,3,0,0,V1,1,0.058012,32375.4717,1,0,0,0.941988,1.941988,0,0,200
EDCF-Shield,v1b,FALCON1024+HMAC-SHA512+AES256GCM+DKG4of7,COMPROMISED_CTRL,180,67.16,54,CYCLE,108,0,3620,200,0,0.947644,0.038413,0,0,0,100,24.19,94.76,0.499972,0.500741,1,3,0,0,76,1448,0.309403,1,0.4907,2,3,0,0,V1,1,0.057896,32444.44444,1,0,0,0.942104,1.942104,0,0,200
EDCF-Shield,v1b,FALCON1024+HMAC-SHA512+AES256GCM+DKG4of7,COMPROMISED_CTRL,180,67.16,54,CUMULATIVE,108,502,175720,10298,20,0.944687,0.204998,0.088677,0.046481,0.961686,99.99,24.63,94.21,0.499972,0.500741,1,3,0,0,76,1448,0.309403,1,0.4907,2,3,0,0,V1,1,0.057896,32444.44444,1,0,0,0.942104,1.942104,0,0,200
EDCF-Shield,v1b,FALCON1024+HMAC-SHA512+AES256GCM+DKG4of7,COMPROMISED_CTRL,180,67.16,55,CYCLE,110,0,3620,200,0,0.947644,0.037715,0,0,0,100,24.19,94.76,0.499972,0.50074,1,3,0,0,76,1448,0.307272,1,0.4909,2,3,0,0,V1,1,0.057785,32510.90909,1,0,0,0.942215,1.942215,0,0,200
EDCF-Shield,v1b,FALCON1024+HMAC-SHA512+AES256GCM+DKG4of7,COMPROMISED_CTRL,180,67.16,55,CUMULATIVE,110,502,179340,10498,20,0.944747,0.203133,0.087138,0.045636,0.961686,99.99,24.62,94.22,0.499972,0.50074,1,3,0,0,76,1448,0.307272,1,0.4909,2,3,0,0,V1,1,0.057785,32510.90909,1,0,0,0.942215,1.942215,0,0,200
EDCF-Shield,v1b,FALCON1024+HMAC-SHA512+AES256GCM+DKG4of7,COMPROMISED_CTRL,180,67.16,56,CYCLE,112,0,3620,200,0,0.947644,0.037043,0,0,0,100,24.19,94.76,0.499973,0.500739,1,3,0,0,76,1448,0.305189,1,0.4911,2,3,0,0,V1,1,0.057678,32575,1,0,0,0.942322,1.942322,0,0,200
EDCF-Shield,v1b,FALCON1024+HMAC-SHA512+AES256GCM+DKG4of7,COMPROMISED_CTRL,180,67.16,56,CUMULATIVE,112,502,182960,10698,20,0.944804,0.201318,0.085651,0.044821,0.961686,99.99,24.61,94.23,0.499973,0.500739,1,3,0,0,76,1448,0.305189,1,0.4911,2,3,0,0,V1,1,0.057678,32575,1,0,0,0.942322,1.942322,0,0,200
EDCF-Shield,v1b,FALCON1024+HMAC-SHA512+AES256GCM+DKG4of7,COMPROMISED_CTRL,180,67.16,57,CYCLE,114,0,3620,200,0,0.947644,0.036394,0,0,0,100,24.19,94.76,0.499973,0.500738,1,3,0,0,76,1448,0.303153,1,0.4912,2,3,0,0,V1,1,0.057576,32636.84211,1,0,0,0.942424,1.942424,0,0,200
EDCF-Shield,v1b,FALCON1024+HMAC-SHA512+AES256GCM+DKG4of7,COMPROMISED_CTRL,180,67.16,57,CUMULATIVE,114,502,186580,10898,20,0.944859,0.199551,0.084214,0.044035,0.961686,99.99,24.61,94.24,0.499973,0.500738,1,3,0,0,76,1448,0.303153,1,0.4912,2,3,0,0,V1,1,0.057576,32636.84211,1,0,0,0.942424,1.942424,0,0,200
EDCF-Shield,v1b,FALCON1024+HMAC-SHA512+AES256GCM+DKG4of7,COMPROMISED_CTRL,180,67.16,58,CYCLE,116,0,3620,200,0,0.947644,0.035767,0,0,0,100,24.19,94.76,0.499974,0.500737,1,3,0,0,76,1448,0.30116,1,0.4914,2,3,0,0,V1,1,0.057477,32696.55172,1,0,0,0.942523,1.942523,0,0,200
EDCF-Shield,v1b,FALCON1024+HMAC-SHA512+AES256GCM+DKG4of7,COMPROMISED_CTRL,180,67.16,58,CUMULATIVE,116,502,190200,11098,20,0.944911,0.19783,0.082825,0.043276,0.961686,99.99,24.6,94.25,0.499974,0.500737,1,3,0,0,76,1448,0.30116,1,0.4914,2,3,0,0,V1,1,0.057477,32696.55172,1,0,0,0.942523,1.942523,0,0,200
EDCF-Shield,v1b,FALCON1024+HMAC-SHA512+AES256GCM+DKG4of7,COMPROMISED_CTRL,180,67.16,59,CYCLE,118,0,3620,200,0,0.947644,0.035162,0,0,0,100,24.19,94.76,0.499974,0.500736,1,3,0,0,76,1448,0.299211,1,0.4915,2,3,0,0,V1,1,0.057382,32754.23729,1,0,0,0.942618,1.942618,0,0,200
EDCF-Shield,v1b,FALCON1024+HMAC-SHA512+AES256GCM+DKG4of7,COMPROMISED_CTRL,180,67.16,59,CUMULATIVE,118,502,193820,11298,20,0.944962,0.196152,0.08148,0.042542,0.961686,99.99,24.59,94.26,0.499974,0.500736,1,3,0,0,76,1448,0.299211,1,0.4915,2,3,0,0,V1,1,0.057382,32754.23729,1,0,0,0.942618,1.942618,0,0,200
EDCF-Shield,v1b,FALCON1024+HMAC-SHA512+AES256GCM+DKG4of7,COMPROMISED_CTRL,180,67.16,60,CYCLE,120,0,3620,200,0,0.947644,0.034576,0,0,0,100,24.19,94.76,0.499975,0.500735,1,3,0,0,76,1448,0.297302,1,0.4917,2,3,0,0,V1,1,0.05729,32810,1,0,0,0.94271,1.94271,0,0,200
EDCF-Shield,v1b,FALCON1024+HMAC-SHA512+AES256GCM+DKG4of7,COMPROMISED_CTRL,180,67.16,60,CUMULATIVE,120,502,197440,11498,20,0.945011,0.194516,0.080179,0.041833,0.961686,99.99,24.58,94.27,0.499975,0.500735,1,3,0,0,76,1448,0.297302,1,0.4917,2,3,0,0,V1,1,0.05729,32810,1,0,0,0.94271,1.94271,0,0,200
EDCF-Shield,v1b,FALCON1024+HMAC-SHA512+AES256GCM+DKG4of7,COMPROMISED_CTRL,180,67.16,61,CYCLE,122,0,3620,200,0,0.947644,0.03401,0,0,0,100,24.19,94.76,0.499975,0.500735,1,3,0,0,76,1448,0.295433,1,0.4918,2,3,0,0,V1,1,0.057202,32863.93443,1,0,0,0.942798,1.942798,0,0,200
EDCF-Shield,v1b,FALCON1024+HMAC-SHA512+AES256GCM+DKG4of7,COMPROMISED_CTRL,180,67.16,61,CUMULATIVE,122,502,201060,11698,20,0.945058,0.192921,0.078918,0.041148,0.961686,99.99,24.58,94.28,0.499975,0.500735,1,3,0,0,76,1448,0.295433,1,0.4918,2,3,0,0,V1,1,0.057202,32863.93443,1,0,0,0.942798,1.942798,0,0,200
EDCF-Shield,v1b,FALCON1024+HMAC-SHA512+AES256GCM+DKG4of7,COMPROMISED_CTRL,180,67.16,62,CYCLE,124,0,3620,200,0,0.947644,0.033462,0,0,0,100,24.19,94.76,0.499976,0.500734,1,3,0,0,76,1448,0.293603,1,0.4919,2,3,0,0,V1,1,0.057117,32916.12903,1,0,0,0.942883,1.942883,0,0,200
EDCF-Shield,v1b,FALCON1024+HMAC-SHA512+AES256GCM+DKG4of7,COMPROMISED_CTRL,180,67.16,62,CUMULATIVE,124,502,204680,11898,20,0.945104,0.191364,0.077697,0.040484,0.961686,99.99,24.57,94.29,0.499976,0.500734,1,3,0,0,76,1448,0.293603,1,0.4919,2,3,0,0,V1,1,0.057117,32916.12903,1,0,0,0.942883,1.942883,0,0,200
EDCF-Shield,v1b,FALCON1024+HMAC-SHA512+AES256GCM+DKG4of7,COMPROMISED_CTRL,180,67.16,63,CYCLE,126,0,3620,200,0,0.947644,0.032932,0,0,0,100,24.19,94.76,0.499976,0.500733,1,3,0,0,76,1448,0.291809,1,0.4921,2,3,0,0,V1,1,0.057034,32966.66667,1,0,0,0.942966,1.942966,0,0,200
EDCF-Shield,v1b,FALCON1024+HMAC-SHA512+AES256GCM+DKG4of7,COMPROMISED_CTRL,180,67.16,63,CUMULATIVE,126,502,208300,12098,20,0.945148,0.189844,0.076513,0.039841,0.961686,99.99,24.56,94.3,0.499976,0.500733,1,3,0,0,76,1448,0.291809,1,0.4921,2,3,0,0,V1,1,0.057034,32966.66667,1,0,0,0.942966,1.942966,0,0,200
EDCF-Shield,v1b,FALCON1024+HMAC-SHA512+AES256GCM+DKG4of7,COMPROMISED_CTRL,180,67.16,64,CYCLE,128,0,3620,200,0,0.947644,0.032418,0,0,0,100,24.19,94.76,0.499976,0.500732,1,3,0,0,76,1448,0.290051,1,0.4922,2,3,0,0,V1,1,0.056955,33015.625,1,0,0,0.943045,1.943045,0,0,200
EDCF-Shield,v1b,FALCON1024+HMAC-SHA512+AES256GCM+DKG4of7,COMPROMISED_CTRL,180,67.16,64,CUMULATIVE,128,502,211920,12298,20,0.94519,0.18836,0.075364,0.039219,0.961686,99.99,24.56,94.3,0.499976,0.500732,1,3,0,0,76,1448,0.290051,1,0.4922,2,3,0,0,V1,1,0.056955,33015.625,1,0,0,0.943045,1.943045,0,0,200
EDCF-Shield,v1b,FALCON1024+HMAC-SHA512+AES256GCM+DKG4of7,COMPROMISED_CTRL,180,67.16,65,CYCLE,130,0,3620,200,0,0.947644,0.03192,0,0,0,100,24.19,94.76,0.499977,0.500732,1,3,0,0,76,1448,0.288328,1,0.4923,2,3,0,0,V1,1,0.056878,33063.07692,1,0,0,0.943122,1.943122,0,0,200
EDCF-Shield,v1b,FALCON1024+HMAC-SHA512+AES256GCM+DKG4of7,COMPROMISED_CTRL,180,67.16,65,CUMULATIVE,130,502,215540,12498,20,0.945231,0.18691,0.074249,0.038615,0.961686,99.99,24.55,94.31,0.499977,0.500732,1,3,0,0,76,1448,0.288328,1,0.4923,2,3,0,0,V1,1,0.056878,33063.07692,1,0,0,0.943122,1.943122,0,0,200
EDCF-Shield,v1b,FALCON1024+HMAC-SHA512+AES256GCM+DKG4of7,COMPROMISED_CTRL,180,67.16,66,CYCLE,132,0,3620,200,0,0.947644,0.031437,0,0,0,100,24.19,94.76,0.499977,0.500731,1,3,0,0,76,1448,0.286637,1,0.4924,2,3,0,0,V1,1,0.056804,33109.09091,1,0,0,0.943196,1.943196,0,0,200
EDCF-Shield,v1b,FALCON1024+HMAC-SHA512+AES256GCM+DKG4of7,COMPROMISED_CTRL,180,67.16,66,CUMULATIVE,132,502,219160,12698,20,0.945271,0.185493,0.073167,0.03803,0.961686,99.99,24.54,94.32,0.499977,0.500731,1,3,0,0,76,1448,0.286637,1,0.4924,2,3,0,0,V1,1,0.056804,33109.09091,1,0,0,0.943196,1.943196,0,0,200
EDCF-Shield,v1b,FALCON1024+HMAC-SHA512+AES256GCM+DKG4of7,COMPROMISED_CTRL,180,67.16,67,CYCLE,134,0,3620,200,0,0.947644,0.030969,0,0,0,100,24.19,94.76,0.499978,0.50073,1,3,0,0,76,1448,0.284979,1,0.4925,2,3,0,0,V1,1,0.056732,33153.73134,1,0,0,0.943268,1.943268,0,0,200
EDCF-Shield,v1b,FALCON1024+HMAC-SHA512+AES256GCM+DKG4of7,COMPROMISED_CTRL,180,67.16,67,CUMULATIVE,134,502,222780,12898,20,0.945309,0.184108,0.072116,0.037463,0.961686,99.99,24.54,94.33,0.499978,0.50073,1,3,0,0,76,1448,0.284979,1,0.4925,2,3,0,0,V1,1,0.056732,33153.73134,1,0,0,0.943268,1.943268,0,0,200
EDCF-Shield,v1b,FALCON1024+HMAC-SHA512+AES256GCM+DKG4of7,COMPROMISED_CTRL,180,67.16,68,CYCLE,136,0,3620,200,0,0.947644,0.030514,0,0,0,100,24.19,94.76,0.499978,0.50073,1,3,0,0,76,1448,0.283352,1,0.4926,2,3,0,0,V1,1,0.056662,33197.05882,1,0,0,0.943338,1.943338,0,0,200
EDCF-Shield,v1b,FALCON1024+HMAC-SHA512+AES256GCM+DKG4of7,COMPROMISED_CTRL,180,67.16,68,CUMULATIVE,136,502,226400,13098,20,0.945346,0.182753,0.071095,0.036912,0.961686,99.99,24.53,94.33,0.499978,0.50073,1,3,0,0,76,1448,0.283352,1,0.4926,2,3,0,0,V1,1,0.056662,33197.05882,1,0,0,0.943338,1.943338,0,0,200
EDCF-Shield,v1b,FALCON1024+HMAC-SHA512+AES256GCM+DKG4of7,COMPROMISED_CTRL,180,67.16,69,CYCLE,138,0,3620,200,0,0.947644,0.030072,0,0,0,100,24.19,94.76,0.499978,0.500729,1,3,0,0,76,1448,0.281755,1,0.4928,2,3,0,0,V1,1,0.056594,33239.13044,1,0,0,0.943406,1.943406,0,0,200
EDCF-Shield,v1b,FALCON1024+HMAC-SHA512+AES256GCM+DKG4of7,COMPROMISED_CTRL,180,67.16,69,CUMULATIVE,138,502,230020,13298,20,0.945382,0.181428,0.070102,0.036377,0.961686,99.99,24.53,94.34,0.499978,0.500729,1,3,0,0,76,1448,0.281755,1,0.4928,2,3,0,0,V1,1,0.056594,33239.13044,1,0,0,0.943406,1.943406,0,0,200
EDCF-Shield,v1b,FALCON1024+HMAC-SHA512+AES256GCM+DKG4of7,COMPROMISED_CTRL,180,67.16,70,CYCLE,140,0,3620,200,0,0.947644,0.029643,0,0,0,100,24.19,94.76,0.499979,0.500729,1,3,0,0,76,1448,0.280188,1,0.4929,2,3,0,0,V1,1,0.056529,33280,1,0,0,0.943471,1.943471,0,0,200
EDCF-Shield,v1b,FALCON1024+HMAC-SHA512+AES256GCM+DKG4of7,COMPROMISED_CTRL,180,67.16,70,CUMULATIVE,140,502,233640,13498,20,0.945417,0.180131,0.069136,0.035857,0.961686,99.99,24.52,94.35,0.499979,0.500729,1,3,0,0,76,1448,0.280188,1,0.4929,2,3,0,0,V1,1,0.056529,33280,1,0,0,0.943471,1.943471,0,0,200
EDCF-Shield,v1b,FALCON1024+HMAC-SHA512+AES256GCM+DKG4of7,COMPROMISED_CTRL,180,67.16,71,CYCLE,142,0,3620,200,0,0.947644,0.029227,0,0,0,100,24.19,94.76,0.499979,0.500728,1,3,0,0,76,1448,0.278648,1,0.493,2,3,0,0,V1,1,0.056466,33319.71831,1,0,0,0.943534,1.943534,0,0,200
EDCF-Shield,v1b,FALCON1024+HMAC-SHA512+AES256GCM+DKG4of7,COMPROMISED_CTRL,180,67.16,71,CUMULATIVE,142,502,237260,13698,20,0.945451,0.178862,0.068197,0.035352,0.961686,99.99,24.52,94.35,0.499979,0.500728,1,3,0,0,76,1448,0.278648,1,0.493,2,3,0,0,V1,1,0.056466,33319.71831,1,0,0,0.943534,1.943534,0,0,200
EDCF-Shield,v1b,FALCON1024+HMAC-SHA512+AES256GCM+DKG4of7,COMPROMISED_CTRL,180,67.16,72,CYCLE,144,0,3620,200,0,0.947644,0.028821,0,0,0,100,24.19,94.76,0.499979,0.500728,1,3,0,0,76,1448,0.277137,1,0.4931,2,3,0,0,V1,1,0.056404,33358.33333,1,0,0,0.943596,1.943596,0,0,200
EDCF-Shield,v1b,FALCON1024+HMAC-SHA512+AES256GCM+DKG4of7,COMPROMISED_CTRL,180,67.16,72,CUMULATIVE,144,502,240880,13898,20,0.945484,0.177619,0.067283,0.034861,0.961686,99.99,24.51,94.36,0.499979,0.500728,1,3,0,0,76,1448,0.277137,1,0.4931,2,3,0,0,V1,1,0.056404,33358.33333,1,0,0,0.943596,1.943596,0,0,200
EDCF-Shield,v1b,FALCON1024+HMAC-SHA512+AES256GCM+DKG4of7,COMPROMISED_CTRL,180,67.16,73,CYCLE,146,0,3620,200,0,0.947644,0.028427,0,0,0,100,24.19,94.76,0.49998,0.500727,1,3,0,0,76,1448,0.275651,1,0.4932,2,3,0,0,V1,1,0.056345,33395.89041,1,0,0,0.943655,1.943655,0,0,200
EDCF-Shield,v1b,FALCON1024+HMAC-SHA512+AES256GCM+DKG4of7,COMPROMISED_CTRL,180,67.16,73,CUMULATIVE,146,502,244500,14098,20,0.945516,0.176402,0.066393,0.034384,0.961686,99.99,24.51,94.37,0.49998,0.500727,1,3,0,0,76,1448,0.275651,1,0.4932,2,3,0,0,V1,1,0.056345,33395.89041,1,0,0,0.943655,1.943655,0,0,200
EDCF-Shield,v1b,FALCON1024+HMAC-SHA512+AES256GCM+DKG4of7,COMPROMISED_CTRL,180,67.16,74,CYCLE,148,0,3620,200,0,0.947644,0.028044,0,0,0,100,24.19,94.76,0.49998,0.500727,1,3,0,0,76,1448,0.274192,1,0.4932,2,3,0,0,V1,1,0.056287,33432.43243,1,0,0,0.943713,1.943713,0,0,200
EDCF-Shield,v1b,FALCON1024+HMAC-SHA512+AES256GCM+DKG4of7,COMPROMISED_CTRL,180,67.16,74,CUMULATIVE,148,502,248120,14298,20,0.945547,0.175209,0.065527,0.033919,0.961686,99.99,24.5,94.37,0.49998,0.500727,1,3,0,0,76,1448,0.274192,1,0.4932,2,3,0,0,V1,1,0.056287,33432.43243,1,0,0,0.943713,1.943713,0,0,200
EDCF-Shield,v1b,FALCON1024+HMAC-SHA512+AES256GCM+DKG4of7,COMPROMISED_CTRL,180,67.16,75,CYCLE,150,0,3620,200,0,0.947644,0.02767,0,0,0,100,24.19,94.76,0.49998,0.500726,1,3,0,0,76,1448,0.272757,1,0.4933,2,3,0,0,V1,1,0.05623,33468,1,0,0,0.94377,1.94377,0,0,200
EDCF-Shield,v1b,FALCON1024+HMAC-SHA512+AES256GCM+DKG4of7,COMPROMISED_CTRL,180,67.16,75,CUMULATIVE,150,502,251740,14498,20,0.945577,0.17404,0.064682,0.033467,0.961686,99.99,24.5,94.38,0.49998,0.500726,1,3,0,0,76,1448,0.272757,1,0.4933,2,3,0,0,V1,1,0.05623,33468,1,0,0,0.94377,1.94377,0,0,200
EDCF-Shield,v1b,FALCON1024+HMAC-SHA512+AES256GCM+DKG4of7,COMPROMISED_CTRL,180,67.16,76,CYCLE,152,0,3620,200,0,0.947644,0.027307,0,0,0,100,24.19,94.76,0.49998,0.500726,1,3,0,0,76,1448,0.271347,1,0.4934,2,3,0,0,V1,1,0.056176,33502.63158,1,0,0,0.943824,1.943824,0,0,200
EDCF-Shield,v1b,FALCON1024+HMAC-SHA512+AES256GCM+DKG4of7,COMPROMISED_CTRL,180,67.16,76,CUMULATIVE,152,502,255360,14698,20,0.945606,0.172894,0.06386,0.033026,0.961686,99.99,24.49,94.38,0.49998,0.500726,1,3,0,0,76,1448,0.271347,1,0.4934,2,3,0,0,V1,1,0.056176,33502.63158,1,0,0,0.943824,1.943824,0,0,200
EDCF-Shield,v1b,FALCON1024+HMAC-SHA512+AES256GCM+DKG4of7,COMPROMISED_CTRL,180,67.16,77,CYCLE,154,0,3620,200,0,0.947644,0.026953,0,0,0,100,24.19,94.76,0.499981,0.500725,1,3,0,0,76,1448,0.26996,1,0.4935,2,3,0,0,V1,1,0.056122,33536.36364,1,0,0,0.943878,1.943878,0,0,200
EDCF-Shield,v1b,FALCON1024+HMAC-SHA512+AES256GCM+DKG4of7,COMPROMISED_CTRL,180,67.16,77,CUMULATIVE,154,502,258980,14898,20,0.945634,0.171771,0.063057,0.032597,0.961686,99.99,24.49,94.39,0.499981,0.500725,1,3,0,0,76,1448,0.26996,1,0.4935,2,3,0,0,V1,1,0.056122,33536.36364,1,0,0,0.943878,1.943878,0,0,200
EDCF-Shield,v1b,FALCON1024+HMAC-SHA512+AES256GCM+DKG4of7,COMPROMISED_CTRL,180,67.16,78,CYCLE,156,0,3620,200,0,0.947644,0.026608,0,0,0,100,24.19,94.76,0.499981,0.500725,1,3,0,0,76,1448,0.268596,1,0.4936,2,3,0,0,V1,1,0.056071,33569.23077,1,0,0,0.943929,1.943929,0,0,200
EDCF-Shield,v1b,FALCON1024+HMAC-SHA512+AES256GCM+DKG4of7,COMPROMISED_CTRL,180,67.16,78,CUMULATIVE,156,502,262600,15098,20,0.945662,0.170669,0.062275,0.032179,0.961686,99.99,24.49,94.39,0.499981,0.500725,1,3,0,0,76,1448,0.268596,1,0.4936,2,3,0,0,V1,1,0.056071,33569.23077,1,0,0,0.943929,1.943929,0,0,200
EDCF-Shield,v1b,FALCON1024+HMAC-SHA512+AES256GCM+DKG4of7,COMPROMISED_CTRL,180,67.16,79,CYCLE,158,0,3620,200,0,0.947644,0.026272,0,0,0,100,24.19,94.76,0.499981,0.500724,1,3,0,0,76,1448,0.267255,1,0.4937,2,3,0,0,V1,1,0.05602,33601.26582,1,0,0,0.94398,1.94398,0,0,200
EDCF-Shield,v1b,FALCON1024+HMAC-SHA512+AES256GCM+DKG4of7,COMPROMISED_CTRL,180,67.16,79,CUMULATIVE,158,502,266220,15298,20,0.945689,0.169588,0.061512,0.031772,0.961686,99.99,24.48,94.4,0.499981,0.500724,1,3,0,0,76,1448,0.267255,1,0.4937,2,3,0,0,V1,1,0.05602,33601.26582,1,0,0,0.94398,1.94398,0,0,200
EDCF-Shield,v1b,FALCON1024+HMAC-SHA512+AES256GCM+DKG4of7,COMPROMISED_CTRL,180,67.16,80,CYCLE,160,0,3620,200,0,0.947644,0.025944,0,0,0,100,24.19,94.76,0.499981,0.500724,1,3,0,0,76,1448,0.265935,1,0.4938,2,3,0,0,V1,1,0.055971,33632.5,1,0,0,0.944029,1.944029,0,0,200
EDCF-Shield,v1b,FALCON1024+HMAC-SHA512+AES256GCM+DKG4of7,COMPROMISED_CTRL,180,67.16,80,CUMULATIVE,160,502,269840,15498,20,0.945715,0.168528,0.060767,0.031375,0.961686,99.99,24.48,94.4,0.499981,0.500724,1,3,0,0,76,1448,0.265935,1,0.4938,2,3,0,0,V1,1,0.055971,33632.5,1,0,0,0.944029,1.944029,0,0,200
EDCF-Shield,v1b,FALCON1024+HMAC-SHA512+AES256GCM+DKG4of7,COMPROMISED_CTRL,180,67.16,81,CYCLE,162,0,3620,200,0,0.947644,0.025624,0,0,0,100,24.19,94.76,0.499982,0.500723,1,3,0,0,76,1448,0.264636,1,0.4938,2,3,0,0,V1,1,0.055924,33662.96296,1,0,0,0.944076,1.944076,0,0,200
EDCF-Shield,v1b,FALCON1024+HMAC-SHA512+AES256GCM+DKG4of7,COMPROMISED_CTRL,180,67.16,81,CUMULATIVE,162,502,273460,15698,20,0.94574,0.167487,0.060041,0.030988,0.961686,99.99,24.47,94.41,0.499982,0.500723,1,3,0,0,76,1448,0.264636,1,0.4938,2,3,0,0,V1,1,0.055924,33662.96296,1,0,0,0.944076,1.944076,0,0,200
EDCF-Shield,v1b,FALCON1024+HMAC-SHA512+AES256GCM+DKG4of7,COMPROMISED_CTRL,180,67.16,82,CYCLE,164,0,3620,200,0,0.947644,0.025312,0,0,0,100,24.19,94.76,0.499982,0.500723,1,3,0,0,76,1448,0.263358,1,0.4939,2,3,0,0,V1,1,0.055877,33692.68293,1,0,0,0.944123,1.944123,0,0,200
EDCF-Shield,v1b,FALCON1024+HMAC-SHA512+AES256GCM+DKG4of7,COMPROMISED_CTRL,180,67.16,82,CUMULATIVE,164,502,277080,15898,20,0.945765,0.166465,0.059331,0.03061,0.961686,99.99,24.47,94.41,0.499982,0.500723,1,3,0,0,76,1448,0.263358,1,0.4939,2,3,0,0,V1,1,0.055877,33692.68293,1,0,0,0.944123,1.944123,0,0,200
EDCF-Shield,v1b,FALCON1024+HMAC-SHA512+AES256GCM+DKG4of7,COMPROMISED_CTRL,180,67.16,83,CYCLE,166,0,3620,200,0,0.947644,0.025008,0,0,0,100,24.19,94.76,0.499982,0.500722,1,3,0,0,76,1448,0.2621,1,0.494,2,3,0,0,V1,1,0.055832,33721.68675,1,0,0,0.944168,1.944168,0,0,200
EDCF-Shield,v1b,FALCON1024+HMAC-SHA512+AES256GCM+DKG4of7,COMPROMISED_CTRL,180,67.16,83,CUMULATIVE,166,502,280700,16098,20,0.945789,0.165461,0.058638,0.030241,0.961686,99.99,24.47,94.42,0.499982,0.500722,1,3,0,0,76,1448,0.2621,1,0.494,2,3,0,0,V1,1,0.055832,33721.68675,1,0,0,0.944168,1.944168,0,0,200
EDCF-Shield,v1b,FALCON1024+HMAC-SHA512+AES256GCM+DKG4of7,COMPROMISED_CTRL,180,67.16,84,CYCLE,168,0,3620,200,0,0.947644,0.024711,0,0,0,100,24.19,94.76,0.499982,0.500722,1,3,0,0,76,1448,0.260861,1,0.494,2,3,0,0,V1,1,0.055788,33750,1,0,0,0.944212,1.944212,0,0,200
EDCF-Shield,v1b,FALCON1024+HMAC-SHA512+AES256GCM+DKG4of7,COMPROMISED_CTRL,180,67.16,84,CUMULATIVE,168,502,284320,16298,20,0.945813,0.164476,0.057961,0.029881,0.961686,99.99,24.46,94.42,0.499982,0.500722,1,3,0,0,76,1448,0.260861,1,0.494,2,3,0,0,V1,1,0.055788,33750,1,0,0,0.944212,1.944212,0,0,200
EDCF-Shield,v1b,FALCON1024+HMAC-SHA512+AES256GCM+DKG4of7,COMPROMISED_CTRL,180,67.16,85,CYCLE,170,0,3620,200,0,0.947644,0.02442,0,0,0,100,24.19,94.76,0.499983,0.500722,1,3,0,0,76,1448,0.259641,1,0.4941,2,3,0,0,V1,1,0.055745,33777.64706,1,0,0,0.944255,1.944255,0,0,200
EDCF-Shield,v1b,FALCON1024+HMAC-SHA512+AES256GCM+DKG4of7,COMPROMISED_CTRL,180,67.16,85,CUMULATIVE,170,502,287940,16498,20,0.945836,0.163508,0.057299,0.029529,0.961686,99.99,24.46,94.43,0.499983,0.500722,1,3,0,0,76,1448,0.259641,1,0.4941,2,3,0,0,V1,1,0.055745,33777.64706,1,0,0,0.944255,1.944255,0,0,200
EDCF-Shield,v1b,FALCON1024+HMAC-SHA512+AES256GCM+DKG4of7,COMPROMISED_CTRL,180,67.16,86,CYCLE,172,0,3620,200,0,0.947644,0.024137,0,0,0,100,24.19,94.76,0.499983,0.500721,1,3,0,0,76,1448,0.258439,1,0.4942,2,3,0,0,V1,1,0.055703,33804.65116,1,0,0,0.944297,1.944297,0,0,200
EDCF-Shield,v1b,FALCON1024+HMAC-SHA512+AES256GCM+DKG4of7,COMPROMISED_CTRL,180,67.16,86,CUMULATIVE,172,502,291560,16698,20,0.945858,0.162556,0.056653,0.029186,0.961686,99.99,24.46,94.43,0.499983,0.500721,1,3,0,0,76,1448,0.258439,1,0.4942,2,3,0,0,V1,1,0.055703,33804.65116,1,0,0,0.944297,1.944297,0,0,200
EDCF-Shield,v1b,FALCON1024+HMAC-SHA512+AES256GCM+DKG4of7,COMPROMISED_CTRL,180,67.16,87,CYCLE,174,0,3620,200,0,0.947644,0.02386,0,0,0,100,24.19,94.76,0.499983,0.500721,1,3,0,0,76,1448,0.257255,1,0.4943,2,3,0,0,V1,1,0.055662,33831.03448,1,0,0,0.944338,1.944338,0,0,200
EDCF-Shield,v1b,FALCON1024+HMAC-SHA512+AES256GCM+DKG4of7,COMPROMISED_CTRL,180,67.16,87,CUMULATIVE,174,502,295180,16898,20,0.94588,0.161622,0.056021,0.028851,0.961686,99.99,24.45,94.43,0.499983,0.500721,1,3,0,0,76,1448,0.257255,1,0.4943,2,3,0,0,V1,1,0.055662,33831.03448,1,0,0,0.944338,1.944338,0,0,200
EDCF-Shield,v1b,FALCON1024+HMAC-SHA512+AES256GCM+DKG4of7,COMPROMISED_CTRL,180,67.16,88,CYCLE,176,0,3620,200,0,0.947644,0.023589,0,0,0,100,24.19,94.76,0.499983,0.500721,1,3,0,0,76,1448,0.256089,1,0.4943,2,3,0,0,V1,1,0.055622,33856.81818,1,0,0,0.944378,1.944378,0,0,200
EDCF-Shield,v1b,FALCON1024+HMAC-SHA512+AES256GCM+DKG4of7,COMPROMISED_CTRL,180,67.16,88,CUMULATIVE,176,502,298800,17098,20,0.945901,0.160703,0.055402,0.028523,0.961686,99.99,24.45,94.44,0.499983,0.500721,1,3,0,0,76,1448,0.256089,1,0.4943,2,3,0,0,V1,1,0.055622,33856.81818,1,0,0,0.944378,1.944378,0,0,200
EDCF-Shield,v1b,FALCON1024+HMAC-SHA512+AES256GCM+DKG4of7,COMPROMISED_CTRL,180,67.16,89,CYCLE,178,0,3620,200,0,0.947644,0.023325,0,0,0,100,24.19,94.76,0.499983,0.50072,1,3,0,0,76,1448,0.25494,1,0.4944,2,3,0,0,V1,1,0.055583,33882.02247,1,0,0,0.944417,1.944417,0,0,200
EDCF-Shield,v1b,FALCON1024+HMAC-SHA512+AES256GCM+DKG4of7,COMPROMISED_CTRL,180,67.16,89,CUMULATIVE,178,502,302420,17298,20,0.945922,0.159799,0.054798,0.028202,0.961686,99.99,24.45,94.44,0.499983,0.50072,1,3,0,0,76,1448,0.25494,1,0.4944,2,3,0,0,V1,1,0.055583,33882.02247,1,0,0,0.944417,1.944417,0,0,200
EDCF-Shield,v1b,FALCON1024+HMAC-SHA512+AES256GCM+DKG4of7,COMPROMISED_CTRL,180,67.16,90,CYCLE,179.5,0,1991,120,0,0.943155,0.023066,0,0,0,100,24.55,94.32,0.499984,0.500722,1,3,0,0,76,1448,0.253807,1,0.4958,2,3,0,0,V1,1,0.055592,33819.88858,1,0,0,0.944408,1.944408,0,0,200
EDCF-Shield,v1b,FALCON1024+HMAC-SHA512+AES256GCM+DKG4of7,COMPROMISED_CTRL,180,67.16,90,CUMULATIVE,179.5,502,304411,17418,20,0.945904,0.159262,0.054441,0.028013,0.961686,99.99,24.45,94.44,0.499984,0.500722,1,3,0,0,76,1448,0.253807,1,0.4958,2,3,0,0,V1,1,0.055592,33819.88858,1,0,0,0.944408,1.944408,0,0,200
EDCF-Shield,v1a,FALCON1024+HMAC-SHA512+AES256GCM+DKG4of7,STOLEN_KEY,30,11.19,1,CYCLE,2,1700,0,0,0,1,0.5,1,1,1,0,100,0,0,0,1,0,0,0,76,1448,0,1,0,0,0,0,0,V1,0,1,-100,1,0,0,0,0,0,0,200
EDCF-Shield,v1a,FALCON1024+HMAC-SHA512+AES256GCM+DKG4of7,STOLEN_KEY,30,11.19,1,CUMULATIVE,2,1700,0,0,0,1,0.5,1,1,1,0,100,0,0,0,1,0,0,0,76,1448,0,1,0,0,0,0,0,V1,0,1,-100,1,0,0,0,0,0,0,200
EDCF-Shield,v1a,FALCON1024+HMAC-SHA512+AES256GCM+DKG4of7,STOLEN_KEY,30,11.19,2,CYCLE,4,1700,0,0,210,0.890052,0.25002,0.941828,1,0.890052,0,91.2,10.99,0,0,1,0,0,0,76,1448,0.5,1,0.25,2,0,0,0,V1,0,0.941828,950,1,0,0,0.058172,0.058172,0,0,200
EDCF-Shield,v1a,FALCON1024+HMAC-SHA512+AES256GCM+DKG4of7,STOLEN_KEY,30,11.19,2,CUMULATIVE,4,3400,0,0,210,0.941828,0.000044,0.970043,1,0.941828,0,95.35,5.82,0,0,1,0,0,0,76,1448,0.5,1,0.25,2,0,0,0,V1,0,0.941828,950,1,0,0,0.058172,0.058172,0,0,200
EDCF-Shield,v1a,FALCON1024+HMAC-SHA512+AES256GCM+DKG4of7,STOLEN_KEY,30,11.19,3,CYCLE,6,1700,0,0,555,0.75388,0.166686,0.859671,1,0.75388,0,80.31,24.61,0,0,1,0,0,0,76,1448,0.250022,1,0.3333,2,0,0,0,V1,0,0.869565,2450,1,0,0,0.130435,0.130435,0,0,200
EDCF-Shield,v1a,FALCON1024+HMAC-SHA512+AES256GCM+DKG4of7,STOLEN_KEY,30,11.19,3,CUMULATIVE,6,5100,0,0,765,0.869565,0.00002,0.930233,1,0.869565,0,89.57,13.04,0,0,1,0,0,0,76,1448,0.250022,1,0.3333,2,0,0,0,V1,0,0.869565,2450,1,0,0,0.130435,0.130435,0,0,200
EDCF-Shield,v1a,FALCON1024+HMAC-SHA512+AES256GCM+DKG4of7,STOLEN_KEY,30,11.19,4,CYCLE,8,1700,0,0,600,0.73913,0.125018,0.85,1,0.73913,0,79.13,26.09,0,0,1,0,0,0,76,1448,0.166688,1,0.375,2,0,0,0,V1,0,0.832823,3312.5,1,0,0,0.167177,0.167177,0,0,200
EDCF-Shield,v1a,FALCON1024+HMAC-SHA512+AES256GCM+DKG4of7,STOLEN_KEY,30,11.19,4,CUMULATIVE,8,6800,0,0,1365,0.832823,0.000014,0.908787,1,0.832823,0,86.63,16.72,0,0,1,0,0,0,76,1448,0.166688,1,0.375,2,0,0,0,V1,0,0.832823,3312.5,1,0,0,0.167177,0.167177,0,0,200
EDCF-Shield,v1a,FALCON1024+HMAC-SHA512+AES256GCM+DKG4of7,STOLEN_KEY,30,11.19,5,CYCLE,10,1700,0,0,600,0.73913,0.100018,0.85,1,0.73913,0,79.13,26.09,0,0,1,0,0,0,76,1448,0.12502,1,0.4,2,0,0,0,V1,0,0.812231,3830,1,0,0,0.187769,0.187769,0,0,200
EDCF-Shield,v1a,FALCON1024+HMAC-SHA512+AES256GCM+DKG4of7,STOLEN_KEY,30,11.19,5,CUMULATIVE,10,8500,0,0,1965,0.812231,0.000011,0.896388,1,0.812231,0,84.98,18.78,0,0,1,0,0,0,76,1448,0.12502,1,0.4,2,0,0,0,V1,0,0.812231,3830,1,0,0,0.187769,0.187769,0,0,200
EDCF-Shield,v1a,FALCON1024+HMAC-SHA512+AES256GCM+DKG4of7,STOLEN_KEY,30,11.19,6,CYCLE,12,1700,0,0,600,0.73913,0.083351,0.85,1,0.73913,0,79.13,26.09,0,0,1,0,0,0,76,1448,0,1,0.4167,2,0,0,0,V1,0,0.79906,4175,1,0,0,0.20094,0.20094,0,0,200
EDCF-Shield,v1a,FALCON1024+HMAC-SHA512+AES256GCM+DKG4of7,STOLEN_KEY,30,11.19,6,CUMULATIVE,12,10200,0,0,2565,0.79906,0.000009,0.888308,1,0.79906,0,83.92,20.09,0,0,1,0,0,0,76,1448,0,1,0.4167,2,0,0,0,V1,0,0.79906,4175,1,0,0,0.20094,0.20094,0,0,200
EDCF-Shield,v1a,FALCON1024+HMAC-SHA512+AES256GCM+DKG4of7,STOLEN_KEY,30,11.19,7,CYCLE,14,1700,0,0,600,0.73913,0.071446,0.85,1,0.73913,0,79.13,26.09,0,0,1,0,0,0,76,1448,0.000009,1,0.4286,2,0,0,0,V1,0,0.78991,4421.428571,1,0,0,0.21009,0.21009,0,0,200
EDCF-Shield,v1a,FALCON1024+HMAC-SHA512+AES256GCM+DKG4of7,STOLEN_KEY,30,11.19,7,CUMULATIVE,14,11900,0,0,3165,0.78991,0.000008,0.882626,1,0.78991,0,83.19,21.01,0,0,1,0,0,0,76,1448,0.000009,1,0.4286,2,0,0,0,V1,0,0.78991,4421.428571,1,0,0,0.21009,0.21009,0,0,200
EDCF-Shield,v1a,FALCON1024+HMAC-SHA512+AES256GCM+DKG4of7,STOLEN_KEY,30,11.19,8,CYCLE,16,1700,0,0,600,0.73913,0.062517,0.85,1,0.73913,0,79.13,26.09,0,0,1,0,0,0,76,1448,0.000009,1,0.4375,2,0,0,0,V1,0,0.783185,4606.25,1,0,0,0.216815,0.216815,0,0,200
EDCF-Shield,v1a,FALCON1024+HMAC-SHA512+AES256GCM+DKG4of7,STOLEN_KEY,30,11.19,8,CUMULATIVE,16,13600,0,0,3765,0.783185,0.000007,0.878411,1,0.783185,0,82.65,21.68,0,0,1,0,0,0,76,1448,0.000009,1,0.4375,2,0,0,0,V1,0,0.783185,4606.25,1,0,0,0.216815,0.216815,0,0,200
EDCF-Shield,v1a,FALCON1024+HMAC-SHA512+AES256GCM+DKG4of7,STOLEN_KEY,30,11.19,9,CYCLE,18,1700,0,0,600,0.73913,0.055573,0.85,1,0.73913,0,79.13,26.09,0,0,1,0,0,0,76,1448,0.000008,1,0.4444,2,0,0,0,V1,0,0.778032,4750,1,0,0,0.221968,0.221968,0,0,200
EDCF-Shield,v1a,FALCON1024+HMAC-SHA512+AES256GCM+DKG4of7,STOLEN_KEY,30,11.19,9,CUMULATIVE,18,15300,0,0,4365,0.778032,0.000007,0.875161,1,0.778032,0,82.24,22.2,0,0,1,0,0,0,76,1448,0.000008,1,0.4444,2,0,0,0,V1,0,0.778032,4750,1,0,0,0.221968,0.221968,0,0,200
EDCF-Shield,v1a,FALCON1024+HMAC-SHA512+AES256GCM+DKG4of7,STOLEN_KEY,30,11.19,10,CYCLE,20,1700,0,0,600,0.73913,0.050017,0.85,1,0.73913,0,79.13,26.09,0,0,1,0,0,0,76,1448,0.000008,1,0.45,2,0,0,0,V1,0,0.773959,4865,1,0,0,0.226041,0.226041,0,0,200
EDCF-Shield,v1a,FALCON1024+HMAC-SHA512+AES256GCM+DKG4of7,STOLEN_KEY,30,11.19,10,CUMULATIVE,20,17000,0,0,4965,0.773959,0.000006,0.872578,1,0.773959,0,81.92,22.6,0,0,1,0,0,0,76,1448,0.000008,1,0.45,2,0,0,0,V1,0,0.773959,4865,1,0,0,0.226041,0.226041,0,0,200
EDCF-Shield,v1a,FALCON1024+HMAC-SHA512+AES256GCM+DKG4of7,STOLEN_KEY,30,11.19,11,CYCLE,22,1700,0,0,600,0.73913,0.045471,0.85,1,0.73913,0,79.13,26.09,0,0,1,0,0,0,76,1448,0.000008,1,0.4545,2,0,0,0,V1,0,0.770657,4959.090909,1,0,0,0.229343,0.229343,0,0,200
EDCF-Shield,v1a,FALCON1024+HMAC-SHA512+AES256GCM+DKG4of7,STOLEN_KEY,30,11.19,11,CUMULATIVE,22,18700,0,0,5565,0.770657,0.000006,0.870476,1,0.770657,0,81.65,22.93,0,0,1,0,0,0,76,1448,0.000008,1,0.4545,2,0,0,0,V1,0,0.770657,4959.090909,1,0,0,0.229343,0.229343,0,0,200
EDCF-Shield,v1a,FALCON1024+HMAC-SHA512+AES256GCM+DKG4of7,STOLEN_KEY,30,11.19,12,CYCLE,24,1700,0,0,600,0.73913,0.041684,0.85,1,0.73913,0,79.13,26.09,0,0,1,0,0,0,76,1448,0.000007,1,0.4583,2,0,0,0,V1,0,0.767928,5037.5,1,0,0,0.232072,0.232072,0,0,200
EDCF-Shield,v1a,FALCON1024+HMAC-SHA512+AES256GCM+DKG4of7,STOLEN_KEY,30,11.19,12,CUMULATIVE,24,20400,0,0,6165,0.767928,0.000006,0.868732,1,0.767928,0,81.43,23.21,0,0,1,0,0,0,76,1448,0.000007,1,0.4583,2,0,0,0,V1,0,0.767928,5037.5,1,0,0,0.232072,0.232072,0,0,200
EDCF-Shield,v1a,FALCON1024+HMAC-SHA512+AES256GCM+DKG4of7,STOLEN_KEY,30,11.19,13,CYCLE,26,1700,0,0,600,0.73913,0.038478,0.85,1,0.73913,0,79.13,26.09,0,0,1,0,0,0,76,1448,0.000007,1,0.4615,2,0,0,0,V1,0,0.765633,5103.846154,1,0,0,0.234367,0.234367,0,0,200
EDCF-Shield,v1a,FALCON1024+HMAC-SHA512+AES256GCM+DKG4of7,STOLEN_KEY,30,11.19,13,CUMULATIVE,26,22100,0,0,6765,0.765633,0.000005,0.867262,1,0.765633,0,81.25,23.44,0,0,1,0,0,0,76,1448,0.000007,1,0.4615,2,0,0,0,V1,0,0.765633,5103.846154,1,0,0,0.234367,0.234367,0,0,200
EDCF-Shield,v1a,FALCON1024+HMAC-SHA512+AES256GCM+DKG4of7,STOLEN_KEY,30,11.19,14,CYCLE,28,1700,0,0,600,0.73913,0.035731,0.85,1,0.73913,0,79.13,26.09,0,0,1,0,0,0,76,1448,0.000007,1,0.4643,2,0,0,0,V1,0,0.763677,5160.714286,1,0,0,0.236323,0.236323,0,0,200
EDCF-Shield,v1a,FALCON1024+HMAC-SHA512+AES256GCM+DKG4of7,STOLEN_KEY,30,11.19,14,CUMULATIVE,28,23800,0,0,7365,0.763677,0.000005,0.866006,1,0.763677,0,81.09,23.63,0,0,1,0,0,0,76,1448,0.000007,1,0.4643,2,0,0,0,V1,0,0.763677,5160.714286,1,0,0,0.236323,0.236323,0,0,200
EDCF-Shield,v1a,FALCON1024+HMAC-SHA512+AES256GCM+DKG4of7,STOLEN_KEY,30,11.19,15,CYCLE,30,1700,0,0,600,0.73913,0.03335,0.85,1,0.73913,0,79.13,26.09,0,0,1,0,0,0,76,1448,0.000007,1,0.4667,2,0,0,0,V1,0,0.76199,5210,1,0,0,0.23801,0.23801,0,0,200
EDCF-Shield,v1a,FALCON1024+HMAC-SHA512+AES256GCM+DKG4of7,STOLEN_KEY,30,11.19,15,CUMULATIVE,30,25500,0,0,7965,0.76199,0.000005,0.86492,1,0.76199,0,80.96,23.8,0,0,1,0,0,0,76,1448,0.000007,1,0.4667,2,0,0,0,V1,0,0.76199,5210,1,0,0,0.23801,0.23801,0,0,200
EDCF-Shield,v1a,FALCON1024+HMAC-SHA512+AES256GCM+DKG4of7,STOLEN_KEY,30,11.19,16,CYCLE,32,1700,0,0,600,0.73913,0.031267,0.85,1,0.73913,0,79.13,26.09,0,0,1,0,0,0,76,1448,0.000006,1,0.4688,2,0,0,0,V1,0,0.76052,5253.125,1,0,0,0.23948,0.23948,0,0,200
EDCF-Shield,v1a,FALCON1024+HMAC-SHA512+AES256GCM+DKG4of7,STOLEN_KEY,30,11.19,16,CUMULATIVE,32,27200,0,0,8565,0.76052,0.000005,0.863972,1,0.76052,0,80.84,23.95,0,0,1,0,0,0,76,1448,0.000006,1,0.4688,2,0,0,0,V1,0,0.76052,5253.125,1,0,0,0.23948,0.23948,0,0,200
EDCF-Shield,v1a,FALCON1024+HMAC-SHA512+AES256GCM+DKG4of7,STOLEN_KEY,30,11.19,17,CYCLE,34,1700,0,0,600,0.73913,0.029428,0.85,1,0.73913,0,79.13,26.09,0,0,1,0,0,0,76,1448,0.000006,1,0.4706,2,0,0,0,V1,0,0.759228,5291.176471,1,0,0,0.240772,0.240772,0,0,200
EDCF-Shield,v1a,FALCON1024+HMAC-SHA512+AES256GCM+DKG4of7,STOLEN_KEY,30,11.19,17,CUMULATIVE,34,28900,0,0,9165,0.759228,0.000004,0.863137,1,0.759228,0,80.74,24.08,0,0,1,0,0,0,76,1448,0.000006,1,0.4706,2,0,0,0,V1,0,0.759228,5291.176471,1,0,0,0.240772,0.240772,0,0,200
EDCF-Shield,v1a,FALCON1024+HMAC-SHA512+AES256GCM+DKG4of7,STOLEN_KEY,30,11.19,18,CYCLE,36,1700,0,0,600,0.73913,0.027794,0.85,1,0.73913,0,79.13,26.09,0,0,1,0,0,0,76,1448,0.000006,1,0.4722,2,0,0,0,V1,0,0.758082,5325,1,0,0,0.241918,0.241918,0,0,200
EDCF-Shield,v1a,FALCON1024+HMAC-SHA512+AES256GCM+DKG4of7,STOLEN_KEY,30,11.19,18,CUMULATIVE,36,30600,0,0,9765,0.758082,0.000004,0.862397,1,0.758082,0,80.65,24.19,0,0,1,0,0,0,76,1448,0.000006,1,0.4722,2,0,0,0,V1,0,0.758082,5325,1,0,0,0.241918,0.241918,0,0,200
EDCF-Shield,v1a,FALCON1024+HMAC-SHA512+AES256GCM+DKG4of7,STOLEN_KEY,30,11.19,19,CYCLE,38,1700,0,0,600,0.73913,0.026332,0.85,1,0.73913,0,79.13,26.09,0,0,1,0,0,0,76,1448,0.000006,1,0.4737,2,0,0,0,V1,0,0.757061,5355.263158,1,0,0,0.242939,0.242939,0,0,200
EDCF-Shield,v1a,FALCON1024+HMAC-SHA512+AES256GCM+DKG4of7,STOLEN_KEY,30,11.19,19,CUMULATIVE,38,32300,0,0,10365,0.757061,0.000004,0.861735,1,0.757061,0,80.56,24.29,0,0,1,0,0,0,76,1448,0.000006,1,0.4737,2,0,0,0,V1,0,0.757061,5355.263158,1,0,0,0.242939,0.242939,0,0,200
EDCF-Shield,v1a,FALCON1024+HMAC-SHA512+AES256GCM+DKG4of7,STOLEN_KEY,30,11.19,20,CYCLE,40,1700,0,0,600,0.73913,0.025017,0.85,1,0.73913,0,79.13,26.09,0,0,1,0,0,0,76,1448,0.000006,1,0.475,2,0,0,0,V1,0,0.756144,5382.5,1,0,0,0.243856,0.243856,0,0,200
EDCF-Shield,v1a,FALCON1024+HMAC-SHA512+AES256GCM+DKG4of7,STOLEN_KEY,30,11.19,20,CUMULATIVE,40,34000,0,0,10965,0.756144,0.000004,0.861141,1,0.756144,0,80.49,24.39,0,0,1,0,0,0,76,1448,0.000006,1,0.475,2,0,0,0,V1,0,0.756144,5382.5,1,0,0,0.243856,0.243856,0,0,200
EDCF-Shield,v1a,FALCON1024+HMAC-SHA512+AES256GCM+DKG4of7,STOLEN_KEY,30,11.19,21,CYCLE,42,1700,0,0,600,0.73913,0.023826,0.85,1,0.73913,0,79.13,26.09,0,0,1,0,0,0,76,1448,0.000006,1,0.4762,2,0,0,0,V1,0,0.755316,5407.142857,1,0,0,0.244684,0.244684,0,0,200
EDCF-Shield,v1a,FALCON1024+HMAC-SHA512+AES256GCM+DKG4of7,STOLEN_KEY,30,11.19,21,CUMULATIVE,42,35700,0,0,11565,0.755316,0.000004,0.860604,1,0.755316,0,80.43,24.47,0,0,1,0,0,0,76,1448,0.000006,1,0.4762,2,0,0,0,V1,0,0.755316,5407.142857,1,0,0,0.244684,0.244684,0,0,200
EDCF-Shield,v1a,FALCON1024+HMAC-SHA512+AES256GCM+DKG4of7,STOLEN_KEY,30,11.19,22,CYCLE,44,1700,0,0,600,0.73913,0.022744,0.85,1,0.73913,0,79.13,26.09,0,0,1,0,0,0,76,1448,0.000006,1,0.4773,2,0,0,0,V1,0,0.754565,5429.545455,1,0,0,0.245435,0.245435,0,0,200
EDCF-Shield,v1a,FALCON1024+HMAC-SHA512+AES256GCM+DKG4of7,STOLEN_KEY,30,11.19,22,CUMULATIVE,44,37400,0,0,12165,0.754565,0.000004,0.860116,1,0.754565,0,80.37,24.54,0,0,1,0,0,0,76,1448,0.000006,1,0.4773,2,0,0,0,V1,0,0.754565,5429.545455,1,0,0,0.245435,0.245435,0,0,200
EDCF-Shield,v1a,FALCON1024+HMAC-SHA512+AES256GCM+DKG4of7,STOLEN_KEY,30,11.19,23,CYCLE,46,1700,0,0,600,0.73913,0.021756,0.85,1,0.73913,0,79.13,26.09,0,0,1,0,0,0,76,1448,0.000005,1,0.4783,2,0,0,0,V1,0,0.75388,5450,1,0,0,0.24612,0.24612,0,0,200
EDCF-Shield,v1a,FALCON1024+HMAC-SHA512+AES256GCM+DKG4of7,STOLEN_KEY,30,11.19,23,CUMULATIVE,46,39100,0,0,12765,0.75388,0.000004,0.859671,1,0.75388,0,80.31,24.61,0,0,1,0,0,0,76,1448,0.000005,1,0.4783,2,0,0,0,V1,0,0.75388,5450,1,0,0,0.24612,0.24612,0,0,200
EDCF-Shield,v1a,FALCON1024+HMAC-SHA512+AES256GCM+DKG4of7,STOLEN_KEY,30,11.19,24,CYCLE,48,1700,0,0,600,0.73913,0.02085,0.85,1,0.73913,0,79.13,26.09,0,0,1,0,0,0,76,1448,0.000005,1,0.4792,2,0,0,0,V1,0,0.753254,5468.75,1,0,0,0.246746,0.246746,0,0,200
EDCF-Shield,v1a,FALCON1024+HMAC-SHA512+AES256GCM+DKG4of7,STOLEN_KEY,30,11.19,24,CUMULATIVE,48,40800,0,0,13365,0.753254,0.000004,0.859264,1,0.753254,0,80.26,24.67,0,0,1,0,0,0,76,1448,0.000005,1,0.4792,2,0,0,0,V1,0,0.753254,5468.75,1,0,0,0.246746,0.246746,0,0,200
EDCF-Shield,v1a,FALCON1024+HMAC-SHA512+AES256GCM+DKG4of7,STOLEN_KEY,30,11.19,25,CYCLE,50,1700,0,0,600,0.73913,0.020016,0.85,1,0.73913,0,79.13,26.09,0,0,1,0,0,0,76,1448,0.000005,1,0.48,2,0,0,0,V1,0,0.752679,5486,1,0,0,0.247321,0.247321,0,0,200
EDCF-Shield,v1a,FALCON1024+HMAC-SHA512+AES256GCM+DKG4of7,STOLEN_KEY,30,11.19,25,CUMULATIVE,50,42500,0,0,13965,0.752679,0.000003,0.85889,1,0.752679,0,80.21,24.73,0,0,1,0,0,0,76,1448,0.000005,1,0.48,2,0,0,0,V1,0,0.752679,5486,1,0,0,0.247321,0.247321,0,0,200
EDCF-Shield,v1a,FALCON1024+HMAC-SHA512+AES256GCM+DKG4of7,STOLEN_KEY,30,11.19,26,CYCLE,52,1700,0,0,600,0.73913,0.019247,0.85,1,0.73913,0,79.13,26.09,0,0,1,0,0,0,76,1448,0.000005,1,0.4808,2,0,0,0,V1,0,0.752148,5501.923077,1,0,0,0.247852,0.247852,0,0,200
EDCF-Shield,v1a,FALCON1024+HMAC-SHA512+AES256GCM+DKG4of7,STOLEN_KEY,30,11.19,26,CUMULATIVE,52,44200,0,0,14565,0.752148,0.000003,0.858544,1,0.752148,0,80.17,24.79,0,0,1,0,0,0,76,1448,0.000005,1,0.4808,2,0,0,0,V1,0,0.752148,5501.923077,1,0,0,0.247852,0.247852,0,0,200
EDCF-Shield,v1a,FALCON1024+HMAC-SHA512+AES256GCM+DKG4of7,STOLEN_KEY,30,11.19,27,CYCLE,54,1700,0,0,600,0.73913,0.018535,0.85,1,0.73913,0,79.13,26.09,0,0,1,0,0,0,76,1448,0.000005,1,0.4815,2,0,0,0,V1,0,0.751658,5516.666667,1,0,0,0.248342,0.248342,0,0,200
EDCF-Shield,v1a,FALCON1024+HMAC-SHA512+AES256GCM+DKG4of7,STOLEN_KEY,30,11.19,27,CUMULATIVE,54,45900,0,0,15165,0.751658,0.000003,0.858225,1,0.751658,0,80.13,24.83,0,0,1,0,0,0,76,1448,0.000005,1,0.4815,2,0,0,0,V1,0,0.751658,5516.666667,1,0,0,0.248342,0.248342,0,0,200
EDCF-Shield,v1a,FALCON1024+HMAC-SHA512+AES256GCM+DKG4of7,STOLEN_KEY,30,11.19,28,CYCLE,56,1700,0,0,600,0.73913,0.017874,0.85,1,0.73913,0,79.13,26.09,0,0,1,0,0,0,76,1448,0.000005,1,0.4821,2,0,0,0,V1,0,0.751203,5530.357143,1,0,0,0.248797,0.248797,0,0,200
EDCF-Shield,v1a,FALCON1024+HMAC-SHA512+AES256GCM+DKG4of7,STOLEN_KEY,30,11.19,28,CUMULATIVE,56,47600,0,0,15765,0.751203,0.000003,0.857928,1,0.751203,0,80.1,24.88,0,0,1,0,0,0,76,1448,0.000005,1,0.4821,2,0,0,0,V1,0,0.751203,5530.357143,1,0,0,0.248797,0.248797,0,0,200
EDCF-Shield,v1a,FALCON1024+HMAC-SHA512+AES256GCM+DKG4of7,STOLEN_KEY,30,11.19,29,CYCLE,58,1700,0,0,600,0.73913,0.017258,0.85,1,0.73913,0,79.13,26.09,0,0,1,0,0,0,76,1448,0.000005,1,0.4828,2,0,0,0,V1,0,0.75078,5543.103448,1,0,0,0.24922,0.24922,0,0,200
EDCF-Shield,v1a,FALCON1024+HMAC-SHA512+AES256GCM+DKG4of7,STOLEN_KEY,30,11.19,29,CUMULATIVE,58,49300,0,0,16365,0.75078,0.000003,0.857652,1,0.75078,0,80.06,24.92,0,0,1,0,0,0,76,1448,0.000005,1,0.4828,2,0,0,0,V1,0,0.75078,5543.103448,1,0,0,0.24922,0.24922,0,0,200
EDCF-Shield,v1a,FALCON1024+HMAC-SHA512+AES256GCM+DKG4of7,STOLEN_KEY,30,11.19,30,CYCLE,60,1700,0,0,600,0.73913,0.016683,0.85,1,0.73913,0,79.13,26.09,0,0,1,0,0,0,76,1448,0.000005,1,0.4833,2,0,0,0,V1,0,0.750386,5555,1,0,0,0.249614,0.249614,0,0,200
EDCF-Shield,v1a,FALCON1024+HMAC-SHA512+AES256GCM+DKG4of7,STOLEN_KEY,30,11.19,30,CUMULATIVE,60,51000,0,0,16965,0.750386,0.000003,0.857395,1,0.750386,0,80.03,24.96,0,0,1,0,0,0,76,1448,0.000005,1,0.4833,2,0,0,0,V1,0,0.750386,5555,1,0,0,0.249614,0.249614,0,0,200
EDCF-Shield,v1a,FALCON1024+HMAC-SHA512+AES256GCM+DKG4of7,STOLEN_KEY,30,11.19,31,CYCLE,62,1700,0,0,600,0.73913,0.016145,0.85,1,0.73913,0,79.13,26.09,0,0,1,0,0,0,76,1448,0.000005,1,0.4839,2,0,0,0,V1,0,0.750018,5566.129032,1,0,0,0.249982,0.249982,0,0,200
EDCF-Shield,v1a,FALCON1024+HMAC-SHA512+AES256GCM+DKG4of7,STOLEN_KEY,30,11.19,31,CUMULATIVE,62,52700,0,0,17565,0.750018,0.000003,0.857154,1,0.750018,0,80,25,0,0,1,0,0,0,76,1448,0.000005,1,0.4839,2,0,0,0,V1,0,0.750018,5566.129032,1,0,0,0.249982,0.249982,0,0,200
EDCF-Shield,v1a,FALCON1024+HMAC-SHA512+AES256GCM+DKG4of7,STOLEN_KEY,30,11.19,32,CYCLE,64,1700,0,0,600,0.73913,0.015641,0.85,1,0.73913,0,79.13,26.09,0,0,1,0,0,0,76,1448,0.000005,1,0.4844,2,0,0,0,V1,0,0.749673,5576.5625,1,0,0,0.250327,0.250327,0,0,200
EDCF-Shield,v1a,FALCON1024+HMAC-SHA512+AES256GCM+DKG4of7,STOLEN_KEY,30,11.19,32,CUMULATIVE,64,54400,0,0,18165,0.749673,0.000003,0.856929,1,0.749673,0,79.97,25.03,0,0,1,0,0,0,76,1448,0.000005,1,0.4844,2,0,0,0,V1,0,0.749673,5576.5625,1,0,0,0.250327,0.250327,0,0,200
EDCF-Shield,v1a,FALCON1024+HMAC-SHA512+AES256GCM+DKG4of7,STOLEN_KEY,30,11.19,33,CYCLE,66,1700,0,0,600,0.73913,0.015168,0.85,1,0.73913,0,79.13,26.09,0,0,1,0,0,0,76,1448,0.000005,1,0.4848,2,0,0,0,V1,0,0.749349,5586.363636,1,0,0,0.250651,0.250651,0,0,200
EDCF-Shield,v1a,FALCON1024+HMAC-SHA512+AES256GCM+DKG4of7,STOLEN_KEY,30,11.19,33,CUMULATIVE,66,56100,0,0,18765,0.749349,0.000003,0.856717,1,0.749349,0,79.95,25.07,0,0,1,0,0,0,76,1448,0.000005,1,0.4848,2,0,0,0,V1,0,0.749349,5586.363636,1,0,0,0.250651,0.250651,0,0,200
EDCF-Shield,v1a,FALCON1024+HMAC-SHA512+AES256GCM+DKG4of7,STOLEN_KEY,30,11.19,34,CYCLE,68,1700,0,0,600,0.73913,0.014722,0.85,1,0.73913,0,79.13,26.09,0,0,1,0,0,0,76,1448,0.000005,1,0.4853,2,0,0,0,V1,0,0.749044,5595.588235,1,0,0,0.250956,0.250956,0,0,200
EDCF-Shield,v1a,FALCON1024+HMAC-SHA512+AES256GCM+DKG4of7,STOLEN_KEY,30,11.19,34,CUMULATIVE,68,57800,0,0,19365,0.749044,0.000003,0.856518,1,0.749044,0,79.92,25.1,0,0,1,0,0,0,76,1448,0.000005,1,0.4853,2,0,0,0,V1,0,0.749044,5595.588235,1,0,0,0.250956,0.250956,0,0,200
EDCF-Shield,v1a,FALCON1024+HMAC-SHA512+AES256GCM+DKG4of7,STOLEN_KEY,30,11.19,35,CYCLE,70,1700,0,0,600,0.73913,0.014302,0.85,1,0.73913,0,79.13,26.09,0,0,1,0,0,0,76,1448,0.000005,1,0.4857,2,0,0,0,V1,0,0.748757,5604.285714,1,0,0,0.251243,0.251243,0,0,200
EDCF-Shield,v1a,FALCON1024+HMAC-SHA512+AES256GCM+DKG4of7,STOLEN_KEY,30,11.19,35,CUMULATIVE,70,59500,0,0,19965,0.748757,0.000003,0.856331,1,0.748757,0,79.9,25.12,0,0,1,0,0,0,76,1448,0.000005,1,0.4857,2,0,0,0,V1,0,0.748757,5604.285714,1,0,0,0.251243,0.251243,0,0,200
EDCF-Shield,v1a,FALCON1024+HMAC-SHA512+AES256GCM+DKG4of7,STOLEN_KEY,30,11.19,36,CYCLE,72,1700,0,0,600,0.73913,0.013905,0.85,1,0.73913,0,79.13,26.09,0,0,1,0,0,0,76,1448,0.000005,1,0.4861,2,0,0,0,V1,0,0.748487,5612.5,1,0,0,0.251513,0.251513,0,0,200
EDCF-Shield,v1a,FALCON1024+HMAC-SHA512+AES256GCM+DKG4of7,STOLEN_KEY,30,11.19,36,CUMULATIVE,72,61200,0,0,20565,0.748487,0.000003,0.856154,1,0.748487,0,79.88,25.15,0,0,1,0,0,0,76,1448,0.000005,1,0.4861,2,0,0,0,V1,0,0.748487,5612.5,1,0,0,0.251513,0.251513,0,0,200
EDCF-Shield,v1a,FALCON1024+HMAC-SHA512+AES256GCM+DKG4of7,STOLEN_KEY,30,11.19,37,CYCLE,74,1700,0,0,600,0.73913,0.01353,0.85,1,0.73913,0,79.13,26.09,0,0,1,0,0,0,76,1448,0.000004,1,0.4865,2,0,0,0,V1,0,0.748231,5620.27027,1,0,0,0.251769,0.251769,0,0,200
EDCF-Shield,v1a,FALCON1024+HMAC-SHA512+AES256GCM+DKG4of7,STOLEN_KEY,30,11.19,37,CUMULATIVE,74,62900,0,0,21165,0.748231,0.000003,0.855986,1,0.748231,0,79.86,25.18,0,0,1,0,0,0,76,1448,0.000004,1,0.4865,2,0,0,0,V1,0,0.748231,5620.27027,1,0,0,0.251769,0.251769,0,0,200
EDCF-Shield,v1a,FALCON1024+HMAC-SHA512+AES256GCM+DKG4of7,STOLEN_KEY,30,11.19,38,CYCLE,76,1700,0,0,600,0.73913,0.013174,0.85,1,0.73913,0,79.13,26.09,0,0,1,0,0,0,76,1448,0.000004,1,0.4868,2,0,0,0,V1,0,0.747988,5627.631579,1,0,0,0.252012,0.252012,0,0,200
EDCF-Shield,v1a,FALCON1024+HMAC-SHA512+AES256GCM+DKG4of7,STOLEN_KEY,30,11.19,38,CUMULATIVE,76,64600,0,0,21765,0.747988,0.000003,0.855828,1,0.747988,0,79.84,25.2,0,0,1,0,0,0,76,1448,0.000004,1,0.4868,2,0,0,0,V1,0,0.747988,5627.631579,1,0,0,0.252012,0.252012,0,0,200
EDCF-Shield,v1a,FALCON1024+HMAC-SHA512+AES256GCM+DKG4of7,STOLEN_KEY,30,11.19,39,CYCLE,78,1700,0,0,600,0.73913,0.012837,0.85,1,0.73913,0,79.13,26.09,0,0,1,0,0,0,76,1448,0.000004,1,0.4872,2,0,0,0,V1,0,0.747758,5634.615385,1,0,0,0.252242,0.252242,0,0,200
EDCF-Shield,v1a,FALCON1024+HMAC-SHA512+AES256GCM+DKG4of7,STOLEN_KEY,30,11.19,39,CUMULATIVE,78,66300,0,0,22365,0.747758,0.000003,0.855677,1,0.747758,0,79.82,25.22,0,0,1,0,0,0,76,1448,0.000004,1,0.4872,2,0,0,0,V1,0,0.747758,5634.615385,1,0,0,0.252242,0.252242,0,0,200
EDCF-Shield,v1a,FALCON1024+HMAC-SHA512+AES256GCM+DKG4of7,STOLEN_KEY,30,11.19,40,CYCLE,80,1700,0,0,600,0.73913,0.012516,0.85,1,0.73913,0,79.13,26.09,0,0,1,0,0,0,76,1448,0.000004,1,0.4875,2,0,0,0,V1,0,0.74754,5641.25,1,0,0,0.25246,0.25246,0,0,200
EDCF-Shield,v1a,FALCON1024+HMAC-SHA512+AES256GCM+DKG4of7,STOLEN_KEY,30,11.19,40,CUMULATIVE,80,68000,0,0,22965,0.74754,0.000003,0.855534,1,0.74754,0,79.8,25.25,0,0,1,0,0,0,76,1448,0.000004,1,0.4875,2,0,0,0,V1,0,0.74754,5641.25,1,0,0,0.25246,0.25246,0,0,200
EDCF-Shield,v1a,FALCON1024+HMAC-SHA512+AES256GCM+DKG4of7,STOLEN_KEY,30,11.19,41,CYCLE,82,1700,0,0,600,0.73913,0.012211,0.85,1,0.73913,0,79.13,26.09,0,0,1,0,0,0,76,1448,0.000004,1,0.4878,2,0,0,0,V1,0,0.747333,5647.560976,1,0,0,0.252667,0.252667,0,0,200
EDCF-Shield,v1a,FALCON1024+HMAC-SHA512+AES256GCM+DKG4of7,STOLEN_KEY,30,11.19,41,CUMULATIVE,82,69700,0,0,23565,0.747333,0.000003,0.855398,1,0.747333,0,79.79,25.27,0,0,1,0,0,0,76,1448,0.000004,1,0.4878,2,0,0,0,V1,0,0.747333,5647.560976,1,0,0,0.252667,0.252667,0,0,200
EDCF-Shield,v1a,FALCON1024+HMAC-SHA512+AES256GCM+DKG4of7,STOLEN_KEY,30,11.19,42,CYCLE,84,1700,0,0,600,0.73913,0.011921,0.85,1,0.73913,0,79.13,26.09,0,0,1,0,0,0,76,1448,0.000004,1,0.4881,2,0,0,0,V1,0,0.747135,5653.571429,1,0,0,0.252865,0.252865,0,0,200
EDCF-Shield,v1a,FALCON1024+HMAC-SHA512+AES256GCM+DKG4of7,STOLEN_KEY,30,11.19,42,CUMULATIVE,84,71400,0,0,24165,0.747135,0.000003,0.855269,1,0.747135,0,79.77,25.29,0,0,1,0,0,0,76,1448,0.000004,1,0.4881,2,0,0,0,V1,0,0.747135,5653.571429,1,0,0,0.252865,0.252865,0,0,200
EDCF-Shield,v1a,FALCON1024+HMAC-SHA512+AES256GCM+DKG4of7,STOLEN_KEY,30,11.19,43,CYCLE,86,1700,0,0,600,0.73913,0.011644,0.85,1,0.73913,0,79.13,26.09,0,0,1,0,0,0,76,1448,0.000004,1,0.4884,2,0,0,0,V1,0,0.746947,5659.302326,1,0,0,0.253053,0.253053,0,0,200
EDCF-Shield,v1a,FALCON1024+HMAC-SHA512+AES256GCM+DKG4of7,STOLEN_KEY,30,11.19,43,CUMULATIVE,86,73100,0,0,24765,0.746947,0.000003,0.855146,1,0.746947,0,79.76,25.31,0,0,1,0,0,0,76,1448,0.000004,1,0.4884,2,0,0,0,V1,0,0.746947,5659.302326,1,0,0,0.253053,0.253053,0,0,200
EDCF-Shield,v1a,FALCON1024+HMAC-SHA512+AES256GCM+DKG4of7,STOLEN_KEY,30,11.19,44,CYCLE,88,1700,0,0,600,0.73913,0.01138,0.85,1,0.73913,0,79.13,26.09,0,0,1,0,0,0,76,1448,0.000004,1,0.4886,2,0,0,0,V1,0,0.746768,5664.772727,1,0,0,0.253232,0.253232,0,0,200
EDCF-Shield,v1a,FALCON1024+HMAC-SHA512+AES256GCM+DKG4of7,STOLEN_KEY,30,11.19,44,CUMULATIVE,88,74800,0,0,25365,0.746768,0.000003,0.855028,1,0.746768,0,79.74,25.32,0,0,1,0,0,0,76,1448,0.000004,1,0.4886,2,0,0,0,V1,0,0.746768,5664.772727,1,0,0,0.253232,0.253232,0,0,200
EDCF-Shield,v1a,FALCON1024+HMAC-SHA512+AES256GCM+DKG4of7,STOLEN_KEY,30,11.19,45,CYCLE,90,1700,0,0,600,0.73913,0.011127,0.85,1,0.73913,0,79.13,26.09,0,0,1,0,0,0,76,1448,0.000004,1,0.4889,2,0,0,0,V1,0,0.746596,5670,1,0,0,0.253404,0.253404,0,0,200
EDCF-Shield,v1a,FALCON1024+HMAC-SHA512+AES256GCM+DKG4of7,STOLEN_KEY,30,11.19,45,CUMULATIVE,90,76500,0,0,25965,0.746596,0.000003,0.854916,1,0.746596,0,79.73,25.34,0,0,1,0,0,0,76,1448,0.000004,1,0.4889,2,0,0,0,V1,0,0.746596,5670,1,0,0,0.253404,0.253404,0,0,200
EDCF-Shield,v1a,FALCON1024+HMAC-SHA512+AES256GCM+DKG4of7,STOLEN_KEY,30,11.19,46,CYCLE,92,1700,0,0,600,0.73913,0.010886,0.85,1,0.73913,0,79.13,26.09,0,0,1,0,0,0,76,1448,0.000004,1,0.4891,2,0,0,0,V1,0,0.746432,5675,1,0,0,0.253568,0.253568,0,0,200
EDCF-Shield,v1a,FALCON1024+HMAC-SHA512+AES256GCM+DKG4of7,STOLEN_KEY,30,11.19,46,CUMULATIVE,92,78200,0,0,26565,0.746432,0.000002,0.854808,1,0.746432,0,79.71,25.36,0,0,1,0,0,0,76,1448,0.000004,1,0.4891,2,0,0,0,V1,0,0.746432,5675,1,0,0,0.253568,0.253568,0,0,200
EDCF-Shield,v1a,FALCON1024+HMAC-SHA512+AES256GCM+DKG4of7,STOLEN_KEY,30,11.19,47,CYCLE,94,1700,0,0,600,0.73913,0.010655,0.85,1,0.73913,0,79.13,26.09,0,0,1,0,0,0,76,1448,0.000004,1,0.4894,2,0,0,0,V1,0,0.746276,5679.787234,1,0,0,0.253724,0.253724,0,0,200
EDCF-Shield,v1a,FALCON1024+HMAC-SHA512+AES256GCM+DKG4of7,STOLEN_KEY,30,11.19,47,CUMULATIVE,94,79900,0,0,27165,0.746276,0.000002,0.854705,1,0.746276,0,79.7,25.37,0,0,1,0,0,0,76,1448,0.000004,1,0.4894,2,0,0,0,V1,0,0.746276,5679.787234,1,0,0,0.253724,0.253724,0,0,200
EDCF-Shield,v1a,FALCON1024+HMAC-SHA512+AES256GCM+DKG4of7,STOLEN_KEY,30,11.19,48,CYCLE,96,1700,0,0,600,0.73913,0.010433,0.85,1,0.73913,0,79.13,26.09,0,0,1,0,0,0,76,1448,0.000004,1,0.4896,2,0,0,0,V1,0,0.746125,5684.375,1,0,0,0.253875,0.253875,0,0,200
EDCF-Shield,v1a,FALCON1024+HMAC-SHA512+AES256GCM+DKG4of7,STOLEN_KEY,30,11.19,48,CUMULATIVE,96,81600,0,0,27765,0.746125,0.000002,0.854607,1,0.746125,0,79.69,25.39,0,0,1,0,0,0,76,1448,0.000004,1,0.4896,2,0,0,0,V1,0,0.746125,5684.375,1,0,0,0.253875,0.253875,0,0,200
EDCF-Shield,v1a,FALCON1024+HMAC-SHA512+AES256GCM+DKG4of7,STOLEN_KEY,30,11.19,49,CYCLE,98,1700,0,0,600,0.73913,0.01022,0.85,1,0.73913,0,79.13,26.09,0,0,1,0,0,0,76,1448,0.000004,1,0.4898,2,0,0,0,V1,0,0.745981,5688.77551,1,0,0,0.254019,0.254019,0,0,200
EDCF-Shield,v1a,FALCON1024+HMAC-SHA512+AES256GCM+DKG4of7,STOLEN_KEY,30,11.19,49,CUMULATIVE,98,83300,0,0,28365,0.745981,0.000002,0.854512,1,0.745981,0,79.68,25.4,0,0,1,0,0,0,76,1448,0.000004,1,0.4898,2,0,0,0,V1,0,0.745981,5688.77551,1,0,0,0.254019,0.254019,0,0,200
EDCF-Shield,v1a,FALCON1024+HMAC-SHA512+AES256GCM+DKG4of7,STOLEN_KEY,30,11.19,50,CYCLE,100,1700,0,0,600,0.73913,0.010016,0.85,1,0.73913,0,79.13,26.09,0,0,1,0,0,0,76,1448,0.000004,1,0.49,2,0,0,0,V1,0,0.745843,5693,1,0,0,0.254157,0.254157,0,0,200
EDCF-Shield,v1a,FALCON1024+HMAC-SHA512+AES256GCM+DKG4of7,STOLEN_KEY,30,11.19,50,CUMULATIVE,100,85000,0,0,28965,0.745843,0.000002,0.854422,1,0.745843,0,79.67,25.42,0,0,1,0,0,0,76,1448,0.000004,1,0.49,2,0,0,0,V1,0,0.745843,5693,1,0,0,0.254157,0.254157,0,0,200
EDCF-Shield,v1a,FALCON1024+HMAC-SHA512+AES256GCM+DKG4of7,STOLEN_KEY,30,11.19,51,CYCLE,102,1700,0,0,600,0.73913,0.00982,0.85,1,0.73913,0,79.13,26.09,0,0,1,0,0,0,76,1448,0.000004,1,0.4902,2,0,0,0,V1,0,0.74571,5697.058824,1,0,0,0.25429,0.25429,0,0,200
EDCF-Shield,v1a,FALCON1024+HMAC-SHA512+AES256GCM+DKG4of7,STOLEN_KEY,30,11.19,51,CUMULATIVE,102,86700,0,0,29565,0.74571,0.000002,0.854334,1,0.74571,0,79.66,25.43,0,0,1,0,0,0,76,1448,0.000004,1,0.4902,2,0,0,0,V1,0,0.74571,5697.058824,1,0,0,0.25429,0.25429,0,0,200
EDCF-Shield,v1a,FALCON1024+HMAC-SHA512+AES256GCM+DKG4of7,STOLEN_KEY,30,11.19,52,CYCLE,104,1700,0,0,600,0.73913,0.009632,0.85,1,0.73913,0,79.13,26.09,0,0,1,0,0,0,76,1448,0.000004,1,0.4904,2,0,0,0,V1,0,0.745583,5700.961538,1,0,0,0.254417,0.254417,0,0,200
EDCF-Shield,v1a,FALCON1024+HMAC-SHA512+AES256GCM+DKG4of7,STOLEN_KEY,30,11.19,52,CUMULATIVE,104,88400,0,0,30165,0.745583,0.000002,0.854251,1,0.745583,0,79.65,25.44,0,0,1,0,0,0,76,1448,0.000004,1,0.4904,2,0,0,0,V1,0,0.745583,5700.961538,1,0,0,0.254417,0.254417,0,0,200
EDCF-Shield,v1a,FALCON1024+HMAC-SHA512+AES256GCM+DKG4of7,STOLEN_KEY,30,11.19,53,CYCLE,106,1700,0,0,600,0.73913,0.00945,0.85,1,0.73913,0,79.13,26.09,0,0,1,0,0,0,76,1448,0.000004,1,0.4906,2,0,0,0,V1,0,0.74546,5704.716981,1,0,0,0.25454,0.25454,0,0,200
EDCF-Shield,v1a,FALCON1024+HMAC-SHA512+AES256GCM+DKG4of7,STOLEN_KEY,30,11.19,53,CUMULATIVE,106,90100,0,0,30765,0.74546,0.000002,0.85417,1,0.74546,0,79.64,25.45,0,0,1,0,0,0,76,1448,0.000004,1,0.4906,2,0,0,0,V1,0,0.74546,5704.716981,1,0,0,0.25454,0.25454,0,0,200
EDCF-Shield,v1a,FALCON1024+HMAC-SHA512+AES256GCM+DKG4of7,STOLEN_KEY,30,11.19,54,CYCLE,108,1700,0,0,600,0.73913,0.009275,0.85,1,0.73913,0,79.13,26.09,0,0,1,0,0,0,76,1448,0.000004,1,0.4907,2,0,0,0,V1,0,0.745342,5708.333333,1,0,0,0.254658,0.254658,0,0,200
EDCF-Shield,v1a,FALCON1024+HMAC-SHA512+AES256GCM+DKG4of7,STOLEN_KEY,30,11.19,54,CUMULATIVE,108,91800,0,0,31365,0.745342,0.000002,0.854093,1,0.745342,0,79.63,25.47,0,0,1,0,0,0,76,1448,0.000004,1,0.4907,2,0,0,0,V1,0,0.745342,5708.333333,1,0,0,0.254658,0.254658,0,0,200
EDCF-Shield,v1a,FALCON1024+HMAC-SHA512+AES256GCM+DKG4of7,STOLEN_KEY,30,11.19,55,CYCLE,110,1700,0,0,600,0.73913,0.009107,0.85,1,0.73913,0,79.13,26.09,0,0,1,0,0,0,76,1448,0.000004,1,0.4909,2,0,0,0,V1,0,0.745228,5711.818182,1,0,0,0.254772,0.254772,0,0,200
EDCF-Shield,v1a,FALCON1024+HMAC-SHA512+AES256GCM+DKG4of7,STOLEN_KEY,30,11.19,55,CUMULATIVE,110,93500,0,0,31965,0.745228,0.000002,0.854018,1,0.745228,0,79.62,25.48,0,0,1,0,0,0,76,1448,0.000004,1,0.4909,2,0,0,0,V1,0,0.745228,5711.818182,1,0,0,0.254772,0.254772,0,0,200
EDCF-Shield,v1a,FALCON1024+HMAC-SHA512+AES256GCM+DKG4of7,STOLEN_KEY,30,11.19,56,CYCLE,112,1700,0,0,600,0.73913,0.008945,0.85,1,0.73913,0,79.13,26.09,0,0,1,0,0,0,76,1448,0.000004,1,0.4911,2,0,0,0,V1,0,0.745118,5715.178571,1,0,0,0.254882,0.254882,0,0,200
EDCF-Shield,v1a,FALCON1024+HMAC-SHA512+AES256GCM+DKG4of7,STOLEN_KEY,30,11.19,56,CUMULATIVE,112,95200,0,0,32565,0.745118,0.000002,0.853946,1,0.745118,0,79.61,25.49,0,0,1,0,0,0,76,1448,0.000004,1,0.4911,2,0,0,0,V1,0,0.745118,5715.178571,1,0,0,0.254882,0.254882,0,0,200
EDCF-Shield,v1a,FALCON1024+HMAC-SHA512+AES256GCM+DKG4of7,STOLEN_KEY,30,11.19,57,CYCLE,114,1700,0,0,600,0.73913,0.008788,0.85,1,0.73913,0,79.13,26.09,0,0,1,0,0,0,76,1448,0.000004,1,0.4912,2,0,0,0,V1,0,0.745012,5718.421053,1,0,0,0.254988,0.254988,0,0,200
EDCF-Shield,v1a,FALCON1024+HMAC-SHA512+AES256GCM+DKG4of7,STOLEN_KEY,30,11.19,57,CUMULATIVE,114,96900,0,0,33165,0.745012,0.000002,0.853876,1,0.745012,0,79.6,25.5,0,0,1,0,0,0,76,1448,0.000004,1,0.4912,2,0,0,0,V1,0,0.745012,5718.421053,1,0,0,0.254988,0.254988,0,0,200
EDCF-Shield,v1a,FALCON1024+HMAC-SHA512+AES256GCM+DKG4of7,STOLEN_KEY,30,11.19,58,CYCLE,116,1700,0,0,600,0.73913,0.008637,0.85,1,0.73913,0,79.13,26.09,0,0,1,0,0,0,76,1448,0.000004,1,0.4914,2,0,0,0,V1,0,0.74491,5721.551724,1,0,0,0.25509,0.25509,0,0,200
EDCF-Shield,v1a,FALCON1024+HMAC-SHA512+AES256GCM+DKG4of7,STOLEN_KEY,30,11.19,58,CUMULATIVE,116,98600,0,0,33765,0.74491,0.000002,0.853809,1,0.74491,0,79.59,25.51,0,0,1,0,0,0,76,1448,0.000004,1,0.4914,2,0,0,0,V1,0,0.74491,5721.551724,1,0,0,0.25509,0.25509,0,0,200
EDCF-Shield,v1a,FALCON1024+HMAC-SHA512+AES256GCM+DKG4of7,STOLEN_KEY,30,11.19,59,CYCLE,118,1700,0,0,600,0.73913,0.008491,0.85,1,0.73913,0,79.13,26.09,0,0,1,0,0,0,76,1448,0.000004,1,0.4915,2,0,0,0,V1,0,0.744811,5724.576271,1,0,0,0.255189,0.255189,0,0,200
EDCF-Shield,v1a,FALCON1024+HMAC-SHA512+AES256GCM+DKG4of7,STOLEN_KEY,30,11.19,59,CUMULATIVE,118,100300,0,0,34365,0.744811,0.000002,0.853744,1,0.744811,0,79.58,25.52,0,0,1,0,0,0,76,1448,0.000004,1,0.4915,2,0,0,0,V1,0,0.744811,5724.576271,1,0,0,0.255189,0.255189,0,0,200
EDCF-Shield,v1a,FALCON1024+HMAC-SHA512+AES256GCM+DKG4of7,STOLEN_KEY,30,11.19,60,CYCLE,120,1700,0,0,600,0.73913,0.00835,0.85,1,0.73913,0,79.13,26.09,0,0,1,0,0,0,76,1448,0.000004,1,0.4917,2,0,0,0,V1,0,0.744716,5727.5,1,0,0,0.255284,0.255284,0,0,200
EDCF-Shield,v1a,FALCON1024+HMAC-SHA512+AES256GCM+DKG4of7,STOLEN_KEY,30,11.19,60,CUMULATIVE,120,102000,0,0,34965,0.744716,0.000002,0.853682,1,0.744716,0,79.58,25.53,0,0,1,0,0,0,76,1448,0.000004,1,0.4917,2,0,0,0,V1,0,0.744716,5727.5,1,0,0,0.255284,0.255284,0,0,200
EDCF-Shield,v1a,FALCON1024+HMAC-SHA512+AES256GCM+DKG4of7,STOLEN_KEY,30,11.19,61,CYCLE,122,1700,0,0,600,0.73913,0.008213,0.85,1,0.73913,0,79.13,26.09,0,0,1,0,0,0,76,1448,0.000004,1,0.4918,2,0,0,0,V1,0,0.744624,5730.327869,1,0,0,0.255376,0.255376,0,0,200
EDCF-Shield,v1a,FALCON1024+HMAC-SHA512+AES256GCM+DKG4of7,STOLEN_KEY,30,11.19,61,CUMULATIVE,122,103700,0,0,35565,0.744624,0.000002,0.853621,1,0.744624,0,79.57,25.54,0,0,1,0,0,0,76,1448,0.000004,1,0.4918,2,0,0,0,V1,0,0.744624,5730.327869,1,0,0,0.255376,0.255376,0,0,200
EDCF-Shield,v1a,FALCON1024+HMAC-SHA512+AES256GCM+DKG4of7,STOLEN_KEY,30,11.19,62,CYCLE,124,1700,0,0,600,0.73913,0.008081,0.85,1,0.73913,0,79.13,26.09,0,0,1,0,0,0,76,1448,0.000004,1,0.4919,2,0,0,0,V1,0,0.744534,5733.064516,1,0,0,0.255466,0.255466,0,0,200
EDCF-Shield,v1a,FALCON1024+HMAC-SHA512+AES256GCM+DKG4of7,STOLEN_KEY,30,11.19,62,CUMULATIVE,124,105400,0,0,36165,0.744534,0.000002,0.853562,1,0.744534,0,79.56,25.55,0,0,1,0,0,0,76,1448,0.000004,1,0.4919,2,0,0,0,V1,0,0.744534,5733.064516,1,0,0,0.255466,0.255466,0,0,200
EDCF-Shield,v1a,FALCON1024+HMAC-SHA512+AES256GCM+DKG4of7,STOLEN_KEY,30,11.19,63,CYCLE,126,1700,0,0,600,0.73913,0.007953,0.85,1,0.73913,0,79.13,26.09,0,0,1,0,0,0,76,1448,0.000004,1,0.4921,2,0,0,0,V1,0,0.744448,5735.714286,1,0,0,0.255552,0.255552,0,0,200
EDCF-Shield,v1a,FALCON1024+HMAC-SHA512+AES256GCM+DKG4of7,STOLEN_KEY,30,11.19,63,CUMULATIVE,126,107100,0,0,36765,0.744448,0.000002,0.853505,1,0.744448,0,79.56,25.56,0,0,1,0,0,0,76,1448,0.000004,1,0.4921,2,0,0,0,V1,0,0.744448,5735.714286,1,0,0,0.255552,0.255552,0,0,200
EDCF-Shield,v1a,FALCON1024+HMAC-SHA512+AES256GCM+DKG4of7,STOLEN_KEY,30,11.19,64,CYCLE,128,1700,0,0,600,0.73913,0.007829,0.85,1,0.73913,0,79.13,26.09,0,0,1,0,0,0,76,1448,0.000003,1,0.4922,2,0,0,0,V1,0,0.744364,5738.28125,1,0,0,0.255636,0.255636,0,0,200
EDCF-Shield,v1a,FALCON1024+HMAC-SHA512+AES256GCM+DKG4of7,STOLEN_KEY,30,11.19,64,CUMULATIVE,128,108800,0,0,37365,0.744364,0.000002,0.85345,1,0.744364,0,79.55,25.56,0,0,1,0,0,0,76,1448,0.000003,1,0.4922,2,0,0,0,V1,0,0.744364,5738.28125,1,0,0,0.255636,0.255636,0,0,200
EDCF-Shield,v1a,FALCON1024+HMAC-SHA512+AES256GCM+DKG4of7,STOLEN_KEY,30,11.19,65,CYCLE,130,1700,0,0,600,0.73913,0.007709,0.85,1,0.73913,0,79.13,26.09,0,0,1,0,0,0,76,1448,0.000003,1,0.4923,2,0,0,0,V1,0,0.744283,5740.769231,1,0,0,0.255717,0.255717,0,0,200
EDCF-Shield,v1a,FALCON1024+HMAC-SHA512+AES256GCM+DKG4of7,STOLEN_KEY,30,11.19,65,CUMULATIVE,130,110500,0,0,37965,0.744283,0.000002,0.853397,1,0.744283,0,79.54,25.57,0,0,1,0,0,0,76,1448,0.000003,1,0.4923,2,0,0,0,V1,0,0.744283,5740.769231,1,0,0,0.255717,0.255717,0,0,200
EDCF-Shield,v1a,FALCON1024+HMAC-SHA512+AES256GCM+DKG4of7,STOLEN_KEY,30,11.19,66,CYCLE,132,1700,0,0,600,0.73913,0.007592,0.85,1,0.73913,0,79.13,26.09,0,0,1,0,0,0,76,1448,0.000003,1,0.4924,2,0,0,0,V1,0,0.744205,5743.181818,1,0,0,0.255795,0.255795,0,0,200
EDCF-Shield,v1a,FALCON1024+HMAC-SHA512+AES256GCM+DKG4of7,STOLEN_KEY,30,11.19,66,CUMULATIVE,132,112200,0,0,38565,0.744205,0.000002,0.853346,1,0.744205,0,79.54,25.58,0,0,1,0,0,0,76,1448,0.000003,1,0.4924,2,0,0,0,V1,0,0.744205,5743.181818,1,0,0,0.255795,0.255795,0,0,200
EDCF-Shield,v1a,FALCON1024+HMAC-SHA512+AES256GCM+DKG4of7,STOLEN_KEY,30,11.19,67,CYCLE,134,1700,0,0,600,0.73913,0.007479,0.85,1,0.73913,0,79.13,26.09,0,0,1,0,0,0,76,1448,0.000003,1,0.4925,2,0,0,0,V1,0,0.744128,5745.522388,1,0,0,0.255872,0.255872,0,0,200
EDCF-Shield,v1a,FALCON1024+HMAC-SHA512+AES256GCM+DKG4of7,STOLEN_KEY,30,11.19,67,CUMULATIVE,134,113900,0,0,39165,0.744128,0.000002,0.853295,1,0.744128,0,79.53,25.59,0,0,1,0,0,0,76,1448,0.000003,1,0.4925,2,0,0,0,V1,0,0.744128,5745.522388,1,0,0,0.255872,0.255872,0,0,200
EDCF-Shield,v1a,FALCON1024+HMAC-SHA512+AES256GCM+DKG4of7,STOLEN_KEY,30,11.19,68,CYCLE,136,1700,0,0,600,0.73913,0.007369,0.85,1,0.73913,0,79.13,26.09,0,0,1,0,0,0,76,1448,0.000003,1,0.4926,2,0,0,0,V1,0,0.744054,5747.794118,1,0,0,0.255946,0.255946,0,0,200
EDCF-Shield,v1a,FALCON1024+HMAC-SHA512+AES256GCM+DKG4of7,STOLEN_KEY,30,11.19,68,CUMULATIVE,136,115600,0,0,39765,0.744054,0.000002,0.853247,1,0.744054,0,79.52,25.59,0,0,1,0,0,0,76,1448,0.000003,1,0.4926,2,0,0,0,V1,0,0.744054,5747.794118,1,0,0,0.255946,0.255946,0,0,200
EDCF-Shield,v1a,FALCON1024+HMAC-SHA512+AES256GCM+DKG4of7,STOLEN_KEY,30,11.19,69,CYCLE,138,1700,0,0,600,0.73913,0.007263,0.85,1,0.73913,0,79.13,26.09,0,0,1,0,0,0,76,1448,0.000003,1,0.4928,2,0,0,0,V1,0,0.743982,5750,1,0,0,0.256018,0.256018,0,0,200
EDCF-Shield,v1a,FALCON1024+HMAC-SHA512+AES256GCM+DKG4of7,STOLEN_KEY,30,11.19,69,CUMULATIVE,138,117300,0,0,40365,0.743982,0.000002,0.853199,1,0.743982,0,79.52,25.6,0,0,1,0,0,0,76,1448,0.000003,1,0.4928,2,0,0,0,V1,0,0.743982,5750,1,0,0,0.256018,0.256018,0,0,200
EDCF-Shield,v1a,FALCON1024+HMAC-SHA512+AES256GCM+DKG4of7,STOLEN_KEY,30,11.19,70,CYCLE,140,1700,0,0,600,0.73913,0.007159,0.85,1,0.73913,0,79.13,26.09,0,0,1,0,0,0,76,1448,0.000003,1,0.4929,2,0,0,0,V1,0,0.743913,5752.142857,1,0,0,0.256087,0.256087,0,0,200
EDCF-Shield,v1a,FALCON1024+HMAC-SHA512+AES256GCM+DKG4of7,STOLEN_KEY,30,11.19,70,CUMULATIVE,140,119000,0,0,40965,0.743913,0.000002,0.853154,1,0.743913,0,79.51,25.61,0,0,1,0,0,0,76,1448,0.000003,1,0.4929,2,0,0,0,V1,0,0.743913,5752.142857,1,0,0,0.256087,0.256087,0,0,200
EDCF-Shield,v1a,FALCON1024+HMAC-SHA512+AES256GCM+DKG4of7,STOLEN_KEY,30,11.19,71,CYCLE,142,1700,0,0,600,0.73913,0.007058,0.85,1,0.73913,0,79.13,26.09,0,0,1,0,0,0,76,1448,0.000003,1,0.493,2,0,0,0,V1,0,0.743845,5754.225352,1,0,0,0.256155,0.256155,0,0,200
EDCF-Shield,v1a,FALCON1024+HMAC-SHA512+AES256GCM+DKG4of7,STOLEN_KEY,30,11.19,71,CUMULATIVE,142,120700,0,0,41565,0.743845,0.000002,0.853109,1,0.743845,0,79.51,25.62,0,0,1,0,0,0,76,1448,0.000003,1,0.493,2,0,0,0,V1,0,0.743845,5754.225352,1,0,0,0.256155,0.256155,0,0,200
EDCF-Shield,v1a,FALCON1024+HMAC-SHA512+AES256GCM+DKG4of7,STOLEN_KEY,30,11.19,72,CYCLE,144,1700,0,0,600,0.73913,0.006961,0.85,1,0.73913,0,79.13,26.09,0,0,1,0,0,0,76,1448,0.000003,1,0.4931,2,0,0,0,V1,0,0.743779,5756.25,1,0,0,0.256221,0.256221,0,0,200
EDCF-Shield,v1a,FALCON1024+HMAC-SHA512+AES256GCM+DKG4of7,STOLEN_KEY,30,11.19,72,CUMULATIVE,144,122400,0,0,42165,0.743779,0.000002,0.853066,1,0.743779,0,79.5,25.62,0,0,1,0,0,0,76,1448,0.000003,1,0.4931,2,0,0,0,V1,0,0.743779,5756.25,1,0,0,0.256221,0.256221,0,0,200
EDCF-Shield,v1a,FALCON1024+HMAC-SHA512+AES256GCM+DKG4of7,STOLEN_KEY,30,11.19,73,CYCLE,146,1700,0,0,600,0.73913,0.006866,0.85,1,0.73913,0,79.13,26.09,0,0,1,0,0,0,76,1448,0.000003,1,0.4932,2,0,0,0,V1,0,0.743715,5758.219178,1,0,0,0.256285,0.256285,0,0,200
EDCF-Shield,v1a,FALCON1024+HMAC-SHA512+AES256GCM+DKG4of7,STOLEN_KEY,30,11.19,73,CUMULATIVE,146,124100,0,0,42765,0.743715,0.000002,0.853024,1,0.743715,0,79.5,25.63,0,0,1,0,0,0,76,1448,0.000003,1,0.4932,2,0,0,0,V1,0,0.743715,5758.219178,1,0,0,0.256285,0.256285,0,0,200
EDCF-Shield,v1a,FALCON1024+HMAC-SHA512+AES256GCM+DKG4of7,STOLEN_KEY,30,11.19,74,CYCLE,148,1700,0,0,600,0.73913,0.006773,0.85,1,0.73913,0,79.13,26.09,0,0,1,0,0,0,76,1448,0.000003,1,0.4932,2,0,0,0,V1,0,0.743653,5760.135135,1,0,0,0.256347,0.256347,0,0,200
EDCF-Shield,v1a,FALCON1024+HMAC-SHA512+AES256GCM+DKG4of7,STOLEN_KEY,30,11.19,74,CUMULATIVE,148,125800,0,0,43365,0.743653,0.000002,0.852983,1,0.743653,0,79.49,25.63,0,0,1,0,0,0,76,1448,0.000003,1,0.4932,2,0,0,0,V1,0,0.743653,5760.135135,1,0,0,0.256347,0.256347,0,0,200
EDCF-Shield,v1a,FALCON1024+HMAC-SHA512+AES256GCM+DKG4of7,STOLEN_KEY,30,11.19,75,CYCLE,150,1700,0,0,600,0.73913,0.006683,0.85,1,0.73913,0,79.13,26.09,0,0,1,0,0,0,76,1448,0.000003,1,0.4933,2,0,0,0,V1,0,0.743592,5762,1,0,0,0.256408,0.256408,0,0,200
EDCF-Shield,v1a,FALCON1024+HMAC-SHA512+AES256GCM+DKG4of7,STOLEN_KEY,30,11.19,75,CUMULATIVE,150,127500,0,0,43965,0.743592,0.000002,0.852943,1,0.743592,0,79.49,25.64,0,0,1,0,0,0,76,1448,0.000003,1,0.4933,2,0,0,0,V1,0,0.743592,5762,1,0,0,0.256408,0.256408,0,0,200
EDCF-Shield,v1a,FALCON1024+HMAC-SHA512+AES256GCM+DKG4of7,STOLEN_KEY,30,11.19,76,CYCLE,152,1700,0,0,600,0.73913,0.006595,0.85,1,0.73913,0,79.13,26.09,0,0,1,0,0,0,76,1448,0.000003,1,0.4934,2,0,0,0,V1,0,0.743533,5763.815789,1,0,0,0.256467,0.256467,0,0,200
EDCF-Shield,v1a,FALCON1024+HMAC-SHA512+AES256GCM+DKG4of7,STOLEN_KEY,30,11.19,76,CUMULATIVE,152,129200,0,0,44565,0.743533,0.000002,0.852904,1,0.743533,0,79.48,25.65,0,0,1,0,0,0,76,1448,0.000003,1,0.4934,2,0,0,0,V1,0,0.743533,5763.815789,1,0,0,0.256467,0.256467,0,0,200
EDCF-Shield,v1a,FALCON1024+HMAC-SHA512+AES256GCM+DKG4of7,STOLEN_KEY,30,11.19,77,CYCLE,154,1700,0,0,600,0.73913,0.00651,0.85,1,0.73913,0,79.13,26.09,0,0,1,0,0,0,76,1448,0.000003,1,0.4935,2,0,0,0,V1,0,0.743475,5765.584416,1,0,0,0.256525,0.256525,0,0,200
EDCF-Shield,v1a,FALCON1024+HMAC-SHA512+AES256GCM+DKG4of7,STOLEN_KEY,30,11.19,77,CUMULATIVE,154,130900,0,0,45165,0.743475,0.000002,0.852866,1,0.743475,0,79.48,25.65,0,0,1,0,0,0,76,1448,0.000003,1,0.4935,2,0,0,0,V1,0,0.743475,5765.584416,1,0,0,0.256525,0.256525,0,0,200
EDCF-Shield,v1a,FALCON1024+HMAC-SHA512+AES256GCM+DKG4of7,STOLEN_KEY,30,11.19,78,CYCLE,156,1700,0,0,600,0.73913,0.006426,0.85,1,0.73913,0,79.13,26.09,0,0,1,0,0,0,76,1448,0.000003,1,0.4936,2,0,0,0,V1,0,0.743419,5767.307692,1,0,0,0.256581,0.256581,0,0,200
EDCF-Shield,v1a,FALCON1024+HMAC-SHA512+AES256GCM+DKG4of7,STOLEN_KEY,30,11.19,78,CUMULATIVE,156,132600,0,0,45765,0.743419,0.000002,0.852829,1,0.743419,0,79.47,25.66,0,0,1,0,0,0,76,1448,0.000003,1,0.4936,2,0,0,0,V1,0,0.743419,5767.307692,1,0,0,0.256581,0.256581,0,0,200
EDCF-Shield,v1a,FALCON1024+HMAC-SHA512+AES256GCM+DKG4of7,STOLEN_KEY,30,11.19,79,CYCLE,158,1700,0,0,600,0.73913,0.006345,0.85,1,0.73913,0,79.13,26.09,0,0,1,0,0,0,76,1448,0.000003,1,0.4937,2,0,0,0,V1,0,0.743365,5768.987342,1,0,0,0.256635,0.256635,0,0,200
EDCF-Shield,v1a,FALCON1024+HMAC-SHA512+AES256GCM+DKG4of7,STOLEN_KEY,30,11.19,79,CUMULATIVE,158,134300,0,0,46365,0.743365,0.000002,0.852793,1,0.743365,0,79.47,25.66,0,0,1,0,0,0,76,1448,0.000003,1,0.4937,2,0,0,0,V1,0,0.743365,5768.987342,1,0,0,0.256635,0.256635,0,0,200
EDCF-Shield,v1a,FALCON1024+HMAC-SHA512+AES256GCM+DKG4of7,STOLEN_KEY,30,11.19,80,CYCLE,160,1700,0,0,600,0.73913,0.006266,0.85,1,0.73913,0,79.13,26.09,0,0,1,0,0,0,76,1448,0.000003,1,0.4938,2,0,0,0,V1,0,0.743312,5770.625,1,0,0,0.256688,0.256688,0,0,200
EDCF-Shield,v1a,FALCON1024+HMAC-SHA512+AES256GCM+DKG4of7,STOLEN_KEY,30,11.19,80,CUMULATIVE,160,136000,0,0,46965,0.743312,0.000002,0.852758,1,0.743312,0,79.46,25.67,0,0,1,0,0,0,76,1448,0.000003,1,0.4938,2,0,0,0,V1,0,0.743312,5770.625,1,0,0,0.256688,0.256688,0,0,200
EDCF-Shield,v1a,FALCON1024+HMAC-SHA512+AES256GCM+DKG4of7,STOLEN_KEY,30,11.19,81,CYCLE,162,1700,0,0,600,0.73913,0.006189,0.85,1,0.73913,0,79.13,26.09,0,0,1,0,0,0,76,1448,0.000003,1,0.4938,2,0,0,0,V1,0,0.74326,5772.222222,1,0,0,0.25674,0.25674,0,0,200
EDCF-Shield,v1a,FALCON1024+HMAC-SHA512+AES256GCM+DKG4of7,STOLEN_KEY,30,11.19,81,CUMULATIVE,162,137700,0,0,47565,0.74326,0.000002,0.852724,1,0.74326,0,79.46,25.67,0,0,1,0,0,0,76,1448,0.000003,1,0.4938,2,0,0,0,V1,0,0.74326,5772.222222,1,0,0,0.25674,0.25674,0,0,200
EDCF-Shield,v1a,FALCON1024+HMAC-SHA512+AES256GCM+DKG4of7,STOLEN_KEY,30,11.19,82,CYCLE,164,1700,0,0,600,0.73913,0.006114,0.85,1,0.73913,0,79.13,26.09,0,0,1,0,0,0,76,1448,0.000003,1,0.4939,2,0,0,0,V1,0,0.743209,5773.780488,1,0,0,0.256791,0.256791,0,0,200
EDCF-Shield,v1a,FALCON1024+HMAC-SHA512+AES256GCM+DKG4of7,STOLEN_KEY,30,11.19,82,CUMULATIVE,164,139400,0,0,48165,0.743209,0.000002,0.852691,1,0.743209,0,79.46,25.68,0,0,1,0,0,0,76,1448,0.000003,1,0.4939,2,0,0,0,V1,0,0.743209,5773.780488,1,0,0,0.256791,0.256791,0,0,200
EDCF-Shield,v1a,FALCON1024+HMAC-SHA512+AES256GCM+DKG4of7,STOLEN_KEY,30,11.19,83,CYCLE,166,1700,0,0,600,0.73913,0.00604,0.85,1,0.73913,0,79.13,26.09,0,0,1,0,0,0,76,1448,0.000003,1,0.494,2,0,0,0,V1,0,0.74316,5775.301205,1,0,0,0.25684,0.25684,0,0,200
EDCF-Shield,v1a,FALCON1024+HMAC-SHA512+AES256GCM+DKG4of7,STOLEN_KEY,30,11.19,83,CUMULATIVE,166,141100,0,0,48765,0.74316,0.000002,0.852658,1,0.74316,0,79.45,25.68,0,0,1,0,0,0,76,1448,0.000003,1,0.494,2,0,0,0,V1,0,0.74316,5775.301205,1,0,0,0.25684,0.25684,0,0,200
EDCF-Shield,v1a,FALCON1024+HMAC-SHA512+AES256GCM+DKG4of7,STOLEN_KEY,30,11.19,84,CYCLE,168,1700,0,0,600,0.73913,0.005969,0.85,1,0.73913,0,79.13,26.09,0,0,1,0,0,0,76,1448,0.000003,1,0.494,2,0,0,0,V1,0,0.743111,5776.785714,1,0,0,0.256889,0.256889,0,0,200
EDCF-Shield,v1a,FALCON1024+HMAC-SHA512+AES256GCM+DKG4of7,STOLEN_KEY,30,11.19,84,CUMULATIVE,168,142800,0,0,49365,0.743111,0.000002,0.852626,1,0.743111,0,79.45,25.69,0,0,1,0,0,0,76,1448,0.000003,1,0.494,2,0,0,0,V1,0,0.743111,5776.785714,1,0,0,0.256889,0.256889,0,0,200
EDCF-Shield,v1a,FALCON1024+HMAC-SHA512+AES256GCM+DKG4of7,STOLEN_KEY,30,11.19,85,CYCLE,170,1700,0,0,600,0.73913,0.005899,0.85,1,0.73913,0,79.13,26.09,0,0,1,0,0,0,76,1448,0.000003,1,0.4941,2,0,0,0,V1,0,0.743064,5778.235294,1,0,0,0.256936,0.256936,0,0,200
EDCF-Shield,v1a,FALCON1024+HMAC-SHA512+AES256GCM+DKG4of7,STOLEN_KEY,30,11.19,85,CUMULATIVE,170,144500,0,0,49965,0.743064,0.000002,0.852595,1,0.743064,0,79.45,25.69,0,0,1,0,0,0,76,1448,0.000003,1,0.4941,2,0,0,0,V1,0,0.743064,5778.235294,1,0,0,0.256936,0.256936,0,0,200
EDCF-Shield,v1a,FALCON1024+HMAC-SHA512+AES256GCM+DKG4of7,STOLEN_KEY,30,11.19,86,CYCLE,172,1700,0,0,600,0.73913,0.00583,0.85,1,0.73913,0,79.13,26.09,0,0,1,0,0,0,76,1448,0.000003,1,0.4942,2,0,0,0,V1,0,0.743018,5779.651163,1,0,0,0.256982,0.256982,0,0,200
EDCF-Shield,v1a,FALCON1024+HMAC-SHA512+AES256GCM+DKG4of7,STOLEN_KEY,30,11.19,86,CUMULATIVE,172,146200,0,0,50565,0.743018,0.000002,0.852565,1,0.743018,0,79.44,25.7,0,0,1,0,0,0,76,1448,0.000003,1,0.4942,2,0,0,0,V1,0,0.743018,5779.651163,1,0,0,0.256982,0.256982,0,0,200
EDCF-Shield,v1a,FALCON1024+HMAC-SHA512+AES256GCM+DKG4of7,STOLEN_KEY,30,11.19,87,CYCLE,174,1700,0,0,600,0.73913,0.005763,0.85,1,0.73913,0,79.13,26.09,0,0,1,0,0,0,76,1448,0.000003,1,0.4943,2,0,0,0,V1,0,0.742973,5781.034483,1,0,0,0.257027,0.257027,0,0,200
EDCF-Shield,v1a,FALCON1024+HMAC-SHA512+AES256GCM+DKG4of7,STOLEN_KEY,30,11.19,87,CUMULATIVE,174,147900,0,0,51165,0.742973,0.000002,0.852536,1,0.742973,0,79.44,25.7,0,0,1,0,0,0,76,1448,0.000003,1,0.4943,2,0,0,0,V1,0,0.742973,5781.034483,1,0,0,0.257027,0.257027,0,0,200
EDCF-Shield,v1a,FALCON1024+HMAC-SHA512+AES256GCM+DKG4of7,STOLEN_KEY,30,11.19,88,CYCLE,176,1700,0,0,600,0.73913,0.005698,0.85,1,0.73913,0,79.13,26.09,0,0,1,0,0,0,76,1448,0.000003,1,0.4943,2,0,0,0,V1,0,0.74293,5782.386364,1,0,0,0.25707,0.25707,0,0,200
EDCF-Shield,v1a,FALCON1024+HMAC-SHA512+AES256GCM+DKG4of7,STOLEN_KEY,30,11.19,88,CUMULATIVE,176,149600,0,0,51765,0.74293,0.000002,0.852507,1,0.74293,0,79.43,25.71,0,0,1,0,0,0,76,1448,0.000003,1,0.4943,2,0,0,0,V1,0,0.74293,5782.386364,1,0,0,0.25707,0.25707,0,0,200
EDCF-Shield,v1a,FALCON1024+HMAC-SHA512+AES256GCM+DKG4of7,STOLEN_KEY,30,11.19,89,CYCLE,178,1700,0,0,600,0.73913,0.005634,0.85,1,0.73913,0,79.13,26.09,0,0,1,0,0,0,76,1448,0.000003,1,0.4944,2,0,0,0,V1,0,0.742887,5783.707865,1,0,0,0.257113,0.257113,0,0,200
EDCF-Shield,v1a,FALCON1024+HMAC-SHA512+AES256GCM+DKG4of7,STOLEN_KEY,30,11.19,89,CUMULATIVE,178,151300,0,0,52365,0.742887,0.000002,0.852478,1,0.742887,0,79.43,25.71,0,0,1,0,0,0,76,1448,0.000003,1,0.4944,2,0,0,0,V1,0,0.742887,5783.707865,1,0,0,0.257113,0.257113,0,0,200
EDCF-Shield,v1a,FALCON1024+HMAC-SHA512+AES256GCM+DKG4of7,STOLEN_KEY,30,11.19,90,CYCLE,180,1700,0,0,600,0.73913,0.005572,0.85,1,0.73913,0,79.13,26.09,0,0,1,0,0,0,76,1448,0.000003,1,0.4944,2,0,0,0,V1,0,0.742845,5785,1,0,0,0.257155,0.257155,0,0,200
EDCF-Shield,v1a,FALCON1024+HMAC-SHA512+AES256GCM+DKG4of7,STOLEN_KEY,30,11.19,90,CUMULATIVE,180,153000,0,0,52965,0.742845,0.000002,0.852451,1,0.742845,0,79.43,25.72,0,0,1,0,0,0,76,1448,0.000003,1,0.4944,2,0,0,0,V1,0,0.742845,5785,1,0,0,0.257155,0.257155,0,0,200
EDCF-Shield,v1a,FALCON1024+HMAC-SHA512+AES256GCM+DKG4of7,STOLEN_KEY,30,11.19,91,CYCLE,182,1700,0,0,600,0.73913,0.005511,0.85,1,0.73913,0,79.13,26.09,0,0,1,0,0,0,76,1448,0.000003,1,0.4945,2,0,0,0,V1,0,0.742804,5786.263736,1,0,0,0.257196,0.257196,0,0,200
EDCF-Shield,v1a,FALCON1024+HMAC-SHA512+AES256GCM+DKG4of7,STOLEN_KEY,30,11.19,91,CUMULATIVE,182,154700,0,0,53565,0.742804,0.000002,0.852424,1,0.742804,0,79.42,25.72,0,0,1,0,0,0,76,1448,0.000003,1,0.4945,2,0,0,0,V1,0,0.742804,5786.263736,1,0,0,0.257196,0.257196,0,0,200
EDCF-Shield,v1a,FALCON1024+HMAC-SHA512+AES256GCM+DKG4of7,STOLEN_KEY,30,11.19,92,CYCLE,184,1700,0,0,600,0.73913,0.005451,0.85,1,0.73913,0,79.13,26.09,0,0,1,0,0,0,76,1448,0.000003,1,0.4946,2,0,0,0,V1,0,0.742764,5787.5,1,0,0,0.257236,0.257236,0,0,200
EDCF-Shield,v1a,FALCON1024+HMAC-SHA512+AES256GCM+DKG4of7,STOLEN_KEY,30,11.19,92,CUMULATIVE,184,156400,0,0,54165,0.742764,0.000002,0.852397,1,0.742764,0,79.42,25.72,0,0,1,0,0,0,76,1448,0.000003,1,0.4946,2,0,0,0,V1,0,0.742764,5787.5,1,0,0,0.257236,0.257236,0,0,200
EDCF-Shield,v1a,FALCON1024+HMAC-SHA512+AES256GCM+DKG4of7,STOLEN_KEY,30,11.19,93,CYCLE,186,1700,0,0,600,0.73913,0.005393,0.85,1,0.73913,0,79.13,26.09,0,0,1,0,0,0,76,1448,0.000003,1,0.4946,2,0,0,0,V1,0,0.742724,5788.709677,1,0,0,0.257276,0.257276,0,0,200
EDCF-Shield,v1a,FALCON1024+HMAC-SHA512+AES256GCM+DKG4of7,STOLEN_KEY,30,11.19,93,CUMULATIVE,186,158100,0,0,54765,0.742724,0.000002,0.852372,1,0.742724,0,79.42,25.73,0,0,1,0,0,0,76,1448,0.000003,1,0.4946,2,0,0,0,V1,0,0.742724,5788.709677,1,0,0,0.257276,0.257276,0,0,200
EDCF-Shield,v1a,FALCON1024+HMAC-SHA512+AES256GCM+DKG4of7,STOLEN_KEY,30,11.19,94,CYCLE,188,1700,0,0,600,0.73913,0.005335,0.85,1,0.73913,0,79.13,26.09,0,0,1,0,0,0,76,1448,0.000003,1,0.4947,2,0,0,0,V1,0,0.742686,5789.893617,1,0,0,0.257314,0.257314,0,0,200
EDCF-Shield,v1a,FALCON1024+HMAC-SHA512+AES256GCM+DKG4of7,STOLEN_KEY,30,11.19,94,CUMULATIVE,188,159800,0,0,55365,0.742686,0.000002,0.852346,1,0.742686,0,79.41,25.73,0,0,1,0,0,0,76,1448,0.000003,1,0.4947,2,0,0,0,V1,0,0.742686,5789.893617,1,0,0,0.257314,0.257314,0,0,200
EDCF-Shield,v1a,FALCON1024+HMAC-SHA512+AES256GCM+DKG4of7,STOLEN_KEY,30,11.19,95,CYCLE,190,1700,0,0,600,0.73913,0.005279,0.85,1,0.73913,0,79.13,26.09,0,0,1,0,0,0,76,1448,0.000003,1,0.4947,2,0,0,0,V1,0,0.742648,5791.052632,1,0,0,0.257352,0.257352,0,0,200
EDCF-Shield,v1a,FALCON1024+HMAC-SHA512+AES256GCM+DKG4of7,STOLEN_KEY,30,11.19,95,CUMULATIVE,190,161500,0,0,55965,0.742648,0.000002,0.852321,1,0.742648,0,79.41,25.74,0,0,1,0,0,0,76,1448,0.000003,1,0.4947,2,0,0,0,V1,0,0.742648,5791.052632,1,0,0,0.257352,0.257352,0,0,200
EDCF-Shield,v1a,FALCON1024+HMAC-SHA512+AES256GCM+DKG4of7,STOLEN_KEY,30,11.19,96,CYCLE,192,1700,0,0,600,0.73913,0.005224,0.85,1,0.73913,0,79.13,26.09,0,0,1,0,0,0,76,1448,0.000003,1,0.4948,2,0,0,0,V1,0,0.742611,5792.1875,1,0,0,0.257389,0.257389,0,0,200
EDCF-Shield,v1a,FALCON1024+HMAC-SHA512+AES256GCM+DKG4of7,STOLEN_KEY,30,11.19,96,CUMULATIVE,192,163200,0,0,56565,0.742611,0.000002,0.852297,1,0.742611,0,79.41,25.74,0,0,1,0,0,0,76,1448,0.000003,1,0.4948,2,0,0,0,V1,0,0.742611,5792.1875,1,0,0,0.257389,0.257389,0,0,200
EDCF-Shield,v1a,FALCON1024+HMAC-SHA512+AES256GCM+DKG4of7,STOLEN_KEY,30,11.19,97,CYCLE,194,1700,0,0,600,0.73913,0.005171,0.85,1,0.73913,0,79.13,26.09,0,0,1,0,0,0,76,1448,0.000003,1,0.4948,2,0,0,0,V1,0,0.742575,5793.298969,1,0,0,0.257425,0.257425,0,0,200
EDCF-Shield,v1a,FALCON1024+HMAC-SHA512+AES256GCM+DKG4of7,STOLEN_KEY,30,11.19,97,CUMULATIVE,194,164900,0,0,57165,0.742575,0.000002,0.852273,1,0.742575,0,79.41,25.74,0,0,1,0,0,0,76,1448,0.000003,1,0.4948,2,0,0,0,V1,0,0.742575,5793.298969,1,0,0,0.257425,0.257425,0,0,200
EDCF-Shield,v1a,FALCON1024+HMAC-SHA512+AES256GCM+DKG4of7,STOLEN_KEY,30,11.19,98,CYCLE,196,1700,0,0,600,0.73913,0.005118,0.85,1,0.73913,0,79.13,26.09,0,0,1,0,0,0,76,1448,0.000003,1,0.4949,2,0,0,0,V1,0,0.74254,5794.387755,1,0,0,0.25746,0.25746,0,0,200
EDCF-Shield,v1a,FALCON1024+HMAC-SHA512+AES256GCM+DKG4of7,STOLEN_KEY,30,11.19,98,CUMULATIVE,196,166600,0,0,57765,0.74254,0.000002,0.85225,1,0.74254,0,79.4,25.75,0,0,1,0,0,0,76,1448,0.000003,1,0.4949,2,0,0,0,V1,0,0.74254,5794.387755,1,0,0,0.25746,0.25746,0,0,200
EDCF-Shield,v1a,FALCON1024+HMAC-SHA512+AES256GCM+DKG4of7,STOLEN_KEY,30,11.19,99,CYCLE,198,1700,0,0,600,0.73913,0.005067,0.85,1,0.73913,0,79.13,26.09,0,0,1,0,0,0,76,1448,0.000003,1,0.4949,2,0,0,0,V1,0,0.742505,5795.454545,1,0,0,0.257495,0.257495,0,0,200
EDCF-Shield,v1a,FALCON1024+HMAC-SHA512+AES256GCM+DKG4of7,STOLEN_KEY,30,11.19,99,CUMULATIVE,198,168300,0,0,58365,0.742505,0.000002,0.852227,1,0.742505,0,79.4,25.75,0,0,1,0,0,0,76,1448,0.000003,1,0.4949,2,0,0,0,V1,0,0.742505,5795.454545,1,0,0,0.257495,0.257495,0,0,200
EDCF-Shield,v1a,FALCON1024+HMAC-SHA512+AES256GCM+DKG4of7,STOLEN_KEY,30,11.19,100,CYCLE,200,1700,0,0,600,0.73913,0.005016,0.85,1,0.73913,0,79.13,26.09,0,0,1,0,0,0,76,1448,0.000003,1,0.495,2,0,0,0,V1,0,0.742472,5796.5,1,0,0,0.257528,0.257528,0,0,200
EDCF-Shield,v1a,FALCON1024+HMAC-SHA512+AES256GCM+DKG4of7,STOLEN_KEY,30,11.19,100,CUMULATIVE,200,170000,0,0,58965,0.742472,0.000002,0.852205,1,0.742472,0,79.4,25.75,0,0,1,0,0,0,76,1448,0.000003,1,0.495,2,0,0,0,V1,0,0.742472,5796.5,1,0,0,0.257528,0.257528,0,0,200
EDCF-Shield,v1a,FALCON1024+HMAC-SHA512+AES256GCM+DKG4of7,STOLEN_KEY,30,11.19,101,CYCLE,202,1700,0,0,600,0.73913,0.004967,0.85,1,0.73913,0,79.13,26.09,0,0,1,0,0,0,76,1448,0.000003,1,0.495,2,0,0,0,V1,0,0.742438,5797.524752,1,0,0,0.257562,0.257562,0,0,200
EDCF-Shield,v1a,FALCON1024+HMAC-SHA512+AES256GCM+DKG4of7,STOLEN_KEY,30,11.19,101,CUMULATIVE,202,171700,0,0,59565,0.742438,0.000002,0.852183,1,0.742438,0,79.4,25.76,0,0,1,0,0,0,76,1448,0.000003,1,0.495,2,0,0,0,V1,0,0.742438,5797.524752,1,0,0,0.257562,0.257562,0,0,200
EDCF-Shield,v1a,FALCON1024+HMAC-SHA512+AES256GCM+DKG4of7,STOLEN_KEY,30,11.19,102,CYCLE,204,1700,0,0,600,0.73913,0.004918,0.85,1,0.73913,0,79.13,26.09,0,0,1,0,0,0,76,1448,0.000003,1,0.4951,2,0,0,0,V1,0,0.742406,5798.529412,1,0,0,0.257594,0.257594,0,0,200
EDCF-Shield,v1a,FALCON1024+HMAC-SHA512+AES256GCM+DKG4of7,STOLEN_KEY,30,11.19,102,CUMULATIVE,204,173400,0,0,60165,0.742406,0.000002,0.852162,1,0.742406,0,79.39,25.76,0,0,1,0,0,0,76,1448,0.000003,1,0.4951,2,0,0,0,V1,0,0.742406,5798.529412,1,0,0,0.257594,0.257594,0,0,200
EDCF-Shield,v1a,FALCON1024+HMAC-SHA512+AES256GCM+DKG4of7,STOLEN_KEY,30,11.19,103,CYCLE,206,1700,0,0,600,0.73913,0.004871,0.85,1,0.73913,0,79.13,26.09,0,0,1,0,0,0,76,1448,0.000003,1,0.4951,2,0,0,0,V1,0,0.742374,5799.514563,1,0,0,0.257626,0.257626,0,0,200
EDCF-Shield,v1a,FALCON1024+HMAC-SHA512+AES256GCM+DKG4of7,STOLEN_KEY,30,11.19,103,CUMULATIVE,206,175100,0,0,60765,0.742374,0.000002,0.852141,1,0.742374,0,79.39,25.76,0,0,1,0,0,0,76,1448,0.000003,1,0.4951,2,0,0,0,V1,0,0.742374,5799.514563,1,0,0,0.257626,0.257626,0,0,200
EDCF-Shield,v1a,FALCON1024+HMAC-SHA512+AES256GCM+DKG4of7,STOLEN_KEY,30,11.19,104,CYCLE,208,1700,0,0,600,0.73913,0.004824,0.85,1,0.73913,0,79.13,26.09,0,0,1,0,0,0,76,1448,0.000003,1,0.4952,2,0,0,0,V1,0,0.742342,5800.480769,1,0,0,0.257658,0.257658,0,0,200
EDCF-Shield,v1a,FALCON1024+HMAC-SHA512+AES256GCM+DKG4of7,STOLEN_KEY,30,11.19,104,CUMULATIVE,208,176800,0,0,61365,0.742342,0.000002,0.85212,1,0.742342,0,79.39,25.77,0,0,1,0,0,0,76,1448,0.000003,1,0.4952,2,0,0,0,V1,0,0.742342,5800.480769,1,0,0,0.257658,0.257658,0,0,200
EDCF-Shield,v1a,FALCON1024+HMAC-SHA512+AES256GCM+DKG4of7,STOLEN_KEY,30,11.19,105,CYCLE,210,1700,0,0,600,0.73913,0.004778,0.85,1,0.73913,0,79.13,26.09,0,0,1,0,0,0,76,1448,0.000003,1,0.4952,2,0,0,0,V1,0,0.742312,5801.428571,1,0,0,0.257688,0.257688,0,0,200
EDCF-Shield,v1a,FALCON1024+HMAC-SHA512+AES256GCM+DKG4of7,STOLEN_KEY,30,11.19,105,CUMULATIVE,210,178500,0,0,61965,0.742312,0.000002,0.8521,1,0.742312,0,79.38,25.77,0,0,1,0,0,0,76,1448,0.000003,1,0.4952,2,0,0,0,V1,0,0.742312,5801.428571,1,0,0,0.257688,0.257688,0,0,200
EDCF-Shield,v1a,FALCON1024+HMAC-SHA512+AES256GCM+DKG4of7,STOLEN_KEY,30,11.19,106,CYCLE,212,1700,0,0,600,0.73913,0.004733,0.85,1,0.73913,0,79.13,26.09,0,0,1,0,0,0,76,1448,0.000003,1,0.4953,2,0,0,0,V1,0,0.742282,5802.358491,1,0,0,0.257718,0.257718,0,0,200
EDCF-Shield,v1a,FALCON1024+HMAC-SHA512+AES256GCM+DKG4of7,STOLEN_KEY,30,11.19,106,CUMULATIVE,212,180200,0,0,62565,0.742282,0.000002,0.85208,1,0.742282,0,79.38,25.77,0,0,1,0,0,0,76,1448,0.000003,1,0.4953,2,0,0,0,V1,0,0.742282,5802.358491,1,0,0,0.257718,0.257718,0,0,200
EDCF-Shield,v1a,FALCON1024+HMAC-SHA512+AES256GCM+DKG4of7,STOLEN_KEY,30,11.19,107,CYCLE,214,1700,0,0,600,0.73913,0.004689,0.85,1,0.73913,0,79.13,26.09,0,0,1,0,0,0,76,1448,0.000003,1,0.4953,2,0,0,0,V1,0,0.742252,5803.271028,1,0,0,0.257748,0.257748,0,0,200
EDCF-Shield,v1a,FALCON1024+HMAC-SHA512+AES256GCM+DKG4of7,STOLEN_KEY,30,11.19,107,CUMULATIVE,214,181900,0,0,63165,0.742252,0.000002,0.85206,1,0.742252,0,79.38,25.77,0,0,1,0,0,0,76,1448,0.000003,1,0.4953,2,0,0,0,V1,0,0.742252,5803.271028,1,0,0,0.257748,0.257748,0,0,200
EDCF-Shield,v1a,FALCON1024+HMAC-SHA512+AES256GCM+DKG4of7,STOLEN_KEY,30,11.19,108,CYCLE,216,1700,0,0,600,0.73913,0.004646,0.85,1,0.73913,0,79.13,26.09,0,0,1,0,0,0,76,1448,0.000003,1,0.4954,2,0,0,0,V1,0,0.742223,5804.166667,1,0,0,0.257777,0.257777,0,0,200
EDCF-Shield,v1a,FALCON1024+HMAC-SHA512+AES256GCM+DKG4of7,STOLEN_KEY,30,11.19,108,CUMULATIVE,216,183600,0,0,63765,0.742223,0.000002,0.852041,1,0.742223,0,79.38,25.78,0,0,1,0,0,0,76,1448,0.000003,1,0.4954,2,0,0,0,V1,0,0.742223,5804.166667,1,0,0,0.257777,0.257777,0,0,200
EDCF-Shield,v1a,FALCON1024+HMAC-SHA512+AES256GCM+DKG4of7,STOLEN_KEY,30,11.19,109,CYCLE,218,1700,0,0,600,0.73913,0.004603,0.85,1,0.73913,0,79.13,26.09,0,0,1,0,0,0,76,1448,0.000003,1,0.4954,2,0,0,0,V1,0,0.742195,5805.045872,1,0,0,0.257805,0.257805,0,0,200
EDCF-Shield,v1a,FALCON1024+HMAC-SHA512+AES256GCM+DKG4of7,STOLEN_KEY,30,11.19,109,CUMULATIVE,218,185300,0,0,64365,0.742195,0.000002,0.852023,1,0.742195,0,79.38,25.78,0,0,1,0,0,0,76,1448,0.000003,1,0.4954,2,0,0,0,V1,0,0.742195,5805.045872,1,0,0,0.257805,0.257805,0,0,200
EDCF-Shield,v1a,FALCON1024+HMAC-SHA512+AES256GCM+DKG4of7,STOLEN_KEY,30,11.19,110,CYCLE,219.5,1020,0,0,330,0.755556,0.004562,0.860759,1,0.755556,0,80.44,24.44,0,0,1,0,0,0,76,1448,0.000003,1,0.4966,2,0,0,0,V1,0,0.742266,5794.76082,1,0,0,0.257734,0.257734,0,0,200
EDCF-Shield,v1a,FALCON1024+HMAC-SHA512+AES256GCM+DKG4of7,STOLEN_KEY,30,11.19,110,CUMULATIVE,219.5,186320,0,0,64695,0.742266,0.000002,0.85207,1,0.742266,0,79.38,25.77,0,0,1,0,0,0,76,1448,0.000003,1,0.4966,2,0,0,0,V1,0,0.742266,5794.76082,1,0,0,0.257734,0.257734,0,0,200
EDCF-Shield,v1a,FALCON1024+HMAC-SHA512+AES256GCM+DKG4of7,STOLEN_KEY,90,33.58,1,CYCLE,2,1100,0,0,0,1,0.5,1,1,1,0,100,0,0,0,1,0,0,0,76,1448,0,1,0,0,0,0,0,V1,0,1,-100,1,0,0,0,0,0,0,200
EDCF-Shield,v1a,FALCON1024+HMAC-SHA512+AES256GCM+DKG4of7,STOLEN_KEY,90,33.58,1,CUMULATIVE,2,1100,0,0,0,1,0.5,1,1,1,0,100,0,0,0,1,0,0,0,76,1448,0,1,0,0,0,0,0,V1,0,1,-100,1,0,0,0,0,0,0,200
EDCF-Shield,v1a,FALCON1024+HMAC-SHA512+AES256GCM+DKG4of7,STOLEN_KEY,90,33.58,2,CYCLE,4,1100,0,0,210,0.839695,0.250018,0.912863,1,0.839695,0,87.18,16.03,0,0,1,0,0,0,76,1448,0.5,1,0.25,2,0,0,0,V1,0,0.912863,950,1,0,0,0.087137,0.087137,0,0,200
EDCF-Shield,v1a,FALCON1024+HMAC-SHA512+AES256GCM+DKG4of7,STOLEN_KEY,90,33.58,2,CUMULATIVE,4,2200,0,0,210,0.912863,0.000042,0.954447,1,0.912863,0,93.03,8.71,0,0,1,0,0,0,76,1448,0.5,1,0.25,2,0,0,0,V1,0,0.912863,950,1,0,0,0.087137,0.087137,0,0,200
EDCF-Shield,v1a,FALCON1024+HMAC-SHA512+AES256GCM+DKG4of7,STOLEN_KEY,90,33.58,3,CYCLE,6,1100,0,0,610,0.643275,0.166682,0.782918,1,0.643275,0,71.46,35.67,0,0,1,0,0,0,76,1448,0.250021,1,0.3333,2,0,0,0,V1,0,0.800971,2633.333333,1,0,0,0.199029,0.199029,0,0,200
EDCF-Shield,v1a,FALCON1024+HMAC-SHA512+AES256GCM+DKG4of7,STOLEN_KEY,90,33.58,3,CUMULATIVE,6,3300,0,0,820,0.800971,0.000017,0.889488,1,0.800971,0,84.08,19.9,0,0,1,0,0,0,76,1448,0.250021,1,0.3333,2,0,0,0,V1,0,0.800971,2633.333333,1,0,0,0.199029,0.199029,0,0,200
EDCF-Shield,v1a,FALCON1024+HMAC-SHA512+AES256GCM+DKG4of7,STOLEN_KEY,90,33.58,4,CYCLE,8,1100,0,0,1010,0.521327,0.125012,0.685358,1,0.521327,0,61.71,47.87,0,0,1,0,0,0,76,1448,0,1,0.375,2,0,0,0,V1,0,0.70626,4475,1,0,0,0.29374,0.29374,0,0,200
EDCF-Shield,v1a,FALCON1024+HMAC-SHA512+AES256GCM+DKG4of7,STOLEN_KEY,90,33.58,4,CUMULATIVE,8,4400,0,0,1830,0.70626,0.000008,0.827846,1,0.70626,0,76.5,29.37,0,0,1,0,0,0,76,1448,0,1,0.375,2,0,0,0,V1,0,0.70626,4475,1,0,0,0.29374,0.29374,0,0,200
EDCF-Shield,v1a,FALCON1024+HMAC-SHA512+AES256GCM+DKG4of7,STOLEN_KEY,90,33.58,5,CYCLE,10,1100,0,0,1410,0.438247,0.100009,0.609418,1,0.438247,0,55.06,56.18,0,0,1,0,0,0,76,1448,0.000008,1,0.4,2,0,0,0,V1,0,0.629291,6380,1,0,0,0.370709,1.370709,0,0,200
EDCF-Shield,v1a,FALCON1024+HMAC-SHA512+AES256GCM+DKG4of7,STOLEN_KEY,90,33.58,5,CUMULATIVE,10,5500,0,0,3240,0.629291,0.000004,0.772472,1,0.629291,0,70.34,37.07,0,0,1,0,0,0,76,1448,0.000008,1,0.4,2,0,0,0,V1,0,0.629291,6380,1,0,0,0.370709,1.370709,0,0,200
EDCF-Shield,v1a,FALCON1024+HMAC-SHA512+AES256GCM+DKG4of7,STOLEN_KEY,90,33.58,6,CYCLE,12,1100,0,0,1755,0.385289,0.08334,0.556258,1,0.385289,0,50.82,61.47,0,0,1,0,0,0,76,1448,0,1,0.4167,2,0,0,0,V1,0,0.569211,8225,1,0,0,0.430789,1.430789,0,0,200
EDCF-Shield,v1a,FALCON1024+HMAC-SHA512+AES256GCM+DKG4of7,STOLEN_KEY,90,33.58,6,CUMULATIVE,12,6600,0,0,4995,0.569211,0.000002,0.725474,1,0.569211,0,65.54,43.08,0,0,1,0,0,0,76,1448,0,1,0.4167,2,0,0,0,V1,0,0.569211,8225,1,0,0,0.430789,1.430789,0,0,200
EDCF-Shield,v1a,FALCON1024+HMAC-SHA512+AES256GCM+DKG4of7,STOLEN_KEY,90,33.58,7,CYCLE,14,1100,0,0,1800,0.37931,0.071433,0.55,1,0.37931,0,50.34,62.07,0,0,1,0,0,0,76,1448,0.000002,1,0.4286,2,0,0,0,V1,0,0.531218,9607.142857,1,0,0,0.468782,1.468782,0,0,200
EDCF-Shield,v1a,FALCON1024+HMAC-SHA512+AES256GCM+DKG4of7,STOLEN_KEY,90,33.58,7,CUMULATIVE,14,7700,0,0,6795,0.531218,0.000001,0.69385,1,0.531218,0,62.5,46.88,0,0,1,0,0,0,76,1448,0.000002,1,0.4286,2,0,0,0,V1,0,0.531218,9607.142857,1,0,0,0.468782,1.468782,0,0,200
EDCF-Shield,v1a,FALCON1024+HMAC-SHA512+AES256GCM+DKG4of7,STOLEN_KEY,90,33.58,8,CYCLE,16,1100,0,0,1800,0.37931,0.062503,0.55,1,0.37931,0,50.34,62.07,0,0,1,0,0,0,76,1448,0.000001,1,0.4375,2,0,0,0,V1,0,0.505892,10643.75,1,0,0,0.494108,1.494108,0,0,200
EDCF-Shield,v1a,FALCON1024+HMAC-SHA512+AES256GCM+DKG4of7,STOLEN_KEY,90,33.58,8,CUMULATIVE,16,8800,0,0,8595,0.505892,0,0.671884,1,0.505892,0,60.47,49.41,0,0,1,0,0,0,76,1448,0.000001,1,0.4375,2,0,0,0,V1,0,0.505892,10643.75,1,0,0,0.494108,1.494108,0,0,200
EDCF-Shield,v1a,FALCON1024+HMAC-SHA512+AES256GCM+DKG4of7,STOLEN_KEY,90,33.58,9,CYCLE,18,320,1278,780,522,0.551034,0.055666,0.329557,0.290909,0.380048,71,50.34,62.07,0.109483,0.110334,1,3,0,0,76,1448,0.000001,1,0.4444,2,3,0,0,V1,1,0.487805,11450,1,0,0,0.512195,1.512195,0,0,200
EDCF-Shield,v1a,FALCON1024+HMAC-SHA512+AES256GCM+DKG4of7,STOLEN_KEY,90,33.58,9,CUMULATIVE,18,9120,1278,780,9117,0.512343,0.073117,0.648257,0.921212,0.500082,12.29,59.02,51.22,0.109483,0.110334,1,3,0,0,76,1448,0.000001,1,0.4444,2,3,0,0,V1,1,0.487805,11450,1,0,0,0.512195,1.512195,0,0,200
EDCF-Shield,v1a,FALCON1024+HMAC-SHA512+AES256GCM+DKG4of7,STOLEN_KEY,90,33.58,10,CYCLE,20,0,1800,1100,0,0.62069,0.0501,0,0,0,100,50.34,62.07,0.201532,0.20286,1,3,0,0,76,1448,0.01828,1,0.45,2,3,0,0,V1,1,0.47424,12095,1,0,0,0.52576,1.52576,0,0,200
EDCF-Shield,v1a,FALCON1024+HMAC-SHA512+AES256GCM+DKG4of7,STOLEN_KEY,90,33.58,10,CUMULATIVE,20,9120,3078,1880,9117,0.525889,0.099256,0.623867,0.829091,0.500082,25.24,57.94,52.58,0.201532,0.20286,1,3,0,0,76,1448,0.01828,1,0.45,2,3,0,0,V1,1,0.47424,12095,1,0,0,0.52576,1.52576,0,0,200
EDCF-Shield,v1a,FALCON1024+HMAC-SHA512+AES256GCM+DKG4of7,STOLEN_KEY,90,33.58,11,CYCLE,22,0,1800,1100,0,0.62069,0.045546,0,0,0,100,50.34,62.07,0.258464,0.25998,1,3,0,0,76,1448,0.034475,1,0.4545,2,3,0,0,V1,1,0.46369,12622.72727,1,0,0,0.53631,1.53631,0,0,200
EDCF-Shield,v1a,FALCON1024+HMAC-SHA512+AES256GCM+DKG4of7,STOLEN_KEY,90,33.58,11,CUMULATIVE,22,9120,4878,2980,9117,0.536425,0.111174,0.601246,0.753719,0.500082,34.86,57.1,53.63,0.258464,0.25998,1,3,0,0,76,1448,0.034475,1,0.4545,2,3,0,0,V1,1,0.46369,12622.72727,1,0,0,0.53631,1.53631,0,0,200
EDCF-Shield,v1a,FALCON1024+HMAC-SHA512+AES256GCM+DKG4of7,STOLEN_KEY,90,33.58,12,CYCLE,24,0,1800,1100,0,0.62069,0.041751,0,0,0,100,50.34,62.07,0.297157,0.298752,1,3,0,0,76,1448,0.047258,1,0.4583,2,3,0,0,V1,1,0.455251,13062.5,1,0,0,0.544749,1.544749,0,0,200
EDCF-Shield,v1a,FALCON1024+HMAC-SHA512+AES256GCM+DKG4of7,STOLEN_KEY,90,33.58,12,CUMULATIVE,24,9120,6678,4080,9117,0.544853,0.117211,0.580208,0.690909,0.500082,42.28,56.42,54.47,0.297157,0.298752,1,3,0,0,76,1448,0.047258,1,0.4583,2,3,0,0,V1,1,0.455251,13062.5,1,0,0,0.544749,1.544749,0,0,200
EDCF-Shield,v1a,FALCON1024+HMAC-SHA512+AES256GCM+DKG4of7,STOLEN_KEY,90,33.58,13,CYCLE,26,0,1800,1100,0,0.62069,0.03854,0,0,0,100,50.34,62.07,0.325164,0.326793,1,3,0,0,76,1448,0.057252,1,0.4615,2,3,0,0,V1,1,0.448346,13434.61539,1,0,0,0.551654,1.551654,0,0,200
EDCF-Shield,v1a,FALCON1024+HMAC-SHA512+AES256GCM+DKG4of7,STOLEN_KEY,90,33.58,13,CUMULATIVE,26,9120,8478,5180,9117,0.551748,0.120209,0.560593,0.637762,0.500082,48.18,55.87,55.17,0.325164,0.326793,1,3,0,0,76,1448,0.057252,1,0.4615,2,3,0,0,V1,1,0.448346,13434.61539,1,0,0,0.551654,1.551654,0,0,200
EDCF-Shield,v1a,FALCON1024+HMAC-SHA512+AES256GCM+DKG4of7,STOLEN_KEY,90,33.58,14,CYCLE,28,0,1800,1100,0,0.62069,0.035788,0,0,0,100,50.34,62.07,0.346375,0.348017,1,3,0,0,76,1448,0.065121,1,0.4643,2,3,0,0,V1,1,0.442592,13753.57143,1,0,0,0.557408,1.557408,0,0,200
EDCF-Shield,v1a,FALCON1024+HMAC-SHA512+AES256GCM+DKG4of7,STOLEN_KEY,90,33.58,14,CUMULATIVE,28,9120,10278,6280,9117,0.557494,0.121472,0.54226,0.592208,0.500082,52.99,55.41,55.74,0.346375,0.348017,1,3,0,0,76,1448,0.065121,1,0.4643,2,3,0,0,V1,1,0.442592,13753.57143,1,0,0,0.557408,1.557408,0,0,200
EDCF-Shield,v1a,FALCON1024+HMAC-SHA512+AES256GCM+DKG4of7,STOLEN_KEY,90,33.58,15,CYCLE,30,0,1800,1100,0,0.62069,0.033402,0,0,0,100,50.34,62.07,0.362997,0.364641,1,3,0,0,76,1448,0.071382,1,0.4667,2,3,0,0,V1,1,0.437724,14030,1,0,0,0.562276,1.562276,0,0,200
EDCF-Shield,v1a,FALCON1024+HMAC-SHA512+AES256GCM+DKG4of7,STOLEN_KEY,90,33.58,15,CUMULATIVE,30,9120,12078,7380,9117,0.562356,0.121688,0.525089,0.552727,0.500082,56.99,55.02,56.23,0.362997,0.364641,1,3,0,0,76,1448,0.071382,1,0.4667,2,3,0,0,V1,1,0.437724,14030,1,0,0,0.562276,1.562276,0,0,200
EDCF-Shield,v1a,FALCON1024+HMAC-SHA512+AES256GCM+DKG4of7,STOLEN_KEY,90,33.58,16,CYCLE,32,0,1800,1100,0,0.62069,0.031315,0,0,0,100,50.34,62.07,0.376373,0.378013,1,3,0,0,76,1448,0.076413,1,0.4688,2,3,0,0,V1,1,0.433551,14271.875,1,0,0,0.566449,1.566449,0,0,200
EDCF-Shield,v1a,FALCON1024+HMAC-SHA512+AES256GCM+DKG4of7,STOLEN_KEY,90,33.58,16,CUMULATIVE,32,9120,13878,8480,9117,0.566523,0.121251,0.508971,0.518182,0.500082,60.35,54.68,56.64,0.376373,0.378013,1,3,0,0,76,1448,0.076413,1,0.4688,2,3,0,0,V1,1,0.433551,14271.875,1,0,0,0.566449,1.566449,0,0,200
EDCF-Shield,v1a,FALCON1024+HMAC-SHA512+AES256GCM+DKG4of7,STOLEN_KEY,90,33.58,17,CYCLE,34,0,1800,1100,0,0.62069,0.029473,0,0,0,100,50.34,62.07,0.387369,0.389003,1,3,0,0,76,1448,0.080489,1,0.4706,2,3,0,0,V1,1,0.429934,14485.29412,1,0,0,0.570066,1.570066,0,0,200
EDCF-Shield,v1a,FALCON1024+HMAC-SHA512+AES256GCM+DKG4of7,STOLEN_KEY,90,33.58,17,CUMULATIVE,34,9120,15678,9580,9117,0.570134,0.1204,0.493814,0.487701,0.500082,63.23,54.39,57.01,0.387369,0.389003,1,3,0,0,76,1448,0.080489,1,0.4706,2,3,0,0,V1,1,0.429934,14485.29412,1,0,0,0.570066,1.570066,0,0,200
EDCF-Shield,v1a,FALCON1024+HMAC-SHA512+AES256GCM+DKG4of7,STOLEN_KEY,90,33.58,18,CYCLE,36,0,1800,1100,0,0.62069,0.027836,0,0,0,100,50.34,62.07,0.396569,0.398196,1,3,0,0,76,1448,0.083815,1,0.4722,2,3,0,0,V1,1,0.42677,14675,1,0,0,0.57323,1.57323,0,0,200
EDCF-Shield,v1a,FALCON1024+HMAC-SHA512+AES256GCM+DKG4of7,STOLEN_KEY,90,33.58,18,CUMULATIVE,36,9120,17478,10680,9117,0.573295,0.119286,0.479533,0.460606,0.500082,65.72,54.14,57.32,0.396569,0.398196,1,3,0,0,76,1448,0.083815,1,0.4722,2,3,0,0,V1,1,0.42677,14675,1,0,0,0.57323,1.57323,0,0,200
EDCF-Shield,v1a,FALCON1024+HMAC-SHA512+AES256GCM+DKG4of7,STOLEN_KEY,90,33.58,19,CYCLE,38,0,1800,1100,0,0.62069,0.026372,0,0,0,100,50.34,62.07,0.40438,0.405998,1,3,0,0,76,1448,0.086544,1,0.4737,2,3,0,0,V1,1,0.423978,14844.73684,1,0,0,0.576022,1.576022,0,0,200
EDCF-Shield,v1a,FALCON1024+HMAC-SHA512+AES256GCM+DKG4of7,STOLEN_KEY,90,33.58,19,CUMULATIVE,38,9120,19278,11780,9117,0.576083,0.118007,0.466055,0.436364,0.500082,67.89,53.92,57.6,0.40438,0.405998,1,3,0,0,76,1448,0.086544,1,0.4737,2,3,0,0,V1,1,0.423978,14844.73684,1,0,0,0.576022,1.576022,0,0,200
EDCF-Shield,v1a,FALCON1024+HMAC-SHA512+AES256GCM+DKG4of7,STOLEN_KEY,90,33.58,20,CYCLE,40,0,1800,1100,0,0.62069,0.025053,0,0,0,100,50.34,62.07,0.411094,0.412703,1,3,0,0,76,1448,0.088791,1,0.475,2,3,0,0,V1,1,0.421496,14997.5,1,0,0,0.578504,1.578504,0,0,200
EDCF-Shield,v1a,FALCON1024+HMAC-SHA512+AES256GCM+DKG4of7,STOLEN_KEY,90,33.58,20,CUMULATIVE,40,9120,21078,12880,9117,0.578561,0.116627,0.453314,0.414545,0.500082,69.81,53.72,57.85,0.411094,0.412703,1,3,0,0,76,1448,0.088791,1,0.475,2,3,0,0,V1,1,0.421496,14997.5,1,0,0,0.578504,1.578504,0,0,200
EDCF-Shield,v1a,FALCON1024+HMAC-SHA512+AES256GCM+DKG4of7,STOLEN_KEY,90,33.58,21,CYCLE,42,0,1800,1100,0,0.62069,0.023861,0,0,0,100,50.34,62.07,0.416926,0.418528,1,3,0,0,76,1448,0.090647,1,0.4762,2,3,0,0,V1,1,0.419276,15135.71429,1,0,0,0.580724,1.580724,0,0,200
EDCF-Shield,v1a,FALCON1024+HMAC-SHA512+AES256GCM+DKG4of7,STOLEN_KEY,90,33.58,21,CUMULATIVE,42,9120,22878,13980,9117,0.580779,0.115192,0.441251,0.394805,0.500082,71.5,53.54,58.07,0.416926,0.418528,1,3,0,0,76,1448,0.090647,1,0.4762,2,3,0,0,V1,1,0.419276,15135.71429,1,0,0,0.580724,1.580724,0,0,200
EDCF-Shield,v1a,FALCON1024+HMAC-SHA512+AES256GCM+DKG4of7,STOLEN_KEY,90,33.58,22,CYCLE,44,0,1800,1100,0,0.62069,0.022776,0,0,0,100,50.34,62.07,0.422041,0.423635,1,3,0,0,76,1448,0.092181,1,0.4773,2,3,0,0,V1,1,0.417277,15261.36364,1,0,0,0.582723,1.582723,0,0,200
EDCF-Shield,v1a,FALCON1024+HMAC-SHA512+AES256GCM+DKG4of7,STOLEN_KEY,90,33.58,22,CUMULATIVE,44,9120,24678,15080,9117,0.582774,0.113731,0.429814,0.37686,0.500082,73.02,53.38,58.27,0.422041,0.423635,1,3,0,0,76,1448,0.092181,1,0.4773,2,3,0,0,V1,1,0.417277,15261.36364,1,0,0,0.582723,1.582723,0,0,200
EDCF-Shield,v1a,FALCON1024+HMAC-SHA512+AES256GCM+DKG4of7,STOLEN_KEY,90,33.58,23,CYCLE,46,0,1800,1100,0,0.62069,0.021786,0,0,0,100,50.34,62.07,0.426562,0.428149,1,3,0,0,76,1448,0.093449,1,0.4783,2,3,0,0,V1,1,0.415469,15376.08696,1,0,0,0.584531,1.584531,0,0,200
EDCF-Shield,v1a,FALCON1024+HMAC-SHA512+AES256GCM+DKG4of7,STOLEN_KEY,90,33.58,23,CUMULATIVE,46,9120,26478,16180,9117,0.58458,0.112264,0.418954,0.360474,0.500082,74.39,53.24,58.45,0.426562,0.428149,1,3,0,0,76,1448,0.093449,1,0.4783,2,3,0,0,V1,1,0.415469,15376.08696,1,0,0,0.584531,1.584531,0,0,200
EDCF-Shield,v1a,FALCON1024+HMAC-SHA512+AES256GCM+DKG4of7,STOLEN_KEY,90,33.58,24,CYCLE,48,0,1800,1100,0,0.62069,0.020879,0,0,0,100,50.34,62.07,0.430588,0.432167,1,3,0,0,76,1448,0.094494,1,0.4792,2,3,0,0,V1,1,0.413826,15481.25,1,0,0,0.586174,1.586174,0,0,200
EDCF-Shield,v1a,FALCON1024+HMAC-SHA512+AES256GCM+DKG4of7,STOLEN_KEY,90,33.58,24,CUMULATIVE,48,9120,28278,17280,9117,0.586221,0.110806,0.40863,0.345455,0.500082,75.62,53.11,58.62,0.430588,0.432167,1,3,0,0,76,1448,0.094494,1,0.4792,2,3,0,0,V1,1,0.413826,15481.25,1,0,0,0.586174,1.586174,0,0,200
EDCF-Shield,v1a,FALCON1024+HMAC-SHA512+AES256GCM+DKG4of7,STOLEN_KEY,90,33.58,25,CYCLE,50,0,1800,1100,0,0.62069,0.020044,0,0,0,100,50.34,62.07,0.434195,0.435768,1,3,0,0,76,1448,0.095352,1,0.48,2,3,0,0,V1,1,0.412325,15578,1,0,0,0.587675,1.587675,0,0,200
EDCF-Shield,v1a,FALCON1024+HMAC-SHA512+AES256GCM+DKG4of7,STOLEN_KEY,90,33.58,25,CUMULATIVE,50,9120,30078,18380,9117,0.58772,0.109368,0.398802,0.331636,0.500082,76.74,52.99,58.77,0.434195,0.435768,1,3,0,0,76,1448,0.095352,1,0.48,2,3,0,0,V1,1,0.412325,15578,1,0,0,0.587675,1.587675,0,0,200
EDCF-Shield,v1a,FALCON1024+HMAC-SHA512+AES256GCM+DKG4of7,STOLEN_KEY,90,33.58,26,CYCLE,52,0,1800,1100,0,0.62069,0.019273,0,0,0,100,50.34,62.07,0.437446,0.439012,1,3,0,0,76,1448,0.096053,1,0.4808,2,3,0,0,V1,1,0.410949,15667.30769,1,0,0,0.589051,1.589051,0,0,200
EDCF-Shield,v1a,FALCON1024+HMAC-SHA512+AES256GCM+DKG4of7,STOLEN_KEY,90,33.58,26,CUMULATIVE,52,9120,31878,19480,9117,0.589094,0.107955,0.389436,0.318881,0.500082,77.76,52.88,58.91,0.437446,0.439012,1,3,0,0,76,1448,0.096053,1,0.4808,2,3,0,0,V1,1,0.410949,15667.30769,1,0,0,0.589051,1.589051,0,0,200
EDCF-Shield,v1a,FALCON1024+HMAC-SHA512+AES256GCM+DKG4of7,STOLEN_KEY,90,33.58,27,CYCLE,54,0,1800,1100,0,0.62069,0.01856,0,0,0,100,50.34,62.07,0.440391,0.441951,1,3,0,0,76,1448,0.09662,1,0.4815,2,3,0,0,V1,1,0.409683,15750,1,0,0,0.590317,1.590317,0,0,200
EDCF-Shield,v1a,FALCON1024+HMAC-SHA512+AES256GCM+DKG4of7,STOLEN_KEY,90,33.58,27,CUMULATIVE,54,9120,33678,20580,9117,0.590358,0.106571,0.380499,0.307071,0.500082,78.7,52.77,59.03,0.440391,0.441951,1,3,0,0,76,1448,0.09662,1,0.4815,2,3,0,0,V1,1,0.409683,15750,1,0,0,0.590317,1.590317,0,0,200
EDCF-Shield,v1a,FALCON1024+HMAC-SHA512+AES256GCM+DKG4of7,STOLEN_KEY,90,33.58,28,CYCLE,56,0,1800,1100,0,0.62069,0.017897,0,0,0,100,50.34,62.07,0.443071,0.444625,1,3,0,0,76,1448,0.097072,1,0.4821,2,3,0,0,V1,1,0.408515,15826.78571,1,0,0,0.591485,1.591485,0,0,200
EDCF-Shield,v1a,FALCON1024+HMAC-SHA512+AES256GCM+DKG4of7,STOLEN_KEY,90,33.58,28,CUMULATIVE,56,9120,35478,21680,9117,0.591525,0.105221,0.371964,0.296104,0.500082,79.56,52.68,59.15,0.443071,0.444625,1,3,0,0,76,1448,0.097072,1,0.4821,2,3,0,0,V1,1,0.408515,15826.78571,1,0,0,0.591485,1.591485,0,0,200
EDCF-Shield,v1a,FALCON1024+HMAC-SHA512+AES256GCM+DKG4of7,STOLEN_KEY,90,33.58,29,CYCLE,58,0,1800,1100,0,0.62069,0.01728,0,0,0,100,50.34,62.07,0.44552,0.44707,1,3,0,0,76,1448,0.097427,1,0.4828,2,3,0,0,V1,1,0.407433,15898.27586,1,0,0,0.592567,1.592567,0,0,200
EDCF-Shield,v1a,FALCON1024+HMAC-SHA512+AES256GCM+DKG4of7,STOLEN_KEY,90,33.58,29,CUMULATIVE,58,9120,37278,22780,9117,0.592605,0.103904,0.363803,0.285893,0.500082,80.35,52.59,59.26,0.44552,0.44707,1,3,0,0,76,1448,0.097427,1,0.4828,2,3,0,0,V1,1,0.407433,15898.27586,1,0,0,0.592567,1.592567,0,0,200
EDCF-Shield,v1a,FALCON1024+HMAC-SHA512+AES256GCM+DKG4of7,STOLEN_KEY,90,33.58,30,CYCLE,60,0,1800,1100,0,0.62069,0.016704,0,0,0,100,50.34,62.07,0.447767,0.449312,1,3,0,0,76,1448,0.097696,1,0.4833,2,3,0,0,V1,1,0.406429,15965,1,0,0,0.593571,1.593571,0,0,200
EDCF-Shield,v1a,FALCON1024+HMAC-SHA512+AES256GCM+DKG4of7,STOLEN_KEY,90,33.58,30,CUMULATIVE,60,9120,39078,23880,9117,0.593608,0.102623,0.355993,0.276364,0.500082,81.08,52.51,59.36,0.447767,0.449312,1,3,0,0,76,1448,0.097696,1,0.4833,2,3,0,0,V1,1,0.406429,15965,1,0,0,0.593571,1.593571,0,0,200
EDCF-Shield,v1a,FALCON1024+HMAC-SHA512+AES256GCM+DKG4of7,STOLEN_KEY,90,33.58,31,CYCLE,62,0,1800,1100,0,0.62069,0.016166,0,0,0,100,50.34,62.07,0.449837,0.451376,1,3,0,0,76,1448,0.097894,1,0.4839,2,3,0,0,V1,1,0.405494,16027.41936,1,0,0,0.594506,1.594506,0,0,200
EDCF-Shield,v1a,FALCON1024+HMAC-SHA512+AES256GCM+DKG4of7,STOLEN_KEY,90,33.58,31,CUMULATIVE,62,9120,40878,24980,9117,0.594542,0.101377,0.348511,0.267449,0.500082,81.76,52.44,59.45,0.449837,0.451376,1,3,0,0,76,1448,0.097894,1,0.4839,2,3,0,0,V1,1,0.405494,16027.41936,1,0,0,0.594506,1.594506,0,0,200
EDCF-Shield,v1a,FALCON1024+HMAC-SHA512+AES256GCM+DKG4of7,STOLEN_KEY,90,33.58,32,CYCLE,64,0,1800,1100,0,0.62069,0.015661,0,0,0,100,50.34,62.07,0.451748,0.453283,1,3,0,0,76,1448,0.098027,1,0.4844,2,3,0,0,V1,1,0.404621,16085.9375,1,0,0,0.595379,1.595379,0,0,200
EDCF-Shield,v1a,FALCON1024+HMAC-SHA512+AES256GCM+DKG4of7,STOLEN_KEY,90,33.58,32,CUMULATIVE,64,9120,42678,26080,9117,0.595414,0.100166,0.341337,0.259091,0.500082,82.4,52.37,59.54,0.451748,0.453283,1,3,0,0,76,1448,0.098027,1,0.4844,2,3,0,0,V1,1,0.404621,16085.9375,1,0,0,0.595379,1.595379,0,0,200
EDCF-Shield,v1a,FALCON1024+HMAC-SHA512+AES256GCM+DKG4of7,STOLEN_KEY,90,33.58,33,CYCLE,66,0,1800,1100,0,0.62069,0.015186,0,0,0,100,50.34,62.07,0.453519,0.45505,1,3,0,0,76,1448,0.098107,1,0.4848,2,3,0,0,V1,1,0.403804,16140.90909,1,0,0,0.596196,1.596196,0,0,200
EDCF-Shield,v1a,FALCON1024+HMAC-SHA512+AES256GCM+DKG4of7,STOLEN_KEY,90,33.58,33,CUMULATIVE,66,9120,44478,27180,9117,0.596229,0.09899,0.334452,0.25124,0.500082,82.99,52.3,59.62,0.453519,0.45505,1,3,0,0,76,1448,0.098107,1,0.4848,2,3,0,0,V1,1,0.403804,16140.90909,1,0,0,0.596196,1.596196,0,0,200
EDCF-Shield,v1a,FALCON1024+HMAC-SHA512+AES256GCM+DKG4of7,STOLEN_KEY,90,33.58,34,CYCLE,68,0,1800,1100,0,0.62069,0.01474,0,0,0,100,50.34,62.07,0.455165,0.456692,1,3,0,0,76,1448,0.098138,1,0.4853,2,3,0,0,V1,1,0.403039,16192.64706,1,0,0,0.596961,1.596961,0,0,200
EDCF-Shield,v1a,FALCON1024+HMAC-SHA512+AES256GCM+DKG4of7,STOLEN_KEY,90,33.58,34,CUMULATIVE,68,9120,46278,28280,9117,0.596993,0.097847,0.327839,0.24385,0.500082,83.54,52.24,59.7,0.455165,0.456692,1,3,0,0,76,1448,0.098138,1,0.4853,2,3,0,0,V1,1,0.403039,16192.64706,1,0,0,0.596961,1.596961,0,0,200
EDCF-Shield,v1a,FALCON1024+HMAC-SHA512+AES256GCM+DKG4of7,STOLEN_KEY,90,33.58,35,CYCLE,70,0,1800,1100,0,0.62069,0.014319,0,0,0,100,50.34,62.07,0.456698,0.458222,1,3,0,0,76,1448,0.098128,1,0.4857,2,3,0,0,V1,1,0.40232,16241.42857,1,0,0,0.59768,1.59768,0,0,200
EDCF-Shield,v1a,FALCON1024+HMAC-SHA512+AES256GCM+DKG4of7,STOLEN_KEY,90,33.58,35,CUMULATIVE,70,9120,48078,29380,9117,0.597711,0.096738,0.321483,0.236883,0.500082,84.06,52.19,59.77,0.456698,0.458222,1,3,0,0,76,1448,0.098128,1,0.4857,2,3,0,0,V1,1,0.40232,16241.42857,1,0,0,0.59768,1.59768,0,0,200
EDCF-Shield,v1a,FALCON1024+HMAC-SHA512+AES256GCM+DKG4of7,STOLEN_KEY,90,33.58,36,CYCLE,72,0,1800,1100,0,0.62069,0.013921,0,0,0,100,50.34,62.07,0.45813,0.45965,1,3,0,0,76,1448,0.098082,1,0.4861,2,3,0,0,V1,1,0.401643,16287.5,1,0,0,0.598357,1.598357,0,0,200
EDCF-Shield,v1a,FALCON1024+HMAC-SHA512+AES256GCM+DKG4of7,STOLEN_KEY,90,33.58,36,CUMULATIVE,72,9120,49878,30480,9117,0.598387,0.09566,0.315369,0.230303,0.500082,84.55,52.13,59.84,0.45813,0.45965,1,3,0,0,76,1448,0.098082,1,0.4861,2,3,0,0,V1,1,0.401643,16287.5,1,0,0,0.598357,1.598357,0,0,200
EDCF-Shield,v1a,FALCON1024+HMAC-SHA512+AES256GCM+DKG4of7,STOLEN_KEY,90,33.58,37,CYCLE,74,0,1800,1100,0,0.62069,0.013545,0,0,0,100,50.34,62.07,0.45947,0.460987,1,3,0,0,76,1448,0.098004,1,0.4865,2,3,0,0,V1,1,0.401005,16331.08108,1,0,0,0.598995,1.598995,0,0,200
EDCF-Shield,v1a,FALCON1024+HMAC-SHA512+AES256GCM+DKG4of7,STOLEN_KEY,90,33.58,37,CUMULATIVE,74,9120,51678,31580,9117,0.599025,0.094613,0.309483,0.224079,0.500082,85,52.08,59.9,0.45947,0.460987,1,3,0,0,76,1448,0.098004,1,0.4865,2,3,0,0,V1,1,0.401005,16331.08108,1,0,0,0.598995,1.598995,0,0,200
EDCF-Shield,v1a,FALCON1024+HMAC-SHA512+AES256GCM+DKG4of7,STOLEN_KEY,90,33.58,38,CYCLE,76,0,1800,1100,0,0.62069,0.013189,0,0,0,100,50.34,62.07,0.460727,0.462241,1,3,0,0,76,1448,0.097898,1,0.4868,2,3,0,0,V1,1,0.400402,16372.36842,1,0,0,0.599598,1.599598,0,0,200
EDCF-Shield,v1a,FALCON1024+HMAC-SHA512+AES256GCM+DKG4of7,STOLEN_KEY,90,33.58,38,CUMULATIVE,76,9120,53478,32680,9117,0.599626,0.093596,0.303813,0.218182,0.500082,85.43,52.03,59.96,0.460727,0.462241,1,3,0,0,76,1448,0.097898,1,0.4868,2,3,0,0,V1,1,0.400402,16372.36842,1,0,0,0.599598,1.599598,0,0,200
EDCF-Shield,v1a,FALCON1024+HMAC-SHA512+AES256GCM+DKG4of7,STOLEN_KEY,90,33.58,39,CYCLE,78,0,1800,1100,0,0.62069,0.012851,0,0,0,100,50.34,62.07,0.461909,0.463419,1,3,0,0,76,1448,0,1,0.4872,2,3,0,0,V1,1,0.399832,16411.53846,1,0,0,0.600168,1.600168,0,0,200
EDCF-Shield,v1a,FALCON1024+HMAC-SHA512+AES256GCM+DKG4of7,STOLEN_KEY,90,33.58,39,CUMULATIVE,78,9120,55278,33780,9117,0.600196,0.092608,0.298346,0.212587,0.500082,85.84,51.99,60.02,0.461909,0.463419,1,3,0,0,76,1448,0,1,0.4872,2,3,0,0,V1,1,0.399832,16411.53846,1,0,0,0.600168,1.600168,0,0,200
EDCF-Shield,v1a,FALCON1024+HMAC-SHA512+AES256GCM+DKG4of7,STOLEN_KEY,90,33.58,40,CYCLE,80,0,1800,1100,0,0.62069,0.01253,0,0,0,100,50.34,62.07,0.463021,0.464528,1,3,0,0,76,1448,0.092608,1,0.4875,2,3,0,0,V1,1,0.399292,16448.75,1,0,0,0.600708,1.600708,0,0,200
EDCF-Shield,v1a,FALCON1024+HMAC-SHA512+AES256GCM+DKG4of7,STOLEN_KEY,90,33.58,40,CUMULATIVE,80,9120,57078,34880,9117,0.600735,0.091648,0.293073,0.207273,0.500082,86.23,51.94,60.07,0.463021,0.464528,1,3,0,0,76,1448,0.092608,1,0.4875,2,3,0,0,V1,1,0.399292,16448.75,1,0,0,0.600708,1.600708,0,0,200
EDCF-Shield,v1a,FALCON1024+HMAC-SHA512+AES256GCM+DKG4of7,STOLEN_KEY,90,33.58,41,CYCLE,82,0,1800,1100,0,0.62069,0.012225,0,0,0,100,50.34,62.07,0.46407,0.465575,1,3,0,0,76,1448,0.092128,1,0.4878,2,3,0,0,V1,1,0.39878,16484.14634,1,0,0,0.60122,1.60122,0,0,200
EDCF-Shield,v1a,FALCON1024+HMAC-SHA512+AES256GCM+DKG4of7,STOLEN_KEY,90,33.58,41,CUMULATIVE,82,9120,58878,35980,9117,0.601247,0.090714,0.287983,0.202217,0.500082,86.59,51.9,60.12,0.46407,0.465575,1,3,0,0,76,1448,0.092128,1,0.4878,2,3,0,0,V1,1,0.39878,16484.14634,1,0,0,0.60122,1.60122,0,0,200
EDCF-Shield,v1a,FALCON1024+HMAC-SHA512+AES256GCM+DKG4of7,STOLEN_KEY,90,33.58,42,CYCLE,84,0,1800,1100,0,0.62069,0.011934,0,0,0,100,50.34,62.07,0.465062,0.466564,1,3,0,0,76,1448,0.091657,1,0.4881,2,3,0,0,V1,1,0.398293,16517.85714,1,0,0,0.601707,1.601707,0,0,200
EDCF-Shield,v1a,FALCON1024+HMAC-SHA512+AES256GCM+DKG4of7,STOLEN_KEY,90,33.58,42,CUMULATIVE,84,9120,60678,37080,9117,0.601733,0.089807,0.283067,0.197403,0.500082,86.94,51.86,60.17,0.465062,0.466564,1,3,0,0,76,1448,0.091657,1,0.4881,2,3,0,0,V1,1,0.398293,16517.85714,1,0,0,0.601707,1.601707,0,0,200
EDCF-Shield,v1a,FALCON1024+HMAC-SHA512+AES256GCM+DKG4of7,STOLEN_KEY,90,33.58,43,CYCLE,86,0,1800,1100,0,0.62069,0.011656,0,0,0,100,50.34,62.07,0.466,0.467499,1,3,0,0,76,1448,0.091194,1,0.4884,2,3,0,0,V1,1,0.39783,16550,1,0,0,0.60217,1.60217,0,0,200
EDCF-Shield,v1a,FALCON1024+HMAC-SHA512+AES256GCM+DKG4of7,STOLEN_KEY,90,33.58,43,CUMULATIVE,86,9120,62478,38180,9117,0.602195,0.088924,0.278316,0.192812,0.500082,87.27,51.83,60.22,0.466,0.467499,1,3,0,0,76,1448,0.091194,1,0.4884,2,3,0,0,V1,1,0.39783,16550,1,0,0,0.60217,1.60217,0,0,200
EDCF-Shield,v1a,FALCON1024+HMAC-SHA512+AES256GCM+DKG4of7,STOLEN_KEY,90,33.58,44,CYCLE,88,0,1800,1100,0,0.62069,0.011391,0,0,0,100,50.34,62.07,0.466889,0.468386,1,3,0,0,76,1448,0.09074,1,0.4886,2,3,0,0,V1,1,0.397389,16580.68182,1,0,0,0.602611,1.602611,0,0,200
EDCF-Shield,v1a,FALCON1024+HMAC-SHA512+AES256GCM+DKG4of7,STOLEN_KEY,90,33.58,44,CUMULATIVE,88,9120,64278,39280,9117,0.602636,0.088064,0.273722,0.18843,0.500082,87.58,51.79,60.26,0.466889,0.468386,1,3,0,0,76,1448,0.09074,1,0.4886,2,3,0,0,V1,1,0.397389,16580.68182,1,0,0,0.602611,1.602611,0,0,200
EDCF-Shield,v1a,FALCON1024+HMAC-SHA512+AES256GCM+DKG4of7,STOLEN_KEY,90,33.58,45,CYCLE,90,0,1800,1100,0,0.62069,0.011138,0,0,0,100,50.34,62.07,0.467733,0.469227,1,3,0,0,76,1448,0.090294,1,0.4889,2,3,0,0,V1,1,0.396969,16610,1,0,0,0.603031,1.603031,0,0,200
EDCF-Shield,v1a,FALCON1024+HMAC-SHA512+AES256GCM+DKG4of7,STOLEN_KEY,90,33.58,45,CUMULATIVE,90,9120,66078,40380,9117,0.603055,0.087228,0.269277,0.184242,0.500082,87.88,51.76,60.3,0.467733,0.469227,1,3,0,0,76,1448,0.090294,1,0.4889,2,3,0,0,V1,1,0.396969,16610,1,0,0,0.603031,1.603031,0,0,200
EDCF-Shield,v1a,FALCON1024+HMAC-SHA512+AES256GCM+DKG4of7,STOLEN_KEY,90,33.58,46,CYCLE,92,0,1800,1100,0,0.62069,0.010896,0,0,0,100,50.34,62.07,0.468535,0.470027,1,3,0,0,76,1448,0.089856,1,0.4891,2,3,0,0,V1,1,0.396567,16638.04348,1,0,0,0.603433,1.603433,0,0,200
EDCF-Shield,v1a,FALCON1024+HMAC-SHA512+AES256GCM+DKG4of7,STOLEN_KEY,90,33.58,46,CUMULATIVE,92,9120,67878,41480,9117,0.603456,0.086414,0.264974,0.180237,0.500082,88.16,51.73,60.34,0.468535,0.470027,1,3,0,0,76,1448,0.089856,1,0.4891,2,3,0,0,V1,1,0.396567,16638.04348,1,0,0,0.603433,1.603433,0,0,200
EDCF-Shield,v1a,FALCON1024+HMAC-SHA512+AES256GCM+DKG4of7,STOLEN_KEY,90,33.58,47,CYCLE,94,0,1800,1100,0,0.62069,0.010665,0,0,0,100,50.34,62.07,0.469297,0.470788,1,3,0,0,76,1448,0.089426,1,0.4894,2,3,0,0,V1,1,0.396184,16664.89362,1,0,0,0.603816,1.603816,0,0,200
EDCF-Shield,v1a,FALCON1024+HMAC-SHA512+AES256GCM+DKG4of7,STOLEN_KEY,90,33.58,47,CUMULATIVE,94,9120,69678,42580,9117,0.603839,0.08562,0.260806,0.176402,0.500082,88.43,51.69,60.38,0.469297,0.470788,1,3,0,0,76,1448,0.089426,1,0.4894,2,3,0,0,V1,1,0.396184,16664.89362,1,0,0,0.603816,1.603816,0,0,200
EDCF-Shield,v1a,FALCON1024+HMAC-SHA512+AES256GCM+DKG4of7,STOLEN_KEY,90,33.58,48,CYCLE,96,0,1800,1100,0,0.62069,0.010443,0,0,0,100,50.34,62.07,0.470024,0.471513,1,3,0,0,76,1448,0.089003,1,0.4896,2,3,0,0,V1,1,0.395817,16690.625,1,0,0,0.604183,1.604183,0,0,200
EDCF-Shield,v1a,FALCON1024+HMAC-SHA512+AES256GCM+DKG4of7,STOLEN_KEY,90,33.58,48,CUMULATIVE,96,9120,71478,43680,9117,0.604206,0.084847,0.256768,0.172727,0.500082,88.69,51.67,60.42,0.470024,0.471513,1,3,0,0,76,1448,0.089003,1,0.4896,2,3,0,0,V1,1,0.395817,16690.625,1,0,0,0.604183,1.604183,0,0,200
EDCF-Shield,v1a,FALCON1024+HMAC-SHA512+AES256GCM+DKG4of7,STOLEN_KEY,90,33.58,49,CYCLE,98,0,1800,1100,0,0.62069,0.01023,0,0,0,100,50.34,62.07,0.470717,0.472204,1,3,0,0,76,1448,0.088587,1,0.4898,2,3,0,0,V1,1,0.395466,16715.30612,1,0,0,0.604534,1.604534,0,0,200
EDCF-Shield,v1a,FALCON1024+HMAC-SHA512+AES256GCM+DKG4of7,STOLEN_KEY,90,33.58,49,CUMULATIVE,98,9120,73278,44780,9117,0.604556,0.084094,0.252852,0.169202,0.500082,88.94,51.64,60.45,0.470717,0.472204,1,3,0,0,76,1448,0.088587,1,0.4898,2,3,0,0,V1,1,0.395466,16715.30612,1,0,0,0.604534,1.604534,0,0,200
EDCF-Shield,v1a,FALCON1024+HMAC-SHA512+AES256GCM+DKG4of7,STOLEN_KEY,90,33.58,50,CYCLE,100,0,1800,1100,0,0.62069,0.010025,0,0,0,100,50.34,62.07,0.471379,0.472864,1,3,0,0,76,1448,0.088179,1,0.49,2,3,0,0,V1,1,0.395129,16739,1,0,0,0.604871,1.604871,0,0,200
EDCF-Shield,v1a,FALCON1024+HMAC-SHA512+AES256GCM+DKG4of7,STOLEN_KEY,90,33.58,50,CUMULATIVE,100,9120,75078,45880,9117,0.604892,0.083359,0.249054,0.165818,0.500082,89.17,51.61,60.49,0.471379,0.472864,1,3,0,0,76,1448,0.088179,1,0.49,2,3,0,0,V1,1,0.395129,16739,1,0,0,0.604871,1.604871,0,0,200
EDCF-Shield,v1a,FALCON1024+HMAC-SHA512+AES256GCM+DKG4of7,STOLEN_KEY,90,33.58,51,CYCLE,102,0,1800,1100,0,0.62069,0.009829,0,0,0,100,50.34,62.07,0.472012,0.473495,1,3,0,0,76,1448,0.087777,1,0.4902,2,3,0,0,V1,1,0.394806,16761.76471,1,0,0,0.605194,1.605194,0,0,200
EDCF-Shield,v1a,FALCON1024+HMAC-SHA512+AES256GCM+DKG4of7,STOLEN_KEY,90,33.58,51,CUMULATIVE,102,9120,76878,46980,9117,0.605215,0.082643,0.245369,0.162567,0.500082,89.4,51.58,60.52,0.472012,0.473495,1,3,0,0,76,1448,0.087777,1,0.4902,2,3,0,0,V1,1,0.394806,16761.76471,1,0,0,0.605194,1.605194,0,0,200
EDCF-Shield,v1a,FALCON1024+HMAC-SHA512+AES256GCM+DKG4of7,STOLEN_KEY,90,33.58,52,CYCLE,104,0,1800,1100,0,0.62069,0.00964,0,0,0,100,50.34,62.07,0.472617,0.474098,1,3,0,0,76,1448,0.087382,1,0.4904,2,3,0,0,V1,1,0.394496,16783.65385,1,0,0,0.605504,1.605504,0,0,200
EDCF-Shield,v1a,FALCON1024+HMAC-SHA512+AES256GCM+DKG4of7,STOLEN_KEY,90,33.58,52,CUMULATIVE,104,9120,78678,48080,9117,0.605524,0.081944,0.241791,0.159441,0.500082,89.62,51.56,60.55,0.472617,0.474098,1,3,0,0,76,1448,0.087382,1,0.4904,2,3,0,0,V1,1,0.394496,16783.65385,1,0,0,0.605504,1.605504,0,0,200
EDCF-Shield,v1a,FALCON1024+HMAC-SHA512+AES256GCM+DKG4of7,STOLEN_KEY,90,33.58,53,CYCLE,106,0,1800,1100,0,0.62069,0.009458,0,0,0,100,50.34,62.07,0.473197,0.474676,1,3,0,0,76,1448,0.086994,1,0.4906,2,3,0,0,V1,1,0.394199,16804.71698,1,0,0,0.605801,1.605801,0,0,200
EDCF-Shield,v1a,FALCON1024+HMAC-SHA512+AES256GCM+DKG4of7,STOLEN_KEY,90,33.58,53,CUMULATIVE,106,9120,80478,49180,9117,0.605822,0.081261,0.238316,0.156432,0.500082,89.82,51.54,60.58,0.473197,0.474676,1,3,0,0,76,1448,0.086994,1,0.4906,2,3,0,0,V1,1,0.394199,16804.71698,1,0,0,0.605801,1.605801,0,0,200
EDCF-Shield,v1a,FALCON1024+HMAC-SHA512+AES256GCM+DKG4of7,STOLEN_KEY,90,33.58,54,CYCLE,108,0,1800,1100,0,0.62069,0.009283,0,0,0,100,50.34,62.07,0.473752,0.47523,1,3,0,0,76,1448,0.086612,1,0.4907,2,3,0,0,V1,1,0.393912,16825,1,0,0,0.606088,1.606088,0,0,200
EDCF-Shield,v1a,FALCON1024+HMAC-SHA512+AES256GCM+DKG4of7,STOLEN_KEY,90,33.58,54,CUMULATIVE,108,9120,82278,50280,9117,0.606108,0.080595,0.23494,0.153535,0.500082,90.02,51.51,60.61,0.473752,0.47523,1,3,0,0,76,1448,0.086612,1,0.4907,2,3,0,0,V1,1,0.393912,16825,1,0,0,0.606088,1.606088,0,0,200
EDCF-Shield,v1a,FALCON1024+HMAC-SHA512+AES256GCM+DKG4of7,STOLEN_KEY,90,33.58,55,CYCLE,110,0,1800,1100,0,0.62069,0.009114,0,0,0,100,50.34,62.07,0.474285,0.475762,1,3,0,0,76,1448,0.086236,1,0.4909,2,3,0,0,V1,1,0.393637,16844.54546,1,0,0,0.606363,1.606363,0,0,200
EDCF-Shield,v1a,FALCON1024+HMAC-SHA512+AES256GCM+DKG4of7,STOLEN_KEY,90,33.58,55,CUMULATIVE,110,9120,84078,51380,9117,0.606383,0.079944,0.231657,0.150744,0.500082,90.22,51.49,60.64,0.474285,0.475762,1,3,0,0,76,1448,0.086236,1,0.4909,2,3,0,0,V1,1,0.393637,16844.54546,1,0,0,0.606363,1.606363,0,0,200
EDCF-Shield,v1a,FALCON1024+HMAC-SHA512+AES256GCM+DKG4of7,STOLEN_KEY,90,33.58,56,CYCLE,112,0,1800,1100,0,0.62069,0.008952,0,0,0,100,50.34,62.07,0.474797,0.476272,1,3,0,0,76,1448,0.085866,1,0.4911,2,3,0,0,V1,1,0.393371,16863.39286,1,0,0,0.606629,1.606629,0,0,200
EDCF-Shield,v1a,FALCON1024+HMAC-SHA512+AES256GCM+DKG4of7,STOLEN_KEY,90,33.58,56,CUMULATIVE,112,9120,85878,52480,9117,0.606648,0.079309,0.228465,0.148052,0.500082,90.4,51.47,60.66,0.474797,0.476272,1,3,0,0,76,1448,0.085866,1,0.4911,2,3,0,0,V1,1,0.393371,16863.39286,1,0,0,0.606629,1.606629,0,0,200
EDCF-Shield,v1a,FALCON1024+HMAC-SHA512+AES256GCM+DKG4of7,STOLEN_KEY,90,33.58,57,CYCLE,114,0,1800,1100,0,0.62069,0.008795,0,0,0,100,50.34,62.07,0.475289,0.476762,1,3,0,0,76,1448,0.085501,1,0.4912,2,3,0,0,V1,1,0.393116,16881.57895,1,0,0,0.606884,1.606884,0,0,200
EDCF-Shield,v1a,FALCON1024+HMAC-SHA512+AES256GCM+DKG4of7,STOLEN_KEY,90,33.58,57,CUMULATIVE,114,9120,87678,53580,9117,0.606903,0.078687,0.22536,0.145455,0.500082,90.58,51.45,60.69,0.475289,0.476762,1,3,0,0,76,1448,0.085501,1,0.4912,2,3,0,0,V1,1,0.393116,16881.57895,1,0,0,0.606884,1.606884,0,0,200
EDCF-Shield,v1a,FALCON1024+HMAC-SHA512+AES256GCM+DKG4of7,STOLEN_KEY,90,33.58,58,CYCLE,116,0,1800,1100,0,0.62069,0.008643,0,0,0,100,50.34,62.07,0.475762,0.477234,1,3,0,0,76,1448,0.085143,1,0.4914,2,3,0,0,V1,1,0.392869,16899.13793,1,0,0,0.607131,1.607131,0,0,200
EDCF-Shield,v1a,FALCON1024+HMAC-SHA512+AES256GCM+DKG4of7,STOLEN_KEY,90,33.58,58,CUMULATIVE,116,9120,89478,54680,9117,0.607149,0.07808,0.222339,0.142947,0.500082,90.75,51.43,60.71,0.475762,0.477234,1,3,0,0,76,1448,0.085143,1,0.4914,2,3,0,0,V1,1,0.392869,16899.13793,1,0,0,0.607131,1.607131,0,0,200
EDCF-Shield,v1a,FALCON1024+HMAC-SHA512+AES256GCM+DKG4of7,STOLEN_KEY,90,33.58,59,CYCLE,118,0,1800,1100,0,0.62069,0.008497,0,0,0,100,50.34,62.07,0.476217,0.477688,1,3,0,0,76,1448,0.08479,1,0.4915,2,3,0,0,V1,1,0.392631,16916.1017,1,0,0,0.607369,1.607369,0,0,200
EDCF-Shield,v1a,FALCON1024+HMAC-SHA512+AES256GCM+DKG4of7,STOLEN_KEY,90,33.58,59,CUMULATIVE,118,9120,91278,55780,9117,0.607387,0.077486,0.219397,0.140524,0.500082,90.92,51.41,60.74,0.476217,0.477688,1,3,0,0,76,1448,0.08479,1,0.4915,2,3,0,0,V1,1,0.392631,16916.1017,1,0,0,0.607369,1.607369,0,0,200
EDCF-Shield,v1a,FALCON1024+HMAC-SHA512+AES256GCM+DKG4of7,STOLEN_KEY,90,33.58,60,CYCLE,120,0,1800,1100,0,0.62069,0.008355,0,0,0,100,50.34,62.07,0.476656,0.478125,1,3,0,0,76,1448,0.084442,1,0.4917,2,3,0,0,V1,1,0.392402,16932.5,1,0,0,0.607598,1.607598,0,0,200
EDCF-Shield,v1a,FALCON1024+HMAC-SHA512+AES256GCM+DKG4of7,STOLEN_KEY,90,33.58,60,CUMULATIVE,120,9120,93078,56880,9117,0.607616,0.076905,0.216532,0.138182,0.500082,91.08,51.39,60.76,0.476656,0.478125,1,3,0,0,76,1448,0.084442,1,0.4917,2,3,0,0,V1,1,0.392402,16932.5,1,0,0,0.607598,1.607598,0,0,200
EDCF-Shield,v1a,FALCON1024+HMAC-SHA512+AES256GCM+DKG4of7,STOLEN_KEY,90,33.58,61,CYCLE,122,0,1800,1100,0,0.62069,0.008219,0,0,0,100,50.34,62.07,0.477078,0.478546,1,3,0,0,76,1448,0.084099,1,0.4918,2,3,0,0,V1,1,0.39218,16948.36066,1,0,0,0.60782,1.60782,0,0,200
EDCF-Shield,v1a,FALCON1024+HMAC-SHA512+AES256GCM+DKG4of7,STOLEN_KEY,90,33.58,61,CUMULATIVE,122,9120,94878,57980,9117,0.607838,0.076337,0.213741,0.135917,0.500082,91.23,51.37,60.78,0.477078,0.478546,1,3,0,0,76,1448,0.084099,1,0.4918,2,3,0,0,V1,1,0.39218,16948.36066,1,0,0,0.60782,1.60782,0,0,200
EDCF-Shield,v1a,FALCON1024+HMAC-SHA512+AES256GCM+DKG4of7,STOLEN_KEY,90,33.58,62,CYCLE,124,0,1800,1100,0,0.62069,0.008086,0,0,0,100,50.34,62.07,0.477486,0.478953,1,3,0,0,76,1448,0.083762,1,0.4919,2,3,0,0,V1,1,0.391965,16963.70968,1,0,0,0.608035,1.608035,0,0,200
EDCF-Shield,v1a,FALCON1024+HMAC-SHA512+AES256GCM+DKG4of7,STOLEN_KEY,90,33.58,62,CUMULATIVE,124,9120,96678,59080,9117,0.608052,0.07578,0.211021,0.133724,0.500082,91.38,51.36,60.8,0.477486,0.478953,1,3,0,0,76,1448,0.083762,1,0.4919,2,3,0,0,V1,1,0.391965,16963.70968,1,0,0,0.608035,1.608035,0,0,200
EDCF-Shield,v1a,FALCON1024+HMAC-SHA512+AES256GCM+DKG4of7,STOLEN_KEY,90,33.58,63,CYCLE,126,0,1800,1100,0,0.62069,0.007958,0,0,0,100,50.34,62.07,0.477879,0.479345,1,3,0,0,76,1448,0.083429,1,0.4921,2,3,0,0,V1,1,0.391758,16978.57143,1,0,0,0.608242,1.608242,0,0,200
EDCF-Shield,v1a,FALCON1024+HMAC-SHA512+AES256GCM+DKG4of7,STOLEN_KEY,90,33.58,63,CUMULATIVE,126,9120,98478,60180,9117,0.608259,0.075236,0.208369,0.131602,0.500082,91.53,51.34,60.82,0.477879,0.479345,1,3,0,0,76,1448,0.083429,1,0.4921,2,3,0,0,V1,1,0.391758,16978.57143,1,0,0,0.608242,1.608242,0,0,200
EDCF-Shield,v1a,FALCON1024+HMAC-SHA512+AES256GCM+DKG4of7,STOLEN_KEY,90,33.58,64,CYCLE,128,0,1800,1100,0,0.62069,0.007834,0,0,0,100,50.34,62.07,0.478259,0.479723,1,3,0,0,76,1448,0.083101,1,0.4922,2,3,0,0,V1,1,0.391557,16992.96875,1,0,0,0.608443,1.608443,0,0,200
EDCF-Shield,v1a,FALCON1024+HMAC-SHA512+AES256GCM+DKG4of7,STOLEN_KEY,90,33.58,64,CUMULATIVE,128,9120,100278,61280,9117,0.60846,0.074703,0.205783,0.129545,0.500082,91.67,51.32,60.84,0.478259,0.479723,1,3,0,0,76,1448,0.083101,1,0.4922,2,3,0,0,V1,1,0.391557,16992.96875,1,0,0,0.608443,1.608443,0,0,200
EDCF-Shield,v1a,FALCON1024+HMAC-SHA512+AES256GCM+DKG4of7,STOLEN_KEY,90,33.58,65,CYCLE,130,0,1800,1100,0,0.62069,0.007713,0,0,0,100,50.34,62.07,0.478626,0.480089,1,3,0,0,76,1448,0.082778,1,0.4923,2,3,0,0,V1,1,0.391363,17006.92308,1,0,0,0.608637,1.608637,0,0,200
EDCF-Shield,v1a,FALCON1024+HMAC-SHA512+AES256GCM+DKG4of7,STOLEN_KEY,90,33.58,65,CUMULATIVE,130,9120,102078,62380,9117,0.608654,0.07418,0.203261,0.127552,0.500082,91.8,51.31,60.86,0.478626,0.480089,1,3,0,0,76,1448,0.082778,1,0.4923,2,3,0,0,V1,1,0.391363,17006.92308,1,0,0,0.608637,1.608637,0,0,200
EDCF-Shield,v1a,FALCON1024+HMAC-SHA512+AES256GCM+DKG4of7,STOLEN_KEY,90,33.58,66,CYCLE,132,0,1800,1100,0,0.62069,0.007596,0,0,0,100,50.34,62.07,0.478981,0.480443,1,3,0,0,76,1448,0.08246,1,0.4924,2,3,0,0,V1,1,0.391174,17020.45455,1,0,0,0.608826,1.608826,0,0,200
EDCF-Shield,v1a,FALCON1024+HMAC-SHA512+AES256GCM+DKG4of7,STOLEN_KEY,90,33.58,66,CUMULATIVE,132,9120,103878,63480,9117,0.608842,0.073668,0.200799,0.12562,0.500082,91.93,51.29,60.88,0.478981,0.480443,1,3,0,0,76,1448,0.08246,1,0.4924,2,3,0,0,V1,1,0.391174,17020.45455,1,0,0,0.608826,1.608826,0,0,200
EDCF-Shield,v1a,FALCON1024+HMAC-SHA512+AES256GCM+DKG4of7,STOLEN_KEY,90,33.58,67,CYCLE,134,0,1800,1100,0,0.62069,0.007483,0,0,0,100,50.34,62.07,0.479324,0.480785,1,3,0,0,76,1448,0.082146,1,0.4925,2,3,0,0,V1,1,0.390992,17033.58209,1,0,0,0.609008,1.609008,0,0,200
EDCF-Shield,v1a,FALCON1024+HMAC-SHA512+AES256GCM+DKG4of7,STOLEN_KEY,90,33.58,67,CUMULATIVE,134,9120,105678,64580,9117,0.609024,0.073167,0.198397,0.123745,0.500082,92.06,51.28,60.9,0.479324,0.480785,1,3,0,0,76,1448,0.082146,1,0.4925,2,3,0,0,V1,1,0.390992,17033.58209,1,0,0,0.609008,1.609008,0,0,200
EDCF-Shield,v1a,FALCON1024+HMAC-SHA512+AES256GCM+DKG4of7,STOLEN_KEY,90,33.58,68,CYCLE,136,0,1800,1100,0,0.62069,0.007373,0,0,0,100,50.34,62.07,0.479656,0.481116,1,3,0,0,76,1448,0.081836,1,0.4926,2,3,0,0,V1,1,0.390815,17046.32353,1,0,0,0.609185,1.609185,0,0,200
EDCF-Shield,v1a,FALCON1024+HMAC-SHA512+AES256GCM+DKG4of7,STOLEN_KEY,90,33.58,68,CUMULATIVE,136,9120,107478,65680,9117,0.609201,0.072675,0.196051,0.121925,0.500082,92.18,51.27,60.92,0.479656,0.481116,1,3,0,0,76,1448,0.081836,1,0.4926,2,3,0,0,V1,1,0.390815,17046.32353,1,0,0,0.609185,1.609185,0,0,200
EDCF-Shield,v1a,FALCON1024+HMAC-SHA512+AES256GCM+DKG4of7,STOLEN_KEY,90,33.58,69,CYCLE,138,0,1800,1100,0,0.62069,0.007267,0,0,0,100,50.34,62.07,0.479978,0.481437,1,3,0,0,76,1448,0.081531,1,0.4928,2,3,0,0,V1,1,0.390643,17058.69565,1,0,0,0.609357,1.609357,0,0,200
EDCF-Shield,v1a,FALCON1024+HMAC-SHA512+AES256GCM+DKG4of7,STOLEN_KEY,90,33.58,69,CUMULATIVE,138,9120,109278,66780,9117,0.609372,0.072193,0.19376,0.120158,0.500082,92.3,51.25,60.94,0.479978,0.481437,1,3,0,0,76,1448,0.081531,1,0.4928,2,3,0,0,V1,1,0.390643,17058.69565,1,0,0,0.609357,1.609357,0,0,200
EDCF-Shield,v1a,FALCON1024+HMAC-SHA512+AES256GCM+DKG4of7,STOLEN_KEY,90,33.58,70,CYCLE,140,0,1800,1100,0,0.62069,0.007163,0,0,0,100,50.34,62.07,0.48029,0.481748,1,3,0,0,76,1448,0.08123,1,0.4929,2,3,0,0,V1,1,0.390476,17070.71429,1,0,0,0.609524,1.609524,0,0,200
EDCF-Shield,v1a,FALCON1024+HMAC-SHA512+AES256GCM+DKG4of7,STOLEN_KEY,90,33.58,70,CUMULATIVE,140,9120,111078,67880,9117,0.609539,0.07172,0.191522,0.118442,0.500082,92.41,51.24,60.95,0.48029,0.481748,1,3,0,0,76,1448,0.08123,1,0.4929,2,3,0,0,V1,1,0.390476,17070.71429,1,0,0,0.609524,1.609524,0,0,200
EDCF-Shield,v1a,FALCON1024+HMAC-SHA512+AES256GCM+DKG4of7,STOLEN_KEY,90,33.58,71,CYCLE,142,0,1800,1100,0,0.62069,0.007062,0,0,0,100,50.34,62.07,0.480592,0.482049,1,3,0,0,76,1448,0.080933,1,0.493,2,3,0,0,V1,1,0.390315,17082.39437,1,0,0,0.609685,1.609685,0,0,200
EDCF-Shield,v1a,FALCON1024+HMAC-SHA512+AES256GCM+DKG4of7,STOLEN_KEY,90,33.58,71,CUMULATIVE,142,9120,112878,68980,9117,0.6097,0.071257,0.189335,0.116773,0.500082,92.53,51.23,60.97,0.480592,0.482049,1,3,0,0,76,1448,0.080933,1,0.493,2,3,0,0,V1,1,0.390315,17082.39437,1,0,0,0.609685,1.609685,0,0,200
EDCF-Shield,v1a,FALCON1024+HMAC-SHA512+AES256GCM+DKG4of7,STOLEN_KEY,90,33.58,72,CYCLE,144,0,1800,1100,0,0.62069,0.006964,0,0,0,100,50.34,62.07,0.480885,0.482341,1,3,0,0,76,1448,0.080639,1,0.4931,2,3,0,0,V1,1,0.390157,17093.75,1,0,0,0.609843,1.609843,0,0,200
EDCF-Shield,v1a,FALCON1024+HMAC-SHA512+AES256GCM+DKG4of7,STOLEN_KEY,90,33.58,72,CUMULATIVE,144,9120,114678,70080,9117,0.609857,0.070801,0.187198,0.115152,0.500082,92.64,51.21,60.98,0.480885,0.482341,1,3,0,0,76,1448,0.080639,1,0.4931,2,3,0,0,V1,1,0.390157,17093.75,1,0,0,0.609843,1.609843,0,0,200
EDCF-Shield,v1a,FALCON1024+HMAC-SHA512+AES256GCM+DKG4of7,STOLEN_KEY,90,33.58,73,CYCLE,146,0,1800,1100,0,0.62069,0.006869,0,0,0,100,50.34,62.07,0.481169,0.482624,1,3,0,0,76,1448,0.08035,1,0.4932,2,3,0,0,V1,1,0.390005,17104.79452,1,0,0,0.609995,1.609995,0,0,200
EDCF-Shield,v1a,FALCON1024+HMAC-SHA512+AES256GCM+DKG4of7,STOLEN_KEY,90,33.58,73,CUMULATIVE,146,9120,116478,71180,9117,0.61001,0.070355,0.185108,0.113574,0.500082,92.74,51.2,61,0.481169,0.482624,1,3,0,0,76,1448,0.08035,1,0.4932,2,3,0,0,V1,1,0.390005,17104.79452,1,0,0,0.609995,1.609995,0,0,200
EDCF-Shield,v1a,FALCON1024+HMAC-SHA512+AES256GCM+DKG4of7,STOLEN_KEY,90,33.58,74,CYCLE,148,0,1800,1100,0,0.62069,0.006776,0,0,0,100,50.34,62.07,0.481445,0.482899,1,3,0,0,76,1448,0.080064,1,0.4932,2,3,0,0,V1,1,0.389856,17115.54054,1,0,0,0.610144,1.610144,0,0,200
EDCF-Shield,v1a,FALCON1024+HMAC-SHA512+AES256GCM+DKG4of7,STOLEN_KEY,90,33.58,74,CUMULATIVE,148,9120,118278,72280,9117,0.610158,0.069916,0.183065,0.112039,0.500082,92.84,51.19,61.01,0.481445,0.482899,1,3,0,0,76,1448,0.080064,1,0.4932,2,3,0,0,V1,1,0.389856,17115.54054,1,0,0,0.610144,1.610144,0,0,200
EDCF-Shield,v1a,FALCON1024+HMAC-SHA512+AES256GCM+DKG4of7,STOLEN_KEY,90,33.58,75,CYCLE,150,0,1800,1100,0,0.62069,0.006686,0,0,0,100,50.34,62.07,0.481713,0.483167,1,3,0,0,76,1448,0.079783,1,0.4933,2,3,0,0,V1,1,0.389712,17126,1,0,0,0.610288,1.610288,0,0,200
EDCF-Shield,v1a,FALCON1024+HMAC-SHA512+AES256GCM+DKG4of7,STOLEN_KEY,90,33.58,75,CUMULATIVE,150,9120,120078,73380,9117,0.610303,0.069486,0.181066,0.110545,0.500082,92.94,51.18,61.03,0.481713,0.483167,1,3,0,0,76,1448,0.079783,1,0.4933,2,3,0,0,V1,1,0.389712,17126,1,0,0,0.610288,1.610288,0,0,200
EDCF-Shield,v1a,FALCON1024+HMAC-SHA512+AES256GCM+DKG4of7,STOLEN_KEY,90,33.58,76,CYCLE,152,0,1800,1100,0,0.62069,0.006598,0,0,0,100,50.34,62.07,0.481973,0.483426,1,3,0,0,76,1448,0.079504,1,0.4934,2,3,0,0,V1,1,0.389571,17136.18421,1,0,0,0.610429,1.610429,0,0,200
EDCF-Shield,v1a,FALCON1024+HMAC-SHA512+AES256GCM+DKG4of7,STOLEN_KEY,90,33.58,76,CUMULATIVE,152,9120,121878,74480,9117,0.610443,0.069063,0.17911,0.109091,0.500082,93.04,51.17,61.04,0.481973,0.483426,1,3,0,0,76,1448,0.079504,1,0.4934,2,3,0,0,V1,1,0.389571,17136.18421,1,0,0,0.610429,1.610429,0,0,200
EDCF-Shield,v1a,FALCON1024+HMAC-SHA512+AES256GCM+DKG4of7,STOLEN_KEY,90,33.58,77,CYCLE,154,0,1800,1100,0,0.62069,0.006512,0,0,0,100,50.34,62.07,0.482226,0.483678,1,3,0,0,76,1448,0.079229,1,0.4935,2,3,0,0,V1,1,0.389434,17146.1039,1,0,0,0.610566,1.610566,0,0,200
EDCF-Shield,v1a,FALCON1024+HMAC-SHA512+AES256GCM+DKG4of7,STOLEN_KEY,90,33.58,77,CUMULATIVE,154,9120,123678,75580,9117,0.61058,0.068648,0.177196,0.107674,0.500082,93.13,51.15,61.06,0.482226,0.483678,1,3,0,0,76,1448,0.079229,1,0.4935,2,3,0,0,V1,1,0.389434,17146.1039,1,0,0,0.610566,1.610566,0,0,200
EDCF-Shield,v1a,FALCON1024+HMAC-SHA512+AES256GCM+DKG4of7,STOLEN_KEY,90,33.58,78,CYCLE,156,0,1800,1100,0,0.62069,0.006429,0,0,0,100,50.34,62.07,0.482472,0.483924,1,3,0,0,76,1448,0.078958,1,0.4936,2,3,0,0,V1,1,0.389301,17155.76923,1,0,0,0.610699,1.610699,0,0,200
EDCF-Shield,v1a,FALCON1024+HMAC-SHA512+AES256GCM+DKG4of7,STOLEN_KEY,90,33.58,78,CUMULATIVE,156,9120,125478,76680,9117,0.610713,0.06824,0.175322,0.106294,0.500082,93.23,51.14,61.07,0.482472,0.483924,1,3,0,0,76,1448,0.078958,1,0.4936,2,3,0,0,V1,1,0.389301,17155.76923,1,0,0,0.610699,1.610699,0,0,200
EDCF-Shield,v1a,FALCON1024+HMAC-SHA512+AES256GCM+DKG4of7,STOLEN_KEY,90,33.58,79,CYCLE,158,0,1800,1100,0,0.62069,0.006348,0,0,0,100,50.34,62.07,0.482712,0.484162,1,3,0,0,76,1448,0.07869,1,0.4937,2,3,0,0,V1,1,0.389171,17165.18987,1,0,0,0.610829,1.610829,0,0,200
EDCF-Shield,v1a,FALCON1024+HMAC-SHA512+AES256GCM+DKG4of7,STOLEN_KEY,90,33.58,79,CUMULATIVE,158,9120,127278,77780,9117,0.610842,0.06784,0.173488,0.104948,0.500082,93.32,51.13,61.08,0.482712,0.484162,1,3,0,0,76,1448,0.07869,1,0.4937,2,3,0,0,V1,1,0.389171,17165.18987,1,0,0,0.610829,1.610829,0,0,200
EDCF-Shield,v1a,FALCON1024+HMAC-SHA512+AES256GCM+DKG4of7,STOLEN_KEY,90,33.58,80,CYCLE,160,0,1800,1100,0,0.62069,0.006268,0,0,0,100,50.34,62.07,0.482944,0.484394,1,3,0,0,76,1448,0.078426,1,0.4938,2,3,0,0,V1,1,0.389045,17174.375,1,0,0,0.610955,1.610955,0,0,200
EDCF-Shield,v1a,FALCON1024+HMAC-SHA512+AES256GCM+DKG4of7,STOLEN_KEY,90,33.58,80,CUMULATIVE,160,9120,129078,78880,9117,0.610968,0.067446,0.171692,0.103636,0.500082,93.4,51.12,61.1,0.482944,0.484394,1,3,0,0,76,1448,0.078426,1,0.4938,2,3,0,0,V1,1,0.389045,17174.375,1,0,0,0.610955,1.610955,0,0,200
EDCF-Shield,v1a,FALCON1024+HMAC-SHA512+AES256GCM+DKG4of7,STOLEN_KEY,90,33.58,81,CYCLE,162,0,1800,1100,0,0.62069,0.006191,0,0,0,100,50.34,62.07,0.483171,0.48462,1,3,0,0,76,1448,0.078164,1,0.4938,2,3,0,0,V1,1,0.388922,17183.33333,1,0,0,0.611078,1.611078,0,0,200
EDCF-Shield,v1a,FALCON1024+HMAC-SHA512+AES256GCM+DKG4of7,STOLEN_KEY,90,33.58,81,CUMULATIVE,162,9120,130878,79980,9117,0.611091,0.067058,0.169932,0.102357,0.500082,93.49,51.11,61.11,0.483171,0.48462,1,3,0,0,76,1448,0.078164,1,0.4938,2,3,0,0,V1,1,0.388922,17183.33333,1,0,0,0.611078,1.611078,0,0,200
EDCF-Shield,v1a,FALCON1024+HMAC-SHA512+AES256GCM+DKG4of7,STOLEN_KEY,90,33.58,82,CYCLE,164,0,1800,1100,0,0.62069,0.006116,0,0,0,100,50.34,62.07,0.483392,0.48484,1,3,0,0,76,1448,0.077906,1,0.4939,2,3,0,0,V1,1,0.388801,17192.07317,1,0,0,0.611199,1.611199,0,0,200
EDCF-Shield,v1a,FALCON1024+HMAC-SHA512+AES256GCM+DKG4of7,STOLEN_KEY,90,33.58,82,CUMULATIVE,164,9120,132678,81080,9117,0.611211,0.066678,0.168208,0.101109,0.500082,93.57,51.1,61.12,0.483392,0.48484,1,3,0,0,76,1448,0.077906,1,0.4939,2,3,0,0,V1,1,0.388801,17192.07317,1,0,0,0.611199,1.611199,0,0,200
EDCF-Shield,v1a,FALCON1024+HMAC-SHA512+AES256GCM+DKG4of7,STOLEN_KEY,90,33.58,83,CYCLE,166,0,1800,1100,0,0.62069,0.006042,0,0,0,100,50.34,62.07,0.483607,0.485055,1,3,0,0,76,1448,0.077651,1,0.494,2,3,0,0,V1,1,0.388684,17200.60241,1,0,0,0.611316,1.611316,0,0,200
EDCF-Shield,v1a,FALCON1024+HMAC-SHA512+AES256GCM+DKG4of7,STOLEN_KEY,90,33.58,83,CUMULATIVE,166,9120,134478,82180,9117,0.611328,0.066303,0.166519,0.09989,0.500082,93.65,51.09,61.13,0.483607,0.485055,1,3,0,0,76,1448,0.077651,1,0.494,2,3,0,0,V1,1,0.388684,17200.60241,1,0,0,0.611316,1.611316,0,0,200
EDCF-Shield,v1a,FALCON1024+HMAC-SHA512+AES256GCM+DKG4of7,STOLEN_KEY,90,33.58,84,CYCLE,168,0,1800,1100,0,0.62069,0.00597,0,0,0,100,50.34,62.07,0.483816,0.485263,1,3,0,0,76,1448,0.077399,1,0.494,2,3,0,0,V1,1,0.38857,17208.92857,1,0,0,0.61143,1.61143,0,0,200
EDCF-Shield,v1a,FALCON1024+HMAC-SHA512+AES256GCM+DKG4of7,STOLEN_KEY,90,33.58,84,CUMULATIVE,168,9120,136278,83280,9117,0.611443,0.065935,0.164863,0.098701,0.500082,93.73,51.09,61.14,0.483816,0.485263,1,3,0,0,76,1448,0.077399,1,0.494,2,3,0,0,V1,1,0.38857,17208.92857,1,0,0,0.61143,1.61143,0,0,200
EDCF-Shield,v1a,FALCON1024+HMAC-SHA512+AES256GCM+DKG4of7,STOLEN_KEY,90,33.58,85,CYCLE,170,0,1800,1100,0,0.62069,0.0059,0,0,0,100,50.34,62.07,0.484021,0.485467,1,3,0,0,76,1448,0.077149,1,0.4941,2,3,0,0,V1,1,0.388458,17217.05882,1,0,0,0.611542,1.611542,0,0,200
EDCF-Shield,v1a,FALCON1024+HMAC-SHA512+AES256GCM+DKG4of7,STOLEN_KEY,90,33.58,85,CUMULATIVE,170,9120,138078,84380,9117,0.611554,0.065573,0.16324,0.09754,0.500082,93.81,51.08,61.15,0.484021,0.485467,1,3,0,0,76,1448,0.077149,1,0.4941,2,3,0,0,V1,1,0.388458,17217.05882,1,0,0,0.611542,1.611542,0,0,200
EDCF-Shield,v1a,FALCON1024+HMAC-SHA512+AES256GCM+DKG4of7,STOLEN_KEY,90,33.58,86,CYCLE,172,0,1800,1100,0,0.62069,0.005831,0,0,0,100,50.34,62.07,0.48422,0.485666,1,3,0,0,76,1448,0.076903,1,0.4942,2,3,0,0,V1,1,0.38835,17225,1,0,0,0.61165,1.61165,0,0,200
EDCF-Shield,v1a,FALCON1024+HMAC-SHA512+AES256GCM+DKG4of7,STOLEN_KEY,90,33.58,86,CUMULATIVE,172,9120,139878,85480,9117,0.611663,0.065217,0.161649,0.096406,0.500082,93.88,51.07,61.17,0.48422,0.485666,1,3,0,0,76,1448,0.076903,1,0.4942,2,3,0,0,V1,1,0.38835,17225,1,0,0,0.61165,1.61165,0,0,200
EDCF-Shield,v1a,FALCON1024+HMAC-SHA512+AES256GCM+DKG4of7,STOLEN_KEY,90,33.58,87,CYCLE,174,0,1800,1100,0,0.62069,0.005764,0,0,0,100,50.34,62.07,0.484414,0.485859,1,3,0,0,76,1448,0.07666,1,0.4943,2,3,0,0,V1,1,0.388243,17232.75862,1,0,0,0.611757,1.611757,0,0,200
EDCF-Shield,v1a,FALCON1024+HMAC-SHA512+AES256GCM+DKG4of7,STOLEN_KEY,90,33.58,87,CUMULATIVE,174,9120,141678,86580,9117,0.611769,0.064866,0.160088,0.095298,0.500082,93.95,51.06,61.18,0.484414,0.485859,1,3,0,0,76,1448,0.07666,1,0.4943,2,3,0,0,V1,1,0.388243,17232.75862,1,0,0,0.611757,1.611757,0,0,200
EDCF-Shield,v1a,FALCON1024+HMAC-SHA512+AES256GCM+DKG4of7,STOLEN_KEY,90,33.58,88,CYCLE,176,0,1800,1100,0,0.62069,0.005699,0,0,0,100,50.34,62.07,0.484603,0.486048,1,3,0,0,76,1448,0.076419,1,0.4943,2,3,0,0,V1,1,0.388139,17240.34091,1,0,0,0.611861,1.611861,0,0,200
EDCF-Shield,v1a,FALCON1024+HMAC-SHA512+AES256GCM+DKG4of7,STOLEN_KEY,90,33.58,88,CUMULATIVE,176,9120,143478,87680,9117,0.611873,0.064521,0.158558,0.094215,0.500082,94.03,51.05,61.19,0.484603,0.486048,1,3,0,0,76,1448,0.076419,1,0.4943,2,3,0,0,V1,1,0.388139,17240.34091,1,0,0,0.611861,1.611861,0,0,200
EDCF-Shield,v1a,FALCON1024+HMAC-SHA512+AES256GCM+DKG4of7,STOLEN_KEY,90,33.58,89,CYCLE,178,0,1800,1100,0,0.62069,0.005635,0,0,0,100,50.34,62.07,0.484788,0.486232,1,3,0,0,76,1448,0.076181,1,0.4944,2,3,0,0,V1,1,0.388038,17247.75281,1,0,0,0.611962,1.611962,0,0,200
EDCF-Shield,v1a,FALCON1024+HMAC-SHA512+AES256GCM+DKG4of7,STOLEN_KEY,90,33.58,89,CUMULATIVE,178,9120,145278,88780,9117,0.611974,0.064181,0.157056,0.093156,0.500082,94.1,51.04,61.2,0.484788,0.486232,1,3,0,0,76,1448,0.076181,1,0.4944,2,3,0,0,V1,1,0.388038,17247.75281,1,0,0,0.611962,1.611962,0,0,200
EDCF-Shield,v1a,FALCON1024+HMAC-SHA512+AES256GCM+DKG4of7,STOLEN_KEY,90,33.58,90,CYCLE,180,0,1800,1100,0,0.62069,0.005573,0,0,0,100,50.34,62.07,0.484969,0.486412,1,3,0,0,76,1448,0.075946,1,0.4944,2,3,0,0,V1,1,0.387939,17255,1,0,0,0.612061,1.612061,0,0,200
EDCF-Shield,v1a,FALCON1024+HMAC-SHA512+AES256GCM+DKG4of7,STOLEN_KEY,90,33.58,90,CUMULATIVE,180,9120,147078,89880,9117,0.612073,0.063846,0.155582,0.092121,0.500082,94.16,51.04,61.21,0.484969,0.486412,1,3,0,0,76,1448,0.075946,1,0.4944,2,3,0,0,V1,1,0.387939,17255,1,0,0,0.612061,1.612061,0,0,200
EDCF-Shield,v1a,FALCON1024+HMAC-SHA512+AES256GCM+DKG4of7,STOLEN_KEY,90,33.58,91,CYCLE,182,0,1800,1100,0,0.62069,0.005511,0,0,0,100,50.34,62.07,0.485145,0.486588,1,3,0,0,76,1448,0.075713,1,0.4945,2,3,0,0,V1,1,0.387842,17262.08791,1,0,0,0.612158,1.612158,0,0,200
EDCF-Shield,v1a,FALCON1024+HMAC-SHA512+AES256GCM+DKG4of7,STOLEN_KEY,90,33.58,91,CUMULATIVE,182,9120,148878,90980,9117,0.61217,0.063517,0.154136,0.091109,0.500082,94.23,51.03,61.22,0.485145,0.486588,1,3,0,0,76,1448,0.075713,1,0.4945,2,3,0,0,V1,1,0.387842,17262.08791,1,0,0,0.612158,1.612158,0,0,200
EDCF-Shield,v1a,FALCON1024+HMAC-SHA512+AES256GCM+DKG4of7,STOLEN_KEY,90,33.58,92,CYCLE,184,0,1800,1100,0,0.62069,0.005452,0,0,0,100,50.34,62.07,0.485318,0.48676,1,3,0,0,76,1448,0.075483,1,0.4946,2,3,0,0,V1,1,0.387747,17269.02174,1,0,0,0.612253,1.612253,0,0,200
EDCF-Shield,v1a,FALCON1024+HMAC-SHA512+AES256GCM+DKG4of7,STOLEN_KEY,90,33.58,92,CUMULATIVE,184,9120,150678,92080,9117,0.612265,0.063193,0.152716,0.090119,0.500082,94.29,51.02,61.23,0.485318,0.48676,1,3,0,0,76,1448,0.075483,1,0.4946,2,3,0,0,V1,1,0.387747,17269.02174,1,0,0,0.612253,1.612253,0,0,200
EDCF-Shield,v1a,FALCON1024+HMAC-SHA512+AES256GCM+DKG4of7,STOLEN_KEY,90,33.58,93,CYCLE,186,0,1800,1100,0,0.62069,0.005393,0,0,0,100,50.34,62.07,0.485486,0.486928,1,3,0,0,76,1448,0.075255,1,0.4946,2,3,0,0,V1,1,0.387654,17275.80645,1,0,0,0.612346,1.612346,0,0,200
EDCF-Shield,v1a,FALCON1024+HMAC-SHA512+AES256GCM+DKG4of7,STOLEN_KEY,90,33.58,93,CUMULATIVE,186,9120,152478,93180,9117,0.612357,0.062873,0.151323,0.08915,0.500082,94.36,51.01,61.23,0.485486,0.486928,1,3,0,0,76,1448,0.075255,1,0.4946,2,3,0,0,V1,1,0.387654,17275.80645,1,0,0,0.612346,1.612346,0,0,200
EDCF-Shield,v1a,FALCON1024+HMAC-SHA512+AES256GCM+DKG4of7,STOLEN_KEY,90,33.58,94,CYCLE,188,0,1800,1100,0,0.62069,0.005336,0,0,0,100,50.34,62.07,0.48565,0.487092,1,3,0,0,76,1448,0.07503,1,0.4947,2,3,0,0,V1,1,0.387563,17282.44681,1,0,0,0.612437,1.612437,0,0,200
EDCF-Shield,v1a,FALCON1024+HMAC-SHA512+AES256GCM+DKG4of7,STOLEN_KEY,90,33.58,94,CUMULATIVE,188,9120,154278,94280,9117,0.612448,0.062558,0.149954,0.088201,0.500082,94.42,51.01,61.24,0.48565,0.487092,1,3,0,0,76,1448,0.07503,1,0.4947,2,3,0,0,V1,1,0.387563,17282.44681,1,0,0,0.612437,1.612437,0,0,200
EDCF-Shield,v1a,FALCON1024+HMAC-SHA512+AES256GCM+DKG4of7,STOLEN_KEY,90,33.58,95,CYCLE,190,0,1800,1100,0,0.62069,0.00528,0,0,0,100,50.34,62.07,0.485811,0.487252,1,3,0,0,76,1448,0.074807,1,0.4947,2,3,0,0,V1,1,0.387475,17288.94737,1,0,0,0.612525,1.612525,0,0,200
EDCF-Shield,v1a,FALCON1024+HMAC-SHA512+AES256GCM+DKG4of7,STOLEN_KEY,90,33.58,95,CUMULATIVE,190,9120,156078,95380,9117,0.612536,0.062248,0.14861,0.087273,0.500082,94.48,51,61.25,0.485811,0.487252,1,3,0,0,76,1448,0.074807,1,0.4947,2,3,0,0,V1,1,0.387475,17288.94737,1,0,0,0.612525,1.612525,0,0,200
EDCF-Shield,v1a,FALCON1024+HMAC-SHA512+AES256GCM+DKG4of7,STOLEN_KEY,90,33.58,96,CYCLE,192,0,1800,1100,0,0.62069,0.005225,0,0,0,100,50.34,62.07,0.485968,0.487409,1,3,0,0,76,1448,0.074587,1,0.4948,2,3,0,0,V1,1,0.387388,17295.3125,1,0,0,0.612612,1.612612,0,0,200
EDCF-Shield,v1a,FALCON1024+HMAC-SHA512+AES256GCM+DKG4of7,STOLEN_KEY,90,33.58,96,CUMULATIVE,192,9120,157878,96480,9117,0.612623,0.061943,0.14729,0.086364,0.500082,94.54,50.99,61.26,0.485968,0.487409,1,3,0,0,76,1448,0.074587,1,0.4948,2,3,0,0,V1,1,0.387388,17295.3125,1,0,0,0.612612,1.612612,0,0,200
EDCF-Shield,v1a,FALCON1024+HMAC-SHA512+AES256GCM+DKG4of7,STOLEN_KEY,90,33.58,97,CYCLE,194,0,1800,1100,0,0.62069,0.005171,0,0,0,100,50.34,62.07,0.486122,0.487562,1,3,0,0,76,1448,0.074369,1,0.4948,2,3,0,0,V1,1,0.387303,17301.54639,1,0,0,0.612697,1.612697,0,0,200
EDCF-Shield,v1a,FALCON1024+HMAC-SHA512+AES256GCM+DKG4of7,STOLEN_KEY,90,33.58,97,CUMULATIVE,194,9120,159678,97580,9117,0.612708,0.061642,0.145994,0.085473,0.500082,94.6,50.98,61.27,0.486122,0.487562,1,3,0,0,76,1448,0.074369,1,0.4948,2,3,0,0,V1,1,0.387303,17301.54639,1,0,0,0.612697,1.612697,0,0,200
EDCF-Shield,v1a,FALCON1024+HMAC-SHA512+AES256GCM+DKG4of7,STOLEN_KEY,90,33.58,98,CYCLE,196,0,1800,1100,0,0.62069,0.005118,0,0,0,100,50.34,62.07,0.486273,0.487712,1,3,0,0,76,1448,0.074153,1,0.4949,2,3,0,0,V1,1,0.38722,17307.65306,1,0,0,0.61278,1.61278,0,0,200
EDCF-Shield,v1a,FALCON1024+HMAC-SHA512+AES256GCM+DKG4of7,STOLEN_KEY,90,33.58,98,CUMULATIVE,196,9120,161478,98680,9117,0.612791,0.061345,0.144719,0.084601,0.500082,94.66,50.98,61.28,0.486273,0.487712,1,3,0,0,76,1448,0.074153,1,0.4949,2,3,0,0,V1,1,0.38722,17307.65306,1,0,0,0.61278,1.61278,0,0,200
EDCF-Shield,v1a,FALCON1024+HMAC-SHA512+AES256GCM+DKG4of7,STOLEN_KEY,90,33.58,99,CYCLE,198,0,1800,1100,0,0.62069,0.005067,0,0,0,100,50.34,62.07,0.48642,0.487859,1,3,0,0,76,1448,0.07394,1,0.4949,2,3,0,0,V1,1,0.387138,17313.63636,1,0,0,0.612862,1.612862,0,0,200
EDCF-Shield,v1a,FALCON1024+HMAC-SHA512+AES256GCM+DKG4of7,STOLEN_KEY,90,33.58,99,CUMULATIVE,198,9120,163278,99780,9117,0.612873,0.061052,0.143467,0.083747,0.500082,94.71,50.97,61.29,0.48642,0.487859,1,3,0,0,76,1448,0.07394,1,0.4949,2,3,0,0,V1,1,0.387138,17313.63636,1,0,0,0.612862,1.612862,0,0,200
EDCF-Shield,v1a,FALCON1024+HMAC-SHA512+AES256GCM+DKG4of7,STOLEN_KEY,90,33.58,100,CYCLE,200,0,1800,1100,0,0.62069,0.005016,0,0,0,100,50.34,62.07,0.486564,0.488002,1,3,0,0,76,1448,0.073729,1,0.495,2,3,0,0,V1,1,0.387058,17319.5,1,0,0,0.612942,1.612942,0,0,200
EDCF-Shield,v1a,FALCON1024+HMAC-SHA512+AES256GCM+DKG4of7,STOLEN_KEY,90,33.58,100,CUMULATIVE,200,9120,165078,100880,9117,0.612952,0.060764,0.142237,0.082909,0.500082,94.77,50.96,61.29,0.486564,0.488002,1,3,0,0,76,1448,0.073729,1,0.495,2,3,0,0,V1,1,0.387058,17319.5,1,0,0,0.612942,1.612942,0,0,200
EDCF-Shield,v1a,FALCON1024+HMAC-SHA512+AES256GCM+DKG4of7,STOLEN_KEY,90,33.58,101,CYCLE,202,0,1800,1100,0,0.62069,0.004966,0,0,0,100,50.34,62.07,0.486705,0.488143,1,3,0,0,76,1448,0.073519,1,0.495,2,3,0,0,V1,1,0.38698,17325.24753,1,0,0,0.61302,1.61302,0,0,200
EDCF-Shield,v1a,FALCON1024+HMAC-SHA512+AES256GCM+DKG4of7,STOLEN_KEY,90,33.58,101,CUMULATIVE,202,9120,166878,101980,9117,0.613031,0.060479,0.141027,0.082088,0.500082,94.82,50.96,61.3,0.486705,0.488143,1,3,0,0,76,1448,0.073519,1,0.495,2,3,0,0,V1,1,0.38698,17325.24753,1,0,0,0.61302,1.61302,0,0,200
EDCF-Shield,v1a,FALCON1024+HMAC-SHA512+AES256GCM+DKG4of7,STOLEN_KEY,90,33.58,102,CYCLE,204,0,1800,1100,0,0.62069,0.004918,0,0,0,100,50.34,62.07,0.486843,0.488281,1,3,0,0,76,1448,0.073312,1,0.4951,2,3,0,0,V1,1,0.386903,17330.88235,1,0,0,0.613097,1.613097,0,0,200
EDCF-Shield,v1a,FALCON1024+HMAC-SHA512+AES256GCM+DKG4of7,STOLEN_KEY,90,33.58,102,CUMULATIVE,204,9120,168678,103080,9117,0.613107,0.060199,0.139838,0.081283,0.500082,94.87,50.95,61.31,0.486843,0.488281,1,3,0,0,76,1448,0.073312,1,0.4951,2,3,0,0,V1,1,0.386903,17330.88235,1,0,0,0.613097,1.613097,0,0,200
EDCF-Shield,v1a,FALCON1024+HMAC-SHA512+AES256GCM+DKG4of7,STOLEN_KEY,90,33.58,103,CYCLE,206,0,1800,1100,0,0.62069,0.00487,0,0,0,100,50.34,62.07,0.486978,0.488415,1,3,0,0,76,1448,0.073108,1,0.4951,2,3,0,0,V1,1,0.386828,17336.40777,1,0,0,0.613172,1.613172,0,0,200
EDCF-Shield,v1a,FALCON1024+HMAC-SHA512+AES256GCM+DKG4of7,STOLEN_KEY,90,33.58,103,CUMULATIVE,206,9120,170478,104180,9117,0.613182,0.059922,0.138668,0.080494,0.500082,94.92,50.95,61.32,0.486978,0.488415,1,3,0,0,76,1448,0.073108,1,0.4951,2,3,0,0,V1,1,0.386828,17336.40777,1,0,0,0.613172,1.613172,0,0,200
EDCF-Shield,v1a,FALCON1024+HMAC-SHA512+AES256GCM+DKG4of7,STOLEN_KEY,90,33.58,104,CYCLE,208,0,1800,1100,0,0.62069,0.004823,0,0,0,100,50.34,62.07,0.487111,0.488548,1,3,0,0,76,1448,0.072905,1,0.4952,2,3,0,0,V1,1,0.386754,17341.82692,1,0,0,0.613246,1.613246,0,0,200
EDCF-Shield,v1a,FALCON1024+HMAC-SHA512+AES256GCM+DKG4of7,STOLEN_KEY,90,33.58,104,CUMULATIVE,208,9120,172278,105280,9117,0.613256,0.059649,0.137518,0.07972,0.500082,94.97,50.94,61.32,0.487111,0.488548,1,3,0,0,76,1448,0.072905,1,0.4952,2,3,0,0,V1,1,0.386754,17341.82692,1,0,0,0.613246,1.613246,0,0,200
EDCF-Shield,v1a,FALCON1024+HMAC-SHA512+AES256GCM+DKG4of7,STOLEN_KEY,90,33.58,105,CYCLE,210,0,1800,1100,0,0.62069,0.004777,0,0,0,100,50.34,62.07,0.487241,0.488677,1,3,0,0,76,1448,0.072704,1,0.4952,2,3,0,0,V1,1,0.386682,17347.14286,1,0,0,0.613318,1.613318,0,0,200
EDCF-Shield,v1a,FALCON1024+HMAC-SHA512+AES256GCM+DKG4of7,STOLEN_KEY,90,33.58,105,CUMULATIVE,210,9120,174078,106380,9117,0.613328,0.05938,0.136387,0.078961,0.500082,95.02,50.93,61.33,0.487241,0.488677,1,3,0,0,76,1448,0.072704,1,0.4952,2,3,0,0,V1,1,0.386682,17347.14286,1,0,0,0.613318,1.613318,0,0,200
EDCF-Shield,v1a,FALCON1024+HMAC-SHA512+AES256GCM+DKG4of7,STOLEN_KEY,90,33.58,106,CYCLE,212,0,1800,1100,0,0.62069,0.004732,0,0,0,100,50.34,62.07,0.487368,0.488804,1,3,0,0,76,1448,0.072505,1,0.4953,2,3,0,0,V1,1,0.386611,17352.35849,1,0,0,0.613389,1.613389,0,0,200
EDCF-Shield,v1a,FALCON1024+HMAC-SHA512+AES256GCM+DKG4of7,STOLEN_KEY,90,33.58,106,CUMULATIVE,212,9120,175878,107480,9117,0.613399,0.059114,0.135274,0.078216,0.500082,95.07,50.93,61.34,0.487368,0.488804,1,3,0,0,76,1448,0.072505,1,0.4953,2,3,0,0,V1,1,0.386611,17352.35849,1,0,0,0.613389,1.613389,0,0,200
EDCF-Shield,v1a,FALCON1024+HMAC-SHA512+AES256GCM+DKG4of7,STOLEN_KEY,90,33.58,107,CYCLE,214,0,1800,1100,0,0.62069,0.004688,0,0,0,100,50.34,62.07,0.487493,0.488928,1,3,0,0,76,1448,0.072308,1,0.4953,2,3,0,0,V1,1,0.386542,17357.47664,1,0,0,0.613458,1.613458,0,0,200
EDCF-Shield,v1a,FALCON1024+HMAC-SHA512+AES256GCM+DKG4of7,STOLEN_KEY,90,33.58,107,CUMULATIVE,214,9120,177678,108580,9117,0.613468,0.058852,0.13418,0.077485,0.500082,95.12,50.92,61.35,0.487493,0.488928,1,3,0,0,76,1448,0.072308,1,0.4953,2,3,0,0,V1,1,0.386542,17357.47664,1,0,0,0.613458,1.613458,0,0,200
EDCF-Shield,v1a,FALCON1024+HMAC-SHA512+AES256GCM+DKG4of7,STOLEN_KEY,90,33.58,108,CYCLE,216,0,1800,1100,0,0.62069,0.004645,0,0,0,100,50.34,62.07,0.487615,0.48905,1,3,0,0,76,1448,0.072113,1,0.4954,2,3,0,0,V1,1,0.386473,17362.5,1,0,0,0.613527,1.613527,0,0,200
EDCF-Shield,v1a,FALCON1024+HMAC-SHA512+AES256GCM+DKG4of7,STOLEN_KEY,90,33.58,108,CUMULATIVE,216,9120,179478,109680,9117,0.613536,0.058593,0.133103,0.076768,0.500082,95.17,50.92,61.35,0.487615,0.48905,1,3,0,0,76,1448,0.072113,1,0.4954,2,3,0,0,V1,1,0.386473,17362.5,1,0,0,0.613527,1.613527,0,0,200
EDCF-Shield,v1a,FALCON1024+HMAC-SHA512+AES256GCM+DKG4of7,STOLEN_KEY,90,33.58,109,CYCLE,218,0,1800,1100,0,0.62069,0.004602,0,0,0,100,50.34,62.07,0.487735,0.48917,1,3,0,0,76,1448,0.07192,1,0.4954,2,3,0,0,V1,1,0.386406,17367.43119,1,0,0,0.613594,1.613594,0,0,200
EDCF-Shield,v1a,FALCON1024+HMAC-SHA512+AES256GCM+DKG4of7,STOLEN_KEY,90,33.58,109,CUMULATIVE,218,9120,181278,110780,9117,0.613603,0.058337,0.132043,0.076063,0.500082,95.21,50.91,61.36,0.487735,0.48917,1,3,0,0,76,1448,0.07192,1,0.4954,2,3,0,0,V1,1,0.386406,17367.43119,1,0,0,0.613594,1.613594,0,0,200
EDCF-Shield,v1a,FALCON1024+HMAC-SHA512+AES256GCM+DKG4of7,STOLEN_KEY,90,33.58,110,CYCLE,219.5,0,990,660,0,0.6,0.004561,0,0,0,100,52,60,0.4878,0.489237,1,3,0,0,76,1448,0.071729,1,0.4966,2,3,0,0,V1,1,0.386478,17338.26879,1,0,0,0.613522,1.613522,0,0,200
EDCF-Shield,v1a,FALCON1024+HMAC-SHA512+AES256GCM+DKG4of7,STOLEN_KEY,90,33.58,110,CUMULATIVE,219.5,9120,182268,111440,9117,0.613531,0.058135,0.131415,0.075647,0.500082,95.24,50.92,61.35,0.4878,0.489237,1,3,0,0,76,1448,0.071729,1,0.4966,2,3,0,0,V1,1,0.386478,17338.26879,1,0,0,0.613522,1.613522,0,0,200
EDCF-Shield,v1a,FALCON1024+HMAC-SHA512+AES256GCM+DKG4of7,STOLEN_KEY,150,55.97,1,CYCLE,2,500,0,0,0,1,0.5,1,1,1,0,100,0,0,0,1,0,0,0,76,1448,0,1,0,0,0,0,0,V1,0,1,-100,1,0,0,0,0,0,0,200
EDCF-Shield,v1a,FALCON1024+HMAC-SHA512+AES256GCM+DKG4of7,STOLEN_KEY,150,55.97,1,CUMULATIVE,2,500,0,0,0,1,0.5,1,1,1,0,100,0,0,0,1,0,0,0,76,1448,0,1,0,0,0,0,0,V1,0,1,-100,1,0,0,0,0,0,0,200
EDCF-Shield,v1a,FALCON1024+HMAC-SHA512+AES256GCM+DKG4of7,STOLEN_KEY,150,55.97,2,CYCLE,4,500,0,0,210,0.704225,0.250012,0.826446,1,0.704225,0,76.34,29.58,0,0,1,0,0,0,76,1448,0.5,1,0.25,2,0,0,0,V1,0,0.826446,950,1,0,0,0.173554,0.173554,0,0,200
EDCF-Shield,v1a,FALCON1024+HMAC-SHA512+AES256GCM+DKG4of7,STOLEN_KEY,150,55.97,2,CUMULATIVE,4,1000,0,0,210,0.826446,0.000035,0.904977,1,0.826446,0,86.12,17.36,0,0,1,0,0,0,76,1448,0.5,1,0.25,2,0,0,0,V1,0,0.826446,950,1,0,0,0.173554,0.173554,0,0,200
EDCF-Shield,v1a,FALCON1024+HMAC-SHA512+AES256GCM+DKG4of7,STOLEN_KEY,150,55.97,3,CYCLE,6,500,0,0,610,0.45045,0.166673,0.621118,1,0.45045,0,56.04,54.95,0,0,1,0,0,0,76,1448,0,1,0.3333,2,0,0,0,V1,0,0.646552,2633.333333,1,0,0,0.353448,1.353448,0,0,200
EDCF-Shield,v1a,FALCON1024+HMAC-SHA512+AES256GCM+DKG4of7,STOLEN_KEY,150,55.97,3,CUMULATIVE,6,1500,0,0,820,0.646552,0.000009,0.78534,1,0.646552,0,71.72,35.34,0,0,1,0,0,0,76,1448,0,1,0.3333,2,0,0,0,V1,0,0.646552,2633.333333,1,0,0,0.353448,1.353448,0,0,200
EDCF-Shield,v1a,FALCON1024+HMAC-SHA512+AES256GCM+DKG4of7,STOLEN_KEY,150,55.97,4,CYCLE,8,500,0,0,1010,0.331126,0.125002,0.497512,1,0.331126,0,46.49,66.89,0,0,1,0,0,0,76,1448,0,1,0.375,2,0,0,0,V1,0,0.522193,4475,1,0,0,0.477807,1.477807,0,0,200
EDCF-Shield,v1a,FALCON1024+HMAC-SHA512+AES256GCM+DKG4of7,STOLEN_KEY,150,55.97,4,CUMULATIVE,8,2000,0,0,1830,0.522193,0.000001,0.686106,1,0.522193,0,61.78,47.78,0,0,1,0,0,0,76,1448,0,1,0.375,2,0,0,0,V1,0,0.522193,4475,1,0,0,0.477807,1.477807,0,0,200
EDCF-Shield,v1a,FALCON1024+HMAC-SHA512+AES256GCM+DKG4of7,STOLEN_KEY,150,55.97,5,CYCLE,10,104,1138,396,272,0.650262,0.103338,0.237443,0.208,0.276596,80.71,40.94,73.82,0.259936,0.262939,1,3,0,0,76,1448,0.000001,1,0.4,2,3,0,0,V1,1,0.43554,6380,1,0,0,0.56446,1.56446,0,0,200
EDCF-Shield,v1a,FALCON1024+HMAC-SHA512+AES256GCM+DKG4of7,STOLEN_KEY,150,55.97,5,CUMULATIVE,10,2104,1138,396,2102,0.564808,0.216063,0.627498,0.8416,0.500238,35.12,54.84,56.45,0.259936,0.262939,1,3,0,0,76,1448,0.000001,1,0.4,2,3,0,0,V1,1,0.43554,6380,1,0,0,0.56446,1.56446,0,0,200
EDCF-Shield,v1a,FALCON1024+HMAC-SHA512+AES256GCM+DKG4of7,STOLEN_KEY,150,55.97,6,CYCLE,12,0,1810,500,0,0.78355,0.086119,0,0,0,100,37.32,78.35,0.368592,0.371378,1,3,0,0,76,1448,0,1,0.4167,2,3,0,0,V1,1,0.372671,8316.666667,1,0,0,0.627329,1.627329,0,0,200
EDCF-Shield,v1a,FALCON1024+HMAC-SHA512+AES256GCM+DKG4of7,STOLEN_KEY,150,55.97,6,CUMULATIVE,12,2104,2948,896,2102,0.627578,0.275976,0.583958,0.701333,0.500238,58.38,49.81,62.73,0.368592,0.371378,1,3,0,0,76,1448,0,1,0.4167,2,3,0,0,V1,1,0.372671,8316.666667,1,0,0,0.627329,1.627329,0,0,200
EDCF-Shield,v1a,FALCON1024+HMAC-SHA512+AES256GCM+DKG4of7,STOLEN_KEY,150,55.97,7,CYCLE,14,0,2210,500,0,0.815498,0.073819,0,0,0,100,34.76,81.55,0.415365,0.417719,1,3,0,0,76,1448,0.275976,1,0.4286,2,3,0,0,V1,1,0.325279,10271.42857,1,0,0,0.674721,1.674721,0,0,200
EDCF-Shield,v1a,FALCON1024+HMAC-SHA512+AES256GCM+DKG4of7,STOLEN_KEY,150,55.97,7,CUMULATIVE,14,2104,5158,1396,2102,0.674907,0.299177,0.546068,0.601143,0.500238,71.05,46.02,67.47,0.415365,0.417719,1,3,0,0,76,1448,0.275976,1,0.4286,2,3,0,0,V1,1,0.325279,10271.42857,1,0,0,0.674721,1.674721,0,0,200
EDCF-Shield,v1a,FALCON1024+HMAC-SHA512+AES256GCM+DKG4of7,STOLEN_KEY,150,55.97,8,CYCLE,16,0,2610,500,0,0.839228,0.064595,0,0,0,100,32.86,83.92,0.440413,0.442419,1,3,0,0,76,1448,0.287576,1,0.4375,2,3,0,0,V1,1,0.288392,12237.5,1,0,0,0.711608,1.711608,0,0,200
EDCF-Shield,v1a,FALCON1024+HMAC-SHA512+AES256GCM+DKG4of7,STOLEN_KEY,150,55.97,8,CUMULATIVE,16,2104,7768,1896,2102,0.711752,0.308506,0.512796,0.526,0.500238,78.7,43.07,71.16,0.440413,0.442419,1,3,0,0,76,1448,0.287576,1,0.4375,2,3,0,0,V1,1,0.288392,12237.5,1,0,0,0.711608,1.711608,0,0,200
EDCF-Shield,v1a,FALCON1024+HMAC-SHA512+AES256GCM+DKG4of7,STOLEN_KEY,150,55.97,9,CYCLE,18,0,2955,500,0,0.855282,0.05742,0,0,0,100,31.58,85.53,0.455368,0.457115,1,3,0,0,76,1448,0.294553,1,0.4444,2,3,0,0,V1,1,0.25974,14150,1,0,0,0.74026,1.74026,0,0,200
EDCF-Shield,v1a,FALCON1024+HMAC-SHA512+AES256GCM+DKG4of7,STOLEN_KEY,150,55.97,9,CUMULATIVE,18,2104,10723,2396,2102,0.740375,0.310551,0.483345,0.467556,0.500238,83.61,40.78,74.03,0.455368,0.457115,1,3,0,0,76,1448,0.294553,1,0.4444,2,3,0,0,V1,1,0.25974,14150,1,0,0,0.74026,1.74026,0,0,200
EDCF-Shield,v1a,FALCON1024+HMAC-SHA512+AES256GCM+DKG4of7,STOLEN_KEY,150,55.97,10,CYCLE,20,0,3000,500,0,0.857143,0.051681,0,0,0,100,31.43,85.71,0.464431,0.466008,1,3,0,0,76,1448,0.298552,1,0.45,2,3,0,0,V1,1,0.240096,15725,1,0,0,0.759904,1.759904,0,0,200
EDCF-Shield,v1a,FALCON1024+HMAC-SHA512+AES256GCM+DKG4of7,STOLEN_KEY,150,55.97,10,CUMULATIVE,20,2104,13723,2896,2102,0.76,0.306387,0.457093,0.4208,0.500238,86.72,39.21,75.99,0.464431,0.466008,1,3,0,0,76,1448,0.298552,1,0.45,2,3,0,0,V1,1,0.240096,15725,1,0,0,0.759904,1.759904,0,0,200
EDCF-Shield,v1a,FALCON1024+HMAC-SHA512+AES256GCM+DKG4of7,STOLEN_KEY,150,55.97,11,CYCLE,22,0,3000,500,0,0.857143,0.046985,0,0,0,100,31.43,85.71,0.470434,0.471895,1,3,0,0,76,1448,0.300119,1,0.4545,2,3,0,0,V1,1,0.226105,17013.63636,1,0,0,0.773895,1.773895,0,0,200
EDCF-Shield,v1a,FALCON1024+HMAC-SHA512+AES256GCM+DKG4of7,STOLEN_KEY,150,55.97,11,CUMULATIVE,22,2104,16723,3396,2102,0.773977,0.299638,0.433546,0.382545,0.500238,88.83,38.09,77.39,0.470434,0.471895,1,3,0,0,76,1448,0.300119,1,0.4545,2,3,0,0,V1,1,0.226105,17013.63636,1,0,0,0.773895,1.773895,0,0,200
EDCF-Shield,v1a,FALCON1024+HMAC-SHA512+AES256GCM+DKG4of7,STOLEN_KEY,150,55.97,12,CYCLE,24,0,3000,500,0,0.857143,0.043071,0,0,0,100,31.43,85.71,0.474704,0.476079,1,3,0,0,76,1448,0.300039,1,0.4583,2,3,0,0,V1,1,0.215633,18087.5,1,0,0,0.784367,1.784367,0,0,200
EDCF-Shield,v1a,FALCON1024+HMAC-SHA512+AES256GCM+DKG4of7,STOLEN_KEY,150,55.97,12,CUMULATIVE,24,2104,19723,3896,2102,0.784438,0.29203,0.412306,0.350667,0.500238,90.37,37.25,78.44,0.474704,0.476079,1,3,0,0,76,1448,0.300039,1,0.4583,2,3,0,0,V1,1,0.215633,18087.5,1,0,0,0.784367,1.784367,0,0,200
EDCF-Shield,v1a,FALCON1024+HMAC-SHA512+AES256GCM+DKG4of7,STOLEN_KEY,150,55.97,13,CYCLE,26,0,3000,500,0,0.857143,0.03976,0,0,0,100,31.43,85.71,0.477896,0.479206,1,3,0,0,76,1448,0.298895,1,0.4615,2,3,0,0,V1,1,0.207502,18996.15385,1,0,0,0.792498,1.792498,0,0,200
EDCF-Shield,v1a,FALCON1024+HMAC-SHA512+AES256GCM+DKG4of7,STOLEN_KEY,150,55.97,13,CUMULATIVE,26,2104,22723,4396,2102,0.792562,0.284291,0.393051,0.323692,0.500238,91.53,36.6,79.25,0.477896,0.479206,1,3,0,0,76,1448,0.298895,1,0.4615,2,3,0,0,V1,1,0.207502,18996.15385,1,0,0,0.792498,1.792498,0,0,200
EDCF-Shield,v1a,FALCON1024+HMAC-SHA512+AES256GCM+DKG4of7,STOLEN_KEY,150,55.97,14,CYCLE,28,0,3000,500,0,0.857143,0.036922,0,0,0,100,31.43,85.71,0.480373,0.481632,1,3,0,0,76,1448,0.297069,1,0.4643,2,3,0,0,V1,1,0.201005,19775,1,0,0,0.798995,1.798995,0,0,200
EDCF-Shield,v1a,FALCON1024+HMAC-SHA512+AES256GCM+DKG4of7,STOLEN_KEY,150,55.97,14,CUMULATIVE,28,2104,25723,4896,2102,0.799052,0.276741,0.375513,0.300571,0.500238,92.45,36.08,79.9,0.480373,0.481632,1,3,0,0,76,1448,0.297069,1,0.4643,2,3,0,0,V1,1,0.201005,19775,1,0,0,0.798995,1.798995,0,0,200
EDCF-Shield,v1a,FALCON1024+HMAC-SHA512+AES256GCM+DKG4of7,STOLEN_KEY,150,55.97,15,CYCLE,30,0,3000,500,0,0.857143,0.034462,0,0,0,100,31.43,85.71,0.48235,0.483568,1,3,0,0,76,1448,0,1,0.4667,2,3,0,0,V1,1,0.195695,20450,1,0,0,0.804305,1.804305,0,0,200
EDCF-Shield,v1a,FALCON1024+HMAC-SHA512+AES256GCM+DKG4of7,STOLEN_KEY,150,55.97,15,CUMULATIVE,30,2104,28723,5396,2102,0.804357,0.269516,0.359474,0.280533,0.500238,93.18,35.66,80.43,0.48235,0.483568,1,3,0,0,76,1448,0,1,0.4667,2,3,0,0,V1,1,0.195695,20450,1,0,0,0.804305,1.804305,0,0,200
EDCF-Shield,v1a,FALCON1024+HMAC-SHA512+AES256GCM+DKG4of7,STOLEN_KEY,150,55.97,16,CYCLE,32,0,3000,500,0,0.857143,0.03231,0,0,0,100,31.43,85.71,0.483966,0.48515,1,3,0,0,76,1448,0.269516,1,0.4688,2,3,0,0,V1,1,0.191273,21040.625,1,0,0,0.808727,1.808727,0,0,200
EDCF-Shield,v1a,FALCON1024+HMAC-SHA512+AES256GCM+DKG4of7,STOLEN_KEY,150,55.97,16,CUMULATIVE,32,2104,31723,5896,2102,0.808775,0.262671,0.344748,0.263,0.500238,93.79,35.3,80.87,0.483966,0.48515,1,3,0,0,76,1448,0.269516,1,0.4688,2,3,0,0,V1,1,0.191273,21040.625,1,0,0,0.808727,1.808727,0,0,200
EDCF-Shield,v1a,FALCON1024+HMAC-SHA512+AES256GCM+DKG4of7,STOLEN_KEY,150,55.97,17,CYCLE,34,0,3000,500,0,0.857143,0.03041,0,0,0,100,31.43,85.71,0.485311,0.486466,1,3,0,0,76,1448,0.266094,1,0.4706,2,3,0,0,V1,1,0.187534,21561.76471,1,0,0,0.812466,1.812466,0,0,200
EDCF-Shield,v1a,FALCON1024+HMAC-SHA512+AES256GCM+DKG4of7,STOLEN_KEY,150,55.97,17,CUMULATIVE,34,2104,34723,6396,2102,0.81251,0.256214,0.331182,0.247529,0.500238,94.29,35,81.25,0.485311,0.486466,1,3,0,0,76,1448,0.266094,1,0.4706,2,3,0,0,V1,1,0.187534,21561.76471,1,0,0,0.812466,1.812466,0,0,200
EDCF-Shield,v1a,FALCON1024+HMAC-SHA512+AES256GCM+DKG4of7,STOLEN_KEY,150,55.97,18,CYCLE,36,0,3000,500,0,0.857143,0.028722,0,0,0,100,31.43,85.71,0.486447,0.487579,1,3,0,0,76,1448,0.2628,1,0.4722,2,3,0,0,V1,1,0.184332,22025,1,0,0,0.815668,1.815668,0,0,200
EDCF-Shield,v1a,FALCON1024+HMAC-SHA512+AES256GCM+DKG4of7,STOLEN_KEY,150,55.97,18,CUMULATIVE,36,2104,37723,6896,2102,0.815709,0.250136,0.318643,0.233778,0.500238,94.72,34.75,81.57,0.486447,0.487579,1,3,0,0,76,1448,0.2628,1,0.4722,2,3,0,0,V1,1,0.184332,22025,1,0,0,0.815668,1.815668,0,0,200
EDCF-Shield,v1a,FALCON1024+HMAC-SHA512+AES256GCM+DKG4of7,STOLEN_KEY,150,55.97,19,CYCLE,38,0,3000,500,0,0.857143,0.027212,0,0,0,100,31.43,85.71,0.48742,0.488531,1,3,0,0,76,1448,0.259634,1,0.4737,2,3,0,0,V1,1,0.181558,22439.47368,1,0,0,0.818442,1.818442,0,0,200
EDCF-Shield,v1a,FALCON1024+HMAC-SHA512+AES256GCM+DKG4of7,STOLEN_KEY,150,55.97,19,CUMULATIVE,38,2104,40723,7396,2102,0.818481,0.244416,0.307019,0.221474,0.500238,95.09,34.52,81.84,0.48742,0.488531,1,3,0,0,76,1448,0.259634,1,0.4737,2,3,0,0,V1,1,0.181558,22439.47368,1,0,0,0.818442,1.818442,0,0,200
EDCF-Shield,v1a,FALCON1024+HMAC-SHA512+AES256GCM+DKG4of7,STOLEN_KEY,150,55.97,20,CYCLE,40,0,3000,500,0,0.857143,0.025853,0,0,0,100,31.43,85.71,0.488263,0.489356,1,3,0,0,76,1448,0.256591,1,0.475,2,3,0,0,V1,1,0.179131,22812.5,1,0,0,0.820869,1.820869,0,0,200
EDCF-Shield,v1a,FALCON1024+HMAC-SHA512+AES256GCM+DKG4of7,STOLEN_KEY,150,55.97,20,CUMULATIVE,40,2104,43723,7896,2102,0.820905,0.239032,0.296213,0.2104,0.500238,95.41,34.33,82.09,0.488263,0.489356,1,3,0,0,76,1448,0.256591,1,0.475,2,3,0,0,V1,1,0.179131,22812.5,1,0,0,0.820869,1.820869,0,0,200
EDCF-Shield,v1a,FALCON1024+HMAC-SHA512+AES256GCM+DKG4of7,STOLEN_KEY,150,55.97,21,CYCLE,42,0,3000,500,0,0.857143,0.024623,0,0,0,100,31.43,85.71,0.489,0.490077,1,3,0,0,76,1448,0.253664,1,0.4762,2,3,0,0,V1,1,0.176991,23150,1,0,0,0.823009,1.823009,0,0,200
EDCF-Shield,v1a,FALCON1024+HMAC-SHA512+AES256GCM+DKG4of7,STOLEN_KEY,150,55.97,21,CUMULATIVE,42,2104,46723,8396,2102,0.823043,0.233959,0.286142,0.200381,0.500238,95.69,34.16,82.3,0.489,0.490077,1,3,0,0,76,1448,0.253664,1,0.4762,2,3,0,0,V1,1,0.176991,23150,1,0,0,0.823009,1.823009,0,0,200
EDCF-Shield,v1a,FALCON1024+HMAC-SHA512+AES256GCM+DKG4of7,STOLEN_KEY,150,55.97,22,CYCLE,44,0,3000,500,0,0.857143,0.023505,0,0,0,100,31.43,85.71,0.48965,0.490713,1,3,0,0,76,1448,0.250849,1,0.4773,2,3,0,0,V1,1,0.17509,23456.81818,1,0,0,0.82491,1.82491,0,0,200
EDCF-Shield,v1a,FALCON1024+HMAC-SHA512+AES256GCM+DKG4of7,STOLEN_KEY,150,55.97,22,CUMULATIVE,44,2104,49723,8896,2102,0.824942,0.229173,0.276733,0.191273,0.500238,95.94,34.01,82.49,0.48965,0.490713,1,3,0,0,76,1448,0.250849,1,0.4773,2,3,0,0,V1,1,0.17509,23456.81818,1,0,0,0.82491,1.82491,0,0,200
EDCF-Shield,v1a,FALCON1024+HMAC-SHA512+AES256GCM+DKG4of7,STOLEN_KEY,150,55.97,23,CYCLE,46,0,3000,500,0,0.857143,0.022484,0,0,0,100,31.43,85.71,0.490228,0.491278,1,3,0,0,76,1448,0.24814,1,0.4783,2,3,0,0,V1,1,0.173389,23736.95652,1,0,0,0.826611,1.826611,0,0,200
EDCF-Shield,v1a,FALCON1024+HMAC-SHA512+AES256GCM+DKG4of7,STOLEN_KEY,150,55.97,23,CUMULATIVE,46,2104,52723,9396,2102,0.826642,0.224651,0.267923,0.182957,0.500238,96.17,33.87,82.66,0.490228,0.491278,1,3,0,0,76,1448,0.24814,1,0.4783,2,3,0,0,V1,1,0.173389,23736.95652,1,0,0,0.826611,1.826611,0,0,200
EDCF-Shield,v1a,FALCON1024+HMAC-SHA512+AES256GCM+DKG4of7,STOLEN_KEY,150,55.97,24,CYCLE,48,0,3000,500,0,0.857143,0.021548,0,0,0,100,31.43,85.71,0.490744,0.491783,1,3,0,0,76,1448,0.24553,1,0.4792,2,3,0,0,V1,1,0.171858,23993.75,1,0,0,0.828142,1.828142,0,0,200
EDCF-Shield,v1a,FALCON1024+HMAC-SHA512+AES256GCM+DKG4of7,STOLEN_KEY,150,55.97,24,CUMULATIVE,48,2104,55723,9896,2102,0.82817,0.220373,0.259657,0.175333,0.500238,96.36,33.75,82.81,0.490744,0.491783,1,3,0,0,76,1448,0.24553,1,0.4792,2,3,0,0,V1,1,0.171858,23993.75,1,0,0,0.828142,1.828142,0,0,200
EDCF-Shield,v1a,FALCON1024+HMAC-SHA512+AES256GCM+DKG4of7,STOLEN_KEY,150,55.97,25,CYCLE,50,0,3000,500,0,0.857143,0.020687,0,0,0,100,31.43,85.71,0.491209,0.492238,1,3,0,0,76,1448,0.243014,1,0.48,2,3,0,0,V1,1,0.170474,24230,1,0,0,0.829526,1.829526,0,0,200
EDCF-Shield,v1a,FALCON1024+HMAC-SHA512+AES256GCM+DKG4of7,STOLEN_KEY,150,55.97,25,CUMULATIVE,50,2104,58723,10396,2102,0.829553,0.216319,0.251886,0.16832,0.500238,96.54,33.64,82.95,0.491209,0.492238,1,3,0,0,76,1448,0.243014,1,0.48,2,3,0,0,V1,1,0.170474,24230,1,0,0,0.829526,1.829526,0,0,200
EDCF-Shield,v1a,FALCON1024+HMAC-SHA512+AES256GCM+DKG4of7,STOLEN_KEY,150,55.97,26,CYCLE,52,0,3000,500,0,0.857143,0.019892,0,0,0,100,31.43,85.71,0.491629,0.492649,1,3,0,0,76,1448,0.240587,1,0.4808,2,3,0,0,V1,1,0.169216,24448.07692,1,0,0,0.830784,1.830784,0,0,200
EDCF-Shield,v1a,FALCON1024+HMAC-SHA512+AES256GCM+DKG4of7,STOLEN_KEY,150,55.97,26,CUMULATIVE,52,2104,61723,10896,2102,0.83081,0.212472,0.244566,0.161846,0.500238,96.71,33.54,83.08,0.491629,0.492649,1,3,0,0,76,1448,0.240587,1,0.4808,2,3,0,0,V1,1,0.169216,24448.07692,1,0,0,0.830784,1.830784,0,0,200
EDCF-Shield,v1a,FALCON1024+HMAC-SHA512+AES256GCM+DKG4of7,STOLEN_KEY,150,55.97,27,CYCLE,54,0,3000,500,0,0.857143,0.019156,0,0,0,100,31.43,85.71,0.492011,0.493022,1,3,0,0,76,1448,0.238244,1,0.4815,2,3,0,0,V1,1,0.168067,24650,1,0,0,0.831933,1.831933,0,0,200
EDCF-Shield,v1a,FALCON1024+HMAC-SHA512+AES256GCM+DKG4of7,STOLEN_KEY,150,55.97,27,CUMULATIVE,54,2104,64723,11396,2102,0.831958,0.208816,0.23766,0.155852,0.500238,96.85,33.45,83.19,0.492011,0.493022,1,3,0,0,76,1448,0.238244,1,0.4815,2,3,0,0,V1,1,0.168067,24650,1,0,0,0.831933,1.831933,0,0,200
EDCF-Shield,v1a,FALCON1024+HMAC-SHA512+AES256GCM+DKG4of7,STOLEN_KEY,150,55.97,28,CYCLE,56,0,3000,500,0,0.857143,0.018473,0,0,0,100,31.43,85.71,0.492359,0.493363,1,3,0,0,76,1448,0.235981,1,0.4821,2,3,0,0,V1,1,0.167015,24837.5,1,0,0,0.832985,1.832985,0,0,200
EDCF-Shield,v1a,FALCON1024+HMAC-SHA512+AES256GCM+DKG4of7,STOLEN_KEY,150,55.97,28,CUMULATIVE,56,2104,67723,11896,2102,0.833009,0.205336,0.231133,0.150286,0.500238,96.99,33.36,83.3,0.492359,0.493363,1,3,0,0,76,1448,0.235981,1,0.4821,2,3,0,0,V1,1,0.167015,24837.5,1,0,0,0.832985,1.832985,0,0,200
EDCF-Shield,v1a,FALCON1024+HMAC-SHA512+AES256GCM+DKG4of7,STOLEN_KEY,150,55.97,29,CYCLE,58,0,3000,500,0,0.857143,0.017837,0,0,0,100,31.43,85.71,0.492678,0.493676,1,3,0,0,76,1448,0.233792,1,0.4828,2,3,0,0,V1,1,0.166046,25012.06897,1,0,0,0.833954,1.833954,0,0,200
EDCF-Shield,v1a,FALCON1024+HMAC-SHA512+AES256GCM+DKG4of7,STOLEN_KEY,150,55.97,29,CUMULATIVE,58,2104,70723,12396,2102,0.833977,0.20202,0.224955,0.145103,0.500238,97.11,33.28,83.4,0.492678,0.493676,1,3,0,0,76,1448,0.233792,1,0.4828,2,3,0,0,V1,1,0.166046,25012.06897,1,0,0,0.833954,1.833954,0,0,200
EDCF-Shield,v1a,FALCON1024+HMAC-SHA512+AES256GCM+DKG4of7,STOLEN_KEY,150,55.97,30,CYCLE,60,0,3000,500,0,0.857143,0.017243,0,0,0,100,31.43,85.71,0.492972,0.493963,1,3,0,0,76,1448,0.231674,1,0.4833,2,3,0,0,V1,1,0.165153,25175,1,0,0,0.834847,1.834847,0,0,200
EDCF-Shield,v1a,FALCON1024+HMAC-SHA512+AES256GCM+DKG4of7,STOLEN_KEY,150,55.97,30,CUMULATIVE,60,2104,73723,12896,2102,0.834869,0.198855,0.219098,0.140267,0.500238,97.23,33.21,83.48,0.492972,0.493963,1,3,0,0,76,1448,0.231674,1,0.4833,2,3,0,0,V1,1,0.165153,25175,1,0,0,0.834847,1.834847,0,0,200
EDCF-Shield,v1a,FALCON1024+HMAC-SHA512+AES256GCM+DKG4of7,STOLEN_KEY,150,55.97,31,CYCLE,62,0,3000,500,0,0.857143,0.016688,0,0,0,100,31.43,85.71,0.493243,0.494228,1,3,0,0,76,1448,0.229622,1,0.4839,2,3,0,0,V1,1,0.164325,25327.41936,1,0,0,0.835675,1.835675,0,0,200
EDCF-Shield,v1a,FALCON1024+HMAC-SHA512+AES256GCM+DKG4of7,STOLEN_KEY,150,55.97,31,CUMULATIVE,62,2104,76723,13396,2102,0.835696,0.195831,0.213539,0.135742,0.500238,97.33,33.15,83.57,0.493243,0.494228,1,3,0,0,76,1448,0.229622,1,0.4839,2,3,0,0,V1,1,0.164325,25327.41936,1,0,0,0.835675,1.835675,0,0,200
EDCF-Shield,v1a,FALCON1024+HMAC-SHA512+AES256GCM+DKG4of7,STOLEN_KEY,150,55.97,32,CYCLE,64,0,3000,500,0,0.857143,0.016167,0,0,0,100,31.43,85.71,0.493494,0.494474,1,3,0,0,76,1448,0.227635,1,0.4844,2,3,0,0,V1,1,0.163557,25470.3125,1,0,0,0.836443,1.836443,0,0,200
EDCF-Shield,v1a,FALCON1024+HMAC-SHA512+AES256GCM+DKG4of7,STOLEN_KEY,150,55.97,32,CUMULATIVE,64,2104,79723,13896,2102,0.836463,0.192938,0.208255,0.1315,0.500238,97.43,33.08,83.64,0.493494,0.494474,1,3,0,0,76,1448,0.227635,1,0.4844,2,3,0,0,V1,1,0.163557,25470.3125,1,0,0,0.836443,1.836443,0,0,200
EDCF-Shield,v1a,FALCON1024+HMAC-SHA512+AES256GCM+DKG4of7,STOLEN_KEY,150,55.97,33,CYCLE,66,0,3000,500,0,0.857143,0.015678,0,0,0,100,31.43,85.71,0.493727,0.494702,1,3,0,0,76,1448,0.225707,1,0.4848,2,3,0,0,V1,1,0.162842,25604.54546,1,0,0,0.837158,1.837158,0,0,200
EDCF-Shield,v1a,FALCON1024+HMAC-SHA512+AES256GCM+DKG4of7,STOLEN_KEY,150,55.97,33,CUMULATIVE,66,2104,82723,14396,2102,0.837177,0.190167,0.203226,0.127515,0.500238,97.52,33.03,83.72,0.493727,0.494702,1,3,0,0,76,1448,0.225707,1,0.4848,2,3,0,0,V1,1,0.162842,25604.54546,1,0,0,0.837158,1.837158,0,0,200
EDCF-Shield,v1a,FALCON1024+HMAC-SHA512+AES256GCM+DKG4of7,STOLEN_KEY,150,55.97,34,CYCLE,68,0,3000,500,0,0.857143,0.015217,0,0,0,100,31.43,85.71,0.493944,0.494914,1,3,0,0,76,1448,0.223837,1,0.4853,2,3,0,0,V1,1,0.162175,25730.88235,1,0,0,0.837825,1.837825,0,0,200
EDCF-Shield,v1a,FALCON1024+HMAC-SHA512+AES256GCM+DKG4of7,STOLEN_KEY,150,55.97,34,CUMULATIVE,68,2104,85723,14896,2102,0.837844,0.187509,0.198434,0.123765,0.500238,97.61,32.97,83.78,0.493944,0.494914,1,3,0,0,76,1448,0.223837,1,0.4853,2,3,0,0,V1,1,0.162175,25730.88235,1,0,0,0.837825,1.837825,0,0,200
EDCF-Shield,v1a,FALCON1024+HMAC-SHA512+AES256GCM+DKG4of7,STOLEN_KEY,150,55.97,35,CYCLE,70,0,3000,500,0,0.857143,0.014783,0,0,0,100,31.43,85.71,0.494146,0.495112,1,3,0,0,76,1448,0.22202,1,0.4857,2,3,0,0,V1,1,0.161551,25850,1,0,0,0.838449,1.838449,0,0,200
EDCF-Shield,v1a,FALCON1024+HMAC-SHA512+AES256GCM+DKG4of7,STOLEN_KEY,150,55.97,35,CUMULATIVE,70,2104,88723,15396,2102,0.838468,0.184959,0.193863,0.120229,0.500238,97.69,32.92,83.84,0.494146,0.495112,1,3,0,0,76,1448,0.22202,1,0.4857,2,3,0,0,V1,1,0.161551,25850,1,0,0,0.838449,1.838449,0,0,200
EDCF-Shield,v1a,FALCON1024+HMAC-SHA512+AES256GCM+DKG4of7,STOLEN_KEY,150,55.97,36,CYCLE,72,0,3000,500,0,0.857143,0.014373,0,0,0,100,31.43,85.71,0.494336,0.495297,1,3,0,0,76,1448,0.220255,1,0.4861,2,3,0,0,V1,1,0.160966,25962.5,1,0,0,0.839034,1.839034,0,0,200
EDCF-Shield,v1a,FALCON1024+HMAC-SHA512+AES256GCM+DKG4of7,STOLEN_KEY,150,55.97,36,CUMULATIVE,72,2104,91723,15896,2102,0.839052,0.182508,0.189498,0.116889,0.500238,97.76,32.88,83.9,0.494336,0.495297,1,3,0,0,76,1448,0.220255,1,0.4861,2,3,0,0,V1,1,0.160966,25962.5,1,0,0,0.839034,1.839034,0,0,200
EDCF-Shield,v1a,FALCON1024+HMAC-SHA512+AES256GCM+DKG4of7,STOLEN_KEY,150,55.97,37,CYCLE,74,0,3000,500,0,0.857143,0.013986,0,0,0,100,31.43,85.71,0.494513,0.49547,1,3,0,0,76,1448,0.21854,1,0.4865,2,3,0,0,V1,1,0.160416,26068.91892,1,0,0,0.839584,1.839584,0,0,200
EDCF-Shield,v1a,FALCON1024+HMAC-SHA512+AES256GCM+DKG4of7,STOLEN_KEY,150,55.97,37,CUMULATIVE,74,2104,94723,16396,2102,0.839601,0.18015,0.185325,0.11373,0.500238,97.83,32.83,83.96,0.494513,0.49547,1,3,0,0,76,1448,0.21854,1,0.4865,2,3,0,0,V1,1,0.160416,26068.91892,1,0,0,0.839584,1.839584,0,0,200
EDCF-Shield,v1a,FALCON1024+HMAC-SHA512+AES256GCM+DKG4of7,STOLEN_KEY,150,55.97,38,CYCLE,76,0,3000,500,0,0.857143,0.013618,0,0,0,100,31.43,85.71,0.49468,0.495633,1,3,0,0,76,1448,0.216871,1,0.4868,2,3,0,0,V1,1,0.159899,26169.73684,1,0,0,0.840101,1.840101,0,0,200
EDCF-Shield,v1a,FALCON1024+HMAC-SHA512+AES256GCM+DKG4of7,STOLEN_KEY,150,55.97,38,CUMULATIVE,76,2104,97723,16896,2102,0.840118,0.177881,0.181332,0.110737,0.500238,97.89,32.79,84.01,0.49468,0.495633,1,3,0,0,76,1448,0.216871,1,0.4868,2,3,0,0,V1,1,0.159899,26169.73684,1,0,0,0.840101,1.840101,0,0,200
EDCF-Shield,v1a,FALCON1024+HMAC-SHA512+AES256GCM+DKG4of7,STOLEN_KEY,150,55.97,39,CYCLE,78,0,3000,500,0,0.857143,0.01327,0,0,0,100,31.43,85.71,0.494837,0.495787,1,3,0,0,76,1448,0.215246,1,0.4872,2,3,0,0,V1,1,0.159411,26265.38462,1,0,0,0.840589,1.840589,0,0,200
EDCF-Shield,v1a,FALCON1024+HMAC-SHA512+AES256GCM+DKG4of7,STOLEN_KEY,150,55.97,39,CUMULATIVE,78,2104,100723,17396,2102,0.840605,0.175694,0.177508,0.107897,0.500238,97.96,32.75,84.06,0.494837,0.495787,1,3,0,0,76,1448,0.215246,1,0.4872,2,3,0,0,V1,1,0.159411,26265.38462,1,0,0,0.840589,1.840589,0,0,200
EDCF-Shield,v1a,FALCON1024+HMAC-SHA512+AES256GCM+DKG4of7,STOLEN_KEY,150,55.97,40,CYCLE,80,0,3000,500,0,0.857143,0.012938,0,0,0,100,31.43,85.71,0.494984,0.495931,1,3,0,0,76,1448,0.213664,1,0.4875,2,3,0,0,V1,1,0.158951,26356.25,1,0,0,0.841049,1.841049,0,0,200
EDCF-Shield,v1a,FALCON1024+HMAC-SHA512+AES256GCM+DKG4of7,STOLEN_KEY,150,55.97,40,CUMULATIVE,80,2104,103723,17896,2102,0.841065,0.173585,0.173841,0.1052,0.500238,98.01,32.72,84.1,0.494984,0.495931,1,3,0,0,76,1448,0.213664,1,0.4875,2,3,0,0,V1,1,0.158951,26356.25,1,0,0,0.841049,1.841049,0,0,200
EDCF-Shield,v1a,FALCON1024+HMAC-SHA512+AES256GCM+DKG4of7,STOLEN_KEY,150,55.97,41,CYCLE,82,0,3000,500,0,0.857143,0.012623,0,0,0,100,31.43,85.71,0.495124,0.496068,1,3,0,0,76,1448,0.212122,1,0.4878,2,3,0,0,V1,1,0.158515,26442.68293,1,0,0,0.841485,1.841485,0,0,200
EDCF-Shield,v1a,FALCON1024+HMAC-SHA512+AES256GCM+DKG4of7,STOLEN_KEY,150,55.97,41,CUMULATIVE,82,2104,106723,18396,2102,0.8415,0.171549,0.170323,0.102634,0.500238,98.07,32.68,84.15,0.495124,0.496068,1,3,0,0,76,1448,0.212122,1,0.4878,2,3,0,0,V1,1,0.158515,26442.68293,1,0,0,0.841485,1.841485,0,0,200
EDCF-Shield,v1a,FALCON1024+HMAC-SHA512+AES256GCM+DKG4of7,STOLEN_KEY,150,55.97,42,CYCLE,84,0,3000,500,0,0.857143,0.012324,0,0,0,100,31.43,85.71,0.495256,0.496197,1,3,0,0,76,1448,0.21062,1,0.4881,2,3,0,0,V1,1,0.158103,26525,1,0,0,0.841897,1.841897,0,0,200
EDCF-Shield,v1a,FALCON1024+HMAC-SHA512+AES256GCM+DKG4of7,STOLEN_KEY,150,55.97,42,CUMULATIVE,84,2104,109723,18896,2102,0.841912,0.169582,0.166944,0.10019,0.500238,98.12,32.65,84.19,0.495256,0.496197,1,3,0,0,76,1448,0.21062,1,0.4881,2,3,0,0,V1,1,0.158103,26525,1,0,0,0.841897,1.841897,0,0,200
EDCF-Shield,v1a,FALCON1024+HMAC-SHA512+AES256GCM+DKG4of7,STOLEN_KEY,150,55.97,43,CYCLE,86,0,3000,500,0,0.857143,0.012037,0,0,0,100,31.43,85.71,0.495381,0.496319,1,3,0,0,76,1448,0.209154,1,0.4884,2,3,0,0,V1,1,0.157711,26603.48837,1,0,0,0.842289,1.842289,0,0,200
EDCF-Shield,v1a,FALCON1024+HMAC-SHA512+AES256GCM+DKG4of7,STOLEN_KEY,150,55.97,43,CUMULATIVE,86,2104,112723,19396,2102,0.842303,0.167681,0.163697,0.09786,0.500238,98.17,32.62,84.23,0.495381,0.496319,1,3,0,0,76,1448,0.209154,1,0.4884,2,3,0,0,V1,1,0.157711,26603.48837,1,0,0,0.842289,1.842289,0,0,200
EDCF-Shield,v1a,FALCON1024+HMAC-SHA512+AES256GCM+DKG4of7,STOLEN_KEY,150,55.97,44,CYCLE,88,0,3000,500,0,0.857143,0.011764,0,0,0,100,31.43,85.71,0.4955,0.496435,1,3,0,0,76,1448,0.207724,1,0.4886,2,3,0,0,V1,1,0.15734,26678.40909,1,0,0,0.84266,1.84266,0,0,200
EDCF-Shield,v1a,FALCON1024+HMAC-SHA512+AES256GCM+DKG4of7,STOLEN_KEY,150,55.97,44,CUMULATIVE,88,2104,115723,19896,2102,0.842675,0.165842,0.160574,0.095636,0.500238,98.22,32.59,84.27,0.4955,0.496435,1,3,0,0,76,1448,0.207724,1,0.4886,2,3,0,0,V1,1,0.15734,26678.40909,1,0,0,0.84266,1.84266,0,0,200
EDCF-Shield,v1a,FALCON1024+HMAC-SHA512+AES256GCM+DKG4of7,STOLEN_KEY,150,55.97,45,CYCLE,90,0,3000,500,0,0.857143,0.011504,0,0,0,100,31.43,85.71,0.495613,0.496545,1,3,0,0,76,1448,0.206328,1,0.4889,2,3,0,0,V1,1,0.156986,26750,1,0,0,0.843014,1.843014,0,0,200
EDCF-Shield,v1a,FALCON1024+HMAC-SHA512+AES256GCM+DKG4of7,STOLEN_KEY,150,55.97,45,CUMULATIVE,90,2104,118723,20396,2102,0.843028,0.164061,0.157568,0.093511,0.500238,98.26,32.56,84.3,0.495613,0.496545,1,3,0,0,76,1448,0.206328,1,0.4889,2,3,0,0,V1,1,0.156986,26750,1,0,0,0.843014,1.843014,0,0,200
EDCF-Shield,v1a,FALCON1024+HMAC-SHA512+AES256GCM+DKG4of7,STOLEN_KEY,150,55.97,46,CYCLE,92,0,3000,500,0,0.857143,0.011254,0,0,0,100,31.43,85.71,0.49572,0.49665,1,3,0,0,76,1448,0.204964,1,0.4891,2,3,0,0,V1,1,0.156649,26818.47826,1,0,0,0.843351,1.843351,0,0,200
EDCF-Shield,v1a,FALCON1024+HMAC-SHA512+AES256GCM+DKG4of7,STOLEN_KEY,150,55.97,46,CUMULATIVE,92,2104,121723,20896,2102,0.843365,0.162337,0.154672,0.091478,0.500238,98.3,32.53,84.34,0.49572,0.49665,1,3,0,0,76,1448,0.204964,1,0.4891,2,3,0,0,V1,1,0.156649,26818.47826,1,0,0,0.843351,1.843351,0,0,200
EDCF-Shield,v1a,FALCON1024+HMAC-SHA512+AES256GCM+DKG4of7,STOLEN_KEY,150,55.97,47,CYCLE,94,0,3000,500,0,0.857143,0.011015,0,0,0,100,31.43,85.71,0.495822,0.49675,1,3,0,0,76,1448,0.203632,1,0.4894,2,3,0,0,V1,1,0.156328,26884.04255,1,0,0,0.843672,1.843672,0,0,200
EDCF-Shield,v1a,FALCON1024+HMAC-SHA512+AES256GCM+DKG4of7,STOLEN_KEY,150,55.97,47,CUMULATIVE,94,2104,124723,21396,2102,0.843685,0.160665,0.15188,0.089532,0.500238,98.34,32.51,84.37,0.495822,0.49675,1,3,0,0,76,1448,0.203632,1,0.4894,2,3,0,0,V1,1,0.156328,26884.04255,1,0,0,0.843672,1.843672,0,0,200
EDCF-Shield,v1a,FALCON1024+HMAC-SHA512+AES256GCM+DKG4of7,STOLEN_KEY,150,55.97,48,CYCLE,96,0,3000,500,0,0.857143,0.010786,0,0,0,100,31.43,85.71,0.495919,0.496845,1,3,0,0,76,1448,0.20233,1,0.4896,2,3,0,0,V1,1,0.156021,26946.875,1,0,0,0.843979,1.843979,0,0,200
EDCF-Shield,v1a,FALCON1024+HMAC-SHA512+AES256GCM+DKG4of7,STOLEN_KEY,150,55.97,48,CUMULATIVE,96,2104,127723,21896,2102,0.843992,0.159043,0.149188,0.087667,0.500238,98.38,32.48,84.4,0.495919,0.496845,1,3,0,0,76,1448,0.20233,1,0.4896,2,3,0,0,V1,1,0.156021,26946.875,1,0,0,0.843979,1.843979,0,0,200
EDCF-Shield,v1a,FALCON1024+HMAC-SHA512+AES256GCM+DKG4of7,STOLEN_KEY,150,55.97,49,CYCLE,98,0,3000,500,0,0.857143,0.010566,0,0,0,100,31.43,85.71,0.496012,0.496936,1,3,0,0,76,1448,0.201057,1,0.4898,2,3,0,0,V1,1,0.155729,27007.14286,1,0,0,0.844271,1.844271,0,0,200
EDCF-Shield,v1a,FALCON1024+HMAC-SHA512+AES256GCM+DKG4of7,STOLEN_KEY,150,55.97,49,CUMULATIVE,98,2104,130723,22396,2102,0.844284,0.157469,0.14659,0.085878,0.500238,98.42,32.46,84.43,0.496012,0.496936,1,3,0,0,76,1448,0.201057,1,0.4898,2,3,0,0,V1,1,0.155729,27007.14286,1,0,0,0.844271,1.844271,0,0,200
EDCF-Shield,v1a,FALCON1024+HMAC-SHA512+AES256GCM+DKG4of7,STOLEN_KEY,150,55.97,50,CYCLE,100,0,3000,500,0,0.857143,0.010356,0,0,0,100,31.43,85.71,0.496101,0.497023,1,3,0,0,76,1448,0.199812,1,0.49,2,3,0,0,V1,1,0.155448,27065,1,0,0,0.844552,1.844552,0,0,200
EDCF-Shield,v1a,FALCON1024+HMAC-SHA512+AES256GCM+DKG4of7,STOLEN_KEY,150,55.97,50,CUMULATIVE,100,2104,133723,22896,2102,0.844564,0.155941,0.14408,0.08416,0.500238,98.45,32.44,84.46,0.496101,0.497023,1,3,0,0,76,1448,0.199812,1,0.49,2,3,0,0,V1,1,0.155448,27065,1,0,0,0.844552,1.844552,0,0,200
EDCF-Shield,v1a,FALCON1024+HMAC-SHA512+AES256GCM+DKG4of7,STOLEN_KEY,150,55.97,51,CYCLE,102,0,3000,500,0,0.857143,0.010153,0,0,0,100,31.43,85.71,0.496186,0.497106,1,3,0,0,76,1448,0.198593,1,0.4902,2,3,0,0,V1,1,0.15518,27120.58824,1,0,0,0.84482,1.84482,0,0,200
EDCF-Shield,v1a,FALCON1024+HMAC-SHA512+AES256GCM+DKG4of7,STOLEN_KEY,150,55.97,51,CUMULATIVE,102,2104,136723,23396,2102,0.844832,0.154456,0.141655,0.08251,0.500238,98.49,32.41,84.48,0.496186,0.497106,1,3,0,0,76,1448,0.198593,1,0.4902,2,3,0,0,V1,1,0.15518,27120.58824,1,0,0,0.84482,1.84482,0,0,200
EDCF-Shield,v1a,FALCON1024+HMAC-SHA512+AES256GCM+DKG4of7,STOLEN_KEY,150,55.97,52,CYCLE,104,0,3000,500,0,0.857143,0.009958,0,0,0,100,31.43,85.71,0.496267,0.497185,1,3,0,0,76,1448,0.1974,1,0.4904,2,3,0,0,V1,1,0.154923,27174.03846,1,0,0,0.845077,1.845077,0,0,200
EDCF-Shield,v1a,FALCON1024+HMAC-SHA512+AES256GCM+DKG4of7,STOLEN_KEY,150,55.97,52,CUMULATIVE,104,2104,139723,23896,2102,0.845089,0.153012,0.13931,0.080923,0.500238,98.52,32.39,84.51,0.496267,0.497185,1,3,0,0,76,1448,0.1974,1,0.4904,2,3,0,0,V1,1,0.154923,27174.03846,1,0,0,0.845077,1.845077,0,0,200
EDCF-Shield,v1a,FALCON1024+HMAC-SHA512+AES256GCM+DKG4of7,STOLEN_KEY,150,55.97,53,CYCLE,106,0,3000,500,0,0.857143,0.009771,0,0,0,100,31.43,85.71,0.496345,0.497261,1,3,0,0,76,1448,0.196232,1,0.4906,2,3,0,0,V1,1,0.154677,27225.4717,1,0,0,0.845323,1.845323,0,0,200
EDCF-Shield,v1a,FALCON1024+HMAC-SHA512+AES256GCM+DKG4of7,STOLEN_KEY,150,55.97,53,CUMULATIVE,106,2104,142723,24396,2102,0.845335,0.151608,0.137042,0.079396,0.500238,98.55,32.37,84.53,0.496345,0.497261,1,3,0,0,76,1448,0.196232,1,0.4906,2,3,0,0,V1,1,0.154677,27225.4717,1,0,0,0.845323,1.845323,0,0,200
EDCF-Shield,v1a,FALCON1024+HMAC-SHA512+AES256GCM+DKG4of7,STOLEN_KEY,150,55.97,54,CYCLE,108,0,3000,500,0,0.857143,0.00959,0,0,0,100,31.43,85.71,0.49642,0.497335,1,3,0,0,76,1448,0.195088,1,0.4907,2,3,0,0,V1,1,0.15444,27275,1,0,0,0.84556,1.84556,0,0,200
EDCF-Shield,v1a,FALCON1024+HMAC-SHA512+AES256GCM+DKG4of7,STOLEN_KEY,150,55.97,54,CUMULATIVE,108,2104,145723,24896,2102,0.845571,0.150242,0.134846,0.077926,0.500238,98.58,32.36,84.56,0.49642,0.497335,1,3,0,0,76,1448,0.195088,1,0.4907,2,3,0,0,V1,1,0.15444,27275,1,0,0,0.84556,1.84556,0,0,200
EDCF-Shield,v1a,FALCON1024+HMAC-SHA512+AES256GCM+DKG4of7,STOLEN_KEY,150,55.97,55,CYCLE,110,0,3000,500,0,0.857143,0.009416,0,0,0,100,31.43,85.71,0.496491,0.497405,1,3,0,0,76,1448,0.193967,1,0.4909,2,3,0,0,V1,1,0.154213,27322.72727,1,0,0,0.845787,1.845787,0,0,200
EDCF-Shield,v1a,FALCON1024+HMAC-SHA512+AES256GCM+DKG4of7,STOLEN_KEY,150,55.97,55,CUMULATIVE,110,2104,148723,25396,2102,0.845798,0.148911,0.132719,0.076509,0.500238,98.61,32.34,84.58,0.496491,0.497405,1,3,0,0,76,1448,0.193967,1,0.4909,2,3,0,0,V1,1,0.154213,27322.72727,1,0,0,0.845787,1.845787,0,0,200
EDCF-Shield,v1a,FALCON1024+HMAC-SHA512+AES256GCM+DKG4of7,STOLEN_KEY,150,55.97,56,CYCLE,112,0,3000,500,0,0.857143,0.009249,0,0,0,100,31.43,85.71,0.49656,0.497472,1,3,0,0,76,1448,0.192868,1,0.4911,2,3,0,0,V1,1,0.153994,27368.75,1,0,0,0.846006,1.846006,0,0,200
EDCF-Shield,v1a,FALCON1024+HMAC-SHA512+AES256GCM+DKG4of7,STOLEN_KEY,150,55.97,56,CUMULATIVE,112,2104,151723,25896,2102,0.846017,0.147616,0.130659,0.075143,0.500238,98.63,32.32,84.6,0.49656,0.497472,1,3,0,0,76,1448,0.192868,1,0.4911,2,3,0,0,V1,1,0.153994,27368.75,1,0,0,0.846006,1.846006,0,0,200
EDCF-Shield,v1a,FALCON1024+HMAC-SHA512+AES256GCM+DKG4of7,STOLEN_KEY,150,55.97,57,CYCLE,114,0,3000,500,0,0.857143,0.009087,0,0,0,100,31.43,85.71,0.496627,0.497537,1,3,0,0,76,1448,0.19179,1,0.4912,2,3,0,0,V1,1,0.153784,27413.1579,1,0,0,0.846216,1.846216,0,0,200
EDCF-Shield,v1a,FALCON1024+HMAC-SHA512+AES256GCM+DKG4of7,STOLEN_KEY,150,55.97,57,CUMULATIVE,114,2104,154723,26396,2102,0.846227,0.146353,0.128661,0.073825,0.500238,98.66,32.3,84.62,0.496627,0.497537,1,3,0,0,76,1448,0.19179,1,0.4912,2,3,0,0,V1,1,0.153784,27413.1579,1,0,0,0.846216,1.846216,0,0,200
EDCF-Shield,v1a,FALCON1024+HMAC-SHA512+AES256GCM+DKG4of7,STOLEN_KEY,150,55.97,58,CYCLE,116,0,3000,500,0,0.857143,0.008931,0,0,0,100,31.43,85.71,0.49669,0.497599,1,3,0,0,76,1448,0.190734,1,0.4914,2,3,0,0,V1,1,0.153581,27456.03448,1,0,0,0.846419,1.846419,0,0,200
EDCF-Shield,v1a,FALCON1024+HMAC-SHA512+AES256GCM+DKG4of7,STOLEN_KEY,150,55.97,58,CUMULATIVE,116,2104,157723,26896,2102,0.846429,0.145122,0.126724,0.072552,0.500238,98.68,32.29,84.64,0.49669,0.497599,1,3,0,0,76,1448,0.190734,1,0.4914,2,3,0,0,V1,1,0.153581,27456.03448,1,0,0,0.846419,1.846419,0,0,200
EDCF-Shield,v1a,FALCON1024+HMAC-SHA512+AES256GCM+DKG4of7,STOLEN_KEY,150,55.97,59,CYCLE,118,0,3000,500,0,0.857143,0.00878,0,0,0,100,31.43,85.71,0.496752,0.497659,1,3,0,0,76,1448,0.189697,1,0.4915,2,3,0,0,V1,1,0.153386,27497.45763,1,0,0,0.846614,1.846614,0,0,200
EDCF-Shield,v1a,FALCON1024+HMAC-SHA512+AES256GCM+DKG4of7,STOLEN_KEY,150,55.97,59,CUMULATIVE,118,2104,160723,27396,2102,0.846624,0.143922,0.124844,0.071322,0.500238,98.71,32.27,84.66,0.496752,0.497659,1,3,0,0,76,1448,0.189697,1,0.4915,2,3,0,0,V1,1,0.153386,27497.45763,1,0,0,0.846614,1.846614,0,0,200
EDCF-Shield,v1a,FALCON1024+HMAC-SHA512+AES256GCM+DKG4of7,STOLEN_KEY,150,55.97,60,CYCLE,120,0,3000,500,0,0.857143,0.008634,0,0,0,100,31.43,85.71,0.496811,0.497717,1,3,0,0,76,1448,0.18868,1,0.4917,2,3,0,0,V1,1,0.153198,27537.5,1,0,0,0.846802,1.846802,0,0,200
EDCF-Shield,v1a,FALCON1024+HMAC-SHA512+AES256GCM+DKG4of7,STOLEN_KEY,150,55.97,60,CUMULATIVE,120,2104,163723,27896,2102,0.846812,0.14275,0.123019,0.070133,0.500238,98.73,32.26,84.68,0.496811,0.497717,1,3,0,0,76,1448,0.18868,1,0.4917,2,3,0,0,V1,1,0.153198,27537.5,1,0,0,0.846802,1.846802,0,0,200
EDCF-Shield,v1a,FALCON1024+HMAC-SHA512+AES256GCM+DKG4of7,STOLEN_KEY,150,55.97,61,CYCLE,122,0,3000,500,0,0.857143,0.008493,0,0,0,100,31.43,85.71,0.496868,0.497773,1,3,0,0,76,1448,0.187681,1,0.4918,2,3,0,0,V1,1,0.153016,27576.22951,1,0,0,0.846984,1.846984,0,0,200
EDCF-Shield,v1a,FALCON1024+HMAC-SHA512+AES256GCM+DKG4of7,STOLEN_KEY,150,55.97,61,CUMULATIVE,122,2104,166723,28396,2102,0.846994,0.141607,0.121247,0.068984,0.500238,98.75,32.24,84.7,0.496868,0.497773,1,3,0,0,76,1448,0.187681,1,0.4918,2,3,0,0,V1,1,0.153016,27576.22951,1,0,0,0.846984,1.846984,0,0,200
EDCF-Shield,v1a,FALCON1024+HMAC-SHA512+AES256GCM+DKG4of7,STOLEN_KEY,150,55.97,62,CYCLE,124,0,3000,500,0,0.857143,0.008356,0,0,0,100,31.43,85.71,0.496923,0.497827,1,3,0,0,76,1448,0.186701,1,0.4919,2,3,0,0,V1,1,0.152841,27613.70968,1,0,0,0.847159,1.847159,0,0,200
EDCF-Shield,v1a,FALCON1024+HMAC-SHA512+AES256GCM+DKG4of7,STOLEN_KEY,150,55.97,62,CUMULATIVE,124,2104,169723,28896,2102,0.847169,0.140491,0.119525,0.067871,0.500238,98.78,32.23,84.72,0.496923,0.497827,1,3,0,0,76,1448,0.186701,1,0.4919,2,3,0,0,V1,1,0.152841,27613.70968,1,0,0,0.847159,1.847159,0,0,200
EDCF-Shield,v1a,FALCON1024+HMAC-SHA512+AES256GCM+DKG4of7,STOLEN_KEY,150,55.97,63,CYCLE,126,0,3000,500,0,0.857143,0.008224,0,0,0,100,31.43,85.71,0.496976,0.497878,1,3,0,0,76,1448,0.185738,1,0.4921,2,3,0,0,V1,1,0.152672,27650,1,0,0,0.847328,1.847328,0,0,200
EDCF-Shield,v1a,FALCON1024+HMAC-SHA512+AES256GCM+DKG4of7,STOLEN_KEY,150,55.97,63,CUMULATIVE,126,2104,172723,29396,2102,0.847338,0.1394,0.117851,0.066794,0.500238,98.8,32.21,84.73,0.496976,0.497878,1,3,0,0,76,1448,0.185738,1,0.4921,2,3,0,0,V1,1,0.152672,27650,1,0,0,0.847328,1.847328,0,0,200
EDCF-Shield,v1a,FALCON1024+HMAC-SHA512+AES256GCM+DKG4of7,STOLEN_KEY,150,55.97,64,CYCLE,128,0,3000,500,0,0.857143,0.008096,0,0,0,100,31.43,85.71,0.497027,0.497929,1,3,0,0,76,1448,0.184793,1,0.4922,2,3,0,0,V1,1,0.152508,27685.15625,1,0,0,0.847492,1.847492,0,0,200
EDCF-Shield,v1a,FALCON1024+HMAC-SHA512+AES256GCM+DKG4of7,STOLEN_KEY,150,55.97,64,CUMULATIVE,128,2104,175723,29896,2102,0.847501,0.138335,0.116224,0.06575,0.500238,98.82,32.2,84.75,0.497027,0.497929,1,3,0,0,76,1448,0.184793,1,0.4922,2,3,0,0,V1,1,0.152508,27685.15625,1,0,0,0.847492,1.847492,0,0,200
EDCF-Shield,v1a,FALCON1024+HMAC-SHA512+AES256GCM+DKG4of7,STOLEN_KEY,150,55.97,65,CYCLE,130,0,3000,500,0,0.857143,0.007972,0,0,0,100,31.43,85.71,0.497077,0.497977,1,3,0,0,76,1448,0.183864,1,0.4923,2,3,0,0,V1,1,0.15235,27719.23077,1,0,0,0.84765,1.84765,0,0,200
EDCF-Shield,v1a,FALCON1024+HMAC-SHA512+AES256GCM+DKG4of7,STOLEN_KEY,150,55.97,65,CUMULATIVE,130,2104,178723,30396,2102,0.84766,0.137293,0.114641,0.064738,0.500238,98.84,32.19,84.77,0.497077,0.497977,1,3,0,0,76,1448,0.183864,1,0.4923,2,3,0,0,V1,1,0.15235,27719.23077,1,0,0,0.84765,1.84765,0,0,200
EDCF-Shield,v1a,FALCON1024+HMAC-SHA512+AES256GCM+DKG4of7,STOLEN_KEY,150,55.97,66,CYCLE,132,0,3000,500,0,0.857143,0.007851,0,0,0,100,31.43,85.71,0.497125,0.498024,1,3,0,0,76,1448,0.18295,1,0.4924,2,3,0,0,V1,1,0.152196,27752.27273,1,0,0,0.847804,1.847804,0,0,200
EDCF-Shield,v1a,FALCON1024+HMAC-SHA512+AES256GCM+DKG4of7,STOLEN_KEY,150,55.97,66,CUMULATIVE,132,2104,181723,30896,2102,0.847813,0.136274,0.1131,0.063758,0.500238,98.86,32.18,84.78,0.497125,0.498024,1,3,0,0,76,1448,0.18295,1,0.4924,2,3,0,0,V1,1,0.152196,27752.27273,1,0,0,0.847804,1.847804,0,0,200
EDCF-Shield,v1a,FALCON1024+HMAC-SHA512+AES256GCM+DKG4of7,STOLEN_KEY,150,55.97,67,CYCLE,134,0,3000,500,0,0.857143,0.007734,0,0,0,100,31.43,85.71,0.497171,0.498069,1,3,0,0,76,1448,0.182053,1,0.4925,2,3,0,0,V1,1,0.152048,27784.32836,1,0,0,0.847952,1.847952,0,0,200
EDCF-Shield,v1a,FALCON1024+HMAC-SHA512+AES256GCM+DKG4of7,STOLEN_KEY,150,55.97,67,CUMULATIVE,134,2104,184723,31396,2102,0.847961,0.135278,0.1116,0.062806,0.500238,98.87,32.16,84.8,0.497171,0.498069,1,3,0,0,76,1448,0.182053,1,0.4925,2,3,0,0,V1,1,0.152048,27784.32836,1,0,0,0.847952,1.847952,0,0,200
EDCF-Shield,v1a,FALCON1024+HMAC-SHA512+AES256GCM+DKG4of7,STOLEN_KEY,150,55.97,68,CYCLE,136,0,3000,500,0,0.857143,0.007621,0,0,0,100,31.43,85.71,0.497216,0.498113,1,3,0,0,76,1448,0.18117,1,0.4926,2,3,0,0,V1,1,0.151904,27815.44118,1,0,0,0.848096,1.848096,0,0,200
EDCF-Shield,v1a,FALCON1024+HMAC-SHA512+AES256GCM+DKG4of7,STOLEN_KEY,150,55.97,68,CUMULATIVE,136,2104,187723,31896,2102,0.848105,0.134303,0.11014,0.061882,0.500238,98.89,32.15,84.81,0.497216,0.498113,1,3,0,0,76,1448,0.18117,1,0.4926,2,3,0,0,V1,1,0.151904,27815.44118,1,0,0,0.848096,1.848096,0,0,200
EDCF-Shield,v1a,FALCON1024+HMAC-SHA512+AES256GCM+DKG4of7,STOLEN_KEY,150,55.97,69,CYCLE,138,0,3000,500,0,0.857143,0.007511,0,0,0,100,31.43,85.71,0.49726,0.498156,1,3,0,0,76,1448,0.180302,1,0.4928,2,3,0,0,V1,1,0.151765,27845.65217,1,0,0,0.848235,1.848235,0,0,200
EDCF-Shield,v1a,FALCON1024+HMAC-SHA512+AES256GCM+DKG4of7,STOLEN_KEY,150,55.97,69,CUMULATIVE,138,2104,190723,32396,2102,0.848244,0.133349,0.108717,0.060986,0.500238,98.91,32.14,84.82,0.49726,0.498156,1,3,0,0,76,1448,0.180302,1,0.4928,2,3,0,0,V1,1,0.151765,27845.65217,1,0,0,0.848235,1.848235,0,0,200
EDCF-Shield,v1a,FALCON1024+HMAC-SHA512+AES256GCM+DKG4of7,STOLEN_KEY,150,55.97,70,CYCLE,140,0,3000,500,0,0.857143,0.007404,0,0,0,100,31.43,85.71,0.497302,0.498197,1,3,0,0,76,1448,0.179449,1,0.4929,2,3,0,0,V1,1,0.15163,27875,1,0,0,0.84837,1.84837,0,0,200
EDCF-Shield,v1a,FALCON1024+HMAC-SHA512+AES256GCM+DKG4of7,STOLEN_KEY,150,55.97,70,CUMULATIVE,140,2104,193723,32896,2102,0.848379,0.132415,0.107331,0.060114,0.500238,98.93,32.13,84.84,0.497302,0.498197,1,3,0,0,76,1448,0.179449,1,0.4929,2,3,0,0,V1,1,0.15163,27875,1,0,0,0.84837,1.84837,0,0,200
EDCF-Shield,v1a,FALCON1024+HMAC-SHA512+AES256GCM+DKG4of7,STOLEN_KEY,150,55.97,71,CYCLE,142,0,3000,500,0,0.857143,0.0073,0,0,0,100,31.43,85.71,0.497343,0.498237,1,3,0,0,76,1448,0.178609,1,0.493,2,3,0,0,V1,1,0.151499,27903.52113,1,0,0,0.848501,1.848501,0,0,200
EDCF-Shield,v1a,FALCON1024+HMAC-SHA512+AES256GCM+DKG4of7,STOLEN_KEY,150,55.97,71,CUMULATIVE,142,2104,196723,33396,2102,0.84851,0.131501,0.105979,0.059268,0.500238,98.94,32.12,84.85,0.497343,0.498237,1,3,0,0,76,1448,0.178609,1,0.493,2,3,0,0,V1,1,0.151499,27903.52113,1,0,0,0.848501,1.848501,0,0,200
EDCF-Shield,v1a,FALCON1024+HMAC-SHA512+AES256GCM+DKG4of7,STOLEN_KEY,150,55.97,72,CYCLE,144,0,3000,500,0,0.857143,0.007199,0,0,0,100,31.43,85.71,0.497383,0.498276,1,3,0,0,76,1448,0.177782,1,0.4931,2,3,0,0,V1,1,0.151372,27931.25,1,0,0,0.848628,1.848628,0,0,200
EDCF-Shield,v1a,FALCON1024+HMAC-SHA512+AES256GCM+DKG4of7,STOLEN_KEY,150,55.97,72,CUMULATIVE,144,2104,199723,33896,2102,0.848637,0.130604,0.104661,0.058444,0.500238,98.96,32.11,84.86,0.497383,0.498276,1,3,0,0,76,1448,0.177782,1,0.4931,2,3,0,0,V1,1,0.151372,27931.25,1,0,0,0.848628,1.848628,0,0,200
EDCF-Shield,v1a,FALCON1024+HMAC-SHA512+AES256GCM+DKG4of7,STOLEN_KEY,150,55.97,73,CYCLE,146,0,3000,500,0,0.857143,0.007101,0,0,0,100,31.43,85.71,0.497421,0.498314,1,3,0,0,76,1448,0.176969,1,0.4932,2,3,0,0,V1,1,0.151248,27958.21918,1,0,0,0.848752,1.848752,0,0,200
EDCF-Shield,v1a,FALCON1024+HMAC-SHA512+AES256GCM+DKG4of7,STOLEN_KEY,150,55.97,73,CUMULATIVE,146,2104,202723,34396,2102,0.84876,0.129726,0.103375,0.057644,0.500238,98.97,32.1,84.88,0.497421,0.498314,1,3,0,0,76,1448,0.176969,1,0.4932,2,3,0,0,V1,1,0.151248,27958.21918,1,0,0,0.848752,1.848752,0,0,200
EDCF-Shield,v1a,FALCON1024+HMAC-SHA512+AES256GCM+DKG4of7,STOLEN_KEY,150,55.97,74,CYCLE,148,0,3000,500,0,0.857143,0.007005,0,0,0,100,31.43,85.71,0.497459,0.49835,1,3,0,0,76,1448,0.176168,1,0.4932,2,3,0,0,V1,1,0.151128,27984.45946,1,0,0,0.848872,1.848872,0,0,200
EDCF-Shield,v1a,FALCON1024+HMAC-SHA512+AES256GCM+DKG4of7,STOLEN_KEY,150,55.97,74,CUMULATIVE,148,2104,205723,34896,2102,0.84888,0.128866,0.102121,0.056865,0.500238,98.99,32.09,84.89,0.497459,0.49835,1,3,0,0,76,1448,0.176168,1,0.4932,2,3,0,0,V1,1,0.151128,27984.45946,1,0,0,0.848872,1.848872,0,0,200
EDCF-Shield,v1a,FALCON1024+HMAC-SHA512+AES256GCM+DKG4of7,STOLEN_KEY,150,55.97,75,CYCLE,150,0,3000,500,0,0.857143,0.006912,0,0,0,100,31.43,85.71,0.497495,0.498386,1,3,0,0,76,1448,0.17538,1,0.4933,2,3,0,0,V1,1,0.151012,28010,1,0,0,0.848988,1.848988,0,0,200
EDCF-Shield,v1a,FALCON1024+HMAC-SHA512+AES256GCM+DKG4of7,STOLEN_KEY,150,55.97,75,CUMULATIVE,150,2104,208723,35396,2102,0.848996,0.128022,0.100897,0.056107,0.500238,99,32.08,84.9,0.497495,0.498386,1,3,0,0,76,1448,0.17538,1,0.4933,2,3,0,0,V1,1,0.151012,28010,1,0,0,0.848988,1.848988,0,0,200
EDCF-Shield,v1a,FALCON1024+HMAC-SHA512+AES256GCM+DKG4of7,STOLEN_KEY,150,55.97,76,CYCLE,152,0,3000,500,0,0.857143,0.006821,0,0,0,100,31.43,85.71,0.49753,0.49842,1,3,0,0,76,1448,0.174603,1,0.4934,2,3,0,0,V1,1,0.150898,28034.86842,1,0,0,0.849102,1.849102,0,0,200
EDCF-Shield,v1a,FALCON1024+HMAC-SHA512+AES256GCM+DKG4of7,STOLEN_KEY,150,55.97,76,CUMULATIVE,152,2104,211723,35896,2102,0.84911,0.127194,0.099701,0.055368,0.500238,99.02,32.07,84.91,0.49753,0.49842,1,3,0,0,76,1448,0.174603,1,0.4934,2,3,0,0,V1,1,0.150898,28034.86842,1,0,0,0.849102,1.849102,0,0,200
EDCF-Shield,v1a,FALCON1024+HMAC-SHA512+AES256GCM+DKG4of7,STOLEN_KEY,150,55.97,77,CYCLE,154,0,3000,500,0,0.857143,0.006733,0,0,0,100,31.43,85.71,0.497565,0.498454,1,3,0,0,76,1448,0.173839,1,0.4935,2,3,0,0,V1,1,0.150788,28059.09091,1,0,0,0.849212,1.849212,0,0,200
EDCF-Shield,v1a,FALCON1024+HMAC-SHA512+AES256GCM+DKG4of7,STOLEN_KEY,150,55.97,77,CUMULATIVE,154,2104,214723,36396,2102,0.84922,0.126383,0.098534,0.054649,0.500238,99.03,32.06,84.92,0.497565,0.498454,1,3,0,0,76,1448,0.173839,1,0.4935,2,3,0,0,V1,1,0.150788,28059.09091,1,0,0,0.849212,1.849212,0,0,200
EDCF-Shield,v1a,FALCON1024+HMAC-SHA512+AES256GCM+DKG4of7,STOLEN_KEY,150,55.97,78,CYCLE,156,0,3000,500,0,0.857143,0.006647,0,0,0,100,31.43,85.71,0.497598,0.498487,1,3,0,0,76,1448,0.173085,1,0.4936,2,3,0,0,V1,1,0.150681,28082.69231,1,0,0,0.849319,1.849319,0,0,200
EDCF-Shield,v1a,FALCON1024+HMAC-SHA512+AES256GCM+DKG4of7,STOLEN_KEY,150,55.97,78,CUMULATIVE,156,2104,217723,36896,2102,0.849327,0.125586,0.097394,0.053949,0.500238,99.04,32.05,84.93,0.497598,0.498487,1,3,0,0,76,1448,0.173085,1,0.4936,2,3,0,0,V1,1,0.150681,28082.69231,1,0,0,0.849319,1.849319,0,0,200
EDCF-Shield,v1a,FALCON1024+HMAC-SHA512+AES256GCM+DKG4of7,STOLEN_KEY,150,55.97,79,CYCLE,158,0,3000,500,0,0.857143,0.006563,0,0,0,100,31.43,85.71,0.49763,0.498518,1,3,0,0,76,1448,0.172343,1,0.4937,2,3,0,0,V1,1,0.150577,28105.6962,1,0,0,0.849423,1.849423,0,0,200
EDCF-Shield,v1a,FALCON1024+HMAC-SHA512+AES256GCM+DKG4of7,STOLEN_KEY,150,55.97,79,CUMULATIVE,158,2104,220723,37396,2102,0.849431,0.124805,0.09628,0.053266,0.500238,99.06,32.05,84.94,0.49763,0.498518,1,3,0,0,76,1448,0.172343,1,0.4937,2,3,0,0,V1,1,0.150577,28105.6962,1,0,0,0.849423,1.849423,0,0,200
EDCF-Shield,v1a,FALCON1024+HMAC-SHA512+AES256GCM+DKG4of7,STOLEN_KEY,150,55.97,80,CYCLE,160,0,3000,500,0,0.857143,0.006481,0,0,0,100,31.43,85.71,0.497662,0.498549,1,3,0,0,76,1448,0.171612,1,0.4938,2,3,0,0,V1,1,0.150475,28128.125,1,0,0,0.849525,1.849525,0,0,200
EDCF-Shield,v1a,FALCON1024+HMAC-SHA512+AES256GCM+DKG4of7,STOLEN_KEY,150,55.97,80,CUMULATIVE,160,2104,223723,37896,2102,0.849533,0.124038,0.095191,0.0526,0.500238,99.07,32.04,84.95,0.497662,0.498549,1,3,0,0,76,1448,0.171612,1,0.4938,2,3,0,0,V1,1,0.150475,28128.125,1,0,0,0.849525,1.849525,0,0,200
EDCF-Shield,v1a,FALCON1024+HMAC-SHA512+AES256GCM+DKG4of7,STOLEN_KEY,150,55.97,81,CYCLE,162,0,3000,500,0,0.857143,0.006402,0,0,0,100,31.43,85.71,0.497693,0.498579,1,3,0,0,76,1448,0.170891,1,0.4938,2,3,0,0,V1,1,0.150376,28150,1,0,0,0.849624,1.849624,0,0,200
EDCF-Shield,v1a,FALCON1024+HMAC-SHA512+AES256GCM+DKG4of7,STOLEN_KEY,150,55.97,81,CUMULATIVE,162,2104,226723,38396,2102,0.849631,0.123284,0.094126,0.051951,0.500238,99.08,32.03,84.96,0.497693,0.498579,1,3,0,0,76,1448,0.170891,1,0.4938,2,3,0,0,V1,1,0.150376,28150,1,0,0,0.849624,1.849624,0,0,200
EDCF-Shield,v1a,FALCON1024+HMAC-SHA512+AES256GCM+DKG4of7,STOLEN_KEY,150,55.97,82,CYCLE,164,0,3000,500,0,0.857143,0.006324,0,0,0,100,31.43,85.71,0.497723,0.498609,1,3,0,0,76,1448,0.170181,1,0.4939,2,3,0,0,V1,1,0.150279,28171.34146,1,0,0,0.849721,1.849721,0,0,200
EDCF-Shield,v1a,FALCON1024+HMAC-SHA512+AES256GCM+DKG4of7,STOLEN_KEY,150,55.97,82,CUMULATIVE,164,2104,229723,38896,2102,0.849728,0.122545,0.093085,0.051317,0.500238,99.09,32.02,84.97,0.497723,0.498609,1,3,0,0,76,1448,0.170181,1,0.4939,2,3,0,0,V1,1,0.150279,28171.34146,1,0,0,0.849721,1.849721,0,0,200
EDCF-Shield,v1a,FALCON1024+HMAC-SHA512+AES256GCM+DKG4of7,STOLEN_KEY,150,55.97,83,CYCLE,166,0,3000,500,0,0.857143,0.006248,0,0,0,100,31.43,85.71,0.497752,0.498637,1,3,0,0,76,1448,0.16948,1,0.494,2,3,0,0,V1,1,0.150185,28192.16868,1,0,0,0.849815,1.849815,0,0,200
EDCF-Shield,v1a,FALCON1024+HMAC-SHA512+AES256GCM+DKG4of7,STOLEN_KEY,150,55.97,83,CUMULATIVE,166,2104,232723,39396,2102,0.849822,0.121818,0.092067,0.050699,0.500238,99.1,32.01,84.98,0.497752,0.498637,1,3,0,0,76,1448,0.16948,1,0.494,2,3,0,0,V1,1,0.150185,28192.16868,1,0,0,0.849815,1.849815,0,0,200
EDCF-Shield,v1a,FALCON1024+HMAC-SHA512+AES256GCM+DKG4of7,STOLEN_KEY,150,55.97,84,CYCLE,168,0,3000,500,0,0.857143,0.006174,0,0,0,100,31.43,85.71,0.497781,0.498665,1,3,0,0,76,1448,0.168789,1,0.494,2,3,0,0,V1,1,0.150094,28212.5,1,0,0,0.849906,1.849906,0,0,200
EDCF-Shield,v1a,FALCON1024+HMAC-SHA512+AES256GCM+DKG4of7,STOLEN_KEY,150,55.97,84,CUMULATIVE,168,2104,235723,39896,2102,0.849913,0.121104,0.09107,0.050095,0.500238,99.12,32.01,84.99,0.497781,0.498665,1,3,0,0,76,1448,0.168789,1,0.494,2,3,0,0,V1,1,0.150094,28212.5,1,0,0,0.849906,1.849906,0,0,200
EDCF-Shield,v1a,FALCON1024+HMAC-SHA512+AES256GCM+DKG4of7,STOLEN_KEY,150,55.97,85,CYCLE,170,0,3000,500,0,0.857143,0.006102,0,0,0,100,31.43,85.71,0.497808,0.498692,1,3,0,0,76,1448,0.168108,1,0.4941,2,3,0,0,V1,1,0.150004,28232.35294,1,0,0,0.849996,1.849996,0,0,200
EDCF-Shield,v1a,FALCON1024+HMAC-SHA512+AES256GCM+DKG4of7,STOLEN_KEY,150,55.97,85,CUMULATIVE,170,2104,238723,40396,2102,0.850003,0.120403,0.090095,0.049506,0.500238,99.13,32,85,0.497808,0.498692,1,3,0,0,76,1448,0.168108,1,0.4941,2,3,0,0,V1,1,0.150004,28232.35294,1,0,0,0.849996,1.849996,0,0,200
EDCF-Shield,v1a,FALCON1024+HMAC-SHA512+AES256GCM+DKG4of7,STOLEN_KEY,150,55.97,86,CYCLE,172,0,3000,500,0,0.857143,0.006031,0,0,0,100,31.43,85.71,0.497835,0.498719,1,3,0,0,76,1448,0.167436,1,0.4942,2,3,0,0,V1,1,0.149917,28251.74419,1,0,0,0.850083,1.850083,0,0,200
EDCF-Shield,v1a,FALCON1024+HMAC-SHA512+AES256GCM+DKG4of7,STOLEN_KEY,150,55.97,86,CUMULATIVE,172,2104,241723,40896,2102,0.85009,0.119714,0.089141,0.04893,0.500238,99.14,31.99,85.01,0.497835,0.498719,1,3,0,0,76,1448,0.167436,1,0.4942,2,3,0,0,V1,1,0.149917,28251.74419,1,0,0,0.850083,1.850083,0,0,200
EDCF-Shield,v1a,FALCON1024+HMAC-SHA512+AES256GCM+DKG4of7,STOLEN_KEY,150,55.97,87,CYCLE,174,0,3000,500,0,0.857143,0.005962,0,0,0,100,31.43,85.71,0.497862,0.498745,1,3,0,0,76,1448,0.166773,1,0.4943,2,3,0,0,V1,1,0.149832,28270.68966,1,0,0,0.850168,1.850168,0,0,200
EDCF-Shield,v1a,FALCON1024+HMAC-SHA512+AES256GCM+DKG4of7,STOLEN_KEY,150,55.97,87,CUMULATIVE,174,2104,244723,41396,2102,0.850175,0.119036,0.088207,0.048368,0.500238,99.15,31.99,85.02,0.497862,0.498745,1,3,0,0,76,1448,0.166773,1,0.4943,2,3,0,0,V1,1,0.149832,28270.68966,1,0,0,0.850168,1.850168,0,0,200
EDCF-Shield,v1a,FALCON1024+HMAC-SHA512+AES256GCM+DKG4of7,STOLEN_KEY,150,55.97,88,CYCLE,176,0,3000,500,0,0.857143,0.005894,0,0,0,100,31.43,85.71,0.497888,0.49877,1,3,0,0,76,1448,0.166119,1,0.4943,2,3,0,0,V1,1,0.149749,28289.20455,1,0,0,0.850251,1.850251,0,0,200
EDCF-Shield,v1a,FALCON1024+HMAC-SHA512+AES256GCM+DKG4of7,STOLEN_KEY,150,55.97,88,CUMULATIVE,176,2104,247723,41896,2102,0.850258,0.118369,0.087292,0.047818,0.500238,99.16,31.98,85.03,0.497888,0.49877,1,3,0,0,76,1448,0.166119,1,0.4943,2,3,0,0,V1,1,0.149749,28289.20455,1,0,0,0.850251,1.850251,0,0,200
EDCF-Shield,v1a,FALCON1024+HMAC-SHA512+AES256GCM+DKG4of7,STOLEN_KEY,150,55.97,89,CYCLE,178,0,3000,500,0,0.857143,0.005828,0,0,0,100,31.43,85.71,0.497913,0.498794,1,3,0,0,76,1448,0.165474,1,0.4944,2,3,0,0,V1,1,0.149668,28307.30337,1,0,0,0.850332,1.850332,0,0,200
EDCF-Shield,v1a,FALCON1024+HMAC-SHA512+AES256GCM+DKG4of7,STOLEN_KEY,150,55.97,89,CUMULATIVE,178,2104,250723,42396,2102,0.850339,0.117714,0.086396,0.047281,0.500238,99.17,31.97,85.03,0.497913,0.498794,1,3,0,0,76,1448,0.165474,1,0.4944,2,3,0,0,V1,1,0.149668,28307.30337,1,0,0,0.850332,1.850332,0,0,200
EDCF-Shield,v1a,FALCON1024+HMAC-SHA512+AES256GCM+DKG4of7,STOLEN_KEY,150,55.97,90,CYCLE,180,0,3000,500,0,0.857143,0.005764,0,0,0,100,31.43,85.71,0.497937,0.498818,1,3,0,0,76,1448,0.164837,1,0.4944,2,3,0,0,V1,1,0.149589,28325,1,0,0,0.850411,1.850411,0,0,200
EDCF-Shield,v1a,FALCON1024+HMAC-SHA512+AES256GCM+DKG4of7,STOLEN_KEY,150,55.97,90,CUMULATIVE,180,2104,253723,42896,2102,0.850418,0.11707,0.085518,0.046756,0.500238,99.18,31.97,85.04,0.497937,0.498818,1,3,0,0,76,1448,0.164837,1,0.4944,2,3,0,0,V1,1,0.149589,28325,1,0,0,0.850411,1.850411,0,0,200
EDCF-Shield,v1a,FALCON1024+HMAC-SHA512+AES256GCM+DKG4of7,STOLEN_KEY,150,55.97,91,CYCLE,182,0,3000,500,0,0.857143,0.005701,0,0,0,100,31.43,85.71,0.497961,0.498842,1,3,0,0,76,1448,0.164209,1,0.4945,2,3,0,0,V1,1,0.149511,28342.30769,1,0,0,0.850489,1.850489,0,0,200
EDCF-Shield,v1a,FALCON1024+HMAC-SHA512+AES256GCM+DKG4of7,STOLEN_KEY,150,55.97,91,CUMULATIVE,182,2104,256723,43396,2102,0.850495,0.116435,0.084658,0.046242,0.500238,99.19,31.96,85.05,0.497961,0.498842,1,3,0,0,76,1448,0.164209,1,0.4945,2,3,0,0,V1,1,0.149511,28342.30769,1,0,0,0.850489,1.850489,0,0,200
EDCF-Shield,v1a,FALCON1024+HMAC-SHA512+AES256GCM+DKG4of7,STOLEN_KEY,150,55.97,92,CYCLE,184,0,3000,500,0,0.857143,0.005639,0,0,0,100,31.43,85.71,0.497985,0.498865,1,3,0,0,76,1448,0.163588,1,0.4946,2,3,0,0,V1,1,0.149436,28359.23913,1,0,0,0.850564,1.850564,0,0,200
EDCF-Shield,v1a,FALCON1024+HMAC-SHA512+AES256GCM+DKG4of7,STOLEN_KEY,150,55.97,92,CUMULATIVE,184,2104,259723,43896,2102,0.850571,0.115812,0.083815,0.045739,0.500238,99.2,31.95,85.06,0.497985,0.498865,1,3,0,0,76,1448,0.163588,1,0.4946,2,3,0,0,V1,1,0.149436,28359.23913,1,0,0,0.850564,1.850564,0,0,200
EDCF-Shield,v1a,FALCON1024+HMAC-SHA512+AES256GCM+DKG4of7,STOLEN_KEY,150,55.97,93,CYCLE,186,0,3000,500,0,0.857143,0.005579,0,0,0,100,31.43,85.71,0.498008,0.498887,1,3,0,0,76,1448,0.162976,1,0.4946,2,3,0,0,V1,1,0.149362,28375.80645,1,0,0,0.850638,1.850638,0,0,200
EDCF-Shield,v1a,FALCON1024+HMAC-SHA512+AES256GCM+DKG4of7,STOLEN_KEY,150,55.97,93,CUMULATIVE,186,2104,262723,44396,2102,0.850645,0.115198,0.082988,0.045247,0.500238,99.21,31.95,85.06,0.498008,0.498887,1,3,0,0,76,1448,0.162976,1,0.4946,2,3,0,0,V1,1,0.149362,28375.80645,1,0,0,0.850638,1.850638,0,0,200
EDCF-Shield,v1a,FALCON1024+HMAC-SHA512+AES256GCM+DKG4of7,STOLEN_KEY,150,55.97,94,CYCLE,188,0,3000,500,0,0.857143,0.00552,0,0,0,100,31.43,85.71,0.49803,0.498909,1,3,0,0,76,1448,0.162371,1,0.4947,2,3,0,0,V1,1,0.149289,28392.02128,1,0,0,0.850711,1.850711,0,0,200
EDCF-Shield,v1a,FALCON1024+HMAC-SHA512+AES256GCM+DKG4of7,STOLEN_KEY,150,55.97,94,CUMULATIVE,188,2104,265723,44896,2102,0.850717,0.114593,0.082178,0.044766,0.500238,99.22,31.94,85.07,0.49803,0.498909,1,3,0,0,76,1448,0.162371,1,0.4947,2,3,0,0,V1,1,0.149289,28392.02128,1,0,0,0.850711,1.850711,0,0,200
EDCF-Shield,v1a,FALCON1024+HMAC-SHA512+AES256GCM+DKG4of7,STOLEN_KEY,150,55.97,95,CYCLE,190,0,3000,500,0,0.857143,0.005462,0,0,0,100,31.43,85.71,0.498052,0.498931,1,3,0,0,76,1448,0.161774,1,0.4947,2,3,0,0,V1,1,0.149219,28407.89474,1,0,0,0.850781,1.850781,0,0,200
EDCF-Shield,v1a,FALCON1024+HMAC-SHA512+AES256GCM+DKG4of7,STOLEN_KEY,150,55.97,95,CUMULATIVE,190,2104,268723,45396,2102,0.850788,0.113998,0.081383,0.044295,0.500238,99.22,31.94,85.08,0.498052,0.498931,1,3,0,0,76,1448,0.161774,1,0.4947,2,3,0,0,V1,1,0.149219,28407.89474,1,0,0,0.850781,1.850781,0,0,200
EDCF-Shield,v1a,FALCON1024+HMAC-SHA512+AES256GCM+DKG4of7,STOLEN_KEY,150,55.97,96,CYCLE,192,0,3000,500,0,0.857143,0.005405,0,0,0,100,31.43,85.71,0.498073,0.498952,1,3,0,0,76,1448,0.161184,1,0.4948,2,3,0,0,V1,1,0.149149,28423.4375,1,0,0,0.850851,1.850851,0,0,200
EDCF-Shield,v1a,FALCON1024+HMAC-SHA512+AES256GCM+DKG4of7,STOLEN_KEY,150,55.97,96,CUMULATIVE,192,2104,271723,45896,2102,0.850857,0.113412,0.080604,0.043833,0.500238,99.23,31.93,85.09,0.498073,0.498952,1,3,0,0,76,1448,0.161184,1,0.4948,2,3,0,0,V1,1,0.149149,28423.4375,1,0,0,0.850851,1.850851,0,0,200
EDCF-Shield,v1a,FALCON1024+HMAC-SHA512+AES256GCM+DKG4of7,STOLEN_KEY,150,55.97,97,CYCLE,194,0,3000,500,0,0.857143,0.00535,0,0,0,100,31.43,85.71,0.498094,0.498972,1,3,0,0,76,1448,0.160601,1,0.4948,2,3,0,0,V1,1,0.149082,28438.65979,1,0,0,0.850918,1.850918,0,0,200
EDCF-Shield,v1a,FALCON1024+HMAC-SHA512+AES256GCM+DKG4of7,STOLEN_KEY,150,55.97,97,CUMULATIVE,194,2104,274723,46396,2102,0.850924,0.112835,0.079839,0.043381,0.500238,99.24,31.93,85.09,0.498094,0.498972,1,3,0,0,76,1448,0.160601,1,0.4948,2,3,0,0,V1,1,0.149082,28438.65979,1,0,0,0.850918,1.850918,0,0,200
EDCF-Shield,v1a,FALCON1024+HMAC-SHA512+AES256GCM+DKG4of7,STOLEN_KEY,150,55.97,98,CYCLE,196,0,3000,500,0,0.857143,0.005295,0,0,0,100,31.43,85.71,0.498115,0.498992,1,3,0,0,76,1448,0.160026,1,0.4949,2,3,0,0,V1,1,0.149015,28453.57143,1,0,0,0.850985,1.850985,0,0,200
EDCF-Shield,v1a,FALCON1024+HMAC-SHA512+AES256GCM+DKG4of7,STOLEN_KEY,150,55.97,98,CUMULATIVE,196,2104,277723,46896,2102,0.850991,0.112267,0.079089,0.042939,0.500238,99.25,31.92,85.1,0.498115,0.498992,1,3,0,0,76,1448,0.160026,1,0.4949,2,3,0,0,V1,1,0.149015,28453.57143,1,0,0,0.850985,1.850985,0,0,200
EDCF-Shield,v1a,FALCON1024+HMAC-SHA512+AES256GCM+DKG4of7,STOLEN_KEY,150,55.97,99,CYCLE,198,0,3000,500,0,0.857143,0.005242,0,0,0,100,31.43,85.71,0.498135,0.499012,1,3,0,0,76,1448,0.159457,1,0.4949,2,3,0,0,V1,1,0.148951,28468.18182,1,0,0,0.851049,1.851049,0,0,200
EDCF-Shield,v1a,FALCON1024+HMAC-SHA512+AES256GCM+DKG4of7,STOLEN_KEY,150,55.97,99,CUMULATIVE,198,2104,280723,47396,2102,0.851055,0.111708,0.078353,0.042505,0.500238,99.26,31.92,85.1,0.498135,0.499012,1,3,0,0,76,1448,0.159457,1,0.4949,2,3,0,0,V1,1,0.148951,28468.18182,1,0,0,0.851049,1.851049,0,0,200
EDCF-Shield,v1a,FALCON1024+HMAC-SHA512+AES256GCM+DKG4of7,STOLEN_KEY,150,55.97,100,CYCLE,200,0,3000,500,0,0.857143,0.00519,0,0,0,100,31.43,85.71,0.498155,0.499031,1,3,0,0,76,1448,0.158896,1,0.495,2,3,0,0,V1,1,0.148887,28482.5,1,0,0,0.851113,1.851113,0,0,200
EDCF-Shield,v1a,FALCON1024+HMAC-SHA512+AES256GCM+DKG4of7,STOLEN_KEY,150,55.97,100,CUMULATIVE,200,2104,283723,47896,2102,0.851119,0.111156,0.07763,0.04208,0.500238,99.26,31.91,85.11,0.498155,0.499031,1,3,0,0,76,1448,0.158896,1,0.495,2,3,0,0,V1,1,0.148887,28482.5,1,0,0,0.851113,1.851113,0,0,200
EDCF-Shield,v1a,FALCON1024+HMAC-SHA512+AES256GCM+DKG4of7,STOLEN_KEY,150,55.97,101,CYCLE,202,0,3000,500,0,0.857143,0.005139,0,0,0,100,31.43,85.71,0.498174,0.49905,1,3,0,0,76,1448,0.158341,1,0.495,2,3,0,0,V1,1,0.148825,28496.53465,1,0,0,0.851175,1.851175,0,0,200
EDCF-Shield,v1a,FALCON1024+HMAC-SHA512+AES256GCM+DKG4of7,STOLEN_KEY,150,55.97,101,CUMULATIVE,202,2104,286723,48396,2102,0.851181,0.110613,0.07692,0.041663,0.500238,99.27,31.91,85.12,0.498174,0.49905,1,3,0,0,76,1448,0.158341,1,0.495,2,3,0,0,V1,1,0.148825,28496.53465,1,0,0,0.851175,1.851175,0,0,200
EDCF-Shield,v1a,FALCON1024+HMAC-SHA512+AES256GCM+DKG4of7,STOLEN_KEY,150,55.97,102,CYCLE,204,0,3000,500,0,0.857143,0.005089,0,0,0,100,31.43,85.71,0.498193,0.499068,1,3,0,0,76,1448,0.157792,1,0.4951,2,3,0,0,V1,1,0.148764,28510.29412,1,0,0,0.851236,1.851236,0,0,200
EDCF-Shield,v1a,FALCON1024+HMAC-SHA512+AES256GCM+DKG4of7,STOLEN_KEY,150,55.97,102,CUMULATIVE,204,2104,289723,48896,2102,0.851242,0.110077,0.076224,0.041255,0.500238,99.28,31.9,85.12,0.498193,0.499068,1,3,0,0,76,1448,0.157792,1,0.4951,2,3,0,0,V1,1,0.148764,28510.29412,1,0,0,0.851236,1.851236,0,0,200
EDCF-Shield,v1a,FALCON1024+HMAC-SHA512+AES256GCM+DKG4of7,STOLEN_KEY,150,55.97,103,CYCLE,206,0,3000,500,0,0.857143,0.00504,0,0,0,100,31.43,85.71,0.498211,0.499086,1,3,0,0,76,1448,0.15725,1,0.4951,2,3,0,0,V1,1,0.148704,28523.78641,1,0,0,0.851296,1.851296,0,0,200
EDCF-Shield,v1a,FALCON1024+HMAC-SHA512+AES256GCM+DKG4of7,STOLEN_KEY,150,55.97,103,CUMULATIVE,206,2104,292723,49396,2102,0.851302,0.10955,0.075539,0.040854,0.500238,99.29,31.9,85.13,0.498211,0.499086,1,3,0,0,76,1448,0.15725,1,0.4951,2,3,0,0,V1,1,0.148704,28523.78641,1,0,0,0.851296,1.851296,0,0,200
EDCF-Shield,v1a,FALCON1024+HMAC-SHA512+AES256GCM+DKG4of7,STOLEN_KEY,150,55.97,104,CYCLE,208,0,3000,500,0,0.857143,0.004991,0,0,0,100,31.43,85.71,0.498229,0.499104,1,3,0,0,76,1448,0.156714,1,0.4952,2,3,0,0,V1,1,0.148646,28537.01923,1,0,0,0.851354,1.851354,0,0,200
EDCF-Shield,v1a,FALCON1024+HMAC-SHA512+AES256GCM+DKG4of7,STOLEN_KEY,150,55.97,104,CUMULATIVE,208,2104,295723,49896,2102,0.85136,0.109029,0.074867,0.040462,0.500238,99.29,31.89,85.14,0.498229,0.499104,1,3,0,0,76,1448,0.156714,1,0.4952,2,3,0,0,V1,1,0.148646,28537.01923,1,0,0,0.851354,1.851354,0,0,200
EDCF-Shield,v1a,FALCON1024+HMAC-SHA512+AES256GCM+DKG4of7,STOLEN_KEY,150,55.97,105,CYCLE,210,0,3000,500,0,0.857143,0.004944,0,0,0,100,31.43,85.71,0.498247,0.499121,1,3,0,0,76,1448,0.156184,1,0.4952,2,3,0,0,V1,1,0.148588,28550,1,0,0,0.851412,1.851412,0,0,200
EDCF-Shield,v1a,FALCON1024+HMAC-SHA512+AES256GCM+DKG4of7,STOLEN_KEY,150,55.97,105,CUMULATIVE,210,2104,298723,50396,2102,0.851417,0.108516,0.074207,0.040076,0.500238,99.3,31.89,85.14,0.498247,0.499121,1,3,0,0,76,1448,0.156184,1,0.4952,2,3,0,0,V1,1,0.148588,28550,1,0,0,0.851412,1.851412,0,0,200
EDCF-Shield,v1a,FALCON1024+HMAC-SHA512+AES256GCM+DKG4of7,STOLEN_KEY,150,55.97,106,CYCLE,212,0,3000,500,0,0.857143,0.004898,0,0,0,100,31.43,85.71,0.498264,0.499138,1,3,0,0,76,1448,0.15566,1,0.4953,2,3,0,0,V1,1,0.148532,28562.73585,1,0,0,0.851468,1.851468,0,0,200
EDCF-Shield,v1a,FALCON1024+HMAC-SHA512+AES256GCM+DKG4of7,STOLEN_KEY,150,55.97,106,CUMULATIVE,212,2104,301723,50896,2102,0.851473,0.108011,0.073559,0.039698,0.500238,99.31,31.88,85.15,0.498264,0.499138,1,3,0,0,76,1448,0.15566,1,0.4953,2,3,0,0,V1,1,0.148532,28562.73585,1,0,0,0.851468,1.851468,0,0,200
EDCF-Shield,v1a,FALCON1024+HMAC-SHA512+AES256GCM+DKG4of7,STOLEN_KEY,150,55.97,107,CYCLE,214,0,3000,500,0,0.857143,0.004852,0,0,0,100,31.43,85.71,0.498281,0.499155,1,3,0,0,76,1448,0.155142,1,0.4953,2,3,0,0,V1,1,0.148477,28575.23365,1,0,0,0.851523,1.851523,0,0,200
EDCF-Shield,v1a,FALCON1024+HMAC-SHA512+AES256GCM+DKG4of7,STOLEN_KEY,150,55.97,107,CUMULATIVE,214,2104,304723,51396,2102,0.851528,0.107512,0.072921,0.039327,0.500238,99.31,31.88,85.15,0.498281,0.499155,1,3,0,0,76,1448,0.155142,1,0.4953,2,3,0,0,V1,1,0.148477,28575.23365,1,0,0,0.851523,1.851523,0,0,200
EDCF-Shield,v1a,FALCON1024+HMAC-SHA512+AES256GCM+DKG4of7,STOLEN_KEY,150,55.97,108,CYCLE,216,0,3000,500,0,0.857143,0.004807,0,0,0,100,31.43,85.71,0.498298,0.499171,1,3,0,0,76,1448,0.15463,1,0.4954,2,3,0,0,V1,1,0.148423,28587.5,1,0,0,0.851577,1.851577,0,0,200
EDCF-Shield,v1a,FALCON1024+HMAC-SHA512+AES256GCM+DKG4of7,STOLEN_KEY,150,55.97,108,CUMULATIVE,216,2104,307723,51896,2102,0.851582,0.10702,0.072295,0.038963,0.500238,99.32,31.87,85.16,0.498298,0.499171,1,3,0,0,76,1448,0.15463,1,0.4954,2,3,0,0,V1,1,0.148423,28587.5,1,0,0,0.851577,1.851577,0,0,200
EDCF-Shield,v1a,FALCON1024+HMAC-SHA512+AES256GCM+DKG4of7,STOLEN_KEY,150,55.97,109,CYCLE,218,0,3000,500,0,0.857143,0.004764,0,0,0,100,31.43,85.71,0.498314,0.499187,1,3,0,0,76,1448,0.154124,1,0.4954,2,3,0,0,V1,1,0.14837,28599.54128,1,0,0,0.85163,1.85163,0,0,200
EDCF-Shield,v1a,FALCON1024+HMAC-SHA512+AES256GCM+DKG4of7,STOLEN_KEY,150,55.97,109,CUMULATIVE,218,2104,310723,52396,2102,0.851635,0.106535,0.071679,0.038606,0.500238,99.33,31.87,85.16,0.498314,0.499187,1,3,0,0,76,1448,0.154124,1,0.4954,2,3,0,0,V1,1,0.14837,28599.54128,1,0,0,0.85163,1.85163,0,0,200
EDCF-Shield,v1a,FALCON1024+HMAC-SHA512+AES256GCM+DKG4of7,STOLEN_KEY,150,55.97,110,CYCLE,219.5,0,1650,300,0,0.846154,0.00472,0,0,0,100,32.31,84.62,0.498323,0.499197,1,3,0,0,76,1448,0.153623,1,0.4966,2,3,0,0,V1,1,0.148399,28553.75854,1,0,0,0.851601,1.851601,0,0,200
EDCF-Shield,v1a,FALCON1024+HMAC-SHA512+AES256GCM+DKG4of7,STOLEN_KEY,150,55.97,110,CUMULATIVE,219.5,2104,312373,52696,2102,0.851607,0.106233,0.071315,0.038394,0.500238,99.33,31.87,85.16,0.498323,0.499197,1,3,0,0,76,1448,0.153623,1,0.4966,2,3,0,0,V1,1,0.148399,28553.75854,1,0,0,0.851601,1.851601,0,0,200
EDCF-Shield,v1b,FALCON1024+HMAC-SHA512+AES256GCM+DKG4of7,COMPROMISED_CTRL,30,11.19,1,CYCLE,2,1700,0,0,0,1,0.5,1,1,1,0,100,0,0,0,1,0,0,0,76,1448,0,1,0,0,0,0,0,V1,0,1,-100,1,0,0,0,0,0,0,200
EDCF-Shield,v1b,FALCON1024+HMAC-SHA512+AES256GCM+DKG4of7,COMPROMISED_CTRL,30,11.19,1,CUMULATIVE,2,1700,0,0,0,1,0.5,1,1,1,0,100,0,0,0,1,0,0,0,76,1448,0,1,0,0,0,0,0,V1,0,1,-100,1,0,0,0,0,0,0,200
EDCF-Shield,v1b,FALCON1024+HMAC-SHA512+AES256GCM+DKG4of7,COMPROMISED_CTRL,30,11.19,2,CYCLE,4,1700,210,0,10,0.994792,0.737074,0.997067,1,0.994152,95.45,90.83,11.46,0.488372,0.512195,1,3,0,0,76,1448,0.5,1,0.25,2,3,0,0,V1,1,0.939227,1000,1,0,0,0.060773,0.060773,0,0,200
EDCF-Shield,v1b,FALCON1024+HMAC-SHA512+AES256GCM+DKG4of7,COMPROMISED_CTRL,30,11.19,2,CUMULATIVE,4,3400,210,0,10,0.997238,0.975575,0.998532,1,0.997067,95.45,95.14,6.08,0.488372,0.512195,1,3,0,0,76,1448,0.5,1,0.25,2,3,0,0,V1,1,0.939227,1000,1,0,0,0.060773,0.060773,0,0,200
EDCF-Shield,v1b,FALCON1024+HMAC-SHA512+AES256GCM+DKG4of7,COMPROMISED_CTRL,30,11.19,3,CYCLE,6,1700,555,0,20,0.991209,0.816958,0.994152,1,0.988372,96.52,79.78,25.27,0.490385,0.5,1,3,0,0,76,1448,0.737787,1,0.3333,2,3,0,0,V1,1,0.86514,2550,1,0,0,0.13486,0.13486,0,0,200
EDCF-Shield,v1b,FALCON1024+HMAC-SHA512+AES256GCM+DKG4of7,COMPROMISED_CTRL,30,11.19,3,CUMULATIVE,6,5100,765,0,30,0.994911,0.978078,0.997067,1,0.994152,96.23,89.21,13.49,0.490385,0.5,1,3,0,0,76,1448,0.737787,1,0.3333,2,3,0,0,V1,1,0.86514,2550,1,0,0,0.13486,0.13486,0,0,200
EDCF-Shield,v1b,FALCON1024+HMAC-SHA512+AES256GCM+DKG4of7,COMPROMISED_CTRL,30,11.19,4,CYCLE,8,1700,600,0,20,0.991379,0.857219,0.994152,1,0.988372,96.77,78.62,26.72,0.491007,0.498175,1,3,0,0,76,1448,0.817884,1,0.375,2,3,0,0,V1,1,0.827754,3437.5,1,0,0,0.172246,0.172246,0,0,200
EDCF-Shield,v1b,FALCON1024+HMAC-SHA512+AES256GCM+DKG4of7,COMPROMISED_CTRL,30,11.19,4,CUMULATIVE,8,6800,1365,0,50,0.993914,0.978582,0.996337,1,0.992701,96.47,86.22,17.22,0.491007,0.498175,1,3,0,0,76,1448,0.817884,1,0.375,2,3,0,0,V1,1,0.827754,3437.5,1,0,0,0.172246,0.172246,0,0,200
EDCF-Shield,v1b,FALCON1024+HMAC-SHA512+AES256GCM+DKG4of7,COMPROMISED_CTRL,30,11.19,5,CYCLE,10,1700,600,0,20,0.991379,0.881376,0.994152,1,0.988372,96.77,78.62,26.72,0.49125,0.497468,1,3,0,0,76,1448,0.858059,1,0.4,2,3,0,0,V1,1,0.806834,3970,1,0,0,0.193166,0.193166,0,0,200
EDCF-Shield,v1b,FALCON1024+HMAC-SHA512+AES256GCM+DKG4of7,COMPROMISED_CTRL,30,11.19,5,CUMULATIVE,10,8500,1965,0,70,0.993355,0.978629,0.995899,1,0.991832,96.56,84.55,19.32,0.49125,0.497468,1,3,0,0,76,1448,0.858059,1,0.4,2,3,0,0,V1,1,0.806834,3970,1,0,0,0.193166,0.193166,0,0,200
EDCF-Shield,v1b,FALCON1024+HMAC-SHA512+AES256GCM+DKG4of7,COMPROMISED_CTRL,30,11.19,6,CYCLE,12,1700,600,0,20,0.991379,0.89748,0.994152,1,0.988372,96.77,78.62,26.72,0.491379,0.497093,1,3,0,0,76,1448,0,1,0.4167,2,3,0,0,V1,1,0.793466,4325,1,0,0,0.206534,0.206534,0,0,200
EDCF-Shield,v1b,FALCON1024+HMAC-SHA512+AES256GCM+DKG4of7,COMPROMISED_CTRL,30,11.19,6,CUMULATIVE,12,10200,2565,0,90,0.992999,0.978597,0.995608,1,0.991254,96.61,83.48,20.65,0.491379,0.497093,1,3,0,0,76,1448,0,1,0.4167,2,3,0,0,V1,1,0.793466,4325,1,0,0,0.206534,0.206534,0,0,200
EDCF-Shield,v1b,FALCON1024+HMAC-SHA512+AES256GCM+DKG4of7,COMPROMISED_CTRL,30,11.19,7,CYCLE,14,1700,600,0,20,0.991379,0.908983,0.994152,1,0.988372,96.77,78.62,26.72,0.49146,0.49686,1,3,0,0,76,1448,0.978597,1,0.4286,2,3,0,0,V1,1,0.784185,4578.571429,1,0,0,0.215815,0.215815,0,0,200
EDCF-Shield,v1b,FALCON1024+HMAC-SHA512+AES256GCM+DKG4of7,COMPROMISED_CTRL,30,11.19,7,CUMULATIVE,14,11900,3165,0,110,0.992751,0.97855,0.995399,1,0.990841,96.64,82.73,21.58,0.49146,0.49686,1,3,0,0,76,1448,0.978597,1,0.4286,2,3,0,0,V1,1,0.784185,4578.571429,1,0,0,0.215815,0.215815,0,0,200
EDCF-Shield,v1b,FALCON1024+HMAC-SHA512+AES256GCM+DKG4of7,COMPROMISED_CTRL,30,11.19,8,CYCLE,16,1700,600,0,20,0.991379,0.917611,0.994152,1,0.988372,96.77,78.62,26.72,0.491514,0.496702,1,3,0,0,76,1448,0.978574,1,0.4375,2,3,0,0,V1,1,0.777365,4768.75,1,0,0,0.222635,0.222635,0,0,200
EDCF-Shield,v1b,FALCON1024+HMAC-SHA512+AES256GCM+DKG4of7,COMPROMISED_CTRL,30,11.19,8,CUMULATIVE,16,13600,3765,0,130,0.992569,0.978505,0.995243,1,0.990532,96.66,82.19,22.26,0.491514,0.496702,1,3,0,0,76,1448,0.978574,1,0.4375,2,3,0,0,V1,1,0.777365,4768.75,1,0,0,0.222635,0.222635,0,0,200
EDCF-Shield,v1b,FALCON1024+HMAC-SHA512+AES256GCM+DKG4of7,COMPROMISED_CTRL,30,11.19,9,CYCLE,18,1700,600,0,20,0.991379,0.924321,0.994152,1,0.988372,96.77,78.62,26.72,0.491554,0.496587,1,3,0,0,76,1448,0.978551,1,0.4444,2,3,0,0,V1,1,0.772142,4916.666667,1,0,0,0.227858,0.227858,0,0,200
EDCF-Shield,v1b,FALCON1024+HMAC-SHA512+AES256GCM+DKG4of7,COMPROMISED_CTRL,30,11.19,9,CUMULATIVE,18,15300,4365,0,150,0.99243,0.978464,0.995122,1,0.990291,96.68,81.77,22.79,0.491554,0.496587,1,3,0,0,76,1448,0.978551,1,0.4444,2,3,0,0,V1,1,0.772142,4916.666667,1,0,0,0.227858,0.227858,0,0,200
EDCF-Shield,v1b,FALCON1024+HMAC-SHA512+AES256GCM+DKG4of7,COMPROMISED_CTRL,30,11.19,10,CYCLE,20,1700,600,0,20,0.991379,0.929689,0.994152,1,0.988372,96.77,78.62,26.72,0.491584,0.4965,1,3,0,0,76,1448,0.978529,1,0.45,2,3,0,0,V1,1,0.768014,5035,1,0,0,0.231986,0.231986,0,0,200
EDCF-Shield,v1b,FALCON1024+HMAC-SHA512+AES256GCM+DKG4of7,COMPROMISED_CTRL,30,11.19,10,CUMULATIVE,20,17000,4965,0,170,0.99232,0.978428,0.995025,1,0.990099,96.69,81.44,23.2,0.491584,0.4965,1,3,0,0,76,1448,0.978529,1,0.45,2,3,0,0,V1,1,0.768014,5035,1,0,0,0.231986,0.231986,0,0,200
EDCF-Shield,v1b,FALCON1024+HMAC-SHA512+AES256GCM+DKG4of7,COMPROMISED_CTRL,30,11.19,11,CYCLE,22,1700,600,0,20,0.991379,0.934081,0.994152,1,0.988372,96.77,78.62,26.72,0.491608,0.496432,1,3,0,0,76,1448,0.978509,1,0.4545,2,3,0,0,V1,1,0.76467,5131.818182,1,0,0,0.23533,0.23533,0,0,200
EDCF-Shield,v1b,FALCON1024+HMAC-SHA512+AES256GCM+DKG4of7,COMPROMISED_CTRL,30,11.19,11,CUMULATIVE,22,18700,5565,0,190,0.992231,0.978396,0.994945,1,0.989942,96.7,81.17,23.53,0.491608,0.496432,1,3,0,0,76,1448,0.978509,1,0.4545,2,3,0,0,V1,1,0.76467,5131.818182,1,0,0,0.23533,0.23533,0,0,200
EDCF-Shield,v1b,FALCON1024+HMAC-SHA512+AES256GCM+DKG4of7,COMPROMISED_CTRL,30,11.19,12,CYCLE,24,1700,600,0,20,0.991379,0.937741,0.994152,1,0.988372,96.77,78.62,26.72,0.491627,0.496377,1,3,0,0,76,1448,0.97849,1,0.4583,2,3,0,0,V1,1,0.761905,5212.5,1,0,0,0.238095,0.238095,0,0,200
EDCF-Shield,v1b,FALCON1024+HMAC-SHA512+AES256GCM+DKG4of7,COMPROMISED_CTRL,30,11.19,12,CUMULATIVE,24,20400,6165,0,210,0.992157,0.978369,0.994879,1,0.989811,96.71,80.95,23.81,0.491627,0.496377,1,3,0,0,76,1448,0.97849,1,0.4583,2,3,0,0,V1,1,0.761905,5212.5,1,0,0,0.238095,0.238095,0,0,200
EDCF-Shield,v1b,FALCON1024+HMAC-SHA512+AES256GCM+DKG4of7,COMPROMISED_CTRL,30,11.19,13,CYCLE,26,1700,600,0,20,0.991379,0.940838,0.994152,1,0.988372,96.77,78.62,26.72,0.491642,0.496332,1,3,0,0,76,1448,0.978473,1,0.4615,2,3,0,0,V1,1,0.759581,5280.769231,1,0,0,0.240419,0.240419,0,0,200
EDCF-Shield,v1b,FALCON1024+HMAC-SHA512+AES256GCM+DKG4of7,COMPROMISED_CTRL,30,11.19,13,CUMULATIVE,26,22100,6765,0,230,0.992095,0.978345,0.994823,1,0.9897,96.71,80.77,24.04,0.491642,0.496332,1,3,0,0,76,1448,0.978473,1,0.4615,2,3,0,0,V1,1,0.759581,5280.769231,1,0,0,0.240419,0.240419,0,0,200
EDCF-Shield,v1b,FALCON1024+HMAC-SHA512+AES256GCM+DKG4of7,COMPROMISED_CTRL,30,11.19,14,CYCLE,28,1700,600,0,20,0.991379,0.943493,0.994152,1,0.988372,96.77,78.62,26.72,0.491656,0.496294,1,3,0,0,76,1448,0.978457,1,0.4643,2,3,0,0,V1,1,0.7576,5339.285714,1,0,0,0.2424,0.2424,0,0,200
EDCF-Shield,v1b,FALCON1024+HMAC-SHA512+AES256GCM+DKG4of7,COMPROMISED_CTRL,30,11.19,14,CUMULATIVE,28,23800,7365,0,250,0.992042,0.978323,0.994775,1,0.989605,96.72,80.61,24.24,0.491656,0.496294,1,3,0,0,76,1448,0.978457,1,0.4643,2,3,0,0,V1,1,0.7576,5339.285714,1,0,0,0.2424,0.2424,0,0,200
EDCF-Shield,v1b,FALCON1024+HMAC-SHA512+AES256GCM+DKG4of7,COMPROMISED_CTRL,30,11.19,15,CYCLE,30,1700,600,0,20,0.991379,0.945794,0.994152,1,0.988372,96.77,78.62,26.72,0.491667,0.496262,1,3,0,0,76,1448,0.978442,1,0.4667,2,3,0,0,V1,1,0.755892,5390,1,0,0,0.244108,0.244108,0,0,200
EDCF-Shield,v1b,FALCON1024+HMAC-SHA512+AES256GCM+DKG4of7,COMPROMISED_CTRL,30,11.19,15,CUMULATIVE,30,25500,7965,0,270,0.991996,0.978304,0.994734,1,0.989523,96.72,80.47,24.41,0.491667,0.496262,1,3,0,0,76,1448,0.978442,1,0.4667,2,3,0,0,V1,1,0.755892,5390,1,0,0,0.244108,0.244108,0,0,200
EDCF-Shield,v1b,FALCON1024+HMAC-SHA512+AES256GCM+DKG4of7,COMPROMISED_CTRL,30,11.19,16,CYCLE,32,1700,600,0,20,0.991379,0.947807,0.994152,1,0.988372,96.77,78.62,26.72,0.491676,0.496234,1,3,0,0,76,1448,0.978428,1,0.4688,2,3,0,0,V1,1,0.754403,5434.375,1,0,0,0.245597,0.245597,0,0,200
EDCF-Shield,v1b,FALCON1024+HMAC-SHA512+AES256GCM+DKG4of7,COMPROMISED_CTRL,30,11.19,16,CUMULATIVE,32,27200,8565,0,290,0.991957,0.978287,0.994697,1,0.989451,96.73,80.35,24.56,0.491676,0.496234,1,3,0,0,76,1448,0.978428,1,0.4688,2,3,0,0,V1,1,0.754403,5434.375,1,0,0,0.245597,0.245597,0,0,200
EDCF-Shield,v1b,FALCON1024+HMAC-SHA512+AES256GCM+DKG4of7,COMPROMISED_CTRL,30,11.19,17,CYCLE,34,1700,600,0,20,0.991379,0.949583,0.994152,1,0.988372,96.77,78.62,26.72,0.491685,0.49621,1,3,0,0,76,1448,0.978415,1,0.4706,2,3,0,0,V1,1,0.753094,5473.529412,1,0,0,0.246906,0.246906,0,0,200
EDCF-Shield,v1b,FALCON1024+HMAC-SHA512+AES256GCM+DKG4of7,COMPROMISED_CTRL,30,11.19,17,CUMULATIVE,34,28900,9165,0,310,0.991922,0.978272,0.994665,1,0.989387,96.73,80.25,24.69,0.491685,0.49621,1,3,0,0,76,1448,0.978415,1,0.4706,2,3,0,0,V1,1,0.753094,5473.529412,1,0,0,0.246906,0.246906,0,0,200
EDCF-Shield,v1b,FALCON1024+HMAC-SHA512+AES256GCM+DKG4of7,COMPROMISED_CTRL,30,11.19,18,CYCLE,36,1700,600,0,20,0.991379,0.951162,0.994152,1,0.988372,96.77,78.62,26.72,0.491692,0.496189,1,3,0,0,76,1448,0.978403,1,0.4722,2,3,0,0,V1,1,0.751935,5508.333333,1,0,0,0.248065,0.248065,0,0,200
EDCF-Shield,v1b,FALCON1024+HMAC-SHA512+AES256GCM+DKG4of7,COMPROMISED_CTRL,30,11.19,18,CUMULATIVE,36,30600,9765,0,330,0.991891,0.978259,0.994637,1,0.989331,96.73,80.15,24.81,0.491692,0.496189,1,3,0,0,76,1448,0.978403,1,0.4722,2,3,0,0,V1,1,0.751935,5508.333333,1,0,0,0.248065,0.248065,0,0,200
EDCF-Shield,v1b,FALCON1024+HMAC-SHA512+AES256GCM+DKG4of7,COMPROMISED_CTRL,30,11.19,19,CYCLE,38,1700,600,0,20,0.991379,0.952574,0.994152,1,0.988372,96.77,78.62,26.72,0.491698,0.49617,1,3,0,0,76,1448,0.978392,1,0.4737,2,3,0,0,V1,1,0.750901,5539.473684,1,0,0,0.249099,0.249099,0,0,200
EDCF-Shield,v1b,FALCON1024+HMAC-SHA512+AES256GCM+DKG4of7,COMPROMISED_CTRL,30,11.19,19,CUMULATIVE,38,32300,10365,0,350,0.991863,0.978246,0.994611,1,0.98928,96.73,80.07,24.91,0.491698,0.49617,1,3,0,0,76,1448,0.978392,1,0.4737,2,3,0,0,V1,1,0.750901,5539.473684,1,0,0,0.249099,0.249099,0,0,200
EDCF-Shield,v1b,FALCON1024+HMAC-SHA512+AES256GCM+DKG4of7,COMPROMISED_CTRL,30,11.19,20,CYCLE,40,1700,600,0,20,0.991379,0.953846,0.994152,1,0.988372,96.77,78.62,26.72,0.491704,0.496154,1,3,0,0,76,1448,0.978382,1,0.475,2,3,0,0,V1,1,0.749972,5567.5,1,0,0,0.250028,0.250028,0,0,200
EDCF-Shield,v1b,FALCON1024+HMAC-SHA512+AES256GCM+DKG4of7,COMPROMISED_CTRL,30,11.19,20,CUMULATIVE,40,34000,10965,0,370,0.991839,0.978235,0.994588,1,0.989235,96.74,80,25,0.491704,0.496154,1,3,0,0,76,1448,0.978382,1,0.475,2,3,0,0,V1,1,0.749972,5567.5,1,0,0,0.250028,0.250028,0,0,200
EDCF-Shield,v1b,FALCON1024+HMAC-SHA512+AES256GCM+DKG4of7,COMPROMISED_CTRL,30,11.19,21,CYCLE,42,1700,600,0,20,0.991379,0.954996,0.994152,1,0.988372,96.77,78.62,26.72,0.491709,0.496139,1,3,0,0,76,1448,0.978372,1,0.4762,2,3,0,0,V1,1,0.749134,5592.857143,1,0,0,0.250866,0.250866,0,0,200
EDCF-Shield,v1b,FALCON1024+HMAC-SHA512+AES256GCM+DKG4of7,COMPROMISED_CTRL,30,11.19,21,CUMULATIVE,42,35700,11565,0,390,0.991816,0.978225,0.994567,1,0.989194,96.74,79.93,25.09,0.491709,0.496139,1,3,0,0,76,1448,0.978372,1,0.4762,2,3,0,0,V1,1,0.749134,5592.857143,1,0,0,0.250866,0.250866,0,0,200
EDCF-Shield,v1b,FALCON1024+HMAC-SHA512+AES256GCM+DKG4of7,COMPROMISED_CTRL,30,11.19,22,CYCLE,44,1700,600,0,20,0.991379,0.956042,0.994152,1,0.988372,96.77,78.62,26.72,0.491714,0.496126,1,3,0,0,76,1448,0.978363,1,0.4773,2,3,0,0,V1,1,0.748374,5615.909091,1,0,0,0.251626,0.251626,0,0,200
EDCF-Shield,v1b,FALCON1024+HMAC-SHA512+AES256GCM+DKG4of7,COMPROMISED_CTRL,30,11.19,22,CUMULATIVE,44,37400,12165,0,410,0.991796,0.978215,0.994549,1,0.989156,96.74,79.87,25.16,0.491714,0.496126,1,3,0,0,76,1448,0.978363,1,0.4773,2,3,0,0,V1,1,0.748374,5615.909091,1,0,0,0.251626,0.251626,0,0,200
EDCF-Shield,v1b,FALCON1024+HMAC-SHA512+AES256GCM+DKG4of7,COMPROMISED_CTRL,30,11.19,23,CYCLE,46,1700,600,0,20,0.991379,0.956997,0.994152,1,0.988372,96.77,78.62,26.72,0.491718,0.496113,1,3,0,0,76,1448,0.978354,1,0.4783,2,3,0,0,V1,1,0.747681,5636.956522,1,0,0,0.252319,0.252319,0,0,200
EDCF-Shield,v1b,FALCON1024+HMAC-SHA512+AES256GCM+DKG4of7,COMPROMISED_CTRL,30,11.19,23,CUMULATIVE,46,39100,12765,0,430,0.991777,0.978207,0.994531,1,0.989122,96.74,79.81,25.23,0.491718,0.496113,1,3,0,0,76,1448,0.978354,1,0.4783,2,3,0,0,V1,1,0.747681,5636.956522,1,0,0,0.252319,0.252319,0,0,200
EDCF-Shield,v1b,FALCON1024+HMAC-SHA512+AES256GCM+DKG4of7,COMPROMISED_CTRL,30,11.19,24,CYCLE,48,1700,600,0,20,0.991379,0.957872,0.994152,1,0.988372,96.77,78.62,26.72,0.491722,0.496102,1,3,0,0,76,1448,0.978346,1,0.4792,2,3,0,0,V1,1,0.747048,5656.25,1,0,0,0.252952,0.252952,0,0,200
EDCF-Shield,v1b,FALCON1024+HMAC-SHA512+AES256GCM+DKG4of7,COMPROMISED_CTRL,30,11.19,24,CUMULATIVE,48,40800,13365,0,450,0.991761,0.978199,0.994516,1,0.989091,96.74,79.76,25.3,0.491722,0.496102,1,3,0,0,76,1448,0.978346,1,0.4792,2,3,0,0,V1,1,0.747048,5656.25,1,0,0,0.252952,0.252952,0,0,200
EDCF-Shield,v1b,FALCON1024+HMAC-SHA512+AES256GCM+DKG4of7,COMPROMISED_CTRL,30,11.19,25,CYCLE,50,1700,600,0,20,0.991379,0.958677,0.994152,1,0.988372,96.77,78.62,26.72,0.491725,0.496092,1,3,0,0,76,1448,0.978338,1,0.48,2,3,0,0,V1,1,0.746465,5674,1,0,0,0.253535,0.253535,0,0,200
EDCF-Shield,v1b,FALCON1024+HMAC-SHA512+AES256GCM+DKG4of7,COMPROMISED_CTRL,30,11.19,25,CUMULATIVE,50,42500,13965,0,470,0.991745,0.978191,0.994501,1,0.989062,96.74,79.72,25.35,0.491725,0.496092,1,3,0,0,76,1448,0.978338,1,0.48,2,3,0,0,V1,1,0.746465,5674,1,0,0,0.253535,0.253535,0,0,200
EDCF-Shield,v1b,FALCON1024+HMAC-SHA512+AES256GCM+DKG4of7,COMPROMISED_CTRL,30,11.19,26,CYCLE,52,1700,600,0,20,0.991379,0.959421,0.994152,1,0.988372,96.77,78.62,26.72,0.491729,0.496083,1,3,0,0,76,1448,0.978331,1,0.4808,2,3,0,0,V1,1,0.745929,5690.384615,1,0,0,0.254071,0.254071,0,0,200
EDCF-Shield,v1b,FALCON1024+HMAC-SHA512+AES256GCM+DKG4of7,COMPROMISED_CTRL,30,11.19,26,CUMULATIVE,52,44200,14565,0,490,0.991731,0.978185,0.994488,1,0.989036,96.75,79.67,25.41,0.491729,0.496083,1,3,0,0,76,1448,0.978331,1,0.4808,2,3,0,0,V1,1,0.745929,5690.384615,1,0,0,0.254071,0.254071,0,0,200
EDCF-Shield,v1b,FALCON1024+HMAC-SHA512+AES256GCM+DKG4of7,COMPROMISED_CTRL,30,11.19,27,CYCLE,54,1700,600,0,20,0.991379,0.960109,0.994152,1,0.988372,96.77,78.62,26.72,0.491732,0.496075,1,3,0,0,76,1448,0.978324,1,0.4815,2,3,0,0,V1,1,0.745432,5705.555556,1,0,0,0.254568,0.254568,0,0,200
EDCF-Shield,v1b,FALCON1024+HMAC-SHA512+AES256GCM+DKG4of7,COMPROMISED_CTRL,30,11.19,27,CUMULATIVE,54,45900,15165,0,510,0.991717,0.978178,0.994475,1,0.989011,96.75,79.63,25.46,0.491732,0.496075,1,3,0,0,76,1448,0.978324,1,0.4815,2,3,0,0,V1,1,0.745432,5705.555556,1,0,0,0.254568,0.254568,0,0,200
EDCF-Shield,v1b,FALCON1024+HMAC-SHA512+AES256GCM+DKG4of7,COMPROMISED_CTRL,30,11.19,28,CYCLE,56,1700,600,0,20,0.991379,0.960748,0.994152,1,0.988372,96.77,78.62,26.72,0.491734,0.496067,1,3,0,0,76,1448,0.978317,1,0.4821,2,3,0,0,V1,1,0.744972,5719.642857,1,0,0,0.255028,0.255028,0,0,200
EDCF-Shield,v1b,FALCON1024+HMAC-SHA512+AES256GCM+DKG4of7,COMPROMISED_CTRL,30,11.19,28,CUMULATIVE,56,47600,15765,0,530,0.991705,0.978172,0.994464,1,0.988988,96.75,79.6,25.5,0.491734,0.496067,1,3,0,0,76,1448,0.978317,1,0.4821,2,3,0,0,V1,1,0.744972,5719.642857,1,0,0,0.255028,0.255028,0,0,200
EDCF-Shield,v1b,FALCON1024+HMAC-SHA512+AES256GCM+DKG4of7,COMPROMISED_CTRL,30,11.19,29,CYCLE,58,1700,600,0,20,0.991379,0.961343,0.994152,1,0.988372,96.77,78.62,26.72,0.491737,0.496059,1,3,0,0,76,1448,0.978311,1,0.4828,2,3,0,0,V1,1,0.744544,5732.758621,1,0,0,0.255456,0.255456,0,0,200
EDCF-Shield,v1b,FALCON1024+HMAC-SHA512+AES256GCM+DKG4of7,COMPROMISED_CTRL,30,11.19,29,CUMULATIVE,58,49300,16365,0,550,0.991694,0.978167,0.994453,1,0.988967,96.75,79.56,25.55,0.491737,0.496059,1,3,0,0,76,1448,0.978311,1,0.4828,2,3,0,0,V1,1,0.744544,5732.758621,1,0,0,0.255456,0.255456,0,0,200
EDCF-Shield,v1b,FALCON1024+HMAC-SHA512+AES256GCM+DKG4of7,COMPROMISED_CTRL,30,11.19,30,CYCLE,60,1700,600,0,20,0.991379,0.961898,0.994152,1,0.988372,96.77,78.62,26.72,0.491739,0.496053,1,3,0,0,76,1448,0.978305,1,0.4833,2,3,0,0,V1,1,0.744145,5745,1,0,0,0.255855,0.255855,0,0,200
EDCF-Shield,v1b,FALCON1024+HMAC-SHA512+AES256GCM+DKG4of7,COMPROMISED_CTRL,30,11.19,30,CUMULATIVE,60,51000,16965,0,570,0.991683,0.978162,0.994443,1,0.988947,96.75,79.53,25.59,0.491739,0.496053,1,3,0,0,76,1448,0.978305,1,0.4833,2,3,0,0,V1,1,0.744145,5745,1,0,0,0.255855,0.255855,0,0,200
EDCF-Shield,v1b,FALCON1024+HMAC-SHA512+AES256GCM+DKG4of7,COMPROMISED_CTRL,30,11.19,31,CYCLE,62,1700,600,0,20,0.991379,0.962418,0.994152,1,0.988372,96.77,78.62,26.72,0.491741,0.496046,1,3,0,0,76,1448,0.978299,1,0.4839,2,3,0,0,V1,1,0.743772,5756.451613,1,0,0,0.256228,0.256228,0,0,200
EDCF-Shield,v1b,FALCON1024+HMAC-SHA512+AES256GCM+DKG4of7,COMPROMISED_CTRL,30,11.19,31,CUMULATIVE,62,52700,17565,0,590,0.991673,0.978157,0.994433,1,0.988929,96.75,79.5,25.62,0.491741,0.496046,1,3,0,0,76,1448,0.978299,1,0.4839,2,3,0,0,V1,1,0.743772,5756.451613,1,0,0,0.256228,0.256228,0,0,200
EDCF-Shield,v1b,FALCON1024+HMAC-SHA512+AES256GCM+DKG4of7,COMPROMISED_CTRL,30,11.19,32,CYCLE,64,1700,600,0,20,0.991379,0.962905,0.994152,1,0.988372,96.77,78.62,26.72,0.491743,0.49604,1,3,0,0,76,1448,0.978294,1,0.4844,2,3,0,0,V1,1,0.743423,5767.1875,1,0,0,0.256577,0.256577,0,0,200
EDCF-Shield,v1b,FALCON1024+HMAC-SHA512+AES256GCM+DKG4of7,COMPROMISED_CTRL,30,11.19,32,CUMULATIVE,64,54400,18165,0,610,0.991664,0.978152,0.994425,1,0.988911,96.75,79.47,25.66,0.491743,0.49604,1,3,0,0,76,1448,0.978294,1,0.4844,2,3,0,0,V1,1,0.743423,5767.1875,1,0,0,0.256577,0.256577,0,0,200
EDCF-Shield,v1b,FALCON1024+HMAC-SHA512+AES256GCM+DKG4of7,COMPROMISED_CTRL,30,11.19,33,CYCLE,66,1700,600,0,20,0.991379,0.963362,0.994152,1,0.988372,96.77,78.62,26.72,0.491745,0.496035,1,3,0,0,76,1448,0.978289,1,0.4848,2,3,0,0,V1,1,0.743096,5777.272727,1,0,0,0.256904,0.256904,0,0,200
EDCF-Shield,v1b,FALCON1024+HMAC-SHA512+AES256GCM+DKG4of7,COMPROMISED_CTRL,30,11.19,33,CUMULATIVE,66,56100,18765,0,630,0.991655,0.978148,0.994416,1,0.988895,96.75,79.45,25.69,0.491745,0.496035,1,3,0,0,76,1448,0.978289,1,0.4848,2,3,0,0,V1,1,0.743096,5777.272727,1,0,0,0.256904,0.256904,0,0,200
EDCF-Shield,v1b,FALCON1024+HMAC-SHA512+AES256GCM+DKG4of7,COMPROMISED_CTRL,30,11.19,34,CYCLE,68,1700,600,0,20,0.991379,0.963793,0.994152,1,0.988372,96.77,78.62,26.72,0.491747,0.49603,1,3,0,0,76,1448,0.978283,1,0.4853,2,3,0,0,V1,1,0.742787,5786.764706,1,0,0,0.257213,0.257213,0,0,200
EDCF-Shield,v1b,FALCON1024+HMAC-SHA512+AES256GCM+DKG4of7,COMPROMISED_CTRL,30,11.19,34,CUMULATIVE,68,57800,19365,0,650,0.991647,0.978144,0.994409,1,0.988879,96.75,79.42,25.72,0.491747,0.49603,1,3,0,0,76,1448,0.978283,1,0.4853,2,3,0,0,V1,1,0.742787,5786.764706,1,0,0,0.257213,0.257213,0,0,200
EDCF-Shield,v1b,FALCON1024+HMAC-SHA512+AES256GCM+DKG4of7,COMPROMISED_CTRL,30,11.19,35,CYCLE,70,1700,600,0,20,0.991379,0.964199,0.994152,1,0.988372,96.77,78.62,26.72,0.491749,0.496025,1,3,0,0,76,1448,0.978279,1,0.4857,2,3,0,0,V1,1,0.742497,5795.714286,1,0,0,0.257503,0.257503,0,0,200
EDCF-Shield,v1b,FALCON1024+HMAC-SHA512+AES256GCM+DKG4of7,COMPROMISED_CTRL,30,11.19,35,CUMULATIVE,70,59500,19965,0,670,0.991639,0.97814,0.994401,1,0.988865,96.75,79.4,25.75,0.491749,0.496025,1,3,0,0,76,1448,0.978279,1,0.4857,2,3,0,0,V1,1,0.742497,5795.714286,1,0,0,0.257503,0.257503,0,0,200
EDCF-Shield,v1b,FALCON1024+HMAC-SHA512+AES256GCM+DKG4of7,COMPROMISED_CTRL,30,11.19,36,CYCLE,72,1700,600,0,20,0.991379,0.964582,0.994152,1,0.988372,96.77,78.62,26.72,0.49175,0.49602,1,3,0,0,76,1448,0.978274,1,0.4861,2,3,0,0,V1,1,0.742223,5804.166667,1,0,0,0.257777,0.257777,0,0,200
EDCF-Shield,v1b,FALCON1024+HMAC-SHA512+AES256GCM+DKG4of7,COMPROMISED_CTRL,30,11.19,36,CUMULATIVE,72,61200,20565,0,690,0.991632,0.978136,0.994394,1,0.988851,96.75,79.38,25.78,0.49175,0.49602,1,3,0,0,76,1448,0.978274,1,0.4861,2,3,0,0,V1,1,0.742223,5804.166667,1,0,0,0.257777,0.257777,0,0,200
EDCF-Shield,v1b,FALCON1024+HMAC-SHA512+AES256GCM+DKG4of7,COMPROMISED_CTRL,30,11.19,37,CYCLE,74,1700,600,0,20,0.991379,0.964945,0.994152,1,0.988372,96.77,78.62,26.72,0.491752,0.496016,1,3,0,0,76,1448,0.97827,1,0.4865,2,3,0,0,V1,1,0.741964,5812.162162,1,0,0,0.258036,0.258036,0,0,200
EDCF-Shield,v1b,FALCON1024+HMAC-SHA512+AES256GCM+DKG4of7,COMPROMISED_CTRL,30,11.19,37,CUMULATIVE,74,62900,21165,0,710,0.991625,0.978133,0.994388,1,0.988838,96.75,79.36,25.8,0.491752,0.496016,1,3,0,0,76,1448,0.97827,1,0.4865,2,3,0,0,V1,1,0.741964,5812.162162,1,0,0,0.258036,0.258036,0,0,200
EDCF-Shield,v1b,FALCON1024+HMAC-SHA512+AES256GCM+DKG4of7,COMPROMISED_CTRL,30,11.19,38,CYCLE,76,1700,600,0,20,0.991379,0.965289,0.994152,1,0.988372,96.77,78.62,26.72,0.491753,0.496012,1,3,0,0,76,1448,0.978265,1,0.4868,2,3,0,0,V1,1,0.741719,5819.736842,1,0,0,0.258281,0.258281,0,0,200
EDCF-Shield,v1b,FALCON1024+HMAC-SHA512+AES256GCM+DKG4of7,COMPROMISED_CTRL,30,11.19,38,CUMULATIVE,76,64600,21765,0,730,0.991618,0.978129,0.994382,1,0.988826,96.75,79.34,25.83,0.491753,0.496012,1,3,0,0,76,1448,0.978265,1,0.4868,2,3,0,0,V1,1,0.741719,5819.736842,1,0,0,0.258281,0.258281,0,0,200
EDCF-Shield,v1b,FALCON1024+HMAC-SHA512+AES256GCM+DKG4of7,COMPROMISED_CTRL,30,11.19,39,CYCLE,78,1700,600,0,20,0.991379,0.965615,0.994152,1,0.988372,96.77,78.62,26.72,0.491755,0.496008,1,3,0,0,76,1448,0.978261,1,0.4872,2,3,0,0,V1,1,0.741486,5826.923077,1,0,0,0.258514,0.258514,0,0,200
EDCF-Shield,v1b,FALCON1024+HMAC-SHA512+AES256GCM+DKG4of7,COMPROMISED_CTRL,30,11.19,39,CUMULATIVE,78,66300,22365,0,750,0.991612,0.978126,0.994376,1,0.988814,96.76,79.32,25.85,0.491755,0.496008,1,3,0,0,76,1448,0.978261,1,0.4872,2,3,0,0,V1,1,0.741486,5826.923077,1,0,0,0.258514,0.258514,0,0,200
EDCF-Shield,v1b,FALCON1024+HMAC-SHA512+AES256GCM+DKG4of7,COMPROMISED_CTRL,30,11.19,40,CYCLE,80,1700,600,0,20,0.991379,0.965924,0.994152,1,0.988372,96.77,78.62,26.72,0.491756,0.496004,1,3,0,0,76,1448,0.978257,1,0.4875,2,3,0,0,V1,1,0.741266,5833.75,1,0,0,0.258734,0.258734,0,0,200
EDCF-Shield,v1b,FALCON1024+HMAC-SHA512+AES256GCM+DKG4of7,COMPROMISED_CTRL,30,11.19,40,CUMULATIVE,80,68000,22965,0,770,0.991606,0.978123,0.99437,1,0.988803,96.76,79.3,25.87,0.491756,0.496004,1,3,0,0,76,1448,0.978257,1,0.4875,2,3,0,0,V1,1,0.741266,5833.75,1,0,0,0.258734,0.258734,0,0,200
EDCF-Shield,v1b,FALCON1024+HMAC-SHA512+AES256GCM+DKG4of7,COMPROMISED_CTRL,30,11.19,41,CYCLE,82,1700,600,0,20,0.991379,0.966219,0.994152,1,0.988372,96.77,78.62,26.72,0.491757,0.496001,1,3,0,0,76,1448,0.978253,1,0.4878,2,3,0,0,V1,1,0.741056,5840.243902,1,0,0,0.258944,0.258944,0,0,200
EDCF-Shield,v1b,FALCON1024+HMAC-SHA512+AES256GCM+DKG4of7,COMPROMISED_CTRL,30,11.19,41,CUMULATIVE,82,69700,23565,0,790,0.991601,0.97812,0.994365,1,0.988793,96.76,79.28,25.89,0.491757,0.496001,1,3,0,0,76,1448,0.978253,1,0.4878,2,3,0,0,V1,1,0.741056,5840.243902,1,0,0,0.258944,0.258944,0,0,200
EDCF-Shield,v1b,FALCON1024+HMAC-SHA512+AES256GCM+DKG4of7,COMPROMISED_CTRL,30,11.19,42,CYCLE,84,1700,600,0,20,0.991379,0.966499,0.994152,1,0.988372,96.77,78.62,26.72,0.491758,0.495998,1,3,0,0,76,1448,0.97825,1,0.4881,2,3,0,0,V1,1,0.740856,5846.428571,1,0,0,0.259144,0.259144,0,0,200
EDCF-Shield,v1b,FALCON1024+HMAC-SHA512+AES256GCM+DKG4of7,COMPROMISED_CTRL,30,11.19,42,CUMULATIVE,84,71400,24165,0,810,0.991595,0.978118,0.99436,1,0.988783,96.76,79.27,25.91,0.491758,0.495998,1,3,0,0,76,1448,0.97825,1,0.4881,2,3,0,0,V1,1,0.740856,5846.428571,1,0,0,0.259144,0.259144,0,0,200
EDCF-Shield,v1b,FALCON1024+HMAC-SHA512+AES256GCM+DKG4of7,COMPROMISED_CTRL,30,11.19,43,CYCLE,86,1700,600,0,20,0.991379,0.966767,0.994152,1,0.988372,96.77,78.62,26.72,0.491759,0.495994,1,3,0,0,76,1448,0.978246,1,0.4884,2,3,0,0,V1,1,0.740666,5852.325581,1,0,0,0.259334,0.259334,0,0,200
EDCF-Shield,v1b,FALCON1024+HMAC-SHA512+AES256GCM+DKG4of7,COMPROMISED_CTRL,30,11.19,43,CUMULATIVE,86,73100,24765,0,830,0.99159,0.978115,0.994355,1,0.988773,96.76,79.25,25.93,0.491759,0.495994,1,3,0,0,76,1448,0.978246,1,0.4884,2,3,0,0,V1,1,0.740666,5852.325581,1,0,0,0.259334,0.259334,0,0,200
EDCF-Shield,v1b,FALCON1024+HMAC-SHA512+AES256GCM+DKG4of7,COMPROMISED_CTRL,30,11.19,44,CYCLE,88,1700,600,0,20,0.991379,0.967022,0.994152,1,0.988372,96.77,78.62,26.72,0.49176,0.495991,1,3,0,0,76,1448,0.978243,1,0.4886,2,3,0,0,V1,1,0.740484,5857.954545,1,0,0,0.259516,0.259516,0,0,200
EDCF-Shield,v1b,FALCON1024+HMAC-SHA512+AES256GCM+DKG4of7,COMPROMISED_CTRL,30,11.19,44,CUMULATIVE,88,74800,25365,0,850,0.991585,0.978113,0.99435,1,0.988764,96.76,79.24,25.95,0.49176,0.495991,1,3,0,0,76,1448,0.978243,1,0.4886,2,3,0,0,V1,1,0.740484,5857.954545,1,0,0,0.259516,0.259516,0,0,200
EDCF-Shield,v1b,FALCON1024+HMAC-SHA512+AES256GCM+DKG4of7,COMPROMISED_CTRL,30,11.19,45,CYCLE,90,1700,600,0,20,0.991379,0.967266,0.994152,1,0.988372,96.77,78.62,26.72,0.491761,0.495989,1,3,0,0,76,1448,0.978239,1,0.4889,2,3,0,0,V1,1,0.740311,5863.333333,1,0,0,0.259689,0.259689,0,0,200
EDCF-Shield,v1b,FALCON1024+HMAC-SHA512+AES256GCM+DKG4of7,COMPROMISED_CTRL,30,11.19,45,CUMULATIVE,90,76500,25965,0,870,0.991581,0.97811,0.994346,1,0.988755,96.76,79.22,25.97,0.491761,0.495989,1,3,0,0,76,1448,0.978239,1,0.4889,2,3,0,0,V1,1,0.740311,5863.333333,1,0,0,0.259689,0.259689,0,0,200
EDCF-Shield,v1b,FALCON1024+HMAC-SHA512+AES256GCM+DKG4of7,COMPROMISED_CTRL,30,11.19,46,CYCLE,92,1700,600,0,20,0.991379,0.9675,0.994152,1,0.988372,96.77,78.62,26.72,0.491762,0.495986,1,3,0,0,76,1448,0.978236,1,0.4891,2,3,0,0,V1,1,0.740145,5868.478261,1,0,0,0.259855,0.259855,0,0,200
EDCF-Shield,v1b,FALCON1024+HMAC-SHA512+AES256GCM+DKG4of7,COMPROMISED_CTRL,30,11.19,46,CUMULATIVE,92,78200,26565,0,890,0.991576,0.978108,0.994342,1,0.988747,96.76,79.21,25.99,0.491762,0.495986,1,3,0,0,76,1448,0.978236,1,0.4891,2,3,0,0,V1,1,0.740145,5868.478261,1,0,0,0.259855,0.259855,0,0,200
EDCF-Shield,v1b,FALCON1024+HMAC-SHA512+AES256GCM+DKG4of7,COMPROMISED_CTRL,30,11.19,47,CYCLE,94,1700,600,0,20,0.991379,0.967723,0.994152,1,0.988372,96.77,78.62,26.72,0.491763,0.495983,1,3,0,0,76,1448,0.978233,1,0.4894,2,3,0,0,V1,1,0.739986,5873.404255,1,0,0,0.260014,0.260014,0,0,200
EDCF-Shield,v1b,FALCON1024+HMAC-SHA512+AES256GCM+DKG4of7,COMPROMISED_CTRL,30,11.19,47,CUMULATIVE,94,79900,27165,0,910,0.991572,0.978106,0.994338,1,0.988739,96.76,79.2,26,0.491763,0.495983,1,3,0,0,76,1448,0.978233,1,0.4894,2,3,0,0,V1,1,0.739986,5873.404255,1,0,0,0.260014,0.260014,0,0,200
EDCF-Shield,v1b,FALCON1024+HMAC-SHA512+AES256GCM+DKG4of7,COMPROMISED_CTRL,30,11.19,48,CYCLE,96,1700,600,0,20,0.991379,0.967937,0.994152,1,0.988372,96.77,78.62,26.72,0.491764,0.495981,1,3,0,0,76,1448,0.97823,1,0.4896,2,3,0,0,V1,1,0.739834,5878.125,1,0,0,0.260166,0.260166,0,0,200
EDCF-Shield,v1b,FALCON1024+HMAC-SHA512+AES256GCM+DKG4of7,COMPROMISED_CTRL,30,11.19,48,CUMULATIVE,96,81600,27765,0,930,0.991568,0.978104,0.994334,1,0.988731,96.76,79.19,26.02,0.491764,0.495981,1,3,0,0,76,1448,0.97823,1,0.4896,2,3,0,0,V1,1,0.739834,5878.125,1,0,0,0.260166,0.260166,0,0,200
EDCF-Shield,v1b,FALCON1024+HMAC-SHA512+AES256GCM+DKG4of7,COMPROMISED_CTRL,30,11.19,49,CYCLE,98,1700,600,0,20,0.991379,0.968143,0.994152,1,0.988372,96.77,78.62,26.72,0.491765,0.495978,1,3,0,0,76,1448,0.978227,1,0.4898,2,3,0,0,V1,1,0.739688,5882.653061,1,0,0,0.260312,0.260312,0,0,200
EDCF-Shield,v1b,FALCON1024+HMAC-SHA512+AES256GCM+DKG4of7,COMPROMISED_CTRL,30,11.19,49,CUMULATIVE,98,83300,28365,0,950,0.991564,0.978102,0.99433,1,0.988724,96.76,79.18,26.03,0.491765,0.495978,1,3,0,0,76,1448,0.978227,1,0.4898,2,3,0,0,V1,1,0.739688,5882.653061,1,0,0,0.260312,0.260312,0,0,200
EDCF-Shield,v1b,FALCON1024+HMAC-SHA512+AES256GCM+DKG4of7,COMPROMISED_CTRL,30,11.19,50,CYCLE,100,1700,600,0,20,0.991379,0.96834,0.994152,1,0.988372,96.77,78.62,26.72,0.491766,0.495976,1,3,0,0,76,1448,0.978224,1,0.49,2,3,0,0,V1,1,0.739548,5887,1,0,0,0.260452,0.260452,0,0,200
EDCF-Shield,v1b,FALCON1024+HMAC-SHA512+AES256GCM+DKG4of7,COMPROMISED_CTRL,30,11.19,50,CUMULATIVE,100,85000,28965,0,970,0.99156,0.9781,0.994326,1,0.988717,96.76,79.16,26.05,0.491766,0.495976,1,3,0,0,76,1448,0.978224,1,0.49,2,3,0,0,V1,1,0.739548,5887,1,0,0,0.260452,0.260452,0,0,200
EDCF-Shield,v1b,FALCON1024+HMAC-SHA512+AES256GCM+DKG4of7,COMPROMISED_CTRL,30,11.19,51,CYCLE,102,1700,600,0,20,0.991379,0.968529,0.994152,1,0.988372,96.77,78.62,26.72,0.491766,0.495974,1,3,0,0,76,1448,0.978221,1,0.4902,2,3,0,0,V1,1,0.739414,5891.176471,1,0,0,0.260586,0.260586,0,0,200
EDCF-Shield,v1b,FALCON1024+HMAC-SHA512+AES256GCM+DKG4of7,COMPROMISED_CTRL,30,11.19,51,CUMULATIVE,102,86700,29565,0,990,0.991557,0.978098,0.994323,1,0.98871,96.76,79.15,26.06,0.491766,0.495974,1,3,0,0,76,1448,0.978221,1,0.4902,2,3,0,0,V1,1,0.739414,5891.176471,1,0,0,0.260586,0.260586,0,0,200
EDCF-Shield,v1b,FALCON1024+HMAC-SHA512+AES256GCM+DKG4of7,COMPROMISED_CTRL,30,11.19,52,CYCLE,104,1700,600,0,20,0.991379,0.968712,0.994152,1,0.988372,96.77,78.62,26.72,0.491767,0.495972,1,3,0,0,76,1448,0.978219,1,0.4904,2,3,0,0,V1,1,0.739285,5895.192308,1,0,0,0.260715,0.260715,0,0,200
EDCF-Shield,v1b,FALCON1024+HMAC-SHA512+AES256GCM+DKG4of7,COMPROMISED_CTRL,30,11.19,52,CUMULATIVE,104,88400,30165,0,1010,0.991553,0.978096,0.99432,1,0.988704,96.76,79.14,26.07,0.491767,0.495972,1,3,0,0,76,1448,0.978219,1,0.4904,2,3,0,0,V1,1,0.739285,5895.192308,1,0,0,0.260715,0.260715,0,0,200
EDCF-Shield,v1b,FALCON1024+HMAC-SHA512+AES256GCM+DKG4of7,COMPROMISED_CTRL,30,11.19,53,CYCLE,106,1700,600,0,20,0.991379,0.968887,0.994152,1,0.988372,96.77,78.62,26.72,0.491768,0.49597,1,3,0,0,76,1448,0.978216,1,0.4906,2,3,0,0,V1,1,0.739161,5899.056604,1,0,0,0.260839,0.260839,0,0,200
EDCF-Shield,v1b,FALCON1024+HMAC-SHA512+AES256GCM+DKG4of7,COMPROMISED_CTRL,30,11.19,53,CUMULATIVE,106,90100,30765,0,1030,0.99155,0.978094,0.994317,1,0.988697,96.76,79.13,26.08,0.491768,0.49597,1,3,0,0,76,1448,0.978216,1,0.4906,2,3,0,0,V1,1,0.739161,5899.056604,1,0,0,0.260839,0.260839,0,0,200
EDCF-Shield,v1b,FALCON1024+HMAC-SHA512+AES256GCM+DKG4of7,COMPROMISED_CTRL,30,11.19,54,CYCLE,108,1700,600,0,20,0.991379,0.969056,0.994152,1,0.988372,96.77,78.62,26.72,0.491769,0.495968,1,3,0,0,76,1448,0.978214,1,0.4907,2,3,0,0,V1,1,0.739041,5902.777778,1,0,0,0.260959,0.260959,0,0,200
EDCF-Shield,v1b,FALCON1024+HMAC-SHA512+AES256GCM+DKG4of7,COMPROMISED_CTRL,30,11.19,54,CUMULATIVE,108,91800,31365,0,1050,0.991547,0.978093,0.994314,1,0.988691,96.76,79.12,26.1,0.491769,0.495968,1,3,0,0,76,1448,0.978214,1,0.4907,2,3,0,0,V1,1,0.739041,5902.777778,1,0,0,0.260959,0.260959,0,0,200
EDCF-Shield,v1b,FALCON1024+HMAC-SHA512+AES256GCM+DKG4of7,COMPROMISED_CTRL,30,11.19,55,CYCLE,110,1700,600,0,20,0.991379,0.969218,0.994152,1,0.988372,96.77,78.62,26.72,0.491769,0.495966,1,3,0,0,76,1448,0.978211,1,0.4909,2,3,0,0,V1,1,0.738926,5906.363636,1,0,0,0.261074,0.261074,0,0,200
EDCF-Shield,v1b,FALCON1024+HMAC-SHA512+AES256GCM+DKG4of7,COMPROMISED_CTRL,30,11.19,55,CUMULATIVE,110,93500,31965,0,1070,0.991544,0.978091,0.994311,1,0.988686,96.76,79.11,26.11,0.491769,0.495966,1,3,0,0,76,1448,0.978211,1,0.4909,2,3,0,0,V1,1,0.738926,5906.363636,1,0,0,0.261074,0.261074,0,0,200
EDCF-Shield,v1b,FALCON1024+HMAC-SHA512+AES256GCM+DKG4of7,COMPROMISED_CTRL,30,11.19,56,CYCLE,112,1700,600,0,20,0.991379,0.969375,0.994152,1,0.988372,96.77,78.62,26.72,0.49177,0.495964,1,3,0,0,76,1448,0.978209,1,0.4911,2,3,0,0,V1,1,0.738815,5909.821429,1,0,0,0.261185,0.261185,0,0,200
EDCF-Shield,v1b,FALCON1024+HMAC-SHA512+AES256GCM+DKG4of7,COMPROMISED_CTRL,30,11.19,56,CUMULATIVE,112,95200,32565,0,1090,0.991541,0.97809,0.994308,1,0.98868,96.76,79.11,26.12,0.49177,0.495964,1,3,0,0,76,1448,0.978209,1,0.4911,2,3,0,0,V1,1,0.738815,5909.821429,1,0,0,0.261185,0.261185,0,0,200
EDCF-Shield,v1b,FALCON1024+HMAC-SHA512+AES256GCM+DKG4of7,COMPROMISED_CTRL,30,11.19,57,CYCLE,114,1700,600,0,20,0.991379,0.969527,0.994152,1,0.988372,96.77,78.62,26.72,0.49177,0.495962,1,3,0,0,76,1448,0.978206,1,0.4912,2,3,0,0,V1,1,0.738708,5913.157895,1,0,0,0.261292,0.261292,0,0,200
EDCF-Shield,v1b,FALCON1024+HMAC-SHA512+AES256GCM+DKG4of7,COMPROMISED_CTRL,30,11.19,57,CUMULATIVE,114,96900,33165,0,1110,0.991538,0.978088,0.994305,1,0.988675,96.76,79.1,26.13,0.49177,0.495962,1,3,0,0,76,1448,0.978206,1,0.4912,2,3,0,0,V1,1,0.738708,5913.157895,1,0,0,0.261292,0.261292,0,0,200
EDCF-Shield,v1b,FALCON1024+HMAC-SHA512+AES256GCM+DKG4of7,COMPROMISED_CTRL,30,11.19,58,CYCLE,116,1700,600,0,20,0.991379,0.969673,0.994152,1,0.988372,96.77,78.62,26.72,0.491771,0.495961,1,3,0,0,76,1448,0.978204,1,0.4914,2,3,0,0,V1,1,0.738604,5916.37931,1,0,0,0.261396,0.261396,0,0,200
EDCF-Shield,v1b,FALCON1024+HMAC-SHA512+AES256GCM+DKG4of7,COMPROMISED_CTRL,30,11.19,58,CUMULATIVE,116,98600,33765,0,1130,0.991535,0.978087,0.994302,1,0.988669,96.76,79.09,26.14,0.491771,0.495961,1,3,0,0,76,1448,0.978204,1,0.4914,2,3,0,0,V1,1,0.738604,5916.37931,1,0,0,0.261396,0.261396,0,0,200
EDCF-Shield,v1b,FALCON1024+HMAC-SHA512+AES256GCM+DKG4of7,COMPROMISED_CTRL,30,11.19,59,CYCLE,118,1700,600,0,20,0.991379,0.969814,0.994152,1,0.988372,96.77,78.62,26.72,0.491772,0.495959,1,3,0,0,76,1448,0.978202,1,0.4915,2,3,0,0,V1,1,0.738505,5919.491525,1,0,0,0.261495,0.261495,0,0,200
EDCF-Shield,v1b,FALCON1024+HMAC-SHA512+AES256GCM+DKG4of7,COMPROMISED_CTRL,30,11.19,59,CUMULATIVE,118,100300,34365,0,1150,0.991533,0.978085,0.9943,1,0.988664,96.76,79.08,26.15,0.491772,0.495959,1,3,0,0,76,1448,0.978202,1,0.4915,2,3,0,0,V1,1,0.738505,5919.491525,1,0,0,0.261495,0.261495,0,0,200
EDCF-Shield,v1b,FALCON1024+HMAC-SHA512+AES256GCM+DKG4of7,COMPROMISED_CTRL,30,11.19,60,CYCLE,120,1700,600,0,20,0.991379,0.96995,0.994152,1,0.988372,96.77,78.62,26.72,0.491772,0.495957,1,3,0,0,76,1448,0.9782,1,0.4917,2,3,0,0,V1,1,0.738408,5922.5,1,0,0,0.261592,0.261592,0,0,200
EDCF-Shield,v1b,FALCON1024+HMAC-SHA512+AES256GCM+DKG4of7,COMPROMISED_CTRL,30,11.19,60,CUMULATIVE,120,102000,34965,0,1170,0.99153,0.978084,0.994297,1,0.988659,96.76,79.07,26.16,0.491772,0.495957,1,3,0,0,76,1448,0.9782,1,0.4917,2,3,0,0,V1,1,0.738408,5922.5,1,0,0,0.261592,0.261592,0,0,200
EDCF-Shield,v1b,FALCON1024+HMAC-SHA512+AES256GCM+DKG4of7,COMPROMISED_CTRL,30,11.19,61,CYCLE,122,1700,600,0,20,0.991379,0.970082,0.994152,1,0.988372,96.77,78.62,26.72,0.491773,0.495956,1,3,0,0,76,1448,0.978198,1,0.4918,2,3,0,0,V1,1,0.738315,5925.409836,1,0,0,0.261685,0.261685,0,0,200
EDCF-Shield,v1b,FALCON1024+HMAC-SHA512+AES256GCM+DKG4of7,COMPROMISED_CTRL,30,11.19,61,CUMULATIVE,122,103700,35565,0,1190,0.991528,0.978083,0.994295,1,0.988655,96.76,79.07,26.17,0.491773,0.495956,1,3,0,0,76,1448,0.978198,1,0.4918,2,3,0,0,V1,1,0.738315,5925.409836,1,0,0,0.261685,0.261685,0,0,200
EDCF-Shield,v1b,FALCON1024+HMAC-SHA512+AES256GCM+DKG4of7,COMPROMISED_CTRL,30,11.19,62,CYCLE,124,1700,600,0,20,0.991379,0.97021,0.994152,1,0.988372,96.77,78.62,26.72,0.491773,0.495954,1,3,0,0,76,1448,0.978196,1,0.4919,2,3,0,0,V1,1,0.738224,5928.225806,1,0,0,0.261776,0.261776,0,0,200
EDCF-Shield,v1b,FALCON1024+HMAC-SHA512+AES256GCM+DKG4of7,COMPROMISED_CTRL,30,11.19,62,CUMULATIVE,124,105400,36165,0,1210,0.991525,0.978081,0.994293,1,0.98865,96.76,79.06,26.18,0.491773,0.495954,1,3,0,0,76,1448,0.978196,1,0.4919,2,3,0,0,V1,1,0.738224,5928.225806,1,0,0,0.261776,0.261776,0,0,200
EDCF-Shield,v1b,FALCON1024+HMAC-SHA512+AES256GCM+DKG4of7,COMPROMISED_CTRL,30,11.19,63,CYCLE,126,1700,600,0,20,0.991379,0.970334,0.994152,1,0.988372,96.77,78.62,26.72,0.491774,0.495953,1,3,0,0,76,1448,0.978194,1,0.4921,2,3,0,0,V1,1,0.738137,5930.952381,1,0,0,0.261863,0.261863,0,0,200
EDCF-Shield,v1b,FALCON1024+HMAC-SHA512+AES256GCM+DKG4of7,COMPROMISED_CTRL,30,11.19,63,CUMULATIVE,126,107100,36765,0,1230,0.991523,0.97808,0.99429,1,0.988646,96.76,79.05,26.19,0.491774,0.495953,1,3,0,0,76,1448,0.978194,1,0.4921,2,3,0,0,V1,1,0.738137,5930.952381,1,0,0,0.261863,0.261863,0,0,200
EDCF-Shield,v1b,FALCON1024+HMAC-SHA512+AES256GCM+DKG4of7,COMPROMISED_CTRL,30,11.19,64,CYCLE,128,1700,600,0,20,0.991379,0.970454,0.994152,1,0.988372,96.77,78.62,26.72,0.491774,0.495952,1,3,0,0,76,1448,0.978192,1,0.4922,2,3,0,0,V1,1,0.738052,5933.59375,1,0,0,0.261948,0.261948,0,0,200
EDCF-Shield,v1b,FALCON1024+HMAC-SHA512+AES256GCM+DKG4of7,COMPROMISED_CTRL,30,11.19,64,CUMULATIVE,128,108800,37365,0,1250,0.991521,0.978079,0.994288,1,0.988642,96.76,79.04,26.19,0.491774,0.495952,1,3,0,0,76,1448,0.978192,1,0.4922,2,3,0,0,V1,1,0.738052,5933.59375,1,0,0,0.261948,0.261948,0,0,200
EDCF-Shield,v1b,FALCON1024+HMAC-SHA512+AES256GCM+DKG4of7,COMPROMISED_CTRL,30,11.19,65,CYCLE,130,1700,600,0,20,0.991379,0.97057,0.994152,1,0.988372,96.77,78.62,26.72,0.491775,0.49595,1,3,0,0,76,1448,0.97819,1,0.4923,2,3,0,0,V1,1,0.73797,5936.153846,1,0,0,0.26203,0.26203,0,0,200
EDCF-Shield,v1b,FALCON1024+HMAC-SHA512+AES256GCM+DKG4of7,COMPROMISED_CTRL,30,11.19,65,CUMULATIVE,130,110500,37965,0,1270,0.991518,0.978078,0.994286,1,0.988637,96.76,79.04,26.2,0.491775,0.49595,1,3,0,0,76,1448,0.97819,1,0.4923,2,3,0,0,V1,1,0.73797,5936.153846,1,0,0,0.26203,0.26203,0,0,200
EDCF-Shield,v1b,FALCON1024+HMAC-SHA512+AES256GCM+DKG4of7,COMPROMISED_CTRL,30,11.19,66,CYCLE,132,1700,600,0,20,0.991379,0.970682,0.994152,1,0.988372,96.77,78.62,26.72,0.491775,0.495949,1,3,0,0,76,1448,0.978188,1,0.4924,2,3,0,0,V1,1,0.737891,5938.636364,1,0,0,0.262109,0.262109,0,0,200
EDCF-Shield,v1b,FALCON1024+HMAC-SHA512+AES256GCM+DKG4of7,COMPROMISED_CTRL,30,11.19,66,CUMULATIVE,132,112200,38565,0,1290,0.991516,0.978077,0.994284,1,0.988633,96.76,79.03,26.21,0.491775,0.495949,1,3,0,0,76,1448,0.978188,1,0.4924,2,3,0,0,V1,1,0.737891,5938.636364,1,0,0,0.262109,0.262109,0,0,200
EDCF-Shield,v1b,FALCON1024+HMAC-SHA512+AES256GCM+DKG4of7,COMPROMISED_CTRL,30,11.19,67,CYCLE,134,1700,600,0,20,0.991379,0.970792,0.994152,1,0.988372,96.77,78.62,26.72,0.491775,0.495948,1,3,0,0,76,1448,0.978186,1,0.4925,2,3,0,0,V1,1,0.737814,5941.044776,1,0,0,0.262186,0.262186,0,0,200
EDCF-Shield,v1b,FALCON1024+HMAC-SHA512+AES256GCM+DKG4of7,COMPROMISED_CTRL,30,11.19,67,CUMULATIVE,134,113900,39165,0,1310,0.991514,0.978076,0.994282,1,0.988629,96.76,79.03,26.22,0.491775,0.495948,1,3,0,0,76,1448,0.978186,1,0.4925,2,3,0,0,V1,1,0.737814,5941.044776,1,0,0,0.262186,0.262186,0,0,200
EDCF-Shield,v1b,FALCON1024+HMAC-SHA512+AES256GCM+DKG4of7,COMPROMISED_CTRL,30,11.19,68,CYCLE,136,1700,600,0,20,0.991379,0.970898,0.994152,1,0.988372,96.77,78.62,26.72,0.491776,0.495947,1,3,0,0,76,1448,0.978184,1,0.4926,2,3,0,0,V1,1,0.737739,5943.382353,1,0,0,0.262261,0.262261,0,0,200
EDCF-Shield,v1b,FALCON1024+HMAC-SHA512+AES256GCM+DKG4of7,COMPROMISED_CTRL,30,11.19,68,CUMULATIVE,136,115600,39765,0,1330,0.991512,0.978075,0.99428,1,0.988626,96.76,79.02,26.23,0.491776,0.495947,1,3,0,0,76,1448,0.978184,1,0.4926,2,3,0,0,V1,1,0.737739,5943.382353,1,0,0,0.262261,0.262261,0,0,200
EDCF-Shield,v1b,FALCON1024+HMAC-SHA512+AES256GCM+DKG4of7,COMPROMISED_CTRL,30,11.19,69,CYCLE,138,1700,600,0,20,0.991379,0.971001,0.994152,1,0.988372,96.77,78.62,26.72,0.491776,0.495945,1,3,0,0,76,1448,0.978182,1,0.4928,2,3,0,0,V1,1,0.737666,5945.652174,1,0,0,0.262334,0.262334,0,0,200
EDCF-Shield,v1b,FALCON1024+HMAC-SHA512+AES256GCM+DKG4of7,COMPROMISED_CTRL,30,11.19,69,CUMULATIVE,138,117300,40365,0,1350,0.99151,0.978073,0.994278,1,0.988622,96.76,79.01,26.23,0.491776,0.495945,1,3,0,0,76,1448,0.978182,1,0.4928,2,3,0,0,V1,1,0.737666,5945.652174,1,0,0,0.262334,0.262334,0,0,200
EDCF-Shield,v1b,FALCON1024+HMAC-SHA512+AES256GCM+DKG4of7,COMPROMISED_CTRL,30,11.19,70,CYCLE,140,1700,600,0,20,0.991379,0.971101,0.994152,1,0.988372,96.77,78.62,26.72,0.491777,0.495944,1,3,0,0,76,1448,0.978181,1,0.4929,2,3,0,0,V1,1,0.737596,5947.857143,1,0,0,0.262404,0.262404,0,0,200
EDCF-Shield,v1b,FALCON1024+HMAC-SHA512+AES256GCM+DKG4of7,COMPROMISED_CTRL,30,11.19,70,CUMULATIVE,140,119000,40965,0,1370,0.991508,0.978072,0.994277,1,0.988618,96.76,79.01,26.24,0.491777,0.495944,1,3,0,0,76,1448,0.978181,1,0.4929,2,3,0,0,V1,1,0.737596,5947.857143,1,0,0,0.262404,0.262404,0,0,200
EDCF-Shield,v1b,FALCON1024+HMAC-SHA512+AES256GCM+DKG4of7,COMPROMISED_CTRL,30,11.19,71,CYCLE,142,1700,600,0,20,0.991379,0.971198,0.994152,1,0.988372,96.77,78.62,26.72,0.491777,0.495943,1,3,0,0,76,1448,0.978179,1,0.493,2,3,0,0,V1,1,0.737527,5950,1,0,0,0.262473,0.262473,0,0,200
EDCF-Shield,v1b,FALCON1024+HMAC-SHA512+AES256GCM+DKG4of7,COMPROMISED_CTRL,30,11.19,71,CUMULATIVE,142,120700,41565,0,1390,0.991507,0.978072,0.994275,1,0.988615,96.76,79,26.25,0.491777,0.495943,1,3,0,0,76,1448,0.978179,1,0.493,2,3,0,0,V1,1,0.737527,5950,1,0,0,0.262473,0.262473,0,0,200
EDCF-Shield,v1b,FALCON1024+HMAC-SHA512+AES256GCM+DKG4of7,COMPROMISED_CTRL,30,11.19,72,CYCLE,144,1700,600,0,20,0.991379,0.971292,0.994152,1,0.988372,96.77,78.62,26.72,0.491777,0.495942,1,3,0,0,76,1448,0.978177,1,0.4931,2,3,0,0,V1,1,0.73746,5952.083333,1,0,0,0.26254,0.26254,0,0,200
EDCF-Shield,v1b,FALCON1024+HMAC-SHA512+AES256GCM+DKG4of7,COMPROMISED_CTRL,30,11.19,72,CUMULATIVE,144,122400,42165,0,1410,0.991505,0.978071,0.994273,1,0.988612,96.76,79,26.25,0.491777,0.495942,1,3,0,0,76,1448,0.978177,1,0.4931,2,3,0,0,V1,1,0.73746,5952.083333,1,0,0,0.26254,0.26254,0,0,200
EDCF-Shield,v1b,FALCON1024+HMAC-SHA512+AES256GCM+DKG4of7,COMPROMISED_CTRL,30,11.19,73,CYCLE,146,1700,600,0,20,0.991379,0.971384,0.994152,1,0.988372,96.77,78.62,26.72,0.491778,0.495941,1,3,0,0,76,1448,0.978176,1,0.4932,2,3,0,0,V1,1,0.737396,5954.109589,1,0,0,0.262604,0.262604,0,0,200
EDCF-Shield,v1b,FALCON1024+HMAC-SHA512+AES256GCM+DKG4of7,COMPROMISED_CTRL,30,11.19,73,CUMULATIVE,146,124100,42765,0,1430,0.991503,0.97807,0.994272,1,0.988608,96.76,78.99,26.26,0.491778,0.495941,1,3,0,0,76,1448,0.978176,1,0.4932,2,3,0,0,V1,1,0.737396,5954.109589,1,0,0,0.262604,0.262604,0,0,200
EDCF-Shield,v1b,FALCON1024+HMAC-SHA512+AES256GCM+DKG4of7,COMPROMISED_CTRL,30,11.19,74,CYCLE,148,1700,600,0,20,0.991379,0.971474,0.994152,1,0.988372,96.77,78.62,26.72,0.491778,0.49594,1,3,0,0,76,1448,0.978174,1,0.4932,2,3,0,0,V1,1,0.737333,5956.081081,1,0,0,0.262667,0.262667,0,0,200
EDCF-Shield,v1b,FALCON1024+HMAC-SHA512+AES256GCM+DKG4of7,COMPROMISED_CTRL,30,11.19,74,CUMULATIVE,148,125800,43365,0,1450,0.991501,0.978069,0.99427,1,0.988605,96.76,78.99,26.27,0.491778,0.49594,1,3,0,0,76,1448,0.978174,1,0.4932,2,3,0,0,V1,1,0.737333,5956.081081,1,0,0,0.262667,0.262667,0,0,200
EDCF-Shield,v1b,FALCON1024+HMAC-SHA512+AES256GCM+DKG4of7,COMPROMISED_CTRL,30,11.19,75,CYCLE,150,1700,600,0,20,0.991379,0.971561,0.994152,1,0.988372,96.77,78.62,26.72,0.491779,0.495939,1,3,0,0,76,1448,0.978173,1,0.4933,2,3,0,0,V1,1,0.737271,5958,1,0,0,0.262729,0.262729,0,0,200
EDCF-Shield,v1b,FALCON1024+HMAC-SHA512+AES256GCM+DKG4of7,COMPROMISED_CTRL,30,11.19,75,CUMULATIVE,150,127500,43965,0,1470,0.9915,0.978068,0.994268,1,0.988602,96.76,78.98,26.27,0.491779,0.495939,1,3,0,0,76,1448,0.978173,1,0.4933,2,3,0,0,V1,1,0.737271,5958,1,0,0,0.262729,0.262729,0,0,200
EDCF-Shield,v1b,FALCON1024+HMAC-SHA512+AES256GCM+DKG4of7,COMPROMISED_CTRL,30,11.19,76,CYCLE,152,1700,600,0,20,0.991379,0.971646,0.994152,1,0.988372,96.77,78.62,26.72,0.491779,0.495938,1,3,0,0,76,1448,0.978171,1,0.4934,2,3,0,0,V1,1,0.737211,5959.868421,1,0,0,0.262789,0.262789,0,0,200
EDCF-Shield,v1b,FALCON1024+HMAC-SHA512+AES256GCM+DKG4of7,COMPROMISED_CTRL,30,11.19,76,CUMULATIVE,152,129200,44565,0,1490,0.991498,0.978067,0.994267,1,0.988599,96.76,78.98,26.28,0.491779,0.495938,1,3,0,0,76,1448,0.978171,1,0.4934,2,3,0,0,V1,1,0.737211,5959.868421,1,0,0,0.262789,0.262789,0,0,200
EDCF-Shield,v1b,FALCON1024+HMAC-SHA512+AES256GCM+DKG4of7,COMPROMISED_CTRL,30,11.19,77,CYCLE,154,1700,600,0,20,0.991379,0.971728,0.994152,1,0.988372,96.77,78.62,26.72,0.491779,0.495937,1,3,0,0,76,1448,0.97817,1,0.4935,2,3,0,0,V1,1,0.737153,5961.688312,1,0,0,0.262847,0.262847,0,0,200
EDCF-Shield,v1b,FALCON1024+HMAC-SHA512+AES256GCM+DKG4of7,COMPROMISED_CTRL,30,11.19,77,CUMULATIVE,154,130900,45165,0,1510,0.991497,0.978066,0.994265,1,0.988596,96.76,78.97,26.28,0.491779,0.495937,1,3,0,0,76,1448,0.97817,1,0.4935,2,3,0,0,V1,1,0.737153,5961.688312,1,0,0,0.262847,0.262847,0,0,200
EDCF-Shield,v1b,FALCON1024+HMAC-SHA512+AES256GCM+DKG4of7,COMPROMISED_CTRL,30,11.19,78,CYCLE,156,1700,600,0,20,0.991379,0.971809,0.994152,1,0.988372,96.77,78.62,26.72,0.491779,0.495936,1,3,0,0,76,1448,0.978168,1,0.4936,2,3,0,0,V1,1,0.737097,5963.461538,1,0,0,0.262903,0.262903,0,0,200
EDCF-Shield,v1b,FALCON1024+HMAC-SHA512+AES256GCM+DKG4of7,COMPROMISED_CTRL,30,11.19,78,CUMULATIVE,156,132600,45765,0,1530,0.991495,0.978065,0.994264,1,0.988593,96.76,78.97,26.29,0.491779,0.495936,1,3,0,0,76,1448,0.978168,1,0.4936,2,3,0,0,V1,1,0.737097,5963.461538,1,0,0,0.262903,0.262903,0,0,200
EDCF-Shield,v1b,FALCON1024+HMAC-SHA512+AES256GCM+DKG4of7,COMPROMISED_CTRL,30,11.19,79,CYCLE,158,1700,600,0,20,0.991379,0.971887,0.994152,1,0.988372,96.77,78.62,26.72,0.49178,0.495935,1,3,0,0,76,1448,0.978167,1,0.4937,2,3,0,0,V1,1,0.737041,5965.189873,1,0,0,0.262959,0.262959,0,0,200
EDCF-Shield,v1b,FALCON1024+HMAC-SHA512+AES256GCM+DKG4of7,COMPROMISED_CTRL,30,11.19,79,CUMULATIVE,158,134300,46365,0,1550,0.991494,0.978065,0.994262,1,0.98859,96.77,78.96,26.3,0.49178,0.495935,1,3,0,0,76,1448,0.978167,1,0.4937,2,3,0,0,V1,1,0.737041,5965.189873,1,0,0,0.262959,0.262959,0,0,200
EDCF-Shield,v1b,FALCON1024+HMAC-SHA512+AES256GCM+DKG4of7,COMPROMISED_CTRL,30,11.19,80,CYCLE,160,1700,600,0,20,0.991379,0.971963,0.994152,1,0.988372,96.77,78.62,26.72,0.49178,0.495935,1,3,0,0,76,1448,0.978166,1,0.4938,2,3,0,0,V1,1,0.736988,5966.875,1,0,0,0.263012,0.263012,0,0,200
EDCF-Shield,v1b,FALCON1024+HMAC-SHA512+AES256GCM+DKG4of7,COMPROMISED_CTRL,30,11.19,80,CUMULATIVE,160,136000,46965,0,1570,0.991492,0.978064,0.994261,1,0.988588,96.77,78.96,26.3,0.49178,0.495935,1,3,0,0,76,1448,0.978166,1,0.4938,2,3,0,0,V1,1,0.736988,5966.875,1,0,0,0.263012,0.263012,0,0,200
EDCF-Shield,v1b,FALCON1024+HMAC-SHA512+AES256GCM+DKG4of7,COMPROMISED_CTRL,30,11.19,81,CYCLE,162,1700,600,0,20,0.991379,0.972038,0.994152,1,0.988372,96.77,78.62,26.72,0.49178,0.495934,1,3,0,0,76,1448,0.978164,1,0.4938,2,3,0,0,V1,1,0.736935,5968.518519,1,0,0,0.263065,0.263065,0,0,200
EDCF-Shield,v1b,FALCON1024+HMAC-SHA512+AES256GCM+DKG4of7,COMPROMISED_CTRL,30,11.19,81,CUMULATIVE,162,137700,47565,0,1590,0.991491,0.978063,0.99426,1,0.988585,96.77,78.95,26.31,0.49178,0.495934,1,3,0,0,76,1448,0.978164,1,0.4938,2,3,0,0,V1,1,0.736935,5968.518519,1,0,0,0.263065,0.263065,0,0,200
EDCF-Shield,v1b,FALCON1024+HMAC-SHA512+AES256GCM+DKG4of7,COMPROMISED_CTRL,30,11.19,82,CYCLE,164,1700,600,0,20,0.991379,0.972111,0.994152,1,0.988372,96.77,78.62,26.72,0.491781,0.495933,1,3,0,0,76,1448,0.978163,1,0.4939,2,3,0,0,V1,1,0.736884,5970.121951,1,0,0,0.263116,0.263116,0,0,200
EDCF-Shield,v1b,FALCON1024+HMAC-SHA512+AES256GCM+DKG4of7,COMPROMISED_CTRL,30,11.19,82,CUMULATIVE,164,139400,48165,0,1610,0.991489,0.978062,0.994258,1,0.988582,96.77,78.95,26.31,0.491781,0.495933,1,3,0,0,76,1448,0.978163,1,0.4939,2,3,0,0,V1,1,0.736884,5970.121951,1,0,0,0.263116,0.263116,0,0,200
EDCF-Shield,v1b,FALCON1024+HMAC-SHA512+AES256GCM+DKG4of7,COMPROMISED_CTRL,30,11.19,83,CYCLE,166,1700,600,0,20,0.991379,0.972182,0.994152,1,0.988372,96.77,78.62,26.72,0.491781,0.495932,1,3,0,0,76,1448,0.978162,1,0.494,2,3,0,0,V1,1,0.736834,5971.686747,1,0,0,0.263166,0.263166,0,0,200
EDCF-Shield,v1b,FALCON1024+HMAC-SHA512+AES256GCM+DKG4of7,COMPROMISED_CTRL,30,11.19,83,CUMULATIVE,166,141100,48765,0,1630,0.991488,0.978062,0.994257,1,0.98858,96.77,78.95,26.32,0.491781,0.495932,1,3,0,0,76,1448,0.978162,1,0.494,2,3,0,0,V1,1,0.736834,5971.686747,1,0,0,0.263166,0.263166,0,0,200
EDCF-Shield,v1b,FALCON1024+HMAC-SHA512+AES256GCM+DKG4of7,COMPROMISED_CTRL,30,11.19,84,CYCLE,168,1700,600,0,20,0.991379,0.972251,0.994152,1,0.988372,96.77,78.62,26.72,0.491781,0.495931,1,3,0,0,76,1448,0.97816,1,0.494,2,3,0,0,V1,1,0.736785,5973.214286,1,0,0,0.263215,0.263215,0,0,200
EDCF-Shield,v1b,FALCON1024+HMAC-SHA512+AES256GCM+DKG4of7,COMPROMISED_CTRL,30,11.19,84,CUMULATIVE,168,142800,49365,0,1650,0.991487,0.978061,0.994256,1,0.988577,96.77,78.94,26.32,0.491781,0.495931,1,3,0,0,76,1448,0.97816,1,0.494,2,3,0,0,V1,1,0.736785,5973.214286,1,0,0,0.263215,0.263215,0,0,200
EDCF-Shield,v1b,FALCON1024+HMAC-SHA512+AES256GCM+DKG4of7,COMPROMISED_CTRL,30,11.19,85,CYCLE,170,1700,600,0,20,0.991379,0.972319,0.994152,1,0.988372,96.77,78.62,26.72,0.491781,0.495931,1,3,0,0,76,1448,0.978159,1,0.4941,2,3,0,0,V1,1,0.736737,5974.705882,1,0,0,0.263263,0.263263,0,0,200
EDCF-Shield,v1b,FALCON1024+HMAC-SHA512+AES256GCM+DKG4of7,COMPROMISED_CTRL,30,11.19,85,CUMULATIVE,170,144500,49965,0,1670,0.991485,0.97806,0.994255,1,0.988575,96.77,78.94,26.33,0.491781,0.495931,1,3,0,0,76,1448,0.978159,1,0.4941,2,3,0,0,V1,1,0.736737,5974.705882,1,0,0,0.263263,0.263263,0,0,200
EDCF-Shield,v1b,FALCON1024+HMAC-SHA512+AES256GCM+DKG4of7,COMPROMISED_CTRL,30,11.19,86,CYCLE,172,1700,600,0,20,0.991379,0.972385,0.994152,1,0.988372,96.77,78.62,26.72,0.491782,0.49593,1,3,0,0,76,1448,0.978158,1,0.4942,2,3,0,0,V1,1,0.736691,5976.162791,1,0,0,0.263309,0.263309,0,0,200
EDCF-Shield,v1b,FALCON1024+HMAC-SHA512+AES256GCM+DKG4of7,COMPROMISED_CTRL,30,11.19,86,CUMULATIVE,172,146200,50565,0,1690,0.991484,0.97806,0.994253,1,0.988573,96.77,78.94,26.33,0.491782,0.49593,1,3,0,0,76,1448,0.978158,1,0.4942,2,3,0,0,V1,1,0.736691,5976.162791,1,0,0,0.263309,0.263309,0,0,200
EDCF-Shield,v1b,FALCON1024+HMAC-SHA512+AES256GCM+DKG4of7,COMPROMISED_CTRL,30,11.19,87,CYCLE,174,1700,600,0,20,0.991379,0.972449,0.994152,1,0.988372,96.77,78.62,26.72,0.491782,0.495929,1,3,0,0,76,1448,0.978157,1,0.4943,2,3,0,0,V1,1,0.736645,5977.586207,1,0,0,0.263355,0.263355,0,0,200
EDCF-Shield,v1b,FALCON1024+HMAC-SHA512+AES256GCM+DKG4of7,COMPROMISED_CTRL,30,11.19,87,CUMULATIVE,174,147900,51165,0,1710,0.991483,0.978059,0.994252,1,0.98857,96.77,78.93,26.34,0.491782,0.495929,1,3,0,0,76,1448,0.978157,1,0.4943,2,3,0,0,V1,1,0.736645,5977.586207,1,0,0,0.263355,0.263355,0,0,200
EDCF-Shield,v1b,FALCON1024+HMAC-SHA512+AES256GCM+DKG4of7,COMPROMISED_CTRL,30,11.19,88,CYCLE,176,1700,600,0,20,0.991379,0.972512,0.994152,1,0.988372,96.77,78.62,26.72,0.491782,0.495928,1,3,0,0,76,1448,0.978155,1,0.4943,2,3,0,0,V1,1,0.736601,5978.977273,1,0,0,0.263399,0.263399,0,0,200
EDCF-Shield,v1b,FALCON1024+HMAC-SHA512+AES256GCM+DKG4of7,COMPROMISED_CTRL,30,11.19,88,CUMULATIVE,176,149600,51765,0,1730,0.991482,0.978058,0.994251,1,0.988568,96.77,78.93,26.34,0.491782,0.495928,1,3,0,0,76,1448,0.978155,1,0.4943,2,3,0,0,V1,1,0.736601,5978.977273,1,0,0,0.263399,0.263399,0,0,200
EDCF-Shield,v1b,FALCON1024+HMAC-SHA512+AES256GCM+DKG4of7,COMPROMISED_CTRL,30,11.19,89,CYCLE,178,1700,600,0,20,0.991379,0.972574,0.994152,1,0.988372,96.77,78.62,26.72,0.491782,0.495928,1,3,0,0,76,1448,0.978154,1,0.4944,2,3,0,0,V1,1,0.736558,5980.337079,1,0,0,0.263442,0.263442,0,0,200
EDCF-Shield,v1b,FALCON1024+HMAC-SHA512+AES256GCM+DKG4of7,COMPROMISED_CTRL,30,11.19,89,CUMULATIVE,178,151300,52365,0,1750,0.991481,0.978058,0.99425,1,0.988566,96.77,78.92,26.34,0.491782,0.495928,1,3,0,0,76,1448,0.978154,1,0.4944,2,3,0,0,V1,1,0.736558,5980.337079,1,0,0,0.263442,0.263442,0,0,200
EDCF-Shield,v1b,FALCON1024+HMAC-SHA512+AES256GCM+DKG4of7,COMPROMISED_CTRL,30,11.19,90,CYCLE,180,1700,600,0,20,0.991379,0.972634,0.994152,1,0.988372,96.77,78.62,26.72,0.491783,0.495927,1,3,0,0,76,1448,0.978153,1,0.4944,2,3,0,0,V1,1,0.736515,5981.666667,1,0,0,0.263485,0.263485,0,0,200
EDCF-Shield,v1b,FALCON1024+HMAC-SHA512+AES256GCM+DKG4of7,COMPROMISED_CTRL,30,11.19,90,CUMULATIVE,180,153000,52965,0,1770,0.99148,0.978057,0.994249,1,0.988564,96.77,78.92,26.35,0.491783,0.495927,1,3,0,0,76,1448,0.978153,1,0.4944,2,3,0,0,V1,1,0.736515,5981.666667,1,0,0,0.263485,0.263485,0,0,200
EDCF-Shield,v1b,FALCON1024+HMAC-SHA512+AES256GCM+DKG4of7,COMPROMISED_CTRL,30,11.19,91,CYCLE,182,1700,600,0,20,0.991379,0.972693,0.994152,1,0.988372,96.77,78.62,26.72,0.491783,0.495926,1,3,0,0,76,1448,0.978152,1,0.4945,2,3,0,0,V1,1,0.736474,5982.967033,1,0,0,0.263526,0.263526,0,0,200
EDCF-Shield,v1b,FALCON1024+HMAC-SHA512+AES256GCM+DKG4of7,COMPROMISED_CTRL,30,11.19,91,CUMULATIVE,182,154700,53565,0,1790,0.991478,0.978057,0.994248,1,0.988562,96.77,78.92,26.35,0.491783,0.495926,1,3,0,0,76,1448,0.978152,1,0.4945,2,3,0,0,V1,1,0.736474,5982.967033,1,0,0,0.263526,0.263526,0,0,200
EDCF-Shield,v1b,FALCON1024+HMAC-SHA512+AES256GCM+DKG4of7,COMPROMISED_CTRL,30,11.19,92,CYCLE,184,1700,600,0,20,0.991379,0.972751,0.994152,1,0.988372,96.77,78.62,26.72,0.491783,0.495926,1,3,0,0,76,1448,0.978151,1,0.4946,2,3,0,0,V1,1,0.736433,5984.23913,1,0,0,0.263567,0.263567,0,0,200
EDCF-Shield,v1b,FALCON1024+HMAC-SHA512+AES256GCM+DKG4of7,COMPROMISED_CTRL,30,11.19,92,CUMULATIVE,184,156400,54165,0,1810,0.991477,0.978056,0.994247,1,0.98856,96.77,78.91,26.36,0.491783,0.495926,1,3,0,0,76,1448,0.978151,1,0.4946,2,3,0,0,V1,1,0.736433,5984.23913,1,0,0,0.263567,0.263567,0,0,200
EDCF-Shield,v1b,FALCON1024+HMAC-SHA512+AES256GCM+DKG4of7,COMPROMISED_CTRL,30,11.19,93,CYCLE,186,1700,600,0,20,0.991379,0.972808,0.994152,1,0.988372,96.77,78.62,26.72,0.491783,0.495925,1,3,0,0,76,1448,0.97815,1,0.4946,2,3,0,0,V1,1,0.736393,5985.483871,1,0,0,0.263607,0.263607,0,0,200
EDCF-Shield,v1b,FALCON1024+HMAC-SHA512+AES256GCM+DKG4of7,COMPROMISED_CTRL,30,11.19,93,CUMULATIVE,186,158100,54765,0,1830,0.991476,0.978055,0.994246,1,0.988557,96.77,78.91,26.36,0.491783,0.495925,1,3,0,0,76,1448,0.97815,1,0.4946,2,3,0,0,V1,1,0.736393,5985.483871,1,0,0,0.263607,0.263607,0,0,200
EDCF-Shield,v1b,FALCON1024+HMAC-SHA512+AES256GCM+DKG4of7,COMPROMISED_CTRL,30,11.19,94,CYCLE,188,1700,600,0,20,0.991379,0.972863,0.994152,1,0.988372,96.77,78.62,26.72,0.491784,0.495924,1,3,0,0,76,1448,0.978149,1,0.4947,2,3,0,0,V1,1,0.736355,5986.702128,1,0,0,0.263645,0.263645,0,0,200
EDCF-Shield,v1b,FALCON1024+HMAC-SHA512+AES256GCM+DKG4of7,COMPROMISED_CTRL,30,11.19,94,CUMULATIVE,188,159800,55365,0,1850,0.991475,0.978055,0.994245,1,0.988556,96.77,78.91,26.36,0.491784,0.495924,1,3,0,0,76,1448,0.978149,1,0.4947,2,3,0,0,V1,1,0.736355,5986.702128,1,0,0,0.263645,0.263645,0,0,200
EDCF-Shield,v1b,FALCON1024+HMAC-SHA512+AES256GCM+DKG4of7,COMPROMISED_CTRL,30,11.19,95,CYCLE,190,1700,600,0,20,0.991379,0.972917,0.994152,1,0.988372,96.77,78.62,26.72,0.491784,0.495924,1,3,0,0,76,1448,0.978148,1,0.4947,2,3,0,0,V1,1,0.736317,5987.894737,1,0,0,0.263683,0.263683,0,0,200
EDCF-Shield,v1b,FALCON1024+HMAC-SHA512+AES256GCM+DKG4of7,COMPROMISED_CTRL,30,11.19,95,CUMULATIVE,190,161500,55965,0,1870,0.991474,0.978054,0.994244,1,0.988554,96.77,78.91,26.37,0.491784,0.495924,1,3,0,0,76,1448,0.978148,1,0.4947,2,3,0,0,V1,1,0.736317,5987.894737,1,0,0,0.263683,0.263683,0,0,200
EDCF-Shield,v1b,FALCON1024+HMAC-SHA512+AES256GCM+DKG4of7,COMPROMISED_CTRL,30,11.19,96,CYCLE,192,1700,600,0,20,0.991379,0.97297,0.994152,1,0.988372,96.77,78.62,26.72,0.491784,0.495923,1,3,0,0,76,1448,0.978147,1,0.4948,2,3,0,0,V1,1,0.736279,5989.0625,1,0,0,0.263721,0.263721,0,0,200
EDCF-Shield,v1b,FALCON1024+HMAC-SHA512+AES256GCM+DKG4of7,COMPROMISED_CTRL,30,11.19,96,CUMULATIVE,192,163200,56565,0,1890,0.991473,0.978054,0.994243,1,0.988552,96.77,78.9,26.37,0.491784,0.495923,1,3,0,0,76,1448,0.978147,1,0.4948,2,3,0,0,V1,1,0.736279,5989.0625,1,0,0,0.263721,0.263721,0,0,200
EDCF-Shield,v1b,FALCON1024+HMAC-SHA512+AES256GCM+DKG4of7,COMPROMISED_CTRL,30,11.19,97,CYCLE,194,1700,600,0,20,0.991379,0.973022,0.994152,1,0.988372,96.77,78.62,26.72,0.491784,0.495923,1,3,0,0,76,1448,0.978146,1,0.4948,2,3,0,0,V1,1,0.736243,5990.206186,1,0,0,0.263757,0.263757,0,0,200
EDCF-Shield,v1b,FALCON1024+HMAC-SHA512+AES256GCM+DKG4of7,COMPROMISED_CTRL,30,11.19,97,CUMULATIVE,194,164900,57165,0,1910,0.991472,0.978053,0.994242,1,0.98855,96.77,78.9,26.38,0.491784,0.495923,1,3,0,0,76,1448,0.978146,1,0.4948,2,3,0,0,V1,1,0.736243,5990.206186,1,0,0,0.263757,0.263757,0,0,200
EDCF-Shield,v1b,FALCON1024+HMAC-SHA512+AES256GCM+DKG4of7,COMPROMISED_CTRL,30,11.19,98,CYCLE,196,1700,600,0,20,0.991379,0.973073,0.994152,1,0.988372,96.77,78.62,26.72,0.491784,0.495922,1,3,0,0,76,1448,0.978145,1,0.4949,2,3,0,0,V1,1,0.736207,5991.326531,1,0,0,0.263793,0.263793,0,0,200
EDCF-Shield,v1b,FALCON1024+HMAC-SHA512+AES256GCM+DKG4of7,COMPROMISED_CTRL,30,11.19,98,CUMULATIVE,196,166600,57765,0,1930,0.991471,0.978053,0.994241,1,0.988548,96.77,78.9,26.38,0.491784,0.495922,1,3,0,0,76,1448,0.978145,1,0.4949,2,3,0,0,V1,1,0.736207,5991.326531,1,0,0,0.263793,0.263793,0,0,200
EDCF-Shield,v1b,FALCON1024+HMAC-SHA512+AES256GCM+DKG4of7,COMPROMISED_CTRL,30,11.19,99,CYCLE,198,1700,600,0,20,0.991379,0.973122,0.994152,1,0.988372,96.77,78.62,26.72,0.491785,0.495921,1,3,0,0,76,1448,0.978144,1,0.4949,2,3,0,0,V1,1,0.736172,5992.424242,1,0,0,0.263828,0.263828,0,0,200
EDCF-Shield,v1b,FALCON1024+HMAC-SHA512+AES256GCM+DKG4of7,COMPROMISED_CTRL,30,11.19,99,CUMULATIVE,198,168300,58365,0,1950,0.99147,0.978052,0.99424,1,0.988546,96.77,78.89,26.38,0.491785,0.495921,1,3,0,0,76,1448,0.978144,1,0.4949,2,3,0,0,V1,1,0.736172,5992.424242,1,0,0,0.263828,0.263828,0,0,200
EDCF-Shield,v1b,FALCON1024+HMAC-SHA512+AES256GCM+DKG4of7,COMPROMISED_CTRL,30,11.19,100,CYCLE,200,1700,600,0,20,0.991379,0.973171,0.994152,1,0.988372,96.77,78.62,26.72,0.491785,0.495921,1,3,0,0,76,1448,0.978143,1,0.495,2,3,0,0,V1,1,0.736138,5993.5,1,0,0,0.263862,0.263862,0,0,200
EDCF-Shield,v1b,FALCON1024+HMAC-SHA512+AES256GCM+DKG4of7,COMPROMISED_CTRL,30,11.19,100,CUMULATIVE,200,170000,58965,0,1970,0.991469,0.978052,0.994239,1,0.988545,96.77,78.89,26.39,0.491785,0.495921,1,3,0,0,76,1448,0.978143,1,0.495,2,3,0,0,V1,1,0.736138,5993.5,1,0,0,0.263862,0.263862,0,0,200
EDCF-Shield,v1b,FALCON1024+HMAC-SHA512+AES256GCM+DKG4of7,COMPROMISED_CTRL,30,11.19,101,CYCLE,202,1700,600,0,20,0.991379,0.973219,0.994152,1,0.988372,96.77,78.62,26.72,0.491785,0.49592,1,3,0,0,76,1448,0.978142,1,0.495,2,3,0,0,V1,1,0.736104,5994.554455,1,0,0,0.263896,0.263896,0,0,200
EDCF-Shield,v1b,FALCON1024+HMAC-SHA512+AES256GCM+DKG4of7,COMPROMISED_CTRL,30,11.19,101,CUMULATIVE,202,171700,59565,0,1990,0.991469,0.978051,0.994238,1,0.988543,96.77,78.89,26.39,0.491785,0.49592,1,3,0,0,76,1448,0.978142,1,0.495,2,3,0,0,V1,1,0.736104,5994.554455,1,0,0,0.263896,0.263896,0,0,200
EDCF-Shield,v1b,FALCON1024+HMAC-SHA512+AES256GCM+DKG4of7,COMPROMISED_CTRL,30,11.19,102,CYCLE,204,1700,600,0,20,0.991379,0.973266,0.994152,1,0.988372,96.77,78.62,26.72,0.491785,0.49592,1,3,0,0,76,1448,0.978141,1,0.4951,2,3,0,0,V1,1,0.736071,5995.588235,1,0,0,0.263929,0.263929,0,0,200
EDCF-Shield,v1b,FALCON1024+HMAC-SHA512+AES256GCM+DKG4of7,COMPROMISED_CTRL,30,11.19,102,CUMULATIVE,204,173400,60165,0,2010,0.991468,0.978051,0.994238,1,0.988541,96.77,78.89,26.39,0.491785,0.49592,1,3,0,0,76,1448,0.978141,1,0.4951,2,3,0,0,V1,1,0.736071,5995.588235,1,0,0,0.263929,0.263929,0,0,200
EDCF-Shield,v1b,FALCON1024+HMAC-SHA512+AES256GCM+DKG4of7,COMPROMISED_CTRL,30,11.19,103,CYCLE,206,1700,600,0,20,0.991379,0.973312,0.994152,1,0.988372,96.77,78.62,26.72,0.491785,0.495919,1,3,0,0,76,1448,0.97814,1,0.4951,2,3,0,0,V1,1,0.736039,5996.601942,1,0,0,0.263961,0.263961,0,0,200
EDCF-Shield,v1b,FALCON1024+HMAC-SHA512+AES256GCM+DKG4of7,COMPROMISED_CTRL,30,11.19,103,CUMULATIVE,206,175100,60765,0,2030,0.991467,0.97805,0.994237,1,0.988539,96.77,78.88,26.4,0.491785,0.495919,1,3,0,0,76,1448,0.97814,1,0.4951,2,3,0,0,V1,1,0.736039,5996.601942,1,0,0,0.263961,0.263961,0,0,200
EDCF-Shield,v1b,FALCON1024+HMAC-SHA512+AES256GCM+DKG4of7,COMPROMISED_CTRL,30,11.19,104,CYCLE,208,1700,600,0,20,0.991379,0.973357,0.994152,1,0.988372,96.77,78.62,26.72,0.491786,0.495919,1,3,0,0,76,1448,0.978139,1,0.4952,2,3,0,0,V1,1,0.736007,5997.596154,1,0,0,0.263993,0.263993,0,0,200
EDCF-Shield,v1b,FALCON1024+HMAC-SHA512+AES256GCM+DKG4of7,COMPROMISED_CTRL,30,11.19,104,CUMULATIVE,208,176800,61365,0,2050,0.991466,0.97805,0.994236,1,0.988538,96.77,78.88,26.4,0.491786,0.495919,1,3,0,0,76,1448,0.978139,1,0.4952,2,3,0,0,V1,1,0.736007,5997.596154,1,0,0,0.263993,0.263993,0,0,200
EDCF-Shield,v1b,FALCON1024+HMAC-SHA512+AES256GCM+DKG4of7,COMPROMISED_CTRL,30,11.19,105,CYCLE,210,1700,600,0,20,0.991379,0.973401,0.994152,1,0.988372,96.77,78.62,26.72,0.491786,0.495918,1,3,0,0,76,1448,0.978138,1,0.4952,2,3,0,0,V1,1,0.735976,5998.571429,1,0,0,0.264024,0.264024,0,0,200
EDCF-Shield,v1b,FALCON1024+HMAC-SHA512+AES256GCM+DKG4of7,COMPROMISED_CTRL,30,11.19,105,CUMULATIVE,210,178500,61965,0,2070,0.991465,0.978049,0.994235,1,0.988536,96.77,78.88,26.4,0.491786,0.495918,1,3,0,0,76,1448,0.978138,1,0.4952,2,3,0,0,V1,1,0.735976,5998.571429,1,0,0,0.264024,0.264024,0,0,200
EDCF-Shield,v1b,FALCON1024+HMAC-SHA512+AES256GCM+DKG4of7,COMPROMISED_CTRL,30,11.19,106,CYCLE,212,1700,600,0,20,0.991379,0.973445,0.994152,1,0.988372,96.77,78.62,26.72,0.491786,0.495918,1,3,0,0,76,1448,0.978137,1,0.4953,2,3,0,0,V1,1,0.735946,5999.528302,1,0,0,0.264054,0.264054,0,0,200
EDCF-Shield,v1b,FALCON1024+HMAC-SHA512+AES256GCM+DKG4of7,COMPROMISED_CTRL,30,11.19,106,CUMULATIVE,212,180200,62565,0,2090,0.991464,0.978049,0.994234,1,0.988535,96.77,78.88,26.41,0.491786,0.495918,1,3,0,0,76,1448,0.978137,1,0.4953,2,3,0,0,V1,1,0.735946,5999.528302,1,0,0,0.264054,0.264054,0,0,200
EDCF-Shield,v1b,FALCON1024+HMAC-SHA512+AES256GCM+DKG4of7,COMPROMISED_CTRL,30,11.19,107,CYCLE,214,1700,600,0,20,0.991379,0.973487,0.994152,1,0.988372,96.77,78.62,26.72,0.491786,0.495917,1,3,0,0,76,1448,0.978136,1,0.4953,2,3,0,0,V1,1,0.735916,6000.46729,1,0,0,0.264084,0.264084,0,0,200
EDCF-Shield,v1b,FALCON1024+HMAC-SHA512+AES256GCM+DKG4of7,COMPROMISED_CTRL,30,11.19,107,CUMULATIVE,214,181900,63165,0,2110,0.991464,0.978049,0.994234,1,0.988533,96.77,78.87,26.41,0.491786,0.495917,1,3,0,0,76,1448,0.978136,1,0.4953,2,3,0,0,V1,1,0.735916,6000.46729,1,0,0,0.264084,0.264084,0,0,200
EDCF-Shield,v1b,FALCON1024+HMAC-SHA512+AES256GCM+DKG4of7,COMPROMISED_CTRL,30,11.19,108,CYCLE,216,1700,600,0,20,0.991379,0.973529,0.994152,1,0.988372,96.77,78.62,26.72,0.491786,0.495917,1,3,0,0,76,1448,0.978135,1,0.4954,2,3,0,0,V1,1,0.735886,6001.388889,1,0,0,0.264114,0.264114,0,0,200
EDCF-Shield,v1b,FALCON1024+HMAC-SHA512+AES256GCM+DKG4of7,COMPROMISED_CTRL,30,11.19,108,CUMULATIVE,216,183600,63765,0,2130,0.991463,0.978048,0.994233,1,0.988532,96.77,78.87,26.41,0.491786,0.495917,1,3,0,0,76,1448,0.978135,1,0.4954,2,3,0,0,V1,1,0.735886,6001.388889,1,0,0,0.264114,0.264114,0,0,200
EDCF-Shield,v1b,FALCON1024+HMAC-SHA512+AES256GCM+DKG4of7,COMPROMISED_CTRL,30,11.19,109,CYCLE,218,1700,600,0,20,0.991379,0.97357,0.994152,1,0.988372,96.77,78.62,26.72,0.491786,0.495916,1,3,0,0,76,1448,0.978135,1,0.4954,2,3,0,0,V1,1,0.735858,6002.293578,1,0,0,0.264142,0.264142,0,0,200
EDCF-Shield,v1b,FALCON1024+HMAC-SHA512+AES256GCM+DKG4of7,COMPROMISED_CTRL,30,11.19,109,CUMULATIVE,218,185300,64365,0,2150,0.991462,0.978048,0.994232,1,0.98853,96.77,78.87,26.41,0.491786,0.495916,1,3,0,0,76,1448,0.978135,1,0.4954,2,3,0,0,V1,1,0.735858,6002.293578,1,0,0,0.264142,0.264142,0,0,200
EDCF-Shield,v1b,FALCON1024+HMAC-SHA512+AES256GCM+DKG4of7,COMPROMISED_CTRL,30,11.19,110,CYCLE,219.5,1020,330,0,11,0.991918,0.973615,0.994637,1,0.989331,96.77,79.96,25.06,0.491786,0.495924,1,3,0,0,76,1448,0.978134,1,0.4966,2,3,0,0,V1,1,0.735931,5991.66287,1,0,0,0.264069,0.264069,0,0,200
EDCF-Shield,v1b,FALCON1024+HMAC-SHA512+AES256GCM+DKG4of7,COMPROMISED_CTRL,30,11.19,110,CUMULATIVE,219.5,186320,64695,0,2161,0.991464,0.97805,0.994234,1,0.988535,96.77,78.87,26.41,0.491786,0.495924,1,3,0,0,76,1448,0.978134,1,0.4966,2,3,0,0,V1,1,0.735931,5991.66287,1,0,0,0.264069,0.264069,0,0,200
EDCF-Shield,v1b,FALCON1024+HMAC-SHA512+AES256GCM+DKG4of7,COMPROMISED_CTRL,90,33.58,1,CYCLE,2,1100,0,0,0,1,0.5,1,1,1,0,100,0,0,0,1,0,0,0,76,1448,0,1,0,0,0,0,0,V1,0,1,-100,1,0,0,0,0,0,0,200
EDCF-Shield,v1b,FALCON1024+HMAC-SHA512+AES256GCM+DKG4of7,COMPROMISED_CTRL,90,33.58,1,CUMULATIVE,2,1100,0,0,0,1,0.5,1,1,1,0,100,0,0,0,1,0,0,0,76,1448,0,1,0,0,0,0,0,V1,0,1,-100,1,0,0,0,0,0,0,200
EDCF-Shield,v1b,FALCON1024+HMAC-SHA512+AES256GCM+DKG4of7,COMPROMISED_CTRL,90,33.58,2,CYCLE,4,1100,210,0,10,0.992424,0.736299,0.995475,1,0.990991,95.45,86.67,16.67,0.488372,0.512195,1,3,0,0,76,1448,0.5,1,0.25,2,3,0,0,V1,1,0.909091,1000,1,0,0,0.090909,0.090909,0,0,200
EDCF-Shield,v1b,FALCON1024+HMAC-SHA512+AES256GCM+DKG4of7,COMPROMISED_CTRL,90,33.58,2,CUMULATIVE,4,2200,210,0,10,0.995868,0.974795,0.997732,1,0.995475,95.45,92.73,9.09,0.488372,0.512195,1,3,0,0,76,1448,0.5,1,0.25,2,3,0,0,V1,1,0.909091,1000,1,0,0,0.090909,0.090909,0,0,200
EDCF-Shield,v1b,FALCON1024+HMAC-SHA512+AES256GCM+DKG4of7,COMPROMISED_CTRL,90,33.58,3,CYCLE,6,1100,610,0,20,0.988439,0.815924,0.990991,1,0.982143,96.83,70.87,36.42,0.491018,0.5,1,3,0,0,76,1448,0,1,0.3333,2,3,0,0,V1,1,0.795181,2733.333333,1,0,0,0.204819,0.204819,0,0,200
EDCF-Shield,v1b,FALCON1024+HMAC-SHA512+AES256GCM+DKG4of7,COMPROMISED_CTRL,90,33.58,3,CUMULATIVE,6,3300,820,0,30,0.992771,0.97776,0.995475,1,0.990991,96.47,83.61,20.48,0.491018,0.5,1,3,0,0,76,1448,0,1,0.3333,2,3,0,0,V1,1,0.795181,2733.333333,1,0,0,0.204819,0.204819,0,0,200
EDCF-Shield,v1b,FALCON1024+HMAC-SHA512+AES256GCM+DKG4of7,COMPROMISED_CTRL,90,33.58,4,CYCLE,8,1100,1010,0,20,0.99061,0.857283,0.990991,1,0.982143,98.06,61.31,48.36,0.493261,0.498638,1,3,0,0,76,1448,0.97776,1,0.375,2,3,0,0,V1,1,0.700637,4600,1,0,0,0.299363,0.299363,0,0,200
EDCF-Shield,v1b,FALCON1024+HMAC-SHA512+AES256GCM+DKG4of7,COMPROMISED_CTRL,90,33.58,4,CUMULATIVE,8,4400,1830,0,50,0.992038,0.981054,0.99435,1,0.988764,97.34,76.05,29.94,0.493261,0.498638,1,3,0,0,76,1448,0.97776,1,0.375,2,3,0,0,V1,1,0.700637,4600,1,0,0,0.299363,0.299363,0,0,200
EDCF-Shield,v1b,FALCON1024+HMAC-SHA512+AES256GCM+DKG4of7,COMPROMISED_CTRL,90,33.58,5,CYCLE,10,1100,1410,0,20,0.992095,0.882642,0.990991,1,0.982143,98.6,54.78,56.52,0.494656,0.498462,1,3,0,0,76,1448,0.979407,1,0.4,2,3,0,0,V1,1,0.624291,6520,1,0,0,0.375709,1.375709,0,0,200
EDCF-Shield,v1b,FALCON1024+HMAC-SHA512+AES256GCM+DKG4of7,COMPROMISED_CTRL,90,33.58,5,CUMULATIVE,10,5500,3240,0,70,0.992054,0.983133,0.993677,1,0.987433,97.89,69.94,37.57,0.494656,0.498462,1,3,0,0,76,1448,0.979407,1,0.4,2,3,0,0,V1,1,0.624291,6520,1,0,0,0.375709,1.375709,0,0,200
EDCF-Shield,v1b,FALCON1024+HMAC-SHA512+AES256GCM+DKG4of7,COMPROMISED_CTRL,90,33.58,6,CYCLE,12,1100,1755,0,20,0.993043,0.899774,0.990991,1,0.982143,98.87,50.61,61.74,0.495536,0.498503,1,3,0,0,76,1448,0,1,0.4167,2,3,0,0,V1,1,0.564827,8375,1,0,0,0.435173,1.435173,0,0,200
EDCF-Shield,v1b,FALCON1024+HMAC-SHA512+AES256GCM+DKG4of7,COMPROMISED_CTRL,90,33.58,6,CUMULATIVE,12,6600,4995,0,90,0.992298,0.984422,0.993228,1,0.986547,98.23,65.19,43.52,0.495536,0.498503,1,3,0,0,76,1448,0,1,0.4167,2,3,0,0,V1,1,0.564827,8375,1,0,0,0.435173,1.435173,0,0,200
EDCF-Shield,v1b,FALCON1024+HMAC-SHA512+AES256GCM+DKG4of7,COMPROMISED_CTRL,90,33.58,7,CYCLE,14,1100,1800,0,20,0.993151,0.91203,0.990991,1,0.982143,98.9,50.14,62.33,0.495985,0.498533,1,3,0,0,76,1448,0.984422,1,0.4286,2,3,0,0,V1,1,0.527217,9764.285714,1,0,0,0.472783,1.472783,0,0,200
EDCF-Shield,v1b,FALCON1024+HMAC-SHA512+AES256GCM+DKG4of7,COMPROMISED_CTRL,90,33.58,7,CUMULATIVE,14,7700,6795,0,110,0.992468,0.984992,0.992908,1,0.985915,98.41,62.18,47.28,0.495985,0.498533,1,3,0,0,76,1448,0.984422,1,0.4286,2,3,0,0,V1,1,0.527217,9764.285714,1,0,0,0.472783,1.472783,0,0,200
EDCF-Shield,v1b,FALCON1024+HMAC-SHA512+AES256GCM+DKG4of7,COMPROMISED_CTRL,90,33.58,8,CYCLE,16,1100,1800,0,20,0.993151,0.921223,0.990991,1,0.982143,98.9,50.14,62.33,0.496247,0.49855,1,3,0,0,76,1448,0.984707,1,0.4375,2,3,0,0,V1,1,0.50214,10806.25,1,0,0,0.49786,1.49786,0,0,200
EDCF-Shield,v1b,FALCON1024+HMAC-SHA512+AES256GCM+DKG4of7,COMPROMISED_CTRL,90,33.58,8,CUMULATIVE,16,8800,8595,0,130,0.992582,0.985271,0.992668,1,0.985442,98.51,60.17,49.79,0.496247,0.49855,1,3,0,0,76,1448,0.984707,1,0.4375,2,3,0,0,V1,1,0.50214,10806.25,1,0,0,0.49786,1.49786,0,0,200
EDCF-Shield,v1b,FALCON1024+HMAC-SHA512+AES256GCM+DKG4of7,COMPROMISED_CTRL,90,33.58,9,CYCLE,18,116,1819,984,1,0.662671,0.847664,0.190633,0.105455,0.991453,99.95,50.14,62.33,0.496875,0.499018,1,3,0,0,76,1448,0.984895,1,0.4444,2,3,0,0,V1,1,0.484226,11616.66667,1,0,0,0.515774,1.515774,0,0,200
EDCF-Shield,v1b,FALCON1024+HMAC-SHA512+AES256GCM+DKG4of7,COMPROMISED_CTRL,90,33.58,9,CUMULATIVE,18,8916,10414,984,131,0.945463,0.893669,0.941152,0.900606,0.98552,98.76,58.74,51.58,0.496875,0.499018,1,3,0,0,76,1448,0.984895,1,0.4444,2,3,0,0,V1,1,0.484226,11616.66667,1,0,0,0.515774,1.515774,0,0,200
EDCF-Shield,v1b,FALCON1024+HMAC-SHA512+AES256GCM+DKG4of7,COMPROMISED_CTRL,90,33.58,10,CYCLE,20,0,1820,1100,0,0.623288,0.762898,0,0,0,100,50.14,62.33,0.497337,0.499367,1,3,0,0,76,1448,0.962089,1,0.45,2,3,0,0,V1,1,0.47079,12265,1,0,0,0.52921,1.52921,0,0,200
EDCF-Shield,v1b,FALCON1024+HMAC-SHA512+AES256GCM+DKG4of7,COMPROMISED_CTRL,90,33.58,10,CUMULATIVE,20,8916,12234,2084,131,0.9052,0.819716,0.88951,0.810545,0.98552,98.94,57.66,52.92,0.497337,0.499367,1,3,0,0,76,1448,0.962089,1,0.45,2,3,0,0,V1,1,0.47079,12265,1,0,0,0.52921,1.52921,0,0,200
EDCF-Shield,v1b,FALCON1024+HMAC-SHA512+AES256GCM+DKG4of7,COMPROMISED_CTRL,90,33.58,11,CYCLE,22,0,1820,1100,0,0.623288,0.693545,0,0,0,100,50.14,62.33,0.497681,0.499627,1,3,0,0,76,1448,0.933614,1,0.4545,2,3,0,0,V1,1,0.460339,12795.45455,1,0,0,0.539661,1.539661,0,0,200
EDCF-Shield,v1b,FALCON1024+HMAC-SHA512+AES256GCM+DKG4of7,COMPROMISED_CTRL,90,33.58,11,CUMULATIVE,22,8916,14054,3184,131,0.873882,0.763341,0.84324,0.73686,0.98552,99.08,56.83,53.97,0.497681,0.499627,1,3,0,0,76,1448,0.933614,1,0.4545,2,3,0,0,V1,1,0.460339,12795.45455,1,0,0,0.539661,1.539661,0,0,200
EDCF-Shield,v1b,FALCON1024+HMAC-SHA512+AES256GCM+DKG4of7,COMPROMISED_CTRL,90,33.58,12,CYCLE,24,0,1820,1100,0,0.623288,0.63575,0,0,0,100,50.14,62.33,0.497945,0.499827,1,3,0,0,76,1448,0.905235,1,0.4583,2,3,0,0,V1,1,0.451977,13237.5,1,0,0,0.548023,1.548023,0,0,200
EDCF-Shield,v1b,FALCON1024+HMAC-SHA512+AES256GCM+DKG4of7,COMPROMISED_CTRL,90,33.58,12,CUMULATIVE,24,8916,15874,4284,131,0.848827,0.718191,0.801546,0.675455,0.98552,99.18,56.16,54.8,0.497945,0.499827,1,3,0,0,76,1448,0.905235,1,0.4583,2,3,0,0,V1,1,0.451977,13237.5,1,0,0,0.548023,1.548023,0,0,200
EDCF-Shield,v1b,FALCON1024+HMAC-SHA512+AES256GCM+DKG4of7,COMPROMISED_CTRL,90,33.58,13,CYCLE,26,0,1820,1100,0,0.623288,0.586846,0,0,0,100,50.14,62.33,0.498156,0.499986,1,3,0,0,76,1448,0.878515,1,0.4615,2,3,0,0,V1,1,0.445136,13611.53846,1,0,0,0.554864,1.554864,0,0,200
EDCF-Shield,v1b,FALCON1024+HMAC-SHA512+AES256GCM+DKG4of7,COMPROMISED_CTRL,90,33.58,13,CUMULATIVE,26,8916,17694,5384,131,0.828327,0.680794,0.763781,0.623497,0.98552,99.27,55.61,55.49,0.498156,0.499986,1,3,0,0,76,1448,0.878515,1,0.4615,2,3,0,0,V1,1,0.445136,13611.53846,1,0,0,0.554864,1.554864,0,0,200
EDCF-Shield,v1b,FALCON1024+HMAC-SHA512+AES256GCM+DKG4of7,COMPROMISED_CTRL,90,33.58,14,CYCLE,28,0,1820,1100,0,0.623288,0.544929,0,0,0,100,50.14,62.33,0.498327,0.500115,1,3,0,0,76,1448,0.8538,1,0.4643,2,3,0,0,V1,1,0.439435,13932.14286,1,0,0,0.560565,1.560565,0,0,200
EDCF-Shield,v1b,FALCON1024+HMAC-SHA512+AES256GCM+DKG4of7,COMPROMISED_CTRL,90,33.58,14,CUMULATIVE,28,8916,19514,6484,131,0.811243,0.649056,0.729415,0.578961,0.98552,99.33,55.15,56.06,0.498327,0.500115,1,3,0,0,76,1448,0.8538,1,0.4643,2,3,0,0,V1,1,0.439435,13932.14286,1,0,0,0.560565,1.560565,0,0,200
EDCF-Shield,v1b,FALCON1024+HMAC-SHA512+AES256GCM+DKG4of7,COMPROMISED_CTRL,90,33.58,15,CYCLE,30,0,1820,1100,0,0.623288,0.508601,0,0,0,100,50.14,62.33,0.49847,0.500223,1,3,0,0,76,1448,0.83105,1,0.4667,2,3,0,0,V1,1,0.434611,14210,1,0,0,0.565389,1.565389,0,0,200
EDCF-Shield,v1b,FALCON1024+HMAC-SHA512+AES256GCM+DKG4of7,COMPROMISED_CTRL,90,33.58,15,CUMULATIVE,30,8916,21334,7584,131,0.796787,0.621619,0.698008,0.540364,0.98552,99.39,54.77,56.54,0.49847,0.500223,1,3,0,0,76,1448,0.83105,1,0.4667,2,3,0,0,V1,1,0.434611,14210,1,0,0,0.565389,1.565389,0,0,200
EDCF-Shield,v1b,FALCON1024+HMAC-SHA512+AES256GCM+DKG4of7,COMPROMISED_CTRL,90,33.58,16,CYCLE,32,0,1820,1100,0,0.623288,0.476814,0,0,0,100,50.14,62.33,0.49859,0.500313,1,3,0,0,76,1448,0.810107,1,0.4688,2,3,0,0,V1,1,0.430476,14453.125,1,0,0,0.569524,1.569524,0,0,200
EDCF-Shield,v1b,FALCON1024+HMAC-SHA512+AES256GCM+DKG4of7,COMPROMISED_CTRL,90,33.58,16,CUMULATIVE,32,8916,23154,8684,131,0.784395,0.597553,0.669194,0.506591,0.98552,99.44,54.44,56.95,0.49859,0.500313,1,3,0,0,76,1448,0.810107,1,0.4688,2,3,0,0,V1,1,0.430476,14453.125,1,0,0,0.569524,1.569524,0,0,200
EDCF-Shield,v1b,FALCON1024+HMAC-SHA512+AES256GCM+DKG4of7,COMPROMISED_CTRL,90,33.58,17,CYCLE,34,0,1820,1100,0,0.623288,0.448767,0,0,0,100,50.14,62.33,0.498692,0.500391,1,3,0,0,76,1448,0.790784,1,0.4706,2,3,0,0,V1,1,0.426892,14667.64706,1,0,0,0.573108,1.573108,0,0,200
EDCF-Shield,v1b,FALCON1024+HMAC-SHA512+AES256GCM+DKG4of7,COMPROMISED_CTRL,90,33.58,17,CUMULATIVE,34,8916,24974,9784,131,0.773656,0.576196,0.642664,0.476791,0.98552,99.48,54.15,57.31,0.498692,0.500391,1,3,0,0,76,1448,0.790784,1,0.4706,2,3,0,0,V1,1,0.426892,14667.64706,1,0,0,0.573108,1.573108,0,0,200
EDCF-Shield,v1b,FALCON1024+HMAC-SHA512+AES256GCM+DKG4of7,COMPROMISED_CTRL,90,33.58,18,CYCLE,36,0,1820,1100,0,0.623288,0.423835,0,0,0,100,50.14,62.33,0.498781,0.500458,1,3,0,0,76,1448,0.772902,1,0.4722,2,3,0,0,V1,1,0.423756,14858.33333,1,0,0,0.576244,1.576244,0,0,200
EDCF-Shield,v1b,FALCON1024+HMAC-SHA512+AES256GCM+DKG4of7,COMPROMISED_CTRL,90,33.58,18,CUMULATIVE,36,8916,26794,10884,131,0.764259,0.557059,0.618158,0.450303,0.98552,99.51,53.9,57.62,0.498781,0.500458,1,3,0,0,76,1448,0.772902,1,0.4722,2,3,0,0,V1,1,0.423756,14858.33333,1,0,0,0.576244,1.576244,0,0,200
EDCF-Shield,v1b,FALCON1024+HMAC-SHA512+AES256GCM+DKG4of7,COMPROMISED_CTRL,90,33.58,19,CYCLE,38,0,1820,1100,0,0.623288,0.401529,0,0,0,100,50.14,62.33,0.498858,0.500516,1,3,0,0,76,1448,0.756299,1,0.4737,2,3,0,0,V1,1,0.420989,15028.94737,1,0,0,0.579011,1.579011,0,0,200
EDCF-Shield,v1b,FALCON1024+HMAC-SHA512+AES256GCM+DKG4of7,COMPROMISED_CTRL,90,33.58,19,CUMULATIVE,38,8916,28614,11984,131,0.755967,0.53977,0.595452,0.426603,0.98552,99.54,53.68,57.9,0.498858,0.500516,1,3,0,0,76,1448,0.756299,1,0.4737,2,3,0,0,V1,1,0.420989,15028.94737,1,0,0,0.579011,1.579011,0,0,200
EDCF-Shield,v1b,FALCON1024+HMAC-SHA512+AES256GCM+DKG4of7,COMPROMISED_CTRL,90,33.58,20,CYCLE,40,0,1820,1100,0,0.623288,0.381453,0,0,0,100,50.14,62.33,0.498926,0.500567,1,3,0,0,76,1448,0.740832,1,0.475,2,3,0,0,V1,1,0.418529,15182.5,1,0,0,0.581471,1.581471,0,0,200
EDCF-Shield,v1b,FALCON1024+HMAC-SHA512+AES256GCM+DKG4of7,COMPROMISED_CTRL,90,33.58,20,CUMULATIVE,40,8916,30434,13084,131,0.748597,0.524043,0.574355,0.405273,0.98552,99.57,53.48,58.15,0.498926,0.500567,1,3,0,0,76,1448,0.740832,1,0.475,2,3,0,0,V1,1,0.418529,15182.5,1,0,0,0.581471,1.581471,0,0,200
EDCF-Shield,v1b,FALCON1024+HMAC-SHA512+AES256GCM+DKG4of7,COMPROMISED_CTRL,90,33.58,21,CYCLE,42,0,1820,1100,0,0.623288,0.363288,0,0,0,100,50.14,62.33,0.498987,0.500613,1,3,0,0,76,1448,0.72638,1,0.4762,2,3,0,0,V1,1,0.416329,15321.42857,1,0,0,0.583671,1.583671,0,0,200
EDCF-Shield,v1b,FALCON1024+HMAC-SHA512+AES256GCM+DKG4of7,COMPROMISED_CTRL,90,33.58,21,CUMULATIVE,42,8916,32254,14184,131,0.742002,0.509649,0.554702,0.385974,0.98552,99.6,53.31,58.37,0.498987,0.500613,1,3,0,0,76,1448,0.72638,1,0.4762,2,3,0,0,V1,1,0.416329,15321.42857,1,0,0,0.583671,1.583671,0,0,200
EDCF-Shield,v1b,FALCON1024+HMAC-SHA512+AES256GCM+DKG4of7,COMPROMISED_CTRL,90,33.58,22,CYCLE,44,0,1820,1100,0,0.623288,0.346776,0,0,0,100,50.14,62.33,0.499041,0.500654,1,3,0,0,76,1448,0.712834,1,0.4773,2,3,0,0,V1,1,0.414348,15447.72727,1,0,0,0.585652,1.585652,0,0,200
EDCF-Shield,v1b,FALCON1024+HMAC-SHA512+AES256GCM+DKG4of7,COMPROMISED_CTRL,90,33.58,22,CUMULATIVE,44,8916,34074,15284,131,0.736067,0.496407,0.536349,0.36843,0.98552,99.62,53.15,58.57,0.499041,0.500654,1,3,0,0,76,1448,0.712834,1,0.4773,2,3,0,0,V1,1,0.414348,15447.72727,1,0,0,0.585652,1.585652,0,0,200
EDCF-Shield,v1b,FALCON1024+HMAC-SHA512+AES256GCM+DKG4of7,COMPROMISED_CTRL,90,33.58,23,CYCLE,46,0,1820,1100,0,0.623288,0.331699,0,0,0,100,50.14,62.33,0.499089,0.50069,1,3,0,0,76,1448,0.700103,1,0.4783,2,3,0,0,V1,1,0.412556,15563.04348,1,0,0,0.587444,1.587444,0,0,200
EDCF-Shield,v1b,FALCON1024+HMAC-SHA512+AES256GCM+DKG4of7,COMPROMISED_CTRL,90,33.58,23,CUMULATIVE,46,8916,35894,16384,131,0.730697,0.484167,0.519172,0.352411,0.98552,99.64,53,58.74,0.499089,0.50069,1,3,0,0,76,1448,0.700103,1,0.4783,2,3,0,0,V1,1,0.412556,15563.04348,1,0,0,0.587444,1.587444,0,0,200
EDCF-Shield,v1b,FALCON1024+HMAC-SHA512+AES256GCM+DKG4of7,COMPROMISED_CTRL,90,33.58,24,CYCLE,48,0,1820,1100,0,0.623288,0.317878,0,0,0,100,50.14,62.33,0.499133,0.500724,1,3,0,0,76,1448,0.688107,1,0.4792,2,3,0,0,V1,1,0.410927,15668.75,1,0,0,0.589073,1.589073,0,0,200
EDCF-Shield,v1b,FALCON1024+HMAC-SHA512+AES256GCM+DKG4of7,COMPROMISED_CTRL,90,33.58,24,CUMULATIVE,48,8916,37714,17484,131,0.725815,0.472807,0.503061,0.337727,0.98552,99.65,52.87,58.91,0.499133,0.500724,1,3,0,0,76,1448,0.688107,1,0.4792,2,3,0,0,V1,1,0.410927,15668.75,1,0,0,0.589073,1.589073,0,0,200
EDCF-Shield,v1b,FALCON1024+HMAC-SHA512+AES256GCM+DKG4of7,COMPROMISED_CTRL,90,33.58,25,CYCLE,50,0,1820,1100,0,0.623288,0.305163,0,0,0,100,50.14,62.33,0.499173,0.500754,1,3,0,0,76,1448,0.676775,1,0.48,2,3,0,0,V1,1,0.409439,15766,1,0,0,0.590561,1.590561,0,0,200
EDCF-Shield,v1b,FALCON1024+HMAC-SHA512+AES256GCM+DKG4of7,COMPROMISED_CTRL,90,33.58,25,CUMULATIVE,50,8916,39534,18584,131,0.721358,0.462225,0.48792,0.324218,0.98552,99.67,52.76,59.06,0.499173,0.500754,1,3,0,0,76,1448,0.676775,1,0.48,2,3,0,0,V1,1,0.409439,15766,1,0,0,0.590561,1.590561,0,0,200
EDCF-Shield,v1b,FALCON1024+HMAC-SHA512+AES256GCM+DKG4of7,COMPROMISED_CTRL,90,33.58,26,CYCLE,52,0,1820,1100,0,0.623288,0.293427,0,0,0,100,50.14,62.33,0.499209,0.500781,1,3,0,0,76,1448,0.666047,1,0.4808,2,3,0,0,V1,1,0.408076,15855.76923,1,0,0,0.591924,1.591924,0,0,200
EDCF-Shield,v1b,FALCON1024+HMAC-SHA512+AES256GCM+DKG4of7,COMPROMISED_CTRL,90,33.58,26,CUMULATIVE,52,8916,41354,19684,131,0.717272,0.452333,0.473663,0.311748,0.98552,99.68,52.65,59.19,0.499209,0.500781,1,3,0,0,76,1448,0.666047,1,0.4808,2,3,0,0,V1,1,0.408076,15855.76923,1,0,0,0.591924,1.591924,0,0,200
EDCF-Shield,v1b,FALCON1024+HMAC-SHA512+AES256GCM+DKG4of7,COMPROMISED_CTRL,90,33.58,27,CYCLE,54,0,1820,1100,0,0.623288,0.282559,0,0,0,100,50.14,62.33,0.499243,0.500806,1,3,0,0,76,1448,0.655871,1,0.4815,2,3,0,0,V1,1,0.406821,15938.88889,1,0,0,0.593179,1.593179,0,0,200
EDCF-Shield,v1b,FALCON1024+HMAC-SHA512+AES256GCM+DKG4of7,COMPROMISED_CTRL,90,33.58,27,CUMULATIVE,54,8916,43174,20784,131,0.713513,0.44306,0.460216,0.300202,0.98552,99.7,52.55,59.32,0.499243,0.500806,1,3,0,0,76,1448,0.655871,1,0.4815,2,3,0,0,V1,1,0.406821,15938.88889,1,0,0,0.593179,1.593179,0,0,200
EDCF-Shield,v1b,FALCON1024+HMAC-SHA512+AES256GCM+DKG4of7,COMPROMISED_CTRL,90,33.58,28,CYCLE,56,0,1820,1100,0,0.623288,0.272468,0,0,0,100,50.14,62.33,0.499273,0.500829,1,3,0,0,76,1448,0.646197,1,0.4821,2,3,0,0,V1,1,0.405663,16016.07143,1,0,0,0.594337,1.594337,0,0,200
EDCF-Shield,v1b,FALCON1024+HMAC-SHA512+AES256GCM+DKG4of7,COMPROMISED_CTRL,90,33.58,28,CUMULATIVE,56,8916,44994,21884,131,0.710043,0.434342,0.447512,0.289481,0.98552,99.71,52.45,59.43,0.499273,0.500829,1,3,0,0,76,1448,0.646197,1,0.4821,2,3,0,0,V1,1,0.405663,16016.07143,1,0,0,0.594337,1.594337,0,0,200
EDCF-Shield,v1b,FALCON1024+HMAC-SHA512+AES256GCM+DKG4of7,COMPROMISED_CTRL,90,33.58,29,CYCLE,58,0,1820,1100,0,0.623288,0.263073,0,0,0,100,50.14,62.33,0.499301,0.500851,1,3,0,0,76,1448,0.636986,1,0.4828,2,3,0,0,V1,1,0.404591,16087.93103,1,0,0,0.595409,1.595409,0,0,200
EDCF-Shield,v1b,FALCON1024+HMAC-SHA512+AES256GCM+DKG4of7,COMPROMISED_CTRL,90,33.58,29,CUMULATIVE,58,8916,46814,22984,131,0.70683,0.426126,0.43549,0.279498,0.98552,99.72,52.37,59.54,0.499301,0.500851,1,3,0,0,76,1448,0.636986,1,0.4828,2,3,0,0,V1,1,0.404591,16087.93103,1,0,0,0.595409,1.595409,0,0,200
EDCF-Shield,v1b,FALCON1024+HMAC-SHA512+AES256GCM+DKG4of7,COMPROMISED_CTRL,90,33.58,30,CYCLE,60,0,1820,1100,0,0.623288,0.254304,0,0,0,100,50.14,62.33,0.499328,0.50087,1,3,0,0,76,1448,0.6282,1,0.4833,2,3,0,0,V1,1,0.403596,16155,1,0,0,0.596404,1.596404,0,0,200
EDCF-Shield,v1b,FALCON1024+HMAC-SHA512+AES256GCM+DKG4of7,COMPROMISED_CTRL,90,33.58,30,CUMULATIVE,60,8916,48634,24084,131,0.703846,0.418364,0.424097,0.270182,0.98552,99.73,52.29,59.64,0.499328,0.50087,1,3,0,0,76,1448,0.6282,1,0.4833,2,3,0,0,V1,1,0.403596,16155,1,0,0,0.596404,1.596404,0,0,200
EDCF-Shield,v1b,FALCON1024+HMAC-SHA512+AES256GCM+DKG4of7,COMPROMISED_CTRL,90,33.58,31,CYCLE,62,0,1820,1100,0,0.623288,0.246101,0,0,0,100,50.14,62.33,0.499352,0.500889,1,3,0,0,76,1448,0.619807,1,0.4839,2,3,0,0,V1,1,0.402669,16217.74194,1,0,0,0.597331,1.597331,0,0,200
EDCF-Shield,v1b,FALCON1024+HMAC-SHA512+AES256GCM+DKG4of7,COMPROMISED_CTRL,90,33.58,31,CUMULATIVE,62,8916,50454,25184,131,0.701069,0.411016,0.413285,0.261466,0.98552,99.74,52.21,59.73,0.499352,0.500889,1,3,0,0,76,1448,0.619807,1,0.4839,2,3,0,0,V1,1,0.402669,16217.74194,1,0,0,0.597331,1.597331,0,0,200
EDCF-Shield,v1b,FALCON1024+HMAC-SHA512+AES256GCM+DKG4of7,COMPROMISED_CTRL,90,33.58,32,CYCLE,64,0,1820,1100,0,0.623288,0.23841,0,0,0,100,50.14,62.33,0.499374,0.500906,1,3,0,0,76,1448,0.611777,1,0.4844,2,3,0,0,V1,1,0.401804,16276.5625,1,0,0,0.598196,1.598196,0,0,200
EDCF-Shield,v1b,FALCON1024+HMAC-SHA512+AES256GCM+DKG4of7,COMPROMISED_CTRL,90,33.58,32,CUMULATIVE,64,8916,52274,26284,131,0.698476,0.404045,0.40301,0.253295,0.98552,99.75,52.14,59.82,0.499374,0.500906,1,3,0,0,76,1448,0.611777,1,0.4844,2,3,0,0,V1,1,0.401804,16276.5625,1,0,0,0.598196,1.598196,0,0,200
EDCF-Shield,v1b,FALCON1024+HMAC-SHA512+AES256GCM+DKG4of7,COMPROMISED_CTRL,90,33.58,33,CYCLE,66,0,1820,1100,0,0.623288,0.231186,0,0,0,100,50.14,62.33,0.499395,0.500921,1,3,0,0,76,1448,0.604083,1,0.4848,2,3,0,0,V1,1,0.400994,16331.81818,1,0,0,0.599006,1.599006,0,0,200
EDCF-Shield,v1b,FALCON1024+HMAC-SHA512+AES256GCM+DKG4of7,COMPROMISED_CTRL,90,33.58,33,CUMULATIVE,66,8916,54094,27384,131,0.696051,0.397421,0.393234,0.24562,0.98552,99.76,52.08,59.9,0.499395,0.500921,1,3,0,0,76,1448,0.604083,1,0.4848,2,3,0,0,V1,1,0.400994,16331.81818,1,0,0,0.599006,1.599006,0,0,200
EDCF-Shield,v1b,FALCON1024+HMAC-SHA512+AES256GCM+DKG4of7,COMPROMISED_CTRL,90,33.58,34,CYCLE,68,0,1820,1100,0,0.623288,0.224387,0,0,0,100,50.14,62.33,0.499415,0.500936,1,3,0,0,76,1448,0.596702,1,0.4853,2,3,0,0,V1,1,0.400235,16383.82353,1,0,0,0.599765,1.599765,0,0,200
EDCF-Shield,v1b,FALCON1024+HMAC-SHA512+AES256GCM+DKG4of7,COMPROMISED_CTRL,90,33.58,34,CUMULATIVE,68,8916,55914,28484,131,0.693777,0.391116,0.383921,0.238396,0.98552,99.77,52.02,59.98,0.499415,0.500936,1,3,0,0,76,1448,0.596702,1,0.4853,2,3,0,0,V1,1,0.400235,16383.82353,1,0,0,0.599765,1.599765,0,0,200
EDCF-Shield,v1b,FALCON1024+HMAC-SHA512+AES256GCM+DKG4of7,COMPROMISED_CTRL,90,33.58,35,CYCLE,70,0,1820,1100,0,0.623288,0.217976,0,0,0,100,50.14,62.33,0.499433,0.50095,1,3,0,0,76,1448,0,1,0.4857,2,3,0,0,V1,1,0.399523,16432.85714,1,0,0,0.600477,1.600477,0,0,200
EDCF-Shield,v1b,FALCON1024+HMAC-SHA512+AES256GCM+DKG4of7,COMPROMISED_CTRL,90,33.58,35,CUMULATIVE,70,8916,57734,29584,131,0.691641,0.385103,0.375039,0.231584,0.98552,99.77,51.96,60.05,0.499433,0.50095,1,3,0,0,76,1448,0,1,0.4857,2,3,0,0,V1,1,0.399523,16432.85714,1,0,0,0.600477,1.600477,0,0,200
EDCF-Shield,v1b,FALCON1024+HMAC-SHA512+AES256GCM+DKG4of7,COMPROMISED_CTRL,90,33.58,36,CYCLE,72,0,1820,1100,0,0.623288,0.211921,0,0,0,100,50.14,62.33,0.499451,0.500963,1,3,0,0,76,1448,0.385103,1,0.4861,2,3,0,0,V1,1,0.398852,16479.16667,1,0,0,0.601148,1.601148,0,0,200
EDCF-Shield,v1b,FALCON1024+HMAC-SHA512+AES256GCM+DKG4of7,COMPROMISED_CTRL,90,33.58,36,CUMULATIVE,72,8916,59554,30684,131,0.689631,0.379362,0.366559,0.225152,0.98552,99.78,51.91,60.11,0.499451,0.500963,1,3,0,0,76,1448,0.385103,1,0.4861,2,3,0,0,V1,1,0.398852,16479.16667,1,0,0,0.601148,1.601148,0,0,200
EDCF-Shield,v1b,FALCON1024+HMAC-SHA512+AES256GCM+DKG4of7,COMPROMISED_CTRL,90,33.58,37,CYCLE,74,0,1820,1100,0,0.623288,0.206194,0,0,0,100,50.14,62.33,0.499467,0.500975,1,3,0,0,76,1448,0.382232,1,0.4865,2,3,0,0,V1,1,0.398219,16522.97297,1,0,0,0.601781,1.601781,0,0,200
EDCF-Shield,v1b,FALCON1024+HMAC-SHA512+AES256GCM+DKG4of7,COMPROMISED_CTRL,90,33.58,37,CUMULATIVE,74,8916,61374,31784,131,0.687735,0.373872,0.358454,0.219066,0.98552,99.79,51.86,60.18,0.499467,0.500975,1,3,0,0,76,1448,0.382232,1,0.4865,2,3,0,0,V1,1,0.398219,16522.97297,1,0,0,0.601781,1.601781,0,0,200
EDCF-Shield,v1b,FALCON1024+HMAC-SHA512+AES256GCM+DKG4of7,COMPROMISED_CTRL,90,33.58,38,CYCLE,76,0,1820,1100,0,0.623288,0.200768,0,0,0,100,50.14,62.33,0.499482,0.500987,1,3,0,0,76,1448,0.379446,1,0.4868,2,3,0,0,V1,1,0.397622,16564.47368,1,0,0,0.602378,1.602378,0,0,200
EDCF-Shield,v1b,FALCON1024+HMAC-SHA512+AES256GCM+DKG4of7,COMPROMISED_CTRL,90,33.58,38,CUMULATIVE,76,8916,63194,32884,131,0.685945,0.368615,0.350699,0.213301,0.98552,99.79,51.81,60.24,0.499482,0.500987,1,3,0,0,76,1448,0.379446,1,0.4868,2,3,0,0,V1,1,0.397622,16564.47368,1,0,0,0.602378,1.602378,0,0,200
EDCF-Shield,v1b,FALCON1024+HMAC-SHA512+AES256GCM+DKG4of7,COMPROMISED_CTRL,90,33.58,39,CYCLE,78,0,1820,1100,0,0.623288,0.19562,0,0,0,100,50.14,62.33,0.499497,0.500998,1,3,0,0,76,1448,0.376738,1,0.4872,2,3,0,0,V1,1,0.397057,16603.84615,1,0,0,0.602943,1.602943,0,0,200
EDCF-Shield,v1b,FALCON1024+HMAC-SHA512+AES256GCM+DKG4of7,COMPROMISED_CTRL,90,33.58,39,CUMULATIVE,78,8916,65014,33984,131,0.684252,0.363575,0.343273,0.207832,0.98552,99.8,51.76,60.29,0.499497,0.500998,1,3,0,0,76,1448,0.376738,1,0.4872,2,3,0,0,V1,1,0.397057,16603.84615,1,0,0,0.602943,1.602943,0,0,200
EDCF-Shield,v1b,FALCON1024+HMAC-SHA512+AES256GCM+DKG4of7,COMPROMISED_CTRL,90,33.58,40,CYCLE,80,0,1820,1100,0,0.623288,0.19073,0,0,0,100,50.14,62.33,0.49951,0.501008,1,3,0,0,76,1448,0.374105,1,0.4875,2,3,0,0,V1,1,0.396521,16641.25,1,0,0,0.603479,1.603479,0,0,200
EDCF-Shield,v1b,FALCON1024+HMAC-SHA512+AES256GCM+DKG4of7,COMPROMISED_CTRL,90,33.58,40,CUMULATIVE,80,8916,66834,35084,131,0.682648,0.358738,0.336155,0.202636,0.98552,99.8,51.72,60.35,0.49951,0.501008,1,3,0,0,76,1448,0.374105,1,0.4875,2,3,0,0,V1,1,0.396521,16641.25,1,0,0,0.603479,1.603479,0,0,200
EDCF-Shield,v1b,FALCON1024+HMAC-SHA512+AES256GCM+DKG4of7,COMPROMISED_CTRL,90,33.58,41,CYCLE,82,0,1820,1100,0,0.623288,0.186078,0,0,0,100,50.14,62.33,0.499523,0.501018,1,3,0,0,76,1448,0.371544,1,0.4878,2,3,0,0,V1,1,0.396014,16676.82927,1,0,0,0.603986,1.603986,0,0,200
EDCF-Shield,v1b,FALCON1024+HMAC-SHA512+AES256GCM+DKG4of7,COMPROMISED_CTRL,90,33.58,41,CUMULATIVE,82,8916,68654,36184,131,0.681126,0.354089,0.329326,0.197694,0.98552,99.81,51.68,60.4,0.499523,0.501018,1,3,0,0,76,1448,0.371544,1,0.4878,2,3,0,0,V1,1,0.396014,16676.82927,1,0,0,0.603986,1.603986,0,0,200
EDCF-Shield,v1b,FALCON1024+HMAC-SHA512+AES256GCM+DKG4of7,COMPROMISED_CTRL,90,33.58,42,CYCLE,84,0,1820,1100,0,0.623288,0.181648,0,0,0,100,50.14,62.33,0.499536,0.501027,1,3,0,0,76,1448,0.36905,1,0.4881,2,3,0,0,V1,1,0.395531,16710.71429,1,0,0,0.604469,1.604469,0,0,200
EDCF-Shield,v1b,FALCON1024+HMAC-SHA512+AES256GCM+DKG4of7,COMPROMISED_CTRL,90,33.58,42,CUMULATIVE,84,8916,70474,37284,131,0.67968,0.349618,0.322769,0.192987,0.98552,99.81,51.64,60.45,0.499536,0.501027,1,3,0,0,76,1448,0.36905,1,0.4881,2,3,0,0,V1,1,0.395531,16710.71429,1,0,0,0.604469,1.604469,0,0,200
EDCF-Shield,v1b,FALCON1024+HMAC-SHA512+AES256GCM+DKG4of7,COMPROMISED_CTRL,90,33.58,43,CYCLE,86,0,1820,1100,0,0.623288,0.177423,0,0,0,100,50.14,62.33,0.499547,0.501036,1,3,0,0,76,1448,0.366621,1,0.4884,2,3,0,0,V1,1,0.395072,16743.02326,1,0,0,0.604928,1.604928,0,0,200
EDCF-Shield,v1b,FALCON1024+HMAC-SHA512+AES256GCM+DKG4of7,COMPROMISED_CTRL,90,33.58,43,CUMULATIVE,86,8916,72294,38384,131,0.678304,0.345313,0.316468,0.188499,0.98552,99.82,51.61,60.49,0.499547,0.501036,1,3,0,0,76,1448,0.366621,1,0.4884,2,3,0,0,V1,1,0.395072,16743.02326,1,0,0,0.604928,1.604928,0,0,200
EDCF-Shield,v1b,FALCON1024+HMAC-SHA512+AES256GCM+DKG4of7,COMPROMISED_CTRL,90,33.58,44,CYCLE,88,0,1820,1100,0,0.623288,0.173391,0,0,0,100,50.14,62.33,0.499559,0.501044,1,3,0,0,76,1448,0.364254,1,0.4886,2,3,0,0,V1,1,0.394635,16773.86364,1,0,0,0.605365,1.605365,0,0,200
EDCF-Shield,v1b,FALCON1024+HMAC-SHA512+AES256GCM+DKG4of7,COMPROMISED_CTRL,90,33.58,44,CUMULATIVE,88,8916,74114,39484,131,0.676995,0.341164,0.310408,0.184215,0.98552,99.82,51.57,60.54,0.499559,0.501044,1,3,0,0,76,1448,0.364254,1,0.4886,2,3,0,0,V1,1,0.394635,16773.86364,1,0,0,0.605365,1.605365,0,0,200
EDCF-Shield,v1b,FALCON1024+HMAC-SHA512+AES256GCM+DKG4of7,COMPROMISED_CTRL,90,33.58,45,CYCLE,90,0,1820,1100,0,0.623288,0.169538,0,0,0,100,50.14,62.33,0.499569,0.501052,1,3,0,0,76,1448,0.361945,1,0.4889,2,3,0,0,V1,1,0.394218,16803.33333,1,0,0,0.605782,1.605782,0,0,200
EDCF-Shield,v1b,FALCON1024+HMAC-SHA512+AES256GCM+DKG4of7,COMPROMISED_CTRL,90,33.58,45,CUMULATIVE,90,8916,75934,40584,131,0.675746,0.337162,0.304576,0.180121,0.98552,99.83,51.54,60.58,0.499569,0.501052,1,3,0,0,76,1448,0.361945,1,0.4889,2,3,0,0,V1,1,0.394218,16803.33333,1,0,0,0.605782,1.605782,0,0,200
EDCF-Shield,v1b,FALCON1024+HMAC-SHA512+AES256GCM+DKG4of7,COMPROMISED_CTRL,90,33.58,46,CYCLE,92,0,1820,1100,0,0.623288,0.165853,0,0,0,100,50.14,62.33,0.499579,0.50106,1,3,0,0,76,1448,0.359692,1,0.4891,2,3,0,0,V1,1,0.39382,16831.52174,1,0,0,0.60618,1.60618,0,0,200
EDCF-Shield,v1b,FALCON1024+HMAC-SHA512+AES256GCM+DKG4of7,COMPROMISED_CTRL,90,33.58,46,CUMULATIVE,92,8916,77754,41684,131,0.674553,0.333298,0.298959,0.176206,0.98552,99.83,51.51,60.62,0.499579,0.50106,1,3,0,0,76,1448,0.359692,1,0.4891,2,3,0,0,V1,1,0.39382,16831.52174,1,0,0,0.60618,1.60618,0,0,200
EDCF-Shield,v1b,FALCON1024+HMAC-SHA512+AES256GCM+DKG4of7,COMPROMISED_CTRL,90,33.58,47,CYCLE,94,0,1820,1100,0,0.623288,0.162324,0,0,0,100,50.14,62.33,0.499589,0.501067,1,3,0,0,76,1448,0.357492,1,0.4894,2,3,0,0,V1,1,0.39344,16858.51064,1,0,0,0.60656,1.60656,0,0,200
EDCF-Shield,v1b,FALCON1024+HMAC-SHA512+AES256GCM+DKG4of7,COMPROMISED_CTRL,90,33.58,47,CUMULATIVE,94,8916,79574,42784,131,0.673414,0.329564,0.293545,0.172456,0.98552,99.84,51.48,60.66,0.499589,0.501067,1,3,0,0,76,1448,0.357492,1,0.4894,2,3,0,0,V1,1,0.39344,16858.51064,1,0,0,0.60656,1.60656,0,0,200
EDCF-Shield,v1b,FALCON1024+HMAC-SHA512+AES256GCM+DKG4of7,COMPROMISED_CTRL,90,33.58,48,CYCLE,96,0,1820,1100,0,0.623288,0.158942,0,0,0,100,50.14,62.33,0.499598,0.501074,1,3,0,0,76,1448,0.355344,1,0.4896,2,3,0,0,V1,1,0.393076,16884.375,1,0,0,0.606924,1.606924,0,0,200
EDCF-Shield,v1b,FALCON1024+HMAC-SHA512+AES256GCM+DKG4of7,COMPROMISED_CTRL,90,33.58,48,CUMULATIVE,96,8916,81394,43884,131,0.672325,0.325954,0.288324,0.168864,0.98552,99.84,51.45,60.69,0.499598,0.501074,1,3,0,0,76,1448,0.355344,1,0.4896,2,3,0,0,V1,1,0.393076,16884.375,1,0,0,0.606924,1.606924,0,0,200
EDCF-Shield,v1b,FALCON1024+HMAC-SHA512+AES256GCM+DKG4of7,COMPROMISED_CTRL,90,33.58,49,CYCLE,98,0,1820,1100,0,0.623288,0.155699,0,0,0,100,50.14,62.33,0.499607,0.501081,1,3,0,0,76,1448,0.353245,1,0.4898,2,3,0,0,V1,1,0.392728,16909.18367,1,0,0,0.607272,1.607272,0,0,200
EDCF-Shield,v1b,FALCON1024+HMAC-SHA512+AES256GCM+DKG4of7,COMPROMISED_CTRL,90,33.58,49,CUMULATIVE,98,8916,83214,44984,131,0.671281,0.32246,0.283286,0.165417,0.98552,99.84,51.42,60.73,0.499607,0.501081,1,3,0,0,76,1448,0.353245,1,0.4898,2,3,0,0,V1,1,0.392728,16909.18367,1,0,0,0.607272,1.607272,0,0,200
EDCF-Shield,v1b,FALCON1024+HMAC-SHA512+AES256GCM+DKG4of7,COMPROMISED_CTRL,90,33.58,50,CYCLE,100,0,1820,1100,0,0.623288,0.152585,0,0,0,100,50.14,62.33,0.499615,0.501087,1,3,0,0,76,1448,0.351193,1,0.49,2,3,0,0,V1,1,0.392395,16933,1,0,0,0.607605,1.607605,0,0,200
EDCF-Shield,v1b,FALCON1024+HMAC-SHA512+AES256GCM+DKG4of7,COMPROMISED_CTRL,90,33.58,50,CUMULATIVE,100,8916,85034,46084,131,0.670281,0.319077,0.278421,0.162109,0.98552,99.85,51.39,60.76,0.499615,0.501087,1,3,0,0,76,1448,0.351193,1,0.49,2,3,0,0,V1,1,0.392395,16933,1,0,0,0.607605,1.607605,0,0,200
EDCF-Shield,v1b,FALCON1024+HMAC-SHA512+AES256GCM+DKG4of7,COMPROMISED_CTRL,90,33.58,51,CYCLE,102,0,1820,1100,0,0.623288,0.149593,0,0,0,100,50.14,62.33,0.499623,0.501093,1,3,0,0,76,1448,0.349185,1,0.4902,2,3,0,0,V1,1,0.392075,16955.88235,1,0,0,0.607925,1.607925,0,0,200
EDCF-Shield,v1b,FALCON1024+HMAC-SHA512+AES256GCM+DKG4of7,COMPROMISED_CTRL,90,33.58,51,CUMULATIVE,102,8916,86854,47184,131,0.669322,0.315798,0.273719,0.15893,0.98552,99.85,51.37,60.79,0.499623,0.501093,1,3,0,0,76,1448,0.349185,1,0.4902,2,3,0,0,V1,1,0.392075,16955.88235,1,0,0,0.607925,1.607925,0,0,200
EDCF-Shield,v1b,FALCON1024+HMAC-SHA512+AES256GCM+DKG4of7,COMPROMISED_CTRL,90,33.58,52,CYCLE,104,0,1820,1100,0,0.623288,0.146717,0,0,0,100,50.14,62.33,0.499631,0.501099,1,3,0,0,76,1448,0.347221,1,0.4904,2,3,0,0,V1,1,0.391767,16977.88462,1,0,0,0.608233,1.608233,0,0,200
EDCF-Shield,v1b,FALCON1024+HMAC-SHA512+AES256GCM+DKG4of7,COMPROMISED_CTRL,90,33.58,52,CUMULATIVE,104,8916,88674,48284,131,0.668402,0.312619,0.269174,0.155874,0.98552,99.85,51.34,60.82,0.499631,0.501099,1,3,0,0,76,1448,0.347221,1,0.4904,2,3,0,0,V1,1,0.391767,16977.88462,1,0,0,0.608233,1.608233,0,0,200
EDCF-Shield,v1b,FALCON1024+HMAC-SHA512+AES256GCM+DKG4of7,COMPROMISED_CTRL,90,33.58,53,CYCLE,106,0,1820,1100,0,0.623288,0.143949,0,0,0,100,50.14,62.33,0.499638,0.501105,1,3,0,0,76,1448,0.345299,1,0.4906,2,3,0,0,V1,1,0.391472,16999.0566,1,0,0,0.608528,1.608528,0,0,200
EDCF-Shield,v1b,FALCON1024+HMAC-SHA512+AES256GCM+DKG4of7,COMPROMISED_CTRL,90,33.58,53,CUMULATIVE,106,8916,90494,49384,131,0.667517,0.309534,0.264778,0.152933,0.98552,99.86,51.32,60.85,0.499638,0.501105,1,3,0,0,76,1448,0.345299,1,0.4906,2,3,0,0,V1,1,0.391472,16999.0566,1,0,0,0.608528,1.608528,0,0,200
EDCF-Shield,v1b,FALCON1024+HMAC-SHA512+AES256GCM+DKG4of7,COMPROMISED_CTRL,90,33.58,54,CYCLE,108,0,1820,1100,0,0.623288,0.141283,0,0,0,100,50.14,62.33,0.499645,0.50111,1,3,0,0,76,1448,0.343417,1,0.4907,2,3,0,0,V1,1,0.391188,17019.44444,1,0,0,0.608812,1.608812,0,0,200
EDCF-Shield,v1b,FALCON1024+HMAC-SHA512+AES256GCM+DKG4of7,COMPROMISED_CTRL,90,33.58,54,CUMULATIVE,108,8916,92314,50484,131,0.666667,0.306539,0.260523,0.150101,0.98552,99.86,51.3,60.88,0.499645,0.50111,1,3,0,0,76,1448,0.343417,1,0.4907,2,3,0,0,V1,1,0.391188,17019.44444,1,0,0,0.608812,1.608812,0,0,200
EDCF-Shield,v1b,FALCON1024+HMAC-SHA512+AES256GCM+DKG4of7,COMPROMISED_CTRL,90,33.58,55,CYCLE,110,0,1820,1100,0,0.623288,0.138714,0,0,0,100,50.14,62.33,0.499652,0.501115,1,3,0,0,76,1448,0.341573,1,0.4909,2,3,0,0,V1,1,0.390915,17039.09091,1,0,0,0.609085,1.609085,0,0,200
EDCF-Shield,v1b,FALCON1024+HMAC-SHA512+AES256GCM+DKG4of7,COMPROMISED_CTRL,90,33.58,55,CUMULATIVE,110,8916,94134,51584,131,0.665848,0.303629,0.256402,0.147372,0.98552,99.86,51.27,60.91,0.499652,0.501115,1,3,0,0,76,1448,0.341573,1,0.4909,2,3,0,0,V1,1,0.390915,17039.09091,1,0,0,0.609085,1.609085,0,0,200
EDCF-Shield,v1b,FALCON1024+HMAC-SHA512+AES256GCM+DKG4of7,COMPROMISED_CTRL,90,33.58,56,CYCLE,112,0,1820,1100,0,0.623288,0.136237,0,0,0,100,50.14,62.33,0.499659,0.50112,1,3,0,0,76,1448,0.339766,1,0.4911,2,3,0,0,V1,1,0.390652,17058.03571,1,0,0,0.609348,1.609348,0,0,200
EDCF-Shield,v1b,FALCON1024+HMAC-SHA512+AES256GCM+DKG4of7,COMPROMISED_CTRL,90,33.58,56,CUMULATIVE,112,8916,95954,52684,131,0.66506,0.300802,0.25241,0.14474,0.98552,99.86,51.25,60.93,0.499659,0.50112,1,3,0,0,76,1448,0.339766,1,0.4911,2,3,0,0,V1,1,0.390652,17058.03571,1,0,0,0.609348,1.609348,0,0,200
EDCF-Shield,v1b,FALCON1024+HMAC-SHA512+AES256GCM+DKG4of7,COMPROMISED_CTRL,90,33.58,57,CYCLE,114,0,1820,1100,0,0.623288,0.133847,0,0,0,100,50.14,62.33,0.499665,0.501125,1,3,0,0,76,1448,0.337995,1,0.4912,2,3,0,0,V1,1,0.390399,17076.31579,1,0,0,0.609601,1.609601,0,0,200
EDCF-Shield,v1b,FALCON1024+HMAC-SHA512+AES256GCM+DKG4of7,COMPROMISED_CTRL,90,33.58,57,CUMULATIVE,114,8916,97774,53784,131,0.664301,0.298051,0.24854,0.142201,0.98552,99.87,51.23,60.96,0.499665,0.501125,1,3,0,0,76,1448,0.337995,1,0.4912,2,3,0,0,V1,1,0.390399,17076.31579,1,0,0,0.609601,1.609601,0,0,200
EDCF-Shield,v1b,FALCON1024+HMAC-SHA512+AES256GCM+DKG4of7,COMPROMISED_CTRL,90,33.58,58,CYCLE,116,0,1820,1100,0,0.623288,0.13154,0,0,0,100,50.14,62.33,0.499671,0.50113,1,3,0,0,76,1448,0.336258,1,0.4914,2,3,0,0,V1,1,0.390154,17093.96552,1,0,0,0.609846,1.609846,0,0,200
EDCF-Shield,v1b,FALCON1024+HMAC-SHA512+AES256GCM+DKG4of7,COMPROMISED_CTRL,90,33.58,58,CUMULATIVE,116,8916,99594,54884,131,0.663568,0.295376,0.244787,0.139749,0.98552,99.87,51.21,60.98,0.499671,0.50113,1,3,0,0,76,1448,0.336258,1,0.4914,2,3,0,0,V1,1,0.390154,17093.96552,1,0,0,0.609846,1.609846,0,0,200
EDCF-Shield,v1b,FALCON1024+HMAC-SHA512+AES256GCM+DKG4of7,COMPROMISED_CTRL,90,33.58,59,CYCLE,118,0,1820,1100,0,0.623288,0.12931,0,0,0,100,50.14,62.33,0.499677,0.501134,1,3,0,0,76,1448,0.334555,1,0.4915,2,3,0,0,V1,1,0.389919,17111.01695,1,0,0,0.610081,1.610081,0,0,200
EDCF-Shield,v1b,FALCON1024+HMAC-SHA512+AES256GCM+DKG4of7,COMPROMISED_CTRL,90,33.58,59,CUMULATIVE,118,8916,101414,55984,131,0.662862,0.292771,0.241146,0.137381,0.98552,99.87,51.19,61.01,0.499677,0.501134,1,3,0,0,76,1448,0.334555,1,0.4915,2,3,0,0,V1,1,0.389919,17111.01695,1,0,0,0.610081,1.610081,0,0,200
EDCF-Shield,v1b,FALCON1024+HMAC-SHA512+AES256GCM+DKG4of7,COMPROMISED_CTRL,90,33.58,60,CYCLE,120,0,1820,1100,0,0.623288,0.127155,0,0,0,100,50.14,62.33,0.499683,0.501138,1,3,0,0,76,1448,0.332883,1,0.4917,2,3,0,0,V1,1,0.389691,17127.5,1,0,0,0.610309,1.610309,0,0,200
EDCF-Shield,v1b,FALCON1024+HMAC-SHA512+AES256GCM+DKG4of7,COMPROMISED_CTRL,90,33.58,60,CUMULATIVE,120,8916,103234,57084,131,0.662179,0.290234,0.237611,0.135091,0.98552,99.87,51.18,61.03,0.499683,0.501138,1,3,0,0,76,1448,0.332883,1,0.4917,2,3,0,0,V1,1,0.389691,17127.5,1,0,0,0.610309,1.610309,0,0,200
EDCF-Shield,v1b,FALCON1024+HMAC-SHA512+AES256GCM+DKG4of7,COMPROMISED_CTRL,90,33.58,61,CYCLE,122,0,1820,1100,0,0.623288,0.125071,0,0,0,100,50.14,62.33,0.499688,0.501142,1,3,0,0,76,1448,0.331243,1,0.4918,2,3,0,0,V1,1,0.389471,17143.44262,1,0,0,0.610529,1.610529,0,0,200
EDCF-Shield,v1b,FALCON1024+HMAC-SHA512+AES256GCM+DKG4of7,COMPROMISED_CTRL,90,33.58,61,CUMULATIVE,122,8916,105054,58184,131,0.66152,0.287762,0.234179,0.132876,0.98552,99.88,51.16,61.05,0.499688,0.501142,1,3,0,0,76,1448,0.331243,1,0.4918,2,3,0,0,V1,1,0.389471,17143.44262,1,0,0,0.610529,1.610529,0,0,200
EDCF-Shield,v1b,FALCON1024+HMAC-SHA512+AES256GCM+DKG4of7,COMPROMISED_CTRL,90,33.58,62,CYCLE,124,0,1820,1100,0,0.623288,0.123054,0,0,0,100,50.14,62.33,0.499694,0.501146,1,3,0,0,76,1448,0.329633,1,0.4919,2,3,0,0,V1,1,0.389258,17158.87097,1,0,0,0.610742,1.610742,0,0,200
EDCF-Shield,v1b,FALCON1024+HMAC-SHA512+AES256GCM+DKG4of7,COMPROMISED_CTRL,90,33.58,62,CUMULATIVE,124,8916,106874,59284,131,0.660883,0.285352,0.230844,0.130733,0.98552,99.88,51.14,61.07,0.499694,0.501146,1,3,0,0,76,1448,0.329633,1,0.4919,2,3,0,0,V1,1,0.389258,17158.87097,1,0,0,0.610742,1.610742,0,0,200
EDCF-Shield,v1b,FALCON1024+HMAC-SHA512+AES256GCM+DKG4of7,COMPROMISED_CTRL,90,33.58,63,CYCLE,126,0,1820,1100,0,0.623288,0.121101,0,0,0,100,50.14,62.33,0.499699,0.50115,1,3,0,0,76,1448,0.328051,1,0.4921,2,3,0,0,V1,1,0.389053,17173.80952,1,0,0,0.610947,1.610947,0,0,200
EDCF-Shield,v1b,FALCON1024+HMAC-SHA512+AES256GCM+DKG4of7,COMPROMISED_CTRL,90,33.58,63,CUMULATIVE,126,8916,108694,60384,131,0.660267,0.283002,0.227603,0.128658,0.98552,99.88,51.12,61.09,0.499699,0.50115,1,3,0,0,76,1448,0.328051,1,0.4921,2,3,0,0,V1,1,0.389053,17173.80952,1,0,0,0.610947,1.610947,0,0,200
EDCF-Shield,v1b,FALCON1024+HMAC-SHA512+AES256GCM+DKG4of7,COMPROMISED_CTRL,90,33.58,64,CYCLE,128,0,1820,1100,0,0.623288,0.119208,0,0,0,100,50.14,62.33,0.499704,0.501154,1,3,0,0,76,1448,0.326498,1,0.4922,2,3,0,0,V1,1,0.388854,17188.28125,1,0,0,0.611146,1.611146,0,0,200
EDCF-Shield,v1b,FALCON1024+HMAC-SHA512+AES256GCM+DKG4of7,COMPROMISED_CTRL,90,33.58,64,CUMULATIVE,128,8916,110514,61484,131,0.65967,0.280709,0.224452,0.126648,0.98552,99.88,51.11,61.11,0.499704,0.501154,1,3,0,0,76,1448,0.326498,1,0.4922,2,3,0,0,V1,1,0.388854,17188.28125,1,0,0,0.611146,1.611146,0,0,200
EDCF-Shield,v1b,FALCON1024+HMAC-SHA512+AES256GCM+DKG4of7,COMPROMISED_CTRL,90,33.58,65,CYCLE,130,0,1820,1100,0,0.623288,0.117375,0,0,0,100,50.14,62.33,0.499709,0.501158,1,3,0,0,76,1448,0.324971,1,0.4923,2,3,0,0,V1,1,0.388661,17202.30769,1,0,0,0.611339,1.611339,0,0,200
EDCF-Shield,v1b,FALCON1024+HMAC-SHA512+AES256GCM+DKG4of7,COMPROMISED_CTRL,90,33.58,65,CUMULATIVE,130,8916,112334,62584,131,0.659093,0.278471,0.221386,0.124699,0.98552,99.88,51.09,61.13,0.499709,0.501158,1,3,0,0,76,1448,0.324971,1,0.4923,2,3,0,0,V1,1,0.388661,17202.30769,1,0,0,0.611339,1.611339,0,0,200
EDCF-Shield,v1b,FALCON1024+HMAC-SHA512+AES256GCM+DKG4of7,COMPROMISED_CTRL,90,33.58,66,CYCLE,132,0,1820,1100,0,0.623288,0.115596,0,0,0,100,50.14,62.33,0.499713,0.501161,1,3,0,0,76,1448,0.323471,1,0.4924,2,3,0,0,V1,1,0.388474,17215.90909,1,0,0,0.611526,1.611526,0,0,200
EDCF-Shield,v1b,FALCON1024+HMAC-SHA512+AES256GCM+DKG4of7,COMPROMISED_CTRL,90,33.58,66,CUMULATIVE,132,8916,114154,63684,131,0.658533,0.276286,0.218404,0.12281,0.98552,99.89,51.08,61.15,0.499713,0.501161,1,3,0,0,76,1448,0.323471,1,0.4924,2,3,0,0,V1,1,0.388474,17215.90909,1,0,0,0.611526,1.611526,0,0,200
EDCF-Shield,v1b,FALCON1024+HMAC-SHA512+AES256GCM+DKG4of7,COMPROMISED_CTRL,90,33.58,67,CYCLE,134,0,1820,1100,0,0.623288,0.113871,0,0,0,100,50.14,62.33,0.499718,0.501165,1,3,0,0,76,1448,0.321997,1,0.4925,2,3,0,0,V1,1,0.388293,17229.10448,1,0,0,0.611707,1.611707,0,0,200
EDCF-Shield,v1b,FALCON1024+HMAC-SHA512+AES256GCM+DKG4of7,COMPROMISED_CTRL,90,33.58,67,CUMULATIVE,134,8916,115974,64784,131,0.657991,0.274152,0.2155,0.120977,0.98552,99.89,51.06,61.17,0.499718,0.501165,1,3,0,0,76,1448,0.321997,1,0.4925,2,3,0,0,V1,1,0.388293,17229.10448,1,0,0,0.611707,1.611707,0,0,200
EDCF-Shield,v1b,FALCON1024+HMAC-SHA512+AES256GCM+DKG4of7,COMPROMISED_CTRL,90,33.58,68,CYCLE,136,0,1820,1100,0,0.623288,0.112197,0,0,0,100,50.14,62.33,0.499722,0.501168,1,3,0,0,76,1448,0.320547,1,0.4926,2,3,0,0,V1,1,0.388118,17241.91177,1,0,0,0.611882,1.611882,0,0,200
EDCF-Shield,v1b,FALCON1024+HMAC-SHA512+AES256GCM+DKG4of7,COMPROMISED_CTRL,90,33.58,68,CUMULATIVE,136,8916,117794,65884,131,0.657465,0.272066,0.212673,0.119198,0.98552,99.89,51.05,61.19,0.499722,0.501168,1,3,0,0,76,1448,0.320547,1,0.4926,2,3,0,0,V1,1,0.388118,17241.91177,1,0,0,0.611882,1.611882,0,0,200
EDCF-Shield,v1b,FALCON1024+HMAC-SHA512+AES256GCM+DKG4of7,COMPROMISED_CTRL,90,33.58,69,CYCLE,138,0,1820,1100,0,0.623288,0.110571,0,0,0,100,50.14,62.33,0.499726,0.501171,1,3,0,0,76,1448,0.319121,1,0.4928,2,3,0,0,V1,1,0.387948,17254.34783,1,0,0,0.612052,1.612052,0,0,200
EDCF-Shield,v1b,FALCON1024+HMAC-SHA512+AES256GCM+DKG4of7,COMPROMISED_CTRL,90,33.58,69,CUMULATIVE,138,8916,119614,66984,131,0.656955,0.270028,0.209919,0.11747,0.98552,99.89,51.04,61.21,0.499726,0.501171,1,3,0,0,76,1448,0.319121,1,0.4928,2,3,0,0,V1,1,0.387948,17254.34783,1,0,0,0.612052,1.612052,0,0,200
EDCF-Shield,v1b,FALCON1024+HMAC-SHA512+AES256GCM+DKG4of7,COMPROMISED_CTRL,90,33.58,70,CYCLE,140,0,1820,1100,0,0.623288,0.108991,0,0,0,100,50.14,62.33,0.49973,0.501174,1,3,0,0,76,1448,0.317718,1,0.4929,2,3,0,0,V1,1,0.387782,17266.42857,1,0,0,0.612218,1.612218,0,0,200
EDCF-Shield,v1b,FALCON1024+HMAC-SHA512+AES256GCM+DKG4of7,COMPROMISED_CTRL,90,33.58,70,CUMULATIVE,140,8916,121434,68084,131,0.65646,0.268035,0.207236,0.115792,0.98552,99.89,51.02,61.22,0.49973,0.501174,1,3,0,0,76,1448,0.317718,1,0.4929,2,3,0,0,V1,1,0.387782,17266.42857,1,0,0,0.612218,1.612218,0,0,200
EDCF-Shield,v1b,FALCON1024+HMAC-SHA512+AES256GCM+DKG4of7,COMPROMISED_CTRL,90,33.58,71,CYCLE,142,0,1820,1100,0,0.623288,0.107456,0,0,0,100,50.14,62.33,0.499734,0.501177,1,3,0,0,76,1448,0.316338,1,0.493,2,3,0,0,V1,1,0.387622,17278.16901,1,0,0,0.612378,1.612378,0,0,200
EDCF-Shield,v1b,FALCON1024+HMAC-SHA512+AES256GCM+DKG4of7,COMPROMISED_CTRL,90,33.58,71,CUMULATIVE,142,8916,123254,69184,131,0.655979,0.266085,0.20462,0.114161,0.98552,99.89,51.01,61.24,0.499734,0.501177,1,3,0,0,76,1448,0.316338,1,0.493,2,3,0,0,V1,1,0.387622,17278.16901,1,0,0,0.612378,1.612378,0,0,200
EDCF-Shield,v1b,FALCON1024+HMAC-SHA512+AES256GCM+DKG4of7,COMPROMISED_CTRL,90,33.58,72,CYCLE,144,0,1820,1100,0,0.623288,0.105964,0,0,0,100,50.14,62.33,0.499738,0.50118,1,3,0,0,76,1448,0.31498,1,0.4931,2,3,0,0,V1,1,0.387466,17289.58333,1,0,0,0.612534,1.612534,0,0,200
EDCF-Shield,v1b,FALCON1024+HMAC-SHA512+AES256GCM+DKG4of7,COMPROMISED_CTRL,90,33.58,72,CUMULATIVE,144,8916,125074,70284,131,0.655512,0.264177,0.202069,0.112576,0.98552,99.9,51,61.25,0.499738,0.50118,1,3,0,0,76,1448,0.31498,1,0.4931,2,3,0,0,V1,1,0.387466,17289.58333,1,0,0,0.612534,1.612534,0,0,200
EDCF-Shield,v1b,FALCON1024+HMAC-SHA512+AES256GCM+DKG4of7,COMPROMISED_CTRL,90,33.58,73,CYCLE,146,0,1820,1100,0,0.623288,0.104512,0,0,0,100,50.14,62.33,0.499742,0.501183,1,3,0,0,76,1448,0.313643,1,0.4932,2,3,0,0,V1,1,0.387315,17300.68493,1,0,0,0.612685,1.612685,0,0,200
EDCF-Shield,v1b,FALCON1024+HMAC-SHA512+AES256GCM+DKG4of7,COMPROMISED_CTRL,90,33.58,73,CUMULATIVE,146,8916,126894,71384,131,0.655058,0.26231,0.199581,0.111034,0.98552,99.9,50.99,61.27,0.499742,0.501183,1,3,0,0,76,1448,0.313643,1,0.4932,2,3,0,0,V1,1,0.387315,17300.68493,1,0,0,0.612685,1.612685,0,0,200
EDCF-Shield,v1b,FALCON1024+HMAC-SHA512+AES256GCM+DKG4of7,COMPROMISED_CTRL,90,33.58,74,CYCLE,148,0,1820,1100,0,0.623288,0.1031,0,0,0,100,50.14,62.33,0.499746,0.501186,1,3,0,0,76,1448,0.312327,1,0.4932,2,3,0,0,V1,1,0.387167,17311.48649,1,0,0,0.612833,1.612833,0,0,200
EDCF-Shield,v1b,FALCON1024+HMAC-SHA512+AES256GCM+DKG4of7,COMPROMISED_CTRL,90,33.58,74,CUMULATIVE,148,8916,128714,72484,131,0.654617,0.260482,0.197154,0.109533,0.98552,99.9,50.97,61.28,0.499746,0.501186,1,3,0,0,76,1448,0.312327,1,0.4932,2,3,0,0,V1,1,0.387167,17311.48649,1,0,0,0.612833,1.612833,0,0,200
EDCF-Shield,v1b,FALCON1024+HMAC-SHA512+AES256GCM+DKG4of7,COMPROMISED_CTRL,90,33.58,75,CYCLE,150,0,1820,1100,0,0.623288,0.101726,0,0,0,100,50.14,62.33,0.499749,0.501188,1,3,0,0,76,1448,0.311031,1,0.4933,2,3,0,0,V1,1,0.387024,17322,1,0,0,0.612976,1.612976,0,0,200
EDCF-Shield,v1b,FALCON1024+HMAC-SHA512+AES256GCM+DKG4of7,COMPROMISED_CTRL,90,33.58,75,CUMULATIVE,150,8916,130534,73584,131,0.654188,0.258691,0.194785,0.108073,0.98552,99.9,50.96,61.3,0.499749,0.501188,1,3,0,0,76,1448,0.311031,1,0.4933,2,3,0,0,V1,1,0.387024,17322,1,0,0,0.612976,1.612976,0,0,200
EDCF-Shield,v1b,FALCON1024+HMAC-SHA512+AES256GCM+DKG4of7,COMPROMISED_CTRL,90,33.58,76,CYCLE,152,0,1820,1100,0,0.623288,0.100387,0,0,0,100,50.14,62.33,0.499753,0.501191,1,3,0,0,76,1448,0.309754,1,0.4934,2,3,0,0,V1,1,0.386885,17332.23684,1,0,0,0.613115,1.613115,0,0,200
EDCF-Shield,v1b,FALCON1024+HMAC-SHA512+AES256GCM+DKG4of7,COMPROMISED_CTRL,90,33.58,76,CUMULATIVE,152,8916,132354,74684,131,0.653771,0.256938,0.192473,0.106651,0.98552,99.9,50.95,61.31,0.499753,0.501191,1,3,0,0,76,1448,0.309754,1,0.4934,2,3,0,0,V1,1,0.386885,17332.23684,1,0,0,0.613115,1.613115,0,0,200
EDCF-Shield,v1b,FALCON1024+HMAC-SHA512+AES256GCM+DKG4of7,COMPROMISED_CTRL,90,33.58,77,CYCLE,154,0,1820,1100,0,0.623288,0.099084,0,0,0,100,50.14,62.33,0.499756,0.501193,1,3,0,0,76,1448,0.308497,1,0.4935,2,3,0,0,V1,1,0.386749,17342.20779,1,0,0,0.613251,1.613251,0,0,200
EDCF-Shield,v1b,FALCON1024+HMAC-SHA512+AES256GCM+DKG4of7,COMPROMISED_CTRL,90,33.58,77,CUMULATIVE,154,8916,134174,75784,131,0.653364,0.255219,0.190214,0.105266,0.98552,99.9,50.94,61.33,0.499756,0.501193,1,3,0,0,76,1448,0.308497,1,0.4935,2,3,0,0,V1,1,0.386749,17342.20779,1,0,0,0.613251,1.613251,0,0,200
EDCF-Shield,v1b,FALCON1024+HMAC-SHA512+AES256GCM+DKG4of7,COMPROMISED_CTRL,90,33.58,78,CYCLE,156,0,1820,1100,0,0.623288,0.097813,0,0,0,100,50.14,62.33,0.499759,0.501196,1,3,0,0,76,1448,0.307258,1,0.4936,2,3,0,0,V1,1,0.386617,17351.92308,1,0,0,0.613383,1.613383,0,0,200
EDCF-Shield,v1b,FALCON1024+HMAC-SHA512+AES256GCM+DKG4of7,COMPROMISED_CTRL,90,33.58,78,CUMULATIVE,156,8916,135994,76884,131,0.652968,0.253534,0.188008,0.103916,0.98552,99.9,50.93,61.34,0.499759,0.501196,1,3,0,0,76,1448,0.307258,1,0.4936,2,3,0,0,V1,1,0.386617,17351.92308,1,0,0,0.613383,1.613383,0,0,200
EDCF-Shield,v1b,FALCON1024+HMAC-SHA512+AES256GCM+DKG4of7,COMPROMISED_CTRL,90,33.58,79,CYCLE,158,0,1820,1100,0,0.623288,0.096575,0,0,0,100,50.14,62.33,0.499762,0.501198,1,3,0,0,76,1448,0.306037,1,0.4937,2,3,0,0,V1,1,0.386488,17361.39241,1,0,0,0.613512,1.613512,0,0,200
EDCF-Shield,v1b,FALCON1024+HMAC-SHA512+AES256GCM+DKG4of7,COMPROMISED_CTRL,90,33.58,79,CUMULATIVE,158,8916,137814,77984,131,0.652583,0.251883,0.185853,0.102601,0.98552,99.91,50.92,61.35,0.499762,0.501198,1,3,0,0,76,1448,0.306037,1,0.4937,2,3,0,0,V1,1,0.386488,17361.39241,1,0,0,0.613512,1.613512,0,0,200
EDCF-Shield,v1b,FALCON1024+HMAC-SHA512+AES256GCM+DKG4of7,COMPROMISED_CTRL,90,33.58,80,CYCLE,160,0,1820,1100,0,0.623288,0.095368,0,0,0,100,50.14,62.33,0.499766,0.501201,1,3,0,0,76,1448,0.304833,1,0.4938,2,3,0,0,V1,1,0.386363,17370.625,1,0,0,0.613637,1.613637,0,0,200
EDCF-Shield,v1b,FALCON1024+HMAC-SHA512+AES256GCM+DKG4of7,COMPROMISED_CTRL,90,33.58,80,CUMULATIVE,160,8916,139634,79084,131,0.652207,0.250263,0.183746,0.101318,0.98552,99.91,50.91,61.36,0.499766,0.501201,1,3,0,0,76,1448,0.304833,1,0.4938,2,3,0,0,V1,1,0.386363,17370.625,1,0,0,0.613637,1.613637,0,0,200
EDCF-Shield,v1b,FALCON1024+HMAC-SHA512+AES256GCM+DKG4of7,COMPROMISED_CTRL,90,33.58,81,CYCLE,162,0,1820,1100,0,0.623288,0.094191,0,0,0,100,50.14,62.33,0.499769,0.501203,1,3,0,0,76,1448,0.303647,1,0.4938,2,3,0,0,V1,1,0.386241,17379.62963,1,0,0,0.613759,1.613759,0,0,200
EDCF-Shield,v1b,FALCON1024+HMAC-SHA512+AES256GCM+DKG4of7,COMPROMISED_CTRL,90,33.58,81,CUMULATIVE,162,8916,141454,80184,131,0.651841,0.248674,0.181687,0.100067,0.98552,99.91,50.9,61.38,0.499769,0.501203,1,3,0,0,76,1448,0.303647,1,0.4938,2,3,0,0,V1,1,0.386241,17379.62963,1,0,0,0.613759,1.613759,0,0,200
EDCF-Shield,v1b,FALCON1024+HMAC-SHA512+AES256GCM+DKG4of7,COMPROMISED_CTRL,90,33.58,82,CYCLE,164,0,1820,1100,0,0.623288,0.093042,0,0,0,100,50.14,62.33,0.499772,0.501205,1,3,0,0,76,1448,0.302477,1,0.4939,2,3,0,0,V1,1,0.386122,17388.41463,1,0,0,0.613878,1.613878,0,0,200
EDCF-Shield,v1b,FALCON1024+HMAC-SHA512+AES256GCM+DKG4of7,COMPROMISED_CTRL,90,33.58,82,CUMULATIVE,164,8916,143274,81284,131,0.651484,0.247116,0.179673,0.098847,0.98552,99.91,50.89,61.39,0.499772,0.501205,1,3,0,0,76,1448,0.302477,1,0.4939,2,3,0,0,V1,1,0.386122,17388.41463,1,0,0,0.613878,1.613878,0,0,200
EDCF-Shield,v1b,FALCON1024+HMAC-SHA512+AES256GCM+DKG4of7,COMPROMISED_CTRL,90,33.58,83,CYCLE,166,0,1820,1100,0,0.623288,0.091921,0,0,0,100,50.14,62.33,0.499774,0.501207,1,3,0,0,76,1448,0.301324,1,0.494,2,3,0,0,V1,1,0.386006,17396.98795,1,0,0,0.613994,1.613994,0,0,200
EDCF-Shield,v1b,FALCON1024+HMAC-SHA512+AES256GCM+DKG4of7,COMPROMISED_CTRL,90,33.58,83,CUMULATIVE,166,8916,145094,82384,131,0.651136,0.245586,0.177703,0.097656,0.98552,99.91,50.88,61.4,0.499774,0.501207,1,3,0,0,76,1448,0.301324,1,0.494,2,3,0,0,V1,1,0.386006,17396.98795,1,0,0,0.613994,1.613994,0,0,200
EDCF-Shield,v1b,FALCON1024+HMAC-SHA512+AES256GCM+DKG4of7,COMPROMISED_CTRL,90,33.58,84,CYCLE,168,0,1820,1100,0,0.623288,0.090827,0,0,0,100,50.14,62.33,0.499777,0.501209,1,3,0,0,76,1448,0.300186,1,0.494,2,3,0,0,V1,1,0.385892,17405.35714,1,0,0,0.614108,1.614108,0,0,200
EDCF-Shield,v1b,FALCON1024+HMAC-SHA512+AES256GCM+DKG4of7,COMPROMISED_CTRL,90,33.58,84,CUMULATIVE,168,8916,146914,83484,131,0.650797,0.244084,0.175777,0.096494,0.98552,99.91,50.87,61.41,0.499777,0.501209,1,3,0,0,76,1448,0.300186,1,0.494,2,3,0,0,V1,1,0.385892,17405.35714,1,0,0,0.614108,1.614108,0,0,200
EDCF-Shield,v1b,FALCON1024+HMAC-SHA512+AES256GCM+DKG4of7,COMPROMISED_CTRL,90,33.58,85,CYCLE,170,0,1820,1100,0,0.623288,0.089759,0,0,0,100,50.14,62.33,0.49978,0.501211,1,3,0,0,76,1448,0.299064,1,0.4941,2,3,0,0,V1,1,0.385782,17413.52941,1,0,0,0.614218,1.614218,0,0,200
EDCF-Shield,v1b,FALCON1024+HMAC-SHA512+AES256GCM+DKG4of7,COMPROMISED_CTRL,90,33.58,85,CUMULATIVE,170,8916,148734,84584,131,0.650465,0.242609,0.173891,0.095358,0.98552,99.91,50.86,61.42,0.49978,0.501211,1,3,0,0,76,1448,0.299064,1,0.4941,2,3,0,0,V1,1,0.385782,17413.52941,1,0,0,0.614218,1.614218,0,0,200
EDCF-Shield,v1b,FALCON1024+HMAC-SHA512+AES256GCM+DKG4of7,COMPROMISED_CTRL,90,33.58,86,CYCLE,172,0,1820,1100,0,0.623288,0.088715,0,0,0,100,50.14,62.33,0.499783,0.501213,1,3,0,0,76,1448,0.297957,1,0.4942,2,3,0,0,V1,1,0.385674,17421.51163,1,0,0,0.614326,1.614326,0,0,200
EDCF-Shield,v1b,FALCON1024+HMAC-SHA512+AES256GCM+DKG4of7,COMPROMISED_CTRL,90,33.58,86,CUMULATIVE,172,8916,150554,85684,131,0.650142,0.241161,0.172046,0.094249,0.98552,99.91,50.85,61.43,0.499783,0.501213,1,3,0,0,76,1448,0.297957,1,0.4942,2,3,0,0,V1,1,0.385674,17421.51163,1,0,0,0.614326,1.614326,0,0,200
EDCF-Shield,v1b,FALCON1024+HMAC-SHA512+AES256GCM+DKG4of7,COMPROMISED_CTRL,90,33.58,87,CYCLE,174,0,1820,1100,0,0.623288,0.087695,0,0,0,100,50.14,62.33,0.499785,0.501215,1,3,0,0,76,1448,0.296865,1,0.4943,2,3,0,0,V1,1,0.385568,17429.31035,1,0,0,0.614432,1.614432,0,0,200
EDCF-Shield,v1b,FALCON1024+HMAC-SHA512+AES256GCM+DKG4of7,COMPROMISED_CTRL,90,33.58,87,CUMULATIVE,174,8916,152374,86784,131,0.649826,0.239739,0.170239,0.093166,0.98552,99.91,50.85,61.44,0.499785,0.501215,1,3,0,0,76,1448,0.296865,1,0.4943,2,3,0,0,V1,1,0.385568,17429.31035,1,0,0,0.614432,1.614432,0,0,200
EDCF-Shield,v1b,FALCON1024+HMAC-SHA512+AES256GCM+DKG4of7,COMPROMISED_CTRL,90,33.58,88,CYCLE,176,0,1820,1100,0,0.623288,0.086699,0,0,0,100,50.14,62.33,0.499788,0.501217,1,3,0,0,76,1448,0.295787,1,0.4943,2,3,0,0,V1,1,0.385465,17436.93182,1,0,0,0.614535,1.614535,0,0,200
EDCF-Shield,v1b,FALCON1024+HMAC-SHA512+AES256GCM+DKG4of7,COMPROMISED_CTRL,90,33.58,88,CUMULATIVE,176,8916,154194,87884,131,0.649517,0.238341,0.16847,0.092107,0.98552,99.92,50.84,61.45,0.499788,0.501217,1,3,0,0,76,1448,0.295787,1,0.4943,2,3,0,0,V1,1,0.385465,17436.93182,1,0,0,0.614535,1.614535,0,0,200
EDCF-Shield,v1b,FALCON1024+HMAC-SHA512+AES256GCM+DKG4of7,COMPROMISED_CTRL,90,33.58,89,CYCLE,178,0,1820,1100,0,0.623288,0.085725,0,0,0,100,50.14,62.33,0.49979,0.501219,1,3,0,0,76,1448,0.294724,1,0.4944,2,3,0,0,V1,1,0.385365,17444.38202,1,0,0,0.614635,1.614635,0,0,200
EDCF-Shield,v1b,FALCON1024+HMAC-SHA512+AES256GCM+DKG4of7,COMPROMISED_CTRL,90,33.58,89,CUMULATIVE,178,8916,156014,88984,131,0.649216,0.236968,0.166737,0.091073,0.98552,99.92,50.83,61.46,0.49979,0.501219,1,3,0,0,76,1448,0.294724,1,0.4944,2,3,0,0,V1,1,0.385365,17444.38202,1,0,0,0.614635,1.614635,0,0,200
EDCF-Shield,v1b,FALCON1024+HMAC-SHA512+AES256GCM+DKG4of7,COMPROMISED_CTRL,90,33.58,90,CYCLE,180,0,1820,1100,0,0.623288,0.084772,0,0,0,100,50.14,62.33,0.499793,0.501221,1,3,0,0,76,1448,0.293673,1,0.4944,2,3,0,0,V1,1,0.385266,17451.66667,1,0,0,0.614734,1.614734,0,0,200
EDCF-Shield,v1b,FALCON1024+HMAC-SHA512+AES256GCM+DKG4of7,COMPROMISED_CTRL,90,33.58,90,CUMULATIVE,180,8916,157834,90084,131,0.648921,0.235618,0.165039,0.090061,0.98552,99.92,50.82,61.47,0.499793,0.501221,1,3,0,0,76,1448,0.293673,1,0.4944,2,3,0,0,V1,1,0.385266,17451.66667,1,0,0,0.614734,1.614734,0,0,200
EDCF-Shield,v1b,FALCON1024+HMAC-SHA512+AES256GCM+DKG4of7,COMPROMISED_CTRL,90,33.58,91,CYCLE,182,0,1820,1100,0,0.623288,0.083841,0,0,0,100,50.14,62.33,0.499795,0.501223,1,3,0,0,76,1448,0.292637,1,0.4945,2,3,0,0,V1,1,0.38517,17458.79121,1,0,0,0.61483,1.61483,0,0,200
EDCF-Shield,v1b,FALCON1024+HMAC-SHA512+AES256GCM+DKG4of7,COMPROMISED_CTRL,90,33.58,91,CUMULATIVE,182,8916,159654,91184,131,0.648633,0.234291,0.163376,0.089071,0.98552,99.92,50.81,61.48,0.499795,0.501223,1,3,0,0,76,1448,0.292637,1,0.4945,2,3,0,0,V1,1,0.38517,17458.79121,1,0,0,0.61483,1.61483,0,0,200
EDCF-Shield,v1b,FALCON1024+HMAC-SHA512+AES256GCM+DKG4of7,COMPROMISED_CTRL,90,33.58,92,CYCLE,184,0,1820,1100,0,0.623288,0.08293,0,0,0,100,50.14,62.33,0.499797,0.501225,1,3,0,0,76,1448,0.291613,1,0.4946,2,3,0,0,V1,1,0.385076,17465.76087,1,0,0,0.614924,1.614924,0,0,200
EDCF-Shield,v1b,FALCON1024+HMAC-SHA512+AES256GCM+DKG4of7,COMPROMISED_CTRL,90,33.58,92,CUMULATIVE,184,8916,161474,92284,131,0.648351,0.232986,0.161746,0.088103,0.98552,99.92,50.81,61.49,0.499797,0.501225,1,3,0,0,76,1448,0.291613,1,0.4946,2,3,0,0,V1,1,0.385076,17465.76087,1,0,0,0.614924,1.614924,0,0,200
EDCF-Shield,v1b,FALCON1024+HMAC-SHA512+AES256GCM+DKG4of7,COMPROMISED_CTRL,90,33.58,93,CYCLE,186,0,1820,1100,0,0.623288,0.082038,0,0,0,100,50.14,62.33,0.4998,0.501226,1,3,0,0,76,1448,0.290602,1,0.4946,2,3,0,0,V1,1,0.384984,17472.58065,1,0,0,0.615016,1.615016,0,0,200
EDCF-Shield,v1b,FALCON1024+HMAC-SHA512+AES256GCM+DKG4of7,COMPROMISED_CTRL,90,33.58,93,CUMULATIVE,186,8916,163294,93384,131,0.648076,0.231703,0.160148,0.087155,0.98552,99.92,50.8,61.5,0.4998,0.501226,1,3,0,0,76,1448,0.290602,1,0.4946,2,3,0,0,V1,1,0.384984,17472.58065,1,0,0,0.615016,1.615016,0,0,200
EDCF-Shield,v1b,FALCON1024+HMAC-SHA512+AES256GCM+DKG4of7,COMPROMISED_CTRL,90,33.58,94,CYCLE,188,0,1820,1100,0,0.623288,0.081165,0,0,0,100,50.14,62.33,0.499802,0.501228,1,3,0,0,76,1448,0.289604,1,0.4947,2,3,0,0,V1,1,0.384895,17479.25532,1,0,0,0.615105,1.615105,0,0,200
EDCF-Shield,v1b,FALCON1024+HMAC-SHA512+AES256GCM+DKG4of7,COMPROMISED_CTRL,90,33.58,94,CUMULATIVE,188,8916,165114,94484,131,0.647807,0.230441,0.158581,0.086228,0.98552,99.92,50.79,61.51,0.499802,0.501228,1,3,0,0,76,1448,0.289604,1,0.4947,2,3,0,0,V1,1,0.384895,17479.25532,1,0,0,0.615105,1.615105,0,0,200
EDCF-Shield,v1b,FALCON1024+HMAC-SHA512+AES256GCM+DKG4of7,COMPROMISED_CTRL,90,33.58,95,CYCLE,190,0,1820,1100,0,0.623288,0.080311,0,0,0,100,50.14,62.33,0.499804,0.50123,1,3,0,0,76,1448,0.288618,1,0.4947,2,3,0,0,V1,1,0.384807,17485.78947,1,0,0,0.615193,1.615193,0,0,200
EDCF-Shield,v1b,FALCON1024+HMAC-SHA512+AES256GCM+DKG4of7,COMPROMISED_CTRL,90,33.58,95,CUMULATIVE,190,8916,166934,95584,131,0.647543,0.229199,0.157045,0.085321,0.98552,99.92,50.78,61.52,0.499804,0.50123,1,3,0,0,76,1448,0.288618,1,0.4947,2,3,0,0,V1,1,0.384807,17485.78947,1,0,0,0.615193,1.615193,0,0,200
EDCF-Shield,v1b,FALCON1024+HMAC-SHA512+AES256GCM+DKG4of7,COMPROMISED_CTRL,90,33.58,96,CYCLE,192,0,1820,1100,0,0.623288,0.079475,0,0,0,100,50.14,62.33,0.499806,0.501231,1,3,0,0,76,1448,0.287644,1,0.4948,2,3,0,0,V1,1,0.38472,17492.1875,1,0,0,0.61528,1.61528,0,0,200
EDCF-Shield,v1b,FALCON1024+HMAC-SHA512+AES256GCM+DKG4of7,COMPROMISED_CTRL,90,33.58,96,CUMULATIVE,192,8916,168754,96684,131,0.647285,0.227977,0.155538,0.084432,0.98552,99.92,50.78,61.53,0.499806,0.501231,1,3,0,0,76,1448,0.287644,1,0.4948,2,3,0,0,V1,1,0.38472,17492.1875,1,0,0,0.61528,1.61528,0,0,200
EDCF-Shield,v1b,FALCON1024+HMAC-SHA512+AES256GCM+DKG4of7,COMPROMISED_CTRL,90,33.58,97,CYCLE,194,0,1820,1100,0,0.623288,0.078655,0,0,0,100,50.14,62.33,0.499808,0.501233,1,3,0,0,76,1448,0.286682,1,0.4948,2,3,0,0,V1,1,0.384636,17498.45361,1,0,0,0.615364,1.615364,0,0,200
EDCF-Shield,v1b,FALCON1024+HMAC-SHA512+AES256GCM+DKG4of7,COMPROMISED_CTRL,90,33.58,97,CUMULATIVE,194,8916,170574,97784,131,0.647032,0.226775,0.15406,0.083561,0.98552,99.92,50.77,61.54,0.499808,0.501233,1,3,0,0,76,1448,0.286682,1,0.4948,2,3,0,0,V1,1,0.384636,17498.45361,1,0,0,0.615364,1.615364,0,0,200
EDCF-Shield,v1b,FALCON1024+HMAC-SHA512+AES256GCM+DKG4of7,COMPROMISED_CTRL,90,33.58,98,CYCLE,196,0,1820,1100,0,0.623288,0.077853,0,0,0,100,50.14,62.33,0.49981,0.501234,1,3,0,0,76,1448,0.285731,1,0.4949,2,3,0,0,V1,1,0.384554,17504.59184,1,0,0,0.615446,1.615446,0,0,200
EDCF-Shield,v1b,FALCON1024+HMAC-SHA512+AES256GCM+DKG4of7,COMPROMISED_CTRL,90,33.58,98,CUMULATIVE,196,8916,172394,98884,131,0.646785,0.225591,0.15261,0.082709,0.98552,99.92,50.76,61.54,0.49981,0.501234,1,3,0,0,76,1448,0.285731,1,0.4949,2,3,0,0,V1,1,0.384554,17504.59184,1,0,0,0.615446,1.615446,0,0,200
EDCF-Shield,v1b,FALCON1024+HMAC-SHA512+AES256GCM+DKG4of7,COMPROMISED_CTRL,90,33.58,99,CYCLE,198,0,1820,1100,0,0.623288,0.077066,0,0,0,100,50.14,62.33,0.499812,0.501236,1,3,0,0,76,1448,0.284791,1,0.4949,2,3,0,0,V1,1,0.384473,17510.60606,1,0,0,0.615527,1.615527,0,0,200
EDCF-Shield,v1b,FALCON1024+HMAC-SHA512+AES256GCM+DKG4of7,COMPROMISED_CTRL,90,33.58,99,CUMULATIVE,198,8916,174214,99984,131,0.646543,0.224426,0.151187,0.081873,0.98552,99.92,50.76,61.55,0.499812,0.501236,1,3,0,0,76,1448,0.284791,1,0.4949,2,3,0,0,V1,1,0.384473,17510.60606,1,0,0,0.615527,1.615527,0,0,200
EDCF-Shield,v1b,FALCON1024+HMAC-SHA512+AES256GCM+DKG4of7,COMPROMISED_CTRL,90,33.58,100,CYCLE,200,0,1820,1100,0,0.623288,0.076296,0,0,0,100,50.14,62.33,0.499814,0.501237,1,3,0,0,76,1448,0.283862,1,0.495,2,3,0,0,V1,1,0.384394,17516.5,1,0,0,0.615606,1.615606,0,0,200
EDCF-Shield,v1b,FALCON1024+HMAC-SHA512+AES256GCM+DKG4of7,COMPROMISED_CTRL,90,33.58,100,CUMULATIVE,200,8916,176034,101084,131,0.646305,0.223278,0.14979,0.081055,0.98552,99.93,50.75,61.56,0.499814,0.501237,1,3,0,0,76,1448,0.283862,1,0.495,2,3,0,0,V1,1,0.384394,17516.5,1,0,0,0.615606,1.615606,0,0,200
EDCF-Shield,v1b,FALCON1024+HMAC-SHA512+AES256GCM+DKG4of7,COMPROMISED_CTRL,90,33.58,101,CYCLE,202,0,1820,1100,0,0.623288,0.07554,0,0,0,100,50.14,62.33,0.499816,0.501239,1,3,0,0,76,1448,0.282944,1,0.495,2,3,0,0,V1,1,0.384316,17522.27723,1,0,0,0.615684,1.615684,0,0,200
EDCF-Shield,v1b,FALCON1024+HMAC-SHA512+AES256GCM+DKG4of7,COMPROMISED_CTRL,90,33.58,101,CUMULATIVE,202,8916,177854,102184,131,0.646073,0.222148,0.148418,0.080252,0.98552,99.93,50.75,61.57,0.499816,0.501239,1,3,0,0,76,1448,0.282944,1,0.495,2,3,0,0,V1,1,0.384316,17522.27723,1,0,0,0.615684,1.615684,0,0,200
EDCF-Shield,v1b,FALCON1024+HMAC-SHA512+AES256GCM+DKG4of7,COMPROMISED_CTRL,90,33.58,102,CYCLE,204,0,1820,1100,0,0.623288,0.0748,0,0,0,100,50.14,62.33,0.499818,0.50124,1,3,0,0,76,1448,0.282037,1,0.4951,2,3,0,0,V1,1,0.38424,17527.94118,1,0,0,0.61576,1.61576,0,0,200
EDCF-Shield,v1b,FALCON1024+HMAC-SHA512+AES256GCM+DKG4of7,COMPROMISED_CTRL,90,33.58,102,CUMULATIVE,204,8916,179674,103284,131,0.645845,0.221035,0.147072,0.079465,0.98552,99.93,50.74,61.58,0.499818,0.50124,1,3,0,0,76,1448,0.282037,1,0.4951,2,3,0,0,V1,1,0.38424,17527.94118,1,0,0,0.61576,1.61576,0,0,200
EDCF-Shield,v1b,FALCON1024+HMAC-SHA512+AES256GCM+DKG4of7,COMPROMISED_CTRL,90,33.58,103,CYCLE,206,0,1820,1100,0,0.623288,0.074074,0,0,0,100,50.14,62.33,0.49982,0.501241,1,3,0,0,76,1448,0.28114,1,0.4951,2,3,0,0,V1,1,0.384165,17533.49515,1,0,0,0.615835,1.615835,0,0,200
EDCF-Shield,v1b,FALCON1024+HMAC-SHA512+AES256GCM+DKG4of7,COMPROMISED_CTRL,90,33.58,103,CUMULATIVE,206,8916,181494,104384,131,0.645622,0.219939,0.145749,0.078694,0.98552,99.93,50.73,61.58,0.49982,0.501241,1,3,0,0,76,1448,0.28114,1,0.4951,2,3,0,0,V1,1,0.384165,17533.49515,1,0,0,0.615835,1.615835,0,0,200
EDCF-Shield,v1b,FALCON1024+HMAC-SHA512+AES256GCM+DKG4of7,COMPROMISED_CTRL,90,33.58,104,CYCLE,208,0,1820,1100,0,0.623288,0.073362,0,0,0,100,50.14,62.33,0.499821,0.501243,1,3,0,0,76,1448,0.280253,1,0.4952,2,3,0,0,V1,1,0.384092,17538.94231,1,0,0,0.615908,1.615908,0,0,200
EDCF-Shield,v1b,FALCON1024+HMAC-SHA512+AES256GCM+DKG4of7,COMPROMISED_CTRL,90,33.58,104,CUMULATIVE,208,8916,183314,105484,131,0.645403,0.218858,0.144451,0.077937,0.98552,99.93,50.73,61.59,0.499821,0.501243,1,3,0,0,76,1448,0.280253,1,0.4952,2,3,0,0,V1,1,0.384092,17538.94231,1,0,0,0.615908,1.615908,0,0,200
EDCF-Shield,v1b,FALCON1024+HMAC-SHA512+AES256GCM+DKG4of7,COMPROMISED_CTRL,90,33.58,105,CYCLE,210,0,1820,1100,0,0.623288,0.072663,0,0,0,100,50.14,62.33,0.499823,0.501244,1,3,0,0,76,1448,0.279376,1,0.4952,2,3,0,0,V1,1,0.384021,17544.28571,1,0,0,0.615979,1.615979,0,0,200
EDCF-Shield,v1b,FALCON1024+HMAC-SHA512+AES256GCM+DKG4of7,COMPROMISED_CTRL,90,33.58,105,CUMULATIVE,210,8916,185134,106584,131,0.645188,0.217794,0.143175,0.077195,0.98552,99.93,50.72,61.6,0.499823,0.501244,1,3,0,0,76,1448,0.279376,1,0.4952,2,3,0,0,V1,1,0.384021,17544.28571,1,0,0,0.615979,1.615979,0,0,200
EDCF-Shield,v1b,FALCON1024+HMAC-SHA512+AES256GCM+DKG4of7,COMPROMISED_CTRL,90,33.58,106,CYCLE,212,0,1820,1100,0,0.623288,0.071978,0,0,0,100,50.14,62.33,0.499825,0.501245,1,3,0,0,76,1448,0.278508,1,0.4953,2,3,0,0,V1,1,0.38395,17549.5283,1,0,0,0.61605,1.61605,0,0,200
EDCF-Shield,v1b,FALCON1024+HMAC-SHA512+AES256GCM+DKG4of7,COMPROMISED_CTRL,90,33.58,106,CUMULATIVE,212,8916,186954,107684,131,0.644978,0.216745,0.141921,0.076467,0.98552,99.93,50.72,61.6,0.499825,0.501245,1,3,0,0,76,1448,0.278508,1,0.4953,2,3,0,0,V1,1,0.38395,17549.5283,1,0,0,0.61605,1.61605,0,0,200
EDCF-Shield,v1b,FALCON1024+HMAC-SHA512+AES256GCM+DKG4of7,COMPROMISED_CTRL,90,33.58,107,CYCLE,214,0,1820,1100,0,0.623288,0.071305,0,0,0,100,50.14,62.33,0.499827,0.501247,1,3,0,0,76,1448,0.277651,1,0.4953,2,3,0,0,V1,1,0.383882,17554.6729,1,0,0,0.616118,1.616118,0,0,200
EDCF-Shield,v1b,FALCON1024+HMAC-SHA512+AES256GCM+DKG4of7,COMPROMISED_CTRL,90,33.58,107,CUMULATIVE,214,8916,188774,108784,131,0.644771,0.215711,0.14069,0.075752,0.98552,99.93,50.71,61.61,0.499827,0.501247,1,3,0,0,76,1448,0.277651,1,0.4953,2,3,0,0,V1,1,0.383882,17554.6729,1,0,0,0.616118,1.616118,0,0,200
EDCF-Shield,v1b,FALCON1024+HMAC-SHA512+AES256GCM+DKG4of7,COMPROMISED_CTRL,90,33.58,108,CYCLE,216,0,1820,1100,0,0.623288,0.070645,0,0,0,100,50.14,62.33,0.499828,0.501248,1,3,0,0,76,1448,0.276802,1,0.4954,2,3,0,0,V1,1,0.383814,17559.72222,1,0,0,0.616186,1.616186,0,0,200
EDCF-Shield,v1b,FALCON1024+HMAC-SHA512+AES256GCM+DKG4of7,COMPROMISED_CTRL,90,33.58,108,CUMULATIVE,216,8916,190594,109884,131,0.644568,0.214691,0.139479,0.075051,0.98552,99.93,50.71,61.62,0.499828,0.501248,1,3,0,0,76,1448,0.276802,1,0.4954,2,3,0,0,V1,1,0.383814,17559.72222,1,0,0,0.616186,1.616186,0,0,200
EDCF-Shield,v1b,FALCON1024+HMAC-SHA512+AES256GCM+DKG4of7,COMPROMISED_CTRL,90,33.58,109,CYCLE,218,0,1820,1100,0,0.623288,0.069997,0,0,0,100,50.14,62.33,0.49983,0.501249,1,3,0,0,76,1448,0.275963,1,0.4954,2,3,0,0,V1,1,0.383748,17564.6789,1,0,0,0.616252,1.616252,0,0,200
EDCF-Shield,v1b,FALCON1024+HMAC-SHA512+AES256GCM+DKG4of7,COMPROMISED_CTRL,90,33.58,109,CUMULATIVE,218,8916,192414,110984,131,0.644369,0.213686,0.138289,0.074362,0.98552,99.93,50.7,61.63,0.49983,0.501249,1,3,0,0,76,1448,0.275963,1,0.4954,2,3,0,0,V1,1,0.383748,17564.6789,1,0,0,0.616252,1.616252,0,0,200
EDCF-Shield,v1b,FALCON1024+HMAC-SHA512+AES256GCM+DKG4of7,COMPROMISED_CTRL,90,33.58,110,CYCLE,219.5,0,1001,660,0,0.602649,0.06936,0,0,0,100,51.79,60.26,0.499831,0.501252,1,3,0,0,76,1448,0.275132,1,0.4966,2,3,0,0,V1,1,0.383819,17535.17084,1,0,0,0.616181,1.616181,0,0,200
EDCF-Shield,v1b,FALCON1024+HMAC-SHA512+AES256GCM+DKG4of7,COMPROMISED_CTRL,90,33.58,110,CUMULATIVE,219.5,8916,193415,111644,131,0.644149,0.21307,0.137585,0.073955,0.98552,99.93,50.71,61.62,0.499831,0.501252,1,3,0,0,76,1448,0.275132,1,0.4966,2,3,0,0,V1,1,0.383819,17535.17084,1,0,0,0.616181,1.616181,0,0,200
EDCF-Shield,v1b,FALCON1024+HMAC-SHA512+AES256GCM+DKG4of7,COMPROMISED_CTRL,150,55.97,1,CYCLE,2,500,0,0,0,1,0.5,1,1,1,0,100,0,0,0,1,0,0,0,76,1448,0,1,0,0,0,0,0,V1,0,1,-100,1,0,0,0,0,0,0,200
EDCF-Shield,v1b,FALCON1024+HMAC-SHA512+AES256GCM+DKG4of7,COMPROMISED_CTRL,150,55.97,1,CUMULATIVE,2,500,0,0,0,1,0.5,1,1,1,0,100,0,0,0,1,0,0,0,76,1448,0,1,0,0,0,0,0,V1,0,1,-100,1,0,0,0,0,0,0,200
EDCF-Shield,v1b,FALCON1024+HMAC-SHA512+AES256GCM+DKG4of7,COMPROMISED_CTRL,150,55.97,2,CYCLE,4,500,210,0,10,0.986111,0.733691,0.990099,1,0.980392,95.45,75.56,30.56,0.488372,0.512195,1,3,0,0,76,1448,0.5,1,0.25,2,3,0,0,V1,1,0.819672,1000,1,0,0,0.180328,0.180328,0,0,200
EDCF-Shield,v1b,FALCON1024+HMAC-SHA512+AES256GCM+DKG4of7,COMPROMISED_CTRL,150,55.97,2,CUMULATIVE,4,1000,210,0,10,0.991803,0.97216,0.995025,1,0.990099,95.45,85.57,18.03,0.488372,0.512195,1,3,0,0,76,1448,0.5,1,0.25,2,3,0,0,V1,1,0.819672,1000,1,0,0,0.180328,0.180328,0,0,200
EDCF-Shield,v1b,FALCON1024+HMAC-SHA512+AES256GCM+DKG4of7,COMPROMISED_CTRL,150,55.97,3,CYCLE,6,500,610,0,20,0.982301,0.810758,0.980392,1,0.961538,96.83,55.4,55.75,0.491018,0.5,1,3,0,0,76,1448,0,1,0.3333,2,3,0,0,V1,1,0.638298,2733.333333,1,0,0,0.361702,1.361702,0,0,200
EDCF-Shield,v1b,FALCON1024+HMAC-SHA512+AES256GCM+DKG4of7,COMPROMISED_CTRL,150,55.97,3,CUMULATIVE,6,1500,820,0,30,0.987234,0.972517,0.990099,1,0.980392,96.47,71.06,36.17,0.491018,0.5,1,3,0,0,76,1448,0,1,0.3333,2,3,0,0,V1,1,0.638298,2733.333333,1,0,0,0.361702,1.361702,0,0,200
EDCF-Shield,v1b,FALCON1024+HMAC-SHA512+AES256GCM+DKG4of7,COMPROMISED_CTRL,150,55.97,4,CYCLE,8,500,1010,0,20,0.986928,0.850822,0.980392,1,0.961538,98.06,46.14,67.32,0.493261,0.498638,1,3,0,0,76,1448,0,1,0.375,2,3,0,0,V1,1,0.515464,4600,1,0,0,0.484536,1.484536,0,0,200
EDCF-Shield,v1b,FALCON1024+HMAC-SHA512+AES256GCM+DKG4of7,COMPROMISED_CTRL,150,55.97,4,CUMULATIVE,8,2000,1830,0,50,0.987113,0.974506,0.987654,1,0.97561,97.34,61.24,48.45,0.493261,0.498638,1,3,0,0,76,1448,0,1,0.375,2,3,0,0,V1,1,0.515464,4600,1,0,0,0.484536,1.484536,0,0,200
EDCF-Shield,v1b,FALCON1024+HMAC-SHA512+AES256GCM+DKG4of7,COMPROMISED_CTRL,150,55.97,5,CYCLE,10,80,1428,420,2,0.781347,0.749559,0.274914,0.16,0.97561,99.86,40.73,74.09,0.496041,0.499847,1,3,0,0,76,1448,0.974506,1,0.4,2,3,0,0,V1,1,0.430293,6520,1,0,0,0.569707,1.569707,0,0,200
EDCF-Shield,v1b,FALCON1024+HMAC-SHA512+AES256GCM+DKG4of7,COMPROMISED_CTRL,150,55.97,5,CUMULATIVE,10,2080,3258,420,52,0.918761,0.83855,0.8981,0.832,0.97561,98.43,54.42,56.97,0.496041,0.499847,1,3,0,0,76,1448,0.974506,1,0.4,2,3,0,0,V1,1,0.430293,6520,1,0,0,0.569707,1.569707,0,0,200
EDCF-Shield,v1b,FALCON1024+HMAC-SHA512+AES256GCM+DKG4of7,COMPROMISED_CTRL,150,55.97,6,CYCLE,12,0,1830,500,0,0.785408,0.624636,0,0,0,100,37.17,78.54,0.497458,0.500393,1,3,0,0,76,1448,0,1,0.4167,2,3,0,0,V1,1,0.36855,8466.666667,1,0,0,0.63145,1.63145,0,0,200
EDCF-Shield,v1b,FALCON1024+HMAC-SHA512+AES256GCM+DKG4of7,COMPROMISED_CTRL,150,55.97,6,CUMULATIVE,12,2080,5088,920,52,0.88059,0.749622,0.8106,0.693333,0.97561,98.99,49.48,63.14,0.497458,0.500393,1,3,0,0,76,1448,0,1,0.4167,2,3,0,0,V1,1,0.36855,8466.666667,1,0,0,0.63145,1.63145,0,0,200
EDCF-Shield,v1b,FALCON1024+HMAC-SHA512+AES256GCM+DKG4of7,COMPROMISED_CTRL,150,55.97,7,CYCLE,14,0,2230,500,0,0.81685,0.535406,0,0,0,100,34.65,81.68,0.49823,0.500616,1,3,0,0,76,1448,0.749622,1,0.4286,2,3,0,0,V1,1,0.321987,10428.57143,1,0,0,0.678013,1.678013,0,0,200
EDCF-Shield,v1b,FALCON1024+HMAC-SHA512+AES256GCM+DKG4of7,COMPROMISED_CTRL,150,55.97,7,CUMULATIVE,14,2080,7318,1420,52,0.864581,0.690997,0.738636,0.594286,0.97561,99.29,45.76,67.8,0.49823,0.500616,1,3,0,0,76,1448,0.749622,1,0.4286,2,3,0,0,V1,1,0.321987,10428.57143,1,0,0,0.678013,1.678013,0,0,200
EDCF-Shield,v1b,FALCON1024+HMAC-SHA512+AES256GCM+DKG4of7,COMPROMISED_CTRL,150,55.97,8,CYCLE,16,0,2630,500,0,0.840256,0.468483,0,0,0,100,32.78,84.03,0.498697,0.500705,1,3,0,0,76,1448,0.720309,1,0.4375,2,3,0,0,V1,1,0.285714,12400,1,0,0,0.714286,1.714286,0,0,200
EDCF-Shield,v1b,FALCON1024+HMAC-SHA512+AES256GCM+DKG4of7,COMPROMISED_CTRL,150,55.97,8,CUMULATIVE,16,2080,9948,1920,52,0.859143,0.647271,0.678408,0.52,0.97561,99.48,42.86,71.43,0.498697,0.500705,1,3,0,0,76,1448,0.720309,1,0.4375,2,3,0,0,V1,1,0.285714,12400,1,0,0,0.714286,1.714286,0,0,200
EDCF-Shield,v1b,FALCON1024+HMAC-SHA512+AES256GCM+DKG4of7,COMPROMISED_CTRL,150,55.97,9,CYCLE,18,0,2975,500,0,0.856115,0.416432,0,0,0,100,31.51,85.61,0.498996,0.500736,1,3,0,0,76,1448,0.695963,1,0.4444,2,3,0,0,V1,1,0.257511,14316.66667,1,0,0,0.742489,1.742489,0,0,200
EDCF-Shield,v1b,FALCON1024+HMAC-SHA512+AES256GCM+DKG4of7,COMPROMISED_CTRL,150,55.97,9,CUMULATIVE,18,2080,12923,2420,52,0.858541,0.612181,0.627262,0.462222,0.97561,99.6,40.6,74.25,0.498996,0.500736,1,3,0,0,76,1448,0.695963,1,0.4444,2,3,0,0,V1,1,0.257511,14316.66667,1,0,0,0.742489,1.742489,0,0,200
EDCF-Shield,v1b,FALCON1024+HMAC-SHA512+AES256GCM+DKG4of7,COMPROMISED_CTRL,150,55.97,10,CYCLE,20,0,3020,500,0,0.857955,0.374791,0,0,0,100,31.36,85.8,0.499186,0.500754,1,3,0,0,76,1448,0.675018,1,0.45,2,3,0,0,V1,1,0.238152,15895,1,0,0,0.761848,1.761848,0,0,200
EDCF-Shield,v1b,FALCON1024+HMAC-SHA512+AES256GCM+DKG4of7,COMPROMISED_CTRL,150,55.97,10,CUMULATIVE,20,2080,15943,2920,52,0.858442,0.582055,0.583287,0.416,0.97561,99.67,39.05,76.18,0.499186,0.500754,1,3,0,0,76,1448,0.675018,1,0.45,2,3,0,0,V1,1,0.238152,15895,1,0,0,0.761848,1.761848,0,0,200
EDCF-Shield,v1b,FALCON1024+HMAC-SHA512+AES256GCM+DKG4of7,COMPROMISED_CTRL,150,55.97,11,CYCLE,22,0,3020,500,0,0.857955,0.340721,0,0,0,100,31.36,85.8,0.499315,0.500766,1,3,0,0,76,1448,0.656425,1,0.4545,2,3,0,0,V1,1,0.224352,17186.36364,1,0,0,0.775648,1.775648,0,0,200
EDCF-Shield,v1b,FALCON1024+HMAC-SHA512+AES256GCM+DKG4of7,COMPROMISED_CTRL,150,55.97,11,CUMULATIVE,22,2080,18963,3420,52,0.858372,0.555809,0.545073,0.378182,0.97561,99.73,37.95,77.56,0.499315,0.500766,1,3,0,0,76,1448,0.656425,1,0.4545,2,3,0,0,V1,1,0.224352,17186.36364,1,0,0,0.775648,1.775648,0,0,200
EDCF-Shield,v1b,FALCON1024+HMAC-SHA512+AES256GCM+DKG4of7,COMPROMISED_CTRL,150,55.97,12,CYCLE,24,0,3020,500,0,0.857955,0.31233,0,0,0,100,31.36,85.8,0.499409,0.500775,1,3,0,0,76,1448,0.639656,1,0.4583,2,3,0,0,V1,1,0.214018,18262.5,1,0,0,0.785982,1.785982,0,0,200
EDCF-Shield,v1b,FALCON1024+HMAC-SHA512+AES256GCM+DKG4of7,COMPROMISED_CTRL,150,55.97,12,CUMULATIVE,24,2080,21983,3920,52,0.85832,0.532732,0.511559,0.346667,0.97561,99.76,37.12,78.6,0.499409,0.500775,1,3,0,0,76,1448,0.639656,1,0.4583,2,3,0,0,V1,1,0.214018,18262.5,1,0,0,0.785982,1.785982,0,0,200
EDCF-Shield,v1b,FALCON1024+HMAC-SHA512+AES256GCM+DKG4of7,COMPROMISED_CTRL,150,55.97,13,CYCLE,26,0,3020,500,0,0.857955,0.288307,0,0,0,100,31.36,85.8,0.499481,0.500781,1,3,0,0,76,1448,0.624381,1,0.4615,2,3,0,0,V1,1,0.20599,19173.07692,1,0,0,0.79401,1.79401,0,0,200
EDCF-Shield,v1b,FALCON1024+HMAC-SHA512+AES256GCM+DKG4of7,COMPROMISED_CTRL,150,55.97,13,CUMULATIVE,26,2080,25003,4420,52,0.858279,0.512261,0.481928,0.32,0.97561,99.79,36.48,79.4,0.499481,0.500781,1,3,0,0,76,1448,0.624381,1,0.4615,2,3,0,0,V1,1,0.20599,19173.07692,1,0,0,0.79401,1.79401,0,0,200
EDCF-Shield,v1b,FALCON1024+HMAC-SHA512+AES256GCM+DKG4of7,COMPROMISED_CTRL,150,55.97,14,CYCLE,28,0,3020,500,0,0.857955,0.267715,0,0,0,100,31.36,85.8,0.499537,0.500786,1,3,0,0,76,1448,0,1,0.4643,2,3,0,0,V1,1,0.199572,19953.57143,1,0,0,0.800428,1.800428,0,0,200
EDCF-Shield,v1b,FALCON1024+HMAC-SHA512+AES256GCM+DKG4of7,COMPROMISED_CTRL,150,55.97,14,CUMULATIVE,28,2080,28023,4920,52,0.858247,0.493951,0.455541,0.297143,0.97561,99.81,35.97,80.04,0.499537,0.500786,1,3,0,0,76,1448,0,1,0.4643,2,3,0,0,V1,1,0.199572,19953.57143,1,0,0,0.800428,1.800428,0,0,200
EDCF-Shield,v1b,FALCON1024+HMAC-SHA512+AES256GCM+DKG4of7,COMPROMISED_CTRL,150,55.97,15,CYCLE,30,0,3020,500,0,0.857955,0.249869,0,0,0,100,31.36,85.8,0.499582,0.50079,1,3,0,0,76,1448,0.493951,1,0.4667,2,3,0,0,V1,1,0.194326,20630,1,0,0,0.805674,1.805674,0,0,200
EDCF-Shield,v1b,FALCON1024+HMAC-SHA512+AES256GCM+DKG4of7,COMPROMISED_CTRL,150,55.97,15,CUMULATIVE,30,2080,31043,5420,52,0.85822,0.477454,0.431894,0.277333,0.97561,99.83,35.55,80.57,0.499582,0.50079,1,3,0,0,76,1448,0.493951,1,0.4667,2,3,0,0,V1,1,0.194326,20630,1,0,0,0.805674,1.805674,0,0,200
EDCF-Shield,v1b,FALCON1024+HMAC-SHA512+AES256GCM+DKG4of7,COMPROMISED_CTRL,150,55.97,16,CYCLE,32,0,3020,500,0,0.857955,0.234254,0,0,0,100,31.36,85.8,0.499619,0.500794,1,3,0,0,76,1448,0.485702,1,0.4688,2,3,0,0,V1,1,0.189956,21221.875,1,0,0,0.810044,1.810044,0,0,200
EDCF-Shield,v1b,FALCON1024+HMAC-SHA512+AES256GCM+DKG4of7,COMPROMISED_CTRL,150,55.97,16,CUMULATIVE,32,2080,34063,5920,52,0.858198,0.462494,0.41058,0.26,0.97561,99.85,35.2,81,0.499619,0.500794,1,3,0,0,76,1448,0.485702,1,0.4688,2,3,0,0,V1,1,0.189956,21221.875,1,0,0,0.810044,1.810044,0,0,200
EDCF-Shield,v1b,FALCON1024+HMAC-SHA512+AES256GCM+DKG4of7,COMPROMISED_CTRL,150,55.97,17,CYCLE,34,0,3020,500,0,0.857955,0.220475,0,0,0,100,31.36,85.8,0.49965,0.500797,1,3,0,0,76,1448,0.477966,1,0.4706,2,3,0,0,V1,1,0.186261,21744.11765,1,0,0,0.813739,1.813739,0,0,200
EDCF-Shield,v1b,FALCON1024+HMAC-SHA512+AES256GCM+DKG4of7,COMPROMISED_CTRL,150,55.97,17,CUMULATIVE,34,2080,37083,6420,52,0.858179,0.448849,0.391272,0.244706,0.97561,99.86,34.9,81.37,0.49965,0.500797,1,3,0,0,76,1448,0.477966,1,0.4706,2,3,0,0,V1,1,0.186261,21744.11765,1,0,0,0.813739,1.813739,0,0,200
EDCF-Shield,v1b,FALCON1024+HMAC-SHA512+AES256GCM+DKG4of7,COMPROMISED_CTRL,150,55.97,18,CYCLE,36,0,3020,500,0,0.857955,0.208228,0,0,0,100,31.36,85.8,0.499676,0.500799,1,3,0,0,76,1448,0.470687,1,0.4722,2,3,0,0,V1,1,0.183094,22208.33333,1,0,0,0.816906,1.816906,0,0,200
EDCF-Shield,v1b,FALCON1024+HMAC-SHA512+AES256GCM+DKG4of7,COMPROMISED_CTRL,150,55.97,18,CUMULATIVE,36,2080,40103,6920,52,0.858163,0.436338,0.373697,0.231111,0.97561,99.87,34.65,81.69,0.499676,0.500799,1,3,0,0,76,1448,0.470687,1,0.4722,2,3,0,0,V1,1,0.183094,22208.33333,1,0,0,0.816906,1.816906,0,0,200
EDCF-Shield,v1b,FALCON1024+HMAC-SHA512+AES256GCM+DKG4of7,COMPROMISED_CTRL,150,55.97,19,CYCLE,38,0,3020,500,0,0.857955,0.19727,0,0,0,100,31.36,85.8,0.499699,0.500801,1,3,0,0,76,1448,0.463817,1,0.4737,2,3,0,0,V1,1,0.180351,22623.68421,1,0,0,0.819649,1.819649,0,0,200
EDCF-Shield,v1b,FALCON1024+HMAC-SHA512+AES256GCM+DKG4of7,COMPROMISED_CTRL,150,55.97,19,CUMULATIVE,38,2080,43123,7420,52,0.858149,0.424813,0.357634,0.218947,0.97561,99.88,34.43,81.96,0.499699,0.500801,1,3,0,0,76,1448,0.463817,1,0.4737,2,3,0,0,V1,1,0.180351,22623.68421,1,0,0,0.819649,1.819649,0,0,200
EDCF-Shield,v1b,FALCON1024+HMAC-SHA512+AES256GCM+DKG4of7,COMPROMISED_CTRL,150,55.97,20,CYCLE,40,0,3020,500,0,0.857955,0.187408,0,0,0,100,31.36,85.8,0.499718,0.500803,1,3,0,0,76,1448,0.457316,1,0.475,2,3,0,0,V1,1,0.177952,22997.5,1,0,0,0.822048,1.822048,0,0,200
EDCF-Shield,v1b,FALCON1024+HMAC-SHA512+AES256GCM+DKG4of7,COMPROMISED_CTRL,150,55.97,20,CUMULATIVE,40,2080,46143,7920,52,0.858137,0.414153,0.342895,0.208,0.97561,99.89,34.24,82.2,0.499718,0.500803,1,3,0,0,76,1448,0.457316,1,0.475,2,3,0,0,V1,1,0.177952,22997.5,1,0,0,0.822048,1.822048,0,0,200
EDCF-Shield,v1b,FALCON1024+HMAC-SHA512+AES256GCM+DKG4of7,COMPROMISED_CTRL,150,55.97,21,CYCLE,42,0,3020,500,0,0.857955,0.178485,0,0,0,100,31.36,85.8,0.499736,0.500805,1,3,0,0,76,1448,0.45115,1,0.4762,2,3,0,0,V1,1,0.175835,23335.71429,1,0,0,0.824165,1.824165,0,0,200
EDCF-Shield,v1b,FALCON1024+HMAC-SHA512+AES256GCM+DKG4of7,COMPROMISED_CTRL,150,55.97,21,CUMULATIVE,42,2080,49163,8420,52,0.858126,0.404254,0.329322,0.198095,0.97561,99.89,34.07,82.42,0.499736,0.500805,1,3,0,0,76,1448,0.45115,1,0.4762,2,3,0,0,V1,1,0.175835,23335.71429,1,0,0,0.824165,1.824165,0,0,200
EDCF-Shield,v1b,FALCON1024+HMAC-SHA512+AES256GCM+DKG4of7,COMPROMISED_CTRL,150,55.97,22,CYCLE,44,0,3020,500,0,0.857955,0.170373,0,0,0,100,31.36,85.8,0.499751,0.500806,1,3,0,0,76,1448,0.445288,1,0.4773,2,3,0,0,V1,1,0.173954,23643.18182,1,0,0,0.826046,1.826046,0,0,200
EDCF-Shield,v1b,FALCON1024+HMAC-SHA512+AES256GCM+DKG4of7,COMPROMISED_CTRL,150,55.97,22,CUMULATIVE,44,2080,52183,8920,52,0.858117,0.39503,0.316783,0.189091,0.97561,99.9,33.92,82.6,0.499751,0.500806,1,3,0,0,76,1448,0.445288,1,0.4773,2,3,0,0,V1,1,0.173954,23643.18182,1,0,0,0.826046,1.826046,0,0,200
EDCF-Shield,v1b,FALCON1024+HMAC-SHA512+AES256GCM+DKG4of7,COMPROMISED_CTRL,150,55.97,23,CYCLE,46,0,3020,500,0,0.857955,0.162966,0,0,0,100,31.36,85.8,0.499765,0.500807,1,3,0,0,76,1448,0.439704,1,0.4783,2,3,0,0,V1,1,0.172272,23923.91304,1,0,0,0.827728,1.827728,0,0,200
EDCF-Shield,v1b,FALCON1024+HMAC-SHA512+AES256GCM+DKG4of7,COMPROMISED_CTRL,150,55.97,23,CUMULATIVE,46,2080,55203,9420,52,0.858108,0.386409,0.305164,0.18087,0.97561,99.91,33.78,82.77,0.499765,0.500807,1,3,0,0,76,1448,0.439704,1,0.4783,2,3,0,0,V1,1,0.172272,23923.91304,1,0,0,0.827728,1.827728,0,0,200
EDCF-Shield,v1b,FALCON1024+HMAC-SHA512+AES256GCM+DKG4of7,COMPROMISED_CTRL,150,55.97,24,CYCLE,48,0,3020,500,0,0.857955,0.156177,0,0,0,100,31.36,85.8,0.499777,0.500809,1,3,0,0,76,1448,0.434374,1,0.4792,2,3,0,0,V1,1,0.170758,24181.25,1,0,0,0.829242,1.829242,0,0,200
EDCF-Shield,v1b,FALCON1024+HMAC-SHA512+AES256GCM+DKG4of7,COMPROMISED_CTRL,150,55.97,24,CUMULATIVE,48,2080,58223,9920,52,0.8581,0.378328,0.294367,0.173333,0.97561,99.91,33.66,82.92,0.499777,0.500809,1,3,0,0,76,1448,0.434374,1,0.4792,2,3,0,0,V1,1,0.170758,24181.25,1,0,0,0.829242,1.829242,0,0,200
EDCF-Shield,v1b,FALCON1024+HMAC-SHA512+AES256GCM+DKG4of7,COMPROMISED_CTRL,150,55.97,25,CYCLE,50,0,3020,500,0,0.857955,0.149931,0,0,0,100,31.36,85.8,0.499788,0.50081,1,3,0,0,76,1448,0.429279,1,0.48,2,3,0,0,V1,1,0.169388,24418,1,0,0,0.830612,1.830612,0,0,200
EDCF-Shield,v1b,FALCON1024+HMAC-SHA512+AES256GCM+DKG4of7,COMPROMISED_CTRL,150,55.97,25,CUMULATIVE,50,2080,61243,10420,52,0.858093,0.370732,0.284308,0.1664,0.97561,99.92,33.55,83.06,0.499788,0.50081,1,3,0,0,76,1448,0.429279,1,0.48,2,3,0,0,V1,1,0.169388,24418,1,0,0,0.830612,1.830612,0,0,200
EDCF-Shield,v1b,FALCON1024+HMAC-SHA512+AES256GCM+DKG4of7,COMPROMISED_CTRL,150,55.97,26,CYCLE,52,0,3020,500,0,0.857955,0.144165,0,0,0,100,31.36,85.8,0.499798,0.50081,1,3,0,0,76,1448,0.4244,1,0.4808,2,3,0,0,V1,1,0.168143,24636.53846,1,0,0,0.831857,1.831857,0,0,200
EDCF-Shield,v1b,FALCON1024+HMAC-SHA512+AES256GCM+DKG4of7,COMPROMISED_CTRL,150,55.97,26,CUMULATIVE,52,2080,64263,10920,52,0.858087,0.363575,0.274914,0.16,0.97561,99.92,33.45,83.19,0.499798,0.50081,1,3,0,0,76,1448,0.4244,1,0.4808,2,3,0,0,V1,1,0.168143,24636.53846,1,0,0,0.831857,1.831857,0,0,200
EDCF-Shield,v1b,FALCON1024+HMAC-SHA512+AES256GCM+DKG4of7,COMPROMISED_CTRL,150,55.97,27,CYCLE,54,0,3020,500,0,0.857955,0.138827,0,0,0,100,31.36,85.8,0.499807,0.500811,1,3,0,0,76,1448,0.419721,1,0.4815,2,3,0,0,V1,1,0.167007,24838.88889,1,0,0,0.832993,1.832993,0,0,200
EDCF-Shield,v1b,FALCON1024+HMAC-SHA512+AES256GCM+DKG4of7,COMPROMISED_CTRL,150,55.97,27,CUMULATIVE,54,2080,67283,11420,52,0.858081,0.356817,0.266121,0.154074,0.97561,99.92,33.36,83.3,0.499807,0.500811,1,3,0,0,76,1448,0.419721,1,0.4815,2,3,0,0,V1,1,0.167007,24838.88889,1,0,0,0.832993,1.832993,0,0,200
EDCF-Shield,v1b,FALCON1024+HMAC-SHA512+AES256GCM+DKG4of7,COMPROMISED_CTRL,150,55.97,28,CYCLE,56,0,3020,500,0,0.857955,0.13387,0,0,0,100,31.36,85.8,0.499815,0.500812,1,3,0,0,76,1448,0.415228,1,0.4821,2,3,0,0,V1,1,0.165965,25026.78571,1,0,0,0.834035,1.834035,0,0,200
EDCF-Shield,v1b,FALCON1024+HMAC-SHA512+AES256GCM+DKG4of7,COMPROMISED_CTRL,150,55.97,28,CUMULATIVE,56,2080,70303,11920,52,0.858076,0.350421,0.257873,0.148571,0.97561,99.93,33.28,83.4,0.499815,0.500812,1,3,0,0,76,1448,0.415228,1,0.4821,2,3,0,0,V1,1,0.165965,25026.78571,1,0,0,0.834035,1.834035,0,0,200
EDCF-Shield,v1b,FALCON1024+HMAC-SHA512+AES256GCM+DKG4of7,COMPROMISED_CTRL,150,55.97,29,CYCLE,58,0,3020,500,0,0.857955,0.129254,0,0,0,100,31.36,85.8,0.499823,0.500813,1,3,0,0,76,1448,0.410908,1,0.4828,2,3,0,0,V1,1,0.165007,25201.72414,1,0,0,0.834993,1.834993,0,0,200
EDCF-Shield,v1b,FALCON1024+HMAC-SHA512+AES256GCM+DKG4of7,COMPROMISED_CTRL,150,55.97,29,CUMULATIVE,58,2080,73323,12420,52,0.858071,0.344358,0.25012,0.143448,0.97561,99.93,33.2,83.5,0.499823,0.500813,1,3,0,0,76,1448,0.410908,1,0.4828,2,3,0,0,V1,1,0.165007,25201.72414,1,0,0,0.834993,1.834993,0,0,200
EDCF-Shield,v1b,FALCON1024+HMAC-SHA512+AES256GCM+DKG4of7,COMPROMISED_CTRL,150,55.97,30,CYCLE,60,0,3020,500,0,0.857955,0.124947,0,0,0,100,31.36,85.8,0.49983,0.500813,1,3,0,0,76,1448,0.406748,1,0.4833,2,3,0,0,V1,1,0.164123,25365,1,0,0,0.835877,1.835877,0,0,200
EDCF-Shield,v1b,FALCON1024+HMAC-SHA512+AES256GCM+DKG4of7,COMPROMISED_CTRL,150,55.97,30,CUMULATIVE,60,2080,76343,12920,52,0.858067,0.338598,0.24282,0.138667,0.97561,99.93,33.13,83.59,0.49983,0.500813,1,3,0,0,76,1448,0.406748,1,0.4833,2,3,0,0,V1,1,0.164123,25365,1,0,0,0.835877,1.835877,0,0,200
EDCF-Shield,v1b,FALCON1024+HMAC-SHA512+AES256GCM+DKG4of7,COMPROMISED_CTRL,150,55.97,31,CYCLE,62,0,3020,500,0,0.857955,0.120917,0,0,0,100,31.36,85.8,0.499836,0.500814,1,3,0,0,76,1448,0.40274,1,0.4839,2,3,0,0,V1,1,0.163304,25517.74194,1,0,0,0.836696,1.836696,0,0,200
EDCF-Shield,v1b,FALCON1024+HMAC-SHA512+AES256GCM+DKG4of7,COMPROMISED_CTRL,150,55.97,31,CUMULATIVE,62,2080,79363,13420,52,0.858062,0.333117,0.235935,0.134194,0.97561,99.93,33.06,83.67,0.499836,0.500814,1,3,0,0,76,1448,0.40274,1,0.4839,2,3,0,0,V1,1,0.163304,25517.74194,1,0,0,0.836696,1.836696,0,0,200
EDCF-Shield,v1b,FALCON1024+HMAC-SHA512+AES256GCM+DKG4of7,COMPROMISED_CTRL,150,55.97,32,CYCLE,64,0,3020,500,0,0.857955,0.117139,0,0,0,100,31.36,85.8,0.499842,0.500815,1,3,0,0,76,1448,0.398872,1,0.4844,2,3,0,0,V1,1,0.162544,25660.9375,1,0,0,0.837456,1.837456,0,0,200
EDCF-Shield,v1b,FALCON1024+HMAC-SHA512+AES256GCM+DKG4of7,COMPROMISED_CTRL,150,55.97,32,CUMULATIVE,64,2080,82383,13920,52,0.858059,0.327894,0.229429,0.13,0.97561,99.94,33,83.75,0.499842,0.500815,1,3,0,0,76,1448,0.398872,1,0.4844,2,3,0,0,V1,1,0.162544,25660.9375,1,0,0,0.837456,1.837456,0,0,200
EDCF-Shield,v1b,FALCON1024+HMAC-SHA512+AES256GCM+DKG4of7,COMPROMISED_CTRL,150,55.97,33,CYCLE,66,0,3020,500,0,0.857955,0.11359,0,0,0,100,31.36,85.8,0.499848,0.500815,1,3,0,0,76,1448,0.395136,1,0.4848,2,3,0,0,V1,1,0.161836,25795.45455,1,0,0,0.838164,1.838164,0,0,200
EDCF-Shield,v1b,FALCON1024+HMAC-SHA512+AES256GCM+DKG4of7,COMPROMISED_CTRL,150,55.97,33,CUMULATIVE,66,2080,85403,14420,52,0.858055,0.322909,0.223272,0.126061,0.97561,99.94,32.95,83.82,0.499848,0.500815,1,3,0,0,76,1448,0.395136,1,0.4848,2,3,0,0,V1,1,0.161836,25795.45455,1,0,0,0.838164,1.838164,0,0,200
EDCF-Shield,v1b,FALCON1024+HMAC-SHA512+AES256GCM+DKG4of7,COMPROMISED_CTRL,150,55.97,34,CYCLE,68,0,3020,500,0,0.857955,0.11025,0,0,0,100,31.36,85.8,0.499853,0.500816,1,3,0,0,76,1448,0.391525,1,0.4853,2,3,0,0,V1,1,0.161176,25922.05882,1,0,0,0.838824,1.838824,0,0,200
EDCF-Shield,v1b,FALCON1024+HMAC-SHA512+AES256GCM+DKG4of7,COMPROMISED_CTRL,150,55.97,34,CUMULATIVE,68,2080,88423,14920,52,0.858052,0.318144,0.217437,0.122353,0.97561,99.94,32.89,83.88,0.499853,0.500816,1,3,0,0,76,1448,0.391525,1,0.4853,2,3,0,0,V1,1,0.161176,25922.05882,1,0,0,0.838824,1.838824,0,0,200
EDCF-Shield,v1b,FALCON1024+HMAC-SHA512+AES256GCM+DKG4of7,COMPROMISED_CTRL,150,55.97,35,CYCLE,70,0,3020,500,0,0.857955,0.107101,0,0,0,100,31.36,85.8,0.499858,0.500816,1,3,0,0,76,1448,0.38803,1,0.4857,2,3,0,0,V1,1,0.160558,26041.42857,1,0,0,0.839442,1.839442,0,0,200
EDCF-Shield,v1b,FALCON1024+HMAC-SHA512+AES256GCM+DKG4of7,COMPROMISED_CTRL,150,55.97,35,CUMULATIVE,70,2080,91443,15420,52,0.858049,0.313584,0.211899,0.118857,0.97561,99.94,32.84,83.94,0.499858,0.500816,1,3,0,0,76,1448,0.38803,1,0.4857,2,3,0,0,V1,1,0.160558,26041.42857,1,0,0,0.839442,1.839442,0,0,200
EDCF-Shield,v1b,FALCON1024+HMAC-SHA512+AES256GCM+DKG4of7,COMPROMISED_CTRL,150,55.97,36,CYCLE,72,0,3020,500,0,0.857955,0.104126,0,0,0,100,31.36,85.8,0.499862,0.500816,1,3,0,0,76,1448,0.384646,1,0.4861,2,3,0,0,V1,1,0.159979,26154.16667,1,0,0,0.840021,1.840021,0,0,200
EDCF-Shield,v1b,FALCON1024+HMAC-SHA512+AES256GCM+DKG4of7,COMPROMISED_CTRL,150,55.97,36,CUMULATIVE,72,2080,94463,15920,52,0.858046,0.309215,0.206636,0.115556,0.97561,99.94,32.8,84,0.499862,0.500816,1,3,0,0,76,1448,0.384646,1,0.4861,2,3,0,0,V1,1,0.159979,26154.16667,1,0,0,0.840021,1.840021,0,0,200
EDCF-Shield,v1b,FALCON1024+HMAC-SHA512+AES256GCM+DKG4of7,COMPROMISED_CTRL,150,55.97,37,CYCLE,74,0,3020,500,0,0.857955,0.101313,0,0,0,100,31.36,85.8,0.499867,0.500817,1,3,0,0,76,1448,0.381367,1,0.4865,2,3,0,0,V1,1,0.159435,26260.81081,1,0,0,0.840565,1.840565,0,0,200
EDCF-Shield,v1b,FALCON1024+HMAC-SHA512+AES256GCM+DKG4of7,COMPROMISED_CTRL,150,55.97,37,CUMULATIVE,74,2080,97483,16420,52,0.858043,0.305023,0.201629,0.112432,0.97561,99.95,32.75,84.06,0.499867,0.500817,1,3,0,0,76,1448,0.381367,1,0.4865,2,3,0,0,V1,1,0.159435,26260.81081,1,0,0,0.840565,1.840565,0,0,200
EDCF-Shield,v1b,FALCON1024+HMAC-SHA512+AES256GCM+DKG4of7,COMPROMISED_CTRL,150,55.97,38,CYCLE,76,0,3020,500,0,0.857955,0.098647,0,0,0,100,31.36,85.8,0.499871,0.500817,1,3,0,0,76,1448,0.378186,1,0.4868,2,3,0,0,V1,1,0.158923,26361.84211,1,0,0,0.841077,1.841077,0,0,200
EDCF-Shield,v1b,FALCON1024+HMAC-SHA512+AES256GCM+DKG4of7,COMPROMISED_CTRL,150,55.97,38,CUMULATIVE,76,2080,100503,16920,52,0.85804,0.300997,0.196858,0.109474,0.97561,99.95,32.71,84.11,0.499871,0.500817,1,3,0,0,76,1448,0.378186,1,0.4868,2,3,0,0,V1,1,0.158923,26361.84211,1,0,0,0.841077,1.841077,0,0,200
EDCF-Shield,v1b,FALCON1024+HMAC-SHA512+AES256GCM+DKG4of7,COMPROMISED_CTRL,150,55.97,39,CYCLE,78,0,3020,500,0,0.857955,0.096118,0,0,0,100,31.36,85.8,0.499874,0.500818,1,3,0,0,76,1448,0.375098,1,0.4872,2,3,0,0,V1,1,0.15844,26457.69231,1,0,0,0.84156,1.84156,0,0,200
EDCF-Shield,v1b,FALCON1024+HMAC-SHA512+AES256GCM+DKG4of7,COMPROMISED_CTRL,150,55.97,39,CUMULATIVE,78,2080,103523,17420,52,0.858038,0.297126,0.192308,0.106667,0.97561,99.95,32.68,84.16,0.499874,0.500818,1,3,0,0,76,1448,0.375098,1,0.4872,2,3,0,0,V1,1,0.15844,26457.69231,1,0,0,0.84156,1.84156,0,0,200
EDCF-Shield,v1b,FALCON1024+HMAC-SHA512+AES256GCM+DKG4of7,COMPROMISED_CTRL,150,55.97,40,CYCLE,80,0,3020,500,0,0.857955,0.093716,0,0,0,100,31.36,85.8,0.499878,0.500818,1,3,0,0,76,1448,0.372099,1,0.4875,2,3,0,0,V1,1,0.157984,26548.75,1,0,0,0.842016,1.842016,0,0,200
EDCF-Shield,v1b,FALCON1024+HMAC-SHA512+AES256GCM+DKG4of7,COMPROMISED_CTRL,150,55.97,40,CUMULATIVE,80,2080,106543,17920,52,0.858035,0.293401,0.187963,0.104,0.97561,99.95,32.64,84.2,0.499878,0.500818,1,3,0,0,76,1448,0.372099,1,0.4875,2,3,0,0,V1,1,0.157984,26548.75,1,0,0,0.842016,1.842016,0,0,200
EDCF-Shield,v1b,FALCON1024+HMAC-SHA512+AES256GCM+DKG4of7,COMPROMISED_CTRL,150,55.97,41,CYCLE,82,0,3020,500,0,0.857955,0.091431,0,0,0,100,31.36,85.8,0.499881,0.500818,1,3,0,0,76,1448,0.369184,1,0.4878,2,3,0,0,V1,1,0.157553,26635.36585,1,0,0,0.842447,1.842447,0,0,200
EDCF-Shield,v1b,FALCON1024+HMAC-SHA512+AES256GCM+DKG4of7,COMPROMISED_CTRL,150,55.97,41,CUMULATIVE,82,2080,109563,18420,52,0.858033,0.289812,0.183811,0.101463,0.97561,99.95,32.6,84.24,0.499881,0.500818,1,3,0,0,76,1448,0.369184,1,0.4878,2,3,0,0,V1,1,0.157553,26635.36585,1,0,0,0.842447,1.842447,0,0,200
EDCF-Shield,v1b,FALCON1024+HMAC-SHA512+AES256GCM+DKG4of7,COMPROMISED_CTRL,150,55.97,42,CYCLE,84,0,3020,500,0,0.857955,0.089255,0,0,0,100,31.36,85.8,0.499885,0.500819,1,3,0,0,76,1448,0.36635,1,0.4881,2,3,0,0,V1,1,0.157144,26717.85714,1,0,0,0.842856,1.842856,0,0,200
EDCF-Shield,v1b,FALCON1024+HMAC-SHA512+AES256GCM+DKG4of7,COMPROMISED_CTRL,150,55.97,42,CUMULATIVE,84,2080,112583,18920,52,0.858031,0.286352,0.179837,0.099048,0.97561,99.95,32.57,84.29,0.499885,0.500819,1,3,0,0,76,1448,0.36635,1,0.4881,2,3,0,0,V1,1,0.157144,26717.85714,1,0,0,0.842856,1.842856,0,0,200
EDCF-Shield,v1b,FALCON1024+HMAC-SHA512+AES256GCM+DKG4of7,COMPROMISED_CTRL,150,55.97,43,CYCLE,86,0,3020,500,0,0.857955,0.087179,0,0,0,100,31.36,85.8,0.499888,0.500819,1,3,0,0,76,1448,0.363591,1,0.4884,2,3,0,0,V1,1,0.156757,26796.51163,1,0,0,0.843243,1.843243,0,0,200
EDCF-Shield,v1b,FALCON1024+HMAC-SHA512+AES256GCM+DKG4of7,COMPROMISED_CTRL,150,55.97,43,CUMULATIVE,86,2080,115603,19420,52,0.858029,0.283013,0.176032,0.096744,0.97561,99.96,32.54,84.32,0.499888,0.500819,1,3,0,0,76,1448,0.363591,1,0.4884,2,3,0,0,V1,1,0.156757,26796.51163,1,0,0,0.843243,1.843243,0,0,200
EDCF-Shield,v1b,FALCON1024+HMAC-SHA512+AES256GCM+DKG4of7,COMPROMISED_CTRL,150,55.97,44,CYCLE,88,0,3020,500,0,0.857955,0.085199,0,0,0,100,31.36,85.8,0.49989,0.500819,1,3,0,0,76,1448,0.360905,1,0.4886,2,3,0,0,V1,1,0.156389,26871.59091,1,0,0,0.843611,1.843611,0,0,200
EDCF-Shield,v1b,FALCON1024+HMAC-SHA512+AES256GCM+DKG4of7,COMPROMISED_CTRL,150,55.97,44,CUMULATIVE,88,2080,118623,19920,52,0.858027,0.279787,0.172385,0.094545,0.97561,99.96,32.51,84.36,0.49989,0.500819,1,3,0,0,76,1448,0.360905,1,0.4886,2,3,0,0,V1,1,0.156389,26871.59091,1,0,0,0.843611,1.843611,0,0,200
EDCF-Shield,v1b,FALCON1024+HMAC-SHA512+AES256GCM+DKG4of7,COMPROMISED_CTRL,150,55.97,45,CYCLE,90,0,3020,500,0,0.857955,0.083306,0,0,0,100,31.36,85.8,0.499893,0.500819,1,3,0,0,76,1448,0.358289,1,0.4889,2,3,0,0,V1,1,0.156039,26943.33333,1,0,0,0.843961,1.843961,0,0,200
EDCF-Shield,v1b,FALCON1024+HMAC-SHA512+AES256GCM+DKG4of7,COMPROMISED_CTRL,150,55.97,45,CUMULATIVE,90,2080,121643,20420,52,0.858026,0.27667,0.168886,0.092444,0.97561,99.96,32.48,84.4,0.499893,0.500819,1,3,0,0,76,1448,0.358289,1,0.4889,2,3,0,0,V1,1,0.156039,26943.33333,1,0,0,0.843961,1.843961,0,0,200
EDCF-Shield,v1b,FALCON1024+HMAC-SHA512+AES256GCM+DKG4of7,COMPROMISED_CTRL,150,55.97,46,CYCLE,92,0,3020,500,0,0.857955,0.081495,0,0,0,100,31.36,85.8,0.499896,0.50082,1,3,0,0,76,1448,0.355738,1,0.4891,2,3,0,0,V1,1,0.155705,27011.95652,1,0,0,0.844295,1.844295,0,0,200
EDCF-Shield,v1b,FALCON1024+HMAC-SHA512+AES256GCM+DKG4of7,COMPROMISED_CTRL,150,55.97,46,CUMULATIVE,92,2080,124663,20920,52,0.858024,0.273655,0.165526,0.090435,0.97561,99.96,32.46,84.43,0.499896,0.50082,1,3,0,0,76,1448,0.355738,1,0.4891,2,3,0,0,V1,1,0.155705,27011.95652,1,0,0,0.844295,1.844295,0,0,200
EDCF-Shield,v1b,FALCON1024+HMAC-SHA512+AES256GCM+DKG4of7,COMPROMISED_CTRL,150,55.97,47,CYCLE,94,0,3020,500,0,0.857955,0.079762,0,0,0,100,31.36,85.8,0.499898,0.50082,1,3,0,0,76,1448,0.353251,1,0.4894,2,3,0,0,V1,1,0.155387,27077.65957,1,0,0,0.844613,1.844613,0,0,200
EDCF-Shield,v1b,FALCON1024+HMAC-SHA512+AES256GCM+DKG4of7,COMPROMISED_CTRL,150,55.97,47,CUMULATIVE,94,2080,127683,21420,52,0.858022,0.270736,0.162297,0.088511,0.97561,99.96,32.43,84.46,0.499898,0.50082,1,3,0,0,76,1448,0.353251,1,0.4894,2,3,0,0,V1,1,0.155387,27077.65957,1,0,0,0.844613,1.844613,0,0,200
EDCF-Shield,v1b,FALCON1024+HMAC-SHA512+AES256GCM+DKG4of7,COMPROMISED_CTRL,150,55.97,48,CYCLE,96,0,3020,500,0,0.857955,0.078101,0,0,0,100,31.36,85.8,0.499901,0.50082,1,3,0,0,76,1448,0.350824,1,0.4896,2,3,0,0,V1,1,0.155084,27140.625,1,0,0,0.844916,1.844916,0,0,200
EDCF-Shield,v1b,FALCON1024+HMAC-SHA512+AES256GCM+DKG4of7,COMPROMISED_CTRL,150,55.97,48,CUMULATIVE,96,2080,130703,21920,52,0.858021,0.267908,0.159192,0.086667,0.97561,99.96,32.41,84.49,0.499901,0.50082,1,3,0,0,76,1448,0.350824,1,0.4896,2,3,0,0,V1,1,0.155084,27140.625,1,0,0,0.844916,1.844916,0,0,200
EDCF-Shield,v1b,FALCON1024+HMAC-SHA512+AES256GCM+DKG4of7,COMPROMISED_CTRL,150,55.97,49,CYCLE,98,0,3020,500,0,0.857955,0.076507,0,0,0,100,31.36,85.8,0.499903,0.50082,1,3,0,0,76,1448,0.348455,1,0.4898,2,3,0,0,V1,1,0.154794,27201.02041,1,0,0,0.845206,1.845206,0,0,200
EDCF-Shield,v1b,FALCON1024+HMAC-SHA512+AES256GCM+DKG4of7,COMPROMISED_CTRL,150,55.97,49,CUMULATIVE,98,2080,133723,22420,52,0.858019,0.265167,0.156203,0.084898,0.97561,99.96,32.38,84.52,0.499903,0.50082,1,3,0,0,76,1448,0.348455,1,0.4898,2,3,0,0,V1,1,0.154794,27201.02041,1,0,0,0.845206,1.845206,0,0,200
EDCF-Shield,v1b,FALCON1024+HMAC-SHA512+AES256GCM+DKG4of7,COMPROMISED_CTRL,150,55.97,50,CYCLE,100,0,3020,500,0,0.857955,0.074978,0,0,0,100,31.36,85.8,0.499905,0.50082,1,3,0,0,76,1448,0.346141,1,0.49,2,3,0,0,V1,1,0.154517,27259,1,0,0,0.845483,1.845483,0,0,200
EDCF-Shield,v1b,FALCON1024+HMAC-SHA512+AES256GCM+DKG4of7,COMPROMISED_CTRL,150,55.97,50,CUMULATIVE,100,2080,136743,22920,52,0.858018,0.262509,0.153324,0.0832,0.97561,99.96,32.36,84.55,0.499905,0.50082,1,3,0,0,76,1448,0.346141,1,0.49,2,3,0,0,V1,1,0.154517,27259,1,0,0,0.845483,1.845483,0,0,200
EDCF-Shield,v1b,FALCON1024+HMAC-SHA512+AES256GCM+DKG4of7,COMPROMISED_CTRL,150,55.97,51,CYCLE,102,0,3020,500,0,0.857955,0.073508,0,0,0,100,31.36,85.8,0.499907,0.500821,1,3,0,0,76,1448,0.343881,1,0.4902,2,3,0,0,V1,1,0.154251,27314.70588,1,0,0,0.845749,1.845749,0,0,200
EDCF-Shield,v1b,FALCON1024+HMAC-SHA512+AES256GCM+DKG4of7,COMPROMISED_CTRL,150,55.97,51,CUMULATIVE,102,2080,139763,23420,52,0.858017,0.259929,0.15055,0.081569,0.97561,99.96,32.34,84.57,0.499907,0.500821,1,3,0,0,76,1448,0.343881,1,0.4902,2,3,0,0,V1,1,0.154251,27314.70588,1,0,0,0.845749,1.845749,0,0,200
EDCF-Shield,v1b,FALCON1024+HMAC-SHA512+AES256GCM+DKG4of7,COMPROMISED_CTRL,150,55.97,52,CYCLE,104,0,3020,500,0,0.857955,0.072095,0,0,0,100,31.36,85.8,0.499909,0.500821,1,3,0,0,76,1448,0.341672,1,0.4904,2,3,0,0,V1,1,0.153997,27368.26923,1,0,0,0.846003,1.846003,0,0,200
EDCF-Shield,v1b,FALCON1024+HMAC-SHA512+AES256GCM+DKG4of7,COMPROMISED_CTRL,150,55.97,52,CUMULATIVE,104,2080,142783,23920,52,0.858015,0.257423,0.147874,0.08,0.97561,99.96,32.32,84.6,0.499909,0.500821,1,3,0,0,76,1448,0.341672,1,0.4904,2,3,0,0,V1,1,0.153997,27368.26923,1,0,0,0.846003,1.846003,0,0,200
EDCF-Shield,v1b,FALCON1024+HMAC-SHA512+AES256GCM+DKG4of7,COMPROMISED_CTRL,150,55.97,53,CYCLE,106,0,3020,500,0,0.857955,0.070735,0,0,0,100,31.36,85.8,0.499911,0.500821,1,3,0,0,76,1448,0.339511,1,0.4906,2,3,0,0,V1,1,0.153752,27419.81132,1,0,0,0.846248,1.846248,0,0,200
EDCF-Shield,v1b,FALCON1024+HMAC-SHA512+AES256GCM+DKG4of7,COMPROMISED_CTRL,150,55.97,53,CUMULATIVE,106,2080,145803,24420,52,0.858014,0.254989,0.145292,0.078491,0.97561,99.96,32.3,84.62,0.499911,0.500821,1,3,0,0,76,1448,0.339511,1,0.4906,2,3,0,0,V1,1,0.153752,27419.81132,1,0,0,0.846248,1.846248,0,0,200
EDCF-Shield,v1b,FALCON1024+HMAC-SHA512+AES256GCM+DKG4of7,COMPROMISED_CTRL,150,55.97,54,CYCLE,108,0,3020,500,0,0.857955,0.069426,0,0,0,100,31.36,85.8,0.499913,0.500821,1,3,0,0,76,1448,0.337398,1,0.4907,2,3,0,0,V1,1,0.153518,27469.44444,1,0,0,0.846482,1.846482,0,0,200
EDCF-Shield,v1b,FALCON1024+HMAC-SHA512+AES256GCM+DKG4of7,COMPROMISED_CTRL,150,55.97,54,CUMULATIVE,108,2080,148823,24920,52,0.858013,0.252622,0.142798,0.077037,0.97561,99.97,32.28,84.65,0.499913,0.500821,1,3,0,0,76,1448,0.337398,1,0.4907,2,3,0,0,V1,1,0.153518,27469.44444,1,0,0,0.846482,1.846482,0,0,200
EDCF-Shield,v1b,FALCON1024+HMAC-SHA512+AES256GCM+DKG4of7,COMPROMISED_CTRL,150,55.97,55,CYCLE,110,0,3020,500,0,0.857955,0.068164,0,0,0,100,31.36,85.8,0.499914,0.500821,1,3,0,0,76,1448,0.335331,1,0.4909,2,3,0,0,V1,1,0.153293,27517.27273,1,0,0,0.846707,1.846707,0,0,200
EDCF-Shield,v1b,FALCON1024+HMAC-SHA512+AES256GCM+DKG4of7,COMPROMISED_CTRL,150,55.97,55,CUMULATIVE,110,2080,151843,25420,52,0.858012,0.25032,0.140389,0.075636,0.97561,99.97,32.26,84.67,0.499914,0.500821,1,3,0,0,76,1448,0.335331,1,0.4909,2,3,0,0,V1,1,0.153293,27517.27273,1,0,0,0.846707,1.846707,0,0,200
EDCF-Shield,v1b,FALCON1024+HMAC-SHA512+AES256GCM+DKG4of7,COMPROMISED_CTRL,150,55.97,56,CYCLE,112,0,3020,500,0,0.857955,0.066947,0,0,0,100,31.36,85.8,0.499916,0.500821,1,3,0,0,76,1448,0.333306,1,0.4911,2,3,0,0,V1,1,0.153077,27563.39286,1,0,0,0.846923,1.846923,0,0,200
EDCF-Shield,v1b,FALCON1024+HMAC-SHA512+AES256GCM+DKG4of7,COMPROMISED_CTRL,150,55.97,56,CUMULATIVE,112,2080,154863,25920,52,0.858011,0.24808,0.138059,0.074286,0.97561,99.97,32.25,84.69,0.499916,0.500821,1,3,0,0,76,1448,0.333306,1,0.4911,2,3,0,0,V1,1,0.153077,27563.39286,1,0,0,0.846923,1.846923,0,0,200
EDCF-Shield,v1b,FALCON1024+HMAC-SHA512+AES256GCM+DKG4of7,COMPROMISED_CTRL,150,55.97,57,CYCLE,114,0,3020,500,0,0.857955,0.065773,0,0,0,100,31.36,85.8,0.499918,0.500822,1,3,0,0,76,1448,0.331324,1,0.4912,2,3,0,0,V1,1,0.152868,27607.89474,1,0,0,0.847132,1.847132,0,0,200
EDCF-Shield,v1b,FALCON1024+HMAC-SHA512+AES256GCM+DKG4of7,COMPROMISED_CTRL,150,55.97,57,CUMULATIVE,114,2080,157883,26420,52,0.858009,0.245899,0.135806,0.072982,0.97561,99.97,32.23,84.71,0.499918,0.500822,1,3,0,0,76,1448,0.331324,1,0.4912,2,3,0,0,V1,1,0.152868,27607.89474,1,0,0,0.847132,1.847132,0,0,200
EDCF-Shield,v1b,FALCON1024+HMAC-SHA512+AES256GCM+DKG4of7,COMPROMISED_CTRL,150,55.97,58,CYCLE,116,0,3020,500,0,0.857955,0.064639,0,0,0,100,31.36,85.8,0.499919,0.500822,1,3,0,0,76,1448,0.329383,1,0.4914,2,3,0,0,V1,1,0.152668,27650.86207,1,0,0,0.847332,1.847332,0,0,200
EDCF-Shield,v1b,FALCON1024+HMAC-SHA512+AES256GCM+DKG4of7,COMPROMISED_CTRL,150,55.97,58,CUMULATIVE,116,2080,160903,26920,52,0.858008,0.243774,0.133625,0.071724,0.97561,99.97,32.21,84.73,0.499919,0.500822,1,3,0,0,76,1448,0.329383,1,0.4914,2,3,0,0,V1,1,0.152668,27650.86207,1,0,0,0.847332,1.847332,0,0,200
EDCF-Shield,v1b,FALCON1024+HMAC-SHA512+AES256GCM+DKG4of7,COMPROMISED_CTRL,150,55.97,59,CYCLE,118,0,3020,500,0,0.857955,0.063544,0,0,0,100,31.36,85.8,0.499921,0.500822,1,3,0,0,76,1448,0.327481,1,0.4915,2,3,0,0,V1,1,0.152474,27692.37288,1,0,0,0.847526,1.847526,0,0,200
EDCF-Shield,v1b,FALCON1024+HMAC-SHA512+AES256GCM+DKG4of7,COMPROMISED_CTRL,150,55.97,59,CUMULATIVE,118,2080,163923,27420,52,0.858007,0.241704,0.131512,0.070508,0.97561,99.97,32.2,84.75,0.499921,0.500822,1,3,0,0,76,1448,0.327481,1,0.4915,2,3,0,0,V1,1,0.152474,27692.37288,1,0,0,0.847526,1.847526,0,0,200
EDCF-Shield,v1b,FALCON1024+HMAC-SHA512+AES256GCM+DKG4of7,COMPROMISED_CTRL,150,55.97,60,CYCLE,120,0,3020,500,0,0.857955,0.062486,0,0,0,100,31.36,85.8,0.499922,0.500822,1,3,0,0,76,1448,0.325616,1,0.4917,2,3,0,0,V1,1,0.152288,27732.5,1,0,0,0.847712,1.847712,0,0,200
EDCF-Shield,v1b,FALCON1024+HMAC-SHA512+AES256GCM+DKG4of7,COMPROMISED_CTRL,150,55.97,60,CUMULATIVE,120,2080,166943,27920,52,0.858007,0.239685,0.129466,0.069333,0.97561,99.97,32.18,84.77,0.499922,0.500822,1,3,0,0,76,1448,0.325616,1,0.4917,2,3,0,0,V1,1,0.152288,27732.5,1,0,0,0.847712,1.847712,0,0,200
EDCF-Shield,v1b,FALCON1024+HMAC-SHA512+AES256GCM+DKG4of7,COMPROMISED_CTRL,150,55.97,61,CYCLE,122,0,3020,500,0,0.857955,0.061462,0,0,0,100,31.36,85.8,0.499924,0.500822,1,3,0,0,76,1448,0.323788,1,0.4918,2,3,0,0,V1,1,0.152108,27771.31148,1,0,0,0.847892,1.847892,0,0,200
EDCF-Shield,v1b,FALCON1024+HMAC-SHA512+AES256GCM+DKG4of7,COMPROMISED_CTRL,150,55.97,61,CUMULATIVE,122,2080,169963,28420,52,0.858006,0.237716,0.127482,0.068197,0.97561,99.97,32.17,84.79,0.499924,0.500822,1,3,0,0,76,1448,0.323788,1,0.4918,2,3,0,0,V1,1,0.152108,27771.31148,1,0,0,0.847892,1.847892,0,0,200
EDCF-Shield,v1b,FALCON1024+HMAC-SHA512+AES256GCM+DKG4of7,COMPROMISED_CTRL,150,55.97,62,CYCLE,124,0,3020,500,0,0.857955,0.060471,0,0,0,100,31.36,85.8,0.499925,0.500822,1,3,0,0,76,1448,0.321994,1,0.4919,2,3,0,0,V1,1,0.151935,27808.87097,1,0,0,0.848065,1.848065,0,0,200
EDCF-Shield,v1b,FALCON1024+HMAC-SHA512+AES256GCM+DKG4of7,COMPROMISED_CTRL,150,55.97,62,CUMULATIVE,124,2080,172983,28920,52,0.858005,0.235795,0.125558,0.067097,0.97561,99.97,32.15,84.81,0.499925,0.500822,1,3,0,0,76,1448,0.321994,1,0.4919,2,3,0,0,V1,1,0.151935,27808.87097,1,0,0,0.848065,1.848065,0,0,200
EDCF-Shield,v1b,FALCON1024+HMAC-SHA512+AES256GCM+DKG4of7,COMPROMISED_CTRL,150,55.97,63,CYCLE,126,0,3020,500,0,0.857955,0.059511,0,0,0,100,31.36,85.8,0.499926,0.500822,1,3,0,0,76,1448,0.320235,1,0.4921,2,3,0,0,V1,1,0.151767,27845.2381,1,0,0,0.848233,1.848233,0,0,200
EDCF-Shield,v1b,FALCON1024+HMAC-SHA512+AES256GCM+DKG4of7,COMPROMISED_CTRL,150,55.97,63,CUMULATIVE,126,2080,176003,29420,52,0.858004,0.23392,0.123692,0.066032,0.97561,99.97,32.14,84.82,0.499926,0.500822,1,3,0,0,76,1448,0.320235,1,0.4921,2,3,0,0,V1,1,0.151767,27845.2381,1,0,0,0.848233,1.848233,0,0,200
EDCF-Shield,v1b,FALCON1024+HMAC-SHA512+AES256GCM+DKG4of7,COMPROMISED_CTRL,150,55.97,64,CYCLE,128,0,3020,500,0,0.857955,0.058582,0,0,0,100,31.36,85.8,0.499927,0.500822,1,3,0,0,76,1448,0.318509,1,0.4922,2,3,0,0,V1,1,0.151605,27880.46875,1,0,0,0.848395,1.848395,0,0,200
EDCF-Shield,v1b,FALCON1024+HMAC-SHA512+AES256GCM+DKG4of7,COMPROMISED_CTRL,150,55.97,64,CUMULATIVE,128,2080,179023,29920,52,0.858003,0.232089,0.12188,0.065,0.97561,99.97,32.13,84.84,0.499927,0.500822,1,3,0,0,76,1448,0.318509,1,0.4922,2,3,0,0,V1,1,0.151605,27880.46875,1,0,0,0.848395,1.848395,0,0,200
EDCF-Shield,v1b,FALCON1024+HMAC-SHA512+AES256GCM+DKG4of7,COMPROMISED_CTRL,150,55.97,65,CYCLE,130,0,3020,500,0,0.857955,0.057681,0,0,0,100,31.36,85.8,0.499929,0.500823,1,3,0,0,76,1448,0.316814,1,0.4923,2,3,0,0,V1,1,0.151448,27914.61539,1,0,0,0.848552,1.848552,0,0,200
EDCF-Shield,v1b,FALCON1024+HMAC-SHA512+AES256GCM+DKG4of7,COMPROMISED_CTRL,150,55.97,65,CUMULATIVE,130,2080,182043,30420,52,0.858002,0.2303,0.12012,0.064,0.97561,99.97,32.12,84.86,0.499929,0.500823,1,3,0,0,76,1448,0.316814,1,0.4923,2,3,0,0,V1,1,0.151448,27914.61539,1,0,0,0.848552,1.848552,0,0,200
EDCF-Shield,v1b,FALCON1024+HMAC-SHA512+AES256GCM+DKG4of7,COMPROMISED_CTRL,150,55.97,66,CYCLE,132,0,3020,500,0,0.857955,0.056807,0,0,0,100,31.36,85.8,0.49993,0.500823,1,3,0,0,76,1448,0.315151,1,0.4924,2,3,0,0,V1,1,0.151296,27947.72727,1,0,0,0.848704,1.848704,0,0,200
EDCF-Shield,v1b,FALCON1024+HMAC-SHA512+AES256GCM+DKG4of7,COMPROMISED_CTRL,150,55.97,66,CUMULATIVE,132,2080,185063,30920,52,0.858002,0.228551,0.118411,0.06303,0.97561,99.97,32.1,84.87,0.49993,0.500823,1,3,0,0,76,1448,0.315151,1,0.4924,2,3,0,0,V1,1,0.151296,27947.72727,1,0,0,0.848704,1.848704,0,0,200
EDCF-Shield,v1b,FALCON1024+HMAC-SHA512+AES256GCM+DKG4of7,COMPROMISED_CTRL,150,55.97,67,CYCLE,134,0,3020,500,0,0.857955,0.05596,0,0,0,100,31.36,85.8,0.499931,0.500823,1,3,0,0,76,1448,0.313517,1,0.4925,2,3,0,0,V1,1,0.151149,27979.85075,1,0,0,0.848851,1.848851,0,0,200
EDCF-Shield,v1b,FALCON1024+HMAC-SHA512+AES256GCM+DKG4of7,COMPROMISED_CTRL,150,55.97,67,CUMULATIVE,134,2080,188083,31420,52,0.858001,0.226842,0.116749,0.06209,0.97561,99.97,32.09,84.89,0.499931,0.500823,1,3,0,0,76,1448,0.313517,1,0.4925,2,3,0,0,V1,1,0.151149,27979.85075,1,0,0,0.848851,1.848851,0,0,200
EDCF-Shield,v1b,FALCON1024+HMAC-SHA512+AES256GCM+DKG4of7,COMPROMISED_CTRL,150,55.97,68,CYCLE,136,0,3020,500,0,0.857955,0.055137,0,0,0,100,31.36,85.8,0.499932,0.500823,1,3,0,0,76,1448,0.311912,1,0.4926,2,3,0,0,V1,1,0.151007,28011.02941,1,0,0,0.848993,1.848993,0,0,200
EDCF-Shield,v1b,FALCON1024+HMAC-SHA512+AES256GCM+DKG4of7,COMPROMISED_CTRL,150,55.97,68,CUMULATIVE,136,2080,191103,31920,52,0.858,0.225171,0.115133,0.061176,0.97561,99.97,32.08,84.9,0.499932,0.500823,1,3,0,0,76,1448,0.311912,1,0.4926,2,3,0,0,V1,1,0.151007,28011.02941,1,0,0,0.848993,1.848993,0,0,200
EDCF-Shield,v1b,FALCON1024+HMAC-SHA512+AES256GCM+DKG4of7,COMPROMISED_CTRL,150,55.97,69,CYCLE,138,0,3020,500,0,0.857955,0.054338,0,0,0,100,31.36,85.8,0.499933,0.500823,1,3,0,0,76,1448,0.310335,1,0.4928,2,3,0,0,V1,1,0.150869,28041.30435,1,0,0,0.849131,1.849131,0,0,200
EDCF-Shield,v1b,FALCON1024+HMAC-SHA512+AES256GCM+DKG4of7,COMPROMISED_CTRL,150,55.97,69,CUMULATIVE,138,2080,194123,32420,52,0.857999,0.223536,0.113562,0.06029,0.97561,99.97,32.07,84.91,0.499933,0.500823,1,3,0,0,76,1448,0.310335,1,0.4928,2,3,0,0,V1,1,0.150869,28041.30435,1,0,0,0.849131,1.849131,0,0,200
EDCF-Shield,v1b,FALCON1024+HMAC-SHA512+AES256GCM+DKG4of7,COMPROMISED_CTRL,150,55.97,70,CYCLE,140,0,3020,500,0,0.857955,0.053563,0,0,0,100,31.36,85.8,0.499934,0.500823,1,3,0,0,76,1448,0.308785,1,0.4929,2,3,0,0,V1,1,0.150735,28070.71429,1,0,0,0.849265,1.849265,0,0,200
EDCF-Shield,v1b,FALCON1024+HMAC-SHA512+AES256GCM+DKG4of7,COMPROMISED_CTRL,150,55.97,70,CUMULATIVE,140,2080,197143,32920,52,0.857999,0.221937,0.112033,0.059429,0.97561,99.97,32.06,84.93,0.499934,0.500823,1,3,0,0,76,1448,0.308785,1,0.4929,2,3,0,0,V1,1,0.150735,28070.71429,1,0,0,0.849265,1.849265,0,0,200
EDCF-Shield,v1b,FALCON1024+HMAC-SHA512+AES256GCM+DKG4of7,COMPROMISED_CTRL,150,55.97,71,CYCLE,142,0,3020,500,0,0.857955,0.052808,0,0,0,100,31.36,85.8,0.499935,0.500823,1,3,0,0,76,1448,0.307261,1,0.493,2,3,0,0,V1,1,0.150606,28099.29578,1,0,0,0.849394,1.849394,0,0,200
EDCF-Shield,v1b,FALCON1024+HMAC-SHA512+AES256GCM+DKG4of7,COMPROMISED_CTRL,150,55.97,71,CUMULATIVE,142,2080,200163,33420,52,0.857998,0.220371,0.110544,0.058592,0.97561,99.97,32.05,84.94,0.499935,0.500823,1,3,0,0,76,1448,0.307261,1,0.493,2,3,0,0,V1,1,0.150606,28099.29578,1,0,0,0.849394,1.849394,0,0,200
EDCF-Shield,v1b,FALCON1024+HMAC-SHA512+AES256GCM+DKG4of7,COMPROMISED_CTRL,150,55.97,72,CYCLE,144,0,3020,500,0,0.857955,0.052075,0,0,0,100,31.36,85.8,0.499936,0.500823,1,3,0,0,76,1448,0.305763,1,0.4931,2,3,0,0,V1,1,0.15048,28127.08333,1,0,0,0.84952,1.84952,0,0,200
EDCF-Shield,v1b,FALCON1024+HMAC-SHA512+AES256GCM+DKG4of7,COMPROMISED_CTRL,150,55.97,72,CUMULATIVE,144,2080,203183,33920,52,0.857997,0.218837,0.109095,0.057778,0.97561,99.97,32.04,84.95,0.499936,0.500823,1,3,0,0,76,1448,0.305763,1,0.4931,2,3,0,0,V1,1,0.15048,28127.08333,1,0,0,0.84952,1.84952,0,0,200
EDCF-Shield,v1b,FALCON1024+HMAC-SHA512+AES256GCM+DKG4of7,COMPROMISED_CTRL,150,55.97,73,CYCLE,146,0,3020,500,0,0.857955,0.051362,0,0,0,100,31.36,85.8,0.499937,0.500823,1,3,0,0,76,1448,0.30429,1,0.4932,2,3,0,0,V1,1,0.150357,28154.10959,1,0,0,0.849643,1.849643,0,0,200
EDCF-Shield,v1b,FALCON1024+HMAC-SHA512+AES256GCM+DKG4of7,COMPROMISED_CTRL,150,55.97,73,CUMULATIVE,146,2080,206203,34420,52,0.857997,0.217336,0.107683,0.056986,0.97561,99.97,32.03,84.96,0.499937,0.500823,1,3,0,0,76,1448,0.30429,1,0.4932,2,3,0,0,V1,1,0.150357,28154.10959,1,0,0,0.849643,1.849643,0,0,200
EDCF-Shield,v1b,FALCON1024+HMAC-SHA512+AES256GCM+DKG4of7,COMPROMISED_CTRL,150,55.97,74,CYCLE,148,0,3020,500,0,0.857955,0.050669,0,0,0,100,31.36,85.8,0.499938,0.500823,1,3,0,0,76,1448,0.30284,1,0.4932,2,3,0,0,V1,1,0.150239,28180.40541,1,0,0,0.849761,1.849761,0,0,200
EDCF-Shield,v1b,FALCON1024+HMAC-SHA512+AES256GCM+DKG4of7,COMPROMISED_CTRL,150,55.97,74,CUMULATIVE,148,2080,209223,34920,52,0.857996,0.215865,0.106307,0.056216,0.97561,99.98,32.02,84.98,0.499938,0.500823,1,3,0,0,76,1448,0.30284,1,0.4932,2,3,0,0,V1,1,0.150239,28180.40541,1,0,0,0.849761,1.849761,0,0,200
EDCF-Shield,v1b,FALCON1024+HMAC-SHA512+AES256GCM+DKG4of7,COMPROMISED_CTRL,150,55.97,75,CYCLE,150,0,3020,500,0,0.857955,0.049993,0,0,0,100,31.36,85.8,0.499939,0.500824,1,3,0,0,76,1448,0.301414,1,0.4933,2,3,0,0,V1,1,0.150123,28206,1,0,0,0.849877,1.849877,0,0,200
EDCF-Shield,v1b,FALCON1024+HMAC-SHA512+AES256GCM+DKG4of7,COMPROMISED_CTRL,150,55.97,75,CUMULATIVE,150,2080,212243,35420,52,0.857996,0.214423,0.104966,0.055467,0.97561,99.98,32.01,84.99,0.499939,0.500824,1,3,0,0,76,1448,0.301414,1,0.4933,2,3,0,0,V1,1,0.150123,28206,1,0,0,0.849877,1.849877,0,0,200
EDCF-Shield,v1b,FALCON1024+HMAC-SHA512+AES256GCM+DKG4of7,COMPROMISED_CTRL,150,55.97,76,CYCLE,152,0,3020,500,0,0.857955,0.049336,0,0,0,100,31.36,85.8,0.49994,0.500824,1,3,0,0,76,1448,0.300011,1,0.4934,2,3,0,0,V1,1,0.150011,28230.92105,1,0,0,0.849989,1.849989,0,0,200
EDCF-Shield,v1b,FALCON1024+HMAC-SHA512+AES256GCM+DKG4of7,COMPROMISED_CTRL,150,55.97,76,CUMULATIVE,152,2080,215263,35920,52,0.857995,0.21301,0.103658,0.054737,0.97561,99.98,32,85,0.49994,0.500824,1,3,0,0,76,1448,0.300011,1,0.4934,2,3,0,0,V1,1,0.150011,28230.92105,1,0,0,0.849989,1.849989,0,0,200
EDCF-Shield,v1b,FALCON1024+HMAC-SHA512+AES256GCM+DKG4of7,COMPROMISED_CTRL,150,55.97,77,CYCLE,154,0,3020,500,0,0.857955,0.048695,0,0,0,100,31.36,85.8,0.49994,0.500824,1,3,0,0,76,1448,0.29863,1,0.4935,2,3,0,0,V1,1,0.149902,28255.19481,1,0,0,0.850098,1.850098,0,0,200
EDCF-Shield,v1b,FALCON1024+HMAC-SHA512+AES256GCM+DKG4of7,COMPROMISED_CTRL,150,55.97,77,CUMULATIVE,154,2080,218283,36420,52,0.857994,0.211624,0.102382,0.054026,0.97561,99.98,31.99,85.01,0.49994,0.500824,1,3,0,0,76,1448,0.29863,1,0.4935,2,3,0,0,V1,1,0.149902,28255.19481,1,0,0,0.850098,1.850098,0,0,200
EDCF-Shield,v1b,FALCON1024+HMAC-SHA512+AES256GCM+DKG4of7,COMPROMISED_CTRL,150,55.97,78,CYCLE,156,0,3020,500,0,0.857955,0.048071,0,0,0,100,31.36,85.8,0.499941,0.500824,1,3,0,0,76,1448,0.297271,1,0.4936,2,3,0,0,V1,1,0.149795,28278.84615,1,0,0,0.850205,1.850205,0,0,200
EDCF-Shield,v1b,FALCON1024+HMAC-SHA512+AES256GCM+DKG4of7,COMPROMISED_CTRL,150,55.97,78,CUMULATIVE,156,2080,221303,36920,52,0.857994,0.210265,0.101138,0.053333,0.97561,99.98,31.98,85.02,0.499941,0.500824,1,3,0,0,76,1448,0.297271,1,0.4936,2,3,0,0,V1,1,0.149795,28278.84615,1,0,0,0.850205,1.850205,0,0,200
EDCF-Shield,v1b,FALCON1024+HMAC-SHA512+AES256GCM+DKG4of7,COMPROMISED_CTRL,150,55.97,79,CYCLE,158,0,3020,500,0,0.857955,0.047463,0,0,0,100,31.36,85.8,0.499942,0.500824,1,3,0,0,76,1448,0.295932,1,0.4937,2,3,0,0,V1,1,0.149692,28301.89873,1,0,0,0.850308,1.850308,0,0,200
EDCF-Shield,v1b,FALCON1024+HMAC-SHA512+AES256GCM+DKG4of7,COMPROMISED_CTRL,150,55.97,79,CUMULATIVE,158,2080,224323,37420,52,0.857993,0.208932,0.099923,0.052658,0.97561,99.98,31.98,85.03,0.499942,0.500824,1,3,0,0,76,1448,0.295932,1,0.4937,2,3,0,0,V1,1,0.149692,28301.89873,1,0,0,0.850308,1.850308,0,0,200
EDCF-Shield,v1b,FALCON1024+HMAC-SHA512+AES256GCM+DKG4of7,COMPROMISED_CTRL,150,55.97,80,CYCLE,160,0,3020,500,0,0.857955,0.04687,0,0,0,100,31.36,85.8,0.499943,0.500824,1,3,0,0,76,1448,0.294614,1,0.4938,2,3,0,0,V1,1,0.149591,28324.375,1,0,0,0.850409,1.850409,0,0,200
EDCF-Shield,v1b,FALCON1024+HMAC-SHA512+AES256GCM+DKG4of7,COMPROMISED_CTRL,150,55.97,80,CUMULATIVE,160,2080,227343,37920,52,0.857993,0.207624,0.098737,0.052,0.97561,99.98,31.97,85.04,0.499943,0.500824,1,3,0,0,76,1448,0.294614,1,0.4938,2,3,0,0,V1,1,0.149591,28324.375,1,0,0,0.850409,1.850409,0,0,200
EDCF-Shield,v1b,FALCON1024+HMAC-SHA512+AES256GCM+DKG4of7,COMPROMISED_CTRL,150,55.97,81,CYCLE,162,0,3020,500,0,0.857955,0.046292,0,0,0,100,31.36,85.8,0.499944,0.500824,1,3,0,0,76,1448,0.293316,1,0.4938,2,3,0,0,V1,1,0.149493,28346.2963,1,0,0,0.850507,1.850507,0,0,200
EDCF-Shield,v1b,FALCON1024+HMAC-SHA512+AES256GCM+DKG4of7,COMPROMISED_CTRL,150,55.97,81,CUMULATIVE,162,2080,230363,38420,52,0.857992,0.20634,0.097579,0.051358,0.97561,99.98,31.96,85.05,0.499944,0.500824,1,3,0,0,76,1448,0.293316,1,0.4938,2,3,0,0,V1,1,0.149493,28346.2963,1,0,0,0.850507,1.850507,0,0,200
EDCF-Shield,v1b,FALCON1024+HMAC-SHA512+AES256GCM+DKG4of7,COMPROMISED_CTRL,150,55.97,82,CYCLE,164,0,3020,500,0,0.857955,0.045728,0,0,0,100,31.36,85.8,0.499944,0.500824,1,3,0,0,76,1448,0.292037,1,0.4939,2,3,0,0,V1,1,0.149398,28367.68293,1,0,0,0.850602,1.850602,0,0,200
EDCF-Shield,v1b,FALCON1024+HMAC-SHA512+AES256GCM+DKG4of7,COMPROMISED_CTRL,150,55.97,82,CUMULATIVE,164,2080,233383,38920,52,0.857992,0.20508,0.096448,0.050732,0.97561,99.98,31.95,85.06,0.499944,0.500824,1,3,0,0,76,1448,0.292037,1,0.4939,2,3,0,0,V1,1,0.149398,28367.68293,1,0,0,0.850602,1.850602,0,0,200
EDCF-Shield,v1b,FALCON1024+HMAC-SHA512+AES256GCM+DKG4of7,COMPROMISED_CTRL,150,55.97,83,CYCLE,166,0,3020,500,0,0.857955,0.045177,0,0,0,100,31.36,85.8,0.499945,0.500824,1,3,0,0,76,1448,0.290777,1,0.494,2,3,0,0,V1,1,0.149305,28388.55422,1,0,0,0.850695,1.850695,0,0,200
EDCF-Shield,v1b,FALCON1024+HMAC-SHA512+AES256GCM+DKG4of7,COMPROMISED_CTRL,150,55.97,83,CUMULATIVE,166,2080,236403,39420,52,0.857991,0.203843,0.095343,0.05012,0.97561,99.98,31.94,85.07,0.499945,0.500824,1,3,0,0,76,1448,0.290777,1,0.494,2,3,0,0,V1,1,0.149305,28388.55422,1,0,0,0.850695,1.850695,0,0,200
EDCF-Shield,v1b,FALCON1024+HMAC-SHA512+AES256GCM+DKG4of7,COMPROMISED_CTRL,150,55.97,84,CYCLE,168,0,3020,500,0,0.857955,0.04464,0,0,0,100,31.36,85.8,0.499946,0.500824,1,3,0,0,76,1448,0.289535,1,0.494,2,3,0,0,V1,1,0.149214,28408.92857,1,0,0,0.850786,1.850786,0,0,200
EDCF-Shield,v1b,FALCON1024+HMAC-SHA512+AES256GCM+DKG4of7,COMPROMISED_CTRL,150,55.97,84,CUMULATIVE,168,2080,239423,39920,52,0.857991,0.202627,0.094263,0.049524,0.97561,99.98,31.94,85.08,0.499946,0.500824,1,3,0,0,76,1448,0.289535,1,0.494,2,3,0,0,V1,1,0.149214,28408.92857,1,0,0,0.850786,1.850786,0,0,200
EDCF-Shield,v1b,FALCON1024+HMAC-SHA512+AES256GCM+DKG4of7,COMPROMISED_CTRL,150,55.97,85,CYCLE,170,0,3020,500,0,0.857955,0.044115,0,0,0,100,31.36,85.8,0.499946,0.500824,1,3,0,0,76,1448,0.288311,1,0.4941,2,3,0,0,V1,1,0.149125,28428.82353,1,0,0,0.850875,1.850875,0,0,200
EDCF-Shield,v1b,FALCON1024+HMAC-SHA512+AES256GCM+DKG4of7,COMPROMISED_CTRL,150,55.97,85,CUMULATIVE,170,2080,242443,40420,52,0.85799,0.201433,0.093207,0.048941,0.97561,99.98,31.93,85.09,0.499946,0.500824,1,3,0,0,76,1448,0.288311,1,0.4941,2,3,0,0,V1,1,0.149125,28428.82353,1,0,0,0.850875,1.850875,0,0,200
EDCF-Shield,v1b,FALCON1024+HMAC-SHA512+AES256GCM+DKG4of7,COMPROMISED_CTRL,150,55.97,86,CYCLE,172,0,3020,500,0,0.857955,0.043602,0,0,0,100,31.36,85.8,0.499947,0.500824,1,3,0,0,76,1448,0.287104,1,0.4942,2,3,0,0,V1,1,0.149039,28448.25581,1,0,0,0.850961,1.850961,0,0,200
EDCF-Shield,v1b,FALCON1024+HMAC-SHA512+AES256GCM+DKG4of7,COMPROMISED_CTRL,150,55.97,86,CUMULATIVE,172,2080,245463,40920,52,0.85799,0.20026,0.092174,0.048372,0.97561,99.98,31.92,85.1,0.499947,0.500824,1,3,0,0,76,1448,0.287104,1,0.4942,2,3,0,0,V1,1,0.149039,28448.25581,1,0,0,0.850961,1.850961,0,0,200
EDCF-Shield,v1b,FALCON1024+HMAC-SHA512+AES256GCM+DKG4of7,COMPROMISED_CTRL,150,55.97,87,CYCLE,174,0,3020,500,0,0.857955,0.043101,0,0,0,100,31.36,85.8,0.499948,0.500824,1,3,0,0,76,1448,0.285914,1,0.4943,2,3,0,0,V1,1,0.148955,28467.24138,1,0,0,0.851045,1.851045,0,0,200
EDCF-Shield,v1b,FALCON1024+HMAC-SHA512+AES256GCM+DKG4of7,COMPROMISED_CTRL,150,55.97,87,CUMULATIVE,174,2080,248483,41420,52,0.85799,0.199108,0.091164,0.047816,0.97561,99.98,31.92,85.1,0.499948,0.500824,1,3,0,0,76,1448,0.285914,1,0.4943,2,3,0,0,V1,1,0.148955,28467.24138,1,0,0,0.851045,1.851045,0,0,200
EDCF-Shield,v1b,FALCON1024+HMAC-SHA512+AES256GCM+DKG4of7,COMPROMISED_CTRL,150,55.97,88,CYCLE,176,0,3020,500,0,0.857955,0.042612,0,0,0,100,31.36,85.8,0.499948,0.500824,1,3,0,0,76,1448,0.284741,1,0.4943,2,3,0,0,V1,1,0.148872,28485.79546,1,0,0,0.851128,1.851128,0,0,200
EDCF-Shield,v1b,FALCON1024+HMAC-SHA512+AES256GCM+DKG4of7,COMPROMISED_CTRL,150,55.97,88,CUMULATIVE,176,2080,251503,41920,52,0.857989,0.197975,0.090176,0.047273,0.97561,99.98,31.91,85.11,0.499948,0.500824,1,3,0,0,76,1448,0.284741,1,0.4943,2,3,0,0,V1,1,0.148872,28485.79546,1,0,0,0.851128,1.851128,0,0,200
EDCF-Shield,v1b,FALCON1024+HMAC-SHA512+AES256GCM+DKG4of7,COMPROMISED_CTRL,150,55.97,89,CYCLE,178,0,3020,500,0,0.857955,0.042133,0,0,0,100,31.36,85.8,0.499949,0.500824,1,3,0,0,76,1448,0.283584,1,0.4944,2,3,0,0,V1,1,0.148792,28503.93258,1,0,0,0.851208,1.851208,0,0,200
EDCF-Shield,v1b,FALCON1024+HMAC-SHA512+AES256GCM+DKG4of7,COMPROMISED_CTRL,150,55.97,89,CUMULATIVE,178,2080,254523,42420,52,0.857989,0.196861,0.089209,0.046742,0.97561,99.98,31.9,85.12,0.499949,0.500824,1,3,0,0,76,1448,0.283584,1,0.4944,2,3,0,0,V1,1,0.148792,28503.93258,1,0,0,0.851208,1.851208,0,0,200
EDCF-Shield,v1b,FALCON1024+HMAC-SHA512+AES256GCM+DKG4of7,COMPROMISED_CTRL,150,55.97,90,CYCLE,180,0,3020,500,0,0.857955,0.041665,0,0,0,100,31.36,85.8,0.49995,0.500825,1,3,0,0,76,1448,0.282443,1,0.4944,2,3,0,0,V1,1,0.148714,28521.66667,1,0,0,0.851286,1.851286,0,0,200
EDCF-Shield,v1b,FALCON1024+HMAC-SHA512+AES256GCM+DKG4of7,COMPROMISED_CTRL,150,55.97,90,CUMULATIVE,180,2080,257543,42920,52,0.857988,0.195765,0.088263,0.046222,0.97561,99.98,31.9,85.13,0.49995,0.500825,1,3,0,0,76,1448,0.282443,1,0.4944,2,3,0,0,V1,1,0.148714,28521.66667,1,0,0,0.851286,1.851286,0,0,200
EDCF-Shield,v1b,FALCON1024+HMAC-SHA512+AES256GCM+DKG4of7,COMPROMISED_CTRL,150,55.97,91,CYCLE,182,0,3020,500,0,0.857955,0.041208,0,0,0,100,31.36,85.8,0.49995,0.500825,1,3,0,0,76,1448,0.281318,1,0.4945,2,3,0,0,V1,1,0.148637,28539.01099,1,0,0,0.851363,1.851363,0,0,200
EDCF-Shield,v1b,FALCON1024+HMAC-SHA512+AES256GCM+DKG4of7,COMPROMISED_CTRL,150,55.97,91,CUMULATIVE,182,2080,260563,43420,52,0.857988,0.194688,0.087336,0.045714,0.97561,99.98,31.89,85.14,0.49995,0.500825,1,3,0,0,76,1448,0.281318,1,0.4945,2,3,0,0,V1,1,0.148637,28539.01099,1,0,0,0.851363,1.851363,0,0,200
EDCF-Shield,v1b,FALCON1024+HMAC-SHA512+AES256GCM+DKG4of7,COMPROMISED_CTRL,150,55.97,92,CYCLE,184,0,3020,500,0,0.857955,0.04076,0,0,0,100,31.36,85.8,0.499951,0.500825,1,3,0,0,76,1448,0.280207,1,0.4946,2,3,0,0,V1,1,0.148562,28555.97826,1,0,0,0.851438,1.851438,0,0,200
EDCF-Shield,v1b,FALCON1024+HMAC-SHA512+AES256GCM+DKG4of7,COMPROMISED_CTRL,150,55.97,92,CUMULATIVE,184,2080,263583,43920,52,0.857988,0.193628,0.086429,0.045217,0.97561,99.98,31.88,85.14,0.499951,0.500825,1,3,0,0,76,1448,0.280207,1,0.4946,2,3,0,0,V1,1,0.148562,28555.97826,1,0,0,0.851438,1.851438,0,0,200
EDCF-Shield,v1b,FALCON1024+HMAC-SHA512+AES256GCM+DKG4of7,COMPROMISED_CTRL,150,55.97,93,CYCLE,186,0,3020,500,0,0.857955,0.040322,0,0,0,100,31.36,85.8,0.499951,0.500825,1,3,0,0,76,1448,0.279111,1,0.4946,2,3,0,0,V1,1,0.148489,28572.58065,1,0,0,0.851511,1.851511,0,0,200
EDCF-Shield,v1b,FALCON1024+HMAC-SHA512+AES256GCM+DKG4of7,COMPROMISED_CTRL,150,55.97,93,CUMULATIVE,186,2080,266603,44420,52,0.857987,0.192586,0.08554,0.044731,0.97561,99.98,31.88,85.15,0.499951,0.500825,1,3,0,0,76,1448,0.279111,1,0.4946,2,3,0,0,V1,1,0.148489,28572.58065,1,0,0,0.851511,1.851511,0,0,200
EDCF-Shield,v1b,FALCON1024+HMAC-SHA512+AES256GCM+DKG4of7,COMPROMISED_CTRL,150,55.97,94,CYCLE,188,0,3020,500,0,0.857955,0.039893,0,0,0,100,31.36,85.8,0.499952,0.500825,1,3,0,0,76,1448,0.278029,1,0.4947,2,3,0,0,V1,1,0.148417,28588.82979,1,0,0,0.851583,1.851583,0,0,200
EDCF-Shield,v1b,FALCON1024+HMAC-SHA512+AES256GCM+DKG4of7,COMPROMISED_CTRL,150,55.97,94,CUMULATIVE,188,2080,269623,44920,52,0.857987,0.19156,0.08467,0.044255,0.97561,99.98,31.87,85.16,0.499952,0.500825,1,3,0,0,76,1448,0.278029,1,0.4947,2,3,0,0,V1,1,0.148417,28588.82979,1,0,0,0.851583,1.851583,0,0,200
EDCF-Shield,v1b,FALCON1024+HMAC-SHA512+AES256GCM+DKG4of7,COMPROMISED_CTRL,150,55.97,95,CYCLE,190,0,3020,500,0,0.857955,0.039474,0,0,0,100,31.36,85.8,0.499952,0.500825,1,3,0,0,76,1448,0.276962,1,0.4947,2,3,0,0,V1,1,0.148347,28604.73684,1,0,0,0.851653,1.851653,0,0,200
EDCF-Shield,v1b,FALCON1024+HMAC-SHA512+AES256GCM+DKG4of7,COMPROMISED_CTRL,150,55.97,95,CUMULATIVE,190,2080,272643,45420,52,0.857987,0.19055,0.083817,0.043789,0.97561,99.98,31.87,85.17,0.499952,0.500825,1,3,0,0,76,1448,0.276962,1,0.4947,2,3,0,0,V1,1,0.148347,28604.73684,1,0,0,0.851653,1.851653,0,0,200
EDCF-Shield,v1b,FALCON1024+HMAC-SHA512+AES256GCM+DKG4of7,COMPROMISED_CTRL,150,55.97,96,CYCLE,192,0,3020,500,0,0.857955,0.039063,0,0,0,100,31.36,85.8,0.499953,0.500825,1,3,0,0,76,1448,0.275908,1,0.4948,2,3,0,0,V1,1,0.148279,28620.3125,1,0,0,0.851721,1.851721,0,0,200
EDCF-Shield,v1b,FALCON1024+HMAC-SHA512+AES256GCM+DKG4of7,COMPROMISED_CTRL,150,55.97,96,CUMULATIVE,192,2080,275663,45920,52,0.857986,0.189556,0.082981,0.043333,0.97561,99.98,31.86,85.17,0.499953,0.500825,1,3,0,0,76,1448,0.275908,1,0.4948,2,3,0,0,V1,1,0.148279,28620.3125,1,0,0,0.851721,1.851721,0,0,200
EDCF-Shield,v1b,FALCON1024+HMAC-SHA512+AES256GCM+DKG4of7,COMPROMISED_CTRL,150,55.97,97,CYCLE,194,0,3020,500,0,0.857955,0.03866,0,0,0,100,31.36,85.8,0.499953,0.500825,1,3,0,0,76,1448,0.274868,1,0.4948,2,3,0,0,V1,1,0.148212,28635.56701,1,0,0,0.851788,1.851788,0,0,200
EDCF-Shield,v1b,FALCON1024+HMAC-SHA512+AES256GCM+DKG4of7,COMPROMISED_CTRL,150,55.97,97,CUMULATIVE,194,2080,278683,46420,52,0.857986,0.188578,0.082161,0.042887,0.97561,99.98,31.86,85.18,0.499953,0.500825,1,3,0,0,76,1448,0.274868,1,0.4948,2,3,0,0,V1,1,0.148212,28635.56701,1,0,0,0.851788,1.851788,0,0,200
EDCF-Shield,v1b,FALCON1024+HMAC-SHA512+AES256GCM+DKG4of7,COMPROMISED_CTRL,150,55.97,98,CYCLE,196,0,3020,500,0,0.857955,0.038266,0,0,0,100,31.36,85.8,0.499954,0.500825,1,3,0,0,76,1448,0.27384,1,0.4949,2,3,0,0,V1,1,0.148146,28650.5102,1,0,0,0.851854,1.851854,0,0,200
EDCF-Shield,v1b,FALCON1024+HMAC-SHA512+AES256GCM+DKG4of7,COMPROMISED_CTRL,150,55.97,98,CUMULATIVE,196,2080,281703,46920,52,0.857986,0.187614,0.081358,0.042449,0.97561,99.98,31.85,85.19,0.499954,0.500825,1,3,0,0,76,1448,0.27384,1,0.4949,2,3,0,0,V1,1,0.148146,28650.5102,1,0,0,0.851854,1.851854,0,0,200
EDCF-Shield,v1b,FALCON1024+HMAC-SHA512+AES256GCM+DKG4of7,COMPROMISED_CTRL,150,55.97,99,CYCLE,198,0,3020,500,0,0.857955,0.03788,0,0,0,100,31.36,85.8,0.499954,0.500825,1,3,0,0,76,1448,0.272826,1,0.4949,2,3,0,0,V1,1,0.148082,28665.15152,1,0,0,0.851918,1.851918,0,0,200
EDCF-Shield,v1b,FALCON1024+HMAC-SHA512+AES256GCM+DKG4of7,COMPROMISED_CTRL,150,55.97,99,CUMULATIVE,198,2080,284723,47420,52,0.857985,0.186666,0.08057,0.04202,0.97561,99.98,31.85,85.19,0.499954,0.500825,1,3,0,0,76,1448,0.272826,1,0.4949,2,3,0,0,V1,1,0.148082,28665.15152,1,0,0,0.851918,1.851918,0,0,200
EDCF-Shield,v1b,FALCON1024+HMAC-SHA512+AES256GCM+DKG4of7,COMPROMISED_CTRL,150,55.97,100,CYCLE,200,0,3020,500,0,0.857955,0.037501,0,0,0,100,31.36,85.8,0.499955,0.500825,1,3,0,0,76,1448,0.271824,1,0.495,2,3,0,0,V1,1,0.148019,28679.5,1,0,0,0.851981,1.851981,0,0,200
EDCF-Shield,v1b,FALCON1024+HMAC-SHA512+AES256GCM+DKG4of7,COMPROMISED_CTRL,150,55.97,100,CUMULATIVE,200,2080,287743,47920,52,0.857985,0.185731,0.079797,0.0416,0.97561,99.98,31.84,85.2,0.499955,0.500825,1,3,0,0,76,1448,0.271824,1,0.495,2,3,0,0,V1,1,0.148019,28679.5,1,0,0,0.851981,1.851981,0,0,200
EDCF-Shield,v1b,FALCON1024+HMAC-SHA512+AES256GCM+DKG4of7,COMPROMISED_CTRL,150,55.97,101,CYCLE,202,0,3020,500,0,0.857955,0.03713,0,0,0,100,31.36,85.8,0.499955,0.500825,1,3,0,0,76,1448,0.270835,1,0.495,2,3,0,0,V1,1,0.147957,28693.56436,1,0,0,0.852043,1.852043,0,0,200
EDCF-Shield,v1b,FALCON1024+HMAC-SHA512+AES256GCM+DKG4of7,COMPROMISED_CTRL,150,55.97,101,CUMULATIVE,202,2080,290763,48420,52,0.857985,0.18481,0.079039,0.041188,0.97561,99.98,31.84,85.2,0.499955,0.500825,1,3,0,0,76,1448,0.270835,1,0.495,2,3,0,0,V1,1,0.147957,28693.56436,1,0,0,0.852043,1.852043,0,0,200
EDCF-Shield,v1b,FALCON1024+HMAC-SHA512+AES256GCM+DKG4of7,COMPROMISED_CTRL,150,55.97,102,CYCLE,204,0,3020,500,0,0.857955,0.036766,0,0,0,100,31.36,85.8,0.499956,0.500825,1,3,0,0,76,1448,0.269857,1,0.4951,2,3,0,0,V1,1,0.147897,28707.35294,1,0,0,0.852103,1.852103,0,0,200
EDCF-Shield,v1b,FALCON1024+HMAC-SHA512+AES256GCM+DKG4of7,COMPROMISED_CTRL,150,55.97,102,CUMULATIVE,204,2080,293783,48920,52,0.857984,0.183903,0.078296,0.040784,0.97561,99.98,31.83,85.21,0.499956,0.500825,1,3,0,0,76,1448,0.269857,1,0.4951,2,3,0,0,V1,1,0.147897,28707.35294,1,0,0,0.852103,1.852103,0,0,200
EDCF-Shield,v1b,FALCON1024+HMAC-SHA512+AES256GCM+DKG4of7,COMPROMISED_CTRL,150,55.97,103,CYCLE,206,0,3020,500,0,0.857955,0.03641,0,0,0,100,31.36,85.8,0.499956,0.500825,1,3,0,0,76,1448,0.268891,1,0.4951,2,3,0,0,V1,1,0.147838,28720.87379,1,0,0,0.852162,1.852162,0,0,200
EDCF-Shield,v1b,FALCON1024+HMAC-SHA512+AES256GCM+DKG4of7,COMPROMISED_CTRL,150,55.97,103,CUMULATIVE,206,2080,296803,49420,52,0.857984,0.183009,0.077566,0.040388,0.97561,99.98,31.83,85.22,0.499956,0.500825,1,3,0,0,76,1448,0.268891,1,0.4951,2,3,0,0,V1,1,0.147838,28720.87379,1,0,0,0.852162,1.852162,0,0,200
EDCF-Shield,v1b,FALCON1024+HMAC-SHA512+AES256GCM+DKG4of7,COMPROMISED_CTRL,150,55.97,104,CYCLE,208,0,3020,500,0,0.857955,0.03606,0,0,0,100,31.36,85.8,0.499957,0.500825,1,3,0,0,76,1448,0.267937,1,0.4952,2,3,0,0,V1,1,0.14778,28734.13462,1,0,0,0.85222,1.85222,0,0,200
EDCF-Shield,v1b,FALCON1024+HMAC-SHA512+AES256GCM+DKG4of7,COMPROMISED_CTRL,150,55.97,104,CUMULATIVE,208,2080,299823,49920,52,0.857984,0.182128,0.076849,0.04,0.97561,99.98,31.82,85.22,0.499957,0.500825,1,3,0,0,76,1448,0.267937,1,0.4952,2,3,0,0,V1,1,0.14778,28734.13462,1,0,0,0.85222,1.85222,0,0,200
EDCF-Shield,v1b,FALCON1024+HMAC-SHA512+AES256GCM+DKG4of7,COMPROMISED_CTRL,150,55.97,105,CYCLE,210,0,3020,500,0,0.857955,0.035717,0,0,0,100,31.36,85.8,0.499957,0.500825,1,3,0,0,76,1448,0.266994,1,0.4952,2,3,0,0,V1,1,0.147723,28747.14286,1,0,0,0.852277,1.852277,0,0,200
EDCF-Shield,v1b,FALCON1024+HMAC-SHA512+AES256GCM+DKG4of7,COMPROMISED_CTRL,150,55.97,105,CUMULATIVE,210,2080,302843,50420,52,0.857983,0.18126,0.076146,0.039619,0.97561,99.98,31.82,85.23,0.499957,0.500825,1,3,0,0,76,1448,0.266994,1,0.4952,2,3,0,0,V1,1,0.147723,28747.14286,1,0,0,0.852277,1.852277,0,0,200
EDCF-Shield,v1b,FALCON1024+HMAC-SHA512+AES256GCM+DKG4of7,COMPROMISED_CTRL,150,55.97,106,CYCLE,212,0,3020,500,0,0.857955,0.03538,0,0,0,100,31.36,85.8,0.499958,0.500825,1,3,0,0,76,1448,0.266062,1,0.4953,2,3,0,0,V1,1,0.147667,28759.90566,1,0,0,0.852333,1.852333,0,0,200
EDCF-Shield,v1b,FALCON1024+HMAC-SHA512+AES256GCM+DKG4of7,COMPROMISED_CTRL,150,55.97,106,CUMULATIVE,212,2080,305863,50920,52,0.857983,0.180404,0.075455,0.039245,0.97561,99.98,31.81,85.23,0.499958,0.500825,1,3,0,0,76,1448,0.266062,1,0.4953,2,3,0,0,V1,1,0.147667,28759.90566,1,0,0,0.852333,1.852333,0,0,200
EDCF-Shield,v1b,FALCON1024+HMAC-SHA512+AES256GCM+DKG4of7,COMPROMISED_CTRL,150,55.97,107,CYCLE,214,0,3020,500,0,0.857955,0.035049,0,0,0,100,31.36,85.8,0.499958,0.500825,1,3,0,0,76,1448,0.265141,1,0.4953,2,3,0,0,V1,1,0.147613,28772.42991,1,0,0,0.852387,1.852387,0,0,200
EDCF-Shield,v1b,FALCON1024+HMAC-SHA512+AES256GCM+DKG4of7,COMPROMISED_CTRL,150,55.97,107,CUMULATIVE,214,2080,308883,51420,52,0.857983,0.179559,0.074777,0.038879,0.97561,99.98,31.81,85.24,0.499958,0.500825,1,3,0,0,76,1448,0.265141,1,0.4953,2,3,0,0,V1,1,0.147613,28772.42991,1,0,0,0.852387,1.852387,0,0,200
EDCF-Shield,v1b,FALCON1024+HMAC-SHA512+AES256GCM+DKG4of7,COMPROMISED_CTRL,150,55.97,108,CYCLE,216,0,3020,500,0,0.857955,0.034725,0,0,0,100,31.36,85.8,0.499958,0.500825,1,3,0,0,76,1448,0.264231,1,0.4954,2,3,0,0,V1,1,0.147559,28784.72222,1,0,0,0.852441,1.852441,0,0,200
EDCF-Shield,v1b,FALCON1024+HMAC-SHA512+AES256GCM+DKG4of7,COMPROMISED_CTRL,150,55.97,108,CUMULATIVE,216,2080,311903,51920,52,0.857983,0.178727,0.074111,0.038519,0.97561,99.98,31.8,85.24,0.499958,0.500825,1,3,0,0,76,1448,0.264231,1,0.4954,2,3,0,0,V1,1,0.147559,28784.72222,1,0,0,0.852441,1.852441,0,0,200
EDCF-Shield,v1b,FALCON1024+HMAC-SHA512+AES256GCM+DKG4of7,COMPROMISED_CTRL,150,55.97,109,CYCLE,218,0,3020,500,0,0.857955,0.034407,0,0,0,100,31.36,85.8,0.499959,0.500825,1,3,0,0,76,1448,0.263331,1,0.4954,2,3,0,0,V1,1,0.147507,28796.78899,1,0,0,0.852493,1.852493,0,0,200
EDCF-Shield,v1b,FALCON1024+HMAC-SHA512+AES256GCM+DKG4of7,COMPROMISED_CTRL,150,55.97,109,CUMULATIVE,218,2080,314923,52420,52,0.857982,0.177906,0.073457,0.038165,0.97561,99.98,31.8,85.25,0.499959,0.500825,1,3,0,0,76,1448,0.263331,1,0.4954,2,3,0,0,V1,1,0.147507,28796.78899,1,0,0,0.852493,1.852493,0,0,200
EDCF-Shield,v1b,FALCON1024+HMAC-SHA512+AES256GCM+DKG4of7,COMPROMISED_CTRL,150,55.97,110,CYCLE,219.5,0,1661,300,0,0.847017,0.034094,0,0,0,100,32.24,84.7,0.499959,0.500827,1,3,0,0,76,1448,0.262441,1,0.4966,2,3,0,0,V1,1,0.147536,28750.66059,1,0,0,0.852464,1.852464,0,0,200
EDCF-Shield,v1b,FALCON1024+HMAC-SHA512+AES256GCM+DKG4of7,COMPROMISED_CTRL,150,55.97,110,CUMULATIVE,219.5,2080,316584,52720,52,0.857924,0.177413,0.07307,0.037956,0.97561,99.98,31.8,85.25,0.499959,0.500827,1,3,0,0,76,1448,0.262441,1,0.4966,2,3,0,0,V1,1,0.147536,28750.66059,1,0,0,0.852464,1.852464,0,0,200
