ts,scenario,atk_count,cycle,true_label,pred_label,p_benign,p_V1,p_V2,p_V3,attack_conf
19:20:42,v2a,120,0,V2,benign,0.4614,0.1809,0.1520,0.2056,0.5386
19:21:17,v2a,120,1,V2,benign,0.4218,0.1906,0.1629,0.2247,0.5782
19:21:54,v2a,120,2,V2,benign,0.3712,0.2022,0.1783,0.2484,0.6288
19:22:31,v2a,120,3,V2,benign,0.3252,0.2058,0.2024,0.2666,0.6748
19:23:06,v2a,120,4,V2,benign,0.3043,0.2084,0.2126,0.2746,0.6957
19:23:43,v2a,120,5,V2,benign,0.3002,0.2084,0.2151,0.2764,0.6998
19:24:20,v2a,120,6,V2,benign,0.2974,0.2092,0.2163,0.2771,0.7026
19:24:55,v2a,120,7,V2,benign,0.2928,0.2110,0.2180,0.2782,0.7072
19:25:32,v2a,120,8,V2,benign,0.2897,0.2124,0.2190,0.2789,0.7103
19:26:09,v2a,120,9,V2,benign,0.2880,0.2134,0.2195,0.2792,0.7120
19:26:48,v2a,120,10,V2,benign,0.2874,0.2135,0.2198,0.2793,0.7126
19:27:23,v2a,120,11,V2,benign,0.2871,0.2137,0.2198,0.2794,0.7129
19:28:02,v2a,120,12,V2,benign,0.2874,0.2136,0.2197,0.2793,0.7126
19:28:39,v2a,120,13,V2,benign,0.2873,0.2136,0.2198,0.2793,0.7127
19:29:16,v2a,120,14,V2,benign,0.2868,0.2138,0.2199,0.2795,0.7132
19:29:53,v2a,120,15,V2,benign,0.2861,0.2141,0.2200,0.2799,0.7139
19:30:32,v2a,120,16,V2,benign,0.2860,0.2141,0.2201,0.2799,0.7140
19:33:46,v2a,120,0,V2,benign,0.4614,0.1809,0.1520,0.2056,0.5386
19:34:20,v2a,120,1,V2,benign,0.4218,0.1906,0.1629,0.2247,0.5782
19:34:57,v2a,120,2,V2,benign,0.3712,0.2022,0.1783,0.2484,0.6288
19:35:33,v2a,120,3,V2,benign,0.3252,0.2058,0.2024,0.2666,0.6748
19:36:09,v2a,120,4,V2,benign,0.3043,0.2084,0.2126,0.2746,0.6957
19:36:45,v2a,120,5,V2,benign,0.3002,0.2084,0.2151,0.2764,0.6998
19:37:23,v2a,120,6,V2,benign,0.2974,0.2092,0.2163,0.2771,0.7026
19:38:01,v2a,120,7,V2,benign,0.2928,0.2110,0.2180,0.2782,0.7072
19:38:37,v2a,120,8,V2,benign,0.2897,0.2124,0.2190,0.2789,0.7103
19:39:15,v2a,120,9,V2,benign,0.2880,0.2134,0.2195,0.2792,0.7120
19:39:51,v2a,120,10,V2,benign,0.2874,0.2135,0.2198,0.2793,0.7126
19:40:29,v2a,120,11,V2,benign,0.2871,0.2137,0.2198,0.2794,0.7129
19:41:07,v2a,120,12,V2,benign,0.2874,0.2136,0.2197,0.2793,0.7126
19:41:43,v2a,120,13,V2,benign,0.2873,0.2136,0.2198,0.2793,0.7127
19:42:21,v2a,120,14,V2,benign,0.2868,0.2138,0.2199,0.2795,0.7132
19:42:57,v2a,120,15,V2,benign,0.2861,0.2141,0.2200,0.2799,0.7139
19:43:35,v2a,120,16,V2,benign,0.2860,0.2141,0.2201,0.2799,0.7140
19:44:12,v2a,120,17,V2,benign,0.2867,0.2138,0.2199,0.2796,0.7133
19:44:49,v2a,120,18,V2,benign,0.2874,0.2136,0.2198,0.2793,0.7126
19:45:27,v2a,120,19,V2,benign,0.2876,0.2134,0.2197,0.2792,0.7124
19:46:02,v2a,120,20,V2,benign,0.2875,0.2135,0.2198,0.2793,0.7125
19:46:40,v2a,120,21,V2,benign,0.2878,0.2133,0.2197,0.2791,0.7122
19:47:18,v2a,120,22,V2,benign,0.2883,0.2131,0.2196,0.2789,0.7117
19:47:55,v2a,120,23,V2,benign,0.2888,0.2128,0.2195,0.2788,0.7112
19:48:32,v2a,120,24,V2,benign,0.2891,0.2128,0.2194,0.2787,0.7109
19:49:10,v2a,120,25,V2,benign,0.2892,0.2128,0.2193,0.2786,0.7108
19:49:47,v2a,120,26,V2,benign,0.2894,0.2127,0.2193,0.2786,0.7106
19:50:25,v2a,120,27,V2,benign,0.2891,0.2128,0.2194,0.2787,0.7109
19:51:03,v2a,120,28,V2,benign,0.2888,0.2129,0.2194,0.2788,0.7112
19:51:39,v2a,120,29,V2,benign,0.2889,0.2129,0.2194,0.2788,0.7111
19:52:17,v2a,120,30,V2,benign,0.2895,0.2127,0.2192,0.2786,0.7105
19:52:53,v2a,120,31,V2,benign,0.2898,0.2126,0.2191,0.2785,0.7102
19:53:31,v2a,120,32,V2,benign,0.2902,0.2124,0.2190,0.2784,0.7098
19:54:07,v2a,120,33,V2,benign,0.2906,0.2122,0.2189,0.2782,0.7094
19:54:45,v2a,120,34,V2,benign,0.2911,0.2121,0.2188,0.2781,0.7089
19:55:21,v2a,120,35,V2,benign,0.2916,0.2119,0.2186,0.2779,0.7084
19:55:59,v2a,120,36,V2,benign,0.2917,0.2118,0.2186,0.2779,0.7083
19:56:35,v2a,120,37,V2,benign,0.2918,0.2117,0.2186,0.2779,0.7082
19:57:13,v2a,120,38,V2,benign,0.2919,0.2117,0.2186,0.2779,0.7081
19:57:52,v2a,120,39,V2,benign,0.2922,0.2116,0.2184,0.2778,0.7078
19:58:28,v2a,120,40,V2,benign,0.2926,0.2115,0.2183,0.2776,0.7074
20:14:00,v2a,120,0,V2,benign,0.4614,0.1809,0.1520,0.2056,0.5386
20:14:38,v2a,120,1,V2,benign,0.4218,0.1906,0.1629,0.2247,0.5782
20:15:14,v2a,120,2,V2,benign,0.3712,0.2022,0.1783,0.2484,0.6288
20:15:50,v2a,120,3,V2,benign,0.3252,0.2058,0.2024,0.2666,0.6748
20:16:25,v2a,120,4,V2,benign,0.3043,0.2084,0.2126,0.2746,0.6957
20:17:01,v2a,120,5,V2,benign,0.3002,0.2084,0.2151,0.2764,0.6998
20:17:39,v2a,120,6,V2,benign,0.2974,0.2092,0.2163,0.2771,0.7026
20:18:17,v2a,120,7,V2,benign,0.2928,0.2110,0.2180,0.2782,0.7072
20:18:56,v2a,120,8,V2,benign,0.2897,0.2124,0.2190,0.2789,0.7103
20:19:31,v2a,120,9,V2,benign,0.2880,0.2134,0.2195,0.2792,0.7120
20:20:09,v2a,120,10,V2,benign,0.2874,0.2135,0.2198,0.2793,0.7126
20:20:45,v2a,120,11,V2,benign,0.2871,0.2137,0.2198,0.2794,0.7129
20:21:23,v2a,120,12,V2,benign,0.2874,0.2136,0.2197,0.2793,0.7126
20:21:59,v2a,120,13,V2,benign,0.2873,0.2136,0.2198,0.2793,0.7127
20:22:37,v2a,120,14,V2,benign,0.2868,0.2138,0.2199,0.2795,0.7132
20:23:13,v2a,120,15,V2,benign,0.2861,0.2141,0.2200,0.2799,0.7139
20:23:51,v2a,120,16,V2,benign,0.2860,0.2141,0.2201,0.2799,0.7140
20:24:29,v2a,120,17,V2,benign,0.2867,0.2138,0.2199,0.2796,0.7133
20:25:05,v2a,120,18,V2,benign,0.2874,0.2136,0.2198,0.2793,0.7126
20:25:43,v2a,120,19,V2,benign,0.2876,0.2134,0.2197,0.2792,0.7124
20:26:20,v2a,120,20,V2,benign,0.2875,0.2135,0.2198,0.2793,0.7125
20:26:58,v2a,120,21,V2,benign,0.2878,0.2133,0.2197,0.2791,0.7122
20:27:34,v2a,120,22,V2,benign,0.2883,0.2131,0.2196,0.2789,0.7117
20:28:12,v2a,120,23,V2,benign,0.2888,0.2128,0.2195,0.2788,0.7112
20:28:48,v2a,120,24,V2,benign,0.2891,0.2128,0.2194,0.2787,0.7109
20:29:26,v2a,120,25,V2,benign,0.2892,0.2128,0.2193,0.2786,0.7108
20:30:04,v2a,120,26,V2,benign,0.2894,0.2127,0.2193,0.2786,0.7106
20:30:40,v2a,120,27,V2,benign,0.2891,0.2128,0.2194,0.2787,0.7109
20:31:18,v2a,120,28,V2,benign,0.2888,0.2129,0.2194,0.2788,0.7112
20:31:54,v2a,120,29,V2,benign,0.2889,0.2129,0.2194,0.2788,0.7111
20:32:34,v2a,120,30,V2,benign,0.2895,0.2127,0.2192,0.2786,0.7105
20:33:10,v2a,120,31,V2,benign,0.2898,0.2126,0.2191,0.2785,0.7102
20:33:48,v2a,120,32,V2,benign,0.2902,0.2124,0.2190,0.2784,0.7098
20:34:26,v2a,120,33,V2,benign,0.2906,0.2122,0.2189,0.2782,0.7094
20:35:02,v2a,120,34,V2,benign,0.2911,0.2121,0.2188,0.2781,0.7089
20:35:40,v2a,120,35,V2,benign,0.2916,0.2119,0.2186,0.2779,0.7084
20:36:16,v2a,120,36,V2,benign,0.2917,0.2118,0.2186,0.2779,0.7083
20:36:54,v2a,120,37,V2,benign,0.2918,0.2117,0.2186,0.2779,0.7082
20:37:32,v2a,120,38,V2,benign,0.2919,0.2117,0.2186,0.2779,0.7081
20:38:08,v2a,120,39,V2,benign,0.2922,0.2116,0.2184,0.2778,0.7078
20:38:46,v2a,120,40,V2,benign,0.2926,0.2115,0.2183,0.2776,0.7074
20:39:24,v2a,120,41,V2,benign,0.2930,0.2114,0.2181,0.2775,0.7070
20:40:00,v2a,120,42,V2,benign,0.2923,0.2116,0.2183,0.2777,0.7077
20:40:38,v2a,120,43,V2,benign,0.2917,0.2119,0.2185,0.2779,0.7083
20:41:14,v2a,120,44,V2,benign,0.2919,0.2119,0.2184,0.2779,0.7081
20:41:52,v2a,120,45,V2,benign,0.2925,0.2116,0.2182,0.2777,0.7075
20:42:29,v2a,120,46,V2,benign,0.2929,0.2114,0.2182,0.2776,0.7071
20:43:07,v2a,120,47,V2,benign,0.2926,0.2115,0.2183,0.2777,0.7074
20:43:43,v2a,120,48,V2,benign,0.2921,0.2116,0.2185,0.2778,0.7079
20:44:21,v2a,120,49,V2,benign,0.2916,0.2119,0.2186,0.2780,0.7084
20:44:59,v2a,120,50,V2,benign,0.2913,0.2120,0.2186,0.2781,0.7087
20:45:38,v2a,120,51,V2,benign,0.2914,0.2120,0.2186,0.2780,0.7086
20:46:14,v2a,120,52,V2,benign,0.2920,0.2118,0.2184,0.2778,0.7080
20:46:53,v2a,120,53,V2,benign,0.2921,0.2117,0.2184,0.2778,0.7079
20:47:31,v2a,120,54,V2,benign,0.2923,0.2116,0.2184,0.2778,0.7077
20:48:10,v2a,120,55,V2,benign,0.2923,0.2116,0.2184,0.2777,0.7077
20:48:50,v2a,120,56,V2,benign,0.2925,0.2115,0.2183,0.2777,0.7075
20:49:28,v2a,120,57,V2,benign,0.2927,0.2114,0.2182,0.2776,0.7073
08:55:24,v1a,30,0,V1,benign,0.4791,0.1908,0.1375,0.1925,0.5209
08:55:24,v1a,30,1,V1,benign,0.4828,0.1839,0.1391,0.1943,0.5172
08:55:24,v1a,30,2,V1,benign,0.4851,0.1785,0.1405,0.1958,0.5149
08:55:24,v1a,30,3,V1,benign,0.4548,0.1799,0.1558,0.2094,0.5452
08:55:24,v1a,30,4,V1,benign,0.4427,0.1825,0.1625,0.2124,0.5573
08:55:24,v1a,30,5,V1,benign,0.4278,0.1871,0.1678,0.2173,0.5722
08:55:24,v1a,30,6,V1,benign,0.4135,0.1908,0.1741,0.2216,0.5865
08:55:24,v1a,30,7,V1,benign,0.4021,0.1938,0.1790,0.2252,0.5979
08:55:24,v1a,30,8,V1,benign,0.3928,0.1962,0.1826,0.2284,0.6072
08:55:24,v1a,30,9,V1,benign,0.3843,0.1987,0.1856,0.2314,0.6157
08:55:24,v1a,30,10,V1,benign,0.3763,0.2012,0.1883,0.2342,0.6237
08:55:24,v1a,30,11,V1,benign,0.3695,0.2028,0.1906,0.2371,0.6305
08:55:24,v1a,30,12,V1,benign,0.3636,0.2041,0.1927,0.2396,0.6364
08:55:24,v1a,30,13,V1,benign,0.3592,0.2051,0.1945,0.2413,0.6408
08:55:24,v1a,30,14,V1,benign,0.3557,0.2057,0.1960,0.2426,0.6443
08:55:24,v1a,30,15,V1,benign,0.3533,0.2062,0.1973,0.2432,0.6467
08:55:24,v1a,30,16,V1,benign,0.3518,0.2066,0.1983,0.2433,0.6482
08:55:24,v1a,30,17,V1,benign,0.3505,0.2069,0.1993,0.2434,0.6495
08:55:24,v1a,30,18,V1,benign,0.3492,0.2072,0.2002,0.2434,0.6508
08:55:24,v1a,30,19,V1,benign,0.3482,0.2075,0.2010,0.2433,0.6518
08:55:24,v1a,30,20,V1,benign,0.3474,0.2077,0.2017,0.2432,0.6526
08:55:24,v1a,30,21,V1,benign,0.3470,0.2078,0.2022,0.2430,0.6530
08:55:24,v1a,30,22,V1,benign,0.3467,0.2078,0.2026,0.2429,0.6533
08:55:24,v1a,30,23,V1,benign,0.3466,0.2078,0.2029,0.2427,0.6534
08:55:24,v1a,30,24,V1,benign,0.3465,0.2078,0.2032,0.2425,0.6535
08:55:24,v1a,30,25,V1,benign,0.3461,0.2079,0.2035,0.2424,0.6539
08:55:24,v1a,30,26,V1,benign,0.3459,0.2080,0.2038,0.2423,0.6541
08:55:24,v1a,30,27,V1,benign,0.3458,0.2081,0.2041,0.2421,0.6542
08:55:24,v1a,30,28,V1,benign,0.3458,0.2080,0.2042,0.2419,0.6542
08:55:24,v1a,30,29,V1,benign,0.3458,0.2080,0.2044,0.2418,0.6542
08:55:24,v1a,30,30,V1,benign,0.3458,0.2080,0.2045,0.2417,0.6542
08:55:24,v1a,30,31,V1,benign,0.3459,0.2080,0.2046,0.2415,0.6541
08:55:24,v1a,30,32,V1,benign,0.3461,0.2079,0.2046,0.2414,0.6539
08:55:24,v1a,30,33,V1,benign,0.3460,0.2079,0.2048,0.2413,0.6540
08:55:24,v1a,30,34,V1,benign,0.3458,0.2080,0.2050,0.2412,0.6542
08:55:24,v1a,30,35,V1,benign,0.3458,0.2080,0.2051,0.2411,0.6542
08:55:24,v1a,30,36,V1,benign,0.3459,0.2080,0.2052,0.2409,0.6541
08:55:24,v1a,30,37,V1,benign,0.3460,0.2079,0.2052,0.2409,0.6540
08:55:24,v1a,30,38,V1,benign,0.3462,0.2078,0.2052,0.2408,0.6538
08:55:24,v1a,30,39,V1,benign,0.3463,0.2078,0.2052,0.2407,0.6537
08:55:24,v1a,30,40,V1,benign,0.3465,0.2077,0.2052,0.2406,0.6535
08:55:24,v1a,30,41,V1,benign,0.3463,0.2078,0.2053,0.2405,0.6537
08:55:24,v1a,30,42,V1,benign,0.3461,0.2079,0.2055,0.2405,0.6539
08:55:24,v1a,30,43,V1,benign,0.3459,0.2080,0.2057,0.2404,0.6541
08:55:24,v1a,30,44,V1,benign,0.3457,0.2081,0.2059,0.2403,0.6543
08:55:24,v1a,30,45,V1,benign,0.3456,0.2082,0.2060,0.2402,0.6544
08:55:24,v1a,30,46,V1,benign,0.3456,0.2082,0.2061,0.2401,0.6544
08:55:24,v1a,30,47,V1,benign,0.3456,0.2082,0.2062,0.2401,0.6544
08:55:24,v1a,30,48,V1,benign,0.3458,0.2081,0.2062,0.2400,0.6542
08:55:24,v1a,30,49,V1,benign,0.3459,0.2081,0.2061,0.2399,0.6541
08:55:24,v1a,30,50,V1,benign,0.3461,0.2080,0.2061,0.2399,0.6539
08:55:24,v1a,30,51,V1,benign,0.3462,0.2079,0.2061,0.2398,0.6538
08:55:24,v1a,30,52,V1,benign,0.3463,0.2079,0.2060,0.2397,0.6537
08:55:24,v1a,30,53,V1,benign,0.3463,0.2079,0.2061,0.2397,0.6537
08:55:24,v1a,30,54,V1,benign,0.3463,0.2079,0.2061,0.2397,0.6537
08:55:24,v1a,30,55,V1,benign,0.3464,0.2079,0.2062,0.2396,0.6536
08:55:24,v1a,30,56,V1,benign,0.3466,0.2078,0.2061,0.2395,0.6534
08:55:24,v1a,30,57,V1,benign,0.3466,0.2078,0.2061,0.2395,0.6534
08:55:24,v1a,30,58,V1,benign,0.3467,0.2077,0.2061,0.2395,0.6533
08:55:24,v1a,30,59,V1,benign,0.3467,0.2078,0.2061,0.2394,0.6533
08:55:24,v1a,30,60,V1,benign,0.3469,0.2077,0.2061,0.2394,0.6531
08:55:24,v1a,30,61,V1,benign,0.3471,0.2076,0.2060,0.2393,0.6529
08:55:24,v1a,30,62,V1,benign,0.3472,0.2075,0.2060,0.2393,0.6528
08:55:24,v1a,30,63,V1,benign,0.3473,0.2075,0.2060,0.2392,0.6527
08:55:24,v1a,30,64,V1,benign,0.3474,0.2075,0.2059,0.2392,0.6526
08:55:24,v1a,30,65,V1,benign,0.3476,0.2074,0.2059,0.2391,0.6524
08:55:24,v1a,30,66,V1,benign,0.3478,0.2073,0.2058,0.2391,0.6522
08:55:24,v1a,30,67,V1,benign,0.3480,0.2072,0.2057,0.2390,0.6520
08:55:24,v1a,30,68,V1,benign,0.3481,0.2072,0.2057,0.2390,0.6519
08:55:24,v1a,30,69,V1,benign,0.3482,0.2072,0.2057,0.2390,0.6518
08:55:24,v1a,30,70,V1,benign,0.3483,0.2072,0.2057,0.2389,0.6517
08:55:24,v1a,30,71,V1,benign,0.3482,0.2072,0.2057,0.2388,0.6518
08:55:24,v1a,30,72,V1,benign,0.3483,0.2072,0.2058,0.2388,0.6517
08:55:24,v1a,30,73,V1,benign,0.3483,0.2072,0.2058,0.2387,0.6517
08:55:24,v1a,30,74,V1,benign,0.3481,0.2073,0.2059,0.2387,0.6519
08:55:24,v1a,30,75,V1,benign,0.3482,0.2073,0.2059,0.2386,0.6518
08:55:24,v1a,30,76,V1,benign,0.3482,0.2073,0.2060,0.2386,0.6518
08:55:24,v1a,30,77,V1,benign,0.3482,0.2073,0.2060,0.2386,0.6518
08:55:24,v1a,30,78,V1,benign,0.3482,0.2073,0.2060,0.2385,0.6518
08:55:24,v1a,30,79,V1,benign,0.3482,0.2073,0.2060,0.2385,0.6518
08:55:24,v1a,30,80,V1,benign,0.3481,0.2073,0.2061,0.2385,0.6519
08:55:24,v1a,30,81,V1,benign,0.3480,0.2074,0.2061,0.2385,0.6520
08:55:24,v1a,30,82,V1,benign,0.3478,0.2075,0.2063,0.2385,0.6522
08:55:24,v1a,30,83,V1,benign,0.3475,0.2076,0.2064,0.2385,0.6525
08:55:24,v1a,30,84,V1,benign,0.3474,0.2077,0.2065,0.2384,0.6526
08:55:24,v1a,30,85,V1,benign,0.3474,0.2077,0.2066,0.2383,0.6526
08:55:24,v1a,30,86,V1,benign,0.3474,0.2077,0.2066,0.2383,0.6526
08:55:24,v1a,30,87,V1,benign,0.3472,0.2078,0.2067,0.2383,0.6528
08:55:24,v1a,30,88,V1,benign,0.3472,0.2078,0.2067,0.2383,0.6528
08:55:24,v1a,30,89,V1,benign,0.3472,0.2078,0.2067,0.2382,0.6528
08:55:24,v1a,30,90,V1,benign,0.3472,0.2078,0.2067,0.2383,0.6528
08:55:24,v1a,30,91,V1,benign,0.3471,0.2078,0.2068,0.2382,0.6529
08:55:25,v1a,30,92,V1,benign,0.3469,0.2079,0.2069,0.2382,0.6531
08:55:25,v1a,30,93,V1,benign,0.3468,0.2080,0.2070,0.2382,0.6532
08:55:25,v1a,30,94,V1,benign,0.3466,0.2081,0.2072,0.2382,0.6534
08:55:25,v1a,30,95,V1,benign,0.3467,0.2080,0.2071,0.2381,0.6533
08:55:25,v1a,30,96,V1,benign,0.3474,0.2078,0.2068,0.2380,0.6526
08:55:25,v1a,30,97,V1,benign,0.3480,0.2075,0.2066,0.2379,0.6520
08:55:25,v1a,30,98,V1,benign,0.3483,0.2074,0.2064,0.2379,0.6517
08:55:25,v1a,30,99,V1,benign,0.3484,0.2073,0.2063,0.2379,0.6516
08:55:25,v1a,30,100,V1,benign,0.3483,0.2074,0.2064,0.2379,0.6517
08:55:25,v1a,30,101,V1,benign,0.3482,0.2074,0.2065,0.2379,0.6518
08:55:25,v1a,30,102,V1,benign,0.3482,0.2075,0.2066,0.2378,0.6518
08:55:25,v1a,30,103,V1,benign,0.3482,0.2075,0.2066,0.2378,0.6518
08:55:25,v1a,30,104,V1,benign,0.3483,0.2074,0.2065,0.2377,0.6517
08:55:25,v1a,30,105,V1,benign,0.3483,0.2075,0.2065,0.2378,0.6517
08:55:25,v1a,30,106,V1,benign,0.3480,0.2076,0.2066,0.2378,0.6520
08:55:25,v1a,30,107,V1,benign,0.3476,0.2077,0.2069,0.2378,0.6524
08:55:25,v1a,30,108,V1,benign,0.3475,0.2078,0.2070,0.2377,0.6525
08:55:25,v1a,30,109,V1,benign,0.3478,0.2077,0.2070,0.2374,0.6522
08:55:25,v1a,90,0,V1,benign,0.4612,0.1881,0.1503,0.2003,0.5388
08:55:25,v1a,90,1,V1,benign,0.4634,0.1834,0.1498,0.2033,0.5366
08:55:25,v1a,90,2,V1,benign,0.4615,0.1814,0.1512,0.2060,0.5385
08:55:25,v1a,90,3,V1,benign,0.4463,0.1819,0.1602,0.2116,0.5537
08:55:25,v1a,90,4,V1,benign,0.4424,0.1834,0.1612,0.2130,0.5576
08:55:25,v1a,90,5,V1,benign,0.4394,0.1843,0.1625,0.2137,0.5606
08:55:25,v1a,90,6,V1,benign,0.4309,0.1867,0.1663,0.2162,0.5691
08:55:25,v1a,90,7,V1,benign,0.4196,0.1898,0.1713,0.2193,0.5804
08:55:25,v1a,90,8,V1,benign,0.4084,0.1927,0.1763,0.2226,0.5916
08:55:25,v1a,90,9,V1,benign,0.3995,0.1951,0.1799,0.2254,0.6005
08:55:25,v1a,90,10,V1,benign,0.3922,0.1971,0.1827,0.2279,0.6078
08:55:25,v1a,90,11,V1,benign,0.3856,0.1992,0.1850,0.2303,0.6144
08:55:25,v1a,90,12,V1,benign,0.3794,0.2011,0.1869,0.2326,0.6206
08:55:25,v1a,90,13,V1,benign,0.3738,0.2024,0.1887,0.2351,0.6262
08:55:25,v1a,90,14,V1,benign,0.3687,0.2035,0.1905,0.2374,0.6313
08:55:25,v1a,90,15,V1,benign,0.3646,0.2044,0.1919,0.2391,0.6354
08:55:25,v1a,90,16,V1,benign,0.3614,0.2050,0.1933,0.2403,0.6386
08:55:25,v1a,90,17,V1,benign,0.3587,0.2054,0.1945,0.2415,0.6413
08:55:25,v1a,90,18,V1,benign,0.3563,0.2057,0.1957,0.2423,0.6437
08:55:25,v1a,90,19,V1,benign,0.3544,0.2060,0.1968,0.2427,0.6456
08:55:25,v1a,90,20,V1,benign,0.3528,0.2063,0.1978,0.2430,0.6472
08:55:25,v1a,90,21,V1,benign,0.3517,0.2065,0.1987,0.2431,0.6483
08:55:25,v1a,90,22,V1,benign,0.3509,0.2066,0.1993,0.2431,0.6491
08:55:25,v1a,90,23,V1,benign,0.3504,0.2067,0.1997,0.2432,0.6496
08:55:25,v1a,90,24,V1,benign,0.3498,0.2068,0.2002,0.2432,0.6502
08:55:25,v1a,90,25,V1,benign,0.3491,0.2070,0.2007,0.2431,0.6509
08:55:25,v1a,90,26,V1,benign,0.3485,0.2072,0.2013,0.2430,0.6515
08:55:25,v1a,90,27,V1,benign,0.3481,0.2073,0.2017,0.2429,0.6519
08:55:25,v1a,90,28,V1,benign,0.3479,0.2074,0.2020,0.2427,0.6521
08:55:25,v1a,90,29,V1,benign,0.3476,0.2075,0.2023,0.2426,0.6524
08:55:25,v1a,90,30,V1,benign,0.3475,0.2076,0.2026,0.2424,0.6525
08:55:25,v1a,90,31,V1,benign,0.3474,0.2076,0.2028,0.2422,0.6526
08:55:25,v1a,90,32,V1,benign,0.3475,0.2075,0.2029,0.2421,0.6525
08:55:25,v1a,90,33,V1,benign,0.3475,0.2074,0.2030,0.2420,0.6525
08:55:25,v1a,90,34,V1,benign,0.3475,0.2074,0.2031,0.2419,0.6525
08:55:25,v1a,90,35,V1,benign,0.3474,0.2074,0.2033,0.2419,0.6526
08:55:25,v1a,90,36,V1,benign,0.3473,0.2075,0.2035,0.2418,0.6527
08:55:25,v1a,90,37,V1,benign,0.3471,0.2076,0.2037,0.2417,0.6529
08:55:25,v1a,90,38,V1,benign,0.3471,0.2076,0.2038,0.2415,0.6529
08:55:25,v1a,90,39,V1,benign,0.3471,0.2076,0.2039,0.2414,0.6529
08:55:25,v1a,90,40,V1,benign,0.3473,0.2075,0.2039,0.2413,0.6527
08:55:25,v1a,90,41,V1,benign,0.3472,0.2075,0.2040,0.2412,0.6528
08:55:25,v1a,90,42,V1,benign,0.3470,0.2076,0.2042,0.2412,0.6530
08:55:25,v1a,90,43,V1,benign,0.3468,0.2077,0.2044,0.2411,0.6532
08:55:25,v1a,90,44,V1,benign,0.3467,0.2077,0.2046,0.2410,0.6533
08:55:25,v1a,90,45,V1,benign,0.3468,0.2077,0.2047,0.2409,0.6532
08:55:25,v1a,90,46,V1,benign,0.3470,0.2076,0.2046,0.2408,0.6530
08:55:25,v1a,90,47,V1,benign,0.3471,0.2076,0.2046,0.2407,0.6529
08:55:25,v1a,90,48,V1,benign,0.3471,0.2075,0.2046,0.2407,0.6529
08:55:25,v1a,90,49,V1,benign,0.3470,0.2076,0.2048,0.2406,0.6530
08:55:25,v1a,90,50,V1,benign,0.3470,0.2076,0.2049,0.2405,0.6530
08:55:25,v1a,90,51,V1,benign,0.3470,0.2076,0.2049,0.2404,0.6530
08:55:25,v1a,90,52,V1,benign,0.3470,0.2077,0.2050,0.2403,0.6530
08:55:25,v1a,90,53,V1,benign,0.3470,0.2077,0.2051,0.2403,0.6530
08:55:25,v1a,90,54,V1,benign,0.3470,0.2077,0.2051,0.2402,0.6530
08:55:25,v1a,90,55,V1,benign,0.3470,0.2077,0.2052,0.2401,0.6530
08:55:25,v1a,90,56,V1,benign,0.3471,0.2076,0.2052,0.2401,0.6529
08:55:25,v1a,90,57,V1,benign,0.3472,0.2076,0.2052,0.2400,0.6528
08:55:25,v1a,90,58,V1,benign,0.3472,0.2076,0.2053,0.2400,0.6528
08:55:25,v1a,90,59,V1,benign,0.3471,0.2076,0.2053,0.2399,0.6529
08:55:25,v1a,90,60,V1,benign,0.3472,0.2076,0.2053,0.2398,0.6528
08:55:25,v1a,90,61,V1,benign,0.3473,0.2076,0.2053,0.2397,0.6527
08:55:25,v1a,90,62,V1,benign,0.3474,0.2075,0.2053,0.2397,0.6526
08:55:25,v1a,90,63,V1,benign,0.3476,0.2075,0.2053,0.2396,0.6524
08:55:25,v1a,90,64,V1,benign,0.3478,0.2074,0.2052,0.2396,0.6522
08:55:25,v1a,90,65,V1,benign,0.3480,0.2073,0.2051,0.2396,0.6520
08:55:25,v1a,90,66,V1,benign,0.3483,0.2071,0.2050,0.2396,0.6517
08:55:25,v1a,90,67,V1,benign,0.3485,0.2071,0.2049,0.2395,0.6515
08:55:25,v1a,90,68,V1,benign,0.3487,0.2070,0.2048,0.2395,0.6513
08:55:25,v1a,90,69,V1,benign,0.3488,0.2069,0.2048,0.2395,0.6512
08:55:25,v1a,90,70,V1,benign,0.3489,0.2069,0.2047,0.2395,0.6511
08:55:25,v1a,90,71,V1,benign,0.3489,0.2069,0.2048,0.2395,0.6511
08:55:25,v1a,90,72,V1,benign,0.3489,0.2069,0.2048,0.2394,0.6511
08:55:25,v1a,90,73,V1,benign,0.3490,0.2069,0.2048,0.2393,0.6510
08:55:25,v1a,90,74,V1,benign,0.3490,0.2069,0.2048,0.2392,0.6510
08:55:25,v1a,90,75,V1,benign,0.3490,0.2069,0.2049,0.2392,0.6510
08:55:25,v1a,90,76,V1,benign,0.3491,0.2069,0.2049,0.2391,0.6509
08:55:25,v1a,90,77,V1,benign,0.3492,0.2068,0.2048,0.2391,0.6508
08:55:25,v1a,90,78,V1,benign,0.3494,0.2068,0.2048,0.2391,0.6506
08:55:25,v1a,90,79,V1,benign,0.3495,0.2067,0.2047,0.2391,0.6505
08:55:25,v1a,90,80,V1,benign,0.3496,0.2067,0.2047,0.2391,0.6504
08:55:25,v1a,90,81,V1,benign,0.3494,0.2067,0.2047,0.2391,0.6506
08:55:25,v1a,90,82,V1,benign,0.3492,0.2068,0.2049,0.2391,0.6508
08:55:25,v1a,90,83,V1,benign,0.3489,0.2070,0.2052,0.2389,0.6511
08:55:25,v1a,90,84,V1,benign,0.3488,0.2071,0.2053,0.2388,0.6512
08:55:25,v1a,90,85,V1,benign,0.3488,0.2071,0.2053,0.2388,0.6512
08:55:25,v1a,90,86,V1,benign,0.3488,0.2071,0.2054,0.2388,0.6512
08:55:25,v1a,90,87,V1,benign,0.3488,0.2071,0.2054,0.2387,0.6512
08:55:25,v1a,90,88,V1,benign,0.3489,0.2071,0.2054,0.2387,0.6511
08:55:25,v1a,90,89,V1,benign,0.3490,0.2070,0.2053,0.2387,0.6510
08:55:25,v1a,90,90,V1,benign,0.3490,0.2070,0.2053,0.2387,0.6510
08:55:25,v1a,90,91,V1,benign,0.3487,0.2071,0.2055,0.2386,0.6513
08:55:25,v1a,90,92,V1,benign,0.3484,0.2073,0.2057,0.2386,0.6516
08:55:25,v1a,90,93,V1,benign,0.3483,0.2074,0.2059,0.2385,0.6517
08:55:25,v1a,90,94,V1,benign,0.3482,0.2075,0.2060,0.2384,0.6518
08:55:25,v1a,90,95,V1,benign,0.3485,0.2073,0.2058,0.2383,0.6515
08:55:25,v1a,90,96,V1,benign,0.3489,0.2072,0.2056,0.2383,0.6511
08:55:25,v1a,90,97,V1,benign,0.3491,0.2070,0.2055,0.2384,0.6509
08:55:25,v1a,90,98,V1,benign,0.3492,0.2070,0.2054,0.2384,0.6508
08:55:25,v1a,90,99,V1,benign,0.3492,0.2070,0.2055,0.2383,0.6508
08:55:25,v1a,90,100,V1,benign,0.3490,0.2071,0.2056,0.2383,0.6510
08:55:25,v1a,90,101,V1,benign,0.3490,0.2071,0.2057,0.2382,0.6510
08:55:25,v1a,90,102,V1,benign,0.3491,0.2071,0.2057,0.2381,0.6509
08:55:25,v1a,90,103,V1,benign,0.3492,0.2071,0.2056,0.2381,0.6508
08:55:26,v1a,90,104,V1,benign,0.3491,0.2071,0.2057,0.2381,0.6509
08:55:26,v1a,90,105,V1,benign,0.3489,0.2072,0.2058,0.2381,0.6511
08:55:26,v1a,90,106,V1,benign,0.3485,0.2074,0.2060,0.2380,0.6515
08:55:26,v1a,90,107,V1,benign,0.3485,0.2075,0.2061,0.2379,0.6515
08:55:26,v1a,90,108,V1,benign,0.3485,0.2075,0.2062,0.2379,0.6515
08:55:26,v1a,90,109,V1,benign,0.3488,0.2074,0.2062,0.2376,0.6512
08:55:26,v1a,150,0,V1,benign,0.4550,0.1813,0.1569,0.2068,0.5450
08:55:26,v1a,150,1,V1,benign,0.4350,0.1853,0.1649,0.2148,0.5650
08:55:26,v1a,150,2,V1,benign,0.4200,0.1890,0.1714,0.2196,0.5800
08:55:26,v1a,150,3,V1,benign,0.4130,0.1905,0.1750,0.2214,0.5870
08:55:26,v1a,150,4,V1,benign,0.4129,0.1905,0.1751,0.2215,0.5871
08:55:26,v1a,150,5,V1,benign,0.4135,0.1904,0.1748,0.2213,0.5865
08:55:26,v1a,150,6,V1,benign,0.4136,0.1906,0.1746,0.2213,0.5864
08:55:26,v1a,150,7,V1,benign,0.4125,0.1910,0.1749,0.2215,0.5875
08:55:26,v1a,150,8,V1,benign,0.4114,0.1914,0.1754,0.2218,0.5886
08:55:26,v1a,150,9,V1,benign,0.4081,0.1926,0.1766,0.2227,0.5919
08:55:26,v1a,150,10,V1,benign,0.4032,0.1943,0.1785,0.2241,0.5968
08:55:26,v1a,150,11,V1,benign,0.3972,0.1959,0.1808,0.2261,0.6028
08:55:26,v1a,150,12,V1,benign,0.3915,0.1975,0.1828,0.2281,0.6085
08:55:26,v1a,150,13,V1,benign,0.3862,0.1992,0.1845,0.2301,0.6138
08:55:26,v1a,150,14,V1,benign,0.3810,0.2008,0.1861,0.2321,0.6190
08:55:26,v1a,150,15,V1,benign,0.3763,0.2019,0.1875,0.2343,0.6237
08:55:26,v1a,150,16,V1,benign,0.3720,0.2029,0.1889,0.2362,0.6280
08:55:26,v1a,150,17,V1,benign,0.3680,0.2038,0.1901,0.2381,0.6320
08:55:26,v1a,150,18,V1,benign,0.3643,0.2045,0.1916,0.2396,0.6357
08:55:26,v1a,150,19,V1,benign,0.3612,0.2050,0.1930,0.2408,0.6388
08:55:26,v1a,150,20,V1,benign,0.3585,0.2055,0.1943,0.2417,0.6415
08:55:26,v1a,150,21,V1,benign,0.3562,0.2059,0.1953,0.2426,0.6438
08:55:26,v1a,150,22,V1,benign,0.3546,0.2060,0.1964,0.2430,0.6454
08:55:26,v1a,150,23,V1,benign,0.3532,0.2062,0.1972,0.2435,0.6468
08:55:26,v1a,150,24,V1,benign,0.3520,0.2064,0.1979,0.2437,0.6480
08:55:26,v1a,150,25,V1,benign,0.3510,0.2066,0.1987,0.2437,0.6490
08:55:26,v1a,150,26,V1,benign,0.3501,0.2069,0.1994,0.2436,0.6499
08:55:26,v1a,150,27,V1,benign,0.3493,0.2071,0.2000,0.2435,0.6507
08:55:26,v1a,150,28,V1,benign,0.3487,0.2074,0.2006,0.2433,0.6513
08:55:26,v1a,150,29,V1,benign,0.3482,0.2075,0.2011,0.2432,0.6518
08:55:26,v1a,150,30,V1,benign,0.3480,0.2076,0.2014,0.2430,0.6520
08:55:26,v1a,150,31,V1,benign,0.3477,0.2077,0.2018,0.2429,0.6523
08:55:26,v1a,150,32,V1,benign,0.3475,0.2077,0.2020,0.2428,0.6525
08:55:26,v1a,150,33,V1,benign,0.3472,0.2078,0.2023,0.2427,0.6528
08:55:26,v1a,150,34,V1,benign,0.3470,0.2078,0.2026,0.2426,0.6530
08:55:26,v1a,150,35,V1,benign,0.3471,0.2078,0.2027,0.2424,0.6529
08:55:26,v1a,150,36,V1,benign,0.3472,0.2077,0.2028,0.2423,0.6528
08:55:26,v1a,150,37,V1,benign,0.3472,0.2076,0.2029,0.2423,0.6528
08:55:26,v1a,150,38,V1,benign,0.3471,0.2076,0.2030,0.2423,0.6529
08:55:26,v1a,150,39,V1,benign,0.3469,0.2077,0.2032,0.2422,0.6531
08:55:26,v1a,150,40,V1,benign,0.3469,0.2077,0.2034,0.2421,0.6531
08:55:26,v1a,150,41,V1,benign,0.3469,0.2077,0.2035,0.2419,0.6531
08:55:26,v1a,150,42,V1,benign,0.3469,0.2076,0.2036,0.2419,0.6531
08:55:26,v1a,150,43,V1,benign,0.3471,0.2076,0.2036,0.2417,0.6529
08:55:26,v1a,150,44,V1,benign,0.3471,0.2076,0.2037,0.2416,0.6529
08:55:26,v1a,150,45,V1,benign,0.3472,0.2076,0.2038,0.2415,0.6528
08:55:26,v1a,150,46,V1,benign,0.3472,0.2076,0.2038,0.2413,0.6528
08:55:26,v1a,150,47,V1,benign,0.3473,0.2075,0.2039,0.2413,0.6527
08:55:26,v1a,150,48,V1,benign,0.3474,0.2075,0.2039,0.2412,0.6526
08:55:26,v1a,150,49,V1,benign,0.3474,0.2075,0.2040,0.2411,0.6526
08:55:26,v1a,150,50,V1,benign,0.3474,0.2075,0.2041,0.2409,0.6526
08:55:26,v1a,150,51,V1,benign,0.3475,0.2076,0.2042,0.2408,0.6525
08:55:26,v1a,150,52,V1,benign,0.3475,0.2076,0.2043,0.2407,0.6525
08:55:26,v1a,150,53,V1,benign,0.3476,0.2076,0.2043,0.2405,0.6524
08:55:26,v1a,150,54,V1,benign,0.3476,0.2076,0.2044,0.2405,0.6524
08:55:26,v1a,150,55,V1,benign,0.3476,0.2076,0.2044,0.2404,0.6524
08:55:26,v1a,150,56,V1,benign,0.3475,0.2076,0.2045,0.2403,0.6525
08:55:26,v1a,150,57,V1,benign,0.3475,0.2076,0.2046,0.2403,0.6525
08:55:26,v1a,150,58,V1,benign,0.3476,0.2076,0.2046,0.2402,0.6524
08:55:26,v1a,150,59,V1,benign,0.3476,0.2076,0.2047,0.2401,0.6524
08:55:26,v1a,150,60,V1,benign,0.3474,0.2077,0.2048,0.2401,0.6526
08:55:26,v1a,150,61,V1,benign,0.3473,0.2077,0.2050,0.2400,0.6527
08:55:26,v1a,150,62,V1,benign,0.3473,0.2078,0.2050,0.2399,0.6527
08:55:26,v1a,150,63,V1,benign,0.3474,0.2077,0.2050,0.2398,0.6526
08:55:26,v1a,150,64,V1,benign,0.3474,0.2077,0.2051,0.2398,0.6526
08:55:26,v1a,150,65,V1,benign,0.3474,0.2077,0.2051,0.2397,0.6526
08:55:26,v1a,150,66,V1,benign,0.3476,0.2077,0.2051,0.2396,0.6524
08:55:26,v1a,150,67,V1,benign,0.3477,0.2076,0.2051,0.2396,0.6523
08:55:26,v1a,150,68,V1,benign,0.3477,0.2075,0.2050,0.2397,0.6523
08:55:26,v1a,150,69,V1,benign,0.3477,0.2076,0.2051,0.2396,0.6523
08:55:26,v1a,150,70,V1,benign,0.3477,0.2076,0.2051,0.2396,0.6523
08:55:26,v1a,150,71,V1,benign,0.3477,0.2076,0.2052,0.2394,0.6523
08:55:26,v1a,150,72,V1,benign,0.3477,0.2077,0.2053,0.2393,0.6523
08:55:26,v1a,150,73,V1,benign,0.3479,0.2076,0.2053,0.2392,0.6521
08:55:26,v1a,150,74,V1,benign,0.3480,0.2076,0.2052,0.2392,0.6520
08:55:26,v1a,150,75,V1,benign,0.3481,0.2075,0.2052,0.2392,0.6519
08:55:26,v1a,150,76,V1,benign,0.3482,0.2074,0.2051,0.2393,0.6518
08:55:26,v1a,150,77,V1,benign,0.3483,0.2074,0.2051,0.2393,0.6517
08:55:26,v1a,150,78,V1,benign,0.3482,0.2074,0.2051,0.2393,0.6518
08:55:26,v1a,150,79,V1,benign,0.3481,0.2074,0.2052,0.2393,0.6519
08:55:26,v1a,150,80,V1,benign,0.3482,0.2073,0.2052,0.2393,0.6518
08:55:26,v1a,150,81,V1,benign,0.3481,0.2074,0.2053,0.2393,0.6519
08:55:26,v1a,150,82,V1,benign,0.3480,0.2074,0.2054,0.2392,0.6520
08:55:26,v1a,150,83,V1,benign,0.3481,0.2075,0.2054,0.2391,0.6519
08:55:26,v1a,150,84,V1,benign,0.3481,0.2075,0.2054,0.2390,0.6519
08:55:26,v1a,150,85,V1,benign,0.3481,0.2075,0.2055,0.2389,0.6519
08:55:26,v1a,150,86,V1,benign,0.3481,0.2075,0.2056,0.2389,0.6519
08:55:26,v1a,150,87,V1,benign,0.3481,0.2075,0.2056,0.2388,0.6519
08:55:26,v1a,150,88,V1,benign,0.3482,0.2074,0.2056,0.2388,0.6518
08:55:26,v1a,150,89,V1,benign,0.3484,0.2074,0.2055,0.2388,0.6516
08:55:26,v1a,150,90,V1,benign,0.3484,0.2073,0.2055,0.2388,0.6516
08:55:26,v1a,150,91,V1,benign,0.3485,0.2073,0.2054,0.2388,0.6515
08:55:26,v1a,150,92,V1,benign,0.3481,0.2074,0.2056,0.2388,0.6519
08:55:26,v1a,150,93,V1,benign,0.3478,0.2076,0.2059,0.2387,0.6522
08:55:26,v1a,150,94,V1,benign,0.3478,0.2077,0.2060,0.2385,0.6522
08:55:26,v1a,150,95,V1,benign,0.3482,0.2075,0.2058,0.2384,0.6518
08:55:26,v1a,150,96,V1,benign,0.3484,0.2074,0.2057,0.2384,0.6516
08:55:26,v1a,150,97,V1,benign,0.3484,0.2074,0.2057,0.2385,0.6516
08:55:26,v1a,150,98,V1,benign,0.3485,0.2074,0.2057,0.2384,0.6515
08:55:26,v1a,150,99,V1,benign,0.3485,0.2074,0.2057,0.2384,0.6515
08:55:26,v1a,150,100,V1,benign,0.3484,0.2075,0.2057,0.2383,0.6516
08:55:26,v1a,150,101,V1,benign,0.3484,0.2076,0.2058,0.2382,0.6516
08:55:26,v1a,150,102,V1,benign,0.3484,0.2076,0.2059,0.2381,0.6516
08:55:26,v1a,150,103,V1,benign,0.3484,0.2077,0.2059,0.2380,0.6516
08:55:26,v1a,150,104,V1,benign,0.3484,0.2077,0.2059,0.2379,0.6516
08:55:27,v1a,150,105,V1,benign,0.3485,0.2077,0.2060,0.2379,0.6515
08:55:27,v1a,150,106,V1,benign,0.3485,0.2077,0.2060,0.2378,0.6515
08:55:27,v1a,150,107,V1,benign,0.3485,0.2076,0.2060,0.2379,0.6515
08:55:27,v1a,150,108,V1,benign,0.3486,0.2076,0.2059,0.2378,0.6514
08:55:27,v1a,150,109,V1,benign,0.3490,0.2075,0.2060,0.2375,0.6510
08:55:27,v1b,30,0,V1,benign,0.4791,0.1908,0.1375,0.1925,0.5209
08:55:27,v1b,30,1,V1,benign,0.4828,0.1839,0.1391,0.1943,0.5172
08:55:27,v1b,30,2,V1,benign,0.4851,0.1785,0.1405,0.1958,0.5149
08:55:27,v1b,30,3,V1,benign,0.4548,0.1799,0.1558,0.2094,0.5452
08:55:27,v1b,30,4,V1,benign,0.4427,0.1825,0.1625,0.2124,0.5573
08:55:27,v1b,30,5,V1,benign,0.4278,0.1871,0.1678,0.2173,0.5722
08:55:27,v1b,30,6,V1,benign,0.4135,0.1908,0.1741,0.2216,0.5865
08:55:27,v1b,30,7,V1,benign,0.4021,0.1938,0.1790,0.2252,0.5979
08:55:27,v1b,30,8,V1,benign,0.3928,0.1962,0.1826,0.2284,0.6072
08:55:27,v1b,30,9,V1,benign,0.3843,0.1987,0.1856,0.2314,0.6157
08:55:27,v1b,30,10,V1,benign,0.3763,0.2012,0.1883,0.2342,0.6237
08:55:27,v1b,30,11,V1,benign,0.3695,0.2028,0.1906,0.2371,0.6305
08:55:27,v1b,30,12,V1,benign,0.3636,0.2041,0.1927,0.2396,0.6364
08:55:27,v1b,30,13,V1,benign,0.3592,0.2051,0.1945,0.2413,0.6408
08:55:27,v1b,30,14,V1,benign,0.3557,0.2057,0.1960,0.2426,0.6443
08:55:27,v1b,30,15,V1,benign,0.3533,0.2062,0.1973,0.2432,0.6467
08:55:27,v1b,30,16,V1,benign,0.3518,0.2066,0.1983,0.2433,0.6482
08:55:27,v1b,30,17,V1,benign,0.3505,0.2069,0.1993,0.2434,0.6495
08:55:27,v1b,30,18,V1,benign,0.3492,0.2072,0.2002,0.2434,0.6508
08:55:27,v1b,30,19,V1,benign,0.3482,0.2075,0.2010,0.2433,0.6518
08:55:27,v1b,30,20,V1,benign,0.3474,0.2077,0.2017,0.2432,0.6526
08:55:27,v1b,30,21,V1,benign,0.3470,0.2078,0.2022,0.2430,0.6530
08:55:27,v1b,30,22,V1,benign,0.3467,0.2078,0.2026,0.2429,0.6533
08:55:27,v1b,30,23,V1,benign,0.3466,0.2078,0.2029,0.2427,0.6534
08:55:27,v1b,30,24,V1,benign,0.3465,0.2078,0.2032,0.2425,0.6535
08:55:27,v1b,30,25,V1,benign,0.3461,0.2079,0.2035,0.2424,0.6539
08:55:27,v1b,30,26,V1,benign,0.3459,0.2080,0.2038,0.2423,0.6541
08:55:27,v1b,30,27,V1,benign,0.3458,0.2081,0.2041,0.2421,0.6542
08:55:27,v1b,30,28,V1,benign,0.3458,0.2080,0.2042,0.2419,0.6542
08:55:27,v1b,30,29,V1,benign,0.3458,0.2080,0.2044,0.2418,0.6542
08:55:27,v1b,30,30,V1,benign,0.3458,0.2080,0.2045,0.2417,0.6542
08:55:27,v1b,30,31,V1,benign,0.3459,0.2080,0.2046,0.2415,0.6541
08:55:27,v1b,30,32,V1,benign,0.3461,0.2079,0.2046,0.2414,0.6539
08:55:27,v1b,30,33,V1,benign,0.3460,0.2079,0.2048,0.2413,0.6540
08:55:27,v1b,30,34,V1,benign,0.3458,0.2080,0.2050,0.2412,0.6542
08:55:27,v1b,30,35,V1,benign,0.3458,0.2080,0.2051,0.2411,0.6542
08:55:27,v1b,30,36,V1,benign,0.3459,0.2080,0.2052,0.2409,0.6541
08:55:27,v1b,30,37,V1,benign,0.3460,0.2079,0.2052,0.2409,0.6540
08:55:27,v1b,30,38,V1,benign,0.3462,0.2078,0.2052,0.2408,0.6538
08:55:27,v1b,30,39,V1,benign,0.3463,0.2078,0.2052,0.2407,0.6537
08:55:27,v1b,30,40,V1,benign,0.3465,0.2077,0.2052,0.2406,0.6535
08:55:27,v1b,30,41,V1,benign,0.3463,0.2078,0.2053,0.2405,0.6537
08:55:27,v1b,30,42,V1,benign,0.3461,0.2079,0.2055,0.2405,0.6539
08:55:27,v1b,30,43,V1,benign,0.3459,0.2080,0.2057,0.2404,0.6541
08:55:27,v1b,30,44,V1,benign,0.3457,0.2081,0.2059,0.2403,0.6543
08:55:27,v1b,30,45,V1,benign,0.3456,0.2082,0.2060,0.2402,0.6544
08:55:27,v1b,30,46,V1,benign,0.3456,0.2082,0.2061,0.2401,0.6544
08:55:27,v1b,30,47,V1,benign,0.3456,0.2082,0.2062,0.2401,0.6544
08:55:27,v1b,30,48,V1,benign,0.3458,0.2081,0.2062,0.2400,0.6542
08:55:27,v1b,30,49,V1,benign,0.3459,0.2081,0.2061,0.2399,0.6541
08:55:27,v1b,30,50,V1,benign,0.3461,0.2080,0.2061,0.2399,0.6539
08:55:27,v1b,30,51,V1,benign,0.3462,0.2079,0.2061,0.2398,0.6538
08:55:27,v1b,30,52,V1,benign,0.3463,0.2079,0.2060,0.2397,0.6537
08:55:27,v1b,30,53,V1,benign,0.3463,0.2079,0.2061,0.2397,0.6537
08:55:27,v1b,30,54,V1,benign,0.3463,0.2079,0.2061,0.2397,0.6537
08:55:27,v1b,30,55,V1,benign,0.3464,0.2079,0.2062,0.2396,0.6536
08:55:27,v1b,30,56,V1,benign,0.3466,0.2078,0.2061,0.2395,0.6534
08:55:27,v1b,30,57,V1,benign,0.3466,0.2078,0.2061,0.2395,0.6534
08:55:27,v1b,30,58,V1,benign,0.3467,0.2077,0.2061,0.2395,0.6533
08:55:27,v1b,30,59,V1,benign,0.3467,0.2078,0.2061,0.2394,0.6533
08:55:27,v1b,30,60,V1,benign,0.3469,0.2077,0.2061,0.2394,0.6531
08:55:27,v1b,30,61,V1,benign,0.3471,0.2076,0.2060,0.2393,0.6529
08:55:27,v1b,30,62,V1,benign,0.3472,0.2075,0.2060,0.2393,0.6528
08:55:27,v1b,30,63,V1,benign,0.3473,0.2075,0.2060,0.2392,0.6527
08:55:27,v1b,30,64,V1,benign,0.3474,0.2075,0.2059,0.2392,0.6526
08:55:27,v1b,30,65,V1,benign,0.3476,0.2074,0.2059,0.2391,0.6524
08:55:27,v1b,30,66,V1,benign,0.3478,0.2073,0.2058,0.2391,0.6522
08:55:27,v1b,30,67,V1,benign,0.3480,0.2072,0.2057,0.2390,0.6520
08:55:27,v1b,30,68,V1,benign,0.3481,0.2072,0.2057,0.2390,0.6519
08:55:27,v1b,30,69,V1,benign,0.3482,0.2072,0.2057,0.2390,0.6518
08:55:27,v1b,30,70,V1,benign,0.3483,0.2072,0.2057,0.2389,0.6517
08:55:27,v1b,30,71,V1,benign,0.3482,0.2072,0.2057,0.2388,0.6518
08:55:27,v1b,30,72,V1,benign,0.3483,0.2072,0.2058,0.2388,0.6517
08:55:27,v1b,30,73,V1,benign,0.3483,0.2072,0.2058,0.2387,0.6517
08:55:27,v1b,30,74,V1,benign,0.3481,0.2073,0.2059,0.2387,0.6519
08:55:27,v1b,30,75,V1,benign,0.3482,0.2073,0.2059,0.2386,0.6518
08:55:27,v1b,30,76,V1,benign,0.3482,0.2073,0.2060,0.2386,0.6518
08:55:27,v1b,30,77,V1,benign,0.3482,0.2073,0.2060,0.2386,0.6518
08:55:27,v1b,30,78,V1,benign,0.3482,0.2073,0.2060,0.2385,0.6518
08:55:27,v1b,30,79,V1,benign,0.3482,0.2073,0.2060,0.2385,0.6518
08:55:27,v1b,30,80,V1,benign,0.3481,0.2073,0.2061,0.2385,0.6519
08:55:27,v1b,30,81,V1,benign,0.3480,0.2074,0.2061,0.2385,0.6520
08:55:27,v1b,30,82,V1,benign,0.3478,0.2075,0.2063,0.2385,0.6522
08:55:27,v1b,30,83,V1,benign,0.3475,0.2076,0.2064,0.2385,0.6525
08:55:27,v1b,30,84,V1,benign,0.3474,0.2077,0.2065,0.2384,0.6526
08:55:27,v1b,30,85,V1,benign,0.3474,0.2077,0.2066,0.2383,0.6526
08:55:27,v1b,30,86,V1,benign,0.3474,0.2077,0.2066,0.2383,0.6526
08:55:27,v1b,30,87,V1,benign,0.3472,0.2078,0.2067,0.2383,0.6528
08:55:27,v1b,30,88,V1,benign,0.3472,0.2078,0.2067,0.2383,0.6528
08:55:27,v1b,30,89,V1,benign,0.3472,0.2078,0.2067,0.2382,0.6528
08:55:27,v1b,30,90,V1,benign,0.3472,0.2078,0.2067,0.2383,0.6528
08:55:27,v1b,30,91,V1,benign,0.3471,0.2078,0.2068,0.2382,0.6529
08:55:27,v1b,30,92,V1,benign,0.3469,0.2079,0.2069,0.2382,0.6531
08:55:27,v1b,30,93,V1,benign,0.3468,0.2080,0.2070,0.2382,0.6532
08:55:27,v1b,30,94,V1,benign,0.3466,0.2081,0.2072,0.2382,0.6534
08:55:27,v1b,30,95,V1,benign,0.3467,0.2080,0.2071,0.2381,0.6533
08:55:27,v1b,30,96,V1,benign,0.3474,0.2078,0.2068,0.2380,0.6526
08:55:27,v1b,30,97,V1,benign,0.3480,0.2075,0.2066,0.2379,0.6520
08:55:27,v1b,30,98,V1,benign,0.3483,0.2074,0.2064,0.2379,0.6517
08:55:27,v1b,30,99,V1,benign,0.3484,0.2073,0.2063,0.2379,0.6516
08:55:27,v1b,30,100,V1,benign,0.3483,0.2074,0.2064,0.2379,0.6517
08:55:27,v1b,30,101,V1,benign,0.3482,0.2074,0.2065,0.2379,0.6518
08:55:27,v1b,30,102,V1,benign,0.3482,0.2075,0.2066,0.2378,0.6518
08:55:27,v1b,30,103,V1,benign,0.3482,0.2075,0.2066,0.2378,0.6518
08:55:27,v1b,30,104,V1,benign,0.3483,0.2074,0.2065,0.2377,0.6517
08:55:27,v1b,30,105,V1,benign,0.3483,0.2075,0.2065,0.2378,0.6517
08:55:27,v1b,30,106,V1,benign,0.3480,0.2076,0.2066,0.2378,0.6520
08:55:27,v1b,30,107,V1,benign,0.3476,0.2077,0.2069,0.2378,0.6524
08:55:27,v1b,30,108,V1,benign,0.3475,0.2078,0.2070,0.2377,0.6525
08:55:27,v1b,30,109,V1,benign,0.3478,0.2077,0.2070,0.2374,0.6522
08:55:27,v1b,90,0,V1,benign,0.4612,0.1881,0.1503,0.2003,0.5388
08:55:27,v1b,90,1,V1,benign,0.4634,0.1834,0.1498,0.2033,0.5366
08:55:27,v1b,90,2,V1,benign,0.4615,0.1814,0.1512,0.2060,0.5385
08:55:27,v1b,90,3,V1,benign,0.4463,0.1819,0.1602,0.2116,0.5537
08:55:27,v1b,90,4,V1,benign,0.4424,0.1834,0.1612,0.2130,0.5576
08:55:28,v1b,90,5,V1,benign,0.4394,0.1843,0.1625,0.2137,0.5606
08:55:28,v1b,90,6,V1,benign,0.4309,0.1867,0.1663,0.2162,0.5691
08:55:28,v1b,90,7,V1,benign,0.4196,0.1898,0.1713,0.2193,0.5804
08:55:28,v1b,90,8,V1,benign,0.4084,0.1927,0.1763,0.2226,0.5916
08:55:28,v1b,90,9,V1,benign,0.3995,0.1951,0.1799,0.2254,0.6005
08:55:28,v1b,90,10,V1,benign,0.3922,0.1971,0.1827,0.2279,0.6078
08:55:28,v1b,90,11,V1,benign,0.3856,0.1992,0.1850,0.2303,0.6144
08:55:28,v1b,90,12,V1,benign,0.3794,0.2011,0.1869,0.2326,0.6206
08:55:28,v1b,90,13,V1,benign,0.3738,0.2024,0.1887,0.2351,0.6262
08:55:28,v1b,90,14,V1,benign,0.3687,0.2035,0.1905,0.2374,0.6313
08:55:28,v1b,90,15,V1,benign,0.3646,0.2044,0.1919,0.2391,0.6354
08:55:28,v1b,90,16,V1,benign,0.3614,0.2050,0.1933,0.2403,0.6386
08:55:28,v1b,90,17,V1,benign,0.3587,0.2054,0.1945,0.2415,0.6413
08:55:28,v1b,90,18,V1,benign,0.3563,0.2057,0.1957,0.2423,0.6437
08:55:28,v1b,90,19,V1,benign,0.3544,0.2060,0.1968,0.2427,0.6456
08:55:28,v1b,90,20,V1,benign,0.3528,0.2063,0.1978,0.2430,0.6472
08:55:28,v1b,90,21,V1,benign,0.3517,0.2065,0.1987,0.2431,0.6483
08:55:28,v1b,90,22,V1,benign,0.3509,0.2066,0.1993,0.2431,0.6491
08:55:28,v1b,90,23,V1,benign,0.3504,0.2067,0.1997,0.2432,0.6496
08:55:28,v1b,90,24,V1,benign,0.3498,0.2068,0.2002,0.2432,0.6502
08:55:28,v1b,90,25,V1,benign,0.3491,0.2070,0.2007,0.2431,0.6509
08:55:28,v1b,90,26,V1,benign,0.3485,0.2072,0.2013,0.2430,0.6515
08:55:28,v1b,90,27,V1,benign,0.3481,0.2073,0.2017,0.2429,0.6519
08:55:28,v1b,90,28,V1,benign,0.3479,0.2074,0.2020,0.2427,0.6521
08:55:28,v1b,90,29,V1,benign,0.3476,0.2075,0.2023,0.2426,0.6524
08:55:28,v1b,90,30,V1,benign,0.3475,0.2076,0.2026,0.2424,0.6525
08:55:28,v1b,90,31,V1,benign,0.3474,0.2076,0.2028,0.2422,0.6526
08:55:28,v1b,90,32,V1,benign,0.3475,0.2075,0.2029,0.2421,0.6525
08:55:28,v1b,90,33,V1,benign,0.3475,0.2074,0.2030,0.2420,0.6525
08:55:28,v1b,90,34,V1,benign,0.3475,0.2074,0.2031,0.2419,0.6525
08:55:28,v1b,90,35,V1,benign,0.3474,0.2074,0.2033,0.2419,0.6526
08:55:28,v1b,90,36,V1,benign,0.3473,0.2075,0.2035,0.2418,0.6527
08:55:28,v1b,90,37,V1,benign,0.3471,0.2076,0.2037,0.2417,0.6529
08:55:28,v1b,90,38,V1,benign,0.3471,0.2076,0.2038,0.2415,0.6529
08:55:28,v1b,90,39,V1,benign,0.3471,0.2076,0.2039,0.2414,0.6529
08:55:28,v1b,90,40,V1,benign,0.3473,0.2075,0.2039,0.2413,0.6527
08:55:28,v1b,90,41,V1,benign,0.3472,0.2075,0.2040,0.2412,0.6528
08:55:28,v1b,90,42,V1,benign,0.3470,0.2076,0.2042,0.2412,0.6530
08:55:28,v1b,90,43,V1,benign,0.3468,0.2077,0.2044,0.2411,0.6532
08:55:28,v1b,90,44,V1,benign,0.3467,0.2077,0.2046,0.2410,0.6533
08:55:28,v1b,90,45,V1,benign,0.3468,0.2077,0.2047,0.2409,0.6532
08:55:28,v1b,90,46,V1,benign,0.3470,0.2076,0.2046,0.2408,0.6530
08:55:28,v1b,90,47,V1,benign,0.3471,0.2076,0.2046,0.2407,0.6529
08:55:28,v1b,90,48,V1,benign,0.3471,0.2075,0.2046,0.2407,0.6529
08:55:28,v1b,90,49,V1,benign,0.3470,0.2076,0.2048,0.2406,0.6530
08:55:28,v1b,90,50,V1,benign,0.3470,0.2076,0.2049,0.2405,0.6530
08:55:28,v1b,90,51,V1,benign,0.3470,0.2076,0.2049,0.2404,0.6530
08:55:28,v1b,90,52,V1,benign,0.3470,0.2077,0.2050,0.2403,0.6530
08:55:28,v1b,90,53,V1,benign,0.3470,0.2077,0.2051,0.2403,0.6530
08:55:28,v1b,90,54,V1,benign,0.3470,0.2077,0.2051,0.2402,0.6530
08:55:28,v1b,90,55,V1,benign,0.3470,0.2077,0.2052,0.2401,0.6530
08:55:28,v1b,90,56,V1,benign,0.3471,0.2076,0.2052,0.2401,0.6529
08:55:28,v1b,90,57,V1,benign,0.3472,0.2076,0.2052,0.2400,0.6528
08:55:28,v1b,90,58,V1,benign,0.3472,0.2076,0.2053,0.2400,0.6528
08:55:28,v1b,90,59,V1,benign,0.3471,0.2076,0.2053,0.2399,0.6529
08:55:28,v1b,90,60,V1,benign,0.3472,0.2076,0.2053,0.2398,0.6528
08:55:28,v1b,90,61,V1,benign,0.3473,0.2076,0.2053,0.2397,0.6527
08:55:28,v1b,90,62,V1,benign,0.3474,0.2075,0.2053,0.2397,0.6526
08:55:28,v1b,90,63,V1,benign,0.3476,0.2075,0.2053,0.2396,0.6524
08:55:28,v1b,90,64,V1,benign,0.3478,0.2074,0.2052,0.2396,0.6522
08:55:28,v1b,90,65,V1,benign,0.3480,0.2073,0.2051,0.2396,0.6520
08:55:28,v1b,90,66,V1,benign,0.3483,0.2071,0.2050,0.2396,0.6517
08:55:28,v1b,90,67,V1,benign,0.3485,0.2071,0.2049,0.2395,0.6515
08:55:28,v1b,90,68,V1,benign,0.3487,0.2070,0.2048,0.2395,0.6513
08:55:28,v1b,90,69,V1,benign,0.3488,0.2069,0.2048,0.2395,0.6512
08:55:28,v1b,90,70,V1,benign,0.3489,0.2069,0.2047,0.2395,0.6511
08:55:28,v1b,90,71,V1,benign,0.3489,0.2069,0.2048,0.2395,0.6511
08:55:28,v1b,90,72,V1,benign,0.3489,0.2069,0.2048,0.2394,0.6511
08:55:28,v1b,90,73,V1,benign,0.3490,0.2069,0.2048,0.2393,0.6510
08:55:28,v1b,90,74,V1,benign,0.3490,0.2069,0.2048,0.2392,0.6510
08:55:28,v1b,90,75,V1,benign,0.3490,0.2069,0.2049,0.2392,0.6510
08:55:28,v1b,90,76,V1,benign,0.3491,0.2069,0.2049,0.2391,0.6509
08:55:28,v1b,90,77,V1,benign,0.3492,0.2068,0.2048,0.2391,0.6508
08:55:28,v1b,90,78,V1,benign,0.3494,0.2068,0.2048,0.2391,0.6506
08:55:28,v1b,90,79,V1,benign,0.3495,0.2067,0.2047,0.2391,0.6505
08:55:28,v1b,90,80,V1,benign,0.3496,0.2067,0.2047,0.2391,0.6504
08:55:28,v1b,90,81,V1,benign,0.3494,0.2067,0.2047,0.2391,0.6506
08:55:28,v1b,90,82,V1,benign,0.3492,0.2068,0.2049,0.2391,0.6508
08:55:28,v1b,90,83,V1,benign,0.3489,0.2070,0.2052,0.2389,0.6511
08:55:28,v1b,90,84,V1,benign,0.3488,0.2071,0.2053,0.2388,0.6512
08:55:28,v1b,90,85,V1,benign,0.3488,0.2071,0.2053,0.2388,0.6512
08:55:28,v1b,90,86,V1,benign,0.3488,0.2071,0.2054,0.2388,0.6512
08:55:28,v1b,90,87,V1,benign,0.3488,0.2071,0.2054,0.2387,0.6512
08:55:28,v1b,90,88,V1,benign,0.3489,0.2071,0.2054,0.2387,0.6511
08:55:28,v1b,90,89,V1,benign,0.3490,0.2070,0.2053,0.2387,0.6510
08:55:28,v1b,90,90,V1,benign,0.3490,0.2070,0.2053,0.2387,0.6510
08:55:28,v1b,90,91,V1,benign,0.3487,0.2071,0.2055,0.2386,0.6513
08:55:28,v1b,90,92,V1,benign,0.3484,0.2073,0.2057,0.2386,0.6516
08:55:28,v1b,90,93,V1,benign,0.3483,0.2074,0.2059,0.2385,0.6517
08:55:28,v1b,90,94,V1,benign,0.3482,0.2075,0.2060,0.2384,0.6518
08:55:28,v1b,90,95,V1,benign,0.3485,0.2073,0.2058,0.2383,0.6515
08:55:28,v1b,90,96,V1,benign,0.3489,0.2072,0.2056,0.2383,0.6511
08:55:28,v1b,90,97,V1,benign,0.3491,0.2070,0.2055,0.2384,0.6509
08:55:28,v1b,90,98,V1,benign,0.3492,0.2070,0.2054,0.2384,0.6508
08:55:28,v1b,90,99,V1,benign,0.3492,0.2070,0.2055,0.2383,0.6508
08:55:28,v1b,90,100,V1,benign,0.3490,0.2071,0.2056,0.2383,0.6510
08:55:28,v1b,90,101,V1,benign,0.3490,0.2071,0.2057,0.2382,0.6510
08:55:28,v1b,90,102,V1,benign,0.3491,0.2071,0.2057,0.2381,0.6509
08:55:28,v1b,90,103,V1,benign,0.3492,0.2071,0.2056,0.2381,0.6508
08:55:28,v1b,90,104,V1,benign,0.3491,0.2071,0.2057,0.2381,0.6509
08:55:28,v1b,90,105,V1,benign,0.3489,0.2072,0.2058,0.2381,0.6511
08:55:28,v1b,90,106,V1,benign,0.3485,0.2074,0.2060,0.2380,0.6515
08:55:28,v1b,90,107,V1,benign,0.3485,0.2075,0.2061,0.2379,0.6515
08:55:28,v1b,90,108,V1,benign,0.3485,0.2075,0.2062,0.2379,0.6515
08:55:28,v1b,90,109,V1,benign,0.3488,0.2074,0.2062,0.2376,0.6512
08:55:28,v1b,150,0,V1,benign,0.4550,0.1813,0.1569,0.2068,0.5450
08:55:28,v1b,150,1,V1,benign,0.4350,0.1853,0.1649,0.2148,0.5650
08:55:28,v1b,150,2,V1,benign,0.4200,0.1890,0.1714,0.2196,0.5800
08:55:28,v1b,150,3,V1,benign,0.4130,0.1905,0.1750,0.2214,0.5870
08:55:28,v1b,150,4,V1,benign,0.4129,0.1905,0.1751,0.2215,0.5871
08:55:28,v1b,150,5,V1,benign,0.4135,0.1904,0.1748,0.2213,0.5865
08:55:28,v1b,150,6,V1,benign,0.4136,0.1906,0.1746,0.2213,0.5864
08:55:28,v1b,150,7,V1,benign,0.4125,0.1910,0.1749,0.2215,0.5875
08:55:28,v1b,150,8,V1,benign,0.4114,0.1914,0.1754,0.2218,0.5886
08:55:28,v1b,150,9,V1,benign,0.4081,0.1926,0.1766,0.2227,0.5919
08:55:28,v1b,150,10,V1,benign,0.4032,0.1943,0.1785,0.2241,0.5968
08:55:28,v1b,150,11,V1,benign,0.3972,0.1959,0.1808,0.2261,0.6028
08:55:28,v1b,150,12,V1,benign,0.3915,0.1975,0.1828,0.2281,0.6085
08:55:28,v1b,150,13,V1,benign,0.3862,0.1992,0.1845,0.2301,0.6138
08:55:28,v1b,150,14,V1,benign,0.3810,0.2008,0.1861,0.2321,0.6190
08:55:29,v1b,150,15,V1,benign,0.3763,0.2019,0.1875,0.2343,0.6237
08:55:29,v1b,150,16,V1,benign,0.3720,0.2029,0.1889,0.2362,0.6280
08:55:29,v1b,150,17,V1,benign,0.3680,0.2038,0.1901,0.2381,0.6320
08:55:29,v1b,150,18,V1,benign,0.3643,0.2045,0.1916,0.2396,0.6357
08:55:29,v1b,150,19,V1,benign,0.3612,0.2050,0.1930,0.2408,0.6388
08:55:29,v1b,150,20,V1,benign,0.3585,0.2055,0.1943,0.2417,0.6415
08:55:29,v1b,150,21,V1,benign,0.3562,0.2059,0.1953,0.2426,0.6438
08:55:29,v1b,150,22,V1,benign,0.3546,0.2060,0.1964,0.2430,0.6454
08:55:29,v1b,150,23,V1,benign,0.3532,0.2062,0.1972,0.2435,0.6468
08:55:29,v1b,150,24,V1,benign,0.3520,0.2064,0.1979,0.2437,0.6480
08:55:29,v1b,150,25,V1,benign,0.3510,0.2066,0.1987,0.2437,0.6490
08:55:29,v1b,150,26,V1,benign,0.3501,0.2069,0.1994,0.2436,0.6499
08:55:29,v1b,150,27,V1,benign,0.3493,0.2071,0.2000,0.2435,0.6507
08:55:29,v1b,150,28,V1,benign,0.3487,0.2074,0.2006,0.2433,0.6513
08:55:29,v1b,150,29,V1,benign,0.3482,0.2075,0.2011,0.2432,0.6518
08:55:29,v1b,150,30,V1,benign,0.3480,0.2076,0.2014,0.2430,0.6520
08:55:29,v1b,150,31,V1,benign,0.3477,0.2077,0.2018,0.2429,0.6523
08:55:29,v1b,150,32,V1,benign,0.3475,0.2077,0.2020,0.2428,0.6525
08:55:29,v1b,150,33,V1,benign,0.3472,0.2078,0.2023,0.2427,0.6528
08:55:29,v1b,150,34,V1,benign,0.3470,0.2078,0.2026,0.2426,0.6530
08:55:29,v1b,150,35,V1,benign,0.3471,0.2078,0.2027,0.2424,0.6529
08:55:29,v1b,150,36,V1,benign,0.3472,0.2077,0.2028,0.2423,0.6528
08:55:29,v1b,150,37,V1,benign,0.3472,0.2076,0.2029,0.2423,0.6528
08:55:29,v1b,150,38,V1,benign,0.3471,0.2076,0.2030,0.2423,0.6529
08:55:29,v1b,150,39,V1,benign,0.3469,0.2077,0.2032,0.2422,0.6531
08:55:29,v1b,150,40,V1,benign,0.3469,0.2077,0.2034,0.2421,0.6531
08:55:29,v1b,150,41,V1,benign,0.3469,0.2077,0.2035,0.2419,0.6531
08:55:29,v1b,150,42,V1,benign,0.3469,0.2076,0.2036,0.2419,0.6531
08:55:29,v1b,150,43,V1,benign,0.3471,0.2076,0.2036,0.2417,0.6529
08:55:29,v1b,150,44,V1,benign,0.3471,0.2076,0.2037,0.2416,0.6529
08:55:29,v1b,150,45,V1,benign,0.3472,0.2076,0.2038,0.2415,0.6528
08:55:29,v1b,150,46,V1,benign,0.3472,0.2076,0.2038,0.2413,0.6528
08:55:29,v1b,150,47,V1,benign,0.3473,0.2075,0.2039,0.2413,0.6527
08:55:29,v1b,150,48,V1,benign,0.3474,0.2075,0.2039,0.2412,0.6526
08:55:29,v1b,150,49,V1,benign,0.3474,0.2075,0.2040,0.2411,0.6526
08:55:29,v1b,150,50,V1,benign,0.3474,0.2075,0.2041,0.2409,0.6526
08:55:29,v1b,150,51,V1,benign,0.3475,0.2076,0.2042,0.2408,0.6525
08:55:29,v1b,150,52,V1,benign,0.3475,0.2076,0.2043,0.2407,0.6525
08:55:29,v1b,150,53,V1,benign,0.3476,0.2076,0.2043,0.2405,0.6524
08:55:29,v1b,150,54,V1,benign,0.3476,0.2076,0.2044,0.2405,0.6524
08:55:29,v1b,150,55,V1,benign,0.3476,0.2076,0.2044,0.2404,0.6524
08:55:29,v1b,150,56,V1,benign,0.3475,0.2076,0.2045,0.2403,0.6525
08:55:29,v1b,150,57,V1,benign,0.3475,0.2076,0.2046,0.2403,0.6525
08:55:29,v1b,150,58,V1,benign,0.3476,0.2076,0.2046,0.2402,0.6524
08:55:29,v1b,150,59,V1,benign,0.3476,0.2076,0.2047,0.2401,0.6524
08:55:29,v1b,150,60,V1,benign,0.3474,0.2077,0.2048,0.2401,0.6526
08:55:29,v1b,150,61,V1,benign,0.3473,0.2077,0.2050,0.2400,0.6527
08:55:29,v1b,150,62,V1,benign,0.3473,0.2078,0.2050,0.2399,0.6527
08:55:29,v1b,150,63,V1,benign,0.3474,0.2077,0.2050,0.2398,0.6526
08:55:29,v1b,150,64,V1,benign,0.3474,0.2077,0.2051,0.2398,0.6526
08:55:29,v1b,150,65,V1,benign,0.3474,0.2077,0.2051,0.2397,0.6526
08:55:29,v1b,150,66,V1,benign,0.3476,0.2077,0.2051,0.2396,0.6524
08:55:29,v1b,150,67,V1,benign,0.3477,0.2076,0.2051,0.2396,0.6523
08:55:29,v1b,150,68,V1,benign,0.3477,0.2075,0.2050,0.2397,0.6523
08:55:29,v1b,150,69,V1,benign,0.3477,0.2076,0.2051,0.2396,0.6523
08:55:29,v1b,150,70,V1,benign,0.3477,0.2076,0.2051,0.2396,0.6523
08:55:29,v1b,150,71,V1,benign,0.3477,0.2076,0.2052,0.2394,0.6523
08:55:29,v1b,150,72,V1,benign,0.3477,0.2077,0.2053,0.2393,0.6523
08:55:29,v1b,150,73,V1,benign,0.3479,0.2076,0.2053,0.2392,0.6521
08:55:29,v1b,150,74,V1,benign,0.3480,0.2076,0.2052,0.2392,0.6520
08:55:29,v1b,150,75,V1,benign,0.3481,0.2075,0.2052,0.2392,0.6519
08:55:29,v1b,150,76,V1,benign,0.3482,0.2074,0.2051,0.2393,0.6518
08:55:29,v1b,150,77,V1,benign,0.3483,0.2074,0.2051,0.2393,0.6517
08:55:29,v1b,150,78,V1,benign,0.3482,0.2074,0.2051,0.2393,0.6518
08:55:29,v1b,150,79,V1,benign,0.3481,0.2074,0.2052,0.2393,0.6519
08:55:29,v1b,150,80,V1,benign,0.3482,0.2073,0.2052,0.2393,0.6518
08:55:29,v1b,150,81,V1,benign,0.3481,0.2074,0.2053,0.2393,0.6519
08:55:29,v1b,150,82,V1,benign,0.3480,0.2074,0.2054,0.2392,0.6520
08:55:29,v1b,150,83,V1,benign,0.3481,0.2075,0.2054,0.2391,0.6519
08:55:29,v1b,150,84,V1,benign,0.3481,0.2075,0.2054,0.2390,0.6519
08:55:29,v1b,150,85,V1,benign,0.3481,0.2075,0.2055,0.2389,0.6519
08:55:29,v1b,150,86,V1,benign,0.3481,0.2075,0.2056,0.2389,0.6519
08:55:29,v1b,150,87,V1,benign,0.3481,0.2075,0.2056,0.2388,0.6519
08:55:29,v1b,150,88,V1,benign,0.3482,0.2074,0.2056,0.2388,0.6518
08:55:29,v1b,150,89,V1,benign,0.3484,0.2074,0.2055,0.2388,0.6516
08:55:29,v1b,150,90,V1,benign,0.3484,0.2073,0.2055,0.2388,0.6516
08:55:29,v1b,150,91,V1,benign,0.3485,0.2073,0.2054,0.2388,0.6515
08:55:29,v1b,150,92,V1,benign,0.3481,0.2074,0.2056,0.2388,0.6519
08:55:29,v1b,150,93,V1,benign,0.3478,0.2076,0.2059,0.2387,0.6522
08:55:29,v1b,150,94,V1,benign,0.3478,0.2077,0.2060,0.2385,0.6522
08:55:29,v1b,150,95,V1,benign,0.3482,0.2075,0.2058,0.2384,0.6518
08:55:29,v1b,150,96,V1,benign,0.3484,0.2074,0.2057,0.2384,0.6516
08:55:29,v1b,150,97,V1,benign,0.3484,0.2074,0.2057,0.2385,0.6516
08:55:29,v1b,150,98,V1,benign,0.3485,0.2074,0.2057,0.2384,0.6515
08:55:29,v1b,150,99,V1,benign,0.3485,0.2074,0.2057,0.2384,0.6515
08:55:29,v1b,150,100,V1,benign,0.3484,0.2075,0.2057,0.2383,0.6516
08:55:29,v1b,150,101,V1,benign,0.3484,0.2076,0.2058,0.2382,0.6516
08:55:29,v1b,150,102,V1,benign,0.3484,0.2076,0.2059,0.2381,0.6516
08:55:29,v1b,150,103,V1,benign,0.3484,0.2077,0.2059,0.2380,0.6516
08:55:29,v1b,150,104,V1,benign,0.3484,0.2077,0.2059,0.2379,0.6516
08:55:29,v1b,150,105,V1,benign,0.3485,0.2077,0.2060,0.2379,0.6515
08:55:29,v1b,150,106,V1,benign,0.3485,0.2077,0.2060,0.2378,0.6515
08:55:29,v1b,150,107,V1,benign,0.3485,0.2076,0.2060,0.2379,0.6515
08:55:29,v1b,150,108,V1,benign,0.3486,0.2076,0.2059,0.2378,0.6514
08:55:29,v1b,150,109,V1,benign,0.3490,0.2075,0.2060,0.2375,0.6510
08:55:29,v2a,30,0,V2,benign,0.4791,0.1908,0.1375,0.1925,0.5209
08:55:29,v2a,30,1,V2,benign,0.4877,0.1781,0.1392,0.1950,0.5123
08:55:29,v2a,30,2,V2,benign,0.4521,0.1854,0.1496,0.2128,0.5479
08:55:29,v2a,30,3,V2,benign,0.3727,0.1944,0.1847,0.2482,0.6273
08:55:29,v2a,30,4,V2,benign,0.3299,0.2067,0.1993,0.2640,0.6701
08:55:29,v2a,30,5,V2,benign,0.3205,0.2087,0.2033,0.2675,0.6795
08:55:29,v2a,30,6,V2,benign,0.3151,0.2097,0.2057,0.2695,0.6849
08:55:29,v2a,30,7,V2,benign,0.3120,0.2105,0.2070,0.2705,0.6880
08:55:29,v2a,30,8,V2,benign,0.3095,0.2107,0.2085,0.2714,0.6905
08:55:29,v2a,30,9,V2,benign,0.3065,0.2106,0.2102,0.2727,0.6935
08:55:29,v2a,30,10,V2,benign,0.3031,0.2107,0.2117,0.2745,0.6969
08:55:29,v2a,30,11,V2,benign,0.3005,0.2105,0.2131,0.2759,0.6995
08:55:29,v2a,30,12,V2,benign,0.2986,0.2106,0.2139,0.2769,0.7014
08:55:29,v2a,30,13,V2,benign,0.2974,0.2104,0.2147,0.2775,0.7026
08:55:29,v2a,30,14,V2,benign,0.2964,0.2104,0.2151,0.2780,0.7036
08:55:29,v2a,30,15,V2,benign,0.2958,0.2101,0.2158,0.2783,0.7042
08:55:29,v2a,30,16,V2,benign,0.2949,0.2103,0.2160,0.2788,0.7051
08:55:29,v2a,30,17,V2,benign,0.2944,0.2104,0.2163,0.2789,0.7056
08:55:29,v2a,30,18,V2,benign,0.2940,0.2108,0.2161,0.2790,0.7060
08:55:29,v2a,30,19,V2,benign,0.2936,0.2115,0.2159,0.2790,0.7064
08:55:29,v2a,30,20,V2,benign,0.2942,0.2113,0.2160,0.2785,0.7058
08:55:30,v2a,30,21,V2,benign,0.2942,0.2111,0.2161,0.2786,0.7058
08:55:30,v2a,30,22,V2,benign,0.2934,0.2112,0.2164,0.2790,0.7066
08:55:30,v2a,30,23,V2,benign,0.2932,0.2113,0.2164,0.2791,0.7068
08:55:30,v2a,30,24,V2,benign,0.2932,0.2116,0.2162,0.2790,0.7068
08:55:30,v2a,30,25,V2,benign,0.2937,0.2120,0.2157,0.2786,0.7063
08:55:30,v2a,30,26,V2,benign,0.2945,0.2123,0.2152,0.2781,0.7055
08:55:30,v2a,30,27,V2,benign,0.2946,0.2121,0.2153,0.2780,0.7054
08:55:30,v2a,30,28,V2,benign,0.2943,0.2117,0.2158,0.2782,0.7057
08:55:30,v2a,30,29,V2,benign,0.2935,0.2118,0.2160,0.2787,0.7065
08:55:30,v2a,30,30,V2,benign,0.2932,0.2120,0.2160,0.2788,0.7068
08:55:30,v2a,30,31,V2,benign,0.2934,0.2119,0.2160,0.2787,0.7066
08:55:30,v2a,30,32,V2,benign,0.2933,0.2116,0.2163,0.2788,0.7067
08:55:30,v2a,30,33,V2,benign,0.2927,0.2118,0.2164,0.2791,0.7073
08:55:30,v2a,30,34,V2,benign,0.2930,0.2122,0.2159,0.2789,0.7070
08:55:30,v2a,30,35,V2,benign,0.2943,0.2125,0.2151,0.2781,0.7057
08:55:30,v2a,30,36,V2,benign,0.2954,0.2126,0.2146,0.2774,0.7046
08:55:30,v2a,30,37,V2,benign,0.2959,0.2126,0.2144,0.2772,0.7041
08:55:30,v2a,30,38,V2,benign,0.2959,0.2125,0.2144,0.2772,0.7041
08:55:30,v2a,30,39,V2,benign,0.2960,0.2125,0.2143,0.2771,0.7040
08:55:30,v2a,30,40,V2,benign,0.2964,0.2126,0.2141,0.2769,0.7036
08:55:30,v2a,30,41,V2,benign,0.2969,0.2127,0.2138,0.2766,0.7031
08:55:30,v2a,30,42,V2,benign,0.2963,0.2124,0.2143,0.2769,0.7037
08:55:30,v2a,30,43,V2,benign,0.2958,0.2127,0.2143,0.2772,0.7042
08:55:30,v2a,30,44,V2,benign,0.2957,0.2128,0.2143,0.2772,0.7043
08:55:30,v2a,30,45,V2,benign,0.2963,0.2128,0.2140,0.2769,0.7037
08:55:30,v2a,30,46,V2,benign,0.2963,0.2128,0.2140,0.2769,0.7037
08:55:30,v2a,30,47,V2,benign,0.2960,0.2127,0.2142,0.2771,0.7040
08:55:30,v2a,30,48,V2,benign,0.2953,0.2126,0.2147,0.2775,0.7047
08:55:30,v2a,30,49,V2,benign,0.2944,0.2125,0.2152,0.2780,0.7056
08:55:30,v2a,30,50,V2,benign,0.2938,0.2125,0.2154,0.2783,0.7062
08:55:30,v2a,30,51,V2,benign,0.2938,0.2125,0.2154,0.2783,0.7062
08:55:30,v2a,30,52,V2,benign,0.2938,0.2123,0.2156,0.2783,0.7062
08:55:30,v2a,30,53,V2,benign,0.2935,0.2123,0.2156,0.2785,0.7065
08:55:30,v2a,30,54,V2,benign,0.2937,0.2125,0.2154,0.2784,0.7063
08:55:30,v2a,30,55,V2,benign,0.2939,0.2125,0.2154,0.2783,0.7061
08:55:30,v2a,30,56,V2,benign,0.2938,0.2124,0.2155,0.2783,0.7062
08:55:30,v2a,30,57,V2,benign,0.2933,0.2123,0.2159,0.2786,0.7067
08:55:30,v2a,30,58,V2,benign,0.2928,0.2123,0.2161,0.2789,0.7072
08:55:30,v2a,30,59,V2,benign,0.2929,0.2125,0.2158,0.2788,0.7071
08:55:30,v2a,30,60,V2,benign,0.2933,0.2126,0.2155,0.2785,0.7067
08:55:30,v2a,30,61,V2,benign,0.2939,0.2127,0.2152,0.2782,0.7061
08:55:30,v2a,30,62,V2,benign,0.2945,0.2127,0.2149,0.2779,0.7055
08:55:30,v2a,30,63,V2,benign,0.2944,0.2127,0.2150,0.2779,0.7056
08:55:30,v2a,30,64,V2,benign,0.2941,0.2126,0.2152,0.2781,0.7059
08:55:30,v2a,30,65,V2,benign,0.2944,0.2128,0.2148,0.2779,0.7056
08:55:30,v2a,30,66,V2,benign,0.2954,0.2129,0.2144,0.2774,0.7046
08:55:30,v2a,30,67,V2,benign,0.2964,0.2129,0.2139,0.2768,0.7036
08:55:30,v2a,30,68,V2,benign,0.2969,0.2129,0.2136,0.2765,0.7031
08:55:30,v2a,30,69,V2,benign,0.2972,0.2130,0.2134,0.2763,0.7028
08:55:30,v2a,30,70,V2,benign,0.2972,0.2129,0.2135,0.2764,0.7028
08:55:30,v2a,30,71,V2,benign,0.2969,0.2129,0.2136,0.2765,0.7031
08:55:30,v2a,30,72,V2,benign,0.2966,0.2129,0.2138,0.2767,0.7034
08:55:30,v2a,30,73,V2,benign,0.2961,0.2129,0.2140,0.2769,0.7039
08:55:30,v2a,30,74,V2,benign,0.2951,0.2128,0.2146,0.2774,0.7049
08:55:30,v2a,30,75,V2,benign,0.2939,0.2128,0.2152,0.2781,0.7061
08:55:30,v2a,30,76,V2,benign,0.2932,0.2129,0.2155,0.2785,0.7068
08:55:30,v2a,30,77,V2,benign,0.2927,0.2127,0.2159,0.2787,0.7073
08:55:30,v2a,30,78,V2,benign,0.2923,0.2124,0.2162,0.2790,0.7077
08:55:30,v2a,30,79,V2,benign,0.2918,0.2125,0.2164,0.2793,0.7082
08:55:30,v2a,30,80,V2,benign,0.2917,0.2125,0.2164,0.2793,0.7083
08:55:30,v2a,30,81,V2,benign,0.2919,0.2125,0.2164,0.2793,0.7081
08:55:30,v2a,30,82,V2,benign,0.2918,0.2126,0.2163,0.2793,0.7082
08:55:30,v2a,30,83,V2,benign,0.2920,0.2125,0.2163,0.2792,0.7080
08:55:30,v2a,30,84,V2,benign,0.2919,0.2126,0.2163,0.2793,0.7081
08:55:30,v2a,30,85,V2,benign,0.2917,0.2126,0.2164,0.2793,0.7083
08:55:30,v2a,30,86,V2,benign,0.2917,0.2126,0.2164,0.2793,0.7083
08:55:30,v2a,30,87,V2,benign,0.2916,0.2126,0.2165,0.2794,0.7084
08:55:30,v2a,30,88,V2,benign,0.2917,0.2127,0.2163,0.2793,0.7083
08:55:30,v2a,30,89,V2,benign,0.2919,0.2126,0.2163,0.2792,0.7081
08:55:30,v2a,30,90,V2,benign,0.2921,0.2126,0.2161,0.2791,0.7079
08:55:30,v2a,30,91,V2,benign,0.2923,0.2128,0.2159,0.2790,0.7077
08:55:30,v2a,30,92,V2,benign,0.2929,0.2130,0.2155,0.2786,0.7071
08:55:30,v2a,30,93,V2,benign,0.2933,0.2130,0.2154,0.2784,0.7067
08:55:30,v2a,30,94,V2,benign,0.2931,0.2129,0.2155,0.2785,0.7069
08:55:30,v2a,30,95,V2,benign,0.2928,0.2128,0.2157,0.2786,0.7072
08:55:30,v2a,30,96,V2,benign,0.2923,0.2124,0.2163,0.2790,0.7077
08:55:30,v2a,30,97,V2,benign,0.2915,0.2123,0.2167,0.2795,0.7085
08:55:30,v2a,30,98,V2,benign,0.2909,0.2121,0.2172,0.2799,0.7091
08:55:30,v2a,30,99,V2,benign,0.2906,0.2121,0.2173,0.2800,0.7094
08:55:30,v2a,30,100,V2,benign,0.2904,0.2123,0.2172,0.2801,0.7096
08:55:30,v2a,30,101,V2,benign,0.2905,0.2126,0.2169,0.2799,0.7095
08:55:30,v2a,30,102,V2,benign,0.2909,0.2127,0.2167,0.2797,0.7091
08:55:30,v2a,30,103,V2,benign,0.2910,0.2128,0.2167,0.2796,0.7090
08:55:30,v2a,30,104,V2,benign,0.2909,0.2129,0.2166,0.2796,0.7091
08:55:30,v2a,30,105,V2,benign,0.2912,0.2132,0.2163,0.2794,0.7088
08:55:30,v2a,30,106,V2,benign,0.2931,0.2135,0.2151,0.2783,0.7069
08:55:30,v2a,30,107,V2,benign,0.2951,0.2134,0.2142,0.2772,0.7049
08:55:30,v2a,30,108,V2,benign,0.2960,0.2133,0.2139,0.2767,0.7040
08:55:30,v2a,30,109,V2,benign,0.2986,0.2132,0.2127,0.2755,0.7014
08:55:30,v2a,90,0,V2,benign,0.4612,0.1881,0.1503,0.2003,0.5388
08:55:30,v2a,90,1,V2,benign,0.4397,0.1898,0.1556,0.2149,0.5603
08:55:30,v2a,90,2,V2,benign,0.4039,0.1967,0.1664,0.2330,0.5961
08:55:30,v2a,90,3,V2,benign,0.3376,0.2028,0.1976,0.2621,0.6624
08:55:30,v2a,90,4,V2,benign,0.3104,0.2076,0.2097,0.2722,0.6896
08:55:30,v2a,90,5,V2,benign,0.3028,0.2080,0.2138,0.2755,0.6972
08:55:30,v2a,90,6,V2,benign,0.3006,0.2083,0.2148,0.2762,0.6994
08:55:30,v2a,90,7,V2,benign,0.3001,0.2086,0.2151,0.2762,0.6999
08:55:30,v2a,90,8,V2,benign,0.2998,0.2088,0.2152,0.2762,0.7002
08:55:30,v2a,90,9,V2,benign,0.2995,0.2090,0.2153,0.2761,0.7005
08:55:30,v2a,90,10,V2,benign,0.2994,0.2091,0.2154,0.2761,0.7006
08:55:30,v2a,90,11,V2,benign,0.2992,0.2092,0.2155,0.2761,0.7008
08:55:30,v2a,90,12,V2,benign,0.2992,0.2092,0.2156,0.2760,0.7008
08:55:30,v2a,90,13,V2,benign,0.2989,0.2092,0.2158,0.2761,0.7011
08:55:30,v2a,90,14,V2,benign,0.2986,0.2093,0.2159,0.2762,0.7014
08:55:30,v2a,90,15,V2,benign,0.2984,0.2094,0.2160,0.2762,0.7016
08:55:30,v2a,90,16,V2,benign,0.2986,0.2093,0.2160,0.2761,0.7014
08:55:30,v2a,90,17,V2,benign,0.2987,0.2093,0.2159,0.2760,0.7013
08:55:30,v2a,90,18,V2,benign,0.2985,0.2094,0.2160,0.2761,0.7015
08:55:30,v2a,90,19,V2,benign,0.2983,0.2095,0.2160,0.2761,0.7017
08:55:30,v2a,90,20,V2,benign,0.2984,0.2095,0.2160,0.2761,0.7016
08:55:30,v2a,90,21,V2,benign,0.2987,0.2094,0.2159,0.2760,0.7013
08:55:30,v2a,90,22,V2,benign,0.2987,0.2094,0.2159,0.2760,0.7013
08:55:30,v2a,90,23,V2,benign,0.2987,0.2093,0.2160,0.2760,0.7013
08:55:30,v2a,90,24,V2,benign,0.2982,0.2095,0.2161,0.2761,0.7018
08:55:30,v2a,90,25,V2,benign,0.2977,0.2096,0.2163,0.2763,0.7023
08:55:30,v2a,90,26,V2,benign,0.2974,0.2097,0.2165,0.2765,0.7026
08:55:30,v2a,90,27,V2,benign,0.2972,0.2097,0.2165,0.2765,0.7028
08:55:30,v2a,90,28,V2,benign,0.2971,0.2098,0.2166,0.2766,0.7029
08:55:30,v2a,90,29,V2,benign,0.2971,0.2098,0.2165,0.2765,0.7029
08:55:30,v2a,90,30,V2,benign,0.2972,0.2099,0.2164,0.2765,0.7028
08:55:31,v2a,90,31,V2,benign,0.2975,0.2099,0.2162,0.2764,0.7025
08:55:31,v2a,90,32,V2,benign,0.2979,0.2097,0.2161,0.2762,0.7021
08:55:31,v2a,90,33,V2,benign,0.2982,0.2096,0.2161,0.2761,0.7018
08:55:31,v2a,90,34,V2,benign,0.2982,0.2096,0.2160,0.2762,0.7018
08:55:31,v2a,90,35,V2,benign,0.2981,0.2096,0.2161,0.2762,0.7019
08:55:31,v2a,90,36,V2,benign,0.2979,0.2097,0.2161,0.2763,0.7021
08:55:31,v2a,90,37,V2,benign,0.2978,0.2097,0.2161,0.2763,0.7022
08:55:31,v2a,90,38,V2,benign,0.2979,0.2097,0.2161,0.2763,0.7021
08:55:31,v2a,90,39,V2,benign,0.2978,0.2097,0.2161,0.2764,0.7022
08:55:31,v2a,90,40,V2,benign,0.2978,0.2097,0.2161,0.2764,0.7022
08:55:31,v2a,90,41,V2,benign,0.2976,0.2098,0.2161,0.2765,0.7024
08:55:31,v2a,90,42,V2,benign,0.2975,0.2098,0.2162,0.2765,0.7025
08:55:31,v2a,90,43,V2,benign,0.2971,0.2100,0.2163,0.2766,0.7029
08:55:31,v2a,90,44,V2,benign,0.2967,0.2101,0.2163,0.2768,0.7033
08:55:31,v2a,90,45,V2,benign,0.2966,0.2101,0.2164,0.2769,0.7034
08:55:31,v2a,90,46,V2,benign,0.2970,0.2099,0.2163,0.2767,0.7030
08:55:31,v2a,90,47,V2,benign,0.2972,0.2098,0.2163,0.2767,0.7028
08:55:31,v2a,90,48,V2,benign,0.2973,0.2098,0.2163,0.2766,0.7027
08:55:31,v2a,90,49,V2,benign,0.2972,0.2099,0.2163,0.2766,0.7028
08:55:31,v2a,90,50,V2,benign,0.2973,0.2098,0.2163,0.2766,0.7027
08:55:31,v2a,90,51,V2,benign,0.2973,0.2098,0.2163,0.2766,0.7027
08:55:31,v2a,90,52,V2,benign,0.2972,0.2099,0.2163,0.2766,0.7028
08:55:31,v2a,90,53,V2,benign,0.2971,0.2099,0.2163,0.2767,0.7029
08:55:31,v2a,90,54,V2,benign,0.2970,0.2099,0.2164,0.2767,0.7030
08:55:31,v2a,90,55,V2,benign,0.2970,0.2099,0.2164,0.2768,0.7030
08:55:31,v2a,90,56,V2,benign,0.2970,0.2098,0.2164,0.2768,0.7030
08:55:31,v2a,90,57,V2,benign,0.2971,0.2098,0.2164,0.2767,0.7029
08:55:31,v2a,90,58,V2,benign,0.2973,0.2096,0.2164,0.2767,0.7027
08:55:31,v2a,90,59,V2,benign,0.2971,0.2097,0.2164,0.2768,0.7029
08:55:31,v2a,90,60,V2,benign,0.2969,0.2097,0.2164,0.2769,0.7031
08:55:31,v2a,90,61,V2,benign,0.2969,0.2098,0.2164,0.2769,0.7031
08:55:31,v2a,90,62,V2,benign,0.2969,0.2098,0.2164,0.2769,0.7031
08:55:31,v2a,90,63,V2,benign,0.2969,0.2098,0.2164,0.2769,0.7031
08:55:31,v2a,90,64,V2,benign,0.2969,0.2098,0.2164,0.2769,0.7031
08:55:31,v2a,90,65,V2,benign,0.2969,0.2098,0.2164,0.2769,0.7031
08:55:31,v2a,90,66,V2,benign,0.2971,0.2097,0.2164,0.2768,0.7029
08:55:31,v2a,90,67,V2,benign,0.2970,0.2098,0.2164,0.2769,0.7030
08:55:31,v2a,90,68,V2,benign,0.2970,0.2097,0.2164,0.2768,0.7030
08:55:31,v2a,90,69,V2,benign,0.2969,0.2098,0.2164,0.2769,0.7031
08:55:31,v2a,90,70,V2,benign,0.2970,0.2098,0.2164,0.2769,0.7030
08:55:31,v2a,90,71,V2,benign,0.2968,0.2098,0.2165,0.2769,0.7032
08:55:31,v2a,90,72,V2,benign,0.2965,0.2099,0.2166,0.2771,0.7035
08:55:31,v2a,90,73,V2,benign,0.2965,0.2099,0.2166,0.2771,0.7035
08:55:31,v2a,90,74,V2,benign,0.2964,0.2099,0.2166,0.2771,0.7036
08:55:31,v2a,90,75,V2,benign,0.2964,0.2099,0.2166,0.2771,0.7036
08:55:31,v2a,90,76,V2,benign,0.2964,0.2099,0.2166,0.2771,0.7036
08:55:31,v2a,90,77,V2,benign,0.2964,0.2099,0.2166,0.2771,0.7036
08:55:31,v2a,90,78,V2,benign,0.2966,0.2099,0.2166,0.2770,0.7034
08:55:31,v2a,90,79,V2,benign,0.2966,0.2098,0.2166,0.2770,0.7034
08:55:31,v2a,90,80,V2,benign,0.2964,0.2099,0.2166,0.2771,0.7036
08:55:31,v2a,90,81,V2,benign,0.2961,0.2100,0.2166,0.2772,0.7039
08:55:31,v2a,90,82,V2,benign,0.2959,0.2101,0.2167,0.2773,0.7041
08:55:31,v2a,90,83,V2,benign,0.2957,0.2102,0.2167,0.2774,0.7043
08:55:31,v2a,90,84,V2,benign,0.2959,0.2101,0.2167,0.2773,0.7041
08:55:31,v2a,90,85,V2,benign,0.2959,0.2101,0.2168,0.2772,0.7041
08:55:31,v2a,90,86,V2,benign,0.2959,0.2100,0.2168,0.2772,0.7041
08:55:31,v2a,90,87,V2,benign,0.2958,0.2101,0.2169,0.2772,0.7042
08:55:31,v2a,90,88,V2,benign,0.2958,0.2100,0.2169,0.2773,0.7042
08:55:31,v2a,90,89,V2,benign,0.2955,0.2101,0.2170,0.2774,0.7045
08:55:31,v2a,90,90,V2,benign,0.2955,0.2101,0.2170,0.2775,0.7045
08:55:31,v2a,90,91,V2,benign,0.2952,0.2102,0.2170,0.2776,0.7048
08:55:31,v2a,90,92,V2,benign,0.2949,0.2103,0.2171,0.2777,0.7051
08:55:31,v2a,90,93,V2,benign,0.2946,0.2104,0.2172,0.2778,0.7054
08:55:31,v2a,90,94,V2,benign,0.2944,0.2105,0.2172,0.2779,0.7056
08:55:31,v2a,90,95,V2,benign,0.2945,0.2104,0.2172,0.2779,0.7055
08:55:31,v2a,90,96,V2,benign,0.2948,0.2103,0.2171,0.2778,0.7052
08:55:31,v2a,90,97,V2,benign,0.2951,0.2102,0.2170,0.2777,0.7049
08:55:31,v2a,90,98,V2,benign,0.2953,0.2101,0.2170,0.2776,0.7047
08:55:31,v2a,90,99,V2,benign,0.2949,0.2103,0.2171,0.2778,0.7051
08:55:31,v2a,90,100,V2,benign,0.2942,0.2105,0.2172,0.2780,0.7058
08:55:31,v2a,90,101,V2,benign,0.2941,0.2106,0.2173,0.2780,0.7059
08:55:31,v2a,90,102,V2,benign,0.2942,0.2106,0.2173,0.2780,0.7058
08:55:31,v2a,90,103,V2,benign,0.2944,0.2105,0.2172,0.2779,0.7056
08:55:31,v2a,90,104,V2,benign,0.2945,0.2105,0.2171,0.2778,0.7055
08:55:31,v2a,90,105,V2,benign,0.2945,0.2106,0.2171,0.2779,0.7055
08:55:31,v2a,90,106,V2,benign,0.2942,0.2107,0.2172,0.2780,0.7058
08:55:31,v2a,90,107,V2,benign,0.2939,0.2108,0.2172,0.2780,0.7061
08:55:31,v2a,90,108,V2,benign,0.2935,0.2109,0.2173,0.2782,0.7065
08:55:31,v2a,90,109,V2,benign,0.2892,0.2127,0.2177,0.2804,0.7108
08:55:31,v2a,150,0,V2,benign,0.4550,0.1813,0.1569,0.2068,0.5450
08:55:31,v2a,150,1,V2,benign,0.4039,0.1960,0.1694,0.2306,0.5961
08:55:31,v2a,150,2,V2,benign,0.3534,0.2060,0.1847,0.2560,0.6466
08:55:31,v2a,150,3,V2,benign,0.3125,0.2084,0.2075,0.2716,0.6875
08:55:31,v2a,150,4,V2,benign,0.2986,0.2095,0.2151,0.2767,0.7014
08:55:31,v2a,150,5,V2,benign,0.2972,0.2092,0.2164,0.2772,0.7028
08:55:31,v2a,150,6,V2,benign,0.2946,0.2103,0.2175,0.2777,0.7054
08:55:31,v2a,150,7,V2,benign,0.2874,0.2130,0.2200,0.2796,0.7126
08:55:31,v2a,150,8,V2,V3,0.2802,0.2158,0.2212,0.2828,0.7198
08:55:31,v2a,150,9,V2,V3,0.2745,0.2182,0.2221,0.2852,0.7255
08:55:31,v2a,150,10,V2,V3,0.2719,0.2196,0.2224,0.2861,0.7281
08:55:31,v2a,150,11,V2,V3,0.2714,0.2199,0.2224,0.2863,0.7286
08:55:31,v2a,150,12,V2,V3,0.2717,0.2197,0.2224,0.2862,0.7283
08:55:31,v2a,150,13,V2,V3,0.2720,0.2195,0.2224,0.2861,0.7280
08:55:31,v2a,150,14,V2,V3,0.2716,0.2197,0.2224,0.2862,0.7284
08:55:31,v2a,150,15,V2,V3,0.2710,0.2201,0.2226,0.2864,0.7290
08:55:31,v2a,150,16,V2,V3,0.2708,0.2200,0.2226,0.2865,0.7292
08:55:31,v2a,150,17,V2,V3,0.2712,0.2197,0.2226,0.2865,0.7288
08:55:31,v2a,150,18,V2,V3,0.2720,0.2192,0.2226,0.2862,0.7280
08:55:31,v2a,150,19,V2,V3,0.2726,0.2188,0.2226,0.2860,0.7274
08:55:31,v2a,150,20,V2,V3,0.2726,0.2188,0.2226,0.2860,0.7274
08:55:31,v2a,150,21,V2,V3,0.2731,0.2186,0.2225,0.2858,0.7269
08:55:31,v2a,150,22,V2,V3,0.2738,0.2183,0.2224,0.2855,0.7262
08:55:31,v2a,150,23,V2,V3,0.2744,0.2180,0.2224,0.2852,0.7256
08:55:31,v2a,150,24,V2,V3,0.2747,0.2180,0.2222,0.2851,0.7253
08:55:31,v2a,150,25,V2,V3,0.2751,0.2179,0.2222,0.2849,0.7249
08:55:31,v2a,150,26,V2,V3,0.2754,0.2177,0.2221,0.2847,0.7246
08:55:31,v2a,150,27,V2,V3,0.2753,0.2178,0.2222,0.2847,0.7247
08:55:31,v2a,150,28,V2,V3,0.2751,0.2179,0.2222,0.2848,0.7249
08:55:31,v2a,150,29,V2,V3,0.2751,0.2179,0.2222,0.2848,0.7249
08:55:31,v2a,150,30,V2,V3,0.2758,0.2176,0.2221,0.2846,0.7242
08:55:31,v2a,150,31,V2,V3,0.2764,0.2174,0.2220,0.2843,0.7236
08:55:31,v2a,150,32,V2,V3,0.2771,0.2170,0.2219,0.2840,0.7229
08:55:31,v2a,150,33,V2,V3,0.2774,0.2169,0.2219,0.2838,0.7226
08:55:31,v2a,150,34,V2,V3,0.2779,0.2168,0.2217,0.2836,0.7221
08:55:31,v2a,150,35,V2,V3,0.2789,0.2164,0.2216,0.2832,0.7211
08:55:31,v2a,150,36,V2,V3,0.2792,0.2162,0.2216,0.2830,0.7208
08:55:31,v2a,150,37,V2,V3,0.2794,0.2161,0.2216,0.2830,0.7206
08:55:31,v2a,150,38,V2,V3,0.2794,0.2161,0.2216,0.2829,0.7206
08:55:31,v2a,150,39,V2,V3,0.2800,0.2159,0.2215,0.2826,0.7200
08:55:31,v2a,150,40,V2,V3,0.2811,0.2155,0.2213,0.2821,0.7189
08:55:31,v2a,150,41,V2,benign,0.2820,0.2152,0.2211,0.2817,0.7180
08:55:31,v2a,150,42,V2,V3,0.2814,0.2154,0.2212,0.2820,0.7186
08:55:31,v2a,150,43,V2,V3,0.2808,0.2156,0.2213,0.2823,0.7192
08:55:31,v2a,150,44,V2,V3,0.2808,0.2156,0.2213,0.2823,0.7192
08:55:31,v2a,150,45,V2,V3,0.2817,0.2153,0.2211,0.2818,0.7183
08:55:32,v2a,150,46,V2,benign,0.2818,0.2152,0.2211,0.2818,0.7182
08:55:32,v2a,150,47,V2,V3,0.2812,0.2155,0.2212,0.2821,0.7188
08:55:32,v2a,150,48,V2,V3,0.2802,0.2158,0.2214,0.2826,0.7198
08:55:32,v2a,150,49,V2,V3,0.2795,0.2161,0.2215,0.2829,0.7205
08:55:32,v2a,150,50,V2,V3,0.2791,0.2163,0.2215,0.2831,0.7209
08:55:32,v2a,150,51,V2,V3,0.2794,0.2162,0.2215,0.2829,0.7206
08:55:32,v2a,150,52,V2,V3,0.2799,0.2160,0.2214,0.2827,0.7201
08:55:32,v2a,150,53,V2,V3,0.2800,0.2159,0.2214,0.2827,0.7200
08:55:32,v2a,150,54,V2,V3,0.2801,0.2159,0.2214,0.2826,0.7199
08:55:32,v2a,150,55,V2,V3,0.2802,0.2159,0.2213,0.2826,0.7198
08:55:32,v2a,150,56,V2,V3,0.2806,0.2158,0.2213,0.2824,0.7194
08:55:32,v2a,150,57,V2,V3,0.2809,0.2157,0.2212,0.2823,0.7191
08:55:32,v2a,150,58,V2,V3,0.2813,0.2155,0.2211,0.2821,0.7187
08:55:32,v2a,150,59,V2,V3,0.2815,0.2154,0.2211,0.2820,0.7185
08:55:32,v2a,150,60,V2,V3,0.2815,0.2154,0.2211,0.2820,0.7185
08:55:32,v2a,150,61,V2,V3,0.2814,0.2155,0.2211,0.2820,0.7186
08:55:32,v2a,150,62,V2,V3,0.2816,0.2154,0.2211,0.2819,0.7184
08:55:32,v2a,150,63,V2,benign,0.2820,0.2153,0.2209,0.2817,0.7180
08:55:32,v2a,150,64,V2,benign,0.2825,0.2151,0.2209,0.2815,0.7175
08:55:32,v2a,150,65,V2,benign,0.2828,0.2150,0.2208,0.2813,0.7172
08:55:32,v2a,150,66,V2,benign,0.2832,0.2149,0.2207,0.2812,0.7168
08:55:32,v2a,150,67,V2,benign,0.2831,0.2149,0.2208,0.2812,0.7169
08:55:32,v2a,150,68,V2,benign,0.2829,0.2150,0.2208,0.2813,0.7171
08:55:32,v2a,150,69,V2,benign,0.2824,0.2152,0.2208,0.2816,0.7176
08:55:32,v2a,150,70,V2,benign,0.2821,0.2153,0.2209,0.2817,0.7179
08:55:32,v2a,150,71,V2,benign,0.2822,0.2152,0.2210,0.2817,0.7178
08:55:32,v2a,150,72,V2,benign,0.2825,0.2150,0.2209,0.2815,0.7175
08:55:32,v2a,150,73,V2,benign,0.2827,0.2150,0.2209,0.2814,0.7173
08:55:32,v2a,150,74,V2,benign,0.2822,0.2152,0.2210,0.2817,0.7178
08:55:32,v2a,150,75,V2,benign,0.2824,0.2151,0.2210,0.2816,0.7176
08:55:32,v2a,150,76,V2,benign,0.2826,0.2150,0.2209,0.2814,0.7174
08:55:32,v2a,150,77,V2,benign,0.2834,0.2148,0.2207,0.2810,0.7166
08:55:32,v2a,150,78,V2,benign,0.2836,0.2147,0.2207,0.2810,0.7164
08:55:32,v2a,150,79,V2,benign,0.2836,0.2147,0.2207,0.2810,0.7164
08:55:32,v2a,150,80,V2,benign,0.2834,0.2147,0.2208,0.2811,0.7166
08:55:32,v2a,150,81,V2,benign,0.2832,0.2148,0.2208,0.2811,0.7168
08:55:32,v2a,150,82,V2,benign,0.2833,0.2148,0.2208,0.2811,0.7167
08:55:32,v2a,150,83,V2,benign,0.2830,0.2149,0.2208,0.2812,0.7170
08:55:32,v2a,150,84,V2,benign,0.2821,0.2151,0.2211,0.2817,0.7179
08:55:32,v2a,150,85,V2,V3,0.2815,0.2153,0.2212,0.2820,0.7185
08:55:32,v2a,150,86,V2,V3,0.2802,0.2159,0.2214,0.2826,0.7198
08:55:32,v2a,150,87,V2,V3,0.2792,0.2162,0.2216,0.2830,0.7208
08:55:32,v2a,150,88,V2,V3,0.2787,0.2163,0.2217,0.2833,0.7213
08:55:32,v2a,150,89,V2,V3,0.2794,0.2159,0.2217,0.2829,0.7206
08:55:32,v2a,150,90,V2,V3,0.2806,0.2154,0.2216,0.2824,0.7194
08:55:32,v2a,150,91,V2,V3,0.2813,0.2152,0.2215,0.2821,0.7187
08:55:32,v2a,150,92,V2,V3,0.2809,0.2154,0.2215,0.2822,0.7191
08:55:32,v2a,150,93,V2,V3,0.2802,0.2157,0.2215,0.2825,0.7198
08:55:32,v2a,150,94,V2,V3,0.2797,0.2158,0.2216,0.2828,0.7203
08:55:32,v2a,150,95,V2,V3,0.2802,0.2156,0.2216,0.2826,0.7198
08:55:32,v2a,150,96,V2,V3,0.2803,0.2157,0.2215,0.2825,0.7197
08:55:32,v2a,150,97,V2,V3,0.2803,0.2157,0.2214,0.2825,0.7197
08:55:32,v2a,150,98,V2,V3,0.2798,0.2158,0.2216,0.2828,0.7202
08:55:32,v2a,150,99,V2,V3,0.2794,0.2160,0.2216,0.2829,0.7206
08:55:32,v2a,150,100,V2,V3,0.2791,0.2162,0.2217,0.2831,0.7209
08:55:32,v2a,150,101,V2,V3,0.2789,0.2162,0.2217,0.2832,0.7211
08:55:32,v2a,150,102,V2,V3,0.2787,0.2163,0.2218,0.2833,0.7213
08:55:32,v2a,150,103,V2,V3,0.2788,0.2163,0.2217,0.2832,0.7212
08:55:32,v2a,150,104,V2,V3,0.2790,0.2162,0.2216,0.2831,0.7210
08:55:32,v2a,150,105,V2,V3,0.2787,0.2164,0.2217,0.2832,0.7213
08:55:32,v2a,150,106,V2,V3,0.2785,0.2165,0.2217,0.2833,0.7215
08:55:32,v2a,150,107,V2,V3,0.2785,0.2165,0.2217,0.2833,0.7215
08:55:32,v2a,150,108,V2,V3,0.2783,0.2165,0.2218,0.2834,0.7217
08:55:32,v2a,150,109,V2,benign,0.2856,0.2142,0.2200,0.2802,0.7144
08:55:32,v2b,30,0,V2,benign,0.4791,0.1908,0.1375,0.1925,0.5209
08:55:32,v2b,30,1,V2,benign,0.4877,0.1781,0.1392,0.1950,0.5123
08:55:32,v2b,30,2,V2,benign,0.4521,0.1854,0.1496,0.2128,0.5479
08:55:32,v2b,30,3,V2,benign,0.3727,0.1944,0.1847,0.2482,0.6273
08:55:32,v2b,30,4,V2,benign,0.3299,0.2067,0.1993,0.2640,0.6701
08:55:32,v2b,30,5,V2,benign,0.3205,0.2087,0.2033,0.2675,0.6795
08:55:32,v2b,30,6,V2,benign,0.3151,0.2097,0.2057,0.2695,0.6849
08:55:32,v2b,30,7,V2,benign,0.3120,0.2105,0.2070,0.2705,0.6880
08:55:32,v2b,30,8,V2,benign,0.3095,0.2107,0.2085,0.2714,0.6905
08:55:32,v2b,30,9,V2,benign,0.3065,0.2106,0.2102,0.2727,0.6935
08:55:32,v2b,30,10,V2,benign,0.3031,0.2107,0.2117,0.2745,0.6969
08:55:32,v2b,30,11,V2,benign,0.3005,0.2105,0.2131,0.2759,0.6995
08:55:32,v2b,30,12,V2,benign,0.2986,0.2106,0.2139,0.2769,0.7014
08:55:32,v2b,30,13,V2,benign,0.2974,0.2104,0.2147,0.2775,0.7026
08:55:32,v2b,30,14,V2,benign,0.2964,0.2104,0.2151,0.2780,0.7036
08:55:32,v2b,30,15,V2,benign,0.2958,0.2101,0.2158,0.2783,0.7042
08:55:32,v2b,30,16,V2,benign,0.2949,0.2103,0.2160,0.2788,0.7051
08:55:32,v2b,30,17,V2,benign,0.2944,0.2104,0.2163,0.2789,0.7056
08:55:32,v2b,30,18,V2,benign,0.2940,0.2108,0.2161,0.2790,0.7060
08:55:32,v2b,30,19,V2,benign,0.2936,0.2115,0.2159,0.2790,0.7064
08:55:32,v2b,30,20,V2,benign,0.2942,0.2113,0.2160,0.2785,0.7058
08:55:32,v2b,30,21,V2,benign,0.2942,0.2111,0.2161,0.2786,0.7058
08:55:32,v2b,30,22,V2,benign,0.2934,0.2112,0.2164,0.2790,0.7066
08:55:32,v2b,30,23,V2,benign,0.2932,0.2113,0.2164,0.2791,0.7068
08:55:32,v2b,30,24,V2,benign,0.2932,0.2116,0.2162,0.2790,0.7068
08:55:32,v2b,30,25,V2,benign,0.2937,0.2120,0.2157,0.2786,0.7063
08:55:32,v2b,30,26,V2,benign,0.2945,0.2123,0.2152,0.2781,0.7055
08:55:32,v2b,30,27,V2,benign,0.2946,0.2121,0.2153,0.2780,0.7054
08:55:32,v2b,30,28,V2,benign,0.2943,0.2117,0.2158,0.2782,0.7057
08:55:32,v2b,30,29,V2,benign,0.2935,0.2118,0.2160,0.2787,0.7065
08:55:32,v2b,30,30,V2,benign,0.2932,0.2120,0.2160,0.2788,0.7068
08:55:32,v2b,30,31,V2,benign,0.2934,0.2119,0.2160,0.2787,0.7066
08:55:32,v2b,30,32,V2,benign,0.2933,0.2116,0.2163,0.2788,0.7067
08:55:32,v2b,30,33,V2,benign,0.2927,0.2118,0.2164,0.2791,0.7073
08:55:32,v2b,30,34,V2,benign,0.2930,0.2122,0.2159,0.2789,0.7070
08:55:32,v2b,30,35,V2,benign,0.2943,0.2125,0.2151,0.2781,0.7057
08:55:32,v2b,30,36,V2,benign,0.2954,0.2126,0.2146,0.2774,0.7046
08:55:32,v2b,30,37,V2,benign,0.2959,0.2126,0.2144,0.2772,0.7041
08:55:32,v2b,30,38,V2,benign,0.2959,0.2125,0.2144,0.2772,0.7041
08:55:32,v2b,30,39,V2,benign,0.2960,0.2125,0.2143,0.2771,0.7040
08:55:32,v2b,30,40,V2,benign,0.2964,0.2126,0.2141,0.2769,0.7036
08:55:32,v2b,30,41,V2,benign,0.2969,0.2127,0.2138,0.2766,0.7031
08:55:32,v2b,30,42,V2,benign,0.2963,0.2124,0.2143,0.2769,0.7037
08:55:32,v2b,30,43,V2,benign,0.2958,0.2127,0.2143,0.2772,0.7042
08:55:32,v2b,30,44,V2,benign,0.2957,0.2128,0.2143,0.2772,0.7043
08:55:32,v2b,30,45,V2,benign,0.2963,0.2128,0.2140,0.2769,0.7037
08:55:32,v2b,30,46,V2,benign,0.2963,0.2128,0.2140,0.2769,0.7037
08:55:32,v2b,30,47,V2,benign,0.2960,0.2127,0.2142,0.2771,0.7040
08:55:32,v2b,30,48,V2,benign,0.2953,0.2126,0.2147,0.2775,0.7047
08:55:32,v2b,30,49,V2,benign,0.2944,0.2125,0.2152,0.2780,0.7056
08:55:32,v2b,30,50,V2,benign,0.2938,0.2125,0.2154,0.2783,0.7062
08:55:32,v2b,30,51,V2,benign,0.2938,0.2125,0.2154,0.2783,0.7062
08:55:32,v2b,30,52,V2,benign,0.2938,0.2123,0.2156,0.2783,0.7062
08:55:33,v2b,30,53,V2,benign,0.2935,0.2123,0.2156,0.2785,0.7065
08:55:33,v2b,30,54,V2,benign,0.2937,0.2125,0.2154,0.2784,0.7063
08:55:33,v2b,30,55,V2,benign,0.2939,0.2125,0.2154,0.2783,0.7061
08:55:33,v2b,30,56,V2,benign,0.2938,0.2124,0.2155,0.2783,0.7062
08:55:33,v2b,30,57,V2,benign,0.2933,0.2123,0.2159,0.2786,0.7067
08:55:33,v2b,30,58,V2,benign,0.2928,0.2123,0.2161,0.2789,0.7072
08:55:33,v2b,30,59,V2,benign,0.2929,0.2125,0.2158,0.2788,0.7071
08:55:33,v2b,30,60,V2,benign,0.2933,0.2126,0.2155,0.2785,0.7067
08:55:33,v2b,30,61,V2,benign,0.2939,0.2127,0.2152,0.2782,0.7061
08:55:33,v2b,30,62,V2,benign,0.2945,0.2127,0.2149,0.2779,0.7055
08:55:33,v2b,30,63,V2,benign,0.2944,0.2127,0.2150,0.2779,0.7056
08:55:33,v2b,30,64,V2,benign,0.2941,0.2126,0.2152,0.2781,0.7059
08:55:33,v2b,30,65,V2,benign,0.2944,0.2128,0.2148,0.2779,0.7056
08:55:33,v2b,30,66,V2,benign,0.2954,0.2129,0.2144,0.2774,0.7046
08:55:33,v2b,30,67,V2,benign,0.2964,0.2129,0.2139,0.2768,0.7036
08:55:33,v2b,30,68,V2,benign,0.2969,0.2129,0.2136,0.2765,0.7031
08:55:33,v2b,30,69,V2,benign,0.2972,0.2130,0.2134,0.2763,0.7028
08:55:33,v2b,30,70,V2,benign,0.2972,0.2129,0.2135,0.2764,0.7028
08:55:33,v2b,30,71,V2,benign,0.2969,0.2129,0.2136,0.2765,0.7031
08:55:33,v2b,30,72,V2,benign,0.2966,0.2129,0.2138,0.2767,0.7034
08:55:33,v2b,30,73,V2,benign,0.2961,0.2129,0.2140,0.2769,0.7039
08:55:33,v2b,30,74,V2,benign,0.2951,0.2128,0.2146,0.2774,0.7049
08:55:33,v2b,30,75,V2,benign,0.2939,0.2128,0.2152,0.2781,0.7061
08:55:33,v2b,30,76,V2,benign,0.2932,0.2129,0.2155,0.2785,0.7068
08:55:33,v2b,30,77,V2,benign,0.2927,0.2127,0.2159,0.2787,0.7073
08:55:33,v2b,30,78,V2,benign,0.2923,0.2124,0.2162,0.2790,0.7077
08:55:33,v2b,30,79,V2,benign,0.2918,0.2125,0.2164,0.2793,0.7082
08:55:33,v2b,30,80,V2,benign,0.2917,0.2125,0.2164,0.2793,0.7083
08:55:33,v2b,30,81,V2,benign,0.2919,0.2125,0.2164,0.2793,0.7081
08:55:33,v2b,30,82,V2,benign,0.2918,0.2126,0.2163,0.2793,0.7082
08:55:33,v2b,30,83,V2,benign,0.2920,0.2125,0.2163,0.2792,0.7080
08:55:33,v2b,30,84,V2,benign,0.2919,0.2126,0.2163,0.2793,0.7081
08:55:33,v2b,30,85,V2,benign,0.2917,0.2126,0.2164,0.2793,0.7083
08:55:33,v2b,30,86,V2,benign,0.2917,0.2126,0.2164,0.2793,0.7083
08:55:33,v2b,30,87,V2,benign,0.2916,0.2126,0.2165,0.2794,0.7084
08:55:33,v2b,30,88,V2,benign,0.2917,0.2127,0.2163,0.2793,0.7083
08:55:33,v2b,30,89,V2,benign,0.2919,0.2126,0.2163,0.2792,0.7081
08:55:33,v2b,30,90,V2,benign,0.2921,0.2126,0.2161,0.2791,0.7079
08:55:33,v2b,30,91,V2,benign,0.2923,0.2128,0.2159,0.2790,0.7077
08:55:33,v2b,30,92,V2,benign,0.2929,0.2130,0.2155,0.2786,0.7071
08:55:33,v2b,30,93,V2,benign,0.2933,0.2130,0.2154,0.2784,0.7067
08:55:33,v2b,30,94,V2,benign,0.2931,0.2129,0.2155,0.2785,0.7069
08:55:33,v2b,30,95,V2,benign,0.2928,0.2128,0.2157,0.2786,0.7072
08:55:33,v2b,30,96,V2,benign,0.2923,0.2124,0.2163,0.2790,0.7077
08:55:33,v2b,30,97,V2,benign,0.2915,0.2123,0.2167,0.2795,0.7085
08:55:33,v2b,30,98,V2,benign,0.2909,0.2121,0.2172,0.2799,0.7091
08:55:33,v2b,30,99,V2,benign,0.2906,0.2121,0.2173,0.2800,0.7094
08:55:33,v2b,30,100,V2,benign,0.2904,0.2123,0.2172,0.2801,0.7096
08:55:33,v2b,30,101,V2,benign,0.2905,0.2126,0.2169,0.2799,0.7095
08:55:33,v2b,30,102,V2,benign,0.2909,0.2127,0.2167,0.2797,0.7091
08:55:33,v2b,30,103,V2,benign,0.2910,0.2128,0.2167,0.2796,0.7090
08:55:33,v2b,30,104,V2,benign,0.2909,0.2129,0.2166,0.2796,0.7091
08:55:33,v2b,30,105,V2,benign,0.2912,0.2132,0.2163,0.2794,0.7088
08:55:33,v2b,30,106,V2,benign,0.2931,0.2135,0.2151,0.2783,0.7069
08:55:33,v2b,30,107,V2,benign,0.2951,0.2134,0.2142,0.2772,0.7049
08:55:33,v2b,30,108,V2,benign,0.2960,0.2133,0.2139,0.2767,0.7040
08:55:33,v2b,30,109,V2,benign,0.2986,0.2132,0.2127,0.2755,0.7014
08:55:33,v2b,90,0,V2,benign,0.4612,0.1881,0.1503,0.2003,0.5388
08:55:33,v2b,90,1,V2,benign,0.4397,0.1898,0.1556,0.2149,0.5603
08:55:33,v2b,90,2,V2,benign,0.4039,0.1967,0.1664,0.2330,0.5961
08:55:33,v2b,90,3,V2,benign,0.3376,0.2028,0.1976,0.2621,0.6624
08:55:33,v2b,90,4,V2,benign,0.3104,0.2076,0.2097,0.2722,0.6896
08:55:33,v2b,90,5,V2,benign,0.3028,0.2080,0.2138,0.2755,0.6972
08:55:33,v2b,90,6,V2,benign,0.3006,0.2083,0.2148,0.2762,0.6994
08:55:33,v2b,90,7,V2,benign,0.3001,0.2086,0.2151,0.2762,0.6999
08:55:33,v2b,90,8,V2,benign,0.2998,0.2088,0.2152,0.2762,0.7002
08:55:33,v2b,90,9,V2,benign,0.2995,0.2090,0.2153,0.2761,0.7005
08:55:33,v2b,90,10,V2,benign,0.2994,0.2091,0.2154,0.2761,0.7006
08:55:33,v2b,90,11,V2,benign,0.2992,0.2092,0.2155,0.2761,0.7008
08:55:33,v2b,90,12,V2,benign,0.2992,0.2092,0.2156,0.2760,0.7008
08:55:33,v2b,90,13,V2,benign,0.2989,0.2092,0.2158,0.2761,0.7011
08:55:33,v2b,90,14,V2,benign,0.2986,0.2093,0.2159,0.2762,0.7014
08:55:33,v2b,90,15,V2,benign,0.2984,0.2094,0.2160,0.2762,0.7016
08:55:33,v2b,90,16,V2,benign,0.2986,0.2093,0.2160,0.2761,0.7014
08:55:33,v2b,90,17,V2,benign,0.2987,0.2093,0.2159,0.2760,0.7013
08:55:33,v2b,90,18,V2,benign,0.2985,0.2094,0.2160,0.2761,0.7015
08:55:33,v2b,90,19,V2,benign,0.2983,0.2095,0.2160,0.2761,0.7017
08:55:33,v2b,90,20,V2,benign,0.2984,0.2095,0.2160,0.2761,0.7016
08:55:33,v2b,90,21,V2,benign,0.2987,0.2094,0.2159,0.2760,0.7013
08:55:33,v2b,90,22,V2,benign,0.2987,0.2094,0.2159,0.2760,0.7013
08:55:33,v2b,90,23,V2,benign,0.2987,0.2093,0.2160,0.2760,0.7013
08:55:33,v2b,90,24,V2,benign,0.2982,0.2095,0.2161,0.2761,0.7018
08:55:33,v2b,90,25,V2,benign,0.2977,0.2096,0.2163,0.2763,0.7023
08:55:33,v2b,90,26,V2,benign,0.2974,0.2097,0.2165,0.2765,0.7026
08:55:33,v2b,90,27,V2,benign,0.2972,0.2097,0.2165,0.2765,0.7028
08:55:33,v2b,90,28,V2,benign,0.2971,0.2098,0.2166,0.2766,0.7029
08:55:33,v2b,90,29,V2,benign,0.2971,0.2098,0.2165,0.2765,0.7029
08:55:33,v2b,90,30,V2,benign,0.2972,0.2099,0.2164,0.2765,0.7028
08:55:33,v2b,90,31,V2,benign,0.2975,0.2099,0.2162,0.2764,0.7025
08:55:33,v2b,90,32,V2,benign,0.2979,0.2097,0.2161,0.2762,0.7021
08:55:33,v2b,90,33,V2,benign,0.2982,0.2096,0.2161,0.2761,0.7018
08:55:33,v2b,90,34,V2,benign,0.2982,0.2096,0.2160,0.2762,0.7018
08:55:33,v2b,90,35,V2,benign,0.2981,0.2096,0.2161,0.2762,0.7019
08:55:33,v2b,90,36,V2,benign,0.2979,0.2097,0.2161,0.2763,0.7021
08:55:33,v2b,90,37,V2,benign,0.2978,0.2097,0.2161,0.2763,0.7022
08:55:33,v2b,90,38,V2,benign,0.2979,0.2097,0.2161,0.2763,0.7021
08:55:33,v2b,90,39,V2,benign,0.2978,0.2097,0.2161,0.2764,0.7022
08:55:33,v2b,90,40,V2,benign,0.2978,0.2097,0.2161,0.2764,0.7022
08:55:33,v2b,90,41,V2,benign,0.2976,0.2098,0.2161,0.2765,0.7024
08:55:33,v2b,90,42,V2,benign,0.2975,0.2098,0.2162,0.2765,0.7025
08:55:33,v2b,90,43,V2,benign,0.2971,0.2100,0.2163,0.2766,0.7029
08:55:33,v2b,90,44,V2,benign,0.2967,0.2101,0.2163,0.2768,0.7033
08:55:33,v2b,90,45,V2,benign,0.2966,0.2101,0.2164,0.2769,0.7034
08:55:33,v2b,90,46,V2,benign,0.2970,0.2099,0.2163,0.2767,0.7030
08:55:33,v2b,90,47,V2,benign,0.2972,0.2098,0.2163,0.2767,0.7028
08:55:33,v2b,90,48,V2,benign,0.2973,0.2098,0.2163,0.2766,0.7027
08:55:33,v2b,90,49,V2,benign,0.2972,0.2099,0.2163,0.2766,0.7028
08:55:33,v2b,90,50,V2,benign,0.2973,0.2098,0.2163,0.2766,0.7027
08:55:33,v2b,90,51,V2,benign,0.2973,0.2098,0.2163,0.2766,0.7027
08:55:33,v2b,90,52,V2,benign,0.2972,0.2099,0.2163,0.2766,0.7028
08:55:33,v2b,90,53,V2,benign,0.2971,0.2099,0.2163,0.2767,0.7029
08:55:33,v2b,90,54,V2,benign,0.2970,0.2099,0.2164,0.2767,0.7030
08:55:33,v2b,90,55,V2,benign,0.2970,0.2099,0.2164,0.2768,0.7030
08:55:33,v2b,90,56,V2,benign,0.2970,0.2098,0.2164,0.2768,0.7030
08:55:33,v2b,90,57,V2,benign,0.2971,0.2098,0.2164,0.2767,0.7029
08:55:33,v2b,90,58,V2,benign,0.2973,0.2096,0.2164,0.2767,0.7027
08:55:33,v2b,90,59,V2,benign,0.2971,0.2097,0.2164,0.2768,0.7029
08:55:33,v2b,90,60,V2,benign,0.2969,0.2097,0.2164,0.2769,0.7031
08:55:33,v2b,90,61,V2,benign,0.2969,0.2098,0.2164,0.2769,0.7031
08:55:33,v2b,90,62,V2,benign,0.2969,0.2098,0.2164,0.2769,0.7031
08:55:33,v2b,90,63,V2,benign,0.2969,0.2098,0.2164,0.2769,0.7031
08:55:33,v2b,90,64,V2,benign,0.2969,0.2098,0.2164,0.2769,0.7031
08:55:34,v2b,90,65,V2,benign,0.2969,0.2098,0.2164,0.2769,0.7031
08:55:34,v2b,90,66,V2,benign,0.2971,0.2097,0.2164,0.2768,0.7029
08:55:34,v2b,90,67,V2,benign,0.2970,0.2098,0.2164,0.2769,0.7030
08:55:34,v2b,90,68,V2,benign,0.2970,0.2097,0.2164,0.2768,0.7030
08:55:34,v2b,90,69,V2,benign,0.2969,0.2098,0.2164,0.2769,0.7031
08:55:34,v2b,90,70,V2,benign,0.2970,0.2098,0.2164,0.2769,0.7030
08:55:34,v2b,90,71,V2,benign,0.2968,0.2098,0.2165,0.2769,0.7032
08:55:34,v2b,90,72,V2,benign,0.2965,0.2099,0.2166,0.2771,0.7035
08:55:34,v2b,90,73,V2,benign,0.2965,0.2099,0.2166,0.2771,0.7035
08:55:34,v2b,90,74,V2,benign,0.2964,0.2099,0.2166,0.2771,0.7036
08:55:34,v2b,90,75,V2,benign,0.2964,0.2099,0.2166,0.2771,0.7036
08:55:34,v2b,90,76,V2,benign,0.2964,0.2099,0.2166,0.2771,0.7036
08:55:34,v2b,90,77,V2,benign,0.2964,0.2099,0.2166,0.2771,0.7036
08:55:34,v2b,90,78,V2,benign,0.2966,0.2099,0.2166,0.2770,0.7034
08:55:34,v2b,90,79,V2,benign,0.2966,0.2098,0.2166,0.2770,0.7034
08:55:34,v2b,90,80,V2,benign,0.2964,0.2099,0.2166,0.2771,0.7036
08:55:34,v2b,90,81,V2,benign,0.2961,0.2100,0.2166,0.2772,0.7039
08:55:34,v2b,90,82,V2,benign,0.2959,0.2101,0.2167,0.2773,0.7041
08:55:34,v2b,90,83,V2,benign,0.2957,0.2102,0.2167,0.2774,0.7043
08:55:34,v2b,90,84,V2,benign,0.2959,0.2101,0.2167,0.2773,0.7041
08:55:34,v2b,90,85,V2,benign,0.2959,0.2101,0.2168,0.2772,0.7041
08:55:34,v2b,90,86,V2,benign,0.2959,0.2100,0.2168,0.2772,0.7041
08:55:34,v2b,90,87,V2,benign,0.2958,0.2101,0.2169,0.2772,0.7042
08:55:34,v2b,90,88,V2,benign,0.2958,0.2100,0.2169,0.2773,0.7042
08:55:34,v2b,90,89,V2,benign,0.2955,0.2101,0.2170,0.2774,0.7045
08:55:34,v2b,90,90,V2,benign,0.2955,0.2101,0.2170,0.2775,0.7045
08:55:34,v2b,90,91,V2,benign,0.2952,0.2102,0.2170,0.2776,0.7048
08:55:34,v2b,90,92,V2,benign,0.2949,0.2103,0.2171,0.2777,0.7051
08:55:34,v2b,90,93,V2,benign,0.2946,0.2104,0.2172,0.2778,0.7054
08:55:34,v2b,90,94,V2,benign,0.2944,0.2105,0.2172,0.2779,0.7056
08:55:34,v2b,90,95,V2,benign,0.2945,0.2104,0.2172,0.2779,0.7055
08:55:34,v2b,90,96,V2,benign,0.2948,0.2103,0.2171,0.2778,0.7052
08:55:34,v2b,90,97,V2,benign,0.2951,0.2102,0.2170,0.2777,0.7049
08:55:34,v2b,90,98,V2,benign,0.2953,0.2101,0.2170,0.2776,0.7047
08:55:34,v2b,90,99,V2,benign,0.2949,0.2103,0.2171,0.2778,0.7051
08:55:34,v2b,90,100,V2,benign,0.2942,0.2105,0.2172,0.2780,0.7058
08:55:34,v2b,90,101,V2,benign,0.2941,0.2106,0.2173,0.2780,0.7059
08:55:34,v2b,90,102,V2,benign,0.2942,0.2106,0.2173,0.2780,0.7058
08:55:34,v2b,90,103,V2,benign,0.2944,0.2105,0.2172,0.2779,0.7056
08:55:34,v2b,90,104,V2,benign,0.2945,0.2105,0.2171,0.2778,0.7055
08:55:34,v2b,90,105,V2,benign,0.2945,0.2106,0.2171,0.2779,0.7055
08:55:34,v2b,90,106,V2,benign,0.2942,0.2107,0.2172,0.2780,0.7058
08:55:34,v2b,90,107,V2,benign,0.2939,0.2108,0.2172,0.2780,0.7061
08:55:34,v2b,90,108,V2,benign,0.2935,0.2109,0.2173,0.2782,0.7065
08:55:34,v2b,90,109,V2,benign,0.2892,0.2127,0.2177,0.2804,0.7108
08:55:34,v2b,150,0,V2,benign,0.4550,0.1813,0.1569,0.2068,0.5450
08:55:34,v2b,150,1,V2,benign,0.4039,0.1960,0.1694,0.2306,0.5961
08:55:34,v2b,150,2,V2,benign,0.3534,0.2060,0.1847,0.2560,0.6466
08:55:34,v2b,150,3,V2,benign,0.3125,0.2084,0.2075,0.2716,0.6875
08:55:34,v2b,150,4,V2,benign,0.2986,0.2095,0.2151,0.2767,0.7014
08:55:34,v2b,150,5,V2,benign,0.2972,0.2092,0.2164,0.2772,0.7028
08:55:34,v2b,150,6,V2,benign,0.2946,0.2103,0.2175,0.2777,0.7054
08:55:34,v2b,150,7,V2,benign,0.2874,0.2130,0.2200,0.2796,0.7126
08:55:34,v2b,150,8,V2,V3,0.2802,0.2158,0.2212,0.2828,0.7198
08:55:34,v2b,150,9,V2,V3,0.2745,0.2182,0.2221,0.2852,0.7255
08:55:34,v2b,150,10,V2,V3,0.2719,0.2196,0.2224,0.2861,0.7281
08:55:34,v2b,150,11,V2,V3,0.2714,0.2199,0.2224,0.2863,0.7286
08:55:34,v2b,150,12,V2,V3,0.2717,0.2197,0.2224,0.2862,0.7283
08:55:34,v2b,150,13,V2,V3,0.2720,0.2195,0.2224,0.2861,0.7280
08:55:34,v2b,150,14,V2,V3,0.2716,0.2197,0.2224,0.2862,0.7284
08:55:34,v2b,150,15,V2,V3,0.2710,0.2201,0.2226,0.2864,0.7290
08:55:34,v2b,150,16,V2,V3,0.2708,0.2200,0.2226,0.2865,0.7292
08:55:34,v2b,150,17,V2,V3,0.2712,0.2197,0.2226,0.2865,0.7288
08:55:34,v2b,150,18,V2,V3,0.2720,0.2192,0.2226,0.2862,0.7280
08:55:34,v2b,150,19,V2,V3,0.2726,0.2188,0.2226,0.2860,0.7274
08:55:34,v2b,150,20,V2,V3,0.2726,0.2188,0.2226,0.2860,0.7274
08:55:34,v2b,150,21,V2,V3,0.2731,0.2186,0.2225,0.2858,0.7269
08:55:34,v2b,150,22,V2,V3,0.2738,0.2183,0.2224,0.2855,0.7262
08:55:34,v2b,150,23,V2,V3,0.2744,0.2180,0.2224,0.2852,0.7256
08:55:34,v2b,150,24,V2,V3,0.2747,0.2180,0.2222,0.2851,0.7253
08:55:34,v2b,150,25,V2,V3,0.2751,0.2179,0.2222,0.2849,0.7249
08:55:34,v2b,150,26,V2,V3,0.2754,0.2177,0.2221,0.2847,0.7246
08:55:34,v2b,150,27,V2,V3,0.2753,0.2178,0.2222,0.2847,0.7247
08:55:34,v2b,150,28,V2,V3,0.2751,0.2179,0.2222,0.2848,0.7249
08:55:34,v2b,150,29,V2,V3,0.2751,0.2179,0.2222,0.2848,0.7249
08:55:34,v2b,150,30,V2,V3,0.2758,0.2176,0.2221,0.2846,0.7242
08:55:34,v2b,150,31,V2,V3,0.2764,0.2174,0.2220,0.2843,0.7236
08:55:34,v2b,150,32,V2,V3,0.2771,0.2170,0.2219,0.2840,0.7229
08:55:34,v2b,150,33,V2,V3,0.2774,0.2169,0.2219,0.2838,0.7226
08:55:34,v2b,150,34,V2,V3,0.2779,0.2168,0.2217,0.2836,0.7221
08:55:35,v2b,150,35,V2,V3,0.2789,0.2164,0.2216,0.2832,0.7211
08:55:35,v2b,150,36,V2,V3,0.2792,0.2162,0.2216,0.2830,0.7208
08:55:35,v2b,150,37,V2,V3,0.2794,0.2161,0.2216,0.2830,0.7206
08:55:35,v2b,150,38,V2,V3,0.2794,0.2161,0.2216,0.2829,0.7206
08:55:35,v2b,150,39,V2,V3,0.2800,0.2159,0.2215,0.2826,0.7200
08:55:35,v2b,150,40,V2,V3,0.2811,0.2155,0.2213,0.2821,0.7189
08:55:35,v2b,150,41,V2,benign,0.2820,0.2152,0.2211,0.2817,0.7180
08:55:35,v2b,150,42,V2,V3,0.2814,0.2154,0.2212,0.2820,0.7186
08:55:35,v2b,150,43,V2,V3,0.2808,0.2156,0.2213,0.2823,0.7192
08:55:35,v2b,150,44,V2,V3,0.2808,0.2156,0.2213,0.2823,0.7192
08:55:35,v2b,150,45,V2,V3,0.2817,0.2153,0.2211,0.2818,0.7183
08:55:35,v2b,150,46,V2,benign,0.2818,0.2152,0.2211,0.2818,0.7182
08:55:35,v2b,150,47,V2,V3,0.2812,0.2155,0.2212,0.2821,0.7188
08:55:35,v2b,150,48,V2,V3,0.2802,0.2158,0.2214,0.2826,0.7198
08:55:35,v2b,150,49,V2,V3,0.2795,0.2161,0.2215,0.2829,0.7205
08:55:35,v2b,150,50,V2,V3,0.2791,0.2163,0.2215,0.2831,0.7209
08:55:35,v2b,150,51,V2,V3,0.2794,0.2162,0.2215,0.2829,0.7206
08:55:35,v2b,150,52,V2,V3,0.2799,0.2160,0.2214,0.2827,0.7201
08:55:35,v2b,150,53,V2,V3,0.2800,0.2159,0.2214,0.2827,0.7200
08:55:35,v2b,150,54,V2,V3,0.2801,0.2159,0.2214,0.2826,0.7199
08:55:35,v2b,150,55,V2,V3,0.2802,0.2159,0.2213,0.2826,0.7198
08:55:35,v2b,150,56,V2,V3,0.2806,0.2158,0.2213,0.2824,0.7194
08:55:35,v2b,150,57,V2,V3,0.2809,0.2157,0.2212,0.2823,0.7191
08:55:35,v2b,150,58,V2,V3,0.2813,0.2155,0.2211,0.2821,0.7187
08:55:35,v2b,150,59,V2,V3,0.2815,0.2154,0.2211,0.2820,0.7185
08:55:35,v2b,150,60,V2,V3,0.2815,0.2154,0.2211,0.2820,0.7185
08:55:35,v2b,150,61,V2,V3,0.2814,0.2155,0.2211,0.2820,0.7186
08:55:35,v2b,150,62,V2,V3,0.2816,0.2154,0.2211,0.2819,0.7184
08:55:35,v2b,150,63,V2,benign,0.2820,0.2153,0.2209,0.2817,0.7180
08:55:35,v2b,150,64,V2,benign,0.2825,0.2151,0.2209,0.2815,0.7175
08:55:35,v2b,150,65,V2,benign,0.2828,0.2150,0.2208,0.2813,0.7172
08:55:35,v2b,150,66,V2,benign,0.2832,0.2149,0.2207,0.2812,0.7168
08:55:35,v2b,150,67,V2,benign,0.2831,0.2149,0.2208,0.2812,0.7169
08:55:35,v2b,150,68,V2,benign,0.2829,0.2150,0.2208,0.2813,0.7171
08:55:35,v2b,150,69,V2,benign,0.2824,0.2152,0.2208,0.2816,0.7176
08:55:35,v2b,150,70,V2,benign,0.2821,0.2153,0.2209,0.2817,0.7179
08:55:35,v2b,150,71,V2,benign,0.2822,0.2152,0.2210,0.2817,0.7178
08:55:35,v2b,150,72,V2,benign,0.2825,0.2150,0.2209,0.2815,0.7175
08:55:35,v2b,150,73,V2,benign,0.2827,0.2150,0.2209,0.2814,0.7173
08:55:35,v2b,150,74,V2,benign,0.2822,0.2152,0.2210,0.2817,0.7178
08:55:35,v2b,150,75,V2,benign,0.2824,0.2151,0.2210,0.2816,0.7176
08:55:35,v2b,150,76,V2,benign,0.2826,0.2150,0.2209,0.2814,0.7174
08:55:35,v2b,150,77,V2,benign,0.2834,0.2148,0.2207,0.2810,0.7166
08:55:35,v2b,150,78,V2,benign,0.2836,0.2147,0.2207,0.2810,0.7164
08:55:35,v2b,150,79,V2,benign,0.2836,0.2147,0.2207,0.2810,0.7164
08:55:35,v2b,150,80,V2,benign,0.2834,0.2147,0.2208,0.2811,0.7166
08:55:35,v2b,150,81,V2,benign,0.2832,0.2148,0.2208,0.2811,0.7168
08:55:35,v2b,150,82,V2,benign,0.2833,0.2148,0.2208,0.2811,0.7167
08:55:35,v2b,150,83,V2,benign,0.2830,0.2149,0.2208,0.2812,0.7170
08:55:35,v2b,150,84,V2,benign,0.2821,0.2151,0.2211,0.2817,0.7179
08:55:35,v2b,150,85,V2,V3,0.2815,0.2153,0.2212,0.2820,0.7185
08:55:35,v2b,150,86,V2,V3,0.2802,0.2159,0.2214,0.2826,0.7198
08:55:35,v2b,150,87,V2,V3,0.2792,0.2162,0.2216,0.2830,0.7208
08:55:35,v2b,150,88,V2,V3,0.2787,0.2163,0.2217,0.2833,0.7213
08:55:35,v2b,150,89,V2,V3,0.2794,0.2159,0.2217,0.2829,0.7206
08:55:35,v2b,150,90,V2,V3,0.2806,0.2154,0.2216,0.2824,0.7194
08:55:35,v2b,150,91,V2,V3,0.2813,0.2152,0.2215,0.2821,0.7187
08:55:35,v2b,150,92,V2,V3,0.2809,0.2154,0.2215,0.2822,0.7191
08:55:35,v2b,150,93,V2,V3,0.2802,0.2157,0.2215,0.2825,0.7198
08:55:35,v2b,150,94,V2,V3,0.2797,0.2158,0.2216,0.2828,0.7203
08:55:35,v2b,150,95,V2,V3,0.2802,0.2156,0.2216,0.2826,0.7198
08:55:35,v2b,150,96,V2,V3,0.2803,0.2157,0.2215,0.2825,0.7197
08:55:35,v2b,150,97,V2,V3,0.2803,0.2157,0.2214,0.2825,0.7197
08:55:35,v2b,150,98,V2,V3,0.2798,0.2158,0.2216,0.2828,0.7202
08:55:35,v2b,150,99,V2,V3,0.2794,0.2160,0.2216,0.2829,0.7206
08:55:35,v2b,150,100,V2,V3,0.2791,0.2162,0.2217,0.2831,0.7209
08:55:35,v2b,150,101,V2,V3,0.2789,0.2162,0.2217,0.2832,0.7211
08:55:35,v2b,150,102,V2,V3,0.2787,0.2163,0.2218,0.2833,0.7213
08:55:35,v2b,150,103,V2,V3,0.2788,0.2163,0.2217,0.2832,0.7212
08:55:35,v2b,150,104,V2,V3,0.2790,0.2162,0.2216,0.2831,0.7210
08:55:35,v2b,150,105,V2,V3,0.2787,0.2164,0.2217,0.2832,0.7213
08:55:35,v2b,150,106,V2,V3,0.2785,0.2165,0.2217,0.2833,0.7215
08:55:35,v2b,150,107,V2,V3,0.2785,0.2165,0.2217,0.2833,0.7215
08:55:35,v2b,150,108,V2,V3,0.2783,0.2165,0.2218,0.2834,0.7217
08:55:35,v2b,150,109,V2,benign,0.2856,0.2142,0.2200,0.2802,0.7144
08:55:35,v3a,30,0,V3,benign,0.4791,0.1908,0.1375,0.1925,0.5209
08:55:35,v3a,30,1,V3,benign,0.4839,0.1841,0.1386,0.1934,0.5161
08:55:35,v3a,30,2,V3,benign,0.4883,0.1787,0.1390,0.1940,0.5117
08:55:35,v3a,30,3,V3,benign,0.4605,0.1799,0.1541,0.2054,0.5395
08:55:35,v3a,30,4,V3,benign,0.4472,0.1847,0.1599,0.2082,0.5528
08:55:35,v3a,30,5,V3,benign,0.4283,0.1901,0.1670,0.2146,0.5717
08:55:35,v3a,30,6,V3,benign,0.4125,0.1944,0.1730,0.2201,0.5875
08:55:35,v3a,30,7,V3,benign,0.4017,0.1971,0.1768,0.2244,0.5983
08:55:35,v3a,30,8,V3,benign,0.3944,0.1985,0.1796,0.2275,0.6056
08:55:35,v3a,30,9,V3,benign,0.3894,0.1992,0.1817,0.2297,0.6106
08:55:35,v3a,30,10,V3,benign,0.3858,0.1996,0.1833,0.2313,0.6142
08:55:35,v3a,30,11,V3,benign,0.3834,0.1998,0.1845,0.2323,0.6166
08:55:35,v3a,30,12,V3,benign,0.3820,0.1998,0.1855,0.2327,0.6180
08:55:35,v3a,30,13,V3,benign,0.3809,0.1998,0.1863,0.2330,0.6191
08:55:35,v3a,30,14,V3,benign,0.3804,0.1997,0.1869,0.2330,0.6196
08:55:35,v3a,30,15,V3,benign,0.3798,0.1996,0.1875,0.2331,0.6202
08:55:35,v3a,30,16,V3,benign,0.3796,0.1994,0.1880,0.2329,0.6204
08:55:35,v3a,30,17,V3,benign,0.3797,0.1992,0.1884,0.2327,0.6203
08:55:35,v3a,30,18,V3,benign,0.3795,0.1991,0.1888,0.2326,0.6205
08:55:35,v3a,30,19,V3,benign,0.3790,0.1991,0.1893,0.2327,0.6210
08:55:35,v3a,30,20,V3,benign,0.3789,0.1990,0.1895,0.2326,0.6211
08:55:35,v3a,30,21,V3,benign,0.3786,0.1990,0.1898,0.2326,0.6214
08:55:35,v3a,30,22,V3,benign,0.3785,0.1989,0.1901,0.2325,0.6215
08:55:35,v3a,30,23,V3,benign,0.3788,0.1987,0.1902,0.2322,0.6212
08:55:35,v3a,30,24,V3,benign,0.3786,0.1987,0.1905,0.2322,0.6214
08:55:35,v3a,30,25,V3,benign,0.3787,0.1986,0.1906,0.2321,0.6213
08:55:35,v3a,30,26,V3,benign,0.3790,0.1985,0.1906,0.2319,0.6210
08:55:35,v3a,30,27,V3,benign,0.3789,0.1985,0.1907,0.2319,0.6211
08:55:35,v3a,30,28,V3,benign,0.3789,0.1984,0.1909,0.2318,0.6211
08:55:35,v3a,30,29,V3,benign,0.3791,0.1983,0.1909,0.2317,0.6209
08:55:35,v3a,30,30,V3,benign,0.3788,0.1983,0.1911,0.2317,0.6212
08:55:35,v3a,30,31,V3,benign,0.3789,0.1983,0.1912,0.2316,0.6211
08:55:35,v3a,30,32,V3,benign,0.3789,0.1983,0.1913,0.2315,0.6211
08:55:35,v3a,30,33,V3,benign,0.3790,0.1982,0.1914,0.2315,0.6210
08:55:35,v3a,30,34,V3,benign,0.3790,0.1982,0.1914,0.2314,0.6210
08:55:35,v3a,30,35,V3,benign,0.3791,0.1981,0.1914,0.2314,0.6209
08:55:35,v3a,30,36,V3,benign,0.3788,0.1981,0.1916,0.2315,0.6212
08:55:36,v3a,30,37,V3,benign,0.3786,0.1981,0.1918,0.2314,0.6214
08:55:36,v3a,30,38,V3,benign,0.3789,0.1981,0.1917,0.2313,0.6211
08:55:36,v3a,30,39,V3,benign,0.3787,0.1981,0.1919,0.2314,0.6213
08:55:36,v3a,30,40,V3,benign,0.3786,0.1981,0.1920,0.2313,0.6214
08:55:36,v3a,30,41,V3,benign,0.3789,0.1980,0.1919,0.2312,0.6211
08:55:36,v3a,30,42,V3,benign,0.3790,0.1980,0.1919,0.2312,0.6210
08:55:36,v3a,30,43,V3,benign,0.3789,0.1980,0.1919,0.2312,0.6211
08:55:36,v3a,30,44,V3,benign,0.3790,0.1979,0.1919,0.2312,0.6210
08:55:36,v3a,30,45,V3,benign,0.3788,0.1980,0.1920,0.2313,0.6212
08:55:36,v3a,30,46,V3,benign,0.3787,0.1980,0.1920,0.2313,0.6213
08:55:36,v3a,30,47,V3,benign,0.3788,0.1979,0.1921,0.2312,0.6212
08:55:36,v3a,30,48,V3,benign,0.3788,0.1979,0.1921,0.2312,0.6212
08:55:36,v3a,30,49,V3,benign,0.3786,0.1980,0.1922,0.2312,0.6214
08:55:36,v3a,30,50,V3,benign,0.3788,0.1979,0.1922,0.2311,0.6212
08:55:36,v3a,30,51,V3,benign,0.3789,0.1979,0.1922,0.2310,0.6211
08:55:36,v3a,30,52,V3,benign,0.3788,0.1979,0.1923,0.2310,0.6212
08:55:36,v3a,30,53,V3,benign,0.3789,0.1979,0.1923,0.2310,0.6211
08:55:36,v3a,30,54,V3,benign,0.3789,0.1979,0.1923,0.2309,0.6211
08:55:36,v3a,30,55,V3,benign,0.3787,0.1979,0.1924,0.2310,0.6213
08:55:36,v3a,30,56,V3,benign,0.3787,0.1979,0.1924,0.2310,0.6213
08:55:36,v3a,30,57,V3,benign,0.3788,0.1979,0.1924,0.2309,0.6212
08:55:36,v3a,30,58,V3,benign,0.3788,0.1979,0.1925,0.2309,0.6212
08:55:36,v3a,30,59,V3,benign,0.3788,0.1979,0.1925,0.2309,0.6212
08:55:36,v3a,30,60,V3,benign,0.3786,0.1979,0.1925,0.2309,0.6214
08:55:36,v3a,30,61,V3,benign,0.3781,0.1980,0.1928,0.2311,0.6219
08:55:36,v3a,30,62,V3,benign,0.3783,0.1979,0.1928,0.2310,0.6217
08:55:36,v3a,30,63,V3,benign,0.3782,0.1979,0.1928,0.2310,0.6218
08:55:36,v3a,30,64,V3,benign,0.3779,0.1980,0.1929,0.2311,0.6221
08:55:36,v3a,30,65,V3,benign,0.3779,0.1980,0.1930,0.2311,0.6221
08:55:36,v3a,30,66,V3,benign,0.3779,0.1980,0.1930,0.2311,0.6221
08:55:36,v3a,30,67,V3,benign,0.3774,0.1981,0.1933,0.2313,0.6226
08:55:36,v3a,30,68,V3,benign,0.3775,0.1981,0.1932,0.2312,0.6225
08:55:36,v3a,30,69,V3,benign,0.3774,0.1981,0.1933,0.2312,0.6226
08:55:36,v3a,30,70,V3,benign,0.3771,0.1982,0.1934,0.2313,0.6229
08:55:36,v3a,30,71,V3,benign,0.3772,0.1981,0.1934,0.2313,0.6228
08:55:36,v3a,30,72,V3,benign,0.3771,0.1982,0.1935,0.2313,0.6229
08:55:36,v3a,30,73,V3,benign,0.3767,0.1982,0.1936,0.2314,0.6233
08:55:36,v3a,30,74,V3,benign,0.3770,0.1982,0.1935,0.2313,0.6230
08:55:36,v3a,30,75,V3,benign,0.3770,0.1982,0.1935,0.2313,0.6230
08:55:36,v3a,30,76,V3,benign,0.3766,0.1983,0.1937,0.2314,0.6234
08:55:36,v3a,30,77,V3,benign,0.3768,0.1982,0.1936,0.2313,0.6232
08:55:36,v3a,30,78,V3,benign,0.3769,0.1982,0.1936,0.2313,0.6231
08:55:36,v3a,30,79,V3,benign,0.3767,0.1982,0.1937,0.2314,0.6233
08:55:36,v3a,30,80,V3,benign,0.3770,0.1982,0.1935,0.2313,0.6230
08:55:36,v3a,30,81,V3,benign,0.3772,0.1982,0.1934,0.2312,0.6228
08:55:36,v3a,30,82,V3,benign,0.3771,0.1982,0.1935,0.2313,0.6229
08:55:36,v3a,30,83,V3,benign,0.3773,0.1981,0.1934,0.2312,0.6227
08:55:36,v3a,30,84,V3,benign,0.3774,0.1981,0.1933,0.2312,0.6226
08:55:36,v3a,30,85,V3,benign,0.3772,0.1982,0.1934,0.2313,0.6228
08:55:36,v3a,30,86,V3,benign,0.3774,0.1981,0.1933,0.2312,0.6226
08:55:36,v3a,30,87,V3,benign,0.3775,0.1981,0.1933,0.2312,0.6225
08:55:36,v3a,30,88,V3,benign,0.3772,0.1981,0.1934,0.2312,0.6228
08:55:36,v3a,30,89,V3,benign,0.3773,0.1981,0.1934,0.2312,0.6227
08:55:36,v3a,30,90,V3,benign,0.3774,0.1981,0.1933,0.2312,0.6226
08:55:36,v3a,30,91,V3,benign,0.3772,0.1981,0.1934,0.2312,0.6228
08:55:36,v3a,30,92,V3,benign,0.3776,0.1981,0.1932,0.2311,0.6224
08:55:36,v3a,30,93,V3,benign,0.3777,0.1981,0.1931,0.2311,0.6223
08:55:36,v3a,30,94,V3,benign,0.3775,0.1981,0.1932,0.2312,0.6225
08:55:36,v3a,30,95,V3,benign,0.3778,0.1980,0.1931,0.2311,0.6222
08:55:36,v3a,30,96,V3,benign,0.3772,0.1982,0.1934,0.2312,0.6228
08:55:36,v3a,30,97,V3,benign,0.3769,0.1982,0.1937,0.2313,0.6231
08:55:36,v3a,30,98,V3,benign,0.3770,0.1982,0.1936,0.2311,0.6230
08:55:36,v3a,30,99,V3,benign,0.3767,0.1983,0.1937,0.2312,0.6233
08:55:36,v3a,30,100,V3,benign,0.3767,0.1983,0.1938,0.2312,0.6233
08:55:36,v3a,30,101,V3,benign,0.3769,0.1983,0.1937,0.2312,0.6231
08:55:36,v3a,30,102,V3,benign,0.3768,0.1983,0.1937,0.2312,0.6232
08:55:36,v3a,30,103,V3,benign,0.3767,0.1983,0.1938,0.2313,0.6233
08:55:36,v3a,30,104,V3,benign,0.3767,0.1983,0.1938,0.2312,0.6233
08:55:36,v3a,30,105,V3,benign,0.3764,0.1983,0.1939,0.2313,0.6236
08:55:36,v3a,30,106,V3,benign,0.3766,0.1983,0.1939,0.2313,0.6234
08:55:36,v3a,30,107,V3,benign,0.3771,0.1982,0.1936,0.2311,0.6229
08:55:36,v3a,30,108,V3,benign,0.3769,0.1983,0.1936,0.2312,0.6231
08:55:36,v3a,30,109,V3,benign,0.3770,0.1982,0.1936,0.2311,0.6230
08:55:36,v3a,90,0,V3,benign,0.4612,0.1881,0.1503,0.2003,0.5388
08:55:36,v3a,90,1,V3,benign,0.4650,0.1833,0.1493,0.2024,0.5350
08:55:36,v3a,90,2,V3,benign,0.4634,0.1814,0.1511,0.2042,0.5366
08:55:36,v3a,90,3,V3,benign,0.4504,0.1827,0.1584,0.2085,0.5496
08:55:36,v3a,90,4,V3,benign,0.4622,0.1825,0.1532,0.2022,0.5378
08:55:36,v3a,90,5,V3,benign,0.4632,0.1864,0.1513,0.1990,0.5368
08:55:36,v3a,90,6,V3,benign,0.4453,0.1904,0.1590,0.2053,0.5547
08:55:36,v3a,90,7,V3,benign,0.4105,0.1964,0.1736,0.2195,0.5895
08:55:36,v3a,90,8,V3,benign,0.3883,0.2006,0.1827,0.2284,0.6117
08:55:36,v3a,90,9,V3,benign,0.3732,0.2034,0.1890,0.2344,0.6268
08:55:36,v3a,90,10,V3,benign,0.3644,0.2052,0.1928,0.2376,0.6356
08:55:36,v3a,90,11,V3,benign,0.3578,0.2072,0.1956,0.2393,0.6422
08:55:36,v3a,90,12,V3,benign,0.3507,0.2095,0.1985,0.2414,0.6493
08:55:36,v3a,90,13,V3,benign,0.3466,0.2110,0.2002,0.2422,0.6534
08:55:36,v3a,90,14,V3,benign,0.3432,0.2123,0.2016,0.2429,0.6568
08:55:36,v3a,90,15,V3,benign,0.3408,0.2132,0.2024,0.2435,0.6592
08:55:36,v3a,90,16,V3,benign,0.3362,0.2145,0.2043,0.2450,0.6638
08:55:36,v3a,90,17,V3,benign,0.3346,0.2152,0.2050,0.2452,0.6654
08:55:36,v3a,90,18,V3,benign,0.3345,0.2155,0.2050,0.2451,0.6655
08:55:36,v3a,90,19,V3,benign,0.3365,0.2153,0.2042,0.2440,0.6635
08:55:36,v3a,90,20,V3,benign,0.3364,0.2156,0.2043,0.2437,0.6636
08:55:36,v3a,90,21,V3,benign,0.3354,0.2161,0.2045,0.2440,0.6646
08:55:36,v3a,90,22,V3,benign,0.3326,0.2169,0.2056,0.2448,0.6674
08:55:36,v3a,90,23,V3,benign,0.3300,0.2172,0.2069,0.2459,0.6700
08:55:36,v3a,90,24,V3,benign,0.3293,0.2172,0.2073,0.2463,0.6707
08:55:36,v3a,90,25,V3,benign,0.3296,0.2173,0.2071,0.2460,0.6704
08:55:36,v3a,90,26,V3,benign,0.3313,0.2173,0.2064,0.2450,0.6687
08:55:36,v3a,90,27,V3,benign,0.3315,0.2174,0.2062,0.2449,0.6685
08:55:36,v3a,90,28,V3,benign,0.3315,0.2174,0.2062,0.2449,0.6685
08:55:36,v3a,90,29,V3,benign,0.3328,0.2175,0.2057,0.2441,0.6672
08:55:36,v3a,90,30,V3,benign,0.3338,0.2174,0.2051,0.2436,0.6662
08:55:36,v3a,90,31,V3,benign,0.3333,0.2174,0.2054,0.2439,0.6667
08:55:36,v3a,90,32,V3,benign,0.3324,0.2175,0.2059,0.2442,0.6676
08:55:36,v3a,90,33,V3,benign,0.3310,0.2176,0.2064,0.2450,0.6690
08:55:36,v3a,90,34,V3,benign,0.3293,0.2176,0.2073,0.2458,0.6707
08:55:36,v3a,90,35,V3,benign,0.3286,0.2177,0.2077,0.2461,0.6714
08:55:36,v3a,90,36,V3,benign,0.3292,0.2177,0.2073,0.2458,0.6708
08:55:36,v3a,90,37,V3,benign,0.3304,0.2177,0.2067,0.2451,0.6696
08:55:36,v3a,90,38,V3,benign,0.3305,0.2177,0.2067,0.2451,0.6695
08:55:36,v3a,90,39,V3,benign,0.3298,0.2177,0.2070,0.2455,0.6702
08:55:36,v3a,90,40,V3,benign,0.3289,0.2178,0.2076,0.2458,0.6711
08:55:36,v3a,90,41,V3,benign,0.3274,0.2178,0.2082,0.2466,0.6726
08:55:36,v3a,90,42,V3,benign,0.3292,0.2178,0.2073,0.2456,0.6708
08:55:36,v3a,90,43,V3,benign,0.3303,0.2178,0.2068,0.2450,0.6697
08:55:36,v3a,90,44,V3,benign,0.3310,0.2178,0.2065,0.2447,0.6690
08:55:36,v3a,90,45,V3,benign,0.3302,0.2178,0.2069,0.2451,0.6698
08:55:36,v3a,90,46,V3,benign,0.3292,0.2179,0.2073,0.2456,0.6708
08:55:36,v3a,90,47,V3,benign,0.3281,0.2179,0.2078,0.2462,0.6719
08:55:36,v3a,90,48,V3,benign,0.3280,0.2179,0.2078,0.2463,0.6720
08:55:36,v3a,90,49,V3,benign,0.3284,0.2179,0.2077,0.2460,0.6716
08:55:37,v3a,90,50,V3,benign,0.3285,0.2179,0.2076,0.2460,0.6715
08:55:37,v3a,90,51,V3,benign,0.3288,0.2179,0.2074,0.2459,0.6712
08:55:37,v3a,90,52,V3,benign,0.3286,0.2179,0.2076,0.2459,0.6714
08:55:37,v3a,90,53,V3,benign,0.3289,0.2179,0.2074,0.2458,0.6711
08:55:37,v3a,90,54,V3,benign,0.3283,0.2179,0.2076,0.2461,0.6717
08:55:37,v3a,90,55,V3,benign,0.3284,0.2180,0.2076,0.2460,0.6716
08:55:37,v3a,90,56,V3,benign,0.3278,0.2180,0.2078,0.2464,0.6722
08:55:37,v3a,90,57,V3,benign,0.3276,0.2180,0.2079,0.2466,0.6724
08:55:37,v3a,90,58,V3,benign,0.3269,0.2180,0.2082,0.2469,0.6731
08:55:37,v3a,90,59,V3,benign,0.3267,0.2180,0.2083,0.2471,0.6733
08:55:37,v3a,90,60,V3,benign,0.3273,0.2180,0.2079,0.2468,0.6727
08:55:37,v3a,90,61,V3,benign,0.3274,0.2180,0.2080,0.2466,0.6726
08:55:37,v3a,90,62,V3,benign,0.3275,0.2180,0.2079,0.2466,0.6725
08:55:37,v3a,90,63,V3,benign,0.3273,0.2180,0.2080,0.2467,0.6727
08:55:37,v3a,90,64,V3,benign,0.3257,0.2180,0.2089,0.2474,0.6743
08:55:37,v3a,90,65,V3,benign,0.3239,0.2180,0.2097,0.2484,0.6761
08:55:37,v3a,90,66,V3,benign,0.3233,0.2180,0.2100,0.2487,0.6767
08:55:37,v3a,90,67,V3,benign,0.3227,0.2181,0.2104,0.2489,0.6773
08:55:37,v3a,90,68,V3,benign,0.3217,0.2180,0.2108,0.2495,0.6783
08:55:37,v3a,90,69,V3,benign,0.3217,0.2181,0.2108,0.2494,0.6783
08:55:37,v3a,90,70,V3,benign,0.3208,0.2181,0.2113,0.2498,0.6792
08:55:37,v3a,90,71,V3,benign,0.3210,0.2180,0.2112,0.2498,0.6790
08:55:37,v3a,90,72,V3,benign,0.3216,0.2180,0.2109,0.2495,0.6784
08:55:37,v3a,90,73,V3,benign,0.3225,0.2180,0.2105,0.2489,0.6775
08:55:37,v3a,90,74,V3,benign,0.3217,0.2180,0.2108,0.2494,0.6783
08:55:37,v3a,90,75,V3,benign,0.3219,0.2181,0.2107,0.2493,0.6781
08:55:37,v3a,90,76,V3,benign,0.3222,0.2181,0.2107,0.2490,0.6778
08:55:37,v3a,90,77,V3,benign,0.3216,0.2180,0.2109,0.2494,0.6784
08:55:37,v3a,90,78,V3,benign,0.3205,0.2181,0.2115,0.2500,0.6795
08:55:37,v3a,90,79,V3,benign,0.3196,0.2181,0.2120,0.2504,0.6804
08:55:37,v3a,90,80,V3,benign,0.3191,0.2180,0.2121,0.2508,0.6809
08:55:37,v3a,90,81,V3,benign,0.3195,0.2181,0.2119,0.2505,0.6805
08:55:37,v3a,90,82,V3,benign,0.3211,0.2181,0.2112,0.2496,0.6789
08:55:37,v3a,90,83,V3,benign,0.3231,0.2181,0.2101,0.2487,0.6769
08:55:37,v3a,90,84,V3,benign,0.3240,0.2181,0.2097,0.2483,0.6760
08:55:37,v3a,90,85,V3,benign,0.3254,0.2181,0.2090,0.2475,0.6746
08:55:37,v3a,90,86,V3,benign,0.3250,0.2181,0.2092,0.2478,0.6750
08:55:37,v3a,90,87,V3,benign,0.3257,0.2180,0.2088,0.2474,0.6743
08:55:37,v3a,90,88,V3,benign,0.3255,0.2181,0.2090,0.2474,0.6745
08:55:37,v3a,90,89,V3,benign,0.3246,0.2181,0.2095,0.2479,0.6754
08:55:37,v3a,90,90,V3,benign,0.3237,0.2181,0.2099,0.2484,0.6763
08:55:37,v3a,90,91,V3,benign,0.3250,0.2181,0.2093,0.2476,0.6750
08:55:37,v3a,90,92,V3,benign,0.3268,0.2181,0.2083,0.2468,0.6732
08:55:37,v3a,90,93,V3,benign,0.3280,0.2180,0.2077,0.2462,0.6720
08:55:37,v3a,90,94,V3,benign,0.3297,0.2180,0.2070,0.2453,0.6703
08:55:37,v3a,90,95,V3,benign,0.3288,0.2180,0.2073,0.2460,0.6712
08:55:37,v3a,90,96,V3,benign,0.3278,0.2180,0.2077,0.2465,0.6722
08:55:37,v3a,90,97,V3,benign,0.3264,0.2180,0.2084,0.2472,0.6736
08:55:37,v3a,90,98,V3,benign,0.3255,0.2180,0.2087,0.2477,0.6745
08:55:37,v3a,90,99,V3,benign,0.3261,0.2180,0.2085,0.2474,0.6739
08:55:37,v3a,90,100,V3,benign,0.3279,0.2179,0.2076,0.2465,0.6721
08:55:37,v3a,90,101,V3,benign,0.3297,0.2179,0.2067,0.2457,0.6703
08:55:37,v3a,90,102,V3,benign,0.3302,0.2178,0.2065,0.2455,0.6698
08:55:37,v3a,90,103,V3,benign,0.3293,0.2178,0.2069,0.2460,0.6707
08:55:37,v3a,90,104,V3,benign,0.3302,0.2178,0.2064,0.2455,0.6698
08:55:37,v3a,90,105,V3,benign,0.3308,0.2178,0.2062,0.2451,0.6692
08:55:37,v3a,90,106,V3,benign,0.3328,0.2178,0.2052,0.2441,0.6672
08:55:37,v3a,90,107,V3,benign,0.3333,0.2178,0.2050,0.2439,0.6667
08:55:37,v3a,90,108,V3,benign,0.3341,0.2178,0.2047,0.2435,0.6659
08:55:37,v3a,90,109,V3,benign,0.3327,0.2178,0.2053,0.2442,0.6673
08:55:37,v3a,150,0,V3,benign,0.4550,0.1813,0.1569,0.2068,0.5450
08:55:37,v3a,150,1,V3,benign,0.4308,0.1867,0.1660,0.2165,0.5692
08:55:37,v3a,150,2,V3,benign,0.4093,0.1932,0.1727,0.2248,0.5907
08:55:37,v3a,150,3,V3,benign,0.4001,0.1967,0.1761,0.2271,0.5999
08:55:37,v3a,150,4,V3,benign,0.3928,0.1997,0.1783,0.2292,0.6072
08:55:37,v3a,150,5,V3,benign,0.3478,0.2064,0.1966,0.2492,0.6522
08:55:37,v3a,150,6,V3,benign,0.2823,0.2103,0.2283,0.2791,0.7177
08:55:37,v3a,150,7,V3,V3,0.2663,0.2184,0.2400,0.2752,0.7337
08:55:37,v3a,150,8,V3,V3,0.2561,0.2168,0.2520,0.2751,0.7439
08:55:37,v3a,150,9,V3,V3,0.2510,0.2144,0.2569,0.2778,0.7490
08:55:37,v3a,150,10,V3,V3,0.2500,0.2126,0.2579,0.2795,0.7500
08:55:37,v3a,150,11,V3,V3,0.2502,0.2125,0.2578,0.2795,0.7498
08:55:37,v3a,150,12,V3,V3,0.2502,0.2126,0.2578,0.2795,0.7498
08:55:37,v3a,150,13,V3,V3,0.2502,0.2128,0.2577,0.2792,0.7498
08:55:37,v3a,150,14,V3,V3,0.2504,0.2129,0.2576,0.2791,0.7496
08:55:37,v3a,150,15,V3,V3,0.2502,0.2132,0.2577,0.2789,0.7498
08:55:37,v3a,150,16,V3,V3,0.2503,0.2133,0.2576,0.2788,0.7497
08:55:37,v3a,150,17,V3,V3,0.2505,0.2132,0.2575,0.2788,0.7495
08:55:37,v3a,150,18,V3,V3,0.2505,0.2130,0.2575,0.2789,0.7495
08:55:37,v3a,150,19,V3,V3,0.2507,0.2129,0.2575,0.2789,0.7493
08:55:37,v3a,150,20,V3,V3,0.2509,0.2126,0.2574,0.2791,0.7491
08:55:37,v3a,150,21,V3,V3,0.2509,0.2126,0.2574,0.2791,0.7491
08:55:37,v3a,150,22,V3,V3,0.2508,0.2126,0.2574,0.2791,0.7492
08:55:37,v3a,150,23,V3,V3,0.2509,0.2126,0.2574,0.2790,0.7491
08:55:37,v3a,150,24,V3,V3,0.2509,0.2127,0.2574,0.2791,0.7491
08:55:37,v3a,150,25,V3,V3,0.2511,0.2125,0.2573,0.2790,0.7489
08:55:37,v3a,150,26,V3,V3,0.2514,0.2123,0.2572,0.2791,0.7486
08:55:37,v3a,150,27,V3,V3,0.2514,0.2122,0.2572,0.2792,0.7486
08:55:37,v3a,150,28,V3,V3,0.2515,0.2120,0.2572,0.2794,0.7485
08:55:37,v3a,150,29,V3,V3,0.2519,0.2117,0.2570,0.2794,0.7481
08:55:37,v3a,150,30,V3,V3,0.2518,0.2118,0.2570,0.2794,0.7482
08:55:37,v3a,150,31,V3,V3,0.2517,0.2118,0.2571,0.2794,0.7483
08:55:37,v3a,150,32,V3,V3,0.2519,0.2118,0.2570,0.2793,0.7481
08:55:37,v3a,150,33,V3,V3,0.2518,0.2116,0.2570,0.2795,0.7482
08:55:37,v3a,150,34,V3,V3,0.2517,0.2118,0.2571,0.2794,0.7483
08:55:37,v3a,150,35,V3,V3,0.2518,0.2117,0.2570,0.2795,0.7482
08:55:37,v3a,150,36,V3,V3,0.2516,0.2119,0.2571,0.2794,0.7484
08:55:37,v3a,150,37,V3,V3,0.2514,0.2122,0.2572,0.2793,0.7486
08:55:37,v3a,150,38,V3,V3,0.2516,0.2121,0.2571,0.2793,0.7484
08:55:37,v3a,150,39,V3,V3,0.2515,0.2120,0.2571,0.2793,0.7485
08:55:37,v3a,150,40,V3,V3,0.2514,0.2121,0.2572,0.2792,0.7486
08:55:37,v3a,150,41,V3,V3,0.2514,0.2120,0.2572,0.2794,0.7486
08:55:37,v3a,150,42,V3,V3,0.2516,0.2120,0.2571,0.2792,0.7484
08:55:37,v3a,150,43,V3,V3,0.2515,0.2121,0.2571,0.2792,0.7485
08:55:37,v3a,150,44,V3,V3,0.2515,0.2122,0.2572,0.2792,0.7485
08:55:37,v3a,150,45,V3,V3,0.2515,0.2121,0.2572,0.2793,0.7485
08:55:37,v3a,150,46,V3,V3,0.2514,0.2122,0.2572,0.2792,0.7486
08:55:37,v3a,150,47,V3,V3,0.2514,0.2122,0.2572,0.2792,0.7486
08:55:37,v3a,150,48,V3,V3,0.2515,0.2122,0.2571,0.2792,0.7485
08:55:37,v3a,150,49,V3,V3,0.2516,0.2122,0.2571,0.2792,0.7484
08:55:37,v3a,150,50,V3,V3,0.2515,0.2121,0.2571,0.2793,0.7485
08:55:37,v3a,150,51,V3,V3,0.2517,0.2118,0.2570,0.2795,0.7483
08:55:37,v3a,150,52,V3,V3,0.2517,0.2118,0.2570,0.2795,0.7483
08:55:37,v3a,150,53,V3,V3,0.2517,0.2120,0.2570,0.2793,0.7483
08:55:37,v3a,150,54,V3,V3,0.2517,0.2118,0.2570,0.2795,0.7483
08:55:38,v3a,150,55,V3,V3,0.2518,0.2119,0.2569,0.2794,0.7482
08:55:38,v3a,150,56,V3,V3,0.2518,0.2119,0.2569,0.2794,0.7482
08:55:38,v3a,150,57,V3,V3,0.2518,0.2118,0.2569,0.2794,0.7482
08:55:38,v3a,150,58,V3,V3,0.2517,0.2119,0.2569,0.2794,0.7483
08:55:38,v3a,150,59,V3,V3,0.2517,0.2118,0.2570,0.2795,0.7483
08:55:38,v3a,150,60,V3,V3,0.2518,0.2117,0.2569,0.2796,0.7482
08:55:38,v3a,150,61,V3,V3,0.2519,0.2116,0.2569,0.2797,0.7481
08:55:38,v3a,150,62,V3,V3,0.2519,0.2117,0.2569,0.2795,0.7481
08:55:38,v3a,150,63,V3,V3,0.2519,0.2117,0.2569,0.2796,0.7481
08:55:38,v3a,150,64,V3,V3,0.2518,0.2116,0.2569,0.2797,0.7482
08:55:38,v3a,150,65,V3,V3,0.2519,0.2115,0.2569,0.2797,0.7481
08:55:38,v3a,150,66,V3,V3,0.2519,0.2117,0.2568,0.2796,0.7481
08:55:38,v3a,150,67,V3,V3,0.2518,0.2119,0.2569,0.2794,0.7482
08:55:38,v3a,150,68,V3,V3,0.2517,0.2121,0.2570,0.2792,0.7483
08:55:38,v3a,150,69,V3,V3,0.2519,0.2120,0.2569,0.2793,0.7481
08:55:38,v3a,150,70,V3,V3,0.2518,0.2121,0.2569,0.2793,0.7482
08:55:38,v3a,150,71,V3,V3,0.2519,0.2119,0.2568,0.2794,0.7481
08:55:38,v3a,150,72,V3,V3,0.2521,0.2117,0.2566,0.2795,0.7479
08:55:38,v3a,150,73,V3,V3,0.2520,0.2119,0.2566,0.2794,0.7480
08:55:38,v3a,150,74,V3,V3,0.2519,0.2120,0.2568,0.2794,0.7481
08:55:38,v3a,150,75,V3,V3,0.2519,0.2121,0.2568,0.2792,0.7481
08:55:38,v3a,150,76,V3,V3,0.2517,0.2123,0.2569,0.2791,0.7483
08:55:38,v3a,150,77,V3,V3,0.2517,0.2123,0.2570,0.2791,0.7483
08:55:38,v3a,150,78,V3,V3,0.2517,0.2121,0.2570,0.2792,0.7483
08:55:38,v3a,150,79,V3,V3,0.2515,0.2125,0.2571,0.2790,0.7485
08:55:38,v3a,150,80,V3,V3,0.2515,0.2123,0.2571,0.2790,0.7485
08:55:38,v3a,150,81,V3,V3,0.2518,0.2121,0.2570,0.2791,0.7482
08:55:38,v3a,150,82,V3,V3,0.2518,0.2123,0.2569,0.2790,0.7482
08:55:38,v3a,150,83,V3,V3,0.2517,0.2122,0.2570,0.2791,0.7483
08:55:38,v3a,150,84,V3,V3,0.2520,0.2120,0.2569,0.2791,0.7480
08:55:38,v3a,150,85,V3,V3,0.2521,0.2120,0.2568,0.2791,0.7479
08:55:38,v3a,150,86,V3,V3,0.2519,0.2121,0.2569,0.2790,0.7481
08:55:38,v3a,150,87,V3,V3,0.2520,0.2119,0.2569,0.2792,0.7480
08:55:38,v3a,150,88,V3,V3,0.2520,0.2121,0.2568,0.2792,0.7480
08:55:38,v3a,150,89,V3,V3,0.2516,0.2124,0.2569,0.2791,0.7484
08:55:38,v3a,150,90,V3,V3,0.2516,0.2124,0.2569,0.2791,0.7484
08:55:38,v3a,150,91,V3,V3,0.2518,0.2123,0.2567,0.2792,0.7482
08:55:38,v3a,150,92,V3,V3,0.2517,0.2123,0.2568,0.2792,0.7483
08:55:38,v3a,150,93,V3,V3,0.2519,0.2119,0.2567,0.2795,0.7481
08:55:38,v3a,150,94,V3,V3,0.2522,0.2117,0.2566,0.2795,0.7478
08:55:38,v3a,150,95,V3,V3,0.2520,0.2119,0.2567,0.2793,0.7480
08:55:38,v3a,150,96,V3,V3,0.2519,0.2120,0.2568,0.2792,0.7481
08:55:38,v3a,150,97,V3,V3,0.2521,0.2118,0.2567,0.2793,0.7479
08:55:38,v3a,150,98,V3,V3,0.2520,0.2120,0.2567,0.2792,0.7480
08:55:38,v3a,150,99,V3,V3,0.2519,0.2120,0.2568,0.2794,0.7481
08:55:38,v3a,150,100,V3,V3,0.2523,0.2116,0.2566,0.2795,0.7477
08:55:38,v3a,150,101,V3,V3,0.2524,0.2115,0.2565,0.2796,0.7476
08:55:38,v3a,150,102,V3,V3,0.2524,0.2114,0.2565,0.2796,0.7476
08:55:38,v3a,150,103,V3,V3,0.2525,0.2112,0.2565,0.2798,0.7475
08:55:38,v3a,150,104,V3,V3,0.2525,0.2114,0.2565,0.2796,0.7475
08:55:38,v3a,150,105,V3,V3,0.2526,0.2114,0.2565,0.2796,0.7474
08:55:38,v3a,150,106,V3,V3,0.2526,0.2114,0.2565,0.2796,0.7474
08:55:38,v3a,150,107,V3,V3,0.2525,0.2114,0.2565,0.2796,0.7475
08:55:38,v3a,150,108,V3,V3,0.2525,0.2113,0.2565,0.2797,0.7475
08:55:38,v3a,150,109,V3,V3,0.2520,0.2114,0.2568,0.2798,0.7480
08:55:38,v3b,30,0,V3,benign,0.4791,0.1908,0.1375,0.1925,0.5209
08:55:38,v3b,30,1,V3,benign,0.4839,0.1841,0.1386,0.1934,0.5161
08:55:38,v3b,30,2,V3,benign,0.4883,0.1787,0.1390,0.1940,0.5117
08:55:38,v3b,30,3,V3,benign,0.4605,0.1799,0.1541,0.2054,0.5395
08:55:38,v3b,30,4,V3,benign,0.4472,0.1847,0.1599,0.2082,0.5528
08:55:38,v3b,30,5,V3,benign,0.4283,0.1901,0.1670,0.2146,0.5717
08:55:38,v3b,30,6,V3,benign,0.4125,0.1944,0.1730,0.2201,0.5875
08:55:38,v3b,30,7,V3,benign,0.4017,0.1971,0.1768,0.2244,0.5983
08:55:38,v3b,30,8,V3,benign,0.3944,0.1985,0.1796,0.2275,0.6056
08:55:38,v3b,30,9,V3,benign,0.3894,0.1992,0.1817,0.2297,0.6106
08:55:38,v3b,30,10,V3,benign,0.3858,0.1996,0.1833,0.2313,0.6142
08:55:38,v3b,30,11,V3,benign,0.3834,0.1998,0.1845,0.2323,0.6166
08:55:38,v3b,30,12,V3,benign,0.3820,0.1998,0.1855,0.2327,0.6180
08:55:38,v3b,30,13,V3,benign,0.3809,0.1998,0.1863,0.2330,0.6191
08:55:38,v3b,30,14,V3,benign,0.3804,0.1997,0.1869,0.2330,0.6196
08:55:38,v3b,30,15,V3,benign,0.3798,0.1996,0.1875,0.2331,0.6202
08:55:38,v3b,30,16,V3,benign,0.3796,0.1994,0.1880,0.2329,0.6204
08:55:38,v3b,30,17,V3,benign,0.3797,0.1992,0.1884,0.2327,0.6203
08:55:38,v3b,30,18,V3,benign,0.3795,0.1991,0.1888,0.2326,0.6205
08:55:38,v3b,30,19,V3,benign,0.3790,0.1991,0.1893,0.2327,0.6210
08:55:38,v3b,30,20,V3,benign,0.3789,0.1990,0.1895,0.2326,0.6211
08:55:38,v3b,30,21,V3,benign,0.3786,0.1990,0.1898,0.2326,0.6214
08:55:38,v3b,30,22,V3,benign,0.3785,0.1989,0.1901,0.2325,0.6215
08:55:38,v3b,30,23,V3,benign,0.3788,0.1987,0.1902,0.2322,0.6212
08:55:38,v3b,30,24,V3,benign,0.3786,0.1987,0.1905,0.2322,0.6214
08:55:38,v3b,30,25,V3,benign,0.3787,0.1986,0.1906,0.2321,0.6213
08:55:38,v3b,30,26,V3,benign,0.3790,0.1985,0.1906,0.2319,0.6210
08:55:38,v3b,30,27,V3,benign,0.3789,0.1985,0.1907,0.2319,0.6211
08:55:38,v3b,30,28,V3,benign,0.3789,0.1984,0.1909,0.2318,0.6211
08:55:38,v3b,30,29,V3,benign,0.3791,0.1983,0.1909,0.2317,0.6209
08:55:38,v3b,30,30,V3,benign,0.3788,0.1983,0.1911,0.2317,0.6212
08:55:38,v3b,30,31,V3,benign,0.3789,0.1983,0.1912,0.2316,0.6211
08:55:38,v3b,30,32,V3,benign,0.3789,0.1983,0.1913,0.2315,0.6211
08:55:38,v3b,30,33,V3,benign,0.3790,0.1982,0.1914,0.2315,0.6210
08:55:38,v3b,30,34,V3,benign,0.3790,0.1982,0.1914,0.2314,0.6210
08:55:38,v3b,30,35,V3,benign,0.3791,0.1981,0.1914,0.2314,0.6209
08:55:38,v3b,30,36,V3,benign,0.3788,0.1981,0.1916,0.2315,0.6212
08:55:38,v3b,30,37,V3,benign,0.3786,0.1981,0.1918,0.2314,0.6214
08:55:38,v3b,30,38,V3,benign,0.3789,0.1981,0.1917,0.2313,0.6211
08:55:38,v3b,30,39,V3,benign,0.3787,0.1981,0.1919,0.2314,0.6213
08:55:38,v3b,30,40,V3,benign,0.3786,0.1981,0.1920,0.2313,0.6214
08:55:38,v3b,30,41,V3,benign,0.3789,0.1980,0.1919,0.2312,0.6211
08:55:38,v3b,30,42,V3,benign,0.3790,0.1980,0.1919,0.2312,0.6210
08:55:38,v3b,30,43,V3,benign,0.3789,0.1980,0.1919,0.2312,0.6211
08:55:38,v3b,30,44,V3,benign,0.3790,0.1979,0.1919,0.2312,0.6210
08:55:38,v3b,30,45,V3,benign,0.3788,0.1980,0.1920,0.2313,0.6212
08:55:38,v3b,30,46,V3,benign,0.3787,0.1980,0.1920,0.2313,0.6213
08:55:38,v3b,30,47,V3,benign,0.3788,0.1979,0.1921,0.2312,0.6212
08:55:38,v3b,30,48,V3,benign,0.3788,0.1979,0.1921,0.2312,0.6212
08:55:38,v3b,30,49,V3,benign,0.3786,0.1980,0.1922,0.2312,0.6214
08:55:38,v3b,30,50,V3,benign,0.3788,0.1979,0.1922,0.2311,0.6212
08:55:38,v3b,30,51,V3,benign,0.3789,0.1979,0.1922,0.2310,0.6211
08:55:38,v3b,30,52,V3,benign,0.3788,0.1979,0.1923,0.2310,0.6212
08:55:38,v3b,30,53,V3,benign,0.3789,0.1979,0.1923,0.2310,0.6211
08:55:38,v3b,30,54,V3,benign,0.3789,0.1979,0.1923,0.2309,0.6211
08:55:38,v3b,30,55,V3,benign,0.3787,0.1979,0.1924,0.2310,0.6213
08:55:38,v3b,30,56,V3,benign,0.3787,0.1979,0.1924,0.2310,0.6213
08:55:38,v3b,30,57,V3,benign,0.3788,0.1979,0.1924,0.2309,0.6212
08:55:38,v3b,30,58,V3,benign,0.3788,0.1979,0.1925,0.2309,0.6212
08:55:38,v3b,30,59,V3,benign,0.3788,0.1979,0.1925,0.2309,0.6212
08:55:38,v3b,30,60,V3,benign,0.3786,0.1979,0.1925,0.2309,0.6214
08:55:38,v3b,30,61,V3,benign,0.3781,0.1980,0.1928,0.2311,0.6219
08:55:38,v3b,30,62,V3,benign,0.3783,0.1979,0.1928,0.2310,0.6217
08:55:38,v3b,30,63,V3,benign,0.3782,0.1979,0.1928,0.2310,0.6218
08:55:38,v3b,30,64,V3,benign,0.3779,0.1980,0.1929,0.2311,0.6221
08:55:38,v3b,30,65,V3,benign,0.3779,0.1980,0.1930,0.2311,0.6221
08:55:38,v3b,30,66,V3,benign,0.3779,0.1980,0.1930,0.2311,0.6221
08:55:38,v3b,30,67,V3,benign,0.3774,0.1981,0.1933,0.2313,0.6226
08:55:38,v3b,30,68,V3,benign,0.3775,0.1981,0.1932,0.2312,0.6225
08:55:39,v3b,30,69,V3,benign,0.3774,0.1981,0.1933,0.2312,0.6226
08:55:39,v3b,30,70,V3,benign,0.3771,0.1982,0.1934,0.2313,0.6229
08:55:39,v3b,30,71,V3,benign,0.3772,0.1981,0.1934,0.2313,0.6228
08:55:39,v3b,30,72,V3,benign,0.3771,0.1982,0.1935,0.2313,0.6229
08:55:39,v3b,30,73,V3,benign,0.3767,0.1982,0.1936,0.2314,0.6233
08:55:39,v3b,30,74,V3,benign,0.3770,0.1982,0.1935,0.2313,0.6230
08:55:39,v3b,30,75,V3,benign,0.3770,0.1982,0.1935,0.2313,0.6230
08:55:39,v3b,30,76,V3,benign,0.3766,0.1983,0.1937,0.2314,0.6234
08:55:39,v3b,30,77,V3,benign,0.3768,0.1982,0.1936,0.2313,0.6232
08:55:39,v3b,30,78,V3,benign,0.3769,0.1982,0.1936,0.2313,0.6231
08:55:39,v3b,30,79,V3,benign,0.3767,0.1982,0.1937,0.2314,0.6233
08:55:39,v3b,30,80,V3,benign,0.3770,0.1982,0.1935,0.2313,0.6230
08:55:39,v3b,30,81,V3,benign,0.3772,0.1982,0.1934,0.2312,0.6228
08:55:39,v3b,30,82,V3,benign,0.3771,0.1982,0.1935,0.2313,0.6229
08:55:39,v3b,30,83,V3,benign,0.3773,0.1981,0.1934,0.2312,0.6227
08:55:39,v3b,30,84,V3,benign,0.3774,0.1981,0.1933,0.2312,0.6226
08:55:39,v3b,30,85,V3,benign,0.3772,0.1982,0.1934,0.2313,0.6228
08:55:39,v3b,30,86,V3,benign,0.3774,0.1981,0.1933,0.2312,0.6226
08:55:39,v3b,30,87,V3,benign,0.3775,0.1981,0.1933,0.2312,0.6225
08:55:39,v3b,30,88,V3,benign,0.3772,0.1981,0.1934,0.2312,0.6228
08:55:39,v3b,30,89,V3,benign,0.3773,0.1981,0.1934,0.2312,0.6227
08:55:39,v3b,30,90,V3,benign,0.3774,0.1981,0.1933,0.2312,0.6226
08:55:39,v3b,30,91,V3,benign,0.3772,0.1981,0.1934,0.2312,0.6228
08:55:39,v3b,30,92,V3,benign,0.3776,0.1981,0.1932,0.2311,0.6224
08:55:39,v3b,30,93,V3,benign,0.3777,0.1981,0.1931,0.2311,0.6223
08:55:39,v3b,30,94,V3,benign,0.3775,0.1981,0.1932,0.2312,0.6225
08:55:39,v3b,30,95,V3,benign,0.3778,0.1980,0.1931,0.2311,0.6222
08:55:39,v3b,30,96,V3,benign,0.3772,0.1982,0.1934,0.2312,0.6228
08:55:39,v3b,30,97,V3,benign,0.3769,0.1982,0.1937,0.2313,0.6231
08:55:39,v3b,30,98,V3,benign,0.3770,0.1982,0.1936,0.2311,0.6230
08:55:39,v3b,30,99,V3,benign,0.3767,0.1983,0.1937,0.2312,0.6233
08:55:39,v3b,30,100,V3,benign,0.3767,0.1983,0.1938,0.2312,0.6233
08:55:39,v3b,30,101,V3,benign,0.3769,0.1983,0.1937,0.2312,0.6231
08:55:39,v3b,30,102,V3,benign,0.3768,0.1983,0.1937,0.2312,0.6232
08:55:39,v3b,30,103,V3,benign,0.3767,0.1983,0.1938,0.2313,0.6233
08:55:39,v3b,30,104,V3,benign,0.3767,0.1983,0.1938,0.2312,0.6233
08:55:39,v3b,30,105,V3,benign,0.3764,0.1983,0.1939,0.2313,0.6236
08:55:39,v3b,30,106,V3,benign,0.3766,0.1983,0.1939,0.2313,0.6234
08:55:39,v3b,30,107,V3,benign,0.3771,0.1982,0.1936,0.2311,0.6229
08:55:39,v3b,30,108,V3,benign,0.3769,0.1983,0.1936,0.2312,0.6231
08:55:39,v3b,30,109,V3,benign,0.3770,0.1982,0.1936,0.2311,0.6230
08:55:39,v3b,90,0,V3,benign,0.4612,0.1881,0.1503,0.2003,0.5388
08:55:39,v3b,90,1,V3,benign,0.4650,0.1833,0.1493,0.2024,0.5350
08:55:39,v3b,90,2,V3,benign,0.4634,0.1814,0.1511,0.2042,0.5366
08:55:39,v3b,90,3,V3,benign,0.4504,0.1827,0.1584,0.2085,0.5496
08:55:39,v3b,90,4,V3,benign,0.4622,0.1825,0.1532,0.2022,0.5378
08:55:39,v3b,90,5,V3,benign,0.4632,0.1864,0.1513,0.1990,0.5368
08:55:39,v3b,90,6,V3,benign,0.4453,0.1904,0.1590,0.2053,0.5547
08:55:39,v3b,90,7,V3,benign,0.4105,0.1964,0.1736,0.2195,0.5895
08:55:39,v3b,90,8,V3,benign,0.3883,0.2006,0.1827,0.2284,0.6117
08:55:39,v3b,90,9,V3,benign,0.3732,0.2034,0.1890,0.2344,0.6268
08:55:39,v3b,90,10,V3,benign,0.3644,0.2052,0.1928,0.2376,0.6356
08:55:39,v3b,90,11,V3,benign,0.3578,0.2072,0.1956,0.2393,0.6422
08:55:39,v3b,90,12,V3,benign,0.3507,0.2095,0.1985,0.2414,0.6493
08:55:39,v3b,90,13,V3,benign,0.3466,0.2110,0.2002,0.2422,0.6534
08:55:39,v3b,90,14,V3,benign,0.3432,0.2123,0.2016,0.2429,0.6568
08:55:39,v3b,90,15,V3,benign,0.3408,0.2132,0.2024,0.2435,0.6592
08:55:39,v3b,90,16,V3,benign,0.3362,0.2145,0.2043,0.2450,0.6638
08:55:39,v3b,90,17,V3,benign,0.3346,0.2152,0.2050,0.2452,0.6654
08:55:39,v3b,90,18,V3,benign,0.3345,0.2155,0.2050,0.2451,0.6655
08:55:39,v3b,90,19,V3,benign,0.3365,0.2153,0.2042,0.2440,0.6635
08:55:39,v3b,90,20,V3,benign,0.3364,0.2156,0.2043,0.2437,0.6636
08:55:39,v3b,90,21,V3,benign,0.3354,0.2161,0.2045,0.2440,0.6646
08:55:39,v3b,90,22,V3,benign,0.3326,0.2169,0.2056,0.2448,0.6674
08:55:39,v3b,90,23,V3,benign,0.3300,0.2172,0.2069,0.2459,0.6700
08:55:39,v3b,90,24,V3,benign,0.3293,0.2172,0.2073,0.2463,0.6707
08:55:39,v3b,90,25,V3,benign,0.3296,0.2173,0.2071,0.2460,0.6704
08:55:39,v3b,90,26,V3,benign,0.3313,0.2173,0.2064,0.2450,0.6687
08:55:39,v3b,90,27,V3,benign,0.3315,0.2174,0.2062,0.2449,0.6685
08:55:39,v3b,90,28,V3,benign,0.3315,0.2174,0.2062,0.2449,0.6685
08:55:39,v3b,90,29,V3,benign,0.3328,0.2175,0.2057,0.2441,0.6672
08:55:39,v3b,90,30,V3,benign,0.3338,0.2174,0.2051,0.2436,0.6662
08:55:39,v3b,90,31,V3,benign,0.3333,0.2174,0.2054,0.2439,0.6667
08:55:39,v3b,90,32,V3,benign,0.3324,0.2175,0.2059,0.2442,0.6676
08:55:39,v3b,90,33,V3,benign,0.3310,0.2176,0.2064,0.2450,0.6690
08:55:39,v3b,90,34,V3,benign,0.3293,0.2176,0.2073,0.2458,0.6707
08:55:39,v3b,90,35,V3,benign,0.3286,0.2177,0.2077,0.2461,0.6714
08:55:39,v3b,90,36,V3,benign,0.3292,0.2177,0.2073,0.2458,0.6708
08:55:39,v3b,90,37,V3,benign,0.3304,0.2177,0.2067,0.2451,0.6696
08:55:39,v3b,90,38,V3,benign,0.3305,0.2177,0.2067,0.2451,0.6695
08:55:39,v3b,90,39,V3,benign,0.3298,0.2177,0.2070,0.2455,0.6702
08:55:39,v3b,90,40,V3,benign,0.3289,0.2178,0.2076,0.2458,0.6711
08:55:39,v3b,90,41,V3,benign,0.3274,0.2178,0.2082,0.2466,0.6726
08:55:39,v3b,90,42,V3,benign,0.3292,0.2178,0.2073,0.2456,0.6708
08:55:39,v3b,90,43,V3,benign,0.3303,0.2178,0.2068,0.2450,0.6697
08:55:39,v3b,90,44,V3,benign,0.3310,0.2178,0.2065,0.2447,0.6690
08:55:39,v3b,90,45,V3,benign,0.3302,0.2178,0.2069,0.2451,0.6698
08:55:39,v3b,90,46,V3,benign,0.3292,0.2179,0.2073,0.2456,0.6708
08:55:39,v3b,90,47,V3,benign,0.3281,0.2179,0.2078,0.2462,0.6719
08:55:39,v3b,90,48,V3,benign,0.3280,0.2179,0.2078,0.2463,0.6720
08:55:39,v3b,90,49,V3,benign,0.3284,0.2179,0.2077,0.2460,0.6716
08:55:39,v3b,90,50,V3,benign,0.3285,0.2179,0.2076,0.2460,0.6715
08:55:39,v3b,90,51,V3,benign,0.3288,0.2179,0.2074,0.2459,0.6712
08:55:39,v3b,90,52,V3,benign,0.3286,0.2179,0.2076,0.2459,0.6714
08:55:39,v3b,90,53,V3,benign,0.3289,0.2179,0.2074,0.2458,0.6711
08:55:39,v3b,90,54,V3,benign,0.3283,0.2179,0.2076,0.2461,0.6717
08:55:39,v3b,90,55,V3,benign,0.3284,0.2180,0.2076,0.2460,0.6716
08:55:39,v3b,90,56,V3,benign,0.3278,0.2180,0.2078,0.2464,0.6722
08:55:39,v3b,90,57,V3,benign,0.3276,0.2180,0.2079,0.2466,0.6724
08:55:39,v3b,90,58,V3,benign,0.3269,0.2180,0.2082,0.2469,0.6731
08:55:39,v3b,90,59,V3,benign,0.3267,0.2180,0.2083,0.2471,0.6733
08:55:39,v3b,90,60,V3,benign,0.3273,0.2180,0.2079,0.2468,0.6727
08:55:39,v3b,90,61,V3,benign,0.3274,0.2180,0.2080,0.2466,0.6726
08:55:39,v3b,90,62,V3,benign,0.3275,0.2180,0.2079,0.2466,0.6725
08:55:39,v3b,90,63,V3,benign,0.3273,0.2180,0.2080,0.2467,0.6727
08:55:39,v3b,90,64,V3,benign,0.3257,0.2180,0.2089,0.2474,0.6743
08:55:39,v3b,90,65,V3,benign,0.3239,0.2180,0.2097,0.2484,0.6761
08:55:39,v3b,90,66,V3,benign,0.3233,0.2180,0.2100,0.2487,0.6767
08:55:39,v3b,90,67,V3,benign,0.3227,0.2181,0.2104,0.2489,0.6773
08:55:39,v3b,90,68,V3,benign,0.3217,0.2180,0.2108,0.2495,0.6783
08:55:39,v3b,90,69,V3,benign,0.3217,0.2181,0.2108,0.2494,0.6783
08:55:39,v3b,90,70,V3,benign,0.3208,0.2181,0.2113,0.2498,0.6792
08:55:39,v3b,90,71,V3,benign,0.3210,0.2180,0.2112,0.2498,0.6790
08:55:39,v3b,90,72,V3,benign,0.3216,0.2180,0.2109,0.2495,0.6784
08:55:39,v3b,90,73,V3,benign,0.3225,0.2180,0.2105,0.2489,0.6775
08:55:39,v3b,90,74,V3,benign,0.3217,0.2180,0.2108,0.2494,0.6783
08:55:39,v3b,90,75,V3,benign,0.3219,0.2181,0.2107,0.2493,0.6781
08:55:39,v3b,90,76,V3,benign,0.3222,0.2181,0.2107,0.2490,0.6778
08:55:39,v3b,90,77,V3,benign,0.3216,0.2180,0.2109,0.2494,0.6784
08:55:39,v3b,90,78,V3,benign,0.3205,0.2181,0.2115,0.2500,0.6795
08:55:39,v3b,90,79,V3,benign,0.3196,0.2181,0.2120,0.2504,0.6804
08:55:39,v3b,90,80,V3,benign,0.3191,0.2180,0.2121,0.2508,0.6809
08:55:39,v3b,90,81,V3,benign,0.3195,0.2181,0.2119,0.2505,0.6805
08:55:40,v3b,90,82,V3,benign,0.3211,0.2181,0.2112,0.2496,0.6789
08:55:40,v3b,90,83,V3,benign,0.3231,0.2181,0.2101,0.2487,0.6769
08:55:40,v3b,90,84,V3,benign,0.3240,0.2181,0.2097,0.2483,0.6760
08:55:40,v3b,90,85,V3,benign,0.3254,0.2181,0.2090,0.2475,0.6746
08:55:40,v3b,90,86,V3,benign,0.3250,0.2181,0.2092,0.2478,0.6750
08:55:40,v3b,90,87,V3,benign,0.3257,0.2180,0.2088,0.2474,0.6743
08:55:40,v3b,90,88,V3,benign,0.3255,0.2181,0.2090,0.2474,0.6745
08:55:40,v3b,90,89,V3,benign,0.3246,0.2181,0.2095,0.2479,0.6754
08:55:40,v3b,90,90,V3,benign,0.3237,0.2181,0.2099,0.2484,0.6763
08:55:40,v3b,90,91,V3,benign,0.3250,0.2181,0.2093,0.2476,0.6750
08:55:40,v3b,90,92,V3,benign,0.3268,0.2181,0.2083,0.2468,0.6732
08:55:40,v3b,90,93,V3,benign,0.3280,0.2180,0.2077,0.2462,0.6720
08:55:40,v3b,90,94,V3,benign,0.3297,0.2180,0.2070,0.2453,0.6703
08:55:40,v3b,90,95,V3,benign,0.3288,0.2180,0.2073,0.2460,0.6712
08:55:40,v3b,90,96,V3,benign,0.3278,0.2180,0.2077,0.2465,0.6722
08:55:40,v3b,90,97,V3,benign,0.3264,0.2180,0.2084,0.2472,0.6736
08:55:40,v3b,90,98,V3,benign,0.3255,0.2180,0.2087,0.2477,0.6745
08:55:40,v3b,90,99,V3,benign,0.3261,0.2180,0.2085,0.2474,0.6739
08:55:40,v3b,90,100,V3,benign,0.3279,0.2179,0.2076,0.2465,0.6721
08:55:40,v3b,90,101,V3,benign,0.3297,0.2179,0.2067,0.2457,0.6703
08:55:40,v3b,90,102,V3,benign,0.3302,0.2178,0.2065,0.2455,0.6698
08:55:40,v3b,90,103,V3,benign,0.3293,0.2178,0.2069,0.2460,0.6707
08:55:40,v3b,90,104,V3,benign,0.3302,0.2178,0.2064,0.2455,0.6698
08:55:40,v3b,90,105,V3,benign,0.3308,0.2178,0.2062,0.2451,0.6692
08:55:40,v3b,90,106,V3,benign,0.3328,0.2178,0.2052,0.2441,0.6672
08:55:40,v3b,90,107,V3,benign,0.3333,0.2178,0.2050,0.2439,0.6667
08:55:40,v3b,90,108,V3,benign,0.3341,0.2178,0.2047,0.2435,0.6659
08:55:40,v3b,90,109,V3,benign,0.3327,0.2178,0.2053,0.2442,0.6673
08:55:40,v3b,150,0,V3,benign,0.4550,0.1813,0.1569,0.2068,0.5450
08:55:40,v3b,150,1,V3,benign,0.4308,0.1867,0.1660,0.2165,0.5692
08:55:40,v3b,150,2,V3,benign,0.4093,0.1932,0.1727,0.2248,0.5907
08:55:40,v3b,150,3,V3,benign,0.4001,0.1967,0.1761,0.2271,0.5999
08:55:40,v3b,150,4,V3,benign,0.3928,0.1997,0.1783,0.2292,0.6072
08:55:40,v3b,150,5,V3,benign,0.3478,0.2064,0.1966,0.2492,0.6522
08:55:40,v3b,150,6,V3,benign,0.2823,0.2103,0.2283,0.2791,0.7177
08:55:40,v3b,150,7,V3,V3,0.2663,0.2184,0.2400,0.2752,0.7337
08:55:40,v3b,150,8,V3,V3,0.2561,0.2168,0.2520,0.2751,0.7439
08:55:40,v3b,150,9,V3,V3,0.2510,0.2144,0.2569,0.2778,0.7490
08:55:40,v3b,150,10,V3,V3,0.2500,0.2126,0.2579,0.2795,0.7500
08:55:40,v3b,150,11,V3,V3,0.2502,0.2125,0.2578,0.2795,0.7498
08:55:40,v3b,150,12,V3,V3,0.2502,0.2126,0.2578,0.2795,0.7498
08:55:40,v3b,150,13,V3,V3,0.2502,0.2128,0.2577,0.2792,0.7498
08:55:40,v3b,150,14,V3,V3,0.2504,0.2129,0.2576,0.2791,0.7496
08:55:40,v3b,150,15,V3,V3,0.2502,0.2132,0.2577,0.2789,0.7498
08:55:40,v3b,150,16,V3,V3,0.2503,0.2133,0.2576,0.2788,0.7497
08:55:40,v3b,150,17,V3,V3,0.2505,0.2132,0.2575,0.2788,0.7495
08:55:40,v3b,150,18,V3,V3,0.2505,0.2130,0.2575,0.2789,0.7495
08:55:40,v3b,150,19,V3,V3,0.2507,0.2129,0.2575,0.2789,0.7493
08:55:40,v3b,150,20,V3,V3,0.2509,0.2126,0.2574,0.2791,0.7491
08:55:40,v3b,150,21,V3,V3,0.2509,0.2126,0.2574,0.2791,0.7491
08:55:40,v3b,150,22,V3,V3,0.2508,0.2126,0.2574,0.2791,0.7492
08:55:40,v3b,150,23,V3,V3,0.2509,0.2126,0.2574,0.2790,0.7491
08:55:40,v3b,150,24,V3,V3,0.2509,0.2127,0.2574,0.2791,0.7491
08:55:40,v3b,150,25,V3,V3,0.2511,0.2125,0.2573,0.2790,0.7489
08:55:40,v3b,150,26,V3,V3,0.2514,0.2123,0.2572,0.2791,0.7486
08:55:40,v3b,150,27,V3,V3,0.2514,0.2122,0.2572,0.2792,0.7486
08:55:40,v3b,150,28,V3,V3,0.2515,0.2120,0.2572,0.2794,0.7485
08:55:40,v3b,150,29,V3,V3,0.2519,0.2117,0.2570,0.2794,0.7481
08:55:40,v3b,150,30,V3,V3,0.2518,0.2118,0.2570,0.2794,0.7482
08:55:40,v3b,150,31,V3,V3,0.2517,0.2118,0.2571,0.2794,0.7483
08:55:40,v3b,150,32,V3,V3,0.2519,0.2118,0.2570,0.2793,0.7481
08:55:40,v3b,150,33,V3,V3,0.2518,0.2116,0.2570,0.2795,0.7482
08:55:40,v3b,150,34,V3,V3,0.2517,0.2118,0.2571,0.2794,0.7483
08:55:40,v3b,150,35,V3,V3,0.2518,0.2117,0.2570,0.2795,0.7482
08:55:40,v3b,150,36,V3,V3,0.2516,0.2119,0.2571,0.2794,0.7484
08:55:40,v3b,150,37,V3,V3,0.2514,0.2122,0.2572,0.2793,0.7486
08:55:40,v3b,150,38,V3,V3,0.2516,0.2121,0.2571,0.2793,0.7484
08:55:40,v3b,150,39,V3,V3,0.2515,0.2120,0.2571,0.2793,0.7485
08:55:40,v3b,150,40,V3,V3,0.2514,0.2121,0.2572,0.2792,0.7486
08:55:40,v3b,150,41,V3,V3,0.2514,0.2120,0.2572,0.2794,0.7486
08:55:40,v3b,150,42,V3,V3,0.2516,0.2120,0.2571,0.2792,0.7484
08:55:40,v3b,150,43,V3,V3,0.2515,0.2121,0.2571,0.2792,0.7485
08:55:40,v3b,150,44,V3,V3,0.2515,0.2122,0.2572,0.2792,0.7485
08:55:40,v3b,150,45,V3,V3,0.2515,0.2121,0.2572,0.2793,0.7485
08:55:40,v3b,150,46,V3,V3,0.2514,0.2122,0.2572,0.2792,0.7486
08:55:40,v3b,150,47,V3,V3,0.2514,0.2122,0.2572,0.2792,0.7486
08:55:40,v3b,150,48,V3,V3,0.2515,0.2122,0.2571,0.2792,0.7485
08:55:40,v3b,150,49,V3,V3,0.2516,0.2122,0.2571,0.2792,0.7484
08:55:40,v3b,150,50,V3,V3,0.2515,0.2121,0.2571,0.2793,0.7485
08:55:40,v3b,150,51,V3,V3,0.2517,0.2118,0.2570,0.2795,0.7483
08:55:40,v3b,150,52,V3,V3,0.2517,0.2118,0.2570,0.2795,0.7483
08:55:40,v3b,150,53,V3,V3,0.2517,0.2120,0.2570,0.2793,0.7483
08:55:40,v3b,150,54,V3,V3,0.2517,0.2118,0.2570,0.2795,0.7483
08:55:40,v3b,150,55,V3,V3,0.2518,0.2119,0.2569,0.2794,0.7482
08:55:40,v3b,150,56,V3,V3,0.2518,0.2119,0.2569,0.2794,0.7482
08:55:40,v3b,150,57,V3,V3,0.2518,0.2118,0.2569,0.2794,0.7482
08:55:40,v3b,150,58,V3,V3,0.2517,0.2119,0.2569,0.2794,0.7483
08:55:40,v3b,150,59,V3,V3,0.2517,0.2118,0.2570,0.2795,0.7483
08:55:40,v3b,150,60,V3,V3,0.2518,0.2117,0.2569,0.2796,0.7482
08:55:40,v3b,150,61,V3,V3,0.2519,0.2116,0.2569,0.2797,0.7481
08:55:40,v3b,150,62,V3,V3,0.2519,0.2117,0.2569,0.2795,0.7481
08:55:40,v3b,150,63,V3,V3,0.2519,0.2117,0.2569,0.2796,0.7481
08:55:40,v3b,150,64,V3,V3,0.2518,0.2116,0.2569,0.2797,0.7482
08:55:40,v3b,150,65,V3,V3,0.2519,0.2115,0.2569,0.2797,0.7481
08:55:40,v3b,150,66,V3,V3,0.2519,0.2117,0.2568,0.2796,0.7481
08:55:40,v3b,150,67,V3,V3,0.2518,0.2119,0.2569,0.2794,0.7482
08:55:40,v3b,150,68,V3,V3,0.2517,0.2121,0.2570,0.2792,0.7483
08:55:40,v3b,150,69,V3,V3,0.2519,0.2120,0.2569,0.2793,0.7481
08:55:40,v3b,150,70,V3,V3,0.2518,0.2121,0.2569,0.2793,0.7482
08:55:40,v3b,150,71,V3,V3,0.2519,0.2119,0.2568,0.2794,0.7481
08:55:40,v3b,150,72,V3,V3,0.2521,0.2117,0.2566,0.2795,0.7479
08:55:40,v3b,150,73,V3,V3,0.2520,0.2119,0.2566,0.2794,0.7480
08:55:40,v3b,150,74,V3,V3,0.2519,0.2120,0.2568,0.2794,0.7481
08:55:40,v3b,150,75,V3,V3,0.2519,0.2121,0.2568,0.2792,0.7481
08:55:40,v3b,150,76,V3,V3,0.2517,0.2123,0.2569,0.2791,0.7483
08:55:40,v3b,150,77,V3,V3,0.2517,0.2123,0.2570,0.2791,0.7483
08:55:40,v3b,150,78,V3,V3,0.2517,0.2121,0.2570,0.2792,0.7483
08:55:40,v3b,150,79,V3,V3,0.2515,0.2125,0.2571,0.2790,0.7485
08:55:40,v3b,150,80,V3,V3,0.2515,0.2123,0.2571,0.2790,0.7485
08:55:40,v3b,150,81,V3,V3,0.2518,0.2121,0.2570,0.2791,0.7482
08:55:40,v3b,150,82,V3,V3,0.2518,0.2123,0.2569,0.2790,0.7482
08:55:40,v3b,150,83,V3,V3,0.2517,0.2122,0.2570,0.2791,0.7483
08:55:40,v3b,150,84,V3,V3,0.2520,0.2120,0.2569,0.2791,0.7480
08:55:40,v3b,150,85,V3,V3,0.2521,0.2120,0.2568,0.2791,0.7479
08:55:40,v3b,150,86,V3,V3,0.2519,0.2121,0.2569,0.2790,0.7481
08:55:40,v3b,150,87,V3,V3,0.2520,0.2119,0.2569,0.2792,0.7480
08:55:40,v3b,150,88,V3,V3,0.2520,0.2121,0.2568,0.2792,0.7480
08:55:40,v3b,150,89,V3,V3,0.2516,0.2124,0.2569,0.2791,0.7484
08:55:40,v3b,150,90,V3,V3,0.2516,0.2124,0.2569,0.2791,0.7484
08:55:40,v3b,150,91,V3,V3,0.2518,0.2123,0.2567,0.2792,0.7482
08:55:40,v3b,150,92,V3,V3,0.2517,0.2123,0.2568,0.2792,0.7483
08:55:40,v3b,150,93,V3,V3,0.2519,0.2119,0.2567,0.2795,0.7481
08:55:41,v3b,150,94,V3,V3,0.2522,0.2117,0.2566,0.2795,0.7478
08:55:41,v3b,150,95,V3,V3,0.2520,0.2119,0.2567,0.2793,0.7480
08:55:41,v3b,150,96,V3,V3,0.2519,0.2120,0.2568,0.2792,0.7481
08:55:41,v3b,150,97,V3,V3,0.2521,0.2118,0.2567,0.2793,0.7479
08:55:41,v3b,150,98,V3,V3,0.2520,0.2120,0.2567,0.2792,0.7480
08:55:41,v3b,150,99,V3,V3,0.2519,0.2120,0.2568,0.2794,0.7481
08:55:41,v3b,150,100,V3,V3,0.2523,0.2116,0.2566,0.2795,0.7477
08:55:41,v3b,150,101,V3,V3,0.2524,0.2115,0.2565,0.2796,0.7476
08:55:41,v3b,150,102,V3,V3,0.2524,0.2114,0.2565,0.2796,0.7476
08:55:41,v3b,150,103,V3,V3,0.2525,0.2112,0.2565,0.2798,0.7475
08:55:41,v3b,150,104,V3,V3,0.2525,0.2114,0.2565,0.2796,0.7475
08:55:41,v3b,150,105,V3,V3,0.2526,0.2114,0.2565,0.2796,0.7474
08:55:41,v3b,150,106,V3,V3,0.2526,0.2114,0.2565,0.2796,0.7474
08:55:41,v3b,150,107,V3,V3,0.2525,0.2114,0.2565,0.2796,0.7475
08:55:41,v3b,150,108,V3,V3,0.2525,0.2113,0.2565,0.2797,0.7475
08:55:41,v3b,150,109,V3,V3,0.2520,0.2114,0.2568,0.2798,0.7480
08:55:45,v2a,60,0,V2,benign,0.4671,0.1921,0.1439,0.1968,0.5329
08:56:19,v2a,60,1,V2,benign,0.4638,0.1846,0.1471,0.2044,0.5362
08:56:56,v2a,60,2,V2,benign,0.4296,0.1908,0.1574,0.2221,0.5704
08:57:33,v2a,60,3,V2,benign,0.3523,0.1982,0.1927,0.2568,0.6477
08:58:11,v2a,60,4,V2,benign,0.3160,0.2073,0.2066,0.2701,0.6840
09:02:39,v2a,60,5,V2,benign,0.3043,0.2086,0.2120,0.2751,0.6957
09:02:57,v3a,120,0,V3,benign,0.4614,0.1809,0.1520,0.2056,0.5386
09:03:32,v3a,120,1,V3,benign,0.4539,0.1818,0.1561,0.2083,0.5461
09:04:09,v3a,120,2,V3,benign,0.4374,0.1862,0.1625,0.2140,0.5626
09:04:46,v3a,120,3,V3,benign,0.4251,0.1896,0.1669,0.2184,0.5749
09:05:20,v3a,120,4,V3,benign,0.4241,0.1923,0.1661,0.2175,0.5759
09:06:01,v3a,120,5,V3,benign,0.3940,0.1996,0.1773,0.2292,0.6060
09:06:35,v3a,120,6,V3,benign,0.3156,0.2091,0.2099,0.2654,0.6844
09:07:13,v3a,120,7,V3,V3,0.2688,0.2187,0.2349,0.2775,0.7312
09:07:50,v3a,120,8,V3,V3,0.2608,0.2257,0.2443,0.2692,0.7392
09:08:27,v3a,120,9,V3,V3,0.2589,0.2250,0.2471,0.2690,0.7411
09:09:02,v3a,120,10,V3,V3,0.2594,0.2249,0.2467,0.2689,0.7406
09:09:40,v3a,120,11,V3,V3,0.2599,0.2250,0.2464,0.2687,0.7401
09:10:18,v3a,120,12,V3,V3,0.2602,0.2248,0.2463,0.2687,0.7398
09:10:52,v3a,120,13,V3,V3,0.2605,0.2248,0.2461,0.2686,0.7395
09:11:29,v3a,120,14,V3,V3,0.2607,0.2248,0.2460,0.2685,0.7393
09:12:07,v3a,120,15,V3,V3,0.2609,0.2247,0.2459,0.2684,0.7391
09:12:44,v3a,120,16,V3,V3,0.2610,0.2247,0.2459,0.2684,0.7390
09:13:22,v3a,120,17,V3,V3,0.2611,0.2247,0.2458,0.2684,0.7389
09:13:59,v3a,120,18,V3,V3,0.2615,0.2245,0.2456,0.2685,0.7385
09:14:34,v3a,120,19,V3,V3,0.2619,0.2243,0.2453,0.2685,0.7381
09:15:12,v3a,120,20,V3,V3,0.2622,0.2241,0.2451,0.2686,0.7378
09:15:46,v3a,120,21,V3,V3,0.2626,0.2239,0.2448,0.2687,0.7374
09:16:24,v3a,120,22,V3,V3,0.2628,0.2239,0.2448,0.2685,0.7372
09:17:01,v3a,120,23,V3,V3,0.2623,0.2242,0.2451,0.2684,0.7377
09:17:36,v3a,120,24,V3,V3,0.2621,0.2241,0.2452,0.2685,0.7379
09:18:14,v3a,120,25,V3,V3,0.2623,0.2241,0.2451,0.2685,0.7377
09:18:51,v3a,120,26,V3,V3,0.2627,0.2238,0.2450,0.2685,0.7373
09:19:26,v3a,120,27,V3,V3,0.2628,0.2236,0.2450,0.2686,0.7372
14:08:47,v2a,60,0,V2,benign,0.4671,0.1921,0.1439,0.1968,0.5329
14:09:24,v2a,60,1,V2,benign,0.4638,0.1846,0.1471,0.2044,0.5362
14:10:03,v2a,60,2,V2,benign,0.4296,0.1908,0.1574,0.2221,0.5704
14:10:40,v2a,60,3,V2,benign,0.3523,0.1982,0.1927,0.2568,0.6477
14:14:19,v2a,60,4,V2,benign,0.3155,0.2091,0.2052,0.2701,0.6845
14:14:38,v3a,60,0,V3,benign,0.4671,0.1921,0.1439,0.1968,0.5329
14:15:15,v3a,60,1,V3,benign,0.4754,0.1840,0.1431,0.1974,0.5246
14:15:52,v3a,60,2,V3,benign,0.4801,0.1793,0.1430,0.1976,0.5199
14:17:06,v3a,60,3,V3,benign,0.4495,0.1834,0.1587,0.2084,0.5505
14:17:26,v3a,150,0,V3,benign,0.4550,0.1813,0.1569,0.2068,0.5450
14:18:03,v3a,150,1,V3,benign,0.4308,0.1867,0.1660,0.2165,0.5692
14:18:40,v3a,150,2,V3,benign,0.4093,0.1932,0.1727,0.2248,0.5907
14:19:17,v3a,150,3,V3,benign,0.4001,0.1967,0.1761,0.2271,0.5999
14:19:54,v3a,150,4,V3,benign,0.3928,0.1997,0.1783,0.2292,0.6072
14:20:32,v3a,150,5,V3,benign,0.3478,0.2064,0.1966,0.2492,0.6522
14:21:11,v3a,150,6,V3,benign,0.2823,0.2103,0.2283,0.2791,0.7177
14:21:49,v3a,150,7,V3,V3,0.2663,0.2184,0.2400,0.2752,0.7337
14:22:26,v3a,150,8,V3,V3,0.2561,0.2168,0.2520,0.2751,0.7439
14:23:44,v3a,150,9,V3,V3,0.2506,0.2143,0.2571,0.2779,0.7494
14:24:04,v1a,150,0,V1,benign,0.4550,0.1813,0.1569,0.2068,0.5450
14:24:41,v1a,150,1,V1,benign,0.4350,0.1853,0.1649,0.2148,0.5650
14:25:19,v1a,150,2,V1,benign,0.4200,0.1890,0.1714,0.2196,0.5800
14:25:56,v1a,150,3,V1,benign,0.4130,0.1905,0.1750,0.2214,0.5870
14:26:36,v1a,150,4,V1,benign,0.4129,0.1905,0.1751,0.2215,0.5871
14:27:15,v1a,150,5,V1,benign,0.4135,0.1904,0.1748,0.2213,0.5865
14:27:55,v1a,150,6,V1,benign,0.4136,0.1906,0.1746,0.2213,0.5864
14:28:37,v1a,150,7,V1,benign,0.4125,0.1910,0.1749,0.2215,0.5875
14:29:18,v1a,150,8,V1,benign,0.4114,0.1914,0.1754,0.2218,0.5886
14:30:00,v1a,150,9,V1,benign,0.4081,0.1926,0.1766,0.2227,0.5919
14:30:40,v1a,150,10,V1,benign,0.4032,0.1943,0.1785,0.2241,0.5968
14:31:22,v1a,150,11,V1,benign,0.3972,0.1959,0.1808,0.2261,0.6028
14:32:03,v1a,150,12,V1,benign,0.3915,0.1975,0.1828,0.2281,0.6085
14:33:41,v1a,150,13,V1,benign,0.3862,0.1992,0.1845,0.2301,0.6138
14:34:01,v1a,150,0,V1,benign,0.4184,0.1916,0.1711,0.2189,0.5816
14:34:38,v1a,150,1,V1,benign,0.4222,0.1888,0.1701,0.2189,0.5778
14:35:16,v1a,150,2,V1,benign,0.4200,0.1890,0.1714,0.2196,0.5800
14:35:53,v1a,150,3,V1,benign,0.4130,0.1905,0.1750,0.2214,0.5870
14:36:33,v1a,150,4,V1,benign,0.4129,0.1905,0.1751,0.2215,0.5871
14:37:13,v1a,150,5,V1,benign,0.4135,0.1904,0.1748,0.2213,0.5865
14:37:52,v1a,150,6,V1,benign,0.4136,0.1906,0.1746,0.2213,0.5864
14:43:59,v1a,150,7,V1,benign,0.4125,0.1910,0.1749,0.2215,0.5875
14:44:16,v1a,150,0,V1,benign,0.4370,0.1858,0.1642,0.2130,0.5630
14:44:54,v1a,150,1,V1,benign,0.4304,0.1865,0.1671,0.2160,0.5696
14:45:31,v1a,150,2,V1,benign,0.4200,0.1890,0.1714,0.2196,0.5800
14:46:09,v1a,150,3,V1,benign,0.4130,0.1905,0.1750,0.2214,0.5870
14:46:48,v1a,150,4,V1,benign,0.4129,0.1905,0.1751,0.2215,0.5871
14:50:12,v1a,150,5,V1,benign,0.4010,0.1943,0.1788,0.2260,0.5990
14:50:32,v2a,160,0,V2,benign,0.4607,0.1807,0.1558,0.2027,0.5393
14:51:09,v2a,160,1,V2,benign,0.4131,0.1943,0.1674,0.2252,0.5869
14:51:47,v2a,160,2,V2,benign,0.3618,0.2035,0.1824,0.2523,0.6382
14:52:26,v2a,160,3,V2,benign,0.3089,0.2093,0.2089,0.2730,0.6911
14:53:04,v2a,160,4,V2,benign,0.2964,0.2102,0.2160,0.2774,0.7036
14:53:43,v2a,160,5,V2,benign,0.2956,0.2099,0.2170,0.2775,0.7044
14:54:21,v2a,160,6,V2,benign,0.2925,0.2111,0.2182,0.2781,0.7075
14:55:02,v2a,160,7,V2,benign,0.2853,0.2140,0.2204,0.2803,0.7147
14:55:42,v2a,160,8,V2,V3,0.2781,0.2166,0.2216,0.2838,0.7219
14:56:21,v2a,160,9,V2,V3,0.2708,0.2205,0.2225,0.2862,0.7292
14:57:01,v2a,160,10,V2,V3,0.2672,0.2231,0.2227,0.2871,0.7328
14:57:41,v2a,160,11,V2,V3,0.2663,0.2236,0.2226,0.2875,0.7337
14:58:23,v2a,160,12,V2,V3,0.2666,0.2234,0.2226,0.2874,0.7334
14:59:02,v2a,160,13,V2,V3,0.2669,0.2232,0.2227,0.2873,0.7331
14:59:42,v2a,160,14,V2,V3,0.2665,0.2234,0.2227,0.2874,0.7335
15:00:24,v2a,160,15,V2,V3,0.2661,0.2236,0.2228,0.2876,0.7339
15:01:03,v2a,160,16,V2,V3,0.2661,0.2234,0.2228,0.2877,0.7339
15:01:43,v2a,160,17,V2,V3,0.2664,0.2231,0.2229,0.2877,0.7336
15:02:25,v2a,160,18,V2,V3,0.2670,0.2226,0.2229,0.2874,0.7330
15:03:05,v2a,160,19,V2,V3,0.2673,0.2224,0.2230,0.2873,0.7327
15:03:44,v2a,160,20,V2,V3,0.2673,0.2225,0.2230,0.2872,0.7327
15:04:24,v2a,160,21,V2,V3,0.2675,0.2224,0.2229,0.2872,0.7325
15:05:04,v2a,160,22,V2,V3,0.2679,0.2222,0.2229,0.2870,0.7321
15:05:44,v2a,160,23,V2,V3,0.2684,0.2219,0.2229,0.2868,0.7316
15:06:23,v2a,160,24,V2,V3,0.2687,0.2217,0.2229,0.2868,0.7313
15:07:05,v2a,160,25,V2,V3,0.2690,0.2215,0.2228,0.2866,0.7310
15:07:45,v2a,160,26,V2,V3,0.2694,0.2212,0.2228,0.2865,0.7306
15:08:25,v2a,160,27,V2,V3,0.2695,0.2212,0.2229,0.2864,0.7305
15:09:06,v2a,160,28,V2,V3,0.2694,0.2213,0.2229,0.2864,0.7306
15:09:46,v2a,160,29,V2,V3,0.2694,0.2214,0.2228,0.2864,0.7306
15:10:24,v2a,160,30,V2,V3,0.2699,0.2209,0.2229,0.2863,0.7301
15:11:04,v2a,160,31,V2,V3,0.2703,0.2206,0.2228,0.2862,0.7297
15:11:44,v2a,160,32,V2,V3,0.2709,0.2201,0.2228,0.2861,0.7291
15:12:24,v2a,160,33,V2,V3,0.2712,0.2198,0.2228,0.2861,0.7288
15:16:59,v2a,160,34,V2,V3,0.2811,0.2163,0.2208,0.2818,0.7189
15:17:18,v2a,160,0,V2,benign,0.3512,0.2029,0.1934,0.2525,0.6488
15:17:56,v2a,160,1,V2,benign,0.3638,0.2010,0.1852,0.2500,0.6362
15:18:34,v2a,160,2,V2,benign,0.3618,0.2035,0.1824,0.2523,0.6382
15:19:14,v2a,160,3,V2,benign,0.3089,0.2093,0.2089,0.2730,0.6911
15:19:55,v2a,160,4,V2,benign,0.2964,0.2102,0.2160,0.2774,0.7036
15:20:35,v2a,160,5,V2,benign,0.2956,0.2099,0.2170,0.2775,0.7044
15:21:19,v2a,160,6,V2,benign,0.2925,0.2111,0.2182,0.2781,0.7075
15:22:01,v2a,160,7,V2,benign,0.2853,0.2140,0.2204,0.2803,0.7147
15:22:45,v2a,160,8,V2,V3,0.2781,0.2166,0.2216,0.2838,0.7219
15:23:27,v2a,160,9,V2,V3,0.2708,0.2205,0.2225,0.2862,0.7292
15:24:11,v2a,160,10,V2,V3,0.2672,0.2231,0.2227,0.2871,0.7328
15:24:53,v2a,160,11,V2,V3,0.2663,0.2236,0.2226,0.2875,0.7337
15:25:37,v2a,160,12,V2,V3,0.2666,0.2234,0.2226,0.2874,0.7334
15:26:19,v2a,160,13,V2,V3,0.2669,0.2232,0.2227,0.2873,0.7331
15:27:03,v2a,160,14,V2,V3,0.2665,0.2234,0.2227,0.2874,0.7335
15:27:47,v2a,160,15,V2,V3,0.2661,0.2236,0.2228,0.2876,0.7339
15:28:29,v2a,160,16,V2,V3,0.2661,0.2234,0.2228,0.2877,0.7339
15:29:12,v2a,160,17,V2,V3,0.2664,0.2231,0.2229,0.2877,0.7336
15:29:56,v2a,160,18,V2,V3,0.2670,0.2226,0.2229,0.2874,0.7330
15:30:40,v2a,160,19,V2,V3,0.2673,0.2224,0.2230,0.2873,0.7327
15:31:22,v2a,160,20,V2,V3,0.2673,0.2225,0.2230,0.2872,0.7327
15:32:07,v2a,160,21,V2,V3,0.2675,0.2224,0.2229,0.2872,0.7325
15:32:49,v2a,160,22,V2,V3,0.2679,0.2222,0.2229,0.2870,0.7321
15:35:51,v2a,160,23,V2,V3,0.2783,0.2175,0.2212,0.2830,0.7217
15:36:08,v2a,3,0,V2,benign,0.4906,0.1891,0.1330,0.1874,0.5094
15:36:44,v2a,3,1,V2,benign,0.4892,0.1826,0.1356,0.1927,0.5108
15:37:22,v2a,3,2,V2,benign,0.4907,0.1762,0.1377,0.1954,0.5093
15:37:57,v2a,3,3,V2,benign,0.4468,0.1810,0.1594,0.2128,0.5532
15:38:35,v2a,3,4,V2,benign,0.4338,0.1852,0.1652,0.2159,0.5662
15:39:11,v2a,3,5,V2,benign,0.4059,0.1937,0.1740,0.2264,0.5941
15:39:47,v2a,3,6,V2,benign,0.3844,0.1988,0.1821,0.2346,0.6156
15:40:23,v2a,3,7,V2,benign,0.3699,0.2020,0.1878,0.2403,0.6301
15:42:01,v2a,3,8,V2,benign,0.3590,0.2048,0.1919,0.2443,0.6410
15:42:19,v2a,150,0,V2,benign,0.4550,0.1813,0.1569,0.2068,0.5450
15:42:57,v2a,150,1,V2,benign,0.4039,0.1960,0.1694,0.2306,0.5961
15:43:33,v2a,150,2,V2,benign,0.3534,0.2060,0.1847,0.2560,0.6466
15:44:13,v2a,150,3,V2,benign,0.3125,0.2084,0.2075,0.2716,0.6875
15:44:52,v2a,150,4,V2,benign,0.2986,0.2095,0.2151,0.2767,0.7014
15:45:31,v2a,150,5,V2,benign,0.2972,0.2092,0.2164,0.2772,0.7028
15:46:13,v2a,150,6,V2,benign,0.2946,0.2103,0.2175,0.2777,0.7054
15:46:55,v2a,150,7,V2,benign,0.2874,0.2130,0.2200,0.2796,0.7126
15:56:58,v2a,60,0,V2,benign,0.4671,0.1921,0.1439,0.1968,0.5329
15:57:00,v2a,60,0,V2,benign,0.4671,0.1921,0.1439,0.1968,0.5329
15:57:37,v2a,60,1,V2,benign,0.4638,0.1846,0.1471,0.2044,0.5362
15:57:38,v2a,60,1,V2,benign,0.4638,0.1846,0.1471,0.2044,0.5362
15:58:18,v2a,60,2,V2,benign,0.4296,0.1908,0.1574,0.2221,0.5704
15:58:19,v2a,60,2,V2,benign,0.4296,0.1908,0.1574,0.2221,0.5704
15:58:57,v2a,60,3,V2,benign,0.3523,0.1982,0.1927,0.2568,0.6477
15:58:58,v2a,60,3,V2,benign,0.3523,0.1982,0.1927,0.2568,0.6477
15:59:37,v2a,60,4,V2,benign,0.3160,0.2073,0.2066,0.2701,0.6840
15:59:37,v2a,60,4,V2,benign,0.3160,0.2073,0.2066,0.2701,0.6840
16:00:19,v2a,60,5,V2,benign,0.3043,0.2086,0.2120,0.2751,0.6957
16:00:19,v2a,60,5,V2,benign,0.3043,0.2086,0.2120,0.2751,0.6957
16:00:59,v2a,60,6,V2,benign,0.3003,0.2091,0.2139,0.2767,0.6997
16:01:00,v2a,60,6,V2,benign,0.3003,0.2091,0.2139,0.2767,0.6997
16:01:39,v2a,60,7,V2,benign,0.2991,0.2092,0.2146,0.2771,0.7009
16:01:39,v2a,60,7,V2,benign,0.2991,0.2092,0.2146,0.2771,0.7009
16:02:18,v2a,60,8,V2,benign,0.2980,0.2095,0.2150,0.2776,0.7020
16:02:19,v2a,60,8,V2,benign,0.2980,0.2095,0.2150,0.2776,0.7020
16:03:00,v2a,60,9,V2,benign,0.2975,0.2095,0.2154,0.2777,0.7025
16:03:00,v2a,60,9,V2,benign,0.2975,0.2095,0.2154,0.2777,0.7025
16:03:39,v2a,60,10,V2,benign,0.2969,0.2096,0.2157,0.2779,0.7031
16:03:40,v2a,60,10,V2,benign,0.2969,0.2096,0.2157,0.2779,0.7031
16:04:20,v2a,60,11,V2,benign,0.2961,0.2097,0.2161,0.2781,0.7039
16:04:20,v2a,60,11,V2,benign,0.2961,0.2097,0.2161,0.2781,0.7039
16:05:02,v2a,60,12,V2,benign,0.2959,0.2096,0.2164,0.2781,0.7041
16:05:02,v2a,60,12,V2,benign,0.2959,0.2096,0.2164,0.2781,0.7041
16:05:41,v2a,60,13,V2,benign,0.2953,0.2097,0.2167,0.2784,0.7047
16:05:42,v2a,60,13,V2,benign,0.2953,0.2097,0.2167,0.2784,0.7047
16:06:21,v2a,60,14,V2,benign,0.2950,0.2097,0.2168,0.2785,0.7050
16:06:22,v2a,60,14,V2,benign,0.2950,0.2097,0.2168,0.2785,0.7050
