variant,mu,gamma,val_MCC
V1,0.0,0.05,0.6274
V1,0.0,0.06,0.6274
V1,0.0,0.07,0.6274
V1,0.0,0.08,0.6642
V1,0.0,0.09,0.6642
V1,0.0,0.1,0.6642
V1,0.0,0.11,0.6642
V1,0.0,0.12,0.6642
V1,0.0,0.13,0.6642
V1,0.0,0.14,0.6642
V1,0.0,0.15,0.6642
V1,0.0,0.16,0.6642
V1,0.0,0.17,0.6642
V1,0.0,0.18,0.6642
V1,0.0,0.19,0.6642
V1,0.0,0.2,0.6642
V1,0.0,0.21,0.6642
V1,0.0,0.22,0.6642
V1,0.0,0.23,0.6642
V1,0.0,0.24,0.6642
V1,0.0,0.25,0.6642
V1,0.0,0.26,0.6642
V1,0.0,0.27,0.6642
V1,0.0,0.28,0.6642
V1,0.0,0.29,0.6642
V1,0.0,0.3,0.6642
V1,0.0,0.31,0.6642
V1,0.0,0.32,0.6642
V1,0.0,0.33,0.6642
V1,0.0,0.34,0.6642
V1,0.0,0.35,0.6642
V1,0.0,0.36,0.6642
V1,0.0,0.37,0.6642
V1,0.0,0.38,0.6642
V1,0.0,0.39,0.6642
V1,0.0,0.4,0.6642
V1,0.0,0.41,0.6642
V1,0.0,0.42,0.6642
V1,0.0,0.43,0.6642
V1,0.0,0.44,0.6642
V1,0.0,0.45,0.6642
V1,0.0,0.46,0.6642
V1,0.0,0.47,0.6642
V1,0.0,0.48,0.6642
V1,0.0,0.49,0.6642
V1,0.0,0.5,0.6642
V1,0.0,0.51,0.6642
V1,0.0,0.52,0.6642
V1,0.0,0.53,0.6642
V1,0.0,0.54,0.6642
V1,0.0,0.55,0.6642
V1,0.0,0.56,0.6642
V1,0.0,0.57,0.6642
V1,0.0,0.58,0.6642
V1,0.0,0.59,0.6642
V1,0.0,0.6,0.6642
V1,0.0,0.61,0.6642
V1,0.0,0.62,0.6642
V1,0.0,0.63,0.6642
V1,0.0,0.64,0.6642
V1,0.0,0.65,0.6642
V1,0.0,0.66,0.6642
V1,0.0,0.67,0.6642
V1,0.0,0.68,0.6642
V1,0.0,0.69,0.6642
V1,0.0,0.7,0.6642
V1,0.0,0.71,0.6642
V1,0.0,0.72,0.6642
V1,0.0,0.73,0.6642
V1,0.0,0.74,0.6642
V1,0.0,0.75,0.6642
V1,0.0,0.76,0.6642
V1,0.0,0.77,0.6642
V1,0.0,0.78,0.6642
V1,0.0,0.79,0.6642
V1,0.0,0.8,0.7045
V1,0.0,0.81,0.7045
V1,0.0,0.82,0.7045
V1,0.0,0.83,0.7045
V1,0.0,0.84,0.7045
V1,0.0,0.85,0.7045
V1,0.0,0.86,0.7045
V1,0.0,0.87,0.0
V1,0.0,0.88,0.0
V1,0.0,0.89,0.0
V1,0.0,0.9,0.0
V1,0.0,0.91,0.0
V1,0.0,0.92,0.0
V1,0.0,0.93,0.0
V1,0.0,0.94,0.0
V1,0.0,0.95,0.0
V1,0.05,0.05,0.6274
V1,0.05,0.06,0.6274
V1,0.05,0.07,0.6274
V1,0.05,0.08,0.6642
V1,0.05,0.09,0.6642
V1,0.05,0.1,0.6642
V1,0.05,0.11,0.6642
V1,0.05,0.12,0.6642
V1,0.05,0.13,0.6642
V1,0.05,0.14,0.6642
V1,0.05,0.15,0.6642
V1,0.05,0.16,0.6642
V1,0.05,0.17,0.6642
V1,0.05,0.18,0.6642
V1,0.05,0.19,0.6642
V1,0.05,0.2,0.6642
V1,0.05,0.21,0.6642
V1,0.05,0.22,0.6642
V1,0.05,0.23,0.6642
V1,0.05,0.24,0.6642
V1,0.05,0.25,0.6642
V1,0.05,0.26,0.6642
V1,0.05,0.27,0.6642
V1,0.05,0.28,0.6642
V1,0.05,0.29,0.6642
V1,0.05,0.3,0.6642
V1,0.05,0.31,0.6642
V1,0.05,0.32,0.6642
V1,0.05,0.33,0.6642
V1,0.05,0.34,0.6642
V1,0.05,0.35,0.6642
V1,0.05,0.36,0.6642
V1,0.05,0.37,0.6642
V1,0.05,0.38,0.6642
V1,0.05,0.39,0.6642
V1,0.05,0.4,0.6642
V1,0.05,0.41,0.6642
V1,0.05,0.42,0.6642
V1,0.05,0.43,0.6642
V1,0.05,0.44,0.6642
V1,0.05,0.45,0.6642
V1,0.05,0.46,0.6642
V1,0.05,0.47,0.6642
V1,0.05,0.48,0.6642
V1,0.05,0.49,0.6642
V1,0.05,0.5,0.6642
V1,0.05,0.51,0.6642
V1,0.05,0.52,0.6642
V1,0.05,0.53,0.6642
V1,0.05,0.54,0.6642
V1,0.05,0.55,0.6642
V1,0.05,0.56,0.6642
V1,0.05,0.57,0.6642
V1,0.05,0.58,0.6642
V1,0.05,0.59,0.6642
V1,0.05,0.6,0.6642
V1,0.05,0.61,0.6642
V1,0.05,0.62,0.6642
V1,0.05,0.63,0.6642
V1,0.05,0.64,0.6642
V1,0.05,0.65,0.6642
V1,0.05,0.66,0.6642
V1,0.05,0.67,0.6642
V1,0.05,0.68,0.6642
V1,0.05,0.69,0.6642
V1,0.05,0.7,0.6642
V1,0.05,0.71,0.6642
V1,0.05,0.72,0.6642
V1,0.05,0.73,0.6642
V1,0.05,0.74,0.6642
V1,0.05,0.75,0.6642
V1,0.05,0.76,0.6849
V1,0.05,0.77,0.6907
V1,0.05,0.78,0.6941
V1,0.05,0.79,0.6964
V1,0.05,0.8,0.7061
V1,0.05,0.81,0.7045
V1,0.05,0.82,0.7079
V1,0.05,0.83,0.7156
V1,0.05,0.84,0.7226
V1,0.05,0.85,0.7108
V1,0.05,0.86,0.5975
V1,0.05,0.87,0.1177
V1,0.05,0.88,0.0
V1,0.05,0.89,0.0
V1,0.05,0.9,0.0
V1,0.05,0.91,0.0
V1,0.05,0.92,0.0
V1,0.05,0.93,0.0
V1,0.05,0.94,0.0
V1,0.05,0.95,0.0
V1,0.1,0.05,0.6274
V1,0.1,0.06,0.6274
V1,0.1,0.07,0.6642
V1,0.1,0.08,0.6642
V1,0.1,0.09,0.6642
V1,0.1,0.1,0.6642
V1,0.1,0.11,0.6642
V1,0.1,0.12,0.6642
V1,0.1,0.13,0.6642
V1,0.1,0.14,0.6642
V1,0.1,0.15,0.6642
V1,0.1,0.16,0.6642
V1,0.1,0.17,0.6642
V1,0.1,0.18,0.6642
V1,0.1,0.19,0.6642
V1,0.1,0.2,0.6642
V1,0.1,0.21,0.6642
V1,0.1,0.22,0.6642
V1,0.1,0.23,0.6642
V1,0.1,0.24,0.6642
V1,0.1,0.25,0.6642
V1,0.1,0.26,0.6642
V1,0.1,0.27,0.6642
V1,0.1,0.28,0.6642
V1,0.1,0.29,0.6642
V1,0.1,0.3,0.6642
V1,0.1,0.31,0.6642
V1,0.1,0.32,0.6642
V1,0.1,0.33,0.6642
V1,0.1,0.34,0.6642
V1,0.1,0.35,0.6642
V1,0.1,0.36,0.6642
V1,0.1,0.37,0.6642
V1,0.1,0.38,0.6642
V1,0.1,0.39,0.6642
V1,0.1,0.4,0.6642
V1,0.1,0.41,0.6642
V1,0.1,0.42,0.6642
V1,0.1,0.43,0.6642
V1,0.1,0.44,0.6642
V1,0.1,0.45,0.6642
V1,0.1,0.46,0.6642
V1,0.1,0.47,0.6642
V1,0.1,0.48,0.6642
V1,0.1,0.49,0.6642
V1,0.1,0.5,0.6642
V1,0.1,0.51,0.6642
V1,0.1,0.52,0.6642
V1,0.1,0.53,0.6642
V1,0.1,0.54,0.6642
V1,0.1,0.55,0.6642
V1,0.1,0.56,0.6642
V1,0.1,0.57,0.6642
V1,0.1,0.58,0.6642
V1,0.1,0.59,0.6642
V1,0.1,0.6,0.6642
V1,0.1,0.61,0.6642
V1,0.1,0.62,0.6642
V1,0.1,0.63,0.6642
V1,0.1,0.64,0.6642
V1,0.1,0.65,0.6642
V1,0.1,0.66,0.6642
V1,0.1,0.67,0.6642
V1,0.1,0.68,0.6642
V1,0.1,0.69,0.6642
V1,0.1,0.7,0.6642
V1,0.1,0.71,0.6642
V1,0.1,0.72,0.6829
V1,0.1,0.73,0.6866
V1,0.1,0.74,0.6903
V1,0.1,0.75,0.6912
V1,0.1,0.76,0.6933
V1,0.1,0.77,0.6943
V1,0.1,0.78,0.7002
V1,0.1,0.79,0.7063
V1,0.1,0.8,0.7127
V1,0.1,0.81,0.7236
V1,0.1,0.82,0.7231
V1,0.1,0.83,0.7148
V1,0.1,0.84,0.7001
V1,0.1,0.85,0.6215
V1,0.1,0.86,0.4273
V1,0.1,0.87,0.2146
V1,0.1,0.88,-0.0065
V1,0.1,0.89,0.0
V1,0.1,0.9,0.0
V1,0.1,0.91,0.0
V1,0.1,0.92,0.0
V1,0.1,0.93,0.0
V1,0.1,0.94,0.0
V1,0.1,0.95,0.0
V1,0.15,0.05,0.6274
V1,0.15,0.06,0.6274
V1,0.15,0.07,0.6642
V1,0.15,0.08,0.6642
V1,0.15,0.09,0.6642
V1,0.15,0.1,0.6642
V1,0.15,0.11,0.6642
V1,0.15,0.12,0.6642
V1,0.15,0.13,0.6642
V1,0.15,0.14,0.6642
V1,0.15,0.15,0.6642
V1,0.15,0.16,0.6642
V1,0.15,0.17,0.6642
V1,0.15,0.18,0.6642
V1,0.15,0.19,0.6642
V1,0.15,0.2,0.6642
V1,0.15,0.21,0.6642
V1,0.15,0.22,0.6642
V1,0.15,0.23,0.6642
V1,0.15,0.24,0.6642
V1,0.15,0.25,0.6642
V1,0.15,0.26,0.6642
V1,0.15,0.27,0.6642
V1,0.15,0.28,0.6642
V1,0.15,0.29,0.6642
V1,0.15,0.3,0.6642
V1,0.15,0.31,0.6642
V1,0.15,0.32,0.6642
V1,0.15,0.33,0.6642
V1,0.15,0.34,0.6642
V1,0.15,0.35,0.6642
V1,0.15,0.36,0.6642
V1,0.15,0.37,0.6642
V1,0.15,0.38,0.6642
V1,0.15,0.39,0.6642
V1,0.15,0.4,0.6642
V1,0.15,0.41,0.6642
V1,0.15,0.42,0.6642
V1,0.15,0.43,0.6642
V1,0.15,0.44,0.6642
V1,0.15,0.45,0.6642
V1,0.15,0.46,0.6642
V1,0.15,0.47,0.6642
V1,0.15,0.48,0.6642
V1,0.15,0.49,0.6642
V1,0.15,0.5,0.6642
V1,0.15,0.51,0.6642
V1,0.15,0.52,0.6642
V1,0.15,0.53,0.6642
V1,0.15,0.54,0.6642
V1,0.15,0.55,0.6642
V1,0.15,0.56,0.6642
V1,0.15,0.57,0.6642
V1,0.15,0.58,0.6642
V1,0.15,0.59,0.6642
V1,0.15,0.6,0.6642
V1,0.15,0.61,0.6642
V1,0.15,0.62,0.6642
V1,0.15,0.63,0.6642
V1,0.15,0.64,0.6642
V1,0.15,0.65,0.6642
V1,0.15,0.66,0.6642
V1,0.15,0.67,0.6642
V1,0.15,0.68,0.6805
V1,0.15,0.69,0.6849
V1,0.15,0.7,0.687
V1,0.15,0.71,0.6895
V1,0.15,0.72,0.6903
V1,0.15,0.73,0.6912
V1,0.15,0.74,0.6983
V1,0.15,0.75,0.7022
V1,0.15,0.76,0.7033
V1,0.15,0.77,0.7067
V1,0.15,0.78,0.7094
V1,0.15,0.79,0.7152
V1,0.15,0.8,0.7161
V1,0.15,0.81,0.7137
V1,0.15,0.82,0.7152
V1,0.15,0.83,0.685
V1,0.15,0.84,0.6267
V1,0.15,0.85,0.5096
V1,0.15,0.86,0.3436
V1,0.15,0.87,0.2258
V1,0.15,0.88,0.0322
V1,0.15,0.89,0.0
V1,0.15,0.9,0.0
V1,0.15,0.91,0.0
V1,0.15,0.92,0.0
V1,0.15,0.93,0.0
V1,0.15,0.94,0.0
V1,0.15,0.95,0.0
V1,0.2,0.05,0.6274
V1,0.2,0.06,0.6274
V1,0.2,0.07,0.6642
V1,0.2,0.08,0.6642
V1,0.2,0.09,0.6642
V1,0.2,0.1,0.6642
V1,0.2,0.11,0.6642
V1,0.2,0.12,0.6642
V1,0.2,0.13,0.6642
V1,0.2,0.14,0.6642
V1,0.2,0.15,0.6642
V1,0.2,0.16,0.6642
V1,0.2,0.17,0.6642
V1,0.2,0.18,0.6642
V1,0.2,0.19,0.6642
V1,0.2,0.2,0.6642
V1,0.2,0.21,0.6642
V1,0.2,0.22,0.6642
V1,0.2,0.23,0.6642
V1,0.2,0.24,0.6642
V1,0.2,0.25,0.6642
V1,0.2,0.26,0.6642
V1,0.2,0.27,0.6642
V1,0.2,0.28,0.6642
V1,0.2,0.29,0.6642
V1,0.2,0.3,0.6642
V1,0.2,0.31,0.6642
V1,0.2,0.32,0.6642
V1,0.2,0.33,0.6642
V1,0.2,0.34,0.6642
V1,0.2,0.35,0.6642
V1,0.2,0.36,0.6642
V1,0.2,0.37,0.6642
V1,0.2,0.38,0.6642
V1,0.2,0.39,0.6642
V1,0.2,0.4,0.6642
V1,0.2,0.41,0.6642
V1,0.2,0.42,0.6642
V1,0.2,0.43,0.6642
V1,0.2,0.44,0.6642
V1,0.2,0.45,0.6642
V1,0.2,0.46,0.6642
V1,0.2,0.47,0.6642
V1,0.2,0.48,0.6642
V1,0.2,0.49,0.6642
V1,0.2,0.5,0.6642
V1,0.2,0.51,0.6642
V1,0.2,0.52,0.6642
V1,0.2,0.53,0.6642
V1,0.2,0.54,0.6642
V1,0.2,0.55,0.6642
V1,0.2,0.56,0.6642
V1,0.2,0.57,0.6642
V1,0.2,0.58,0.6642
V1,0.2,0.59,0.6642
V1,0.2,0.6,0.6642
V1,0.2,0.61,0.6642
V1,0.2,0.62,0.6642
V1,0.2,0.63,0.6642
V1,0.2,0.64,0.6797
V1,0.2,0.65,0.6837
V1,0.2,0.66,0.6862
V1,0.2,0.67,0.6874
V1,0.2,0.68,0.6887
V1,0.2,0.69,0.6903
V1,0.2,0.7,0.6971
V1,0.2,0.71,0.6992
V1,0.2,0.72,0.7018
V1,0.2,0.73,0.703
V1,0.2,0.74,0.7061
V1,0.2,0.75,0.7076
V1,0.2,0.76,0.7094
V1,0.2,0.77,0.7116
V1,0.2,0.78,0.7101
V1,0.2,0.79,0.7075
V1,0.2,0.8,0.7057
V1,0.2,0.81,0.6971
V1,0.2,0.82,0.6734
V1,0.2,0.83,0.6452
V1,0.2,0.84,0.5483
V1,0.2,0.85,0.4546
V1,0.2,0.86,0.3005
V1,0.2,0.87,0.2278
V1,0.2,0.88,0.1276
V1,0.2,0.89,-0.0028
V1,0.2,0.9,0.0
V1,0.2,0.91,0.0
V1,0.2,0.92,0.0
V1,0.2,0.93,0.0
V1,0.2,0.94,0.0
V1,0.2,0.95,0.0
V1,0.25,0.05,0.6274
V1,0.25,0.06,0.6642
V1,0.25,0.07,0.6642
V1,0.25,0.08,0.6642
V1,0.25,0.09,0.6642
V1,0.25,0.1,0.6642
V1,0.25,0.11,0.6642
V1,0.25,0.12,0.6642
V1,0.25,0.13,0.6642
V1,0.25,0.14,0.6642
V1,0.25,0.15,0.6642
V1,0.25,0.16,0.6642
V1,0.25,0.17,0.6642
V1,0.25,0.18,0.6642
V1,0.25,0.19,0.6642
V1,0.25,0.2,0.6642
V1,0.25,0.21,0.6642
V1,0.25,0.22,0.6642
V1,0.25,0.23,0.6642
V1,0.25,0.24,0.6642
V1,0.25,0.25,0.6642
V1,0.25,0.26,0.6642
V1,0.25,0.27,0.6642
V1,0.25,0.28,0.6642
V1,0.25,0.29,0.6642
V1,0.25,0.3,0.6642
V1,0.25,0.31,0.6642
V1,0.25,0.32,0.6642
V1,0.25,0.33,0.6642
V1,0.25,0.34,0.6642
V1,0.25,0.35,0.6642
V1,0.25,0.36,0.6642
V1,0.25,0.37,0.6642
V1,0.25,0.38,0.6642
V1,0.25,0.39,0.6642
V1,0.25,0.4,0.6642
V1,0.25,0.41,0.6642
V1,0.25,0.42,0.6642
V1,0.25,0.43,0.6642
V1,0.25,0.44,0.6642
V1,0.25,0.45,0.6642
V1,0.25,0.46,0.6642
V1,0.25,0.47,0.6642
V1,0.25,0.48,0.6642
V1,0.25,0.49,0.6642
V1,0.25,0.5,0.6642
V1,0.25,0.51,0.6642
V1,0.25,0.52,0.6642
V1,0.25,0.53,0.6642
V1,0.25,0.54,0.6642
V1,0.25,0.55,0.6642
V1,0.25,0.56,0.6642
V1,0.25,0.57,0.6642
V1,0.25,0.58,0.6642
V1,0.25,0.59,0.6642
V1,0.25,0.6,0.6788
V1,0.25,0.61,0.6829
V1,0.25,0.62,0.6849
V1,0.25,0.63,0.6866
V1,0.25,0.64,0.6874
V1,0.25,0.65,0.6916
V1,0.25,0.66,0.6966
V1,0.25,0.67,0.6983
V1,0.25,0.68,0.7
V1,0.25,0.69,0.7005
V1,0.25,0.7,0.7035
V1,0.25,0.71,0.7052
V1,0.25,0.72,0.707
V1,0.25,0.73,0.7081
V1,0.25,0.74,0.7098
V1,0.25,0.75,0.7101
V1,0.25,0.76,0.7077
V1,0.25,0.77,0.7034
V1,0.25,0.78,0.6994
V1,0.25,0.79,0.6983
V1,0.25,0.8,0.6912
V1,0.25,0.81,0.6636
V1,0.25,0.82,0.6317
V1,0.25,0.83,0.5656
V1,0.25,0.84,0.5167
V1,0.25,0.85,0.3955
V1,0.25,0.86,0.2884
V1,0.25,0.87,0.2282
V1,0.25,0.88,0.1577
V1,0.25,0.89,0.0413
V1,0.25,0.9,0.0
V1,0.25,0.91,0.0
V1,0.25,0.92,0.0
V1,0.25,0.93,0.0
V1,0.25,0.94,0.0
V1,0.25,0.95,0.0
V1,0.3,0.05,0.6274
V1,0.3,0.06,0.6642
V1,0.3,0.07,0.6642
V1,0.3,0.08,0.6642
V1,0.3,0.09,0.6642
V1,0.3,0.1,0.6642
V1,0.3,0.11,0.6642
V1,0.3,0.12,0.6642
V1,0.3,0.13,0.6642
V1,0.3,0.14,0.6642
V1,0.3,0.15,0.6642
V1,0.3,0.16,0.6642
V1,0.3,0.17,0.6642
V1,0.3,0.18,0.6642
V1,0.3,0.19,0.6642
V1,0.3,0.2,0.6642
V1,0.3,0.21,0.6642
V1,0.3,0.22,0.6642
V1,0.3,0.23,0.6642
V1,0.3,0.24,0.6642
V1,0.3,0.25,0.6642
V1,0.3,0.26,0.6642
V1,0.3,0.27,0.6642
V1,0.3,0.28,0.6642
V1,0.3,0.29,0.6642
V1,0.3,0.3,0.6642
V1,0.3,0.31,0.6642
V1,0.3,0.32,0.6642
V1,0.3,0.33,0.6642
V1,0.3,0.34,0.6642
V1,0.3,0.35,0.6642
V1,0.3,0.36,0.6642
V1,0.3,0.37,0.6642
V1,0.3,0.38,0.6642
V1,0.3,0.39,0.6642
V1,0.3,0.4,0.6642
V1,0.3,0.41,0.6642
V1,0.3,0.42,0.6642
V1,0.3,0.43,0.6642
V1,0.3,0.44,0.6642
V1,0.3,0.45,0.6642
V1,0.3,0.46,0.6642
V1,0.3,0.47,0.6642
V1,0.3,0.48,0.6642
V1,0.3,0.49,0.6642
V1,0.3,0.5,0.6642
V1,0.3,0.51,0.6642
V1,0.3,0.52,0.6642
V1,0.3,0.53,0.6642
V1,0.3,0.54,0.6642
V1,0.3,0.55,0.6642
V1,0.3,0.56,0.6764
V1,0.3,0.57,0.6829
V1,0.3,0.58,0.6841
V1,0.3,0.59,0.6858
V1,0.3,0.6,0.6866
V1,0.3,0.61,0.6907
V1,0.3,0.62,0.6945
V1,0.3,0.63,0.6971
V1,0.3,0.64,0.6992
V1,0.3,0.65,0.6996
V1,0.3,0.66,0.7009
V1,0.3,0.67,0.7022
V1,0.3,0.68,0.7048
V1,0.3,0.69,0.7061
V1,0.3,0.7,0.707
V1,0.3,0.71,0.7091
V1,0.3,0.72,0.7103
V1,0.3,0.73,0.7085
V1,0.3,0.74,0.7077
V1,0.3,0.75,0.7016
V1,0.3,0.76,0.6991
V1,0.3,0.77,0.6974
V1,0.3,0.78,0.6921
V1,0.3,0.79,0.6809
V1,0.3,0.8,0.6626
V1,0.3,0.81,0.6273
V1,0.3,0.82,0.578
V1,0.3,0.83,0.5187
V1,0.3,0.84,0.4602
V1,0.3,0.85,0.3863
V1,0.3,0.86,0.2811
V1,0.3,0.87,0.231
V1,0.3,0.88,0.167
V1,0.3,0.89,0.09
V1,0.3,0.9,0.0157
V1,0.3,0.91,0.0
V1,0.3,0.92,0.0
V1,0.3,0.93,0.0
V1,0.3,0.94,0.0
V1,0.3,0.95,0.0
V1,0.35,0.05,0.6274
V1,0.35,0.06,0.6642
V1,0.35,0.07,0.6642
V1,0.35,0.08,0.6642
V1,0.35,0.09,0.6642
V1,0.35,0.1,0.6642
V1,0.35,0.11,0.6642
V1,0.35,0.12,0.6642
V1,0.35,0.13,0.6642
V1,0.35,0.14,0.6642
V1,0.35,0.15,0.6642
V1,0.35,0.16,0.6642
V1,0.35,0.17,0.6642
V1,0.35,0.18,0.6642
V1,0.35,0.19,0.6642
V1,0.35,0.2,0.6642
V1,0.35,0.21,0.6642
V1,0.35,0.22,0.6642
V1,0.35,0.23,0.6642
V1,0.35,0.24,0.6642
V1,0.35,0.25,0.6642
V1,0.35,0.26,0.6642
V1,0.35,0.27,0.6642
V1,0.35,0.28,0.6642
V1,0.35,0.29,0.6642
V1,0.35,0.3,0.6642
V1,0.35,0.31,0.6642
V1,0.35,0.32,0.6642
V1,0.35,0.33,0.6642
V1,0.35,0.34,0.6642
V1,0.35,0.35,0.6642
V1,0.35,0.36,0.6642
V1,0.35,0.37,0.6642
V1,0.35,0.38,0.6642
V1,0.35,0.39,0.6642
V1,0.35,0.4,0.6642
V1,0.35,0.41,0.6642
V1,0.35,0.42,0.6642
V1,0.35,0.43,0.6642
V1,0.35,0.44,0.6642
V1,0.35,0.45,0.6642
V1,0.35,0.46,0.6642
V1,0.35,0.47,0.6642
V1,0.35,0.48,0.6642
V1,0.35,0.49,0.6642
V1,0.35,0.5,0.6642
V1,0.35,0.51,0.6642
V1,0.35,0.52,0.6756
V1,0.35,0.53,0.6817
V1,0.35,0.54,0.6833
V1,0.35,0.55,0.6849
V1,0.35,0.56,0.6862
V1,0.35,0.57,0.6899
V1,0.35,0.58,0.6937
V1,0.35,0.59,0.6954
V1,0.35,0.6,0.6979
V1,0.35,0.61,0.6992
V1,0.35,0.62,0.6996
V1,0.35,0.63,0.7005
V1,0.35,0.64,0.7022
V1,0.35,0.65,0.7035
V1,0.35,0.66,0.7052
V1,0.35,0.67,0.7061
V1,0.35,0.68,0.7074
V1,0.35,0.69,0.7091
V1,0.35,0.7,0.7094
V1,0.35,0.71,0.7075
V1,0.35,0.72,0.7057
V1,0.35,0.73,0.7016
V1,0.35,0.74,0.6986
V1,0.35,0.75,0.6978
V1,0.35,0.76,0.6946
V1,0.35,0.77,0.6874
V1,0.35,0.78,0.6721
V1,0.35,0.79,0.6585
V1,0.35,0.8,0.6308
V1,0.35,0.81,0.5854
V1,0.35,0.82,0.529
V1,0.35,0.83,0.4827
V1,0.35,0.84,0.4247
V1,0.35,0.85,0.3405
V1,0.35,0.86,0.3026
V1,0.35,0.87,0.2328
V1,0.35,0.88,0.1767
V1,0.35,0.89,0.13
V1,0.35,0.9,0.0505
V1,0.35,0.91,-0.0065
V1,0.35,0.92,0.0
V1,0.35,0.93,0.0
V1,0.35,0.94,0.0
V1,0.35,0.95,0.0
V1,0.4,0.05,0.6642
V1,0.4,0.06,0.6642
V1,0.4,0.07,0.6642
V1,0.4,0.08,0.6642
V1,0.4,0.09,0.6642
V1,0.4,0.1,0.6642
V1,0.4,0.11,0.6642
V1,0.4,0.12,0.6642
V1,0.4,0.13,0.6642
V1,0.4,0.14,0.6642
V1,0.4,0.15,0.6642
V1,0.4,0.16,0.6642
V1,0.4,0.17,0.6642
V1,0.4,0.18,0.6642
V1,0.4,0.19,0.6642
V1,0.4,0.2,0.6642
V1,0.4,0.21,0.6642
V1,0.4,0.22,0.6642
V1,0.4,0.23,0.6642
V1,0.4,0.24,0.6642
V1,0.4,0.25,0.6642
V1,0.4,0.26,0.6642
V1,0.4,0.27,0.6642
V1,0.4,0.28,0.6642
V1,0.4,0.29,0.6642
V1,0.4,0.3,0.6642
V1,0.4,0.31,0.6642
V1,0.4,0.32,0.6642
V1,0.4,0.33,0.6642
V1,0.4,0.34,0.6642
V1,0.4,0.35,0.6642
V1,0.4,0.36,0.6642
V1,0.4,0.37,0.6642
V1,0.4,0.38,0.6642
V1,0.4,0.39,0.6642
V1,0.4,0.4,0.6642
V1,0.4,0.41,0.6642
V1,0.4,0.42,0.6642
V1,0.4,0.43,0.6642
V1,0.4,0.44,0.6642
V1,0.4,0.45,0.6642
V1,0.4,0.46,0.6642
V1,0.4,0.47,0.6642
V1,0.4,0.48,0.6744
V1,0.4,0.49,0.6813
V1,0.4,0.5,0.6829
V1,0.4,0.51,0.6845
V1,0.4,0.52,0.6866
V1,0.4,0.53,0.6907
V1,0.4,0.54,0.6928
V1,0.4,0.55,0.6949
V1,0.4,0.56,0.6962
V1,0.4,0.57,0.6983
V1,0.4,0.58,0.6992
V1,0.4,0.59,0.6996
V1,0.4,0.6,0.7009
V1,0.4,0.61,0.7018
V1,0.4,0.62,0.703
V1,0.4,0.63,0.7043
V1,0.4,0.64,0.7056
V1,0.4,0.65,0.7065
V1,0.4,0.66,0.7083
V1,0.4,0.67,0.7096
V1,0.4,0.68,0.7089
V1,0.4,0.69,0.7085
V1,0.4,0.7,0.7057
V1,0.4,0.71,0.7012
V1,0.4,0.72,0.7008
V1,0.4,0.73,0.6985
V1,0.4,0.74,0.6939
V1,0.4,0.75,0.6912
V1,0.4,0.76,0.6839
V1,0.4,0.77,0.665
V1,0.4,0.78,0.6565
V1,0.4,0.79,0.6313
V1,0.4,0.8,0.5925
V1,0.4,0.81,0.5456
V1,0.4,0.82,0.502
V1,0.4,0.83,0.4559
V1,0.4,0.84,0.3875
V1,0.4,0.85,0.319
V1,0.4,0.86,0.2886
V1,0.4,0.87,0.2588
V1,0.4,0.88,0.1823
V1,0.4,0.89,0.1508
V1,0.4,0.9,0.0908
V1,0.4,0.91,0.0183
V1,0.4,0.92,0.0
V1,0.4,0.93,0.0
V1,0.4,0.94,0.0
V1,0.4,0.95,0.0
V1,0.45,0.05,0.6642
V1,0.45,0.06,0.6642
V1,0.45,0.07,0.6642
V1,0.45,0.08,0.6642
V1,0.45,0.09,0.6642
V1,0.45,0.1,0.6642
V1,0.45,0.11,0.6642
V1,0.45,0.12,0.6642
V1,0.45,0.13,0.6642
V1,0.45,0.14,0.6642
V1,0.45,0.15,0.6642
V1,0.45,0.16,0.6642
V1,0.45,0.17,0.6642
V1,0.45,0.18,0.6642
V1,0.45,0.19,0.6642
V1,0.45,0.2,0.6642
V1,0.45,0.21,0.6642
V1,0.45,0.22,0.6642
V1,0.45,0.23,0.6642
V1,0.45,0.24,0.6642
V1,0.45,0.25,0.6642
V1,0.45,0.26,0.6642
V1,0.45,0.27,0.6642
V1,0.45,0.28,0.6642
V1,0.45,0.29,0.6642
V1,0.45,0.3,0.6642
V1,0.45,0.31,0.6642
V1,0.45,0.32,0.6642
V1,0.45,0.33,0.6642
V1,0.45,0.34,0.6642
V1,0.45,0.35,0.6642
V1,0.45,0.36,0.6642
V1,0.45,0.37,0.6642
V1,0.45,0.38,0.6642
V1,0.45,0.39,0.6642
V1,0.45,0.4,0.6642
V1,0.45,0.41,0.6642
V1,0.45,0.42,0.6642
V1,0.45,0.43,0.6642
V1,0.45,0.44,0.674
V1,0.45,0.45,0.6805
V1,0.45,0.46,0.6829
V1,0.45,0.47,0.6837
V1,0.45,0.48,0.6878
V1,0.45,0.49,0.6916
V1,0.45,0.5,0.6928
V1,0.45,0.51,0.6941
V1,0.45,0.52,0.6954
V1,0.45,0.53,0.6966
V1,0.45,0.54,0.6983
V1,0.45,0.55,0.6996
V1,0.45,0.56,0.7
V1,0.45,0.57,0.7009
V1,0.45,0.58,0.7018
V1,0.45,0.59,0.703
V1,0.45,0.6,0.7039
V1,0.45,0.61,0.7052
V1,0.45,0.62,0.7061
V1,0.45,0.63,0.707
V1,0.45,0.64,0.7087
V1,0.45,0.65,0.7091
V1,0.45,0.66,0.7074
V1,0.45,0.67,0.7077
V1,0.45,0.68,0.7057
V1,0.45,0.69,0.7008
V1,0.45,0.7,0.7004
V1,0.45,0.71,0.698
V1,0.45,0.72,0.6956
V1,0.45,0.73,0.6942
V1,0.45,0.74,0.6879
V1,0.45,0.75,0.6772
V1,0.45,0.76,0.6612
V1,0.45,0.77,0.6527
V1,0.45,0.78,0.6303
V1,0.45,0.79,0.5952
V1,0.45,0.8,0.5568
V1,0.45,0.81,0.5153
V1,0.45,0.82,0.4749
V1,0.45,0.83,0.4276
V1,0.45,0.84,0.3728
V1,0.45,0.85,0.3097
V1,0.45,0.86,0.2765
V1,0.45,0.87,0.2536
V1,0.45,0.88,0.2114
V1,0.45,0.89,0.1584
V1,0.45,0.9,0.1046
V1,0.45,0.91,0.0579
V1,0.45,0.92,0.0387
V1,0.45,0.93,0.0
V1,0.45,0.94,0.0
V1,0.45,0.95,0.0
V1,0.5,0.05,0.6642
V1,0.5,0.06,0.6642
V1,0.5,0.07,0.6642
V1,0.5,0.08,0.6642
V1,0.5,0.09,0.6642
V1,0.5,0.1,0.6642
V1,0.5,0.11,0.6642
V1,0.5,0.12,0.6642
V1,0.5,0.13,0.6642
V1,0.5,0.14,0.6642
V1,0.5,0.15,0.6642
V1,0.5,0.16,0.6642
V1,0.5,0.17,0.6642
V1,0.5,0.18,0.6642
V1,0.5,0.19,0.6642
V1,0.5,0.2,0.6642
V1,0.5,0.21,0.6642
V1,0.5,0.22,0.6642
V1,0.5,0.23,0.6642
V1,0.5,0.24,0.6642
V1,0.5,0.25,0.6642
V1,0.5,0.26,0.6642
V1,0.5,0.27,0.6642
V1,0.5,0.28,0.6642
V1,0.5,0.29,0.6642
V1,0.5,0.3,0.6642
V1,0.5,0.31,0.6642
V1,0.5,0.32,0.6642
V1,0.5,0.33,0.6642
V1,0.5,0.34,0.6642
V1,0.5,0.35,0.6642
V1,0.5,0.36,0.6642
V1,0.5,0.37,0.6642
V1,0.5,0.38,0.6642
V1,0.5,0.39,0.6642
V1,0.5,0.4,0.6736
V1,0.5,0.41,0.6797
V1,0.5,0.42,0.6829
V1,0.5,0.43,0.6833
V1,0.5,0.44,0.6874
V1,0.5,0.45,0.6907
V1,0.5,0.46,0.6928
V1,0.5,0.47,0.6941
V1,0.5,0.48,0.6949
V1,0.5,0.49,0.6962
V1,0.5,0.5,0.6966
V1,0.5,0.51,0.6979
V1,0.5,0.52,0.6988
V1,0.5,0.53,0.7005
V1,0.5,0.54,0.7009
V1,0.5,0.55,0.7022
V1,0.5,0.56,0.703
V1,0.5,0.57,0.7039
V1,0.5,0.58,0.7043
V1,0.5,0.59,0.7052
V1,0.5,0.6,0.7065
V1,0.5,0.61,0.7078
V1,0.5,0.62,0.7087
V1,0.5,0.63,0.7081
V1,0.5,0.64,0.7074
V1,0.5,0.65,0.7061
V1,0.5,0.66,0.7053
V1,0.5,0.67,0.7018
V1,0.5,0.68,0.701
V1,0.5,0.69,0.6982
V1,0.5,0.7,0.6978
V1,0.5,0.71,0.6928
V1,0.5,0.72,0.6903
V1,0.5,0.73,0.6854
V1,0.5,0.74,0.6721
V1,0.5,0.75,0.6589
V1,0.5,0.76,0.65
V1,0.5,0.77,0.6284
V1,0.5,0.78,0.5982
V1,0.5,0.79,0.5643
V1,0.5,0.8,0.5265
V1,0.5,0.81,0.4979
V1,0.5,0.82,0.4559
V1,0.5,0.83,0.4109
V1,0.5,0.84,0.3482
V1,0.5,0.85,0.2992
V1,0.5,0.86,0.2686
V1,0.5,0.87,0.2471
V1,0.5,0.88,0.2236
V1,0.5,0.89,0.1813
V1,0.5,0.9,0.1305
V1,0.5,0.91,0.0917
V1,0.5,0.92,0.021
V1,0.5,0.93,-0.0065
V1,0.5,0.94,0.0
V1,0.5,0.95,0.0
V1,0.55,0.05,0.6642
V1,0.55,0.06,0.6642
V1,0.55,0.07,0.6642
V1,0.55,0.08,0.6642
V1,0.55,0.09,0.6642
V1,0.55,0.1,0.6642
V1,0.55,0.11,0.6642
V1,0.55,0.12,0.6642
V1,0.55,0.13,0.6642
V1,0.55,0.14,0.6642
V1,0.55,0.15,0.6642
V1,0.55,0.16,0.6642
V1,0.55,0.17,0.6642
V1,0.55,0.18,0.6642
V1,0.55,0.19,0.6642
V1,0.55,0.2,0.6642
V1,0.55,0.21,0.6642
V1,0.55,0.22,0.6642
V1,0.55,0.23,0.6642
V1,0.55,0.24,0.6642
V1,0.55,0.25,0.6642
V1,0.55,0.26,0.6642
V1,0.55,0.27,0.6642
V1,0.55,0.28,0.6642
V1,0.55,0.29,0.6642
V1,0.55,0.3,0.6642
V1,0.55,0.31,0.6642
V1,0.55,0.32,0.6642
V1,0.55,0.33,0.6642
V1,0.55,0.34,0.6642
V1,0.55,0.35,0.6642
V1,0.55,0.36,0.6728
V1,0.55,0.37,0.6797
V1,0.55,0.38,0.6825
V1,0.55,0.39,0.6841
V1,0.55,0.4,0.687
V1,0.55,0.41,0.6903
V1,0.55,0.42,0.692
V1,0.55,0.43,0.6937
V1,0.55,0.44,0.6945
V1,0.55,0.45,0.6954
V1,0.55,0.46,0.6962
V1,0.55,0.47,0.6966
V1,0.55,0.48,0.6979
V1,0.55,0.49,0.6992
V1,0.55,0.5,0.7005
V1,0.55,0.51,0.7009
V1,0.55,0.52,0.7018
V1,0.55,0.53,0.703
V1,0.55,0.54,0.7035
V1,0.55,0.55,0.7043
V1,0.55,0.56,0.7043
V1,0.55,0.57,0.7056
V1,0.55,0.58,0.7065
V1,0.55,0.59,0.7083
V1,0.55,0.6,0.7091
V1,0.55,0.61,0.7081
V1,0.55,0.62,0.7063
V1,0.55,0.63,0.7057
V1,0.55,0.64,0.7049
V1,0.55,0.65,0.7029
V1,0.55,0.66,0.701
V1,0.55,0.67,0.6978
V1,0.55,0.68,0.6985
V1,0.55,0.69,0.6946
V1,0.55,0.7,0.6942
V1,0.55,0.71,0.6875
V1,0.55,0.72,0.6825
V1,0.55,0.73,0.6671
V1,0.55,0.74,0.6571
V1,0.55,0.75,0.6482
V1,0.55,0.76,0.6284
V1,0.55,0.77,0.6026
V1,0.55,0.78,0.5742
V1,0.55,0.79,0.5377
V1,0.55,0.8,0.5053
V1,0.55,0.81,0.472
V1,0.55,0.82,0.4378
V1,0.55,0.83,0.3809
V1,0.55,0.84,0.3307
V1,0.55,0.85,0.2959
V1,0.55,0.86,0.2675
V1,0.55,0.87,0.2437
V1,0.55,0.88,0.2203
V1,0.55,0.89,0.1936
V1,0.55,0.9,0.157
V1,0.55,0.91,0.0971
V1,0.55,0.92,0.0729
V1,0.55,0.93,0.0122
V1,0.55,0.94,0.0
V1,0.55,0.95,0.0
V1,0.6,0.05,0.6642
V1,0.6,0.06,0.6642
V1,0.6,0.07,0.6642
V1,0.6,0.08,0.6642
V1,0.6,0.09,0.6642
V1,0.6,0.1,0.6642
V1,0.6,0.11,0.6642
V1,0.6,0.12,0.6642
V1,0.6,0.13,0.6642
V1,0.6,0.14,0.6642
V1,0.6,0.15,0.6642
V1,0.6,0.16,0.6642
V1,0.6,0.17,0.6642
V1,0.6,0.18,0.6642
V1,0.6,0.19,0.6642
V1,0.6,0.2,0.6642
V1,0.6,0.21,0.6642
V1,0.6,0.22,0.6642
V1,0.6,0.23,0.6642
V1,0.6,0.24,0.6642
V1,0.6,0.25,0.6642
V1,0.6,0.26,0.6642
V1,0.6,0.27,0.6642
V1,0.6,0.28,0.6642
V1,0.6,0.29,0.6642
V1,0.6,0.3,0.6642
V1,0.6,0.31,0.6642
V1,0.6,0.32,0.672
V1,0.6,0.33,0.6797
V1,0.6,0.34,0.6817
V1,0.6,0.35,0.6854
V1,0.6,0.36,0.6866
V1,0.6,0.37,0.6899
V1,0.6,0.38,0.6912
V1,0.6,0.39,0.6933
V1,0.6,0.4,0.6941
V1,0.6,0.41,0.6949
V1,0.6,0.42,0.6958
V1,0.6,0.43,0.6962
V1,0.6,0.44,0.6971
V1,0.6,0.45,0.6979
V1,0.6,0.46,0.6996
V1,0.6,0.47,0.7005
V1,0.6,0.48,0.7013
V1,0.6,0.49,0.7018
V1,0.6,0.5,0.703
V1,0.6,0.51,0.7035
V1,0.6,0.52,0.7039
V1,0.6,0.53,0.7043
V1,0.6,0.54,0.7048
V1,0.6,0.55,0.7061
V1,0.6,0.56,0.7074
V1,0.6,0.57,0.7083
V1,0.6,0.58,0.7076
V1,0.6,0.59,0.707
V1,0.6,0.6,0.7063
V1,0.6,0.61,0.7057
V1,0.6,0.62,0.7049
V1,0.6,0.63,0.702
V1,0.6,0.64,0.7001
V1,0.6,0.65,0.6978
V1,0.6,0.66,0.6976
V1,0.6,0.67,0.6952
V1,0.6,0.68,0.6937
V1,0.6,0.69,0.6898
V1,0.6,0.7,0.6862
V1,0.6,0.71,0.6762
V1,0.6,0.72,0.6665
V1,0.6,0.73,0.6565
V1,0.6,0.74,0.6482
V1,0.6,0.75,0.6279
V1,0.6,0.76,0.605
V1,0.6,0.77,0.578
V1,0.6,0.78,0.5461
V1,0.6,0.79,0.5164
V1,0.6,0.8,0.4959
V1,0.6,0.81,0.4566
V1,0.6,0.82,0.4192
V1,0.6,0.83,0.3686
V1,0.6,0.84,0.3236
V1,0.6,0.85,0.29
V1,0.6,0.86,0.2644
V1,0.6,0.87,0.2467
V1,0.6,0.88,0.219
V1,0.6,0.89,0.1935
V1,0.6,0.9,0.1803
V1,0.6,0.91,0.1236
V1,0.6,0.92,0.0919
V1,0.6,0.93,0.0199
V1,0.6,0.94,0.0214
V1,0.6,0.95,0.0
V1,0.65,0.05,0.6642
V1,0.65,0.06,0.6642
V1,0.65,0.07,0.6642
V1,0.65,0.08,0.6642
V1,0.65,0.09,0.6642
V1,0.65,0.1,0.6642
V1,0.65,0.11,0.6642
V1,0.65,0.12,0.6642
V1,0.65,0.13,0.6642
V1,0.65,0.14,0.6642
V1,0.65,0.15,0.6642
V1,0.65,0.16,0.6642
V1,0.65,0.17,0.6642
V1,0.65,0.18,0.6642
V1,0.65,0.19,0.6642
V1,0.65,0.2,0.6642
V1,0.65,0.21,0.6642
V1,0.65,0.22,0.6642
V1,0.65,0.23,0.6642
V1,0.65,0.24,0.6642
V1,0.65,0.25,0.6642
V1,0.65,0.26,0.6642
V1,0.65,0.27,0.6642
V1,0.65,0.28,0.6709
V1,0.65,0.29,0.6792
V1,0.65,0.3,0.6813
V1,0.65,0.31,0.6858
V1,0.65,0.32,0.687
V1,0.65,0.33,0.6895
V1,0.65,0.34,0.6912
V1,0.65,0.35,0.6928
V1,0.65,0.36,0.6941
V1,0.65,0.37,0.6949
V1,0.65,0.38,0.6954
V1,0.65,0.39,0.6962
V1,0.65,0.4,0.6962
V1,0.65,0.41,0.6971
V1,0.65,0.42,0.6979
V1,0.65,0.43,0.6996
V1,0.65,0.44,0.7009
V1,0.65,0.45,0.7013
V1,0.65,0.46,0.7018
V1,0.65,0.47,0.7026
V1,0.65,0.48,0.7035
V1,0.65,0.49,0.7035
V1,0.65,0.5,0.7043
V1,0.65,0.51,0.7043
V1,0.65,0.52,0.7052
V1,0.65,0.53,0.7065
V1,0.65,0.54,0.7078
V1,0.65,0.55,0.7087
V1,0.65,0.56,0.7076
V1,0.65,0.57,0.707
V1,0.65,0.58,0.7063
V1,0.65,0.59,0.7057
V1,0.65,0.6,0.7033
V1,0.65,0.61,0.7016
V1,0.65,0.62,0.7018
V1,0.65,0.63,0.6978
V1,0.65,0.64,0.6971
V1,0.65,0.65,0.6969
V1,0.65,0.66,0.693
V1,0.65,0.67,0.6942
V1,0.65,0.68,0.6892
V1,0.65,0.69,0.6838
V1,0.65,0.7,0.6734
V1,0.65,0.71,0.6605
V1,0.65,0.72,0.656
V1,0.65,0.73,0.6466
V1,0.65,0.74,0.6279
V1,0.65,0.75,0.6074
V1,0.65,0.76,0.58
V1,0.65,0.77,0.5516
V1,0.65,0.78,0.5228
V1,0.65,0.79,0.499
V1,0.65,0.8,0.4695
V1,0.65,0.81,0.4449
V1,0.65,0.82,0.3989
V1,0.65,0.83,0.3544
V1,0.65,0.84,0.3082
V1,0.65,0.85,0.2827
V1,0.65,0.86,0.2628
V1,0.65,0.87,0.2456
V1,0.65,0.88,0.2244
V1,0.65,0.89,0.1883
V1,0.65,0.9,0.1748
V1,0.65,0.91,0.1591
V1,0.65,0.92,0.113
V1,0.65,0.93,0.0707
V1,0.65,0.94,0.022
V1,0.65,0.95,0.0
V1,0.7,0.05,0.6642
V1,0.7,0.06,0.6642
V1,0.7,0.07,0.6642
V1,0.7,0.08,0.6642
V1,0.7,0.09,0.6642
V1,0.7,0.1,0.6642
V1,0.7,0.11,0.6642
V1,0.7,0.12,0.6642
V1,0.7,0.13,0.6642
V1,0.7,0.14,0.6642
V1,0.7,0.15,0.6642
V1,0.7,0.16,0.6642
V1,0.7,0.17,0.6642
V1,0.7,0.18,0.6642
V1,0.7,0.19,0.6642
V1,0.7,0.2,0.6642
V1,0.7,0.21,0.6642
V1,0.7,0.22,0.6642
V1,0.7,0.23,0.6642
V1,0.7,0.24,0.6697
V1,0.7,0.25,0.6788
V1,0.7,0.26,0.6817
V1,0.7,0.27,0.6858
V1,0.7,0.28,0.6874
V1,0.7,0.29,0.6891
V1,0.7,0.3,0.6907
V1,0.7,0.31,0.692
V1,0.7,0.32,0.6937
V1,0.7,0.33,0.6949
V1,0.7,0.34,0.6954
V1,0.7,0.35,0.6954
V1,0.7,0.36,0.6962
V1,0.7,0.37,0.6966
V1,0.7,0.38,0.6971
V1,0.7,0.39,0.6983
V1,0.7,0.4,0.6996
V1,0.7,0.41,0.7
V1,0.7,0.42,0.7013
V1,0.7,0.43,0.7018
V1,0.7,0.44,0.7026
V1,0.7,0.45,0.703
V1,0.7,0.46,0.7035
V1,0.7,0.47,0.7039
V1,0.7,0.48,0.7043
V1,0.7,0.49,0.7048
V1,0.7,0.5,0.7052
V1,0.7,0.51,0.707
V1,0.7,0.52,0.7078
V1,0.7,0.53,0.7087
V1,0.7,0.54,0.7076
V1,0.7,0.55,0.707
V1,0.7,0.56,0.7063
V1,0.7,0.57,0.7042
V1,0.7,0.58,0.7033
V1,0.7,0.59,0.7012
V1,0.7,0.6,0.701
V1,0.7,0.61,0.6988
V1,0.7,0.62,0.6967
V1,0.7,0.63,0.6969
V1,0.7,0.64,0.6937
V1,0.7,0.65,0.6937
V1,0.7,0.66,0.6898
V1,0.7,0.67,0.6864
V1,0.7,0.68,0.6814
V1,0.7,0.69,0.6701
V1,0.7,0.7,0.6598
V1,0.7,0.71,0.6549
V1,0.7,0.72,0.6444
V1,0.7,0.73,0.6275
V1,0.7,0.74,0.6074
V1,0.7,0.75,0.5807
V1,0.7,0.76,0.555
V1,0.7,0.77,0.5291
V1,0.7,0.78,0.5056
V1,0.7,0.79,0.4854
V1,0.7,0.8,0.4566
V1,0.7,0.81,0.423
V1,0.7,0.82,0.3812
V1,0.7,0.83,0.342
V1,0.7,0.84,0.3014
V1,0.7,0.85,0.2822
V1,0.7,0.86,0.2581
V1,0.7,0.87,0.2456
V1,0.7,0.88,0.2271
V1,0.7,0.89,0.189
V1,0.7,0.9,0.1763
V1,0.7,0.91,0.1596
V1,0.7,0.92,0.1325
V1,0.7,0.93,0.1035
V1,0.7,0.94,0.0338
V1,0.7,0.95,0.0387
V1,0.75,0.05,0.6642
V1,0.75,0.06,0.6642
V1,0.75,0.07,0.6642
V1,0.75,0.08,0.6642
V1,0.75,0.09,0.6642
V1,0.75,0.1,0.6642
V1,0.75,0.11,0.6642
V1,0.75,0.12,0.6642
V1,0.75,0.13,0.6642
V1,0.75,0.14,0.6642
V1,0.75,0.15,0.6642
V1,0.75,0.16,0.6642
V1,0.75,0.17,0.6642
V1,0.75,0.18,0.6642
V1,0.75,0.19,0.6642
V1,0.75,0.2,0.6685
V1,0.75,0.21,0.6784
V1,0.75,0.22,0.6817
V1,0.75,0.23,0.6858
V1,0.75,0.24,0.6874
V1,0.75,0.25,0.6887
V1,0.75,0.26,0.6903
V1,0.75,0.27,0.692
V1,0.75,0.28,0.6928
V1,0.75,0.29,0.6941
V1,0.75,0.3,0.6949
V1,0.75,0.31,0.6954
V1,0.75,0.32,0.6954
V1,0.75,0.33,0.6962
V1,0.75,0.34,0.6971
V1,0.75,0.35,0.6971
V1,0.75,0.36,0.6988
V1,0.75,0.37,0.6996
V1,0.75,0.38,0.7
V1,0.75,0.39,0.7013
V1,0.75,0.4,0.7018
V1,0.75,0.41,0.7026
V1,0.75,0.42,0.7026
V1,0.75,0.43,0.7035
V1,0.75,0.44,0.7039
V1,0.75,0.45,0.7039
V1,0.75,0.46,0.7048
V1,0.75,0.47,0.7052
V1,0.75,0.48,0.7056
V1,0.75,0.49,0.7074
V1,0.75,0.5,0.7078
V1,0.75,0.51,0.7076
V1,0.75,0.52,0.7065
V1,0.75,0.53,0.7059
V1,0.75,0.54,0.7053
V1,0.75,0.55,0.7042
V1,0.75,0.56,0.7033
V1,0.75,0.57,0.7012
V1,0.75,0.58,0.7005
V1,0.75,0.59,0.7001
V1,0.75,0.6,0.6988
V1,0.75,0.61,0.698
V1,0.75,0.62,0.6947
V1,0.75,0.63,0.6915
V1,0.75,0.64,0.6942
V1,0.75,0.65,0.6892
V1,0.75,0.66,0.6855
V1,0.75,0.67,0.6773
V1,0.75,0.68,0.6666
V1,0.75,0.69,0.657
V1,0.75,0.7,0.6543
V1,0.75,0.71,0.6444
V1,0.75,0.72,0.6275
V1,0.75,0.73,0.6081
V1,0.75,0.74,0.5866
V1,0.75,0.75,0.5655
V1,0.75,0.76,0.5389
V1,0.75,0.77,0.5156
V1,0.75,0.78,0.496
V1,0.75,0.79,0.465
V1,0.75,0.8,0.4474
V1,0.75,0.81,0.4091
V1,0.75,0.82,0.3711
V1,0.75,0.83,0.3319
V1,0.75,0.84,0.2971
V1,0.75,0.85,0.2803
V1,0.75,0.86,0.2555
V1,0.75,0.87,0.2434
V1,0.75,0.88,0.2292
V1,0.75,0.89,0.1936
V1,0.75,0.9,0.1753
V1,0.75,0.91,0.1637
V1,0.75,0.92,0.1377
V1,0.75,0.93,0.1317
V1,0.75,0.94,0.0971
V1,0.75,0.95,0.0282
V1,0.8,0.05,0.6642
V1,0.8,0.06,0.6642
V1,0.8,0.07,0.6642
V1,0.8,0.08,0.6642
V1,0.8,0.09,0.6642
V1,0.8,0.1,0.6642
V1,0.8,0.11,0.6642
V1,0.8,0.12,0.6642
V1,0.8,0.13,0.6642
V1,0.8,0.14,0.6642
V1,0.8,0.15,0.6642
V1,0.8,0.16,0.6685
V1,0.8,0.17,0.6784
V1,0.8,0.18,0.6821
V1,0.8,0.19,0.6849
V1,0.8,0.2,0.6882
V1,0.8,0.21,0.6891
V1,0.8,0.22,0.6899
V1,0.8,0.23,0.6916
V1,0.8,0.24,0.6924
V1,0.8,0.25,0.6937
V1,0.8,0.26,0.6949
V1,0.8,0.27,0.6954
V1,0.8,0.28,0.6954
V1,0.8,0.29,0.6954
V1,0.8,0.3,0.6966
V1,0.8,0.31,0.6971
V1,0.8,0.32,0.6975
V1,0.8,0.33,0.6983
V1,0.8,0.34,0.6988
V1,0.8,0.35,0.7
V1,0.8,0.36,0.7013
V1,0.8,0.37,0.7018
V1,0.8,0.38,0.7026
V1,0.8,0.39,0.7026
V1,0.8,0.4,0.703
V1,0.8,0.41,0.7039
V1,0.8,0.42,0.7039
V1,0.8,0.43,0.7043
V1,0.8,0.44,0.7052
V1,0.8,0.45,0.7052
V1,0.8,0.46,0.7061
V1,0.8,0.47,0.7074
V1,0.8,0.48,0.7083
V1,0.8,0.49,0.7076
V1,0.8,0.5,0.7065
V1,0.8,0.51,0.7059
V1,0.8,0.52,0.7053
V1,0.8,0.53,0.7042
V1,0.8,0.54,0.7029
V1,0.8,0.55,0.7012
V1,0.8,0.56,0.7001
V1,0.8,0.57,0.7001
V1,0.8,0.58,0.6984
V1,0.8,0.59,0.6976
V1,0.8,0.6,0.6969
V1,0.8,0.61,0.6937
V1,0.8,0.62,0.6928
V1,0.8,0.63,0.6898
V1,0.8,0.64,0.6875
V1,0.8,0.65,0.6827
V1,0.8,0.66,0.6752
V1,0.8,0.67,0.666
V1,0.8,0.68,0.6564
V1,0.8,0.69,0.6538
V1,0.8,0.7,0.6439
V1,0.8,0.71,0.6275
V1,0.8,0.72,0.6094
V1,0.8,0.73,0.5895
V1,0.8,0.74,0.5696
V1,0.8,0.75,0.5478
V1,0.8,0.76,0.5208
V1,0.8,0.77,0.4994
V1,0.8,0.78,0.48
V1,0.8,0.79,0.4558
V1,0.8,0.8,0.4263
V1,0.8,0.81,0.3858
V1,0.8,0.82,0.3602
V1,0.8,0.83,0.324
V1,0.8,0.84,0.2925
V1,0.8,0.85,0.2803
V1,0.8,0.86,0.255
V1,0.8,0.87,0.2418
V1,0.8,0.88,0.2292
V1,0.8,0.89,0.1988
V1,0.8,0.9,0.1802
V1,0.8,0.91,0.1677
V1,0.8,0.92,0.1516
V1,0.8,0.93,0.1282
V1,0.8,0.94,0.1243
V1,0.8,0.95,0.0793
V1,0.85,0.05,0.6642
V1,0.85,0.06,0.6642
V1,0.85,0.07,0.6642
V1,0.85,0.08,0.6642
V1,0.85,0.09,0.6642
V1,0.85,0.1,0.6642
V1,0.85,0.11,0.6642
V1,0.85,0.12,0.6677
V1,0.85,0.13,0.6764
V1,0.85,0.14,0.6825
V1,0.85,0.15,0.6849
V1,0.85,0.16,0.6882
V1,0.85,0.17,0.6887
V1,0.85,0.18,0.6899
V1,0.85,0.19,0.6916
V1,0.85,0.2,0.6924
V1,0.85,0.21,0.6933
V1,0.85,0.22,0.6945
V1,0.85,0.23,0.6954
V1,0.85,0.24,0.6954
V1,0.85,0.25,0.6954
V1,0.85,0.26,0.6962
V1,0.85,0.27,0.6966
V1,0.85,0.28,0.6971
V1,0.85,0.29,0.6979
V1,0.85,0.3,0.6983
V1,0.85,0.31,0.6992
V1,0.85,0.32,0.7005
V1,0.85,0.33,0.7013
V1,0.85,0.34,0.7018
V1,0.85,0.35,0.7026
V1,0.85,0.36,0.7026
V1,0.85,0.37,0.703
V1,0.85,0.38,0.7039
V1,0.85,0.39,0.7039
V1,0.85,0.4,0.7039
V1,0.85,0.41,0.7048
V1,0.85,0.42,0.7052
V1,0.85,0.43,0.7056
V1,0.85,0.44,0.7065
V1,0.85,0.45,0.7074
V1,0.85,0.46,0.7072
V1,0.85,0.47,0.7076
V1,0.85,0.48,0.7065
V1,0.85,0.49,0.7059
V1,0.85,0.5,0.7053
V1,0.85,0.51,0.7042
V1,0.85,0.52,0.7029
V1,0.85,0.53,0.7012
V1,0.85,0.54,0.7001
V1,0.85,0.55,0.6997
V1,0.85,0.56,0.6979
V1,0.85,0.57,0.6982
V1,0.85,0.58,0.6969
V1,0.85,0.59,0.6947
V1,0.85,0.6,0.6919
V1,0.85,0.61,0.6922
V1,0.85,0.62,0.6892
V1,0.85,0.63,0.6862
V1,0.85,0.64,0.6814
V1,0.85,0.65,0.6723
V1,0.85,0.66,0.6616
V1,0.85,0.67,0.6562
V1,0.85,0.68,0.6527
V1,0.85,0.69,0.6428
V1,0.85,0.7,0.6275
V1,0.85,0.71,0.6094
V1,0.85,0.72,0.5925
V1,0.85,0.73,0.5731
V1,0.85,0.74,0.5502
V1,0.85,0.75,0.5236
V1,0.85,0.76,0.5065
V1,0.85,0.77,0.4958
V1,0.85,0.78,0.4632
V1,0.85,0.79,0.4479
V1,0.85,0.8,0.4187
V1,0.85,0.81,0.3812
V1,0.85,0.82,0.3468
V1,0.85,0.83,0.3118
V1,0.85,0.84,0.2917
V1,0.85,0.85,0.2764
V1,0.85,0.86,0.2561
V1,0.85,0.87,0.2412
V1,0.85,0.88,0.2259
V1,0.85,0.89,0.2028
V1,0.85,0.9,0.1867
V1,0.85,0.91,0.1666
V1,0.85,0.92,0.153
V1,0.85,0.93,0.1275
V1,0.85,0.94,0.1273
V1,0.85,0.95,0.1271
V1,0.9,0.05,0.6642
V1,0.9,0.06,0.6642
V1,0.9,0.07,0.6642
V1,0.9,0.08,0.6665
V1,0.9,0.09,0.6776
V1,0.9,0.1,0.6825
V1,0.9,0.11,0.6849
V1,0.9,0.12,0.6882
V1,0.9,0.13,0.6887
V1,0.9,0.14,0.6895
V1,0.9,0.15,0.6907
V1,0.9,0.16,0.692
V1,0.9,0.17,0.6928
V1,0.9,0.18,0.6941
V1,0.9,0.19,0.6949
V1,0.9,0.2,0.6954
V1,0.9,0.21,0.6954
V1,0.9,0.22,0.6954
V1,0.9,0.23,0.6962
V1,0.9,0.24,0.6966
V1,0.9,0.25,0.6971
V1,0.9,0.26,0.6979
V1,0.9,0.27,0.6979
V1,0.9,0.28,0.6992
V1,0.9,0.29,0.7005
V1,0.9,0.3,0.7009
V1,0.9,0.31,0.7018
V1,0.9,0.32,0.7026
V1,0.9,0.33,0.7026
V1,0.9,0.34,0.703
V1,0.9,0.35,0.7035
V1,0.9,0.36,0.7039
V1,0.9,0.37,0.7039
V1,0.9,0.38,0.7043
V1,0.9,0.39,0.7052
V1,0.9,0.4,0.7052
V1,0.9,0.41,0.7061
V1,0.9,0.42,0.7065
V1,0.9,0.43,0.7078
V1,0.9,0.44,0.7072
V1,0.9,0.45,0.7065
V1,0.9,0.46,0.7065
V1,0.9,0.47,0.7059
V1,0.9,0.48,0.7053
V1,0.9,0.49,0.7042
V1,0.9,0.5,0.7029
V1,0.9,0.51,0.7007
V1,0.9,0.52,0.7001
V1,0.9,0.53,0.6999
V1,0.9,0.54,0.6975
V1,0.9,0.55,0.6969
V1,0.9,0.56,0.6991
V1,0.9,0.57,0.6947
V1,0.9,0.58,0.6926
V1,0.9,0.59,0.6928
V1,0.9,0.6,0.6889
V1,0.9,0.61,0.6875
V1,0.9,0.62,0.6855
V1,0.9,0.63,0.6773
V1,0.9,0.64,0.671
V1,0.9,0.65,0.6605
V1,0.9,0.66,0.6551
V1,0.9,0.67,0.6527
V1,0.9,0.68,0.6423
V1,0.9,0.69,0.627
V1,0.9,0.7,0.6105
V1,0.9,0.71,0.5943
V1,0.9,0.72,0.5784
V1,0.9,0.73,0.5527
V1,0.9,0.74,0.5354
V1,0.9,0.75,0.5136
V1,0.9,0.76,0.497
V1,0.9,0.77,0.4763
V1,0.9,0.78,0.4548
V1,0.9,0.79,0.4332
V1,0.9,0.8,0.4039
V1,0.9,0.81,0.3711
V1,0.9,0.82,0.3354
V1,0.9,0.83,0.3047
V1,0.9,0.84,0.2883
V1,0.9,0.85,0.2704
V1,0.9,0.86,0.2561
V1,0.9,0.87,0.2401
V1,0.9,0.88,0.228
V1,0.9,0.89,0.2095
V1,0.9,0.9,0.1873
V1,0.9,0.91,0.1705
V1,0.9,0.92,0.1576
V1,0.9,0.93,0.1378
V1,0.9,0.94,0.1282
V1,0.9,0.95,0.1197
V1,0.95,0.05,0.6772
V1,0.95,0.06,0.6825
V1,0.95,0.07,0.6849
V1,0.95,0.08,0.6878
V1,0.95,0.09,0.6887
V1,0.95,0.1,0.6895
V1,0.95,0.11,0.6907
V1,0.95,0.12,0.692
V1,0.95,0.13,0.6924
V1,0.95,0.14,0.6937
V1,0.95,0.15,0.6945
V1,0.95,0.16,0.6954
V1,0.95,0.17,0.6954
V1,0.95,0.18,0.6954
V1,0.95,0.19,0.6958
V1,0.95,0.2,0.6962
V1,0.95,0.21,0.6966
V1,0.95,0.22,0.6975
V1,0.95,0.23,0.6979
V1,0.95,0.24,0.6979
V1,0.95,0.25,0.6992
V1,0.95,0.26,0.7005
V1,0.95,0.27,0.7009
V1,0.95,0.28,0.7018
V1,0.95,0.29,0.7026
V1,0.95,0.3,0.7026
V1,0.95,0.31,0.703
V1,0.95,0.32,0.703
V1,0.95,0.33,0.7039
V1,0.95,0.34,0.7039
V1,0.95,0.35,0.7039
V1,0.95,0.36,0.7052
V1,0.95,0.37,0.7052
V1,0.95,0.38,0.7056
V1,0.95,0.39,0.7065
V1,0.95,0.4,0.707
V1,0.95,0.41,0.7078
V1,0.95,0.42,0.7072
V1,0.95,0.43,0.7061
V1,0.95,0.44,0.7055
V1,0.95,0.45,0.7059
V1,0.95,0.46,0.7053
V1,0.95,0.47,0.7042
V1,0.95,0.48,0.7029
V1,0.95,0.49,0.7007
V1,0.95,0.5,0.7001
V1,0.95,0.51,0.6994
V1,0.95,0.52,0.6975
V1,0.95,0.53,0.6969
V1,0.95,0.54,0.6986
V1,0.95,0.55,0.6958
V1,0.95,0.56,0.6937
V1,0.95,0.57,0.6928
V1,0.95,0.58,0.6911
V1,0.95,0.59,0.6894
V1,0.95,0.6,0.6873
V1,0.95,0.61,0.6827
V1,0.95,0.62,0.6762
V1,0.95,0.63,0.6666
V1,0.95,0.64,0.6594
V1,0.95,0.65,0.6551
V1,0.95,0.66,0.652
V1,0.95,0.67,0.6423
V1,0.95,0.68,0.627
V1,0.95,0.69,0.6112
V1,0.95,0.7,0.5954
V1,0.95,0.71,0.5795
V1,0.95,0.72,0.5592
V1,0.95,0.73,0.5396
V1,0.95,0.74,0.5186
V1,0.95,0.75,0.4995
V1,0.95,0.76,0.4936
V1,0.95,0.77,0.4632
V1,0.95,0.78,0.4486
V1,0.95,0.79,0.421
V1,0.95,0.8,0.3831
V1,0.95,0.81,0.3646
V1,0.95,0.82,0.3314
V1,0.95,0.83,0.3033
V1,0.95,0.84,0.2869
V1,0.95,0.85,0.2695
V1,0.95,0.86,0.2551
V1,0.95,0.87,0.2401
V1,0.95,0.88,0.2296
V1,0.95,0.89,0.2106
V1,0.95,0.9,0.1885
V1,0.95,0.91,0.1771
V1,0.95,0.92,0.1628
V1,0.95,0.93,0.1493
V1,0.95,0.94,0.1215
V1,0.95,0.95,0.1208
V1,1.0,0.05,0.6891
V1,1.0,0.06,0.6891
V1,1.0,0.07,0.6903
V1,1.0,0.08,0.6916
V1,1.0,0.09,0.692
V1,1.0,0.1,0.6928
V1,1.0,0.11,0.6937
V1,1.0,0.12,0.6949
V1,1.0,0.13,0.6954
V1,1.0,0.14,0.6954
V1,1.0,0.15,0.6954
V1,1.0,0.16,0.6958
V1,1.0,0.17,0.6962
V1,1.0,0.18,0.6966
V1,1.0,0.19,0.6979
V1,1.0,0.2,0.6979
V1,1.0,0.21,0.6979
V1,1.0,0.22,0.6992
V1,1.0,0.23,0.7005
V1,1.0,0.24,0.7009
V1,1.0,0.25,0.7018
V1,1.0,0.26,0.7026
V1,1.0,0.27,0.7026
V1,1.0,0.28,0.703
V1,1.0,0.29,0.703
V1,1.0,0.3,0.7035
V1,1.0,0.31,0.7039
V1,1.0,0.32,0.7039
V1,1.0,0.33,0.7043
V1,1.0,0.34,0.7052
V1,1.0,0.35,0.7052
V1,1.0,0.36,0.7061
V1,1.0,0.37,0.7065
V1,1.0,0.38,0.7074
V1,1.0,0.39,0.7067
V1,1.0,0.4,0.7072
V1,1.0,0.41,0.7061
V1,1.0,0.42,0.7055
V1,1.0,0.43,0.7048
V1,1.0,0.44,0.7053
V1,1.0,0.45,0.7046
V1,1.0,0.46,0.7029
V1,1.0,0.47,0.7007
V1,1.0,0.48,0.7001
V1,1.0,0.49,0.6994
V1,1.0,0.5,0.6971
V1,1.0,0.51,0.6975
V1,1.0,0.52,0.6978
V1,1.0,0.53,0.698
V1,1.0,0.54,0.6947
V1,1.0,0.55,0.6915
V1,1.0,0.56,0.6933
V1,1.0,0.57,0.6889
V1,1.0,0.58,0.6865
V1,1.0,0.59,0.6855
V1,1.0,0.6,0.6814
V1,1.0,0.61,0.6723
V1,1.0,0.62,0.6655
V1,1.0,0.63,0.6565
V1,1.0,0.64,0.6555
V1,1.0,0.65,0.6503
V1,1.0,0.66,0.6412
V1,1.0,0.67,0.627
V1,1.0,0.68,0.6125
V1,1.0,0.69,0.6
V1,1.0,0.7,0.5797
V1,1.0,0.71,0.5662
V1,1.0,0.72,0.5473
V1,1.0,0.73,0.5212
V1,1.0,0.74,0.5069
V1,1.0,0.75,0.4935
V1,1.0,0.76,0.4728
V1,1.0,0.77,0.4548
V1,1.0,0.78,0.4378
V1,1.0,0.79,0.4073
V1,1.0,0.8,0.3812
V1,1.0,0.81,0.3493
V1,1.0,0.82,0.3282
V1,1.0,0.83,0.299
V1,1.0,0.84,0.2844
V1,1.0,0.85,0.2695
V1,1.0,0.86,0.254
V1,1.0,0.87,0.2401
V1,1.0,0.88,0.2301
V1,1.0,0.89,0.2139
V1,1.0,0.9,0.1908
V1,1.0,0.91,0.1779
V1,1.0,0.92,0.1685
V1,1.0,0.93,0.1524
V1,1.0,0.94,0.1276
V1,1.0,0.95,0.1226
V2,0.0,0.05,0.5636
V2,0.0,0.06,0.5636
V2,0.0,0.07,0.6274
V2,0.0,0.08,0.6642
V2,0.0,0.09,0.6642
V2,0.0,0.1,0.6642
V2,0.0,0.11,0.6642
V2,0.0,0.12,0.6642
V2,0.0,0.13,0.6642
V2,0.0,0.14,0.6642
V2,0.0,0.15,0.6642
V2,0.0,0.16,0.6642
V2,0.0,0.17,0.6642
V2,0.0,0.18,0.6642
V2,0.0,0.19,0.6642
V2,0.0,0.2,0.6642
V2,0.0,0.21,0.6642
V2,0.0,0.22,0.6642
V2,0.0,0.23,0.6642
V2,0.0,0.24,0.6642
V2,0.0,0.25,0.6642
V2,0.0,0.26,0.6642
V2,0.0,0.27,0.6642
V2,0.0,0.28,0.6642
V2,0.0,0.29,0.6642
V2,0.0,0.3,0.6642
V2,0.0,0.31,0.6642
V2,0.0,0.32,0.6642
V2,0.0,0.33,0.6642
V2,0.0,0.34,0.6642
V2,0.0,0.35,0.6642
V2,0.0,0.36,0.6642
V2,0.0,0.37,0.6642
V2,0.0,0.38,0.6642
V2,0.0,0.39,0.6642
V2,0.0,0.4,0.6642
V2,0.0,0.41,0.6642
V2,0.0,0.42,0.6642
V2,0.0,0.43,0.6642
V2,0.0,0.44,0.6642
V2,0.0,0.45,0.6642
V2,0.0,0.46,0.6642
V2,0.0,0.47,0.6642
V2,0.0,0.48,0.6642
V2,0.0,0.49,0.6642
V2,0.0,0.5,0.6642
V2,0.0,0.51,0.6642
V2,0.0,0.52,0.6642
V2,0.0,0.53,0.6642
V2,0.0,0.54,0.6642
V2,0.0,0.55,0.6642
V2,0.0,0.56,0.6642
V2,0.0,0.57,0.6642
V2,0.0,0.58,0.6642
V2,0.0,0.59,0.6642
V2,0.0,0.6,0.6642
V2,0.0,0.61,0.6642
V2,0.0,0.62,0.6642
V2,0.0,0.63,0.6642
V2,0.0,0.64,0.6642
V2,0.0,0.65,0.6642
V2,0.0,0.66,0.6642
V2,0.0,0.67,0.6642
V2,0.0,0.68,0.6642
V2,0.0,0.69,0.6642
V2,0.0,0.7,0.6642
V2,0.0,0.71,0.6642
V2,0.0,0.72,0.6642
V2,0.0,0.73,0.6642
V2,0.0,0.74,0.6642
V2,0.0,0.75,0.6642
V2,0.0,0.76,0.6642
V2,0.0,0.77,0.6642
V2,0.0,0.78,0.6642
V2,0.0,0.79,0.6642
V2,0.0,0.8,0.6642
V2,0.0,0.81,0.6642
V2,0.0,0.82,0.6642
V2,0.0,0.83,0.6642
V2,0.0,0.84,0.6642
V2,0.0,0.85,0.6642
V2,0.0,0.86,0.6642
V2,0.0,0.87,0.0
V2,0.0,0.88,0.0
V2,0.0,0.89,0.0
V2,0.0,0.9,0.0
V2,0.0,0.91,0.0
V2,0.0,0.92,0.0
V2,0.0,0.93,0.0
V2,0.0,0.94,0.0
V2,0.0,0.95,0.0
V2,0.05,0.05,0.5636
V2,0.05,0.06,0.5636
V2,0.05,0.07,0.6274
V2,0.05,0.08,0.6642
V2,0.05,0.09,0.6642
V2,0.05,0.1,0.6642
V2,0.05,0.11,0.6642
V2,0.05,0.12,0.6642
V2,0.05,0.13,0.6642
V2,0.05,0.14,0.6642
V2,0.05,0.15,0.6642
V2,0.05,0.16,0.6642
V2,0.05,0.17,0.6642
V2,0.05,0.18,0.6642
V2,0.05,0.19,0.6642
V2,0.05,0.2,0.6642
V2,0.05,0.21,0.6642
V2,0.05,0.22,0.6642
V2,0.05,0.23,0.6642
V2,0.05,0.24,0.6642
V2,0.05,0.25,0.6642
V2,0.05,0.26,0.6642
V2,0.05,0.27,0.6642
V2,0.05,0.28,0.6642
V2,0.05,0.29,0.6642
V2,0.05,0.3,0.6642
V2,0.05,0.31,0.6642
V2,0.05,0.32,0.6642
V2,0.05,0.33,0.6642
V2,0.05,0.34,0.6642
V2,0.05,0.35,0.6642
V2,0.05,0.36,0.6642
V2,0.05,0.37,0.6642
V2,0.05,0.38,0.6642
V2,0.05,0.39,0.6642
V2,0.05,0.4,0.6642
V2,0.05,0.41,0.6642
V2,0.05,0.42,0.6642
V2,0.05,0.43,0.6642
V2,0.05,0.44,0.6642
V2,0.05,0.45,0.6642
V2,0.05,0.46,0.6642
V2,0.05,0.47,0.6642
V2,0.05,0.48,0.6642
V2,0.05,0.49,0.6642
V2,0.05,0.5,0.6642
V2,0.05,0.51,0.6642
V2,0.05,0.52,0.6642
V2,0.05,0.53,0.6642
V2,0.05,0.54,0.6642
V2,0.05,0.55,0.6642
V2,0.05,0.56,0.6642
V2,0.05,0.57,0.6642
V2,0.05,0.58,0.6642
V2,0.05,0.59,0.6642
V2,0.05,0.6,0.6642
V2,0.05,0.61,0.6642
V2,0.05,0.62,0.6642
V2,0.05,0.63,0.6642
V2,0.05,0.64,0.6642
V2,0.05,0.65,0.6642
V2,0.05,0.66,0.6642
V2,0.05,0.67,0.6642
V2,0.05,0.68,0.6642
V2,0.05,0.69,0.6642
V2,0.05,0.7,0.6642
V2,0.05,0.71,0.6642
V2,0.05,0.72,0.6642
V2,0.05,0.73,0.6642
V2,0.05,0.74,0.6642
V2,0.05,0.75,0.6642
V2,0.05,0.76,0.6642
V2,0.05,0.77,0.6642
V2,0.05,0.78,0.6642
V2,0.05,0.79,0.6642
V2,0.05,0.8,0.6642
V2,0.05,0.81,0.6642
V2,0.05,0.82,0.6642
V2,0.05,0.83,0.8348
V2,0.05,0.84,0.843
V2,0.05,0.85,0.8428
V2,0.05,0.86,0.8405
V2,0.05,0.87,0.8111
V2,0.05,0.88,0.0
V2,0.05,0.89,0.0
V2,0.05,0.9,0.0
V2,0.05,0.91,0.0
V2,0.05,0.92,0.0
V2,0.05,0.93,0.0
V2,0.05,0.94,0.0
V2,0.05,0.95,0.0
V2,0.1,0.05,0.5636
V2,0.1,0.06,0.5636
V2,0.1,0.07,0.6642
V2,0.1,0.08,0.6642
V2,0.1,0.09,0.6642
V2,0.1,0.1,0.6642
V2,0.1,0.11,0.6642
V2,0.1,0.12,0.6642
V2,0.1,0.13,0.6642
V2,0.1,0.14,0.6642
V2,0.1,0.15,0.6642
V2,0.1,0.16,0.6642
V2,0.1,0.17,0.6642
V2,0.1,0.18,0.6642
V2,0.1,0.19,0.6642
V2,0.1,0.2,0.6642
V2,0.1,0.21,0.6642
V2,0.1,0.22,0.6642
V2,0.1,0.23,0.6642
V2,0.1,0.24,0.6642
V2,0.1,0.25,0.6642
V2,0.1,0.26,0.6642
V2,0.1,0.27,0.6642
V2,0.1,0.28,0.6642
V2,0.1,0.29,0.6642
V2,0.1,0.3,0.6642
V2,0.1,0.31,0.6642
V2,0.1,0.32,0.6642
V2,0.1,0.33,0.6642
V2,0.1,0.34,0.6642
V2,0.1,0.35,0.6642
V2,0.1,0.36,0.6642
V2,0.1,0.37,0.6642
V2,0.1,0.38,0.6642
V2,0.1,0.39,0.6642
V2,0.1,0.4,0.6642
V2,0.1,0.41,0.6642
V2,0.1,0.42,0.6642
V2,0.1,0.43,0.6642
V2,0.1,0.44,0.6642
V2,0.1,0.45,0.6642
V2,0.1,0.46,0.6642
V2,0.1,0.47,0.6642
V2,0.1,0.48,0.6642
V2,0.1,0.49,0.6642
V2,0.1,0.5,0.6642
V2,0.1,0.51,0.6642
V2,0.1,0.52,0.6642
V2,0.1,0.53,0.6642
V2,0.1,0.54,0.6642
V2,0.1,0.55,0.6642
V2,0.1,0.56,0.6642
V2,0.1,0.57,0.6642
V2,0.1,0.58,0.6642
V2,0.1,0.59,0.6642
V2,0.1,0.6,0.6642
V2,0.1,0.61,0.6642
V2,0.1,0.62,0.6642
V2,0.1,0.63,0.6642
V2,0.1,0.64,0.6642
V2,0.1,0.65,0.6642
V2,0.1,0.66,0.6642
V2,0.1,0.67,0.6642
V2,0.1,0.68,0.6642
V2,0.1,0.69,0.6642
V2,0.1,0.7,0.6642
V2,0.1,0.71,0.6642
V2,0.1,0.72,0.6642
V2,0.1,0.73,0.6642
V2,0.1,0.74,0.6642
V2,0.1,0.75,0.6642
V2,0.1,0.76,0.6642
V2,0.1,0.77,0.6642
V2,0.1,0.78,0.6642
V2,0.1,0.79,0.8319
V2,0.1,0.8,0.829
V2,0.1,0.81,0.8428
V2,0.1,0.82,0.8426
V2,0.1,0.83,0.8444
V2,0.1,0.84,0.8382
V2,0.1,0.85,0.8416
V2,0.1,0.86,0.8306
V2,0.1,0.87,0.8148
V2,0.1,0.88,0.777
V2,0.1,0.89,0.0
V2,0.1,0.9,0.0
V2,0.1,0.91,0.0
V2,0.1,0.92,0.0
V2,0.1,0.93,0.0
V2,0.1,0.94,0.0
V2,0.1,0.95,0.0
V2,0.15,0.05,0.5636
V2,0.15,0.06,0.6274
V2,0.15,0.07,0.6642
V2,0.15,0.08,0.6642
V2,0.15,0.09,0.6642
V2,0.15,0.1,0.6642
V2,0.15,0.11,0.6642
V2,0.15,0.12,0.6642
V2,0.15,0.13,0.6642
V2,0.15,0.14,0.6642
V2,0.15,0.15,0.6642
V2,0.15,0.16,0.6642
V2,0.15,0.17,0.6642
V2,0.15,0.18,0.6642
V2,0.15,0.19,0.6642
V2,0.15,0.2,0.6642
V2,0.15,0.21,0.6642
V2,0.15,0.22,0.6642
V2,0.15,0.23,0.6642
V2,0.15,0.24,0.6642
V2,0.15,0.25,0.6642
V2,0.15,0.26,0.6642
V2,0.15,0.27,0.6642
V2,0.15,0.28,0.6642
V2,0.15,0.29,0.6642
V2,0.15,0.3,0.6642
V2,0.15,0.31,0.6642
V2,0.15,0.32,0.6642
V2,0.15,0.33,0.6642
V2,0.15,0.34,0.6642
V2,0.15,0.35,0.6642
V2,0.15,0.36,0.6642
V2,0.15,0.37,0.6642
V2,0.15,0.38,0.6642
V2,0.15,0.39,0.6642
V2,0.15,0.4,0.6642
V2,0.15,0.41,0.6642
V2,0.15,0.42,0.6642
V2,0.15,0.43,0.6642
V2,0.15,0.44,0.6642
V2,0.15,0.45,0.6642
V2,0.15,0.46,0.6642
V2,0.15,0.47,0.6642
V2,0.15,0.48,0.6642
V2,0.15,0.49,0.6642
V2,0.15,0.5,0.6642
V2,0.15,0.51,0.6642
V2,0.15,0.52,0.6642
V2,0.15,0.53,0.6642
V2,0.15,0.54,0.6642
V2,0.15,0.55,0.6642
V2,0.15,0.56,0.6642
V2,0.15,0.57,0.6642
V2,0.15,0.58,0.6642
V2,0.15,0.59,0.6642
V2,0.15,0.6,0.6642
V2,0.15,0.61,0.6642
V2,0.15,0.62,0.6642
V2,0.15,0.63,0.6642
V2,0.15,0.64,0.6642
V2,0.15,0.65,0.6642
V2,0.15,0.66,0.6642
V2,0.15,0.67,0.6642
V2,0.15,0.68,0.6642
V2,0.15,0.69,0.6642
V2,0.15,0.7,0.6642
V2,0.15,0.71,0.6642
V2,0.15,0.72,0.6642
V2,0.15,0.73,0.6642
V2,0.15,0.74,0.8007
V2,0.15,0.75,0.8303
V2,0.15,0.76,0.8316
V2,0.15,0.77,0.83
V2,0.15,0.78,0.8411
V2,0.15,0.79,0.8455
V2,0.15,0.8,0.8419
V2,0.15,0.81,0.8435
V2,0.15,0.82,0.8409
V2,0.15,0.83,0.838
V2,0.15,0.84,0.8416
V2,0.15,0.85,0.8348
V2,0.15,0.86,0.8238
V2,0.15,0.87,0.8164
V2,0.15,0.88,0.8038
V2,0.15,0.89,0.0
V2,0.15,0.9,0.0
V2,0.15,0.91,0.0
V2,0.15,0.92,0.0
V2,0.15,0.93,0.0
V2,0.15,0.94,0.0
V2,0.15,0.95,0.0
V2,0.2,0.05,0.5636
V2,0.2,0.06,0.6274
V2,0.2,0.07,0.6642
V2,0.2,0.08,0.6642
V2,0.2,0.09,0.6642
V2,0.2,0.1,0.6642
V2,0.2,0.11,0.6642
V2,0.2,0.12,0.6642
V2,0.2,0.13,0.6642
V2,0.2,0.14,0.6642
V2,0.2,0.15,0.6642
V2,0.2,0.16,0.6642
V2,0.2,0.17,0.6642
V2,0.2,0.18,0.6642
V2,0.2,0.19,0.6642
V2,0.2,0.2,0.6642
V2,0.2,0.21,0.6642
V2,0.2,0.22,0.6642
V2,0.2,0.23,0.6642
V2,0.2,0.24,0.6642
V2,0.2,0.25,0.6642
V2,0.2,0.26,0.6642
V2,0.2,0.27,0.6642
V2,0.2,0.28,0.6642
V2,0.2,0.29,0.6642
V2,0.2,0.3,0.6642
V2,0.2,0.31,0.6642
V2,0.2,0.32,0.6642
V2,0.2,0.33,0.6642
V2,0.2,0.34,0.6642
V2,0.2,0.35,0.6642
V2,0.2,0.36,0.6642
V2,0.2,0.37,0.6642
V2,0.2,0.38,0.6642
V2,0.2,0.39,0.6642
V2,0.2,0.4,0.6642
V2,0.2,0.41,0.6642
V2,0.2,0.42,0.6642
V2,0.2,0.43,0.6642
V2,0.2,0.44,0.6642
V2,0.2,0.45,0.6642
V2,0.2,0.46,0.6642
V2,0.2,0.47,0.6642
V2,0.2,0.48,0.6642
V2,0.2,0.49,0.6642
V2,0.2,0.5,0.6642
V2,0.2,0.51,0.6642
V2,0.2,0.52,0.6642
V2,0.2,0.53,0.6642
V2,0.2,0.54,0.6642
V2,0.2,0.55,0.6642
V2,0.2,0.56,0.6642
V2,0.2,0.57,0.6642
V2,0.2,0.58,0.6642
V2,0.2,0.59,0.6642
V2,0.2,0.6,0.6642
V2,0.2,0.61,0.6642
V2,0.2,0.62,0.6642
V2,0.2,0.63,0.6642
V2,0.2,0.64,0.6642
V2,0.2,0.65,0.6642
V2,0.2,0.66,0.6642
V2,0.2,0.67,0.6642
V2,0.2,0.68,0.6642
V2,0.2,0.69,0.6642
V2,0.2,0.7,0.8228
V2,0.2,0.71,0.8319
V2,0.2,0.72,0.8348
V2,0.2,0.73,0.8297
V2,0.2,0.74,0.8302
V2,0.2,0.75,0.8406
V2,0.2,0.76,0.8447
V2,0.2,0.77,0.8442
V2,0.2,0.78,0.8424
V2,0.2,0.79,0.8435
V2,0.2,0.8,0.843
V2,0.2,0.81,0.8387
V2,0.2,0.82,0.8374
V2,0.2,0.83,0.8411
V2,0.2,0.84,0.8368
V2,0.2,0.85,0.8311
V2,0.2,0.86,0.8237
V2,0.2,0.87,0.8164
V2,0.2,0.88,0.8085
V2,0.2,0.89,0.7838
V2,0.2,0.9,0.0
V2,0.2,0.91,0.0
V2,0.2,0.92,0.0
V2,0.2,0.93,0.0
V2,0.2,0.94,0.0
V2,0.2,0.95,0.0
V2,0.25,0.05,0.5636
V2,0.25,0.06,0.6642
V2,0.25,0.07,0.6642
V2,0.25,0.08,0.6642
V2,0.25,0.09,0.6642
V2,0.25,0.1,0.6642
V2,0.25,0.11,0.6642
V2,0.25,0.12,0.6642
V2,0.25,0.13,0.6642
V2,0.25,0.14,0.6642
V2,0.25,0.15,0.6642
V2,0.25,0.16,0.6642
V2,0.25,0.17,0.6642
V2,0.25,0.18,0.6642
V2,0.25,0.19,0.6642
V2,0.25,0.2,0.6642
V2,0.25,0.21,0.6642
V2,0.25,0.22,0.6642
V2,0.25,0.23,0.6642
V2,0.25,0.24,0.6642
V2,0.25,0.25,0.6642
V2,0.25,0.26,0.6642
V2,0.25,0.27,0.6642
V2,0.25,0.28,0.6642
V2,0.25,0.29,0.6642
V2,0.25,0.3,0.6642
V2,0.25,0.31,0.6642
V2,0.25,0.32,0.6642
V2,0.25,0.33,0.6642
V2,0.25,0.34,0.6642
V2,0.25,0.35,0.6642
V2,0.25,0.36,0.6642
V2,0.25,0.37,0.6642
V2,0.25,0.38,0.6642
V2,0.25,0.39,0.6642
V2,0.25,0.4,0.6642
V2,0.25,0.41,0.6642
V2,0.25,0.42,0.6642
V2,0.25,0.43,0.6642
V2,0.25,0.44,0.6642
V2,0.25,0.45,0.6642
V2,0.25,0.46,0.6642
V2,0.25,0.47,0.6642
V2,0.25,0.48,0.6642
V2,0.25,0.49,0.6642
V2,0.25,0.5,0.6642
V2,0.25,0.51,0.6642
V2,0.25,0.52,0.6642
V2,0.25,0.53,0.6642
V2,0.25,0.54,0.6642
V2,0.25,0.55,0.6642
V2,0.25,0.56,0.6642
V2,0.25,0.57,0.6642
V2,0.25,0.58,0.6642
V2,0.25,0.59,0.6642
V2,0.25,0.6,0.6642
V2,0.25,0.61,0.6642
V2,0.25,0.62,0.6642
V2,0.25,0.63,0.6642
V2,0.25,0.64,0.6642
V2,0.25,0.65,0.6642
V2,0.25,0.66,0.8258
V2,0.25,0.67,0.8319
V2,0.25,0.68,0.8338
V2,0.25,0.69,0.8318
V2,0.25,0.7,0.8304
V2,0.25,0.71,0.8318
V2,0.25,0.72,0.8406
V2,0.25,0.73,0.8448
V2,0.25,0.74,0.8444
V2,0.25,0.75,0.8431
V2,0.25,0.76,0.8418
V2,0.25,0.77,0.8435
V2,0.25,0.78,0.8417
V2,0.25,0.79,0.8404
V2,0.25,0.8,0.8382
V2,0.25,0.81,0.8379
V2,0.25,0.82,0.8407
V2,0.25,0.83,0.8389
V2,0.25,0.84,0.8342
V2,0.25,0.85,0.8285
V2,0.25,0.86,0.8217
V2,0.25,0.87,0.8164
V2,0.25,0.88,0.8069
V2,0.25,0.89,0.8006
V2,0.25,0.9,0.7334
V2,0.25,0.91,0.0
V2,0.25,0.92,0.0
V2,0.25,0.93,0.0
V2,0.25,0.94,0.0
V2,0.25,0.95,0.0
V2,0.3,0.05,0.6246
V2,0.3,0.06,0.6642
V2,0.3,0.07,0.6642
V2,0.3,0.08,0.6642
V2,0.3,0.09,0.6642
V2,0.3,0.1,0.6642
V2,0.3,0.11,0.6642
V2,0.3,0.12,0.6642
V2,0.3,0.13,0.6642
V2,0.3,0.14,0.6642
V2,0.3,0.15,0.6642
V2,0.3,0.16,0.6642
V2,0.3,0.17,0.6642
V2,0.3,0.18,0.6642
V2,0.3,0.19,0.6642
V2,0.3,0.2,0.6642
V2,0.3,0.21,0.6642
V2,0.3,0.22,0.6642
V2,0.3,0.23,0.6642
V2,0.3,0.24,0.6642
V2,0.3,0.25,0.6642
V2,0.3,0.26,0.6642
V2,0.3,0.27,0.6642
V2,0.3,0.28,0.6642
V2,0.3,0.29,0.6642
V2,0.3,0.3,0.6642
V2,0.3,0.31,0.6642
V2,0.3,0.32,0.6642
V2,0.3,0.33,0.6642
V2,0.3,0.34,0.6642
V2,0.3,0.35,0.6642
V2,0.3,0.36,0.6642
V2,0.3,0.37,0.6642
V2,0.3,0.38,0.6642
V2,0.3,0.39,0.6642
V2,0.3,0.4,0.6642
V2,0.3,0.41,0.6642
V2,0.3,0.42,0.6642
V2,0.3,0.43,0.6642
V2,0.3,0.44,0.6642
V2,0.3,0.45,0.6642
V2,0.3,0.46,0.6642
V2,0.3,0.47,0.6642
V2,0.3,0.48,0.6642
V2,0.3,0.49,0.6642
V2,0.3,0.5,0.6642
V2,0.3,0.51,0.6642
V2,0.3,0.52,0.6642
V2,0.3,0.53,0.6642
V2,0.3,0.54,0.6642
V2,0.3,0.55,0.6642
V2,0.3,0.56,0.6642
V2,0.3,0.57,0.6642
V2,0.3,0.58,0.6642
V2,0.3,0.59,0.6642
V2,0.3,0.6,0.6642
V2,0.3,0.61,0.7806
V2,0.3,0.62,0.827
V2,0.3,0.63,0.8335
V2,0.3,0.64,0.834
V2,0.3,0.65,0.8324
V2,0.3,0.66,0.8285
V2,0.3,0.67,0.8306
V2,0.3,0.68,0.8323
V2,0.3,0.69,0.8402
V2,0.3,0.7,0.8435
V2,0.3,0.71,0.845
V2,0.3,0.72,0.8433
V2,0.3,0.73,0.8415
V2,0.3,0.74,0.8428
V2,0.3,0.75,0.8435
V2,0.3,0.76,0.8413
V2,0.3,0.77,0.8409
V2,0.3,0.78,0.8392
V2,0.3,0.79,0.8376
V2,0.3,0.8,0.8398
V2,0.3,0.81,0.8407
V2,0.3,0.82,0.8395
V2,0.3,0.83,0.8353
V2,0.3,0.84,0.8316
V2,0.3,0.85,0.8249
V2,0.3,0.86,0.8211
V2,0.3,0.87,0.8164
V2,0.3,0.88,0.8106
V2,0.3,0.89,0.8074
V2,0.3,0.9,0.7853
V2,0.3,0.91,0.0
V2,0.3,0.92,0.0
V2,0.3,0.93,0.0
V2,0.3,0.94,0.0
V2,0.3,0.95,0.0
V2,0.35,0.05,0.6274
V2,0.35,0.06,0.6642
V2,0.35,0.07,0.6642
V2,0.35,0.08,0.6642
V2,0.35,0.09,0.6642
V2,0.35,0.1,0.6642
V2,0.35,0.11,0.6642
V2,0.35,0.12,0.6642
V2,0.35,0.13,0.6642
V2,0.35,0.14,0.6642
V2,0.35,0.15,0.6642
V2,0.35,0.16,0.6642
V2,0.35,0.17,0.6642
V2,0.35,0.18,0.6642
V2,0.35,0.19,0.6642
V2,0.35,0.2,0.6642
V2,0.35,0.21,0.6642
V2,0.35,0.22,0.6642
V2,0.35,0.23,0.6642
V2,0.35,0.24,0.6642
V2,0.35,0.25,0.6642
V2,0.35,0.26,0.6642
V2,0.35,0.27,0.6642
V2,0.35,0.28,0.6642
V2,0.35,0.29,0.6642
V2,0.35,0.3,0.6642
V2,0.35,0.31,0.6642
V2,0.35,0.32,0.6642
V2,0.35,0.33,0.6642
V2,0.35,0.34,0.6642
V2,0.35,0.35,0.6642
V2,0.35,0.36,0.6642
V2,0.35,0.37,0.6642
V2,0.35,0.38,0.6642
V2,0.35,0.39,0.6642
V2,0.35,0.4,0.6642
V2,0.35,0.41,0.6642
V2,0.35,0.42,0.6642
V2,0.35,0.43,0.6642
V2,0.35,0.44,0.6642
V2,0.35,0.45,0.6642
V2,0.35,0.46,0.6642
V2,0.35,0.47,0.6642
V2,0.35,0.48,0.6642
V2,0.35,0.49,0.6642
V2,0.35,0.5,0.6642
V2,0.35,0.51,0.6642
V2,0.35,0.52,0.6642
V2,0.35,0.53,0.6642
V2,0.35,0.54,0.6642
V2,0.35,0.55,0.6642
V2,0.35,0.56,0.6642
V2,0.35,0.57,0.8081
V2,0.35,0.58,0.8271
V2,0.35,0.59,0.834
V2,0.35,0.6,0.8347
V2,0.35,0.61,0.8337
V2,0.35,0.62,0.8325
V2,0.35,0.63,0.8292
V2,0.35,0.64,0.8299
V2,0.35,0.65,0.8335
V2,0.35,0.66,0.8402
V2,0.35,0.67,0.843
V2,0.35,0.68,0.8447
V2,0.35,0.69,0.8444
V2,0.35,0.7,0.8426
V2,0.35,0.71,0.8419
V2,0.35,0.72,0.8428
V2,0.35,0.73,0.8435
V2,0.35,0.74,0.8423
V2,0.35,0.75,0.843
V2,0.35,0.76,0.8399
V2,0.35,0.77,0.8387
V2,0.35,0.78,0.838
V2,0.35,0.79,0.8408
V2,0.35,0.8,0.8407
V2,0.35,0.81,0.8405
V2,0.35,0.82,0.8358
V2,0.35,0.83,0.8337
V2,0.35,0.84,0.8306
V2,0.35,0.85,0.8233
V2,0.35,0.86,0.8201
V2,0.35,0.87,0.8164
V2,0.35,0.88,0.8111
V2,0.35,0.89,0.8095
V2,0.35,0.9,0.7975
V2,0.35,0.91,0.7701
V2,0.35,0.92,0.0
V2,0.35,0.93,0.0
V2,0.35,0.94,0.0
V2,0.35,0.95,0.0
V2,0.4,0.05,0.6642
V2,0.4,0.06,0.6642
V2,0.4,0.07,0.6642
V2,0.4,0.08,0.6642
V2,0.4,0.09,0.6642
V2,0.4,0.1,0.6642
V2,0.4,0.11,0.6642
V2,0.4,0.12,0.6642
V2,0.4,0.13,0.6642
V2,0.4,0.14,0.6642
V2,0.4,0.15,0.6642
V2,0.4,0.16,0.6642
V2,0.4,0.17,0.6642
V2,0.4,0.18,0.6642
V2,0.4,0.19,0.6642
V2,0.4,0.2,0.6642
V2,0.4,0.21,0.6642
V2,0.4,0.22,0.6642
V2,0.4,0.23,0.6642
V2,0.4,0.24,0.6642
V2,0.4,0.25,0.6642
V2,0.4,0.26,0.6642
V2,0.4,0.27,0.6642
V2,0.4,0.28,0.6642
V2,0.4,0.29,0.6642
V2,0.4,0.3,0.6642
V2,0.4,0.31,0.6642
V2,0.4,0.32,0.6642
V2,0.4,0.33,0.6642
V2,0.4,0.34,0.6642
V2,0.4,0.35,0.6642
V2,0.4,0.36,0.6642
V2,0.4,0.37,0.6642
V2,0.4,0.38,0.6642
V2,0.4,0.39,0.6642
V2,0.4,0.4,0.6642
V2,0.4,0.41,0.6642
V2,0.4,0.42,0.6642
V2,0.4,0.43,0.6642
V2,0.4,0.44,0.6642
V2,0.4,0.45,0.6642
V2,0.4,0.46,0.6642
V2,0.4,0.47,0.6642
V2,0.4,0.48,0.6642
V2,0.4,0.49,0.6642
V2,0.4,0.5,0.6642
V2,0.4,0.51,0.6642
V2,0.4,0.52,0.6642
V2,0.4,0.53,0.8184
V2,0.4,0.54,0.8275
V2,0.4,0.55,0.834
V2,0.4,0.56,0.8353
V2,0.4,0.57,0.8344
V2,0.4,0.58,0.832
V2,0.4,0.59,0.829
V2,0.4,0.6,0.8313
V2,0.4,0.61,0.8299
V2,0.4,0.62,0.8347
V2,0.4,0.63,0.8402
V2,0.4,0.64,0.8435
V2,0.4,0.65,0.8447
V2,0.4,0.66,0.8455
V2,0.4,0.67,0.8438
V2,0.4,0.68,0.842
V2,0.4,0.69,0.8419
V2,0.4,0.7,0.8428
V2,0.4,0.71,0.8435
V2,0.4,0.72,0.8428
V2,0.4,0.73,0.8421
V2,0.4,0.74,0.8409
V2,0.4,0.75,0.8392
V2,0.4,0.76,0.8376
V2,0.4,0.77,0.8379
V2,0.4,0.78,0.8402
V2,0.4,0.79,0.8407
V2,0.4,0.8,0.8416
V2,0.4,0.81,0.8384
V2,0.4,0.82,0.8343
V2,0.4,0.83,0.8326
V2,0.4,0.84,0.8275
V2,0.4,0.85,0.8248
V2,0.4,0.86,0.819
V2,0.4,0.87,0.8159
V2,0.4,0.88,0.8122
V2,0.4,0.89,0.8079
V2,0.4,0.9,0.8027
V2,0.4,0.91,0.7853
V2,0.4,0.92,0.7062
V2,0.4,0.93,0.0
V2,0.4,0.94,0.0
V2,0.4,0.95,0.0
V2,0.45,0.05,0.6642
V2,0.45,0.06,0.6642
V2,0.45,0.07,0.6642
V2,0.45,0.08,0.6642
V2,0.45,0.09,0.6642
V2,0.45,0.1,0.6642
V2,0.45,0.11,0.6642
V2,0.45,0.12,0.6642
V2,0.45,0.13,0.6642
V2,0.45,0.14,0.6642
V2,0.45,0.15,0.6642
V2,0.45,0.16,0.6642
V2,0.45,0.17,0.6642
V2,0.45,0.18,0.6642
V2,0.45,0.19,0.6642
V2,0.45,0.2,0.6642
V2,0.45,0.21,0.6642
V2,0.45,0.22,0.6642
V2,0.45,0.23,0.6642
V2,0.45,0.24,0.6642
V2,0.45,0.25,0.6642
V2,0.45,0.26,0.6642
V2,0.45,0.27,0.6642
V2,0.45,0.28,0.6642
V2,0.45,0.29,0.6642
V2,0.45,0.3,0.6642
V2,0.45,0.31,0.6642
V2,0.45,0.32,0.6642
V2,0.45,0.33,0.6642
V2,0.45,0.34,0.6642
V2,0.45,0.35,0.6642
V2,0.45,0.36,0.6642
V2,0.45,0.37,0.6642
V2,0.45,0.38,0.6642
V2,0.45,0.39,0.6642
V2,0.45,0.4,0.6642
V2,0.45,0.41,0.6642
V2,0.45,0.42,0.6642
V2,0.45,0.43,0.6642
V2,0.45,0.44,0.6642
V2,0.45,0.45,0.6642
V2,0.45,0.46,0.6642
V2,0.45,0.47,0.6642
V2,0.45,0.48,0.7693
V2,0.45,0.49,0.8259
V2,0.45,0.5,0.8278
V2,0.45,0.51,0.8336
V2,0.45,0.52,0.8346
V2,0.45,0.53,0.835
V2,0.45,0.54,0.833
V2,0.45,0.55,0.8325
V2,0.45,0.56,0.829
V2,0.45,0.57,0.8301
V2,0.45,0.58,0.8302
V2,0.45,0.59,0.8352
V2,0.45,0.6,0.8402
V2,0.45,0.61,0.8436
V2,0.45,0.62,0.8443
V2,0.45,0.63,0.8446
V2,0.45,0.64,0.8439
V2,0.45,0.65,0.8426
V2,0.45,0.66,0.8415
V2,0.45,0.67,0.8424
V2,0.45,0.68,0.8428
V2,0.45,0.69,0.8435
V2,0.45,0.7,0.8428
V2,0.45,0.71,0.8417
V2,0.45,0.72,0.8409
V2,0.45,0.73,0.8399
V2,0.45,0.74,0.8382
V2,0.45,0.75,0.8381
V2,0.45,0.76,0.8374
V2,0.45,0.77,0.8402
V2,0.45,0.78,0.8407
V2,0.45,0.79,0.8416
V2,0.45,0.8,0.8389
V2,0.45,0.81,0.8353
V2,0.45,0.82,0.8337
V2,0.45,0.83,0.8306
V2,0.45,0.84,0.8249
V2,0.45,0.85,0.8237
V2,0.45,0.86,0.819
V2,0.45,0.87,0.8159
V2,0.45,0.88,0.8132
V2,0.45,0.89,0.8079
V2,0.45,0.9,0.8085
V2,0.45,0.91,0.7975
V2,0.45,0.92,0.778
V2,0.45,0.93,0.0
V2,0.45,0.94,0.0
V2,0.45,0.95,0.0
V2,0.5,0.05,0.6642
V2,0.5,0.06,0.6642
V2,0.5,0.07,0.6642
V2,0.5,0.08,0.6642
V2,0.5,0.09,0.6642
V2,0.5,0.1,0.6642
V2,0.5,0.11,0.6642
V2,0.5,0.12,0.6642
V2,0.5,0.13,0.6642
V2,0.5,0.14,0.6642
V2,0.5,0.15,0.6642
V2,0.5,0.16,0.6642
V2,0.5,0.17,0.6642
V2,0.5,0.18,0.6642
V2,0.5,0.19,0.6642
V2,0.5,0.2,0.6642
V2,0.5,0.21,0.6642
V2,0.5,0.22,0.6642
V2,0.5,0.23,0.6642
V2,0.5,0.24,0.6642
V2,0.5,0.25,0.6642
V2,0.5,0.26,0.6642
V2,0.5,0.27,0.6642
V2,0.5,0.28,0.6642
V2,0.5,0.29,0.6642
V2,0.5,0.3,0.6642
V2,0.5,0.31,0.6642
V2,0.5,0.32,0.6642
V2,0.5,0.33,0.6642
V2,0.5,0.34,0.6642
V2,0.5,0.35,0.6642
V2,0.5,0.36,0.6642
V2,0.5,0.37,0.6642
V2,0.5,0.38,0.6642
V2,0.5,0.39,0.6642
V2,0.5,0.4,0.6642
V2,0.5,0.41,0.6642
V2,0.5,0.42,0.6642
V2,0.5,0.43,0.6642
V2,0.5,0.44,0.7966
V2,0.5,0.45,0.8251
V2,0.5,0.46,0.828
V2,0.5,0.47,0.8336
V2,0.5,0.48,0.8343
V2,0.5,0.49,0.834
V2,0.5,0.5,0.834
V2,0.5,0.51,0.8315
V2,0.5,0.52,0.829
V2,0.5,0.53,0.83
V2,0.5,0.54,0.83
V2,0.5,0.55,0.8306
V2,0.5,0.56,0.8356
V2,0.5,0.57,0.8402
V2,0.5,0.58,0.8441
V2,0.5,0.59,0.8443
V2,0.5,0.6,0.8447
V2,0.5,0.61,0.8455
V2,0.5,0.62,0.8438
V2,0.5,0.63,0.8426
V2,0.5,0.64,0.8415
V2,0.5,0.65,0.8424
V2,0.5,0.66,0.8432
V2,0.5,0.67,0.8435
V2,0.5,0.68,0.8428
V2,0.5,0.69,0.8417
V2,0.5,0.7,0.843
V2,0.5,0.71,0.8409
V2,0.5,0.72,0.8392
V2,0.5,0.73,0.8387
V2,0.5,0.74,0.8375
V2,0.5,0.75,0.8379
V2,0.5,0.76,0.8402
V2,0.5,0.77,0.8407
V2,0.5,0.78,0.8416
V2,0.5,0.79,0.8389
V2,0.5,0.8,0.8358
V2,0.5,0.81,0.8343
V2,0.5,0.82,0.8326
V2,0.5,0.83,0.829
V2,0.5,0.84,0.8238
V2,0.5,0.85,0.8222
V2,0.5,0.86,0.819
V2,0.5,0.87,0.8159
V2,0.5,0.88,0.8137
V2,0.5,0.89,0.8074
V2,0.5,0.9,0.809
V2,0.5,0.91,0.8017
V2,0.5,0.92,0.7859
V2,0.5,0.93,0.7546
V2,0.5,0.94,0.0
V2,0.5,0.95,0.0
V2,0.55,0.05,0.6642
V2,0.55,0.06,0.6642
V2,0.55,0.07,0.6642
V2,0.55,0.08,0.6642
V2,0.55,0.09,0.6642
V2,0.55,0.1,0.6642
V2,0.55,0.11,0.6642
V2,0.55,0.12,0.6642
V2,0.55,0.13,0.6642
V2,0.55,0.14,0.6642
V2,0.55,0.15,0.6642
V2,0.55,0.16,0.6642
V2,0.55,0.17,0.6642
V2,0.55,0.18,0.6642
V2,0.55,0.19,0.6642
V2,0.55,0.2,0.6642
V2,0.55,0.21,0.6642
V2,0.55,0.22,0.6642
V2,0.55,0.23,0.6642
V2,0.55,0.24,0.6642
V2,0.55,0.25,0.6642
V2,0.55,0.26,0.6642
V2,0.55,0.27,0.6642
V2,0.55,0.28,0.6642
V2,0.55,0.29,0.6642
V2,0.55,0.3,0.6642
V2,0.55,0.31,0.6642
V2,0.55,0.32,0.6642
V2,0.55,0.33,0.6642
V2,0.55,0.34,0.6642
V2,0.55,0.35,0.6642
V2,0.55,0.36,0.6642
V2,0.55,0.37,0.6642
V2,0.55,0.38,0.6642
V2,0.55,0.39,0.6642
V2,0.55,0.4,0.8104
V2,0.55,0.41,0.826
V2,0.55,0.42,0.8296
V2,0.55,0.43,0.8336
V2,0.55,0.44,0.8339
V2,0.55,0.45,0.8348
V2,0.55,0.46,0.8348
V2,0.55,0.47,0.8313
V2,0.55,0.48,0.8319
V2,0.55,0.49,0.8291
V2,0.55,0.5,0.8313
V2,0.55,0.51,0.8299
V2,0.55,0.52,0.8318
V2,0.55,0.53,0.8356
V2,0.55,0.54,0.8402
V2,0.55,0.55,0.8437
V2,0.55,0.56,0.8439
V2,0.55,0.57,0.8447
V2,0.55,0.58,0.8455
V2,0.55,0.59,0.8439
V2,0.55,0.6,0.8426
V2,0.55,0.61,0.842
V2,0.55,0.62,0.8419
V2,0.55,0.63,0.8423
V2,0.55,0.64,0.8437
V2,0.55,0.65,0.8441
V2,0.55,0.66,0.8429
V2,0.55,0.67,0.8407
V2,0.55,0.68,0.843
V2,0.55,0.69,0.8409
V2,0.55,0.7,0.8388
V2,0.55,0.71,0.8382
V2,0.55,0.72,0.8376
V2,0.55,0.73,0.8385
V2,0.55,0.74,0.8379
V2,0.55,0.75,0.8402
V2,0.55,0.76,0.8407
V2,0.55,0.77,0.8421
V2,0.55,0.78,0.8395
V2,0.55,0.79,0.8368
V2,0.55,0.8,0.8348
V2,0.55,0.81,0.8337
V2,0.55,0.82,0.8306
V2,0.55,0.83,0.8275
V2,0.55,0.84,0.8233
V2,0.55,0.85,0.8211
V2,0.55,0.86,0.8185
V2,0.55,0.87,0.8159
V2,0.55,0.88,0.8143
V2,0.55,0.89,0.8101
V2,0.55,0.9,0.8085
V2,0.55,0.91,0.8048
V2,0.55,0.92,0.797
V2,0.55,0.93,0.7796
V2,0.55,0.94,0.6667
V2,0.55,0.95,0.0
V2,0.6,0.05,0.6642
V2,0.6,0.06,0.6642
V2,0.6,0.07,0.6642
V2,0.6,0.08,0.6642
V2,0.6,0.09,0.6642
V2,0.6,0.1,0.6642
V2,0.6,0.11,0.6642
V2,0.6,0.12,0.6642
V2,0.6,0.13,0.6642
V2,0.6,0.14,0.6642
V2,0.6,0.15,0.6642
V2,0.6,0.16,0.6642
V2,0.6,0.17,0.6642
V2,0.6,0.18,0.6642
V2,0.6,0.19,0.6642
V2,0.6,0.2,0.6642
V2,0.6,0.21,0.6642
V2,0.6,0.22,0.6642
V2,0.6,0.23,0.6642
V2,0.6,0.24,0.6642
V2,0.6,0.25,0.6642
V2,0.6,0.26,0.6642
V2,0.6,0.27,0.6642
V2,0.6,0.28,0.6642
V2,0.6,0.29,0.6642
V2,0.6,0.3,0.6642
V2,0.6,0.31,0.6642
V2,0.6,0.32,0.6642
V2,0.6,0.33,0.6642
V2,0.6,0.34,0.6642
V2,0.6,0.35,0.7636
V2,0.6,0.36,0.815
V2,0.6,0.37,0.8271
V2,0.6,0.38,0.8311
V2,0.6,0.39,0.8336
V2,0.6,0.4,0.8328
V2,0.6,0.41,0.8343
V2,0.6,0.42,0.834
V2,0.6,0.43,0.8331
V2,0.6,0.44,0.8318
V2,0.6,0.45,0.829
V2,0.6,0.46,0.8292
V2,0.6,0.47,0.8312
V2,0.6,0.48,0.8299
V2,0.6,0.49,0.8323
V2,0.6,0.5,0.8351
V2,0.6,0.51,0.8402
V2,0.6,0.52,0.8432
V2,0.6,0.53,0.843
V2,0.6,0.54,0.8447
V2,0.6,0.55,0.8446
V2,0.6,0.56,0.8444
V2,0.6,0.57,0.8438
V2,0.6,0.58,0.8426
V2,0.6,0.59,0.841
V2,0.6,0.6,0.8419
V2,0.6,0.61,0.8428
V2,0.6,0.62,0.8441
V2,0.6,0.63,0.8441
V2,0.6,0.64,0.8434
V2,0.6,0.65,0.8418
V2,0.6,0.66,0.8421
V2,0.6,0.67,0.8415
V2,0.6,0.68,0.8404
V2,0.6,0.69,0.8392
V2,0.6,0.7,0.8387
V2,0.6,0.71,0.8381
V2,0.6,0.72,0.8379
V2,0.6,0.73,0.8393
V2,0.6,0.74,0.8397
V2,0.6,0.75,0.8407
V2,0.6,0.76,0.8421
V2,0.6,0.77,0.8395
V2,0.6,0.78,0.8384
V2,0.6,0.79,0.8353
V2,0.6,0.8,0.8342
V2,0.6,0.81,0.8326
V2,0.6,0.82,0.8306
V2,0.6,0.83,0.8249
V2,0.6,0.84,0.8248
V2,0.6,0.85,0.8206
V2,0.6,0.86,0.818
V2,0.6,0.87,0.8159
V2,0.6,0.88,0.8143
V2,0.6,0.89,0.8111
V2,0.6,0.9,0.809
V2,0.6,0.91,0.8101
V2,0.6,0.92,0.8006
V2,0.6,0.93,0.7859
V2,0.6,0.94,0.7696
V2,0.6,0.95,0.0
V2,0.65,0.05,0.6642
V2,0.65,0.06,0.6642
V2,0.65,0.07,0.6642
V2,0.65,0.08,0.6642
V2,0.65,0.09,0.6642
V2,0.65,0.1,0.6642
V2,0.65,0.11,0.6642
V2,0.65,0.12,0.6642
V2,0.65,0.13,0.6642
V2,0.65,0.14,0.6642
V2,0.65,0.15,0.6642
V2,0.65,0.16,0.6642
V2,0.65,0.17,0.6642
V2,0.65,0.18,0.6642
V2,0.65,0.19,0.6642
V2,0.65,0.2,0.6642
V2,0.65,0.21,0.6642
V2,0.65,0.22,0.6642
V2,0.65,0.23,0.6642
V2,0.65,0.24,0.6642
V2,0.65,0.25,0.6642
V2,0.65,0.26,0.6642
V2,0.65,0.27,0.6642
V2,0.65,0.28,0.6642
V2,0.65,0.29,0.6642
V2,0.65,0.3,0.6642
V2,0.65,0.31,0.7911
V2,0.65,0.32,0.8197
V2,0.65,0.33,0.827
V2,0.65,0.34,0.8311
V2,0.65,0.35,0.8341
V2,0.65,0.36,0.8325
V2,0.65,0.37,0.8347
V2,0.65,0.38,0.8358
V2,0.65,0.39,0.834
V2,0.65,0.4,0.832
V2,0.65,0.41,0.8319
V2,0.65,0.42,0.8287
V2,0.65,0.43,0.83
V2,0.65,0.44,0.8306
V2,0.65,0.45,0.8308
V2,0.65,0.46,0.8323
V2,0.65,0.47,0.8351
V2,0.65,0.48,0.8402
V2,0.65,0.49,0.8428
V2,0.65,0.5,0.843
V2,0.65,0.51,0.8443
V2,0.65,0.52,0.8442
V2,0.65,0.53,0.8455
V2,0.65,0.54,0.8439
V2,0.65,0.55,0.8436
V2,0.65,0.56,0.8431
V2,0.65,0.57,0.8415
V2,0.65,0.58,0.8419
V2,0.65,0.59,0.8428
V2,0.65,0.6,0.8441
V2,0.65,0.61,0.8441
V2,0.65,0.62,0.8439
V2,0.65,0.63,0.8423
V2,0.65,0.64,0.8421
V2,0.65,0.65,0.843
V2,0.65,0.66,0.8409
V2,0.65,0.67,0.8388
V2,0.65,0.68,0.8382
V2,0.65,0.69,0.8382
V2,0.65,0.7,0.8375
V2,0.65,0.71,0.8379
V2,0.65,0.72,0.8398
V2,0.65,0.73,0.8397
V2,0.65,0.74,0.8407
V2,0.65,0.75,0.8421
V2,0.65,0.76,0.8405
V2,0.65,0.77,0.8389
V2,0.65,0.78,0.8358
V2,0.65,0.79,0.8343
V2,0.65,0.8,0.8337
V2,0.65,0.81,0.8306
V2,0.65,0.82,0.829
V2,0.65,0.83,0.8243
V2,0.65,0.84,0.8237
V2,0.65,0.85,0.8206
V2,0.65,0.86,0.818
V2,0.65,0.87,0.8159
V2,0.65,0.88,0.8143
V2,0.65,0.89,0.8111
V2,0.65,0.9,0.8079
V2,0.65,0.91,0.809
V2,0.65,0.92,0.8027
V2,0.65,0.93,0.7964
V2,0.65,0.94,0.7795
V2,0.65,0.95,0.7417
V2,0.7,0.05,0.6642
V2,0.7,0.06,0.6642
V2,0.7,0.07,0.6642
V2,0.7,0.08,0.6642
V2,0.7,0.09,0.6642
V2,0.7,0.1,0.6642
V2,0.7,0.11,0.6642
V2,0.7,0.12,0.6642
V2,0.7,0.13,0.6642
V2,0.7,0.14,0.6642
V2,0.7,0.15,0.6642
V2,0.7,0.16,0.6642
V2,0.7,0.17,0.6642
V2,0.7,0.18,0.6642
V2,0.7,0.19,0.6642
V2,0.7,0.2,0.6642
V2,0.7,0.21,0.6642
V2,0.7,0.22,0.6642
V2,0.7,0.23,0.6642
V2,0.7,0.24,0.6642
V2,0.7,0.25,0.6642
V2,0.7,0.26,0.6642
V2,0.7,0.27,0.8043
V2,0.7,0.28,0.8258
V2,0.7,0.29,0.8261
V2,0.7,0.3,0.8315
V2,0.7,0.31,0.8341
V2,0.7,0.32,0.8314
V2,0.7,0.33,0.8348
V2,0.7,0.34,0.8334
V2,0.7,0.35,0.8342
V2,0.7,0.36,0.8318
V2,0.7,0.37,0.8326
V2,0.7,0.38,0.829
V2,0.7,0.39,0.8294
V2,0.7,0.4,0.8313
V2,0.7,0.41,0.83
V2,0.7,0.42,0.8302
V2,0.7,0.43,0.8326
V2,0.7,0.44,0.8351
V2,0.7,0.45,0.8402
V2,0.7,0.46,0.8428
V2,0.7,0.47,0.843
V2,0.7,0.48,0.8443
V2,0.7,0.49,0.8447
V2,0.7,0.5,0.8455
V2,0.7,0.51,0.8444
V2,0.7,0.52,0.8438
V2,0.7,0.53,0.8426
V2,0.7,0.54,0.842
V2,0.7,0.55,0.8419
V2,0.7,0.56,0.8424
V2,0.7,0.57,0.8428
V2,0.7,0.58,0.8441
V2,0.7,0.59,0.8441
V2,0.7,0.6,0.8444
V2,0.7,0.61,0.8428
V2,0.7,0.62,0.8417
V2,0.7,0.63,0.843
V2,0.7,0.64,0.8409
V2,0.7,0.65,0.8404
V2,0.7,0.66,0.8392
V2,0.7,0.67,0.8382
V2,0.7,0.68,0.8376
V2,0.7,0.69,0.838
V2,0.7,0.7,0.8374
V2,0.7,0.71,0.8403
V2,0.7,0.72,0.8397
V2,0.7,0.73,0.8407
V2,0.7,0.74,0.8421
V2,0.7,0.75,0.841
V2,0.7,0.76,0.8384
V2,0.7,0.77,0.8368
V2,0.7,0.78,0.8348
V2,0.7,0.79,0.8337
V2,0.7,0.8,0.8326
V2,0.7,0.81,0.8306
V2,0.7,0.82,0.8275
V2,0.7,0.83,0.8238
V2,0.7,0.84,0.8237
V2,0.7,0.85,0.8206
V2,0.7,0.86,0.818
V2,0.7,0.87,0.8159
V2,0.7,0.88,0.8148
V2,0.7,0.89,0.8111
V2,0.7,0.9,0.8069
V2,0.7,0.91,0.8085
V2,0.7,0.92,0.8048
V2,0.7,0.93,0.7985
V2,0.7,0.94,0.7853
V2,0.7,0.95,0.7759
V2,0.75,0.05,0.6642
V2,0.75,0.06,0.6642
V2,0.75,0.07,0.6642
V2,0.75,0.08,0.6642
V2,0.75,0.09,0.6642
V2,0.75,0.1,0.6642
V2,0.75,0.11,0.6642
V2,0.75,0.12,0.6642
V2,0.75,0.13,0.6642
V2,0.75,0.14,0.6642
V2,0.75,0.15,0.6642
V2,0.75,0.16,0.6642
V2,0.75,0.17,0.6642
V2,0.75,0.18,0.6642
V2,0.75,0.19,0.6642
V2,0.75,0.2,0.6642
V2,0.75,0.21,0.6642
V2,0.75,0.22,0.7607
V2,0.75,0.23,0.8099
V2,0.75,0.24,0.8245
V2,0.75,0.25,0.8265
V2,0.75,0.26,0.8318
V2,0.75,0.27,0.8341
V2,0.75,0.28,0.8319
V2,0.75,0.29,0.8353
V2,0.75,0.3,0.834
V2,0.75,0.31,0.8344
V2,0.75,0.32,0.8336
V2,0.75,0.33,0.8315
V2,0.75,0.34,0.8319
V2,0.75,0.35,0.8297
V2,0.75,0.36,0.8296
V2,0.75,0.37,0.8312
V2,0.75,0.38,0.8299
V2,0.75,0.39,0.8302
V2,0.75,0.4,0.833
V2,0.75,0.41,0.8355
V2,0.75,0.42,0.8402
V2,0.75,0.43,0.8424
V2,0.75,0.44,0.8435
V2,0.75,0.45,0.8443
V2,0.75,0.46,0.8447
V2,0.75,0.47,0.8441
V2,0.75,0.48,0.8455
V2,0.75,0.49,0.8439
V2,0.75,0.5,0.8436
V2,0.75,0.51,0.8426
V2,0.75,0.52,0.841
V2,0.75,0.53,0.8419
V2,0.75,0.54,0.8424
V2,0.75,0.55,0.8428
V2,0.75,0.56,0.8441
V2,0.75,0.57,0.8441
V2,0.75,0.58,0.8444
V2,0.75,0.59,0.8428
V2,0.75,0.6,0.8417
V2,0.75,0.61,0.8421
V2,0.75,0.62,0.8415
V2,0.75,0.63,0.8409
V2,0.75,0.64,0.8388
V2,0.75,0.65,0.8387
V2,0.75,0.66,0.8387
V2,0.75,0.67,0.8381
V2,0.75,0.68,0.8385
V2,0.75,0.69,0.8379
V2,0.75,0.7,0.8403
V2,0.75,0.71,0.8397
V2,0.75,0.72,0.8407
V2,0.75,0.73,0.8416
V2,0.75,0.74,0.8416
V2,0.75,0.75,0.839
V2,0.75,0.76,0.8374
V2,0.75,0.77,0.8353
V2,0.75,0.78,0.8343
V2,0.75,0.79,0.8337
V2,0.75,0.8,0.8311
V2,0.75,0.81,0.829
V2,0.75,0.82,0.8254
V2,0.75,0.83,0.8238
V2,0.75,0.84,0.8227
V2,0.75,0.85,0.8201
V2,0.75,0.86,0.818
V2,0.75,0.87,0.8159
V2,0.75,0.88,0.8148
V2,0.75,0.89,0.8122
V2,0.75,0.9,0.809
V2,0.75,0.91,0.8085
V2,0.75,0.92,0.8095
V2,0.75,0.93,0.8017
V2,0.75,0.94,0.7954
V2,0.75,0.95,0.7838
V2,0.8,0.05,0.6642
V2,0.8,0.06,0.6642
V2,0.8,0.07,0.6642
V2,0.8,0.08,0.6642
V2,0.8,0.09,0.6642
V2,0.8,0.1,0.6642
V2,0.8,0.11,0.6642
V2,0.8,0.12,0.6642
V2,0.8,0.13,0.6642
V2,0.8,0.14,0.6642
V2,0.8,0.15,0.6642
V2,0.8,0.16,0.6642
V2,0.8,0.17,0.6642
V2,0.8,0.18,0.7855
V2,0.8,0.19,0.8132
V2,0.8,0.2,0.8265
V2,0.8,0.21,0.827
V2,0.8,0.22,0.8326
V2,0.8,0.23,0.8341
V2,0.8,0.24,0.8319
V2,0.8,0.25,0.8349
V2,0.8,0.26,0.8338
V2,0.8,0.27,0.835
V2,0.8,0.28,0.8335
V2,0.8,0.29,0.8317
V2,0.8,0.3,0.8326
V2,0.8,0.31,0.8286
V2,0.8,0.32,0.829
V2,0.8,0.33,0.8304
V2,0.8,0.34,0.8306
V2,0.8,0.35,0.8299
V2,0.8,0.36,0.8306
V2,0.8,0.37,0.8339
V2,0.8,0.38,0.835
V2,0.8,0.39,0.8402
V2,0.8,0.4,0.8419
V2,0.8,0.41,0.8436
V2,0.8,0.42,0.8439
V2,0.8,0.43,0.8447
V2,0.8,0.44,0.8442
V2,0.8,0.45,0.8455
V2,0.8,0.46,0.8444
V2,0.8,0.47,0.8438
V2,0.8,0.48,0.8426
V2,0.8,0.49,0.8431
V2,0.8,0.5,0.8415
V2,0.8,0.51,0.8419
V2,0.8,0.52,0.8418
V2,0.8,0.53,0.8428
V2,0.8,0.54,0.8441
V2,0.8,0.55,0.8441
V2,0.8,0.56,0.8439
V2,0.8,0.57,0.8428
V2,0.8,0.58,0.8407
V2,0.8,0.59,0.8426
V2,0.8,0.6,0.843
V2,0.8,0.61,0.8409
V2,0.8,0.62,0.8404
V2,0.8,0.63,0.8392
V2,0.8,0.64,0.8382
V2,0.8,0.65,0.8386
V2,0.8,0.66,0.838
V2,0.8,0.67,0.8379
V2,0.8,0.68,0.8379
V2,0.8,0.69,0.8402
V2,0.8,0.7,0.8397
V2,0.8,0.71,0.8407
V2,0.8,0.72,0.8416
V2,0.8,0.73,0.8416
V2,0.8,0.74,0.8395
V2,0.8,0.75,0.8384
V2,0.8,0.76,0.8358
V2,0.8,0.77,0.8348
V2,0.8,0.78,0.8337
V2,0.8,0.79,0.8326
V2,0.8,0.8,0.8306
V2,0.8,0.81,0.828
V2,0.8,0.82,0.8249
V2,0.8,0.83,0.8248
V2,0.8,0.84,0.8222
V2,0.8,0.85,0.8201
V2,0.8,0.86,0.818
V2,0.8,0.87,0.8159
V2,0.8,0.88,0.8158
V2,0.8,0.89,0.8132
V2,0.8,0.9,0.8101
V2,0.8,0.91,0.8085
V2,0.8,0.92,0.809
V2,0.8,0.93,0.8043
V2,0.8,0.94,0.798
V2,0.8,0.95,0.7853
V2,0.85,0.05,0.6642
V2,0.85,0.06,0.6642
V2,0.85,0.07,0.6642
V2,0.85,0.08,0.6642
V2,0.85,0.09,0.6642
V2,0.85,0.1,0.6642
V2,0.85,0.11,0.6642
V2,0.85,0.12,0.6642
V2,0.85,0.13,0.6642
V2,0.85,0.14,0.7966
V2,0.85,0.15,0.8185
V2,0.85,0.16,0.826
V2,0.85,0.17,0.8268
V2,0.85,0.18,0.833
V2,0.85,0.19,0.8341
V2,0.85,0.2,0.8315
V2,0.85,0.21,0.8346
V2,0.85,0.22,0.8343
V2,0.85,0.23,0.8358
V2,0.85,0.24,0.8337
V2,0.85,0.25,0.8324
V2,0.85,0.26,0.8323
V2,0.85,0.27,0.8319
V2,0.85,0.28,0.8297
V2,0.85,0.29,0.8292
V2,0.85,0.3,0.8313
V2,0.85,0.31,0.83
V2,0.85,0.32,0.8304
V2,0.85,0.33,0.8318
V2,0.85,0.34,0.8347
V2,0.85,0.35,0.835
V2,0.85,0.36,0.8402
V2,0.85,0.37,0.8415
V2,0.85,0.38,0.8436
V2,0.85,0.39,0.843
V2,0.85,0.4,0.8443
V2,0.85,0.41,0.8447
V2,0.85,0.42,0.845
V2,0.85,0.43,0.8449
V2,0.85,0.44,0.8439
V2,0.85,0.45,0.8442
V2,0.85,0.46,0.8426
V2,0.85,0.47,0.842
V2,0.85,0.48,0.8415
V2,0.85,0.49,0.8419
V2,0.85,0.5,0.8423
V2,0.85,0.51,0.8428
V2,0.85,0.52,0.8441
V2,0.85,0.53,0.8446
V2,0.85,0.54,0.8435
V2,0.85,0.55,0.8428
V2,0.85,0.56,0.8418
V2,0.85,0.57,0.8421
V2,0.85,0.58,0.843
V2,0.85,0.59,0.8409
V2,0.85,0.6,0.8404
V2,0.85,0.61,0.8388
V2,0.85,0.62,0.8387
V2,0.85,0.63,0.8387
V2,0.85,0.64,0.8376
V2,0.85,0.65,0.8375
V2,0.85,0.66,0.8379
V2,0.85,0.67,0.8379
V2,0.85,0.68,0.8402
V2,0.85,0.69,0.8397
V2,0.85,0.7,0.8407
V2,0.85,0.71,0.8421
V2,0.85,0.72,0.8416
V2,0.85,0.73,0.8395
V2,0.85,0.74,0.8389
V2,0.85,0.75,0.8363
V2,0.85,0.76,0.8353
V2,0.85,0.77,0.8342
V2,0.85,0.78,0.8332
V2,0.85,0.79,0.8311
V2,0.85,0.8,0.83
V2,0.85,0.81,0.8269
V2,0.85,0.82,0.8238
V2,0.85,0.83,0.8243
V2,0.85,0.84,0.8211
V2,0.85,0.85,0.819
V2,0.85,0.86,0.8174
V2,0.85,0.87,0.8159
V2,0.85,0.88,0.8163
V2,0.85,0.89,0.8132
V2,0.85,0.9,0.8111
V2,0.85,0.91,0.8079
V2,0.85,0.92,0.8095
V2,0.85,0.93,0.8064
V2,0.85,0.94,0.8011
V2,0.85,0.95,0.7954
V2,0.9,0.05,0.6642
V2,0.9,0.06,0.6642
V2,0.9,0.07,0.6642
V2,0.9,0.08,0.6642
V2,0.9,0.09,0.7585
V2,0.9,0.1,0.8047
V2,0.9,0.11,0.8225
V2,0.9,0.12,0.8267
V2,0.9,0.13,0.8279
V2,0.9,0.14,0.833
V2,0.9,0.15,0.8341
V2,0.9,0.16,0.8315
V2,0.9,0.17,0.8342
V2,0.9,0.18,0.8344
V2,0.9,0.19,0.8334
V2,0.9,0.2,0.8348
V2,0.9,0.21,0.8336
V2,0.9,0.22,0.832
V2,0.9,0.23,0.8325
V2,0.9,0.24,0.8286
V2,0.9,0.25,0.8286
V2,0.9,0.26,0.83
V2,0.9,0.27,0.8312
V2,0.9,0.28,0.8295
V2,0.9,0.29,0.8312
V2,0.9,0.3,0.8318
V2,0.9,0.31,0.8347
V2,0.9,0.32,0.8354
V2,0.9,0.33,0.8402
V2,0.9,0.34,0.8415
V2,0.9,0.35,0.8441
V2,0.9,0.36,0.843
V2,0.9,0.37,0.8443
V2,0.9,0.38,0.8447
V2,0.9,0.39,0.8441
V2,0.9,0.4,0.8455
V2,0.9,0.41,0.8439
V2,0.9,0.42,0.8438
V2,0.9,0.43,0.8426
V2,0.9,0.44,0.8426
V2,0.9,0.45,0.8415
V2,0.9,0.46,0.8419
V2,0.9,0.47,0.8424
V2,0.9,0.48,0.8428
V2,0.9,0.49,0.8428
V2,0.9,0.5,0.8441
V2,0.9,0.51,0.8446
V2,0.9,0.52,0.8435
V2,0.9,0.53,0.8428
V2,0.9,0.54,0.8418
V2,0.9,0.55,0.8417
V2,0.9,0.56,0.843
V2,0.9,0.57,0.8415
V2,0.9,0.58,0.8409
V2,0.9,0.59,0.8399
V2,0.9,0.6,0.8392
V2,0.9,0.61,0.8382
V2,0.9,0.62,0.8387
V2,0.9,0.63,0.8381
V2,0.9,0.64,0.838
V2,0.9,0.65,0.8374
V2,0.9,0.66,0.8393
V2,0.9,0.67,0.8402
V2,0.9,0.68,0.8397
V2,0.9,0.69,0.8407
V2,0.9,0.7,0.8421
V2,0.9,0.71,0.8416
V2,0.9,0.72,0.8395
V2,0.9,0.73,0.8389
V2,0.9,0.74,0.8368
V2,0.9,0.75,0.8353
V2,0.9,0.76,0.8343
V2,0.9,0.77,0.8337
V2,0.9,0.78,0.8326
V2,0.9,0.79,0.8306
V2,0.9,0.8,0.829
V2,0.9,0.81,0.8259
V2,0.9,0.82,0.8233
V2,0.9,0.83,0.8237
V2,0.9,0.84,0.8211
V2,0.9,0.85,0.819
V2,0.9,0.86,0.8174
V2,0.9,0.87,0.8159
V2,0.9,0.88,0.8158
V2,0.9,0.89,0.8137
V2,0.9,0.9,0.8111
V2,0.9,0.91,0.8069
V2,0.9,0.92,0.8085
V2,0.9,0.93,0.8095
V2,0.9,0.94,0.8027
V2,0.9,0.95,0.7975
V2,0.95,0.05,0.7794
V2,0.95,0.06,0.8102
V2,0.95,0.07,0.8258
V2,0.95,0.08,0.8273
V2,0.95,0.09,0.8278
V2,0.95,0.1,0.8333
V2,0.95,0.11,0.8341
V2,0.95,0.12,0.8315
V2,0.95,0.13,0.8343
V2,0.95,0.14,0.8347
V2,0.95,0.15,0.834
V2,0.95,0.16,0.8344
V2,0.95,0.17,0.8335
V2,0.95,0.18,0.8313
V2,0.95,0.19,0.8318
V2,0.95,0.2,0.8319
V2,0.95,0.21,0.8293
V2,0.95,0.22,0.8302
V2,0.95,0.23,0.8309
V2,0.95,0.24,0.8306
V2,0.95,0.25,0.8299
V2,0.95,0.26,0.8302
V2,0.95,0.27,0.8323
V2,0.95,0.28,0.8352
V2,0.95,0.29,0.8363
V2,0.95,0.3,0.8402
V2,0.95,0.31,0.8415
V2,0.95,0.32,0.8441
V2,0.95,0.33,0.843
V2,0.95,0.34,0.8443
V2,0.95,0.35,0.8447
V2,0.95,0.36,0.8442
V2,0.95,0.37,0.8455
V2,0.95,0.38,0.8444
V2,0.95,0.39,0.8434
V2,0.95,0.4,0.8437
V2,0.95,0.41,0.8426
V2,0.95,0.42,0.8431
V2,0.95,0.43,0.8415
V2,0.95,0.44,0.8419
V2,0.95,0.45,0.8424
V2,0.95,0.46,0.8428
V2,0.95,0.47,0.8428
V2,0.95,0.48,0.8441
V2,0.95,0.49,0.8446
V2,0.95,0.5,0.8435
V2,0.95,0.51,0.8423
V2,0.95,0.52,0.8423
V2,0.95,0.53,0.8417
V2,0.95,0.54,0.8421
V2,0.95,0.55,0.8425
V2,0.95,0.56,0.8409
V2,0.95,0.57,0.8404
V2,0.95,0.58,0.8393
V2,0.95,0.59,0.8387
V2,0.95,0.6,0.8387
V2,0.95,0.61,0.8376
V2,0.95,0.62,0.8376
V2,0.95,0.63,0.8379
V2,0.95,0.64,0.8374
V2,0.95,0.65,0.8398
V2,0.95,0.66,0.8402
V2,0.95,0.67,0.8392
V2,0.95,0.68,0.8407
V2,0.95,0.69,0.8416
V2,0.95,0.7,0.8421
V2,0.95,0.71,0.8405
V2,0.95,0.72,0.8389
V2,0.95,0.73,0.8379
V2,0.95,0.74,0.8358
V2,0.95,0.75,0.8348
V2,0.95,0.76,0.8342
V2,0.95,0.77,0.8332
V2,0.95,0.78,0.8311
V2,0.95,0.79,0.8306
V2,0.95,0.8,0.8275
V2,0.95,0.81,0.8249
V2,0.95,0.82,0.8238
V2,0.95,0.83,0.8237
V2,0.95,0.84,0.8206
V2,0.95,0.85,0.819
V2,0.95,0.86,0.8169
V2,0.95,0.87,0.8159
V2,0.95,0.88,0.8158
V2,0.95,0.89,0.8137
V2,0.95,0.9,0.8111
V2,0.95,0.91,0.8069
V2,0.95,0.92,0.8085
V2,0.95,0.93,0.809
V2,0.95,0.94,0.8048
V2,0.95,0.95,0.8006
V2,1.0,0.05,0.8278
V2,1.0,0.06,0.8323
V2,1.0,0.07,0.8341
V2,1.0,0.08,0.8307
V2,1.0,0.09,0.8339
V2,1.0,0.1,0.8348
V2,1.0,0.11,0.8346
V2,1.0,0.12,0.835
V2,1.0,0.13,0.8337
V2,1.0,0.14,0.8324
V2,1.0,0.15,0.8315
V2,1.0,0.16,0.8325
V2,1.0,0.17,0.8286
V2,1.0,0.18,0.8291
V2,1.0,0.19,0.8296
V2,1.0,0.2,0.8313
V2,1.0,0.21,0.8306
V2,1.0,0.22,0.8299
V2,1.0,0.23,0.8302
V2,1.0,0.24,0.8323
V2,1.0,0.25,0.8352
V2,1.0,0.26,0.8367
V2,1.0,0.27,0.8402
V2,1.0,0.28,0.8411
V2,1.0,0.29,0.8437
V2,1.0,0.3,0.843
V2,1.0,0.31,0.8443
V2,1.0,0.32,0.8447
V2,1.0,0.33,0.8447
V2,1.0,0.34,0.8446
V2,1.0,0.35,0.8455
V2,1.0,0.36,0.8439
V2,1.0,0.37,0.8438
V2,1.0,0.38,0.8431
V2,1.0,0.39,0.8426
V2,1.0,0.4,0.842
V2,1.0,0.41,0.8415
V2,1.0,0.42,0.8419
V2,1.0,0.43,0.8424
V2,1.0,0.44,0.8428
V2,1.0,0.45,0.8428
V2,1.0,0.46,0.8441
V2,1.0,0.47,0.8446
V2,1.0,0.48,0.8435
V2,1.0,0.49,0.8423
V2,1.0,0.5,0.8428
V2,1.0,0.51,0.8417
V2,1.0,0.52,0.8426
V2,1.0,0.53,0.843
V2,1.0,0.54,0.8409
V2,1.0,0.55,0.8409
V2,1.0,0.56,0.8399
V2,1.0,0.57,0.8392
V2,1.0,0.58,0.8382
V2,1.0,0.59,0.8387
V2,1.0,0.6,0.8376
V2,1.0,0.61,0.8375
V2,1.0,0.62,0.8379
V2,1.0,0.63,0.8379
V2,1.0,0.64,0.8398
V2,1.0,0.65,0.8402
V2,1.0,0.66,0.8392
V2,1.0,0.67,0.8407
V2,1.0,0.68,0.8416
V2,1.0,0.69,0.8421
V2,1.0,0.7,0.8405
V2,1.0,0.71,0.839
V2,1.0,0.72,0.8384
V2,1.0,0.73,0.8358
V2,1.0,0.74,0.8353
V2,1.0,0.75,0.8343
V2,1.0,0.76,0.8337
V2,1.0,0.77,0.8326
V2,1.0,0.78,0.8306
V2,1.0,0.79,0.8295
V2,1.0,0.8,0.8269
V2,1.0,0.81,0.8238
V2,1.0,0.82,0.8248
V2,1.0,0.83,0.8227
V2,1.0,0.84,0.8206
V2,1.0,0.85,0.819
V2,1.0,0.86,0.8169
V2,1.0,0.87,0.8159
V2,1.0,0.88,0.8158
V2,1.0,0.89,0.8137
V2,1.0,0.9,0.8111
V2,1.0,0.91,0.809
V2,1.0,0.92,0.8085
V2,1.0,0.93,0.8095
V2,1.0,0.94,0.8074
V2,1.0,0.95,0.8017
V3,0.0,0.05,0.5636
V3,0.0,0.06,0.5636
V3,0.0,0.07,0.6274
V3,0.0,0.08,0.6642
V3,0.0,0.09,0.6642
V3,0.0,0.1,0.6642
V3,0.0,0.11,0.6642
V3,0.0,0.12,0.6642
V3,0.0,0.13,0.6642
V3,0.0,0.14,0.6642
V3,0.0,0.15,0.6642
V3,0.0,0.16,0.6642
V3,0.0,0.17,0.6642
V3,0.0,0.18,0.6642
V3,0.0,0.19,0.6642
V3,0.0,0.2,0.6642
V3,0.0,0.21,0.6642
V3,0.0,0.22,0.6642
V3,0.0,0.23,0.6642
V3,0.0,0.24,0.6642
V3,0.0,0.25,0.6642
V3,0.0,0.26,0.6642
V3,0.0,0.27,0.6642
V3,0.0,0.28,0.6642
V3,0.0,0.29,0.6642
V3,0.0,0.3,0.6642
V3,0.0,0.31,0.6642
V3,0.0,0.32,0.6642
V3,0.0,0.33,0.6642
V3,0.0,0.34,0.6642
V3,0.0,0.35,0.6642
V3,0.0,0.36,0.6642
V3,0.0,0.37,0.6642
V3,0.0,0.38,0.6642
V3,0.0,0.39,0.6642
V3,0.0,0.4,0.6642
V3,0.0,0.41,0.6642
V3,0.0,0.42,0.6642
V3,0.0,0.43,0.6642
V3,0.0,0.44,0.6642
V3,0.0,0.45,0.6642
V3,0.0,0.46,0.6642
V3,0.0,0.47,0.6642
V3,0.0,0.48,0.6642
V3,0.0,0.49,0.6642
V3,0.0,0.5,0.6642
V3,0.0,0.51,0.6642
V3,0.0,0.52,0.6642
V3,0.0,0.53,0.6642
V3,0.0,0.54,0.6642
V3,0.0,0.55,0.6642
V3,0.0,0.56,0.6642
V3,0.0,0.57,0.6642
V3,0.0,0.58,0.6642
V3,0.0,0.59,0.6642
V3,0.0,0.6,0.6642
V3,0.0,0.61,0.6642
V3,0.0,0.62,0.6642
V3,0.0,0.63,0.6642
V3,0.0,0.64,0.6642
V3,0.0,0.65,0.6642
V3,0.0,0.66,0.6642
V3,0.0,0.67,0.6642
V3,0.0,0.68,0.6642
V3,0.0,0.69,0.6642
V3,0.0,0.7,0.6642
V3,0.0,0.71,0.6642
V3,0.0,0.72,0.6642
V3,0.0,0.73,0.6642
V3,0.0,0.74,0.6642
V3,0.0,0.75,0.6642
V3,0.0,0.76,0.6642
V3,0.0,0.77,0.6642
V3,0.0,0.78,0.6642
V3,0.0,0.79,0.6642
V3,0.0,0.8,0.6642
V3,0.0,0.81,0.6642
V3,0.0,0.82,0.6642
V3,0.0,0.83,0.6642
V3,0.0,0.84,0.6642
V3,0.0,0.85,0.6642
V3,0.0,0.86,0.6642
V3,0.0,0.87,0.0
V3,0.0,0.88,0.0
V3,0.0,0.89,0.0
V3,0.0,0.9,0.0
V3,0.0,0.91,0.0
V3,0.0,0.92,0.0
V3,0.0,0.93,0.0
V3,0.0,0.94,0.0
V3,0.0,0.95,0.0
V3,0.05,0.05,0.5636
V3,0.05,0.06,0.5636
V3,0.05,0.07,0.6174
V3,0.05,0.08,0.6584
V3,0.05,0.09,0.6611
V3,0.05,0.1,0.6634
V3,0.05,0.11,0.6642
V3,0.05,0.12,0.6642
V3,0.05,0.13,0.6642
V3,0.05,0.14,0.6642
V3,0.05,0.15,0.6642
V3,0.05,0.16,0.6642
V3,0.05,0.17,0.6642
V3,0.05,0.18,0.6642
V3,0.05,0.19,0.6642
V3,0.05,0.2,0.6642
V3,0.05,0.21,0.6642
V3,0.05,0.22,0.6642
V3,0.05,0.23,0.6642
V3,0.05,0.24,0.6642
V3,0.05,0.25,0.6642
V3,0.05,0.26,0.6642
V3,0.05,0.27,0.6642
V3,0.05,0.28,0.6642
V3,0.05,0.29,0.6642
V3,0.05,0.3,0.6642
V3,0.05,0.31,0.6642
V3,0.05,0.32,0.6642
V3,0.05,0.33,0.6642
V3,0.05,0.34,0.6642
V3,0.05,0.35,0.6642
V3,0.05,0.36,0.6642
V3,0.05,0.37,0.6642
V3,0.05,0.38,0.6642
V3,0.05,0.39,0.6642
V3,0.05,0.4,0.6642
V3,0.05,0.41,0.6642
V3,0.05,0.42,0.6642
V3,0.05,0.43,0.6642
V3,0.05,0.44,0.6642
V3,0.05,0.45,0.6642
V3,0.05,0.46,0.6642
V3,0.05,0.47,0.6642
V3,0.05,0.48,0.6642
V3,0.05,0.49,0.6642
V3,0.05,0.5,0.6642
V3,0.05,0.51,0.6642
V3,0.05,0.52,0.6642
V3,0.05,0.53,0.6642
V3,0.05,0.54,0.6642
V3,0.05,0.55,0.6642
V3,0.05,0.56,0.6642
V3,0.05,0.57,0.6642
V3,0.05,0.58,0.6642
V3,0.05,0.59,0.6642
V3,0.05,0.6,0.6642
V3,0.05,0.61,0.6642
V3,0.05,0.62,0.6642
V3,0.05,0.63,0.6642
V3,0.05,0.64,0.6642
V3,0.05,0.65,0.6642
V3,0.05,0.66,0.6642
V3,0.05,0.67,0.6642
V3,0.05,0.68,0.6642
V3,0.05,0.69,0.6642
V3,0.05,0.7,0.6642
V3,0.05,0.71,0.6642
V3,0.05,0.72,0.6642
V3,0.05,0.73,0.6642
V3,0.05,0.74,0.6642
V3,0.05,0.75,0.6642
V3,0.05,0.76,0.6642
V3,0.05,0.77,0.6642
V3,0.05,0.78,0.6642
V3,0.05,0.79,0.6642
V3,0.05,0.8,0.6642
V3,0.05,0.81,0.6642
V3,0.05,0.82,0.6642
V3,0.05,0.83,0.6989
V3,0.05,0.84,0.7334
V3,0.05,0.85,0.7611
V3,0.05,0.86,0.7581
V3,0.05,0.87,0.7227
V3,0.05,0.88,0.0
V3,0.05,0.89,0.0
V3,0.05,0.9,0.0
V3,0.05,0.91,0.0
V3,0.05,0.92,0.0
V3,0.05,0.93,0.0
V3,0.05,0.94,0.0
V3,0.05,0.95,0.0
V3,0.1,0.05,0.5614
V3,0.1,0.06,0.5636
V3,0.1,0.07,0.6528
V3,0.1,0.08,0.6565
V3,0.1,0.09,0.6584
V3,0.1,0.1,0.6596
V3,0.1,0.11,0.6607
V3,0.1,0.12,0.6623
V3,0.1,0.13,0.6631
V3,0.1,0.14,0.6638
V3,0.1,0.15,0.6642
V3,0.1,0.16,0.6642
V3,0.1,0.17,0.6642
V3,0.1,0.18,0.6642
V3,0.1,0.19,0.6642
V3,0.1,0.2,0.6642
V3,0.1,0.21,0.6642
V3,0.1,0.22,0.6642
V3,0.1,0.23,0.6642
V3,0.1,0.24,0.6642
V3,0.1,0.25,0.6642
V3,0.1,0.26,0.6642
V3,0.1,0.27,0.6642
V3,0.1,0.28,0.6642
V3,0.1,0.29,0.6642
V3,0.1,0.3,0.6642
V3,0.1,0.31,0.6642
V3,0.1,0.32,0.6642
V3,0.1,0.33,0.6642
V3,0.1,0.34,0.6642
V3,0.1,0.35,0.6642
V3,0.1,0.36,0.6642
V3,0.1,0.37,0.6642
V3,0.1,0.38,0.6642
V3,0.1,0.39,0.6642
V3,0.1,0.4,0.6642
V3,0.1,0.41,0.6642
V3,0.1,0.42,0.6642
V3,0.1,0.43,0.6642
V3,0.1,0.44,0.6642
V3,0.1,0.45,0.6642
V3,0.1,0.46,0.6642
V3,0.1,0.47,0.6642
V3,0.1,0.48,0.6642
V3,0.1,0.49,0.6642
V3,0.1,0.5,0.6642
V3,0.1,0.51,0.6642
V3,0.1,0.52,0.6642
V3,0.1,0.53,0.6642
V3,0.1,0.54,0.6642
V3,0.1,0.55,0.6642
V3,0.1,0.56,0.6642
V3,0.1,0.57,0.6642
V3,0.1,0.58,0.6642
V3,0.1,0.59,0.6642
V3,0.1,0.6,0.6642
V3,0.1,0.61,0.6642
V3,0.1,0.62,0.6642
V3,0.1,0.63,0.6642
V3,0.1,0.64,0.6642
V3,0.1,0.65,0.6642
V3,0.1,0.66,0.6642
V3,0.1,0.67,0.6642
V3,0.1,0.68,0.6642
V3,0.1,0.69,0.6642
V3,0.1,0.7,0.6642
V3,0.1,0.71,0.6642
V3,0.1,0.72,0.6642
V3,0.1,0.73,0.6642
V3,0.1,0.74,0.6642
V3,0.1,0.75,0.6642
V3,0.1,0.76,0.6642
V3,0.1,0.77,0.6642
V3,0.1,0.78,0.6642
V3,0.1,0.79,0.6928
V3,0.1,0.8,0.7115
V3,0.1,0.81,0.7302
V3,0.1,0.82,0.7435
V3,0.1,0.83,0.7561
V3,0.1,0.84,0.7729
V3,0.1,0.85,0.7585
V3,0.1,0.86,0.7435
V3,0.1,0.87,0.725
V3,0.1,0.88,0.6681
V3,0.1,0.89,0.0
V3,0.1,0.9,0.0
V3,0.1,0.91,0.0
V3,0.1,0.92,0.0
V3,0.1,0.93,0.0
V3,0.1,0.94,0.0
V3,0.1,0.95,0.0
V3,0.15,0.05,0.5571
V3,0.15,0.06,0.608
V3,0.15,0.07,0.6524
V3,0.15,0.08,0.6558
V3,0.15,0.09,0.6573
V3,0.15,0.1,0.6584
V3,0.15,0.11,0.6584
V3,0.15,0.12,0.6596
V3,0.15,0.13,0.6607
V3,0.15,0.14,0.6615
V3,0.15,0.15,0.6623
V3,0.15,0.16,0.6631
V3,0.15,0.17,0.6638
V3,0.15,0.18,0.6638
V3,0.15,0.19,0.6642
V3,0.15,0.2,0.6642
V3,0.15,0.21,0.6642
V3,0.15,0.22,0.6642
V3,0.15,0.23,0.6642
V3,0.15,0.24,0.6642
V3,0.15,0.25,0.6642
V3,0.15,0.26,0.6642
V3,0.15,0.27,0.6642
V3,0.15,0.28,0.6642
V3,0.15,0.29,0.6642
V3,0.15,0.3,0.6642
V3,0.15,0.31,0.6642
V3,0.15,0.32,0.6642
V3,0.15,0.33,0.6642
V3,0.15,0.34,0.6642
V3,0.15,0.35,0.6642
V3,0.15,0.36,0.6642
V3,0.15,0.37,0.6642
V3,0.15,0.38,0.6642
V3,0.15,0.39,0.6642
V3,0.15,0.4,0.6642
V3,0.15,0.41,0.6642
V3,0.15,0.42,0.6642
V3,0.15,0.43,0.6642
V3,0.15,0.44,0.6642
V3,0.15,0.45,0.6642
V3,0.15,0.46,0.6642
V3,0.15,0.47,0.6642
V3,0.15,0.48,0.6642
V3,0.15,0.49,0.6642
V3,0.15,0.5,0.6642
V3,0.15,0.51,0.6642
V3,0.15,0.52,0.6642
V3,0.15,0.53,0.6642
V3,0.15,0.54,0.6642
V3,0.15,0.55,0.6642
V3,0.15,0.56,0.6642
V3,0.15,0.57,0.6642
V3,0.15,0.58,0.6642
V3,0.15,0.59,0.6642
V3,0.15,0.6,0.6642
V3,0.15,0.61,0.6642
V3,0.15,0.62,0.6642
V3,0.15,0.63,0.6642
V3,0.15,0.64,0.6642
V3,0.15,0.65,0.6642
V3,0.15,0.66,0.6642
V3,0.15,0.67,0.6642
V3,0.15,0.68,0.6642
V3,0.15,0.69,0.6642
V3,0.15,0.7,0.6642
V3,0.15,0.71,0.6642
V3,0.15,0.72,0.6642
V3,0.15,0.73,0.6642
V3,0.15,0.74,0.6701
V3,0.15,0.75,0.69
V3,0.15,0.76,0.7059
V3,0.15,0.77,0.7127
V3,0.15,0.78,0.731
V3,0.15,0.79,0.7363
V3,0.15,0.8,0.7439
V3,0.15,0.81,0.7531
V3,0.15,0.82,0.7748
V3,0.15,0.83,0.7649
V3,0.15,0.84,0.7617
V3,0.15,0.85,0.7509
V3,0.15,0.86,0.7433
V3,0.15,0.87,0.7283
V3,0.15,0.88,0.7053
V3,0.15,0.89,0.0
V3,0.15,0.9,0.0
V3,0.15,0.91,0.0
V3,0.15,0.92,0.0
V3,0.15,0.93,0.0
V3,0.15,0.94,0.0
V3,0.15,0.95,0.0
V3,0.2,0.05,0.5521
V3,0.2,0.06,0.611
V3,0.2,0.07,0.652
V3,0.2,0.08,0.6543
V3,0.2,0.09,0.6565
V3,0.2,0.1,0.6573
V3,0.2,0.11,0.6584
V3,0.2,0.12,0.6584
V3,0.2,0.13,0.6592
V3,0.2,0.14,0.6604
V3,0.2,0.15,0.6607
V3,0.2,0.16,0.6615
V3,0.2,0.17,0.6623
V3,0.2,0.18,0.6623
V3,0.2,0.19,0.6631
V3,0.2,0.2,0.6634
V3,0.2,0.21,0.6638
V3,0.2,0.22,0.6642
V3,0.2,0.23,0.6642
V3,0.2,0.24,0.6642
V3,0.2,0.25,0.6642
V3,0.2,0.26,0.6642
V3,0.2,0.27,0.6642
V3,0.2,0.28,0.6642
V3,0.2,0.29,0.6642
V3,0.2,0.3,0.6642
V3,0.2,0.31,0.6642
V3,0.2,0.32,0.6642
V3,0.2,0.33,0.6642
V3,0.2,0.34,0.6642
V3,0.2,0.35,0.6642
V3,0.2,0.36,0.6642
V3,0.2,0.37,0.6642
V3,0.2,0.38,0.6642
V3,0.2,0.39,0.6642
V3,0.2,0.4,0.6642
V3,0.2,0.41,0.6642
V3,0.2,0.42,0.6642
V3,0.2,0.43,0.6642
V3,0.2,0.44,0.6642
V3,0.2,0.45,0.6642
V3,0.2,0.46,0.6642
V3,0.2,0.47,0.6642
V3,0.2,0.48,0.6642
V3,0.2,0.49,0.6642
V3,0.2,0.5,0.6642
V3,0.2,0.51,0.6642
V3,0.2,0.52,0.6642
V3,0.2,0.53,0.6642
V3,0.2,0.54,0.6642
V3,0.2,0.55,0.6642
V3,0.2,0.56,0.6642
V3,0.2,0.57,0.6642
V3,0.2,0.58,0.6642
V3,0.2,0.59,0.6642
V3,0.2,0.6,0.6642
V3,0.2,0.61,0.6642
V3,0.2,0.62,0.6642
V3,0.2,0.63,0.6642
V3,0.2,0.64,0.6642
V3,0.2,0.65,0.6642
V3,0.2,0.66,0.6642
V3,0.2,0.67,0.6642
V3,0.2,0.68,0.6642
V3,0.2,0.69,0.6642
V3,0.2,0.7,0.6756
V3,0.2,0.71,0.6888
V3,0.2,0.72,0.7002
V3,0.2,0.73,0.7111
V3,0.2,0.74,0.7147
V3,0.2,0.75,0.7298
V3,0.2,0.76,0.7336
V3,0.2,0.77,0.7424
V3,0.2,0.78,0.7459
V3,0.2,0.79,0.7538
V3,0.2,0.8,0.7675
V3,0.2,0.81,0.7729
V3,0.2,0.82,0.7597
V3,0.2,0.83,0.7601
V3,0.2,0.84,0.753
V3,0.2,0.85,0.747
V3,0.2,0.86,0.7351
V3,0.2,0.87,0.7283
V3,0.2,0.88,0.7129
V3,0.2,0.89,0.6803
V3,0.2,0.9,0.0
V3,0.2,0.91,0.0
V3,0.2,0.92,0.0
V3,0.2,0.93,0.0
V3,0.2,0.94,0.0
V3,0.2,0.95,0.0
V3,0.25,0.05,0.5484
V3,0.25,0.06,0.6461
V3,0.25,0.07,0.6516
V3,0.25,0.08,0.6539
V3,0.25,0.09,0.6562
V3,0.25,0.1,0.6569
V3,0.25,0.11,0.6573
V3,0.25,0.12,0.6584
V3,0.25,0.13,0.6584
V3,0.25,0.14,0.6584
V3,0.25,0.15,0.6596
V3,0.25,0.16,0.6607
V3,0.25,0.17,0.6607
V3,0.25,0.18,0.6615
V3,0.25,0.19,0.6615
V3,0.25,0.2,0.6623
V3,0.25,0.21,0.6623
V3,0.25,0.22,0.6631
V3,0.25,0.23,0.6634
V3,0.25,0.24,0.6638
V3,0.25,0.25,0.6638
V3,0.25,0.26,0.6642
V3,0.25,0.27,0.6642
V3,0.25,0.28,0.6642
V3,0.25,0.29,0.6642
V3,0.25,0.3,0.6642
V3,0.25,0.31,0.6642
V3,0.25,0.32,0.6642
V3,0.25,0.33,0.6642
V3,0.25,0.34,0.6642
V3,0.25,0.35,0.6642
V3,0.25,0.36,0.6642
V3,0.25,0.37,0.6642
V3,0.25,0.38,0.6642
V3,0.25,0.39,0.6642
V3,0.25,0.4,0.6642
V3,0.25,0.41,0.6642
V3,0.25,0.42,0.6642
V3,0.25,0.43,0.6642
V3,0.25,0.44,0.6642
V3,0.25,0.45,0.6642
V3,0.25,0.46,0.6642
V3,0.25,0.47,0.6642
V3,0.25,0.48,0.6642
V3,0.25,0.49,0.6642
V3,0.25,0.5,0.6642
V3,0.25,0.51,0.6642
V3,0.25,0.52,0.6642
V3,0.25,0.53,0.6642
V3,0.25,0.54,0.6642
V3,0.25,0.55,0.6642
V3,0.25,0.56,0.6642
V3,0.25,0.57,0.6642
V3,0.25,0.58,0.6642
V3,0.25,0.59,0.6642
V3,0.25,0.6,0.6642
V3,0.25,0.61,0.6642
V3,0.25,0.62,0.6642
V3,0.25,0.63,0.6642
V3,0.25,0.64,0.6642
V3,0.25,0.65,0.6642
V3,0.25,0.66,0.6776
V3,0.25,0.67,0.6879
V3,0.25,0.68,0.6987
V3,0.25,0.69,0.7057
V3,0.25,0.7,0.7113
V3,0.25,0.71,0.7164
V3,0.25,0.72,0.7291
V3,0.25,0.73,0.7331
V3,0.25,0.74,0.7365
V3,0.25,0.75,0.7432
V3,0.25,0.76,0.7457
V3,0.25,0.77,0.7531
V3,0.25,0.78,0.7628
V3,0.25,0.79,0.7733
V3,0.25,0.8,0.7715
V3,0.25,0.81,0.7567
V3,0.25,0.82,0.7585
V3,0.25,0.83,0.7549
V3,0.25,0.84,0.7515
V3,0.25,0.85,0.7419
V3,0.25,0.86,0.7349
V3,0.25,0.87,0.7274
V3,0.25,0.88,0.719
V3,0.25,0.89,0.6966
V3,0.25,0.9,0.6111
V3,0.25,0.91,0.0
V3,0.25,0.92,0.0
V3,0.25,0.93,0.0
V3,0.25,0.94,0.0
V3,0.25,0.95,0.0
V3,0.3,0.05,0.5865
V3,0.3,0.06,0.6453
V3,0.3,0.07,0.6516
V3,0.3,0.08,0.6531
V3,0.3,0.09,0.6558
V3,0.3,0.1,0.6565
V3,0.3,0.11,0.6573
V3,0.3,0.12,0.6573
V3,0.3,0.13,0.6584
V3,0.3,0.14,0.6584
V3,0.3,0.15,0.6584
V3,0.3,0.16,0.6592
V3,0.3,0.17,0.6596
V3,0.3,0.18,0.6607
V3,0.3,0.19,0.6607
V3,0.3,0.2,0.6615
V3,0.3,0.21,0.6615
V3,0.3,0.22,0.6623
V3,0.3,0.23,0.6623
V3,0.3,0.24,0.6627
V3,0.3,0.25,0.6631
V3,0.3,0.26,0.6634
V3,0.3,0.27,0.6638
V3,0.3,0.28,0.6638
V3,0.3,0.29,0.6638
V3,0.3,0.3,0.6642
V3,0.3,0.31,0.6642
V3,0.3,0.32,0.6642
V3,0.3,0.33,0.6642
V3,0.3,0.34,0.6642
V3,0.3,0.35,0.6642
V3,0.3,0.36,0.6642
V3,0.3,0.37,0.6642
V3,0.3,0.38,0.6642
V3,0.3,0.39,0.6642
V3,0.3,0.4,0.6642
V3,0.3,0.41,0.6642
V3,0.3,0.42,0.6642
V3,0.3,0.43,0.6642
V3,0.3,0.44,0.6642
V3,0.3,0.45,0.6642
V3,0.3,0.46,0.6642
V3,0.3,0.47,0.6642
V3,0.3,0.48,0.6642
V3,0.3,0.49,0.6642
V3,0.3,0.5,0.6642
V3,0.3,0.51,0.6642
V3,0.3,0.52,0.6642
V3,0.3,0.53,0.6642
V3,0.3,0.54,0.6642
V3,0.3,0.55,0.6642
V3,0.3,0.56,0.6642
V3,0.3,0.57,0.6642
V3,0.3,0.58,0.6642
V3,0.3,0.59,0.6642
V3,0.3,0.6,0.6642
V3,0.3,0.61,0.6663
V3,0.3,0.62,0.678
V3,0.3,0.63,0.6877
V3,0.3,0.64,0.6981
V3,0.3,0.65,0.7037
V3,0.3,0.66,0.7102
V3,0.3,0.67,0.7108
V3,0.3,0.68,0.7186
V3,0.3,0.69,0.7283
V3,0.3,0.7,0.7309
V3,0.3,0.71,0.7356
V3,0.3,0.72,0.7426
V3,0.3,0.73,0.7449
V3,0.3,0.74,0.7463
V3,0.3,0.75,0.7513
V3,0.3,0.76,0.7595
V3,0.3,0.77,0.7741
V3,0.3,0.78,0.7722
V3,0.3,0.79,0.7643
V3,0.3,0.8,0.7525
V3,0.3,0.81,0.7585
V3,0.3,0.82,0.7554
V3,0.3,0.83,0.7503
V3,0.3,0.84,0.7492
V3,0.3,0.85,0.7444
V3,0.3,0.86,0.7338
V3,0.3,0.87,0.7274
V3,0.3,0.88,0.7224
V3,0.3,0.89,0.7077
V3,0.3,0.9,0.6839
V3,0.3,0.91,0.0
V3,0.3,0.92,0.0
V3,0.3,0.93,0.0
V3,0.3,0.94,0.0
V3,0.3,0.95,0.0
V3,0.35,0.05,0.5892
V3,0.35,0.06,0.6437
V3,0.35,0.07,0.6505
V3,0.35,0.08,0.6531
V3,0.35,0.09,0.6547
V3,0.35,0.1,0.6565
V3,0.35,0.11,0.6565
V3,0.35,0.12,0.6573
V3,0.35,0.13,0.6577
V3,0.35,0.14,0.6584
V3,0.35,0.15,0.6584
V3,0.35,0.16,0.6584
V3,0.35,0.17,0.6588
V3,0.35,0.18,0.6596
V3,0.35,0.19,0.6596
V3,0.35,0.2,0.6607
V3,0.35,0.21,0.6607
V3,0.35,0.22,0.6611
V3,0.35,0.23,0.6615
V3,0.35,0.24,0.6619
V3,0.35,0.25,0.6623
V3,0.35,0.26,0.6623
V3,0.35,0.27,0.6631
V3,0.35,0.28,0.6631
V3,0.35,0.29,0.6634
V3,0.35,0.3,0.6634
V3,0.35,0.31,0.6638
V3,0.35,0.32,0.6638
V3,0.35,0.33,0.6638
V3,0.35,0.34,0.6642
V3,0.35,0.35,0.6642
V3,0.35,0.36,0.6642
V3,0.35,0.37,0.6642
V3,0.35,0.38,0.6642
V3,0.35,0.39,0.6642
V3,0.35,0.4,0.6642
V3,0.35,0.41,0.6642
V3,0.35,0.42,0.6642
V3,0.35,0.43,0.6642
V3,0.35,0.44,0.6642
V3,0.35,0.45,0.6642
V3,0.35,0.46,0.6642
V3,0.35,0.47,0.6642
V3,0.35,0.48,0.6642
V3,0.35,0.49,0.6642
V3,0.35,0.5,0.6642
V3,0.35,0.51,0.6642
V3,0.35,0.52,0.6642
V3,0.35,0.53,0.6642
V3,0.35,0.54,0.6642
V3,0.35,0.55,0.6642
V3,0.35,0.56,0.6642
V3,0.35,0.57,0.6693
V3,0.35,0.58,0.6788
V3,0.35,0.59,0.6875
V3,0.35,0.6,0.6957
V3,0.35,0.61,0.7007
V3,0.35,0.62,0.706
V3,0.35,0.63,0.7114
V3,0.35,0.64,0.713
V3,0.35,0.65,0.7193
V3,0.35,0.66,0.7283
V3,0.35,0.67,0.7293
V3,0.35,0.68,0.7341
V3,0.35,0.69,0.7373
V3,0.35,0.7,0.7432
V3,0.35,0.71,0.7453
V3,0.35,0.72,0.7467
V3,0.35,0.73,0.7501
V3,0.35,0.74,0.7601
V3,0.35,0.75,0.7678
V3,0.35,0.76,0.7739
V3,0.35,0.77,0.7733
V3,0.35,0.78,0.7629
V3,0.35,0.79,0.7548
V3,0.35,0.8,0.7585
V3,0.35,0.81,0.7581
V3,0.35,0.82,0.7508
V3,0.35,0.83,0.7504
V3,0.35,0.84,0.7424
V3,0.35,0.85,0.7409
V3,0.35,0.86,0.7345
V3,0.35,0.87,0.7274
V3,0.35,0.88,0.7216
V3,0.35,0.89,0.7117
V3,0.35,0.9,0.6952
V3,0.35,0.91,0.6598
V3,0.35,0.92,0.0
V3,0.35,0.93,0.0
V3,0.35,0.94,0.0
V3,0.35,0.95,0.0
V3,0.4,0.05,0.6229
V3,0.4,0.06,0.6415
V3,0.4,0.07,0.6494
V3,0.4,0.08,0.6531
V3,0.4,0.09,0.6543
V3,0.4,0.1,0.6562
V3,0.4,0.11,0.6565
V3,0.4,0.12,0.6569
V3,0.4,0.13,0.6573
V3,0.4,0.14,0.6577
V3,0.4,0.15,0.6584
V3,0.4,0.16,0.6584
V3,0.4,0.17,0.6584
V3,0.4,0.18,0.6584
V3,0.4,0.19,0.6592
V3,0.4,0.2,0.6596
V3,0.4,0.21,0.66
V3,0.4,0.22,0.6607
V3,0.4,0.23,0.6607
V3,0.4,0.24,0.6611
V3,0.4,0.25,0.6615
V3,0.4,0.26,0.6615
V3,0.4,0.27,0.6623
V3,0.4,0.28,0.6623
V3,0.4,0.29,0.6623
V3,0.4,0.3,0.6631
V3,0.4,0.31,0.6631
V3,0.4,0.32,0.6634
V3,0.4,0.33,0.6634
V3,0.4,0.34,0.6638
V3,0.4,0.35,0.6638
V3,0.4,0.36,0.6638
V3,0.4,0.37,0.6642
V3,0.4,0.38,0.6642
V3,0.4,0.39,0.6642
V3,0.4,0.4,0.6642
V3,0.4,0.41,0.6642
V3,0.4,0.42,0.6642
V3,0.4,0.43,0.6642
V3,0.4,0.44,0.6642
V3,0.4,0.45,0.6642
V3,0.4,0.46,0.6642
V3,0.4,0.47,0.6642
V3,0.4,0.48,0.6642
V3,0.4,0.49,0.6642
V3,0.4,0.5,0.6642
V3,0.4,0.51,0.6642
V3,0.4,0.52,0.6642
V3,0.4,0.53,0.6716
V3,0.4,0.54,0.6797
V3,0.4,0.55,0.6875
V3,0.4,0.56,0.6945
V3,0.4,0.57,0.6989
V3,0.4,0.58,0.7048
V3,0.4,0.59,0.7084
V3,0.4,0.6,0.7113
V3,0.4,0.61,0.7153
V3,0.4,0.62,0.7204
V3,0.4,0.63,0.7281
V3,0.4,0.64,0.731
V3,0.4,0.65,0.7332
V3,0.4,0.66,0.7363
V3,0.4,0.67,0.7421
V3,0.4,0.68,0.7438
V3,0.4,0.69,0.745
V3,0.4,0.7,0.748
V3,0.4,0.71,0.7512
V3,0.4,0.72,0.7582
V3,0.4,0.73,0.7649
V3,0.4,0.74,0.7737
V3,0.4,0.75,0.7733
V3,0.4,0.76,0.7722
V3,0.4,0.77,0.7619
V3,0.4,0.78,0.7556
V3,0.4,0.79,0.7577
V3,0.4,0.8,0.7584
V3,0.4,0.81,0.7533
V3,0.4,0.82,0.7509
V3,0.4,0.83,0.7492
V3,0.4,0.84,0.7419
V3,0.4,0.85,0.7386
V3,0.4,0.86,0.7334
V3,0.4,0.87,0.7274
V3,0.4,0.88,0.7244
V3,0.4,0.89,0.714
V3,0.4,0.9,0.704
V3,0.4,0.91,0.6851
V3,0.4,0.92,0.5478
V3,0.4,0.93,0.0
V3,0.4,0.94,0.0
V3,0.4,0.95,0.0
V3,0.45,0.05,0.6231
V3,0.45,0.06,0.6392
V3,0.45,0.07,0.6489
V3,0.45,0.08,0.6528
V3,0.45,0.09,0.6543
V3,0.45,0.1,0.6554
V3,0.45,0.11,0.6565
V3,0.45,0.12,0.6565
V3,0.45,0.13,0.6573
V3,0.45,0.14,0.6573
V3,0.45,0.15,0.6577
V3,0.45,0.16,0.6584
V3,0.45,0.17,0.6584
V3,0.45,0.18,0.6584
V3,0.45,0.19,0.6584
V3,0.45,0.2,0.6588
V3,0.45,0.21,0.6596
V3,0.45,0.22,0.6596
V3,0.45,0.23,0.6604
V3,0.45,0.24,0.6607
V3,0.45,0.25,0.6607
V3,0.45,0.26,0.6607
V3,0.45,0.27,0.6615
V3,0.45,0.28,0.6615
V3,0.45,0.29,0.6619
V3,0.45,0.3,0.6623
V3,0.45,0.31,0.6623
V3,0.45,0.32,0.6623
V3,0.45,0.33,0.6631
V3,0.45,0.34,0.6631
V3,0.45,0.35,0.6631
V3,0.45,0.36,0.6634
V3,0.45,0.37,0.6638
V3,0.45,0.38,0.6638
V3,0.45,0.39,0.6638
V3,0.45,0.4,0.6638
V3,0.45,0.41,0.6642
V3,0.45,0.42,0.6642
V3,0.45,0.43,0.6642
V3,0.45,0.44,0.6642
V3,0.45,0.45,0.6642
V3,0.45,0.46,0.6642
V3,0.45,0.47,0.6642
V3,0.45,0.48,0.6652
V3,0.45,0.49,0.6742
V3,0.45,0.5,0.6803
V3,0.45,0.51,0.6879
V3,0.45,0.52,0.693
V3,0.45,0.53,0.6987
V3,0.45,0.54,0.7031
V3,0.45,0.55,0.7063
V3,0.45,0.56,0.71
V3,0.45,0.57,0.7115
V3,0.45,0.58,0.7141
V3,0.45,0.59,0.7209
V3,0.45,0.6,0.7281
V3,0.45,0.61,0.7309
V3,0.45,0.62,0.7326
V3,0.45,0.63,0.7343
V3,0.45,0.64,0.7373
V3,0.45,0.65,0.7432
V3,0.45,0.66,0.7451
V3,0.45,0.67,0.7454
V3,0.45,0.68,0.7483
V3,0.45,0.69,0.7512
V3,0.45,0.7,0.7543
V3,0.45,0.71,0.7623
V3,0.45,0.72,0.7737
V3,0.45,0.73,0.7745
V3,0.45,0.74,0.7733
V3,0.45,0.75,0.7675
V3,0.45,0.76,0.7586
V3,0.45,0.77,0.756
V3,0.45,0.78,0.7569
V3,0.45,0.79,0.7598
V3,0.45,0.8,0.7538
V3,0.45,0.81,0.7514
V3,0.45,0.82,0.7521
V3,0.45,0.83,0.7446
V3,0.45,0.84,0.7444
V3,0.45,0.85,0.7351
V3,0.45,0.86,0.7289
V3,0.45,0.87,0.7274
V3,0.45,0.88,0.7244
V3,0.45,0.89,0.719
V3,0.45,0.9,0.71
V3,0.45,0.91,0.6952
V3,0.45,0.92,0.6741
V3,0.45,0.93,0.0
V3,0.45,0.94,0.0
V3,0.45,0.95,0.0
V3,0.5,0.05,0.6238
V3,0.5,0.06,0.6374
V3,0.5,0.07,0.6468
V3,0.5,0.08,0.6513
V3,0.5,0.09,0.6535
V3,0.5,0.1,0.655
V3,0.5,0.11,0.6562
V3,0.5,0.12,0.6565
V3,0.5,0.13,0.6569
V3,0.5,0.14,0.6573
V3,0.5,0.15,0.6573
V3,0.5,0.16,0.6577
V3,0.5,0.17,0.6584
V3,0.5,0.18,0.6584
V3,0.5,0.19,0.6584
V3,0.5,0.2,0.6584
V3,0.5,0.21,0.6584
V3,0.5,0.22,0.6592
V3,0.5,0.23,0.6596
V3,0.5,0.24,0.6596
V3,0.5,0.25,0.6607
V3,0.5,0.26,0.6607
V3,0.5,0.27,0.6607
V3,0.5,0.28,0.6607
V3,0.5,0.29,0.6615
V3,0.5,0.3,0.6615
V3,0.5,0.31,0.6615
V3,0.5,0.32,0.6623
V3,0.5,0.33,0.6623
V3,0.5,0.34,0.6623
V3,0.5,0.35,0.6623
V3,0.5,0.36,0.6631
V3,0.5,0.37,0.6631
V3,0.5,0.38,0.6631
V3,0.5,0.39,0.6634
V3,0.5,0.4,0.6634
V3,0.5,0.41,0.6638
V3,0.5,0.42,0.6638
V3,0.5,0.43,0.6638
V3,0.5,0.44,0.6662
V3,0.5,0.45,0.6756
V3,0.5,0.46,0.6805
V3,0.5,0.47,0.6879
V3,0.5,0.48,0.6923
V3,0.5,0.49,0.6989
V3,0.5,0.5,0.7004
V3,0.5,0.51,0.7044
V3,0.5,0.52,0.7079
V3,0.5,0.53,0.7118
V3,0.5,0.54,0.7109
V3,0.5,0.55,0.7159
V3,0.5,0.56,0.7209
V3,0.5,0.57,0.7276
V3,0.5,0.58,0.7302
V3,0.5,0.59,0.7321
V3,0.5,0.6,0.7339
V3,0.5,0.61,0.7363
V3,0.5,0.62,0.7416
V3,0.5,0.63,0.7432
V3,0.5,0.64,0.7428
V3,0.5,0.65,0.7457
V3,0.5,0.66,0.7462
V3,0.5,0.67,0.7517
V3,0.5,0.68,0.754
V3,0.5,0.69,0.7619
V3,0.5,0.7,0.7684
V3,0.5,0.71,0.773
V3,0.5,0.72,0.7719
V3,0.5,0.73,0.7715
V3,0.5,0.74,0.7647
V3,0.5,0.75,0.7579
V3,0.5,0.76,0.756
V3,0.5,0.77,0.7569
V3,0.5,0.78,0.7592
V3,0.5,0.79,0.7532
V3,0.5,0.8,0.7497
V3,0.5,0.81,0.7518
V3,0.5,0.82,0.7492
V3,0.5,0.83,0.7422
V3,0.5,0.84,0.7433
V3,0.5,0.85,0.736
V3,0.5,0.86,0.7298
V3,0.5,0.87,0.7274
V3,0.5,0.88,0.7235
V3,0.5,0.89,0.719
V3,0.5,0.9,0.7095
V3,0.5,0.91,0.7035
V3,0.5,0.92,0.6851
V3,0.5,0.93,0.6394
V3,0.5,0.94,0.0
V3,0.5,0.95,0.0
V3,0.55,0.05,0.6229
V3,0.55,0.06,0.635
V3,0.55,0.07,0.6461
V3,0.55,0.08,0.6509
V3,0.55,0.09,0.6531
V3,0.55,0.1,0.6543
V3,0.55,0.11,0.6558
V3,0.55,0.12,0.6565
V3,0.55,0.13,0.6565
V3,0.55,0.14,0.6573
V3,0.55,0.15,0.6573
V3,0.55,0.16,0.6573
V3,0.55,0.17,0.6577
V3,0.55,0.18,0.6584
V3,0.55,0.19,0.6584
V3,0.55,0.2,0.6584
V3,0.55,0.21,0.6584
V3,0.55,0.22,0.6584
V3,0.55,0.23,0.6588
V3,0.55,0.24,0.6596
V3,0.55,0.25,0.6596
V3,0.55,0.26,0.6596
V3,0.55,0.27,0.6607
V3,0.55,0.28,0.6607
V3,0.55,0.29,0.6607
V3,0.55,0.3,0.6607
V3,0.55,0.31,0.6615
V3,0.55,0.32,0.6615
V3,0.55,0.33,0.6615
V3,0.55,0.34,0.6619
V3,0.55,0.35,0.6623
V3,0.55,0.36,0.6623
V3,0.55,0.37,0.6623
V3,0.55,0.38,0.6623
V3,0.55,0.39,0.6631
V3,0.55,0.4,0.6675
V3,0.55,0.41,0.676
V3,0.55,0.42,0.6801
V3,0.55,0.43,0.6876
V3,0.55,0.44,0.6919
V3,0.55,0.45,0.6974
V3,0.55,0.46,0.6985
V3,0.55,0.47,0.7041
V3,0.55,0.48,0.7059
V3,0.55,0.49,0.71
V3,0.55,0.5,0.7118
V3,0.55,0.51,0.7132
V3,0.55,0.52,0.7157
V3,0.55,0.53,0.7214
V3,0.55,0.54,0.7276
V3,0.55,0.55,0.7302
V3,0.55,0.56,0.7302
V3,0.55,0.57,0.7331
V3,0.55,0.58,0.7374
V3,0.55,0.59,0.7386
V3,0.55,0.6,0.7435
V3,0.55,0.61,0.7438
V3,0.55,0.62,0.7453
V3,0.55,0.63,0.7462
V3,0.55,0.64,0.7454
V3,0.55,0.65,0.7517
V3,0.55,0.66,0.7533
V3,0.55,0.67,0.7581
V3,0.55,0.68,0.7669
V3,0.55,0.69,0.7748
V3,0.55,0.7,0.7738
V3,0.55,0.71,0.7744
V3,0.55,0.72,0.7722
V3,0.55,0.73,0.7629
V3,0.55,0.74,0.7572
V3,0.55,0.75,0.7557
V3,0.55,0.76,0.7569
V3,0.55,0.77,0.7584
V3,0.55,0.78,0.7554
V3,0.55,0.79,0.753
V3,0.55,0.8,0.7509
V3,0.55,0.81,0.7521
V3,0.55,0.82,0.7448
V3,0.55,0.83,0.7428
V3,0.55,0.84,0.7409
V3,0.55,0.85,0.7349
V3,0.55,0.86,0.7298
V3,0.55,0.87,0.7274
V3,0.55,0.88,0.7236
V3,0.55,0.89,0.7224
V3,0.55,0.9,0.7129
V3,0.55,0.91,0.7055
V3,0.55,0.92,0.6928
V3,0.55,0.93,0.6766
V3,0.55,0.94,0.4221
V3,0.55,0.95,0.0
V3,0.6,0.05,0.6227
V3,0.6,0.06,0.6338
V3,0.6,0.07,0.645
V3,0.6,0.08,0.6505
V3,0.6,0.09,0.652
V3,0.6,0.1,0.6543
V3,0.6,0.11,0.6554
V3,0.6,0.12,0.6562
V3,0.6,0.13,0.6565
V3,0.6,0.14,0.6565
V3,0.6,0.15,0.6573
V3,0.6,0.16,0.6573
V3,0.6,0.17,0.6573
V3,0.6,0.18,0.6581
V3,0.6,0.19,0.6584
V3,0.6,0.2,0.6584
V3,0.6,0.21,0.6584
V3,0.6,0.22,0.6584
V3,0.6,0.23,0.6584
V3,0.6,0.24,0.6584
V3,0.6,0.25,0.6592
V3,0.6,0.26,0.6596
V3,0.6,0.27,0.6596
V3,0.6,0.28,0.66
V3,0.6,0.29,0.6607
V3,0.6,0.3,0.6607
V3,0.6,0.31,0.6607
V3,0.6,0.32,0.6607
V3,0.6,0.33,0.6615
V3,0.6,0.34,0.6615
V3,0.6,0.35,0.6617
V3,0.6,0.36,0.6685
V3,0.6,0.37,0.6756
V3,0.6,0.38,0.679
V3,0.6,0.39,0.6863
V3,0.6,0.4,0.6898
V3,0.6,0.41,0.6943
V3,0.6,0.42,0.6976
V3,0.6,0.43,0.7015
V3,0.6,0.44,0.7039
V3,0.6,0.45,0.7066
V3,0.6,0.46,0.7105
V3,0.6,0.47,0.7116
V3,0.6,0.48,0.7143
V3,0.6,0.49,0.7171
V3,0.6,0.5,0.7216
V3,0.6,0.51,0.7271
V3,0.6,0.52,0.7297
V3,0.6,0.53,0.7293
V3,0.6,0.54,0.7324
V3,0.6,0.55,0.7341
V3,0.6,0.56,0.7363
V3,0.6,0.57,0.7416
V3,0.6,0.58,0.7443
V3,0.6,0.59,0.7443
V3,0.6,0.6,0.745
V3,0.6,0.61,0.7463
V3,0.6,0.62,0.7457
V3,0.6,0.63,0.7517
V3,0.6,0.64,0.7533
V3,0.6,0.65,0.7602
V3,0.6,0.66,0.7643
V3,0.6,0.67,0.7749
V3,0.6,0.68,0.7733
V3,0.6,0.69,0.7719
V3,0.6,0.7,0.7735
V3,0.6,0.71,0.7675
V3,0.6,0.72,0.7622
V3,0.6,0.73,0.7539
V3,0.6,0.74,0.7565
V3,0.6,0.75,0.7569
V3,0.6,0.76,0.7595
V3,0.6,0.77,0.7548
V3,0.6,0.78,0.7535
V3,0.6,0.79,0.7514
V3,0.6,0.8,0.7515
V3,0.6,0.81,0.7492
V3,0.6,0.82,0.7413
V3,0.6,0.83,0.7444
V3,0.6,0.84,0.7386
V3,0.6,0.85,0.7349
V3,0.6,0.86,0.7308
V3,0.6,0.87,0.7274
V3,0.6,0.88,0.7248
V3,0.6,0.89,0.7226
V3,0.6,0.9,0.713
V3,0.6,0.91,0.71
V3,0.6,0.92,0.6978
V3,0.6,0.93,0.6852
V3,0.6,0.94,0.6538
V3,0.6,0.95,0.0
V3,0.65,0.05,0.6226
V3,0.65,0.06,0.6313
V3,0.65,0.07,0.6439
V3,0.65,0.08,0.65
V3,0.65,0.09,0.6513
V3,0.65,0.1,0.6543
V3,0.65,0.11,0.655
V3,0.65,0.12,0.6562
V3,0.65,0.13,0.6565
V3,0.65,0.14,0.6565
V3,0.65,0.15,0.6569
V3,0.65,0.16,0.6573
V3,0.65,0.17,0.6573
V3,0.65,0.18,0.6573
V3,0.65,0.19,0.6581
V3,0.65,0.2,0.6584
V3,0.65,0.21,0.6584
V3,0.65,0.22,0.6584
V3,0.65,0.23,0.6584
V3,0.65,0.24,0.6584
V3,0.65,0.25,0.6584
V3,0.65,0.26,0.6588
V3,0.65,0.27,0.6596
V3,0.65,0.28,0.6596
V3,0.65,0.29,0.6596
V3,0.65,0.3,0.6604
V3,0.65,0.31,0.6627
V3,0.65,0.32,0.6681
V3,0.65,0.33,0.6742
V3,0.65,0.34,0.6776
V3,0.65,0.35,0.6851
V3,0.65,0.36,0.6886
V3,0.65,0.37,0.6923
V3,0.65,0.38,0.6955
V3,0.65,0.39,0.6979
V3,0.65,0.4,0.7024
V3,0.65,0.41,0.7042
V3,0.65,0.42,0.7079
V3,0.65,0.43,0.7096
V3,0.65,0.44,0.7095
V3,0.65,0.45,0.7139
V3,0.65,0.46,0.7171
V3,0.65,0.47,0.7209
V3,0.65,0.48,0.7266
V3,0.65,0.49,0.7293
V3,0.65,0.5,0.731
V3,0.65,0.51,0.732
V3,0.65,0.52,0.7333
V3,0.65,0.53,0.7358
V3,0.65,0.54,0.737
V3,0.65,0.55,0.7421
V3,0.65,0.56,0.7437
V3,0.65,0.57,0.746
V3,0.65,0.58,0.7445
V3,0.65,0.59,0.7463
V3,0.65,0.6,0.7468
V3,0.65,0.61,0.7517
V3,0.65,0.62,0.7544
V3,0.65,0.63,0.7601
V3,0.65,0.64,0.763
V3,0.65,0.65,0.768
V3,0.65,0.66,0.7716
V3,0.65,0.67,0.7745
V3,0.65,0.68,0.7744
V3,0.65,0.69,0.7708
V3,0.65,0.7,0.7643
V3,0.65,0.71,0.7608
V3,0.65,0.72,0.7536
V3,0.65,0.73,0.7565
V3,0.65,0.74,0.7569
V3,0.65,0.75,0.7598
V3,0.65,0.76,0.7581
V3,0.65,0.77,0.7538
V3,0.65,0.78,0.7497
V3,0.65,0.79,0.7509
V3,0.65,0.8,0.7521
V3,0.65,0.81,0.7459
V3,0.65,0.82,0.7411
V3,0.65,0.83,0.7444
V3,0.65,0.84,0.7373
V3,0.65,0.85,0.7338
V3,0.65,0.86,0.7308
V3,0.65,0.87,0.7274
V3,0.65,0.88,0.7248
V3,0.65,0.89,0.7216
V3,0.65,0.9,0.7179
V3,0.65,0.91,0.7105
V3,0.65,0.92,0.7029
V3,0.65,0.93,0.6905
V3,0.65,0.94,0.6778
V3,0.65,0.95,0.6198
V3,0.7,0.05,0.6229
V3,0.7,0.06,0.6306
V3,0.7,0.07,0.6419
V3,0.7,0.08,0.6479
V3,0.7,0.09,0.6509
V3,0.7,0.1,0.6531
V3,0.7,0.11,0.6547
V3,0.7,0.12,0.6558
V3,0.7,0.13,0.6565
V3,0.7,0.14,0.6565
V3,0.7,0.15,0.6565
V3,0.7,0.16,0.6573
V3,0.7,0.17,0.6573
V3,0.7,0.18,0.6573
V3,0.7,0.19,0.6573
V3,0.7,0.2,0.6581
V3,0.7,0.21,0.6584
V3,0.7,0.22,0.6584
V3,0.7,0.23,0.6584
V3,0.7,0.24,0.6584
V3,0.7,0.25,0.6584
V3,0.7,0.26,0.6584
V3,0.7,0.27,0.6615
V3,0.7,0.28,0.6685
V3,0.7,0.29,0.674
V3,0.7,0.3,0.6768
V3,0.7,0.31,0.6835
V3,0.7,0.32,0.6873
V3,0.7,0.33,0.6907
V3,0.7,0.34,0.6948
V3,0.7,0.35,0.6959
V3,0.7,0.36,0.6998
V3,0.7,0.37,0.7018
V3,0.7,0.38,0.7042
V3,0.7,0.39,0.7069
V3,0.7,0.4,0.7087
V3,0.7,0.41,0.7084
V3,0.7,0.42,0.7119
V3,0.7,0.43,0.7162
V3,0.7,0.44,0.7204
V3,0.7,0.45,0.7252
V3,0.7,0.46,0.729
V3,0.7,0.47,0.7295
V3,0.7,0.48,0.7306
V3,0.7,0.49,0.7318
V3,0.7,0.5,0.7354
V3,0.7,0.51,0.7352
V3,0.7,0.52,0.7405
V3,0.7,0.53,0.7421
V3,0.7,0.54,0.7432
V3,0.7,0.55,0.7433
V3,0.7,0.56,0.7445
V3,0.7,0.57,0.7469
V3,0.7,0.58,0.7474
V3,0.7,0.59,0.7511
V3,0.7,0.6,0.7543
V3,0.7,0.61,0.7588
V3,0.7,0.62,0.7628
V3,0.7,0.63,0.7658
V3,0.7,0.64,0.7748
V3,0.7,0.65,0.7722
V3,0.7,0.66,0.7719
V3,0.7,0.67,0.774
V3,0.7,0.68,0.7722
V3,0.7,0.69,0.7643
V3,0.7,0.7,0.7586
V3,0.7,0.71,0.754
V3,0.7,0.72,0.7572
V3,0.7,0.73,0.7569
V3,0.7,0.74,0.7585
V3,0.7,0.75,0.7573
V3,0.7,0.76,0.7549
V3,0.7,0.77,0.7508
V3,0.7,0.78,0.7503
V3,0.7,0.79,0.7504
V3,0.7,0.8,0.7492
V3,0.7,0.81,0.7435
V3,0.7,0.82,0.7426
V3,0.7,0.83,0.74
V3,0.7,0.84,0.7351
V3,0.7,0.85,0.7327
V3,0.7,0.86,0.7308
V3,0.7,0.87,0.7274
V3,0.7,0.88,0.725
V3,0.7,0.89,0.7239
V3,0.7,0.9,0.719
V3,0.7,0.91,0.7129
V3,0.7,0.92,0.7066
V3,0.7,0.93,0.6943
V3,0.7,0.94,0.6852
V3,0.7,0.95,0.6693
V3,0.75,0.05,0.6229
V3,0.75,0.06,0.6297
V3,0.75,0.07,0.6406
V3,0.75,0.08,0.6476
V3,0.75,0.09,0.6507
V3,0.75,0.1,0.6524
V3,0.75,0.11,0.6543
V3,0.75,0.12,0.6554
V3,0.75,0.13,0.6562
V3,0.75,0.14,0.6565
V3,0.75,0.15,0.6565
V3,0.75,0.16,0.6565
V3,0.75,0.17,0.6573
V3,0.75,0.18,0.6573
V3,0.75,0.19,0.6573
V3,0.75,0.2,0.6577
V3,0.75,0.21,0.6584
V3,0.75,0.22,0.6584
V3,0.75,0.23,0.6629
V3,0.75,0.24,0.6685
V3,0.75,0.25,0.6728
V3,0.75,0.26,0.676
V3,0.75,0.27,0.6822
V3,0.75,0.28,0.684
V3,0.75,0.29,0.6882
V3,0.75,0.3,0.6932
V3,0.75,0.31,0.6938
V3,0.75,0.32,0.6976
V3,0.75,0.33,0.6998
V3,0.75,0.34,0.7024
V3,0.75,0.35,0.7077
V3,0.75,0.36,0.7073
V3,0.75,0.37,0.7078
V3,0.75,0.38,0.7088
V3,0.75,0.39,0.7117
V3,0.75,0.4,0.7153
V3,0.75,0.41,0.7204
V3,0.75,0.42,0.7242
V3,0.75,0.43,0.7276
V3,0.75,0.44,0.7284
V3,0.75,0.45,0.7296
V3,0.75,0.46,0.7304
V3,0.75,0.47,0.7312
V3,0.75,0.48,0.7326
V3,0.75,0.49,0.7357
V3,0.75,0.5,0.741
V3,0.75,0.51,0.7416
V3,0.75,0.52,0.7427
V3,0.75,0.53,0.7439
V3,0.75,0.54,0.7445
V3,0.75,0.55,0.7458
V3,0.75,0.56,0.7468
V3,0.75,0.57,0.7511
V3,0.75,0.58,0.7552
V3,0.75,0.59,0.7569
V3,0.75,0.6,0.7609
V3,0.75,0.61,0.7649
V3,0.75,0.62,0.7736
V3,0.75,0.63,0.7723
V3,0.75,0.64,0.7752
V3,0.75,0.65,0.7729
V3,0.75,0.66,0.7715
V3,0.75,0.67,0.7675
V3,0.75,0.68,0.7618
V3,0.75,0.69,0.7579
V3,0.75,0.7,0.7548
V3,0.75,0.71,0.7561
V3,0.75,0.72,0.7569
V3,0.75,0.73,0.7585
V3,0.75,0.74,0.7584
V3,0.75,0.75,0.7532
V3,0.75,0.76,0.7522
V3,0.75,0.77,0.7514
V3,0.75,0.78,0.7509
V3,0.75,0.79,0.7521
V3,0.75,0.8,0.747
V3,0.75,0.81,0.7422
V3,0.75,0.82,0.7444
V3,0.75,0.83,0.7409
V3,0.75,0.84,0.736
V3,0.75,0.85,0.7336
V3,0.75,0.86,0.7308
V3,0.75,0.87,0.7274
V3,0.75,0.88,0.725
V3,0.75,0.89,0.7244
V3,0.75,0.9,0.7202
V3,0.75,0.91,0.714
V3,0.75,0.92,0.71
V3,0.75,0.93,0.7047
V3,0.75,0.94,0.6904
V3,0.75,0.95,0.6791
V3,0.8,0.05,0.6233
V3,0.8,0.06,0.6292
V3,0.8,0.07,0.6388
V3,0.8,0.08,0.6468
V3,0.8,0.09,0.6502
V3,0.8,0.1,0.6513
V3,0.8,0.11,0.6543
V3,0.8,0.12,0.655
V3,0.8,0.13,0.6558
V3,0.8,0.14,0.6565
V3,0.8,0.15,0.6565
V3,0.8,0.16,0.6565
V3,0.8,0.17,0.6569
V3,0.8,0.18,0.6584
V3,0.8,0.19,0.6632
V3,0.8,0.2,0.6685
V3,0.8,0.21,0.672
V3,0.8,0.22,0.6764
V3,0.8,0.23,0.6822
V3,0.8,0.24,0.6836
V3,0.8,0.25,0.6865
V3,0.8,0.26,0.6907
V3,0.8,0.27,0.6925
V3,0.8,0.28,0.6942
V3,0.8,0.29,0.6981
V3,0.8,0.3,0.6994
V3,0.8,0.31,0.7015
V3,0.8,0.32,0.7047
V3,0.8,0.33,0.7064
V3,0.8,0.34,0.705
V3,0.8,0.35,0.7093
V3,0.8,0.36,0.7111
V3,0.8,0.37,0.7148
V3,0.8,0.38,0.72
V3,0.8,0.39,0.7233
V3,0.8,0.4,0.7262
V3,0.8,0.41,0.7275
V3,0.8,0.42,0.7256
V3,0.8,0.43,0.7289
V3,0.8,0.44,0.7303
V3,0.8,0.45,0.7338
V3,0.8,0.46,0.7331
V3,0.8,0.47,0.7389
V3,0.8,0.48,0.7405
V3,0.8,0.49,0.7399
V3,0.8,0.5,0.7438
V3,0.8,0.51,0.7423
V3,0.8,0.52,0.7428
V3,0.8,0.53,0.7464
V3,0.8,0.54,0.7462
V3,0.8,0.55,0.7499
V3,0.8,0.56,0.754
V3,0.8,0.57,0.7533
V3,0.8,0.58,0.7581
V3,0.8,0.59,0.7623
V3,0.8,0.6,0.7687
V3,0.8,0.61,0.7741
V3,0.8,0.62,0.7718
V3,0.8,0.63,0.7712
V3,0.8,0.64,0.7726
V3,0.8,0.65,0.7708
V3,0.8,0.66,0.7635
V3,0.8,0.67,0.7625
V3,0.8,0.68,0.7583
V3,0.8,0.69,0.7548
V3,0.8,0.7,0.7566
V3,0.8,0.71,0.7569
V3,0.8,0.72,0.7595
V3,0.8,0.73,0.7587
V3,0.8,0.74,0.7554
V3,0.8,0.75,0.7546
V3,0.8,0.76,0.7497
V3,0.8,0.77,0.7509
V3,0.8,0.78,0.7504
V3,0.8,0.79,0.7503
V3,0.8,0.8,0.7446
V3,0.8,0.81,0.7419
V3,0.8,0.82,0.7444
V3,0.8,0.83,0.7386
V3,0.8,0.84,0.7349
V3,0.8,0.85,0.7345
V3,0.8,0.86,0.7308
V3,0.8,0.87,0.7274
V3,0.8,0.88,0.725
V3,0.8,0.89,0.7244
V3,0.8,0.9,0.7224
V3,0.8,0.91,0.7153
V3,0.8,0.92,0.7114
V3,0.8,0.93,0.7053
V3,0.8,0.94,0.6964
V3,0.8,0.95,0.6852
V3,0.85,0.05,0.6233
V3,0.85,0.06,0.6288
V3,0.85,0.07,0.6377
V3,0.85,0.08,0.6457
V3,0.85,0.09,0.6494
V3,0.85,0.1,0.6509
V3,0.85,0.11,0.6535
V3,0.85,0.12,0.6547
V3,0.85,0.13,0.6558
V3,0.85,0.14,0.6583
V3,0.85,0.15,0.6638
V3,0.85,0.16,0.6691
V3,0.85,0.17,0.6713
V3,0.85,0.18,0.6756
V3,0.85,0.19,0.681
V3,0.85,0.2,0.682
V3,0.85,0.21,0.6852
V3,0.85,0.22,0.6894
V3,0.85,0.23,0.6921
V3,0.85,0.24,0.6934
V3,0.85,0.25,0.6972
V3,0.85,0.26,0.6979
V3,0.85,0.27,0.6998
V3,0.85,0.28,0.7044
V3,0.85,0.29,0.7047
V3,0.85,0.3,0.7051
V3,0.85,0.31,0.7039
V3,0.85,0.32,0.7093
V3,0.85,0.33,0.7102
V3,0.85,0.34,0.7134
V3,0.85,0.35,0.719
V3,0.85,0.36,0.7216
V3,0.85,0.37,0.7242
V3,0.85,0.38,0.7268
V3,0.85,0.39,0.7242
V3,0.85,0.4,0.728
V3,0.85,0.41,0.7287
V3,0.85,0.42,0.7302
V3,0.85,0.43,0.7316
V3,0.85,0.44,0.7352
V3,0.85,0.45,0.7378
V3,0.85,0.46,0.7405
V3,0.85,0.47,0.7399
V3,0.85,0.48,0.7389
V3,0.85,0.49,0.7423
V3,0.85,0.5,0.7434
V3,0.85,0.51,0.7447
V3,0.85,0.52,0.7457
V3,0.85,0.53,0.7488
V3,0.85,0.54,0.7528
V3,0.85,0.55,0.7516
V3,0.85,0.56,0.7573
V3,0.85,0.57,0.761
V3,0.85,0.58,0.7645
V3,0.85,0.59,0.7739
V3,0.85,0.6,0.7716
V3,0.85,0.61,0.7738
V3,0.85,0.62,0.7715
V3,0.85,0.63,0.7726
V3,0.85,0.64,0.7715
V3,0.85,0.65,0.7632
V3,0.85,0.66,0.76
V3,0.85,0.67,0.7565
V3,0.85,0.68,0.754
V3,0.85,0.69,0.7558
V3,0.85,0.7,0.7562
V3,0.85,0.71,0.7595
V3,0.85,0.72,0.76
V3,0.85,0.73,0.7557
V3,0.85,0.74,0.7538
V3,0.85,0.75,0.7508
V3,0.85,0.76,0.7503
V3,0.85,0.77,0.7507
V3,0.85,0.78,0.7521
V3,0.85,0.79,0.747
V3,0.85,0.8,0.7413
V3,0.85,0.81,0.7435
V3,0.85,0.82,0.7433
V3,0.85,0.83,0.7386
V3,0.85,0.84,0.7349
V3,0.85,0.85,0.7334
V3,0.85,0.86,0.7308
V3,0.85,0.87,0.7274
V3,0.85,0.88,0.7261
V3,0.85,0.89,0.7244
V3,0.85,0.9,0.7235
V3,0.85,0.91,0.7179
V3,0.85,0.92,0.7129
V3,0.85,0.93,0.7077
V3,0.85,0.94,0.7024
V3,0.85,0.95,0.6892
V3,0.9,0.05,0.6233
V3,0.9,0.06,0.6285
V3,0.9,0.07,0.6363
V3,0.9,0.08,0.645
V3,0.9,0.09,0.6483
V3,0.9,0.1,0.6539
V3,0.9,0.11,0.66
V3,0.9,0.12,0.6669
V3,0.9,0.13,0.6697
V3,0.9,0.14,0.6748
V3,0.9,0.15,0.6802
V3,0.9,0.16,0.6807
V3,0.9,0.17,0.6844
V3,0.9,0.18,0.6873
V3,0.9,0.19,0.6904
V3,0.9,0.2,0.6913
V3,0.9,0.21,0.6951
V3,0.9,0.22,0.6968
V3,0.9,0.23,0.6983
V3,0.9,0.24,0.7007
V3,0.9,0.25,0.7033
V3,0.9,0.26,0.7051
V3,0.9,0.27,0.7049
V3,0.9,0.28,0.7048
V3,0.9,0.29,0.7084
V3,0.9,0.3,0.7097
V3,0.9,0.31,0.7134
V3,0.9,0.32,0.7181
V3,0.9,0.33,0.7204
V3,0.9,0.34,0.7233
V3,0.9,0.35,0.7244
V3,0.9,0.36,0.725
V3,0.9,0.37,0.7261
V3,0.9,0.38,0.7278
V3,0.9,0.39,0.7282
V3,0.9,0.4,0.7316
V3,0.9,0.41,0.7321
V3,0.9,0.42,0.7368
V3,0.9,0.43,0.7389
V3,0.9,0.44,0.7383
V3,0.9,0.45,0.7394
V3,0.9,0.46,0.7406
V3,0.9,0.47,0.7406
V3,0.9,0.48,0.7434
V3,0.9,0.49,0.7436
V3,0.9,0.5,0.7445
V3,0.9,0.51,0.7493
V3,0.9,0.52,0.7516
V3,0.9,0.53,0.7512
V3,0.9,0.54,0.7582
V3,0.9,0.55,0.7595
V3,0.9,0.56,0.7636
V3,0.9,0.57,0.7702
V3,0.9,0.58,0.7682
V3,0.9,0.59,0.7718
V3,0.9,0.6,0.7698
V3,0.9,0.61,0.7712
V3,0.9,0.62,0.7679
V3,0.9,0.63,0.7653
V3,0.9,0.64,0.7618
V3,0.9,0.65,0.7582
V3,0.9,0.66,0.7535
V3,0.9,0.67,0.7548
V3,0.9,0.68,0.7558
V3,0.9,0.69,0.7562
V3,0.9,0.7,0.7598
V3,0.9,0.71,0.7584
V3,0.9,0.72,0.7562
V3,0.9,0.73,0.754
V3,0.9,0.74,0.7522
V3,0.9,0.75,0.7514
V3,0.9,0.76,0.7509
V3,0.9,0.77,0.7504
V3,0.9,0.78,0.7514
V3,0.9,0.79,0.7437
V3,0.9,0.8,0.7411
V3,0.9,0.81,0.7444
V3,0.9,0.82,0.74
V3,0.9,0.83,0.7362
V3,0.9,0.84,0.7349
V3,0.9,0.85,0.7311
V3,0.9,0.86,0.7296
V3,0.9,0.87,0.7274
V3,0.9,0.88,0.7261
V3,0.9,0.89,0.7244
V3,0.9,0.9,0.7226
V3,0.9,0.91,0.719
V3,0.9,0.92,0.7129
V3,0.9,0.93,0.7111
V3,0.9,0.94,0.7049
V3,0.9,0.95,0.6952
V3,0.95,0.05,0.6236
V3,0.95,0.06,0.6309
V3,0.95,0.07,0.6439
V3,0.95,0.08,0.6562
V3,0.95,0.09,0.6623
V3,0.95,0.1,0.6693
V3,0.95,0.11,0.6749
V3,0.95,0.12,0.6779
V3,0.95,0.13,0.6824
V3,0.95,0.14,0.6852
V3,0.95,0.15,0.6898
V3,0.95,0.16,0.6904
V3,0.95,0.17,0.6921
V3,0.95,0.18,0.6959
V3,0.95,0.19,0.6966
V3,0.95,0.2,0.6985
V3,0.95,0.21,0.7024
V3,0.95,0.22,0.702
V3,0.95,0.23,0.7038
V3,0.95,0.24,0.7049
V3,0.95,0.25,0.7066
V3,0.95,0.26,0.7073
V3,0.95,0.27,0.7106
V3,0.95,0.28,0.7139
V3,0.95,0.29,0.7181
V3,0.95,0.3,0.72
V3,0.95,0.31,0.7223
V3,0.95,0.32,0.7229
V3,0.95,0.33,0.7246
V3,0.95,0.34,0.7246
V3,0.95,0.35,0.7264
V3,0.95,0.36,0.7272
V3,0.95,0.37,0.7301
V3,0.95,0.38,0.73
V3,0.95,0.39,0.7326
V3,0.95,0.4,0.7341
V3,0.95,0.41,0.7383
V3,0.95,0.42,0.7383
V3,0.95,0.43,0.7405
V3,0.95,0.44,0.7406
V3,0.95,0.45,0.7401
V3,0.95,0.46,0.7412
V3,0.95,0.47,0.7425
V3,0.95,0.48,0.7439
V3,0.95,0.49,0.7487
V3,0.95,0.5,0.7498
V3,0.95,0.51,0.7497
V3,0.95,0.52,0.7557
V3,0.95,0.53,0.757
V3,0.95,0.54,0.761
V3,0.95,0.55,0.7667
V3,0.95,0.56,0.7714
V3,0.95,0.57,0.7698
V3,0.95,0.58,0.7717
V3,0.95,0.59,0.7687
V3,0.95,0.6,0.7708
V3,0.95,0.61,0.7686
V3,0.95,0.62,0.7632
V3,0.95,0.63,0.7603
V3,0.95,0.64,0.7563
V3,0.95,0.65,0.7517
V3,0.95,0.66,0.7548
V3,0.95,0.67,0.755
V3,0.95,0.68,0.7554
V3,0.95,0.69,0.759
V3,0.95,0.7,0.7576
V3,0.95,0.71,0.7573
V3,0.95,0.72,0.7532
V3,0.95,0.73,0.7524
V3,0.95,0.74,0.7489
V3,0.95,0.75,0.75
V3,0.95,0.76,0.7507
V3,0.95,0.77,0.7502
V3,0.95,0.78,0.7473
V3,0.95,0.79,0.7435
V3,0.95,0.8,0.7419
V3,0.95,0.81,0.7444
V3,0.95,0.82,0.7409
V3,0.95,0.83,0.7351
V3,0.95,0.84,0.7349
V3,0.95,0.85,0.73
V3,0.95,0.86,0.7296
V3,0.95,0.87,0.7274
V3,0.95,0.88,0.7272
V3,0.95,0.89,0.7246
V3,0.95,0.9,0.7216
V3,0.95,0.91,0.719
V3,0.95,0.92,0.714
V3,0.95,0.93,0.7103
V3,0.95,0.94,0.7066
V3,0.95,0.95,0.6978
V3,1.0,0.05,0.6366
V3,1.0,0.06,0.6442
V3,1.0,0.07,0.6566
V3,1.0,0.08,0.6648
V3,1.0,0.09,0.6743
V3,1.0,0.1,0.6791
V3,1.0,0.11,0.684
V3,1.0,0.12,0.6867
V3,1.0,0.13,0.6892
V3,1.0,0.14,0.6938
V3,1.0,0.15,0.6955
V3,1.0,0.16,0.697
V3,1.0,0.17,0.6985
V3,1.0,0.18,0.7011
V3,1.0,0.19,0.7024
V3,1.0,0.2,0.7038
V3,1.0,0.21,0.7032
V3,1.0,0.22,0.7061
V3,1.0,0.23,0.7058
V3,1.0,0.24,0.7102
V3,1.0,0.25,0.7129
V3,1.0,0.26,0.7181
V3,1.0,0.27,0.72
V3,1.0,0.28,0.7223
V3,1.0,0.29,0.7224
V3,1.0,0.3,0.7241
V3,1.0,0.31,0.7236
V3,1.0,0.32,0.7249
V3,1.0,0.33,0.7262
V3,1.0,0.34,0.7271
V3,1.0,0.35,0.7285
V3,1.0,0.36,0.73
V3,1.0,0.37,0.7347
V3,1.0,0.38,0.7362
V3,1.0,0.39,0.7367
V3,1.0,0.4,0.7372
V3,1.0,0.41,0.7394
V3,1.0,0.42,0.7384
V3,1.0,0.43,0.7406
V3,1.0,0.44,0.7412
V3,1.0,0.45,0.7436
V3,1.0,0.46,0.7433
V3,1.0,0.47,0.7475
V3,1.0,0.48,0.748
V3,1.0,0.49,0.7485
V3,1.0,0.5,0.7544
V3,1.0,0.51,0.7568
V3,1.0,0.52,0.7591
V3,1.0,0.53,0.7625
V3,1.0,0.54,0.7698
V3,1.0,0.55,0.7682
V3,1.0,0.56,0.7704
V3,1.0,0.57,0.7677
V3,1.0,0.58,0.7708
V3,1.0,0.59,0.7672
V3,1.0,0.6,0.7686
V3,1.0,0.61,0.7614
V3,1.0,0.62,0.7596
V3,1.0,0.63,0.7553
V3,1.0,0.64,0.7506
V3,1.0,0.65,0.7537
V3,1.0,0.66,0.7543
V3,1.0,0.67,0.7546
V3,1.0,0.68,0.7582
V3,1.0,0.69,0.7568
V3,1.0,0.7,0.7565
V3,1.0,0.71,0.7526
V3,1.0,0.72,0.7529
V3,1.0,0.73,0.7491
V3,1.0,0.74,0.7494
V3,1.0,0.75,0.75
V3,1.0,0.76,0.7496
V3,1.0,0.77,0.7506
V3,1.0,0.78,0.744
V3,1.0,0.79,0.7413
V3,1.0,0.8,0.7426
V3,1.0,0.81,0.7424
V3,1.0,0.82,0.7377
V3,1.0,0.83,0.736
V3,1.0,0.84,0.7338
V3,1.0,0.85,0.7289
V3,1.0,0.86,0.7296
V3,1.0,0.87,0.7274
V3,1.0,0.88,0.7283
V3,1.0,0.89,0.7236
V3,1.0,0.9,0.7227
V3,1.0,0.91,0.7202
V3,1.0,0.92,0.7164
V3,1.0,0.93,0.7129
V3,1.0,0.94,0.71
V3,1.0,0.95,0.7047
