scenario,atk_count,cycle,time_s,row_type,node_id,fake_beacons_this_window,network_fake_mac_count,network_real_vehicle_count,rho_new_identity_diag,term1_fraction,term3_fraction,phi_v1_composite_net
v3a,30,0,1.998,NETWORK,0,,0,200,0.000000,0.150000,0.000000,0.150000
v3a,30,1,2.998,NETWORK,0,,0,200,0.000000,0.150000,0.000000,0.150000
v3a,30,2,4.998,NETWORK,0,,0,200,0.000000,0.150000,0.000000,0.150000
v3a,30,3,6.998,NETWORK,0,,0,200,0.000000,0.150000,0.000000,0.150000
v3a,30,4,8.998,NETWORK,0,,0,200,0.000000,0.150000,0.000000,0.150000
v3a,30,5,10.998,NETWORK,0,,0,200,0.000000,0.150000,0.000000,0.150000
v3a,30,6,12.998,NETWORK,0,,0,200,0.000000,0.150000,0.000000,0.150000
v3a,60,0,1.998,NETWORK,0,,0,200,0.000000,0.300000,0.000000,0.300000
v3a,60,1,2.998,NETWORK,0,,0,200,0.000000,0.300000,0.000000,0.300000
v3a,60,2,4.998,NETWORK,0,,0,200,0.000000,0.300000,0.000000,0.300000
v3a,60,3,6.998,NETWORK,0,,0,200,0.000000,0.300000,0.000000,0.300000
v3a,60,4,8.998,NETWORK,0,,0,200,0.000000,0.300000,0.000000,0.300000
v3a,60,5,10.998,NETWORK,0,,0,200,0.000000,0.300000,0.000000,0.300000
v3a,60,6,12.998,NETWORK,0,,0,200,0.000000,0.300000,0.000000,0.300000
v3a,90,0,1.998,NETWORK,0,,0,200,0.000000,0.450000,0.000000,0.450000
v3a,90,1,2.998,NETWORK,0,,0,200,0.000000,0.450000,0.000000,0.450000
v3a,90,2,4.998,NETWORK,0,,0,200,0.000000,0.450000,0.000000,0.450000
v3a,90,3,6.998,NETWORK,0,,0,200,0.000000,0.450000,0.000000,0.450000
v3a,90,4,8.998,NETWORK,0,,0,200,0.000000,0.450000,0.000000,0.450000
v3a,90,5,10.998,NETWORK,0,,0,200,0.000000,0.450000,0.000000,0.450000
v3a,90,6,12.998,NETWORK,0,,0,200,0.000000,0.450000,0.000000,0.450000
v3a,120,0,1.998,NETWORK,0,,0,200,0.000000,0.600000,0.000000,0.600000
v3a,120,1,2.998,NETWORK,0,,0,200,0.000000,0.600000,0.000000,0.600000
v3a,120,2,4.998,NETWORK,0,,0,200,0.000000,0.600000,0.000000,0.600000
v3a,120,3,6.998,NETWORK,0,,0,200,0.000000,0.600000,0.000000,0.600000
v3a,120,4,8.998,NETWORK,0,,0,200,0.000000,0.600000,0.000000,0.600000
v3a,120,5,10.998,NETWORK,0,,0,200,0.000000,0.600000,0.000000,0.600000
v3a,120,6,12.998,NETWORK,0,,0,200,0.000000,0.600000,0.000000,0.600000
v3a,150,0,1.998,NETWORK,0,,0,200,0.000000,0.750000,0.000000,0.750000
v3a,150,1,2.998,NETWORK,0,,0,200,0.000000,0.750000,0.000000,0.750000
v3a,150,2,4.998,NETWORK,0,,0,200,0.000000,0.750000,0.000000,0.750000
v3a,150,3,6.998,NETWORK,0,,0,200,0.000000,0.750000,0.000000,0.750000
v3a,150,4,8.998,NETWORK,0,,0,200,0.000000,0.750000,0.000000,0.750000
v3a,150,5,10.998,NETWORK,0,,0,200,0.000000,0.750000,0.000000,0.750000
v3a,150,6,12.998,NETWORK,0,,0,200,0.000000,0.750000,0.000000,0.750000
v3a,180,0,1.998,NETWORK,0,,0,200,0.000000,0.900000,0.000000,0.900000
v3a,180,1,2.998,NETWORK,0,,0,200,0.000000,0.900000,0.000000,0.900000
v3a,180,2,4.998,NETWORK,0,,0,200,0.000000,0.900000,0.000000,0.900000
v3a,180,3,6.998,NETWORK,0,,0,200,0.000000,0.900000,0.000000,0.900000
v3a,180,4,8.998,NETWORK,0,,0,200,0.000000,0.900000,0.000000,0.900000
v3a,180,5,10.998,NETWORK,0,,0,200,0.000000,0.900000,0.000000,0.900000
v3a,180,6,12.998,NETWORK,0,,0,200,0.000000,0.900000,0.000000,0.900000
v3b,30,0,1.998,NETWORK,0,,0,200,0.000000,0.150000,0.000000,0.150000
v3b,30,1,2.998,NETWORK,0,,0,200,0.000000,0.150000,0.000000,0.150000
v3b,30,2,4.998,NETWORK,0,,0,200,0.000000,0.150000,0.000000,0.150000
v3b,30,3,6.998,NETWORK,0,,0,200,0.000000,0.150000,0.000000,0.150000
v3b,30,4,8.998,NETWORK,0,,0,200,0.000000,0.150000,0.000000,0.150000
v3b,30,5,10.998,NETWORK,0,,0,200,0.000000,0.150000,0.000000,0.150000
v3b,30,6,12.998,NETWORK,0,,0,200,0.000000,0.150000,0.000000,0.150000
v3b,60,0,1.998,NETWORK,0,,0,200,0.000000,0.300000,0.000000,0.300000
v3b,60,1,2.998,NETWORK,0,,0,200,0.000000,0.300000,0.000000,0.300000
v3b,60,2,4.998,NETWORK,0,,0,200,0.000000,0.300000,0.000000,0.300000
v3b,60,3,6.998,NETWORK,0,,0,200,0.000000,0.300000,0.000000,0.300000
v3b,60,4,8.998,NETWORK,0,,0,200,0.000000,0.300000,0.000000,0.300000
v3b,60,5,10.998,NETWORK,0,,0,200,0.000000,0.300000,0.000000,0.300000
v3b,60,6,12.998,NETWORK,0,,0,200,0.000000,0.300000,0.000000,0.300000
v3b,90,0,1.998,NETWORK,0,,0,200,0.000000,0.450000,0.000000,0.450000
v3b,90,1,2.998,NETWORK,0,,0,200,0.000000,0.450000,0.000000,0.450000
v3b,90,2,4.998,NETWORK,0,,0,200,0.000000,0.450000,0.000000,0.450000
v3b,90,3,6.998,NETWORK,0,,0,200,0.000000,0.450000,0.000000,0.450000
v3b,90,4,8.998,NETWORK,0,,0,200,0.000000,0.450000,0.000000,0.450000
v3b,90,5,10.998,NETWORK,0,,0,200,0.000000,0.450000,0.000000,0.450000
v3b,90,6,12.998,NETWORK,0,,0,200,0.000000,0.450000,0.000000,0.450000
v3b,120,0,1.998,NETWORK,0,,0,200,0.000000,0.600000,0.000000,0.600000
v3b,120,1,2.998,NETWORK,0,,0,200,0.000000,0.600000,0.000000,0.600000
v3b,120,2,4.998,NETWORK,0,,0,200,0.000000,0.600000,0.000000,0.600000
v3b,120,3,6.998,NETWORK,0,,0,200,0.000000,0.600000,0.000000,0.600000
v3b,120,4,8.998,NETWORK,0,,0,200,0.000000,0.600000,0.000000,0.600000
v3b,120,5,10.998,NETWORK,0,,0,200,0.000000,0.600000,0.000000,0.600000
v3b,120,6,12.998,NETWORK,0,,0,200,0.000000,0.600000,0.000000,0.600000
v3b,150,0,1.998,NETWORK,0,,0,200,0.000000,0.750000,0.000000,0.750000
v3b,150,1,2.998,NETWORK,0,,0,200,0.000000,0.750000,0.000000,0.750000
v3b,150,2,4.998,NETWORK,0,,0,200,0.000000,0.750000,0.000000,0.750000
v3b,150,3,6.998,NETWORK,0,,0,200,0.000000,0.750000,0.000000,0.750000
v3b,150,4,8.998,NETWORK,0,,0,200,0.000000,0.750000,0.000000,0.750000
v3b,150,5,10.998,NETWORK,0,,0,200,0.000000,0.750000,0.000000,0.750000
v3b,150,6,12.998,NETWORK,0,,0,200,0.000000,0.750000,0.000000,0.750000
v3b,180,0,1.998,NETWORK,0,,0,200,0.000000,0.900000,0.000000,0.900000
v3b,180,1,2.998,NETWORK,0,,0,200,0.000000,0.900000,0.000000,0.900000
v3b,180,2,4.998,NETWORK,0,,0,200,0.000000,0.900000,0.000000,0.900000
v3b,180,3,6.998,NETWORK,0,,0,200,0.000000,0.900000,0.000000,0.900000
v3b,180,4,8.998,NETWORK,0,,0,200,0.000000,0.900000,0.000000,0.900000
v3b,180,5,10.998,NETWORK,0,,0,200,0.000000,0.900000,0.000000,0.900000
v3b,180,6,12.998,NETWORK,0,,0,200,0.000000,0.900000,0.000000,0.900000
v1a,30,0,1.998,NETWORK,0,,0,200,0.000000,0.150000,0.000000,0.150000
v1a,30,1,2.998,NETWORK,0,,0,200,0.000000,0.150000,0.150000,0.300000
v1a,30,2,4.998,NETWORK,0,,0,200,0.000000,0.150000,0.150000,0.300000
v1a,30,3,6.998,NETWORK,0,,0,200,0.000000,0.150000,0.150000,0.300000
v1a,30,4,8.998,NETWORK,0,,0,200,0.000000,0.150000,0.150000,0.300000
v1a,30,5,10.998,NETWORK,0,,0,200,0.000000,0.150000,0.150000,0.300000
v1a,30,6,12.998,NETWORK,0,,0,200,0.000000,0.150000,0.150000,0.300000
v1a,60,0,1.998,NETWORK,0,,0,200,0.000000,0.300000,0.000000,0.300000
v1a,60,1,2.998,NETWORK,0,,0,200,0.000000,0.300000,0.300000,0.600000
v1a,60,2,4.998,NETWORK,0,,0,200,0.000000,0.300000,0.300000,0.600000
v1a,60,3,6.998,NETWORK,0,,0,200,0.000000,0.300000,0.300000,0.600000
v1a,60,4,8.998,NETWORK,0,,0,200,0.000000,0.300000,0.300000,0.600000
v1a,60,5,10.998,NETWORK,0,,0,200,0.000000,0.300000,0.300000,0.600000
v1a,60,6,12.998,NETWORK,0,,0,200,0.000000,0.300000,0.300000,0.600000
v1a,90,0,1.998,NETWORK,0,,0,200,0.000000,0.450000,0.000000,0.450000
v1a,90,1,2.998,NETWORK,0,,0,200,0.000000,0.450000,0.450000,0.900000
v1a,90,2,4.998,NETWORK,0,,0,200,0.000000,0.450000,0.450000,0.900000
v1a,90,3,6.998,NETWORK,0,,0,200,0.000000,0.450000,0.450000,0.900000
v1a,90,4,8.998,NETWORK,0,,0,200,0.000000,0.450000,0.450000,0.900000
v1a,90,5,10.998,NETWORK,0,,0,200,0.000000,0.450000,0.450000,0.900000
v1a,90,6,12.998,NETWORK,0,,0,200,0.000000,0.450000,0.450000,0.900000
v1a,120,0,1.998,NETWORK,0,,0,200,0.000000,0.600000,0.000000,0.600000
v1a,120,1,2.998,NETWORK,0,,0,200,0.000000,0.600000,0.600000,1.200000
v1a,120,2,4.998,NETWORK,0,,0,200,0.000000,0.600000,0.600000,1.200000
v1a,120,3,6.998,NETWORK,0,,0,200,0.000000,0.600000,0.600000,1.200000
v1a,120,4,8.998,NETWORK,0,,0,200,0.000000,0.600000,0.600000,1.200000
v1a,120,5,10.998,NETWORK,0,,0,200,0.000000,0.600000,0.600000,1.200000
v1a,120,6,12.998,NETWORK,0,,0,200,0.000000,0.600000,0.600000,1.200000
v1a,150,0,1.998,NETWORK,0,,0,200,0.000000,0.750000,0.000000,0.750000
v1a,150,1,2.998,NETWORK,0,,0,200,0.000000,0.750000,0.750000,1.500000
v1a,150,2,4.998,NETWORK,0,,0,200,0.000000,0.750000,0.750000,1.500000
v1a,150,3,6.998,NETWORK,0,,0,200,0.000000,0.750000,0.750000,1.500000
v1a,150,4,8.998,NETWORK,0,,0,200,0.000000,0.750000,0.750000,1.500000
v1a,150,5,10.998,NETWORK,0,,0,200,0.000000,0.750000,0.750000,1.500000
v1a,150,6,12.998,NETWORK,0,,0,200,0.000000,0.750000,0.750000,1.500000
v1a,180,0,1.998,NETWORK,0,,0,200,0.000000,0.900000,0.000000,0.900000
v1a,180,1,2.998,NETWORK,0,,0,200,0.000000,0.900000,0.900000,1.800000
v1a,180,2,4.998,NETWORK,0,,0,200,0.000000,0.900000,0.900000,1.800000
v1a,180,3,6.998,NETWORK,0,,0,200,0.000000,0.900000,0.900000,1.800000
v1a,180,4,8.998,NETWORK,0,,0,200,0.000000,0.900000,0.900000,1.800000
v1a,180,5,10.998,NETWORK,0,,0,200,0.000000,0.900000,0.900000,1.800000
v1a,180,6,12.998,NETWORK,0,,0,200,0.000000,0.900000,0.900000,1.800000
v1b,30,0,1.998,NETWORK,0,,0,200,0.000000,0.150000,0.000000,0.150000
v1b,30,1,2.998,NETWORK,0,,0,200,0.000000,0.150000,0.150000,0.300000
v1b,30,2,4.998,NETWORK,0,,0,200,0.000000,0.150000,0.150000,0.300000
v1b,30,3,6.998,NETWORK,0,,0,200,0.000000,0.150000,0.150000,0.300000
v1b,30,4,8.998,NETWORK,0,,0,200,0.000000,0.150000,0.150000,0.300000
v1b,30,5,10.998,NETWORK,0,,0,200,0.000000,0.150000,0.150000,0.300000
v1b,30,6,12.998,NETWORK,0,,0,200,0.000000,0.150000,0.150000,0.300000
v1b,60,0,1.998,NETWORK,0,,0,200,0.000000,0.300000,0.000000,0.300000
v1b,60,1,2.998,NETWORK,0,,0,200,0.000000,0.300000,0.300000,0.600000
v1b,60,2,4.998,NETWORK,0,,0,200,0.000000,0.300000,0.300000,0.600000
v1b,60,3,6.998,NETWORK,0,,0,200,0.000000,0.300000,0.300000,0.600000
v1b,60,4,8.998,NETWORK,0,,0,200,0.000000,0.300000,0.300000,0.600000
v1b,60,5,10.998,NETWORK,0,,0,200,0.000000,0.300000,0.300000,0.600000
v1b,60,6,12.998,NETWORK,0,,0,200,0.000000,0.300000,0.300000,0.600000
v1b,90,0,1.998,NETWORK,0,,0,200,0.000000,0.450000,0.000000,0.450000
v1b,90,1,2.998,NETWORK,0,,0,200,0.000000,0.450000,0.450000,0.900000
v1b,90,2,4.998,NETWORK,0,,0,200,0.000000,0.450000,0.450000,0.900000
v1b,90,3,6.998,NETWORK,0,,0,200,0.000000,0.450000,0.450000,0.900000
v1b,90,4,8.998,NETWORK,0,,0,200,0.000000,0.450000,0.450000,0.900000
v1b,90,5,10.998,NETWORK,0,,0,200,0.000000,0.450000,0.450000,0.900000
v1b,90,6,12.998,NETWORK,0,,0,200,0.000000,0.450000,0.450000,0.900000
v1b,120,0,1.998,NETWORK,0,,0,200,0.000000,0.600000,0.000000,0.600000
v1b,120,1,2.998,NETWORK,0,,0,200,0.000000,0.600000,0.600000,1.200000
v1b,120,2,4.998,NETWORK,0,,0,200,0.000000,0.600000,0.600000,1.200000
v1b,120,3,6.998,NETWORK,0,,0,200,0.000000,0.600000,0.600000,1.200000
v1b,120,4,8.998,NETWORK,0,,0,200,0.000000,0.600000,0.600000,1.200000
v1b,120,5,10.998,NETWORK,0,,0,200,0.000000,0.600000,0.600000,1.200000
v1b,120,6,12.998,NETWORK,0,,0,200,0.000000,0.600000,0.600000,1.200000
v1b,150,0,1.998,NETWORK,0,,0,200,0.000000,0.750000,0.000000,0.750000
v1b,150,1,2.998,NETWORK,0,,0,200,0.000000,0.750000,0.750000,1.500000
v1b,150,2,4.998,NETWORK,0,,0,200,0.000000,0.750000,0.750000,1.500000
v1b,150,3,6.998,NETWORK,0,,0,200,0.000000,0.750000,0.750000,1.500000
v1b,150,4,8.998,NETWORK,0,,0,200,0.000000,0.750000,0.750000,1.500000
v1b,150,5,10.998,NETWORK,0,,0,200,0.000000,0.750000,0.750000,1.500000
v1b,150,6,12.998,NETWORK,0,,0,200,0.000000,0.750000,0.750000,1.500000
v1b,180,0,1.998,NETWORK,0,,0,200,0.000000,0.900000,0.000000,0.900000
v1b,180,1,2.998,NETWORK,0,,0,200,0.000000,0.900000,0.900000,1.800000
v1b,180,2,4.998,NETWORK,0,,0,200,0.000000,0.900000,0.900000,1.800000
v1b,180,3,6.998,NETWORK,0,,0,200,0.000000,0.900000,0.900000,1.800000
v1b,180,4,8.998,NETWORK,0,,0,200,0.000000,0.900000,0.900000,1.800000
v1b,180,5,10.998,NETWORK,0,,0,200,0.000000,0.900000,0.900000,1.800000
v1b,180,6,12.998,NETWORK,0,,0,200,0.000000,0.900000,0.900000,1.800000
v2a,30,0,1.998,NETWORK,0,,0,200,0.000000,0.150000,0.000000,0.150000
v2a,30,1,2.998,NETWORK,0,,0,200,0.000000,0.150000,0.000000,0.150000
v2a,30,2,4.998,NETWORK,0,,0,200,0.000000,0.150000,0.000000,0.150000
v2a,30,3,6.998,NETWORK,0,,0,200,0.000000,0.150000,0.000000,0.150000
v2a,30,4,8.998,NETWORK,0,,0,200,0.000000,0.150000,0.000000,0.150000
v2a,30,5,10.998,NETWORK,0,,0,200,0.000000,0.150000,0.000000,0.150000
v2a,30,6,12.998,NETWORK,0,,0,200,0.000000,0.150000,0.000000,0.150000
v2a,60,0,1.998,NETWORK,0,,0,200,0.000000,0.300000,0.000000,0.300000
v2a,60,1,2.998,NETWORK,0,,0,200,0.000000,0.300000,0.000000,0.300000
v2a,60,2,4.998,NETWORK,0,,0,200,0.000000,0.300000,0.000000,0.300000
v2a,60,3,6.998,NETWORK,0,,0,200,0.000000,0.300000,0.000000,0.300000
v2a,60,4,8.998,NETWORK,0,,0,200,0.000000,0.300000,0.000000,0.300000
v2a,60,5,10.998,NETWORK,0,,0,200,0.000000,0.300000,0.000000,0.300000
v2a,60,6,12.998,NETWORK,0,,0,200,0.000000,0.300000,0.000000,0.300000
v2a,90,0,1.998,NETWORK,0,,0,200,0.000000,0.450000,0.000000,0.450000
v2a,90,1,2.998,NETWORK,0,,0,200,0.000000,0.450000,0.000000,0.450000
v2a,90,2,4.998,NETWORK,0,,0,200,0.000000,0.450000,0.000000,0.450000
v2a,90,3,6.998,NETWORK,0,,0,200,0.000000,0.450000,0.000000,0.450000
v2a,90,4,8.998,NETWORK,0,,0,200,0.000000,0.450000,0.000000,0.450000
v2a,90,5,10.998,NETWORK,0,,0,200,0.000000,0.450000,0.000000,0.450000
v2a,90,6,12.998,NETWORK,0,,0,200,0.000000,0.450000,0.000000,0.450000
v2a,120,0,1.998,NETWORK,0,,0,200,0.000000,0.600000,0.000000,0.600000
v2a,120,1,2.998,NETWORK,0,,0,200,0.000000,0.600000,0.000000,0.600000
v2a,120,2,4.998,NETWORK,0,,0,200,0.000000,0.600000,0.000000,0.600000
v2a,120,3,6.998,NETWORK,0,,0,200,0.000000,0.600000,0.000000,0.600000
v2a,120,4,8.998,NETWORK,0,,0,200,0.000000,0.600000,0.000000,0.600000
v2a,120,5,10.998,NETWORK,0,,0,200,0.000000,0.600000,0.000000,0.600000
v2a,120,6,12.998,NETWORK,0,,0,200,0.000000,0.600000,0.000000,0.600000
v2a,150,0,1.998,NETWORK,0,,0,200,0.000000,0.750000,0.000000,0.750000
v2a,150,1,2.998,NETWORK,0,,0,200,0.000000,0.750000,0.000000,0.750000
v2a,150,2,4.998,NETWORK,0,,0,200,0.000000,0.750000,0.000000,0.750000
v2a,150,3,6.998,NETWORK,0,,0,200,0.000000,0.750000,0.000000,0.750000
v2a,150,4,8.998,NETWORK,0,,0,200,0.000000,0.750000,0.000000,0.750000
v2a,150,5,10.998,NETWORK,0,,0,200,0.000000,0.750000,0.000000,0.750000
v2a,150,6,12.998,NETWORK,0,,0,200,0.000000,0.750000,0.000000,0.750000
v2a,180,0,1.998,NETWORK,0,,0,200,0.000000,0.900000,0.000000,0.900000
v2a,180,1,2.998,NETWORK,0,,0,200,0.000000,0.900000,0.000000,0.900000
v2a,180,2,4.998,NETWORK,0,,0,200,0.000000,0.900000,0.000000,0.900000
v2a,180,3,6.998,NETWORK,0,,0,200,0.000000,0.900000,0.000000,0.900000
v2a,180,4,8.998,NETWORK,0,,0,200,0.000000,0.900000,0.000000,0.900000
v2a,180,5,10.998,NETWORK,0,,0,200,0.000000,0.900000,0.000000,0.900000
v2a,180,6,12.998,NETWORK,0,,0,200,0.000000,0.900000,0.000000,0.900000
v2b,30,0,1.998,NETWORK,0,,0,200,0.000000,0.150000,0.000000,0.150000
v2b,30,1,2.998,NETWORK,0,,0,200,0.000000,0.150000,0.000000,0.150000
v2b,30,2,4.998,NETWORK,0,,0,200,0.000000,0.150000,0.000000,0.150000
v2b,30,3,6.998,NETWORK,0,,0,200,0.000000,0.150000,0.000000,0.150000
v2b,30,4,8.998,NETWORK,0,,0,200,0.000000,0.150000,0.000000,0.150000
v2b,30,5,10.998,NETWORK,0,,0,200,0.000000,0.150000,0.000000,0.150000
v2b,30,6,12.998,NETWORK,0,,0,200,0.000000,0.150000,0.000000,0.150000
v2b,60,0,1.998,NETWORK,0,,0,200,0.000000,0.300000,0.000000,0.300000
v2b,60,1,2.998,NETWORK,0,,0,200,0.000000,0.300000,0.000000,0.300000
v2b,60,2,4.998,NETWORK,0,,0,200,0.000000,0.300000,0.000000,0.300000
v2b,60,3,6.998,NETWORK,0,,0,200,0.000000,0.300000,0.000000,0.300000
v2b,60,4,8.998,NETWORK,0,,0,200,0.000000,0.300000,0.000000,0.300000
v2b,60,5,10.998,NETWORK,0,,0,200,0.000000,0.300000,0.000000,0.300000
v2b,60,6,12.998,NETWORK,0,,0,200,0.000000,0.300000,0.000000,0.300000
v2b,90,0,1.998,NETWORK,0,,0,200,0.000000,0.450000,0.000000,0.450000
v2b,90,1,2.998,NETWORK,0,,0,200,0.000000,0.450000,0.000000,0.450000
v2b,90,2,4.998,NETWORK,0,,0,200,0.000000,0.450000,0.000000,0.450000
v2b,90,3,6.998,NETWORK,0,,0,200,0.000000,0.450000,0.000000,0.450000
v2b,90,4,8.998,NETWORK,0,,0,200,0.000000,0.450000,0.000000,0.450000
v2b,90,5,10.998,NETWORK,0,,0,200,0.000000,0.450000,0.000000,0.450000
v2b,90,6,12.998,NETWORK,0,,0,200,0.000000,0.450000,0.000000,0.450000
v2b,120,0,1.998,NETWORK,0,,0,200,0.000000,0.600000,0.000000,0.600000
v2b,120,1,2.998,NETWORK,0,,0,200,0.000000,0.600000,0.000000,0.600000
v2b,120,2,4.998,NETWORK,0,,0,200,0.000000,0.600000,0.000000,0.600000
v2b,120,3,6.998,NETWORK,0,,0,200,0.000000,0.600000,0.000000,0.600000
v2b,120,4,8.998,NETWORK,0,,0,200,0.000000,0.600000,0.000000,0.600000
v2b,120,5,10.998,NETWORK,0,,0,200,0.000000,0.600000,0.000000,0.600000
v2b,120,6,12.998,NETWORK,0,,0,200,0.000000,0.600000,0.000000,0.600000
v2b,150,0,1.998,NETWORK,0,,0,200,0.000000,0.750000,0.000000,0.750000
v2b,150,1,2.998,NETWORK,0,,0,200,0.000000,0.750000,0.000000,0.750000
v2b,150,2,4.998,NETWORK,0,,0,200,0.000000,0.750000,0.000000,0.750000
v2b,150,3,6.998,NETWORK,0,,0,200,0.000000,0.750000,0.000000,0.750000
v2b,150,4,8.998,NETWORK,0,,0,200,0.000000,0.750000,0.000000,0.750000
v2b,150,5,10.998,NETWORK,0,,0,200,0.000000,0.750000,0.000000,0.750000
v2b,150,6,12.998,NETWORK,0,,0,200,0.000000,0.750000,0.000000,0.750000
v2b,180,0,1.998,NETWORK,0,,0,200,0.000000,0.900000,0.000000,0.900000
v2b,180,1,2.998,NETWORK,0,,0,200,0.000000,0.900000,0.000000,0.900000
v2b,180,2,4.998,NETWORK,0,,0,200,0.000000,0.900000,0.000000,0.900000
v2b,180,3,6.998,NETWORK,0,,0,200,0.000000,0.900000,0.000000,0.900000
v2b,180,4,8.998,NETWORK,0,,0,200,0.000000,0.900000,0.000000,0.900000
v2b,180,5,10.998,NETWORK,0,,0,200,0.000000,0.900000,0.000000,0.900000
v2b,180,6,12.998,NETWORK,0,,0,200,0.000000,0.900000,0.000000,0.900000
v1a,30,0,1.998,ATTACKER,5,0,,,,,
v1a,30,0,1.998,ATTACKER,6,0,,,,,
v1a,30,0,1.998,ATTACKER,7,0,,,,,
v1a,30,0,1.998,ATTACKER,8,0,,,,,
v1a,30,0,1.998,ATTACKER,9,0,,,,,
v1a,30,0,1.998,ATTACKER,10,0,,,,,
v1a,30,0,1.998,ATTACKER,11,0,,,,,
v1a,30,0,1.998,ATTACKER,12,0,,,,,
v1a,30,0,1.998,ATTACKER,13,0,,,,,
v1a,30,0,1.998,ATTACKER,14,0,,,,,
v1a,30,0,1.998,ATTACKER,15,0,,,,,
v1a,30,0,1.998,ATTACKER,16,0,,,,,
v1a,30,0,1.998,ATTACKER,17,0,,,,,
v1a,30,0,1.998,ATTACKER,18,0,,,,,
v1a,30,0,1.998,ATTACKER,19,0,,,,,
v1a,30,0,1.998,ATTACKER,20,0,,,,,
v1a,30,0,1.998,ATTACKER,21,0,,,,,
v1a,30,0,1.998,ATTACKER,22,0,,,,,
v1a,30,0,1.998,ATTACKER,23,0,,,,,
v1a,30,0,1.998,ATTACKER,24,0,,,,,
v1a,30,0,1.998,ATTACKER,25,0,,,,,
v1a,30,0,1.998,ATTACKER,26,0,,,,,
v1a,30,0,1.998,ATTACKER,27,0,,,,,
v1a,30,0,1.998,ATTACKER,28,0,,,,,
v1a,30,0,1.998,ATTACKER,29,0,,,,,
v1a,30,0,1.998,ATTACKER,30,0,,,,,
v1a,30,0,1.998,ATTACKER,31,0,,,,,
v1a,30,0,1.998,ATTACKER,32,0,,,,,
v1a,30,0,1.998,ATTACKER,33,0,,,,,
v1a,30,0,1.998,ATTACKER,34,0,,,,,
v1a,30,0,1.998,NETWORK,0,,0,200,0.000000,0.150000,0.000000,0.150000
v1a,30,1,2.998,ATTACKER,5,10,,,,,
v1a,30,1,2.998,ATTACKER,6,10,,,,,
v1a,30,1,2.998,ATTACKER,7,10,,,,,
v1a,30,1,2.998,ATTACKER,8,10,,,,,
v1a,30,1,2.998,ATTACKER,9,10,,,,,
v1a,30,1,2.998,ATTACKER,10,10,,,,,
v1a,30,1,2.998,ATTACKER,11,10,,,,,
v1a,30,1,2.998,ATTACKER,12,10,,,,,
v1a,30,1,2.998,ATTACKER,13,10,,,,,
v1a,30,1,2.998,ATTACKER,14,10,,,,,
v1a,30,1,2.998,ATTACKER,15,10,,,,,
v1a,30,1,2.998,ATTACKER,16,10,,,,,
v1a,30,1,2.998,ATTACKER,17,10,,,,,
v1a,30,1,2.998,ATTACKER,18,10,,,,,
v1a,30,1,2.998,ATTACKER,19,10,,,,,
v1a,30,1,2.998,ATTACKER,20,10,,,,,
v1a,30,1,2.998,ATTACKER,21,10,,,,,
v1a,30,1,2.998,ATTACKER,22,10,,,,,
v1a,30,1,2.998,ATTACKER,23,10,,,,,
v1a,30,1,2.998,ATTACKER,24,10,,,,,
v1a,30,1,2.998,ATTACKER,25,10,,,,,
v1a,30,1,2.998,ATTACKER,26,10,,,,,
v1a,30,1,2.998,ATTACKER,27,10,,,,,
v1a,30,1,2.998,ATTACKER,28,10,,,,,
v1a,30,1,2.998,ATTACKER,29,10,,,,,
v1a,30,1,2.998,ATTACKER,30,10,,,,,
v1a,30,1,2.998,ATTACKER,31,10,,,,,
v1a,30,1,2.998,ATTACKER,32,10,,,,,
v1a,30,1,2.998,ATTACKER,33,10,,,,,
v1a,30,1,2.998,ATTACKER,34,10,,,,,
v1a,30,1,2.998,NETWORK,0,,300,200,0.600000,0.660000,0.660000,1.920000
v1a,30,2,4.998,ATTACKER,5,10,,,,,
v1a,30,2,4.998,ATTACKER,6,10,,,,,
v1a,30,2,4.998,ATTACKER,7,10,,,,,
v1a,30,2,4.998,ATTACKER,8,10,,,,,
v1a,30,2,4.998,ATTACKER,9,10,,,,,
v1a,30,2,4.998,ATTACKER,10,10,,,,,
v1a,30,2,4.998,ATTACKER,11,10,,,,,
v1a,30,2,4.998,ATTACKER,12,10,,,,,
v1a,30,2,4.998,ATTACKER,13,10,,,,,
v1a,30,2,4.998,ATTACKER,14,10,,,,,
v1a,30,2,4.998,ATTACKER,15,10,,,,,
v1a,30,2,4.998,ATTACKER,16,10,,,,,
v1a,30,2,4.998,ATTACKER,17,10,,,,,
v1a,30,2,4.998,ATTACKER,18,10,,,,,
v1a,30,2,4.998,ATTACKER,19,10,,,,,
v1a,30,2,4.998,ATTACKER,20,10,,,,,
v1a,30,2,4.998,ATTACKER,21,10,,,,,
v1a,30,2,4.998,ATTACKER,22,10,,,,,
v1a,30,2,4.998,ATTACKER,23,10,,,,,
v1a,30,2,4.998,ATTACKER,24,10,,,,,
v1a,30,2,4.998,ATTACKER,25,10,,,,,
v1a,30,2,4.998,ATTACKER,26,10,,,,,
v1a,30,2,4.998,ATTACKER,27,10,,,,,
v1a,30,2,4.998,ATTACKER,28,10,,,,,
v1a,30,2,4.998,ATTACKER,29,10,,,,,
v1a,30,2,4.998,ATTACKER,30,10,,,,,
v1a,30,2,4.998,ATTACKER,31,10,,,,,
v1a,30,2,4.998,ATTACKER,32,10,,,,,
v1a,30,2,4.998,ATTACKER,33,10,,,,,
v1a,30,2,4.998,ATTACKER,34,10,,,,,
v1a,30,2,4.998,NETWORK,0,,300,200,0.600000,0.660000,0.660000,1.920000
v1a,30,3,6.998,ATTACKER,5,10,,,,,
v1a,30,3,6.998,ATTACKER,6,10,,,,,
v1a,30,3,6.998,ATTACKER,7,10,,,,,
v1a,30,3,6.998,ATTACKER,8,10,,,,,
v1a,30,3,6.998,ATTACKER,9,10,,,,,
v1a,30,3,6.998,ATTACKER,10,10,,,,,
v1a,30,3,6.998,ATTACKER,11,10,,,,,
v1a,30,3,6.998,ATTACKER,12,10,,,,,
v1a,30,3,6.998,ATTACKER,13,10,,,,,
v1a,30,3,6.998,ATTACKER,14,10,,,,,
v1a,30,3,6.998,ATTACKER,15,10,,,,,
v1a,30,3,6.998,ATTACKER,16,10,,,,,
v1a,30,3,6.998,ATTACKER,17,10,,,,,
v1a,30,3,6.998,ATTACKER,18,10,,,,,
v1a,30,3,6.998,ATTACKER,19,10,,,,,
v1a,30,3,6.998,ATTACKER,20,10,,,,,
v1a,30,3,6.998,ATTACKER,21,10,,,,,
v1a,30,3,6.998,ATTACKER,22,10,,,,,
v1a,30,3,6.998,ATTACKER,23,10,,,,,
v1a,30,3,6.998,ATTACKER,24,10,,,,,
v1a,30,3,6.998,ATTACKER,25,10,,,,,
v1a,30,3,6.998,ATTACKER,26,10,,,,,
v1a,30,3,6.998,ATTACKER,27,10,,,,,
v1a,30,3,6.998,ATTACKER,28,10,,,,,
v1a,30,3,6.998,ATTACKER,29,10,,,,,
v1a,30,3,6.998,ATTACKER,30,10,,,,,
v1a,30,3,6.998,ATTACKER,31,10,,,,,
v1a,30,3,6.998,ATTACKER,32,10,,,,,
v1a,30,3,6.998,ATTACKER,33,10,,,,,
v1a,30,3,6.998,ATTACKER,34,10,,,,,
v1a,30,3,6.998,NETWORK,0,,300,200,0.600000,0.660000,0.660000,1.920000
v1a,30,4,8.998,ATTACKER,5,10,,,,,
v1a,30,4,8.998,ATTACKER,6,10,,,,,
v1a,30,4,8.998,ATTACKER,7,10,,,,,
v1a,30,4,8.998,ATTACKER,8,10,,,,,
v1a,30,4,8.998,ATTACKER,9,10,,,,,
v1a,30,4,8.998,ATTACKER,10,10,,,,,
v1a,30,4,8.998,ATTACKER,11,10,,,,,
v1a,30,4,8.998,ATTACKER,12,10,,,,,
v1a,30,4,8.998,ATTACKER,13,10,,,,,
v1a,30,4,8.998,ATTACKER,14,10,,,,,
v1a,30,4,8.998,ATTACKER,15,10,,,,,
v1a,30,4,8.998,ATTACKER,16,10,,,,,
v1a,30,4,8.998,ATTACKER,17,10,,,,,
v1a,30,4,8.998,ATTACKER,18,10,,,,,
v1a,30,4,8.998,ATTACKER,19,10,,,,,
v1a,30,4,8.998,ATTACKER,20,10,,,,,
v1a,30,4,8.998,ATTACKER,21,10,,,,,
v1a,30,4,8.998,ATTACKER,22,10,,,,,
v1a,30,4,8.998,ATTACKER,23,10,,,,,
v1a,30,4,8.998,ATTACKER,24,10,,,,,
v1a,30,4,8.998,ATTACKER,25,10,,,,,
v1a,30,4,8.998,ATTACKER,26,10,,,,,
v1a,30,4,8.998,ATTACKER,27,10,,,,,
v1a,30,4,8.998,ATTACKER,28,10,,,,,
v1a,30,4,8.998,ATTACKER,29,10,,,,,
v1a,30,4,8.998,ATTACKER,30,10,,,,,
v1a,30,4,8.998,ATTACKER,31,10,,,,,
v1a,30,4,8.998,ATTACKER,32,10,,,,,
v1a,30,4,8.998,ATTACKER,33,10,,,,,
v1a,30,4,8.998,ATTACKER,34,10,,,,,
v1a,30,4,8.998,NETWORK,0,,300,200,0.600000,0.660000,0.660000,1.920000
v1a,30,5,10.998,ATTACKER,5,10,,,,,
v1a,30,5,10.998,ATTACKER,6,10,,,,,
v1a,30,5,10.998,ATTACKER,7,10,,,,,
v1a,30,5,10.998,ATTACKER,8,10,,,,,
v1a,30,5,10.998,ATTACKER,9,10,,,,,
v1a,30,5,10.998,ATTACKER,10,10,,,,,
v1a,30,5,10.998,ATTACKER,11,10,,,,,
v1a,30,5,10.998,ATTACKER,12,10,,,,,
v1a,30,5,10.998,ATTACKER,13,10,,,,,
v1a,30,5,10.998,ATTACKER,14,10,,,,,
v1a,30,5,10.998,ATTACKER,15,10,,,,,
v1a,30,5,10.998,ATTACKER,16,10,,,,,
v1a,30,5,10.998,ATTACKER,17,10,,,,,
v1a,30,5,10.998,ATTACKER,18,10,,,,,
v1a,30,5,10.998,ATTACKER,19,10,,,,,
v1a,30,5,10.998,ATTACKER,20,10,,,,,
v1a,30,5,10.998,ATTACKER,21,10,,,,,
v1a,30,5,10.998,ATTACKER,22,10,,,,,
v1a,30,5,10.998,ATTACKER,23,10,,,,,
v1a,30,5,10.998,ATTACKER,24,10,,,,,
v1a,30,5,10.998,ATTACKER,25,10,,,,,
v1a,30,5,10.998,ATTACKER,26,10,,,,,
v1a,30,5,10.998,ATTACKER,27,10,,,,,
v1a,30,5,10.998,ATTACKER,28,10,,,,,
v1a,30,5,10.998,ATTACKER,29,10,,,,,
v1a,30,5,10.998,ATTACKER,30,10,,,,,
v1a,30,5,10.998,ATTACKER,31,10,,,,,
v1a,30,5,10.998,ATTACKER,32,10,,,,,
v1a,30,5,10.998,ATTACKER,33,10,,,,,
v1a,30,5,10.998,ATTACKER,34,10,,,,,
v1a,30,5,10.998,NETWORK,0,,300,200,0.600000,0.660000,0.660000,1.920000
v1a,30,6,12.998,ATTACKER,5,10,,,,,
v1a,30,6,12.998,ATTACKER,6,10,,,,,
v1a,30,6,12.998,ATTACKER,7,10,,,,,
v1a,30,6,12.998,ATTACKER,8,10,,,,,
v1a,30,6,12.998,ATTACKER,9,10,,,,,
v1a,30,6,12.998,ATTACKER,10,10,,,,,
v1a,30,6,12.998,ATTACKER,11,10,,,,,
v1a,30,6,12.998,ATTACKER,12,10,,,,,
v1a,30,6,12.998,ATTACKER,13,10,,,,,
v1a,30,6,12.998,ATTACKER,14,10,,,,,
v1a,30,6,12.998,ATTACKER,15,10,,,,,
v1a,30,6,12.998,ATTACKER,16,10,,,,,
v1a,30,6,12.998,ATTACKER,17,10,,,,,
v1a,30,6,12.998,ATTACKER,18,10,,,,,
v1a,30,6,12.998,ATTACKER,19,10,,,,,
v1a,30,6,12.998,ATTACKER,20,10,,,,,
v1a,30,6,12.998,ATTACKER,21,10,,,,,
v1a,30,6,12.998,ATTACKER,22,10,,,,,
v1a,30,6,12.998,ATTACKER,23,10,,,,,
v1a,30,6,12.998,ATTACKER,24,10,,,,,
v1a,30,6,12.998,ATTACKER,25,10,,,,,
v1a,30,6,12.998,ATTACKER,26,10,,,,,
v1a,30,6,12.998,ATTACKER,27,10,,,,,
v1a,30,6,12.998,ATTACKER,28,10,,,,,
v1a,30,6,12.998,ATTACKER,29,10,,,,,
v1a,30,6,12.998,ATTACKER,30,10,,,,,
v1a,30,6,12.998,ATTACKER,31,10,,,,,
v1a,30,6,12.998,ATTACKER,32,10,,,,,
v1a,30,6,12.998,ATTACKER,33,10,,,,,
v1a,30,6,12.998,ATTACKER,34,10,,,,,
v1a,30,6,12.998,NETWORK,0,,300,200,0.600000,0.660000,0.660000,1.920000
v1a,60,0,1.998,ATTACKER,5,0,,,,,
v1a,60,0,1.998,ATTACKER,6,0,,,,,
v1a,60,0,1.998,ATTACKER,7,0,,,,,
v1a,60,0,1.998,ATTACKER,8,0,,,,,
v1a,60,0,1.998,ATTACKER,9,0,,,,,
v1a,60,0,1.998,ATTACKER,10,0,,,,,
v1a,60,0,1.998,ATTACKER,11,0,,,,,
v1a,60,0,1.998,ATTACKER,12,0,,,,,
v1a,60,0,1.998,ATTACKER,13,0,,,,,
v1a,60,0,1.998,ATTACKER,14,0,,,,,
v1a,60,0,1.998,ATTACKER,15,0,,,,,
v1a,60,0,1.998,ATTACKER,16,0,,,,,
v1a,60,0,1.998,ATTACKER,17,0,,,,,
v1a,60,0,1.998,ATTACKER,18,0,,,,,
v1a,60,0,1.998,ATTACKER,19,0,,,,,
v1a,60,0,1.998,ATTACKER,20,0,,,,,
v1a,60,0,1.998,ATTACKER,21,0,,,,,
v1a,60,0,1.998,ATTACKER,22,0,,,,,
v1a,60,0,1.998,ATTACKER,23,0,,,,,
v1a,60,0,1.998,ATTACKER,24,0,,,,,
v1a,60,0,1.998,ATTACKER,25,0,,,,,
v1a,60,0,1.998,ATTACKER,26,0,,,,,
v1a,60,0,1.998,ATTACKER,27,0,,,,,
v1a,60,0,1.998,ATTACKER,28,0,,,,,
v1a,60,0,1.998,ATTACKER,29,0,,,,,
v1a,60,0,1.998,ATTACKER,30,0,,,,,
v1a,60,0,1.998,ATTACKER,31,0,,,,,
v1a,60,0,1.998,ATTACKER,32,0,,,,,
v1a,60,0,1.998,ATTACKER,33,0,,,,,
v1a,60,0,1.998,ATTACKER,34,0,,,,,
v1a,60,0,1.998,ATTACKER,35,0,,,,,
v1a,60,0,1.998,ATTACKER,36,0,,,,,
v1a,60,0,1.998,ATTACKER,37,0,,,,,
v1a,60,0,1.998,ATTACKER,38,0,,,,,
v1a,60,0,1.998,ATTACKER,39,0,,,,,
v1a,60,0,1.998,ATTACKER,40,0,,,,,
v1a,60,0,1.998,ATTACKER,41,0,,,,,
v1a,60,0,1.998,ATTACKER,42,0,,,,,
v1a,60,0,1.998,ATTACKER,43,0,,,,,
v1a,60,0,1.998,ATTACKER,44,0,,,,,
v1a,60,0,1.998,ATTACKER,45,0,,,,,
v1a,60,0,1.998,ATTACKER,46,0,,,,,
v1a,60,0,1.998,ATTACKER,47,0,,,,,
v1a,60,0,1.998,ATTACKER,48,0,,,,,
v1a,60,0,1.998,ATTACKER,49,0,,,,,
v1a,60,0,1.998,ATTACKER,50,0,,,,,
v1a,60,0,1.998,ATTACKER,51,0,,,,,
v1a,60,0,1.998,ATTACKER,52,0,,,,,
v1a,60,0,1.998,ATTACKER,53,0,,,,,
v1a,60,0,1.998,ATTACKER,54,0,,,,,
v1a,60,0,1.998,ATTACKER,55,0,,,,,
v1a,60,0,1.998,ATTACKER,56,0,,,,,
v1a,60,0,1.998,ATTACKER,57,0,,,,,
v1a,60,0,1.998,ATTACKER,58,0,,,,,
v1a,60,0,1.998,ATTACKER,59,0,,,,,
v1a,60,0,1.998,ATTACKER,60,0,,,,,
v1a,60,0,1.998,ATTACKER,61,0,,,,,
v1a,60,0,1.998,ATTACKER,62,0,,,,,
v1a,60,0,1.998,ATTACKER,63,0,,,,,
v1a,60,0,1.998,ATTACKER,64,0,,,,,
v1a,60,0,1.998,NETWORK,0,,0,200,0.000000,0.300000,0.000000,0.300000
v1a,60,1,2.998,ATTACKER,5,10,,,,,
v1a,60,1,2.998,ATTACKER,6,10,,,,,
v1a,60,1,2.998,ATTACKER,7,10,,,,,
v1a,60,1,2.998,ATTACKER,8,10,,,,,
v1a,60,1,2.998,ATTACKER,9,10,,,,,
v1a,60,1,2.998,ATTACKER,10,10,,,,,
v1a,60,1,2.998,ATTACKER,11,10,,,,,
v1a,60,1,2.998,ATTACKER,12,10,,,,,
v1a,60,1,2.998,ATTACKER,13,10,,,,,
v1a,60,1,2.998,ATTACKER,14,10,,,,,
v1a,60,1,2.998,ATTACKER,15,10,,,,,
v1a,60,1,2.998,ATTACKER,16,10,,,,,
v1a,60,1,2.998,ATTACKER,17,10,,,,,
v1a,60,1,2.998,ATTACKER,18,10,,,,,
v1a,60,1,2.998,ATTACKER,19,10,,,,,
v1a,60,1,2.998,ATTACKER,20,10,,,,,
v1a,60,1,2.998,ATTACKER,21,10,,,,,
v1a,60,1,2.998,ATTACKER,22,10,,,,,
v1a,60,1,2.998,ATTACKER,23,10,,,,,
v1a,60,1,2.998,ATTACKER,24,10,,,,,
v1a,60,1,2.998,ATTACKER,25,10,,,,,
v1a,60,1,2.998,ATTACKER,26,10,,,,,
v1a,60,1,2.998,ATTACKER,27,10,,,,,
v1a,60,1,2.998,ATTACKER,28,10,,,,,
v1a,60,1,2.998,ATTACKER,29,10,,,,,
v1a,60,1,2.998,ATTACKER,30,10,,,,,
v1a,60,1,2.998,ATTACKER,31,10,,,,,
v1a,60,1,2.998,ATTACKER,32,10,,,,,
v1a,60,1,2.998,ATTACKER,33,10,,,,,
v1a,60,1,2.998,ATTACKER,34,10,,,,,
v1a,60,1,2.998,ATTACKER,35,10,,,,,
v1a,60,1,2.998,ATTACKER,36,10,,,,,
v1a,60,1,2.998,ATTACKER,37,10,,,,,
v1a,60,1,2.998,ATTACKER,38,10,,,,,
v1a,60,1,2.998,ATTACKER,39,10,,,,,
v1a,60,1,2.998,ATTACKER,40,10,,,,,
v1a,60,1,2.998,ATTACKER,41,10,,,,,
v1a,60,1,2.998,ATTACKER,42,10,,,,,
v1a,60,1,2.998,ATTACKER,43,10,,,,,
v1a,60,1,2.998,ATTACKER,44,10,,,,,
v1a,60,1,2.998,ATTACKER,45,10,,,,,
v1a,60,1,2.998,ATTACKER,46,10,,,,,
v1a,60,1,2.998,ATTACKER,47,10,,,,,
v1a,60,1,2.998,ATTACKER,48,10,,,,,
v1a,60,1,2.998,ATTACKER,49,10,,,,,
v1a,60,1,2.998,ATTACKER,50,10,,,,,
v1a,60,1,2.998,ATTACKER,51,10,,,,,
v1a,60,1,2.998,ATTACKER,52,10,,,,,
v1a,60,1,2.998,ATTACKER,53,10,,,,,
v1a,60,1,2.998,ATTACKER,54,10,,,,,
v1a,60,1,2.998,ATTACKER,55,10,,,,,
v1a,60,1,2.998,ATTACKER,56,10,,,,,
v1a,60,1,2.998,ATTACKER,57,10,,,,,
v1a,60,1,2.998,ATTACKER,58,10,,,,,
v1a,60,1,2.998,ATTACKER,59,10,,,,,
v1a,60,1,2.998,ATTACKER,60,10,,,,,
v1a,60,1,2.998,ATTACKER,61,10,,,,,
v1a,60,1,2.998,ATTACKER,62,10,,,,,
v1a,60,1,2.998,ATTACKER,63,10,,,,,
v1a,60,1,2.998,ATTACKER,64,10,,,,,
v1a,60,1,2.998,NETWORK,0,,600,200,0.750000,0.825000,0.825000,2.400000
v1a,60,2,4.998,ATTACKER,5,10,,,,,
v1a,60,2,4.998,ATTACKER,6,10,,,,,
v1a,60,2,4.998,ATTACKER,7,10,,,,,
v1a,60,2,4.998,ATTACKER,8,10,,,,,
v1a,60,2,4.998,ATTACKER,9,10,,,,,
v1a,60,2,4.998,ATTACKER,10,10,,,,,
v1a,60,2,4.998,ATTACKER,11,10,,,,,
v1a,60,2,4.998,ATTACKER,12,10,,,,,
v1a,60,2,4.998,ATTACKER,13,10,,,,,
v1a,60,2,4.998,ATTACKER,14,10,,,,,
v1a,60,2,4.998,ATTACKER,15,10,,,,,
v1a,60,2,4.998,ATTACKER,16,10,,,,,
v1a,60,2,4.998,ATTACKER,17,10,,,,,
v1a,60,2,4.998,ATTACKER,18,10,,,,,
v1a,60,2,4.998,ATTACKER,19,10,,,,,
v1a,60,2,4.998,ATTACKER,20,10,,,,,
v1a,60,2,4.998,ATTACKER,21,10,,,,,
v1a,60,2,4.998,ATTACKER,22,10,,,,,
v1a,60,2,4.998,ATTACKER,23,10,,,,,
v1a,60,2,4.998,ATTACKER,24,10,,,,,
v1a,60,2,4.998,ATTACKER,25,10,,,,,
v1a,60,2,4.998,ATTACKER,26,10,,,,,
v1a,60,2,4.998,ATTACKER,27,10,,,,,
v1a,60,2,4.998,ATTACKER,28,10,,,,,
v1a,60,2,4.998,ATTACKER,29,10,,,,,
v1a,60,2,4.998,ATTACKER,30,10,,,,,
v1a,60,2,4.998,ATTACKER,31,10,,,,,
v1a,60,2,4.998,ATTACKER,32,10,,,,,
v1a,60,2,4.998,ATTACKER,33,10,,,,,
v1a,60,2,4.998,ATTACKER,34,10,,,,,
v1a,60,2,4.998,ATTACKER,35,10,,,,,
v1a,60,2,4.998,ATTACKER,36,10,,,,,
v1a,60,2,4.998,ATTACKER,37,10,,,,,
v1a,60,2,4.998,ATTACKER,38,10,,,,,
v1a,60,2,4.998,ATTACKER,39,10,,,,,
v1a,60,2,4.998,ATTACKER,40,10,,,,,
v1a,60,2,4.998,ATTACKER,41,10,,,,,
v1a,60,2,4.998,ATTACKER,42,10,,,,,
v1a,60,2,4.998,ATTACKER,43,10,,,,,
v1a,60,2,4.998,ATTACKER,44,10,,,,,
v1a,60,2,4.998,ATTACKER,45,10,,,,,
v1a,60,2,4.998,ATTACKER,46,10,,,,,
v1a,60,2,4.998,ATTACKER,47,10,,,,,
v1a,60,2,4.998,ATTACKER,48,10,,,,,
v1a,60,2,4.998,ATTACKER,49,10,,,,,
v1a,60,2,4.998,ATTACKER,50,10,,,,,
v1a,60,2,4.998,ATTACKER,51,10,,,,,
v1a,60,2,4.998,ATTACKER,52,10,,,,,
v1a,60,2,4.998,ATTACKER,53,10,,,,,
v1a,60,2,4.998,ATTACKER,54,10,,,,,
v1a,60,2,4.998,ATTACKER,55,10,,,,,
v1a,60,2,4.998,ATTACKER,56,10,,,,,
v1a,60,2,4.998,ATTACKER,57,10,,,,,
v1a,60,2,4.998,ATTACKER,58,10,,,,,
v1a,60,2,4.998,ATTACKER,59,10,,,,,
v1a,60,2,4.998,ATTACKER,60,10,,,,,
v1a,60,2,4.998,ATTACKER,61,10,,,,,
v1a,60,2,4.998,ATTACKER,62,10,,,,,
v1a,60,2,4.998,ATTACKER,63,10,,,,,
v1a,60,2,4.998,ATTACKER,64,10,,,,,
v1a,60,2,4.998,NETWORK,0,,600,200,0.750000,0.825000,0.825000,2.400000
v1a,60,3,6.998,ATTACKER,5,10,,,,,
v1a,60,3,6.998,ATTACKER,6,10,,,,,
v1a,60,3,6.998,ATTACKER,7,10,,,,,
v1a,60,3,6.998,ATTACKER,8,10,,,,,
v1a,60,3,6.998,ATTACKER,9,10,,,,,
v1a,60,3,6.998,ATTACKER,10,10,,,,,
v1a,60,3,6.998,ATTACKER,11,10,,,,,
v1a,60,3,6.998,ATTACKER,12,10,,,,,
v1a,60,3,6.998,ATTACKER,13,10,,,,,
v1a,60,3,6.998,ATTACKER,14,10,,,,,
v1a,60,3,6.998,ATTACKER,15,10,,,,,
v1a,60,3,6.998,ATTACKER,16,10,,,,,
v1a,60,3,6.998,ATTACKER,17,10,,,,,
v1a,60,3,6.998,ATTACKER,18,10,,,,,
v1a,60,3,6.998,ATTACKER,19,10,,,,,
v1a,60,3,6.998,ATTACKER,20,10,,,,,
v1a,60,3,6.998,ATTACKER,21,10,,,,,
v1a,60,3,6.998,ATTACKER,22,10,,,,,
v1a,60,3,6.998,ATTACKER,23,10,,,,,
v1a,60,3,6.998,ATTACKER,24,10,,,,,
v1a,60,3,6.998,ATTACKER,25,10,,,,,
v1a,60,3,6.998,ATTACKER,26,10,,,,,
v1a,60,3,6.998,ATTACKER,27,10,,,,,
v1a,60,3,6.998,ATTACKER,28,10,,,,,
v1a,60,3,6.998,ATTACKER,29,10,,,,,
v1a,60,3,6.998,ATTACKER,30,10,,,,,
v1a,60,3,6.998,ATTACKER,31,10,,,,,
v1a,60,3,6.998,ATTACKER,32,10,,,,,
v1a,60,3,6.998,ATTACKER,33,10,,,,,
v1a,60,3,6.998,ATTACKER,34,10,,,,,
v1a,60,3,6.998,ATTACKER,35,10,,,,,
v1a,60,3,6.998,ATTACKER,36,10,,,,,
v1a,60,3,6.998,ATTACKER,37,10,,,,,
v1a,60,3,6.998,ATTACKER,38,10,,,,,
v1a,60,3,6.998,ATTACKER,39,10,,,,,
v1a,60,3,6.998,ATTACKER,40,10,,,,,
v1a,60,3,6.998,ATTACKER,41,10,,,,,
v1a,60,3,6.998,ATTACKER,42,10,,,,,
v1a,60,3,6.998,ATTACKER,43,10,,,,,
v1a,60,3,6.998,ATTACKER,44,10,,,,,
v1a,60,3,6.998,ATTACKER,45,10,,,,,
v1a,60,3,6.998,ATTACKER,46,10,,,,,
v1a,60,3,6.998,ATTACKER,47,10,,,,,
v1a,60,3,6.998,ATTACKER,48,10,,,,,
v1a,60,3,6.998,ATTACKER,49,10,,,,,
v1a,60,3,6.998,ATTACKER,50,10,,,,,
v1a,60,3,6.998,ATTACKER,51,10,,,,,
v1a,60,3,6.998,ATTACKER,52,10,,,,,
v1a,60,3,6.998,ATTACKER,53,10,,,,,
v1a,60,3,6.998,ATTACKER,54,10,,,,,
v1a,60,3,6.998,ATTACKER,55,10,,,,,
v1a,60,3,6.998,ATTACKER,56,10,,,,,
v1a,60,3,6.998,ATTACKER,57,10,,,,,
v1a,60,3,6.998,ATTACKER,58,10,,,,,
v1a,60,3,6.998,ATTACKER,59,10,,,,,
v1a,60,3,6.998,ATTACKER,60,10,,,,,
v1a,60,3,6.998,ATTACKER,61,10,,,,,
v1a,60,3,6.998,ATTACKER,62,10,,,,,
v1a,60,3,6.998,ATTACKER,63,10,,,,,
v1a,60,3,6.998,ATTACKER,64,10,,,,,
v1a,60,3,6.998,NETWORK,0,,600,200,0.750000,0.825000,0.825000,2.400000
v1a,60,4,8.998,ATTACKER,5,10,,,,,
v1a,60,4,8.998,ATTACKER,6,10,,,,,
v1a,60,4,8.998,ATTACKER,7,10,,,,,
v1a,60,4,8.998,ATTACKER,8,10,,,,,
v1a,60,4,8.998,ATTACKER,9,10,,,,,
v1a,60,4,8.998,ATTACKER,10,10,,,,,
v1a,60,4,8.998,ATTACKER,11,10,,,,,
v1a,60,4,8.998,ATTACKER,12,10,,,,,
v1a,60,4,8.998,ATTACKER,13,10,,,,,
v1a,60,4,8.998,ATTACKER,14,10,,,,,
v1a,60,4,8.998,ATTACKER,15,10,,,,,
v1a,60,4,8.998,ATTACKER,16,10,,,,,
v1a,60,4,8.998,ATTACKER,17,10,,,,,
v1a,60,4,8.998,ATTACKER,18,10,,,,,
v1a,60,4,8.998,ATTACKER,19,10,,,,,
v1a,60,4,8.998,ATTACKER,20,10,,,,,
v1a,60,4,8.998,ATTACKER,21,10,,,,,
v1a,60,4,8.998,ATTACKER,22,10,,,,,
v1a,60,4,8.998,ATTACKER,23,10,,,,,
v1a,60,4,8.998,ATTACKER,24,10,,,,,
v1a,60,4,8.998,ATTACKER,25,10,,,,,
v1a,60,4,8.998,ATTACKER,26,10,,,,,
v1a,60,4,8.998,ATTACKER,27,10,,,,,
v1a,60,4,8.998,ATTACKER,28,10,,,,,
v1a,60,4,8.998,ATTACKER,29,10,,,,,
v1a,60,4,8.998,ATTACKER,30,10,,,,,
v1a,60,4,8.998,ATTACKER,31,10,,,,,
v1a,60,4,8.998,ATTACKER,32,10,,,,,
v1a,60,4,8.998,ATTACKER,33,10,,,,,
v1a,60,4,8.998,ATTACKER,34,10,,,,,
v1a,60,4,8.998,ATTACKER,35,10,,,,,
v1a,60,4,8.998,ATTACKER,36,10,,,,,
v1a,60,4,8.998,ATTACKER,37,10,,,,,
v1a,60,4,8.998,ATTACKER,38,10,,,,,
v1a,60,4,8.998,ATTACKER,39,10,,,,,
v1a,60,4,8.998,ATTACKER,40,10,,,,,
v1a,60,4,8.998,ATTACKER,41,10,,,,,
v1a,60,4,8.998,ATTACKER,42,10,,,,,
v1a,60,4,8.998,ATTACKER,43,10,,,,,
v1a,60,4,8.998,ATTACKER,44,10,,,,,
v1a,60,4,8.998,ATTACKER,45,10,,,,,
v1a,60,4,8.998,ATTACKER,46,10,,,,,
v1a,60,4,8.998,ATTACKER,47,10,,,,,
v1a,60,4,8.998,ATTACKER,48,10,,,,,
v1a,60,4,8.998,ATTACKER,49,10,,,,,
v1a,60,4,8.998,ATTACKER,50,10,,,,,
v1a,60,4,8.998,ATTACKER,51,10,,,,,
v1a,60,4,8.998,ATTACKER,52,10,,,,,
v1a,60,4,8.998,ATTACKER,53,10,,,,,
v1a,60,4,8.998,ATTACKER,54,10,,,,,
v1a,60,4,8.998,ATTACKER,55,10,,,,,
v1a,60,4,8.998,ATTACKER,56,10,,,,,
v1a,60,4,8.998,ATTACKER,57,10,,,,,
v1a,60,4,8.998,ATTACKER,58,10,,,,,
v1a,60,4,8.998,ATTACKER,59,10,,,,,
v1a,60,4,8.998,ATTACKER,60,10,,,,,
v1a,60,4,8.998,ATTACKER,61,10,,,,,
v1a,60,4,8.998,ATTACKER,62,10,,,,,
v1a,60,4,8.998,ATTACKER,63,10,,,,,
v1a,60,4,8.998,ATTACKER,64,10,,,,,
v1a,60,4,8.998,NETWORK,0,,600,200,0.750000,0.825000,0.825000,2.400000
v1a,60,5,10.998,ATTACKER,5,10,,,,,
v1a,60,5,10.998,ATTACKER,6,10,,,,,
v1a,60,5,10.998,ATTACKER,7,10,,,,,
v1a,60,5,10.998,ATTACKER,8,10,,,,,
v1a,60,5,10.998,ATTACKER,9,10,,,,,
v1a,60,5,10.998,ATTACKER,10,10,,,,,
v1a,60,5,10.998,ATTACKER,11,10,,,,,
v1a,60,5,10.998,ATTACKER,12,10,,,,,
v1a,60,5,10.998,ATTACKER,13,10,,,,,
v1a,60,5,10.998,ATTACKER,14,10,,,,,
v1a,60,5,10.998,ATTACKER,15,10,,,,,
v1a,60,5,10.998,ATTACKER,16,10,,,,,
v1a,60,5,10.998,ATTACKER,17,10,,,,,
v1a,60,5,10.998,ATTACKER,18,10,,,,,
v1a,60,5,10.998,ATTACKER,19,10,,,,,
v1a,60,5,10.998,ATTACKER,20,10,,,,,
v1a,60,5,10.998,ATTACKER,21,10,,,,,
v1a,60,5,10.998,ATTACKER,22,10,,,,,
v1a,60,5,10.998,ATTACKER,23,10,,,,,
v1a,60,5,10.998,ATTACKER,24,10,,,,,
v1a,60,5,10.998,ATTACKER,25,10,,,,,
v1a,60,5,10.998,ATTACKER,26,10,,,,,
v1a,60,5,10.998,ATTACKER,27,10,,,,,
v1a,60,5,10.998,ATTACKER,28,10,,,,,
v1a,60,5,10.998,ATTACKER,29,10,,,,,
v1a,60,5,10.998,ATTACKER,30,10,,,,,
v1a,60,5,10.998,ATTACKER,31,10,,,,,
v1a,60,5,10.998,ATTACKER,32,10,,,,,
v1a,60,5,10.998,ATTACKER,33,10,,,,,
v1a,60,5,10.998,ATTACKER,34,10,,,,,
v1a,60,5,10.998,ATTACKER,35,10,,,,,
v1a,60,5,10.998,ATTACKER,36,10,,,,,
v1a,60,5,10.998,ATTACKER,37,10,,,,,
v1a,60,5,10.998,ATTACKER,38,10,,,,,
v1a,60,5,10.998,ATTACKER,39,10,,,,,
v1a,60,5,10.998,ATTACKER,40,10,,,,,
v1a,60,5,10.998,ATTACKER,41,10,,,,,
v1a,60,5,10.998,ATTACKER,42,10,,,,,
v1a,60,5,10.998,ATTACKER,43,10,,,,,
v1a,60,5,10.998,ATTACKER,44,10,,,,,
v1a,60,5,10.998,ATTACKER,45,10,,,,,
v1a,60,5,10.998,ATTACKER,46,10,,,,,
v1a,60,5,10.998,ATTACKER,47,10,,,,,
v1a,60,5,10.998,ATTACKER,48,10,,,,,
v1a,60,5,10.998,ATTACKER,49,10,,,,,
v1a,60,5,10.998,ATTACKER,50,10,,,,,
v1a,60,5,10.998,ATTACKER,51,10,,,,,
v1a,60,5,10.998,ATTACKER,52,10,,,,,
v1a,60,5,10.998,ATTACKER,53,10,,,,,
v1a,60,5,10.998,ATTACKER,54,10,,,,,
v1a,60,5,10.998,ATTACKER,55,10,,,,,
v1a,60,5,10.998,ATTACKER,56,10,,,,,
v1a,60,5,10.998,ATTACKER,57,10,,,,,
v1a,60,5,10.998,ATTACKER,58,10,,,,,
v1a,60,5,10.998,ATTACKER,59,10,,,,,
v1a,60,5,10.998,ATTACKER,60,10,,,,,
v1a,60,5,10.998,ATTACKER,61,10,,,,,
v1a,60,5,10.998,ATTACKER,62,10,,,,,
v1a,60,5,10.998,ATTACKER,63,10,,,,,
v1a,60,5,10.998,ATTACKER,64,10,,,,,
v1a,60,5,10.998,NETWORK,0,,600,200,0.750000,0.825000,0.825000,2.400000
v1a,60,6,12.998,ATTACKER,5,10,,,,,
v1a,60,6,12.998,ATTACKER,6,10,,,,,
v1a,60,6,12.998,ATTACKER,7,10,,,,,
v1a,60,6,12.998,ATTACKER,8,10,,,,,
v1a,60,6,12.998,ATTACKER,9,10,,,,,
v1a,60,6,12.998,ATTACKER,10,10,,,,,
v1a,60,6,12.998,ATTACKER,11,10,,,,,
v1a,60,6,12.998,ATTACKER,12,10,,,,,
v1a,60,6,12.998,ATTACKER,13,10,,,,,
v1a,60,6,12.998,ATTACKER,14,10,,,,,
v1a,60,6,12.998,ATTACKER,15,10,,,,,
v1a,60,6,12.998,ATTACKER,16,10,,,,,
v1a,60,6,12.998,ATTACKER,17,10,,,,,
v1a,60,6,12.998,ATTACKER,18,10,,,,,
v1a,60,6,12.998,ATTACKER,19,10,,,,,
v1a,60,6,12.998,ATTACKER,20,10,,,,,
v1a,60,6,12.998,ATTACKER,21,10,,,,,
v1a,60,6,12.998,ATTACKER,22,10,,,,,
v1a,60,6,12.998,ATTACKER,23,10,,,,,
v1a,60,6,12.998,ATTACKER,24,10,,,,,
v1a,60,6,12.998,ATTACKER,25,10,,,,,
v1a,60,6,12.998,ATTACKER,26,10,,,,,
v1a,60,6,12.998,ATTACKER,27,10,,,,,
v1a,60,6,12.998,ATTACKER,28,10,,,,,
v1a,60,6,12.998,ATTACKER,29,10,,,,,
v1a,60,6,12.998,ATTACKER,30,10,,,,,
v1a,60,6,12.998,ATTACKER,31,10,,,,,
v1a,60,6,12.998,ATTACKER,32,10,,,,,
v1a,60,6,12.998,ATTACKER,33,10,,,,,
v1a,60,6,12.998,ATTACKER,34,10,,,,,
v1a,60,6,12.998,ATTACKER,35,10,,,,,
v1a,60,6,12.998,ATTACKER,36,10,,,,,
v1a,60,6,12.998,ATTACKER,37,10,,,,,
v1a,60,6,12.998,ATTACKER,38,10,,,,,
v1a,60,6,12.998,ATTACKER,39,10,,,,,
v1a,60,6,12.998,ATTACKER,40,10,,,,,
v1a,60,6,12.998,ATTACKER,41,10,,,,,
v1a,60,6,12.998,ATTACKER,42,10,,,,,
v1a,60,6,12.998,ATTACKER,43,10,,,,,
v1a,60,6,12.998,ATTACKER,44,10,,,,,
v1a,60,6,12.998,ATTACKER,45,10,,,,,
v1a,60,6,12.998,ATTACKER,46,10,,,,,
v1a,60,6,12.998,ATTACKER,47,10,,,,,
v1a,60,6,12.998,ATTACKER,48,10,,,,,
v1a,60,6,12.998,ATTACKER,49,10,,,,,
v1a,60,6,12.998,ATTACKER,50,10,,,,,
v1a,60,6,12.998,ATTACKER,51,10,,,,,
v1a,60,6,12.998,ATTACKER,52,10,,,,,
v1a,60,6,12.998,ATTACKER,53,10,,,,,
v1a,60,6,12.998,ATTACKER,54,10,,,,,
v1a,60,6,12.998,ATTACKER,55,10,,,,,
v1a,60,6,12.998,ATTACKER,56,10,,,,,
v1a,60,6,12.998,ATTACKER,57,10,,,,,
v1a,60,6,12.998,ATTACKER,58,10,,,,,
v1a,60,6,12.998,ATTACKER,59,10,,,,,
v1a,60,6,12.998,ATTACKER,60,10,,,,,
v1a,60,6,12.998,ATTACKER,61,10,,,,,
v1a,60,6,12.998,ATTACKER,62,10,,,,,
v1a,60,6,12.998,ATTACKER,63,10,,,,,
v1a,60,6,12.998,ATTACKER,64,10,,,,,
v1a,60,6,12.998,NETWORK,0,,600,200,0.750000,0.825000,0.825000,2.400000
v1a,90,0,1.998,ATTACKER,5,0,,,,,
v1a,90,0,1.998,ATTACKER,6,0,,,,,
v1a,90,0,1.998,ATTACKER,7,0,,,,,
v1a,90,0,1.998,ATTACKER,8,0,,,,,
v1a,90,0,1.998,ATTACKER,9,0,,,,,
v1a,90,0,1.998,ATTACKER,10,0,,,,,
v1a,90,0,1.998,ATTACKER,11,0,,,,,
v1a,90,0,1.998,ATTACKER,12,0,,,,,
v1a,90,0,1.998,ATTACKER,13,0,,,,,
v1a,90,0,1.998,ATTACKER,14,0,,,,,
v1a,90,0,1.998,ATTACKER,15,0,,,,,
v1a,90,0,1.998,ATTACKER,16,0,,,,,
v1a,90,0,1.998,ATTACKER,17,0,,,,,
v1a,90,0,1.998,ATTACKER,18,0,,,,,
v1a,90,0,1.998,ATTACKER,19,0,,,,,
v1a,90,0,1.998,ATTACKER,20,0,,,,,
v1a,90,0,1.998,ATTACKER,21,0,,,,,
v1a,90,0,1.998,ATTACKER,22,0,,,,,
v1a,90,0,1.998,ATTACKER,23,0,,,,,
v1a,90,0,1.998,ATTACKER,24,0,,,,,
v1a,90,0,1.998,ATTACKER,25,0,,,,,
v1a,90,0,1.998,ATTACKER,26,0,,,,,
v1a,90,0,1.998,ATTACKER,27,0,,,,,
v1a,90,0,1.998,ATTACKER,28,0,,,,,
v1a,90,0,1.998,ATTACKER,29,0,,,,,
v1a,90,0,1.998,ATTACKER,30,0,,,,,
v1a,90,0,1.998,ATTACKER,31,0,,,,,
v1a,90,0,1.998,ATTACKER,32,0,,,,,
v1a,90,0,1.998,ATTACKER,33,0,,,,,
v1a,90,0,1.998,ATTACKER,34,0,,,,,
v1a,90,0,1.998,ATTACKER,35,0,,,,,
v1a,90,0,1.998,ATTACKER,36,0,,,,,
v1a,90,0,1.998,ATTACKER,37,0,,,,,
v1a,90,0,1.998,ATTACKER,38,0,,,,,
v1a,90,0,1.998,ATTACKER,39,0,,,,,
v1a,90,0,1.998,ATTACKER,40,0,,,,,
v1a,90,0,1.998,ATTACKER,41,0,,,,,
v1a,90,0,1.998,ATTACKER,42,0,,,,,
v1a,90,0,1.998,ATTACKER,43,0,,,,,
v1a,90,0,1.998,ATTACKER,44,0,,,,,
v1a,90,0,1.998,ATTACKER,45,0,,,,,
v1a,90,0,1.998,ATTACKER,46,0,,,,,
v1a,90,0,1.998,ATTACKER,47,0,,,,,
v1a,90,0,1.998,ATTACKER,48,0,,,,,
v1a,90,0,1.998,ATTACKER,49,0,,,,,
v1a,90,0,1.998,ATTACKER,50,0,,,,,
v1a,90,0,1.998,ATTACKER,51,0,,,,,
v1a,90,0,1.998,ATTACKER,52,0,,,,,
v1a,90,0,1.998,ATTACKER,53,0,,,,,
v1a,90,0,1.998,ATTACKER,54,0,,,,,
v1a,90,0,1.998,ATTACKER,55,0,,,,,
v1a,90,0,1.998,ATTACKER,56,0,,,,,
v1a,90,0,1.998,ATTACKER,57,0,,,,,
v1a,90,0,1.998,ATTACKER,58,0,,,,,
v1a,90,0,1.998,ATTACKER,59,0,,,,,
v1a,90,0,1.998,ATTACKER,60,0,,,,,
v1a,90,0,1.998,ATTACKER,61,0,,,,,
v1a,90,0,1.998,ATTACKER,62,0,,,,,
v1a,90,0,1.998,ATTACKER,63,0,,,,,
v1a,90,0,1.998,ATTACKER,64,0,,,,,
v1a,90,0,1.998,ATTACKER,65,0,,,,,
v1a,90,0,1.998,ATTACKER,66,0,,,,,
v1a,90,0,1.998,ATTACKER,67,0,,,,,
v1a,90,0,1.998,ATTACKER,68,0,,,,,
v1a,90,0,1.998,ATTACKER,69,0,,,,,
v1a,90,0,1.998,ATTACKER,70,0,,,,,
v1a,90,0,1.998,ATTACKER,71,0,,,,,
v1a,90,0,1.998,ATTACKER,72,0,,,,,
v1a,90,0,1.998,ATTACKER,73,0,,,,,
v1a,90,0,1.998,ATTACKER,74,0,,,,,
v1a,90,0,1.998,ATTACKER,75,0,,,,,
v1a,90,0,1.998,ATTACKER,76,0,,,,,
v1a,90,0,1.998,ATTACKER,77,0,,,,,
v1a,90,0,1.998,ATTACKER,78,0,,,,,
v1a,90,0,1.998,ATTACKER,79,0,,,,,
v1a,90,0,1.998,ATTACKER,80,0,,,,,
v1a,90,0,1.998,ATTACKER,81,0,,,,,
v1a,90,0,1.998,ATTACKER,82,0,,,,,
v1a,90,0,1.998,ATTACKER,83,0,,,,,
v1a,90,0,1.998,ATTACKER,84,0,,,,,
v1a,90,0,1.998,ATTACKER,85,0,,,,,
v1a,90,0,1.998,ATTACKER,86,0,,,,,
v1a,90,0,1.998,ATTACKER,87,0,,,,,
v1a,90,0,1.998,ATTACKER,88,0,,,,,
v1a,90,0,1.998,ATTACKER,89,0,,,,,
v1a,90,0,1.998,ATTACKER,90,0,,,,,
v1a,90,0,1.998,ATTACKER,91,0,,,,,
v1a,90,0,1.998,ATTACKER,92,0,,,,,
v1a,90,0,1.998,ATTACKER,93,0,,,,,
v1a,90,0,1.998,ATTACKER,94,0,,,,,
v1a,90,0,1.998,NETWORK,0,,0,200,0.000000,0.450000,0.000000,0.450000
v1a,90,1,2.998,ATTACKER,5,10,,,,,
v1a,90,1,2.998,ATTACKER,6,10,,,,,
v1a,90,1,2.998,ATTACKER,7,10,,,,,
v1a,90,1,2.998,ATTACKER,8,10,,,,,
v1a,90,1,2.998,ATTACKER,9,10,,,,,
v1a,90,1,2.998,ATTACKER,10,10,,,,,
v1a,90,1,2.998,ATTACKER,11,10,,,,,
v1a,90,1,2.998,ATTACKER,12,10,,,,,
v1a,90,1,2.998,ATTACKER,13,10,,,,,
v1a,90,1,2.998,ATTACKER,14,10,,,,,
v1a,90,1,2.998,ATTACKER,15,10,,,,,
v1a,90,1,2.998,ATTACKER,16,10,,,,,
v1a,90,1,2.998,ATTACKER,17,10,,,,,
v1a,90,1,2.998,ATTACKER,18,10,,,,,
v1a,90,1,2.998,ATTACKER,19,10,,,,,
v1a,90,1,2.998,ATTACKER,20,10,,,,,
v1a,90,1,2.998,ATTACKER,21,10,,,,,
v1a,90,1,2.998,ATTACKER,22,10,,,,,
v1a,90,1,2.998,ATTACKER,23,10,,,,,
v1a,90,1,2.998,ATTACKER,24,10,,,,,
v1a,90,1,2.998,ATTACKER,25,10,,,,,
v1a,90,1,2.998,ATTACKER,26,10,,,,,
v1a,90,1,2.998,ATTACKER,27,10,,,,,
v1a,90,1,2.998,ATTACKER,28,10,,,,,
v1a,90,1,2.998,ATTACKER,29,10,,,,,
v1a,90,1,2.998,ATTACKER,30,10,,,,,
v1a,90,1,2.998,ATTACKER,31,10,,,,,
v1a,90,1,2.998,ATTACKER,32,10,,,,,
v1a,90,1,2.998,ATTACKER,33,10,,,,,
v1a,90,1,2.998,ATTACKER,34,10,,,,,
v1a,90,1,2.998,ATTACKER,35,10,,,,,
v1a,90,1,2.998,ATTACKER,36,10,,,,,
v1a,90,1,2.998,ATTACKER,37,10,,,,,
v1a,90,1,2.998,ATTACKER,38,10,,,,,
v1a,90,1,2.998,ATTACKER,39,10,,,,,
v1a,90,1,2.998,ATTACKER,40,10,,,,,
v1a,90,1,2.998,ATTACKER,41,10,,,,,
v1a,90,1,2.998,ATTACKER,42,10,,,,,
v1a,90,1,2.998,ATTACKER,43,10,,,,,
v1a,90,1,2.998,ATTACKER,44,10,,,,,
v1a,90,1,2.998,ATTACKER,45,10,,,,,
v1a,90,1,2.998,ATTACKER,46,10,,,,,
v1a,90,1,2.998,ATTACKER,47,10,,,,,
v1a,90,1,2.998,ATTACKER,48,10,,,,,
v1a,90,1,2.998,ATTACKER,49,10,,,,,
v1a,90,1,2.998,ATTACKER,50,10,,,,,
v1a,90,1,2.998,ATTACKER,51,10,,,,,
v1a,90,1,2.998,ATTACKER,52,10,,,,,
v1a,90,1,2.998,ATTACKER,53,10,,,,,
v1a,90,1,2.998,ATTACKER,54,10,,,,,
v1a,90,1,2.998,ATTACKER,55,10,,,,,
v1a,90,1,2.998,ATTACKER,56,10,,,,,
v1a,90,1,2.998,ATTACKER,57,10,,,,,
v1a,90,1,2.998,ATTACKER,58,10,,,,,
v1a,90,1,2.998,ATTACKER,59,10,,,,,
v1a,90,1,2.998,ATTACKER,60,10,,,,,
v1a,90,1,2.998,ATTACKER,61,10,,,,,
v1a,90,1,2.998,ATTACKER,62,10,,,,,
v1a,90,1,2.998,ATTACKER,63,10,,,,,
v1a,90,1,2.998,ATTACKER,64,10,,,,,
v1a,90,1,2.998,ATTACKER,65,10,,,,,
v1a,90,1,2.998,ATTACKER,66,10,,,,,
v1a,90,1,2.998,ATTACKER,67,10,,,,,
v1a,90,1,2.998,ATTACKER,68,10,,,,,
v1a,90,1,2.998,ATTACKER,69,10,,,,,
v1a,90,1,2.998,ATTACKER,70,10,,,,,
v1a,90,1,2.998,ATTACKER,71,10,,,,,
v1a,90,1,2.998,ATTACKER,72,10,,,,,
v1a,90,1,2.998,ATTACKER,73,10,,,,,
v1a,90,1,2.998,ATTACKER,74,10,,,,,
v1a,90,1,2.998,ATTACKER,75,10,,,,,
v1a,90,1,2.998,ATTACKER,76,10,,,,,
v1a,90,1,2.998,ATTACKER,77,10,,,,,
v1a,90,1,2.998,ATTACKER,78,10,,,,,
v1a,90,1,2.998,ATTACKER,79,10,,,,,
v1a,90,1,2.998,ATTACKER,80,10,,,,,
v1a,90,1,2.998,ATTACKER,81,10,,,,,
v1a,90,1,2.998,ATTACKER,82,10,,,,,
v1a,90,1,2.998,ATTACKER,83,10,,,,,
v1a,90,1,2.998,ATTACKER,84,10,,,,,
v1a,90,1,2.998,ATTACKER,85,10,,,,,
v1a,90,1,2.998,ATTACKER,86,10,,,,,
v1a,90,1,2.998,ATTACKER,87,10,,,,,
v1a,90,1,2.998,ATTACKER,88,10,,,,,
v1a,90,1,2.998,ATTACKER,89,10,,,,,
v1a,90,1,2.998,ATTACKER,90,10,,,,,
v1a,90,1,2.998,ATTACKER,91,10,,,,,
v1a,90,1,2.998,ATTACKER,92,10,,,,,
v1a,90,1,2.998,ATTACKER,93,10,,,,,
v1a,90,1,2.998,ATTACKER,94,10,,,,,
v1a,90,1,2.998,NETWORK,0,,900,200,0.818182,0.900000,0.900000,2.618182
v1a,90,2,4.998,ATTACKER,5,10,,,,,
v1a,90,2,4.998,ATTACKER,6,10,,,,,
v1a,90,2,4.998,ATTACKER,7,10,,,,,
v1a,90,2,4.998,ATTACKER,8,10,,,,,
v1a,90,2,4.998,ATTACKER,9,10,,,,,
v1a,90,2,4.998,ATTACKER,10,10,,,,,
v1a,90,2,4.998,ATTACKER,11,10,,,,,
v1a,90,2,4.998,ATTACKER,12,10,,,,,
v1a,90,2,4.998,ATTACKER,13,10,,,,,
v1a,90,2,4.998,ATTACKER,14,10,,,,,
v1a,90,2,4.998,ATTACKER,15,10,,,,,
v1a,90,2,4.998,ATTACKER,16,10,,,,,
v1a,90,2,4.998,ATTACKER,17,10,,,,,
v1a,90,2,4.998,ATTACKER,18,10,,,,,
v1a,90,2,4.998,ATTACKER,19,10,,,,,
v1a,90,2,4.998,ATTACKER,20,10,,,,,
v1a,90,2,4.998,ATTACKER,21,10,,,,,
v1a,90,2,4.998,ATTACKER,22,10,,,,,
v1a,90,2,4.998,ATTACKER,23,10,,,,,
v1a,90,2,4.998,ATTACKER,24,10,,,,,
v1a,90,2,4.998,ATTACKER,25,10,,,,,
v1a,90,2,4.998,ATTACKER,26,10,,,,,
v1a,90,2,4.998,ATTACKER,27,10,,,,,
v1a,90,2,4.998,ATTACKER,28,10,,,,,
v1a,90,2,4.998,ATTACKER,29,10,,,,,
v1a,90,2,4.998,ATTACKER,30,10,,,,,
v1a,90,2,4.998,ATTACKER,31,10,,,,,
v1a,90,2,4.998,ATTACKER,32,10,,,,,
v1a,90,2,4.998,ATTACKER,33,10,,,,,
v1a,90,2,4.998,ATTACKER,34,10,,,,,
v1a,90,2,4.998,ATTACKER,35,10,,,,,
v1a,90,2,4.998,ATTACKER,36,10,,,,,
v1a,90,2,4.998,ATTACKER,37,10,,,,,
v1a,90,2,4.998,ATTACKER,38,10,,,,,
v1a,90,2,4.998,ATTACKER,39,10,,,,,
v1a,90,2,4.998,ATTACKER,40,10,,,,,
v1a,90,2,4.998,ATTACKER,41,10,,,,,
v1a,90,2,4.998,ATTACKER,42,10,,,,,
v1a,90,2,4.998,ATTACKER,43,10,,,,,
v1a,90,2,4.998,ATTACKER,44,10,,,,,
v1a,90,2,4.998,ATTACKER,45,10,,,,,
v1a,90,2,4.998,ATTACKER,46,10,,,,,
v1a,90,2,4.998,ATTACKER,47,10,,,,,
v1a,90,2,4.998,ATTACKER,48,10,,,,,
v1a,90,2,4.998,ATTACKER,49,10,,,,,
v1a,90,2,4.998,ATTACKER,50,10,,,,,
v1a,90,2,4.998,ATTACKER,51,10,,,,,
v1a,90,2,4.998,ATTACKER,52,10,,,,,
v1a,90,2,4.998,ATTACKER,53,10,,,,,
v1a,90,2,4.998,ATTACKER,54,10,,,,,
v1a,90,2,4.998,ATTACKER,55,10,,,,,
v1a,90,2,4.998,ATTACKER,56,10,,,,,
v1a,90,2,4.998,ATTACKER,57,10,,,,,
v1a,90,2,4.998,ATTACKER,58,10,,,,,
v1a,90,2,4.998,ATTACKER,59,10,,,,,
v1a,90,2,4.998,ATTACKER,60,10,,,,,
v1a,90,2,4.998,ATTACKER,61,10,,,,,
v1a,90,2,4.998,ATTACKER,62,10,,,,,
v1a,90,2,4.998,ATTACKER,63,10,,,,,
v1a,90,2,4.998,ATTACKER,64,10,,,,,
v1a,90,2,4.998,ATTACKER,65,10,,,,,
v1a,90,2,4.998,ATTACKER,66,10,,,,,
v1a,90,2,4.998,ATTACKER,67,10,,,,,
v1a,90,2,4.998,ATTACKER,68,10,,,,,
v1a,90,2,4.998,ATTACKER,69,10,,,,,
v1a,90,2,4.998,ATTACKER,70,10,,,,,
v1a,90,2,4.998,ATTACKER,71,10,,,,,
v1a,90,2,4.998,ATTACKER,72,10,,,,,
v1a,90,2,4.998,ATTACKER,73,10,,,,,
v1a,90,2,4.998,ATTACKER,74,10,,,,,
v1a,90,2,4.998,ATTACKER,75,10,,,,,
v1a,90,2,4.998,ATTACKER,76,10,,,,,
v1a,90,2,4.998,ATTACKER,77,10,,,,,
v1a,90,2,4.998,ATTACKER,78,10,,,,,
v1a,90,2,4.998,ATTACKER,79,10,,,,,
v1a,90,2,4.998,ATTACKER,80,10,,,,,
v1a,90,2,4.998,ATTACKER,81,10,,,,,
v1a,90,2,4.998,ATTACKER,82,10,,,,,
v1a,90,2,4.998,ATTACKER,83,10,,,,,
v1a,90,2,4.998,ATTACKER,84,10,,,,,
v1a,90,2,4.998,ATTACKER,85,10,,,,,
v1a,90,2,4.998,ATTACKER,86,10,,,,,
v1a,90,2,4.998,ATTACKER,87,10,,,,,
v1a,90,2,4.998,ATTACKER,88,10,,,,,
v1a,90,2,4.998,ATTACKER,89,10,,,,,
v1a,90,2,4.998,ATTACKER,90,10,,,,,
v1a,90,2,4.998,ATTACKER,91,10,,,,,
v1a,90,2,4.998,ATTACKER,92,10,,,,,
v1a,90,2,4.998,ATTACKER,93,10,,,,,
v1a,90,2,4.998,ATTACKER,94,10,,,,,
v1a,90,2,4.998,NETWORK,0,,900,200,0.818182,0.900000,0.900000,2.618182
v1a,90,3,6.998,ATTACKER,5,10,,,,,
v1a,90,3,6.998,ATTACKER,6,10,,,,,
v1a,90,3,6.998,ATTACKER,7,10,,,,,
v1a,90,3,6.998,ATTACKER,8,10,,,,,
v1a,90,3,6.998,ATTACKER,9,10,,,,,
v1a,90,3,6.998,ATTACKER,10,10,,,,,
v1a,90,3,6.998,ATTACKER,11,10,,,,,
v1a,90,3,6.998,ATTACKER,12,10,,,,,
v1a,90,3,6.998,ATTACKER,13,10,,,,,
v1a,90,3,6.998,ATTACKER,14,10,,,,,
v1a,90,3,6.998,ATTACKER,15,10,,,,,
v1a,90,3,6.998,ATTACKER,16,10,,,,,
v1a,90,3,6.998,ATTACKER,17,10,,,,,
v1a,90,3,6.998,ATTACKER,18,10,,,,,
v1a,90,3,6.998,ATTACKER,19,10,,,,,
v1a,90,3,6.998,ATTACKER,20,10,,,,,
v1a,90,3,6.998,ATTACKER,21,10,,,,,
v1a,90,3,6.998,ATTACKER,22,10,,,,,
v1a,90,3,6.998,ATTACKER,23,10,,,,,
v1a,90,3,6.998,ATTACKER,24,10,,,,,
v1a,90,3,6.998,ATTACKER,25,10,,,,,
v1a,90,3,6.998,ATTACKER,26,10,,,,,
v1a,90,3,6.998,ATTACKER,27,10,,,,,
v1a,90,3,6.998,ATTACKER,28,10,,,,,
v1a,90,3,6.998,ATTACKER,29,10,,,,,
v1a,90,3,6.998,ATTACKER,30,10,,,,,
v1a,90,3,6.998,ATTACKER,31,10,,,,,
v1a,90,3,6.998,ATTACKER,32,10,,,,,
v1a,90,3,6.998,ATTACKER,33,10,,,,,
v1a,90,3,6.998,ATTACKER,34,10,,,,,
v1a,90,3,6.998,ATTACKER,35,10,,,,,
v1a,90,3,6.998,ATTACKER,36,10,,,,,
v1a,90,3,6.998,ATTACKER,37,10,,,,,
v1a,90,3,6.998,ATTACKER,38,10,,,,,
v1a,90,3,6.998,ATTACKER,39,10,,,,,
v1a,90,3,6.998,ATTACKER,40,10,,,,,
v1a,90,3,6.998,ATTACKER,41,10,,,,,
v1a,90,3,6.998,ATTACKER,42,10,,,,,
v1a,90,3,6.998,ATTACKER,43,10,,,,,
v1a,90,3,6.998,ATTACKER,44,10,,,,,
v1a,90,3,6.998,ATTACKER,45,10,,,,,
v1a,90,3,6.998,ATTACKER,46,10,,,,,
v1a,90,3,6.998,ATTACKER,47,10,,,,,
v1a,90,3,6.998,ATTACKER,48,10,,,,,
v1a,90,3,6.998,ATTACKER,49,10,,,,,
v1a,90,3,6.998,ATTACKER,50,10,,,,,
v1a,90,3,6.998,ATTACKER,51,10,,,,,
v1a,90,3,6.998,ATTACKER,52,10,,,,,
v1a,90,3,6.998,ATTACKER,53,10,,,,,
v1a,90,3,6.998,ATTACKER,54,10,,,,,
v1a,90,3,6.998,ATTACKER,55,10,,,,,
v1a,90,3,6.998,ATTACKER,56,10,,,,,
v1a,90,3,6.998,ATTACKER,57,10,,,,,
v1a,90,3,6.998,ATTACKER,58,10,,,,,
v1a,90,3,6.998,ATTACKER,59,10,,,,,
v1a,90,3,6.998,ATTACKER,60,10,,,,,
v1a,90,3,6.998,ATTACKER,61,10,,,,,
v1a,90,3,6.998,ATTACKER,62,10,,,,,
v1a,90,3,6.998,ATTACKER,63,10,,,,,
v1a,90,3,6.998,ATTACKER,64,10,,,,,
v1a,90,3,6.998,ATTACKER,65,10,,,,,
v1a,90,3,6.998,ATTACKER,66,10,,,,,
v1a,90,3,6.998,ATTACKER,67,10,,,,,
v1a,90,3,6.998,ATTACKER,68,10,,,,,
v1a,90,3,6.998,ATTACKER,69,10,,,,,
v1a,90,3,6.998,ATTACKER,70,10,,,,,
v1a,90,3,6.998,ATTACKER,71,10,,,,,
v1a,90,3,6.998,ATTACKER,72,10,,,,,
v1a,90,3,6.998,ATTACKER,73,10,,,,,
v1a,90,3,6.998,ATTACKER,74,10,,,,,
v1a,90,3,6.998,ATTACKER,75,10,,,,,
v1a,90,3,6.998,ATTACKER,76,10,,,,,
v1a,90,3,6.998,ATTACKER,77,10,,,,,
v1a,90,3,6.998,ATTACKER,78,10,,,,,
v1a,90,3,6.998,ATTACKER,79,10,,,,,
v1a,90,3,6.998,ATTACKER,80,10,,,,,
v1a,90,3,6.998,ATTACKER,81,10,,,,,
v1a,90,3,6.998,ATTACKER,82,10,,,,,
v1a,90,3,6.998,ATTACKER,83,10,,,,,
v1a,90,3,6.998,ATTACKER,84,10,,,,,
v1a,90,3,6.998,ATTACKER,85,10,,,,,
v1a,90,3,6.998,ATTACKER,86,10,,,,,
v1a,90,3,6.998,ATTACKER,87,10,,,,,
v1a,90,3,6.998,ATTACKER,88,10,,,,,
v1a,90,3,6.998,ATTACKER,89,10,,,,,
v1a,90,3,6.998,ATTACKER,90,10,,,,,
v1a,90,3,6.998,ATTACKER,91,10,,,,,
v1a,90,3,6.998,ATTACKER,92,10,,,,,
v1a,90,3,6.998,ATTACKER,93,10,,,,,
v1a,90,3,6.998,ATTACKER,94,10,,,,,
v1a,90,3,6.998,NETWORK,0,,900,200,0.818182,0.900000,0.900000,2.618182
v1a,90,4,8.998,ATTACKER,5,10,,,,,
v1a,90,4,8.998,ATTACKER,6,10,,,,,
v1a,90,4,8.998,ATTACKER,7,10,,,,,
v1a,90,4,8.998,ATTACKER,8,10,,,,,
v1a,90,4,8.998,ATTACKER,9,10,,,,,
v1a,90,4,8.998,ATTACKER,10,10,,,,,
v1a,90,4,8.998,ATTACKER,11,10,,,,,
v1a,90,4,8.998,ATTACKER,12,10,,,,,
v1a,90,4,8.998,ATTACKER,13,10,,,,,
v1a,90,4,8.998,ATTACKER,14,10,,,,,
v1a,90,4,8.998,ATTACKER,15,10,,,,,
v1a,90,4,8.998,ATTACKER,16,10,,,,,
v1a,90,4,8.998,ATTACKER,17,10,,,,,
v1a,90,4,8.998,ATTACKER,18,10,,,,,
v1a,90,4,8.998,ATTACKER,19,10,,,,,
v1a,90,4,8.998,ATTACKER,20,10,,,,,
v1a,90,4,8.998,ATTACKER,21,10,,,,,
v1a,90,4,8.998,ATTACKER,22,10,,,,,
v1a,90,4,8.998,ATTACKER,23,10,,,,,
v1a,90,4,8.998,ATTACKER,24,10,,,,,
v1a,90,4,8.998,ATTACKER,25,10,,,,,
v1a,90,4,8.998,ATTACKER,26,10,,,,,
v1a,90,4,8.998,ATTACKER,27,10,,,,,
v1a,90,4,8.998,ATTACKER,28,10,,,,,
v1a,90,4,8.998,ATTACKER,29,10,,,,,
v1a,90,4,8.998,ATTACKER,30,10,,,,,
v1a,90,4,8.998,ATTACKER,31,10,,,,,
v1a,90,4,8.998,ATTACKER,32,10,,,,,
v1a,90,4,8.998,ATTACKER,33,10,,,,,
v1a,90,4,8.998,ATTACKER,34,10,,,,,
v1a,90,4,8.998,ATTACKER,35,10,,,,,
v1a,90,4,8.998,ATTACKER,36,10,,,,,
v1a,90,4,8.998,ATTACKER,37,10,,,,,
v1a,90,4,8.998,ATTACKER,38,10,,,,,
v1a,90,4,8.998,ATTACKER,39,10,,,,,
v1a,90,4,8.998,ATTACKER,40,10,,,,,
v1a,90,4,8.998,ATTACKER,41,10,,,,,
v1a,90,4,8.998,ATTACKER,42,10,,,,,
v1a,90,4,8.998,ATTACKER,43,10,,,,,
v1a,90,4,8.998,ATTACKER,44,10,,,,,
v1a,90,4,8.998,ATTACKER,45,10,,,,,
v1a,90,4,8.998,ATTACKER,46,10,,,,,
v1a,90,4,8.998,ATTACKER,47,10,,,,,
v1a,90,4,8.998,ATTACKER,48,10,,,,,
v1a,90,4,8.998,ATTACKER,49,10,,,,,
v1a,90,4,8.998,ATTACKER,50,10,,,,,
v1a,90,4,8.998,ATTACKER,51,10,,,,,
v1a,90,4,8.998,ATTACKER,52,10,,,,,
v1a,90,4,8.998,ATTACKER,53,10,,,,,
v1a,90,4,8.998,ATTACKER,54,10,,,,,
v1a,90,4,8.998,ATTACKER,55,10,,,,,
v1a,90,4,8.998,ATTACKER,56,10,,,,,
v1a,90,4,8.998,ATTACKER,57,10,,,,,
v1a,90,4,8.998,ATTACKER,58,10,,,,,
v1a,90,4,8.998,ATTACKER,59,10,,,,,
v1a,90,4,8.998,ATTACKER,60,10,,,,,
v1a,90,4,8.998,ATTACKER,61,10,,,,,
v1a,90,4,8.998,ATTACKER,62,10,,,,,
v1a,90,4,8.998,ATTACKER,63,10,,,,,
v1a,90,4,8.998,ATTACKER,64,10,,,,,
v1a,90,4,8.998,ATTACKER,65,10,,,,,
v1a,90,4,8.998,ATTACKER,66,10,,,,,
v1a,90,4,8.998,ATTACKER,67,10,,,,,
v1a,90,4,8.998,ATTACKER,68,10,,,,,
v1a,90,4,8.998,ATTACKER,69,10,,,,,
v1a,90,4,8.998,ATTACKER,70,10,,,,,
v1a,90,4,8.998,ATTACKER,71,10,,,,,
v1a,90,4,8.998,ATTACKER,72,10,,,,,
v1a,90,4,8.998,ATTACKER,73,10,,,,,
v1a,90,4,8.998,ATTACKER,74,10,,,,,
v1a,90,4,8.998,ATTACKER,75,10,,,,,
v1a,90,4,8.998,ATTACKER,76,10,,,,,
v1a,90,4,8.998,ATTACKER,77,10,,,,,
v1a,90,4,8.998,ATTACKER,78,10,,,,,
v1a,90,4,8.998,ATTACKER,79,10,,,,,
v1a,90,4,8.998,ATTACKER,80,10,,,,,
v1a,90,4,8.998,ATTACKER,81,10,,,,,
v1a,90,4,8.998,ATTACKER,82,10,,,,,
v1a,90,4,8.998,ATTACKER,83,10,,,,,
v1a,90,4,8.998,ATTACKER,84,10,,,,,
v1a,90,4,8.998,ATTACKER,85,10,,,,,
v1a,90,4,8.998,ATTACKER,86,10,,,,,
v1a,90,4,8.998,ATTACKER,87,10,,,,,
v1a,90,4,8.998,ATTACKER,88,10,,,,,
v1a,90,4,8.998,ATTACKER,89,10,,,,,
v1a,90,4,8.998,ATTACKER,90,10,,,,,
v1a,90,4,8.998,ATTACKER,91,10,,,,,
v1a,90,4,8.998,ATTACKER,92,10,,,,,
v1a,90,4,8.998,ATTACKER,93,10,,,,,
v1a,90,4,8.998,ATTACKER,94,10,,,,,
v1a,90,4,8.998,NETWORK,0,,900,200,0.818182,0.900000,0.900000,2.618182
v1a,90,5,10.998,ATTACKER,5,10,,,,,
v1a,90,5,10.998,ATTACKER,6,10,,,,,
v1a,90,5,10.998,ATTACKER,7,10,,,,,
v1a,90,5,10.998,ATTACKER,8,10,,,,,
v1a,90,5,10.998,ATTACKER,9,10,,,,,
v1a,90,5,10.998,ATTACKER,10,10,,,,,
v1a,90,5,10.998,ATTACKER,11,10,,,,,
v1a,90,5,10.998,ATTACKER,12,10,,,,,
v1a,90,5,10.998,ATTACKER,13,10,,,,,
v1a,90,5,10.998,ATTACKER,14,10,,,,,
v1a,90,5,10.998,ATTACKER,15,10,,,,,
v1a,90,5,10.998,ATTACKER,16,10,,,,,
v1a,90,5,10.998,ATTACKER,17,10,,,,,
v1a,90,5,10.998,ATTACKER,18,10,,,,,
v1a,90,5,10.998,ATTACKER,19,10,,,,,
v1a,90,5,10.998,ATTACKER,20,10,,,,,
v1a,90,5,10.998,ATTACKER,21,10,,,,,
v1a,90,5,10.998,ATTACKER,22,10,,,,,
v1a,90,5,10.998,ATTACKER,23,10,,,,,
v1a,90,5,10.998,ATTACKER,24,10,,,,,
v1a,90,5,10.998,ATTACKER,25,10,,,,,
v1a,90,5,10.998,ATTACKER,26,10,,,,,
v1a,90,5,10.998,ATTACKER,27,10,,,,,
v1a,90,5,10.998,ATTACKER,28,10,,,,,
v1a,90,5,10.998,ATTACKER,29,10,,,,,
v1a,90,5,10.998,ATTACKER,30,10,,,,,
v1a,90,5,10.998,ATTACKER,31,10,,,,,
v1a,90,5,10.998,ATTACKER,32,10,,,,,
v1a,90,5,10.998,ATTACKER,33,10,,,,,
v1a,90,5,10.998,ATTACKER,34,10,,,,,
v1a,90,5,10.998,ATTACKER,35,10,,,,,
v1a,90,5,10.998,ATTACKER,36,10,,,,,
v1a,90,5,10.998,ATTACKER,37,10,,,,,
v1a,90,5,10.998,ATTACKER,38,10,,,,,
v1a,90,5,10.998,ATTACKER,39,10,,,,,
v1a,90,5,10.998,ATTACKER,40,10,,,,,
v1a,90,5,10.998,ATTACKER,41,10,,,,,
v1a,90,5,10.998,ATTACKER,42,10,,,,,
v1a,90,5,10.998,ATTACKER,43,10,,,,,
v1a,90,5,10.998,ATTACKER,44,10,,,,,
v1a,90,5,10.998,ATTACKER,45,10,,,,,
v1a,90,5,10.998,ATTACKER,46,10,,,,,
v1a,90,5,10.998,ATTACKER,47,10,,,,,
v1a,90,5,10.998,ATTACKER,48,10,,,,,
v1a,90,5,10.998,ATTACKER,49,10,,,,,
v1a,90,5,10.998,ATTACKER,50,10,,,,,
v1a,90,5,10.998,ATTACKER,51,10,,,,,
v1a,90,5,10.998,ATTACKER,52,10,,,,,
v1a,90,5,10.998,ATTACKER,53,10,,,,,
v1a,90,5,10.998,ATTACKER,54,10,,,,,
v1a,90,5,10.998,ATTACKER,55,10,,,,,
v1a,90,5,10.998,ATTACKER,56,10,,,,,
v1a,90,5,10.998,ATTACKER,57,10,,,,,
v1a,90,5,10.998,ATTACKER,58,10,,,,,
v1a,90,5,10.998,ATTACKER,59,10,,,,,
v1a,90,5,10.998,ATTACKER,60,10,,,,,
v1a,90,5,10.998,ATTACKER,61,10,,,,,
v1a,90,5,10.998,ATTACKER,62,10,,,,,
v1a,90,5,10.998,ATTACKER,63,10,,,,,
v1a,90,5,10.998,ATTACKER,64,10,,,,,
v1a,90,5,10.998,ATTACKER,65,10,,,,,
v1a,90,5,10.998,ATTACKER,66,10,,,,,
v1a,90,5,10.998,ATTACKER,67,10,,,,,
v1a,90,5,10.998,ATTACKER,68,10,,,,,
v1a,90,5,10.998,ATTACKER,69,10,,,,,
v1a,90,5,10.998,ATTACKER,70,10,,,,,
v1a,90,5,10.998,ATTACKER,71,10,,,,,
v1a,90,5,10.998,ATTACKER,72,10,,,,,
v1a,90,5,10.998,ATTACKER,73,10,,,,,
v1a,90,5,10.998,ATTACKER,74,10,,,,,
v1a,90,5,10.998,ATTACKER,75,10,,,,,
v1a,90,5,10.998,ATTACKER,76,10,,,,,
v1a,90,5,10.998,ATTACKER,77,10,,,,,
v1a,90,5,10.998,ATTACKER,78,10,,,,,
v1a,90,5,10.998,ATTACKER,79,10,,,,,
v1a,90,5,10.998,ATTACKER,80,10,,,,,
v1a,90,5,10.998,ATTACKER,81,10,,,,,
v1a,90,5,10.998,ATTACKER,82,10,,,,,
v1a,90,5,10.998,ATTACKER,83,10,,,,,
v1a,90,5,10.998,ATTACKER,84,10,,,,,
v1a,90,5,10.998,ATTACKER,85,10,,,,,
v1a,90,5,10.998,ATTACKER,86,10,,,,,
v1a,90,5,10.998,ATTACKER,87,10,,,,,
v1a,90,5,10.998,ATTACKER,88,10,,,,,
v1a,90,5,10.998,ATTACKER,89,10,,,,,
v1a,90,5,10.998,ATTACKER,90,10,,,,,
v1a,90,5,10.998,ATTACKER,91,10,,,,,
v1a,90,5,10.998,ATTACKER,92,10,,,,,
v1a,90,5,10.998,ATTACKER,93,10,,,,,
v1a,90,5,10.998,ATTACKER,94,10,,,,,
v1a,90,5,10.998,NETWORK,0,,900,200,0.818182,0.900000,0.900000,2.618182
v1a,90,6,12.998,ATTACKER,5,10,,,,,
v1a,90,6,12.998,ATTACKER,6,10,,,,,
v1a,90,6,12.998,ATTACKER,7,10,,,,,
v1a,90,6,12.998,ATTACKER,8,10,,,,,
v1a,90,6,12.998,ATTACKER,9,10,,,,,
v1a,90,6,12.998,ATTACKER,10,10,,,,,
v1a,90,6,12.998,ATTACKER,11,10,,,,,
v1a,90,6,12.998,ATTACKER,12,10,,,,,
v1a,90,6,12.998,ATTACKER,13,10,,,,,
v1a,90,6,12.998,ATTACKER,14,10,,,,,
v1a,90,6,12.998,ATTACKER,15,10,,,,,
v1a,90,6,12.998,ATTACKER,16,10,,,,,
v1a,90,6,12.998,ATTACKER,17,10,,,,,
v1a,90,6,12.998,ATTACKER,18,10,,,,,
v1a,90,6,12.998,ATTACKER,19,10,,,,,
v1a,90,6,12.998,ATTACKER,20,10,,,,,
v1a,90,6,12.998,ATTACKER,21,10,,,,,
v1a,90,6,12.998,ATTACKER,22,10,,,,,
v1a,90,6,12.998,ATTACKER,23,10,,,,,
v1a,90,6,12.998,ATTACKER,24,10,,,,,
v1a,90,6,12.998,ATTACKER,25,10,,,,,
v1a,90,6,12.998,ATTACKER,26,10,,,,,
v1a,90,6,12.998,ATTACKER,27,10,,,,,
v1a,90,6,12.998,ATTACKER,28,10,,,,,
v1a,90,6,12.998,ATTACKER,29,10,,,,,
v1a,90,6,12.998,ATTACKER,30,10,,,,,
v1a,90,6,12.998,ATTACKER,31,10,,,,,
v1a,90,6,12.998,ATTACKER,32,10,,,,,
v1a,90,6,12.998,ATTACKER,33,10,,,,,
v1a,90,6,12.998,ATTACKER,34,10,,,,,
v1a,90,6,12.998,ATTACKER,35,10,,,,,
v1a,90,6,12.998,ATTACKER,36,10,,,,,
v1a,90,6,12.998,ATTACKER,37,10,,,,,
v1a,90,6,12.998,ATTACKER,38,10,,,,,
v1a,90,6,12.998,ATTACKER,39,10,,,,,
v1a,90,6,12.998,ATTACKER,40,10,,,,,
v1a,90,6,12.998,ATTACKER,41,10,,,,,
v1a,90,6,12.998,ATTACKER,42,10,,,,,
v1a,90,6,12.998,ATTACKER,43,10,,,,,
v1a,90,6,12.998,ATTACKER,44,10,,,,,
v1a,90,6,12.998,ATTACKER,45,10,,,,,
v1a,90,6,12.998,ATTACKER,46,10,,,,,
v1a,90,6,12.998,ATTACKER,47,10,,,,,
v1a,90,6,12.998,ATTACKER,48,10,,,,,
v1a,90,6,12.998,ATTACKER,49,10,,,,,
v1a,90,6,12.998,ATTACKER,50,10,,,,,
v1a,90,6,12.998,ATTACKER,51,10,,,,,
v1a,90,6,12.998,ATTACKER,52,10,,,,,
v1a,90,6,12.998,ATTACKER,53,10,,,,,
v1a,90,6,12.998,ATTACKER,54,10,,,,,
v1a,90,6,12.998,ATTACKER,55,10,,,,,
v1a,90,6,12.998,ATTACKER,56,10,,,,,
v1a,90,6,12.998,ATTACKER,57,10,,,,,
v1a,90,6,12.998,ATTACKER,58,10,,,,,
v1a,90,6,12.998,ATTACKER,59,10,,,,,
v1a,90,6,12.998,ATTACKER,60,10,,,,,
v1a,90,6,12.998,ATTACKER,61,10,,,,,
v1a,90,6,12.998,ATTACKER,62,10,,,,,
v1a,90,6,12.998,ATTACKER,63,10,,,,,
v1a,90,6,12.998,ATTACKER,64,10,,,,,
v1a,90,6,12.998,ATTACKER,65,10,,,,,
v1a,90,6,12.998,ATTACKER,66,10,,,,,
v1a,90,6,12.998,ATTACKER,67,10,,,,,
v1a,90,6,12.998,ATTACKER,68,10,,,,,
v1a,90,6,12.998,ATTACKER,69,10,,,,,
v1a,90,6,12.998,ATTACKER,70,10,,,,,
v1a,90,6,12.998,ATTACKER,71,10,,,,,
v1a,90,6,12.998,ATTACKER,72,10,,,,,
v1a,90,6,12.998,ATTACKER,73,10,,,,,
v1a,90,6,12.998,ATTACKER,74,10,,,,,
v1a,90,6,12.998,ATTACKER,75,10,,,,,
v1a,90,6,12.998,ATTACKER,76,10,,,,,
v1a,90,6,12.998,ATTACKER,77,10,,,,,
v1a,90,6,12.998,ATTACKER,78,10,,,,,
v1a,90,6,12.998,ATTACKER,79,10,,,,,
v1a,90,6,12.998,ATTACKER,80,10,,,,,
v1a,90,6,12.998,ATTACKER,81,10,,,,,
v1a,90,6,12.998,ATTACKER,82,10,,,,,
v1a,90,6,12.998,ATTACKER,83,10,,,,,
v1a,90,6,12.998,ATTACKER,84,10,,,,,
v1a,90,6,12.998,ATTACKER,85,10,,,,,
v1a,90,6,12.998,ATTACKER,86,10,,,,,
v1a,90,6,12.998,ATTACKER,87,10,,,,,
v1a,90,6,12.998,ATTACKER,88,10,,,,,
v1a,90,6,12.998,ATTACKER,89,10,,,,,
v1a,90,6,12.998,ATTACKER,90,10,,,,,
v1a,90,6,12.998,ATTACKER,91,10,,,,,
v1a,90,6,12.998,ATTACKER,92,10,,,,,
v1a,90,6,12.998,ATTACKER,93,10,,,,,
v1a,90,6,12.998,ATTACKER,94,10,,,,,
v1a,90,6,12.998,NETWORK,0,,900,200,0.818182,0.900000,0.900000,2.618182
v1a,120,0,1.998,ATTACKER,5,0,,,,,
v1a,120,0,1.998,ATTACKER,6,0,,,,,
v1a,120,0,1.998,ATTACKER,7,0,,,,,
v1a,120,0,1.998,ATTACKER,8,0,,,,,
v1a,120,0,1.998,ATTACKER,9,0,,,,,
v1a,120,0,1.998,ATTACKER,10,0,,,,,
v1a,120,0,1.998,ATTACKER,11,0,,,,,
v1a,120,0,1.998,ATTACKER,12,0,,,,,
v1a,120,0,1.998,ATTACKER,13,0,,,,,
v1a,120,0,1.998,ATTACKER,14,0,,,,,
v1a,120,0,1.998,ATTACKER,15,0,,,,,
v1a,120,0,1.998,ATTACKER,16,0,,,,,
v1a,120,0,1.998,ATTACKER,17,0,,,,,
v1a,120,0,1.998,ATTACKER,18,0,,,,,
v1a,120,0,1.998,ATTACKER,19,0,,,,,
v1a,120,0,1.998,ATTACKER,20,0,,,,,
v1a,120,0,1.998,ATTACKER,21,0,,,,,
v1a,120,0,1.998,ATTACKER,22,0,,,,,
v1a,120,0,1.998,ATTACKER,23,0,,,,,
v1a,120,0,1.998,ATTACKER,24,0,,,,,
v1a,120,0,1.998,ATTACKER,25,0,,,,,
v1a,120,0,1.998,ATTACKER,26,0,,,,,
v1a,120,0,1.998,ATTACKER,27,0,,,,,
v1a,120,0,1.998,ATTACKER,28,0,,,,,
v1a,120,0,1.998,ATTACKER,29,0,,,,,
v1a,120,0,1.998,ATTACKER,30,0,,,,,
v1a,120,0,1.998,ATTACKER,31,0,,,,,
v1a,120,0,1.998,ATTACKER,32,0,,,,,
v1a,120,0,1.998,ATTACKER,33,0,,,,,
v1a,120,0,1.998,ATTACKER,34,0,,,,,
v1a,120,0,1.998,ATTACKER,35,0,,,,,
v1a,120,0,1.998,ATTACKER,36,0,,,,,
v1a,120,0,1.998,ATTACKER,37,0,,,,,
v1a,120,0,1.998,ATTACKER,38,0,,,,,
v1a,120,0,1.998,ATTACKER,39,0,,,,,
v1a,120,0,1.998,ATTACKER,40,0,,,,,
v1a,120,0,1.998,ATTACKER,41,0,,,,,
v1a,120,0,1.998,ATTACKER,42,0,,,,,
v1a,120,0,1.998,ATTACKER,43,0,,,,,
v1a,120,0,1.998,ATTACKER,44,0,,,,,
v1a,120,0,1.998,ATTACKER,45,0,,,,,
v1a,120,0,1.998,ATTACKER,46,0,,,,,
v1a,120,0,1.998,ATTACKER,47,0,,,,,
v1a,120,0,1.998,ATTACKER,48,0,,,,,
v1a,120,0,1.998,ATTACKER,49,0,,,,,
v1a,120,0,1.998,ATTACKER,50,0,,,,,
v1a,120,0,1.998,ATTACKER,51,0,,,,,
v1a,120,0,1.998,ATTACKER,52,0,,,,,
v1a,120,0,1.998,ATTACKER,53,0,,,,,
v1a,120,0,1.998,ATTACKER,54,0,,,,,
v1a,120,0,1.998,ATTACKER,55,0,,,,,
v1a,120,0,1.998,ATTACKER,56,0,,,,,
v1a,120,0,1.998,ATTACKER,57,0,,,,,
v1a,120,0,1.998,ATTACKER,58,0,,,,,
v1a,120,0,1.998,ATTACKER,59,0,,,,,
v1a,120,0,1.998,ATTACKER,60,0,,,,,
v1a,120,0,1.998,ATTACKER,61,0,,,,,
v1a,120,0,1.998,ATTACKER,62,0,,,,,
v1a,120,0,1.998,ATTACKER,63,0,,,,,
v1a,120,0,1.998,ATTACKER,64,0,,,,,
v1a,120,0,1.998,ATTACKER,65,0,,,,,
v1a,120,0,1.998,ATTACKER,66,0,,,,,
v1a,120,0,1.998,ATTACKER,67,0,,,,,
v1a,120,0,1.998,ATTACKER,68,0,,,,,
v1a,120,0,1.998,ATTACKER,69,0,,,,,
v1a,120,0,1.998,ATTACKER,70,0,,,,,
v1a,120,0,1.998,ATTACKER,71,0,,,,,
v1a,120,0,1.998,ATTACKER,72,0,,,,,
v1a,120,0,1.998,ATTACKER,73,0,,,,,
v1a,120,0,1.998,ATTACKER,74,0,,,,,
v1a,120,0,1.998,ATTACKER,75,0,,,,,
v1a,120,0,1.998,ATTACKER,76,0,,,,,
v1a,120,0,1.998,ATTACKER,77,0,,,,,
v1a,120,0,1.998,ATTACKER,78,0,,,,,
v1a,120,0,1.998,ATTACKER,79,0,,,,,
v1a,120,0,1.998,ATTACKER,80,0,,,,,
v1a,120,0,1.998,ATTACKER,81,0,,,,,
v1a,120,0,1.998,ATTACKER,82,0,,,,,
v1a,120,0,1.998,ATTACKER,83,0,,,,,
v1a,120,0,1.998,ATTACKER,84,0,,,,,
v1a,120,0,1.998,ATTACKER,85,0,,,,,
v1a,120,0,1.998,ATTACKER,86,0,,,,,
v1a,120,0,1.998,ATTACKER,87,0,,,,,
v1a,120,0,1.998,ATTACKER,88,0,,,,,
v1a,120,0,1.998,ATTACKER,89,0,,,,,
v1a,120,0,1.998,ATTACKER,90,0,,,,,
v1a,120,0,1.998,ATTACKER,91,0,,,,,
v1a,120,0,1.998,ATTACKER,92,0,,,,,
v1a,120,0,1.998,ATTACKER,93,0,,,,,
v1a,120,0,1.998,ATTACKER,94,0,,,,,
v1a,120,0,1.998,ATTACKER,95,0,,,,,
v1a,120,0,1.998,ATTACKER,96,0,,,,,
v1a,120,0,1.998,ATTACKER,97,0,,,,,
v1a,120,0,1.998,ATTACKER,98,0,,,,,
v1a,120,0,1.998,ATTACKER,99,0,,,,,
v1a,120,0,1.998,ATTACKER,100,0,,,,,
v1a,120,0,1.998,ATTACKER,101,0,,,,,
v1a,120,0,1.998,ATTACKER,102,0,,,,,
v1a,120,0,1.998,ATTACKER,103,0,,,,,
v1a,120,0,1.998,ATTACKER,104,0,,,,,
v1a,120,0,1.998,ATTACKER,105,0,,,,,
v1a,120,0,1.998,ATTACKER,106,0,,,,,
v1a,120,0,1.998,ATTACKER,107,0,,,,,
v1a,120,0,1.998,ATTACKER,108,0,,,,,
v1a,120,0,1.998,ATTACKER,109,0,,,,,
v1a,120,0,1.998,ATTACKER,110,0,,,,,
v1a,120,0,1.998,ATTACKER,111,0,,,,,
v1a,120,0,1.998,ATTACKER,112,0,,,,,
v1a,120,0,1.998,ATTACKER,113,0,,,,,
v1a,120,0,1.998,ATTACKER,114,0,,,,,
v1a,120,0,1.998,ATTACKER,115,0,,,,,
v1a,120,0,1.998,ATTACKER,116,0,,,,,
v1a,120,0,1.998,ATTACKER,117,0,,,,,
v1a,120,0,1.998,ATTACKER,118,0,,,,,
v1a,120,0,1.998,ATTACKER,119,0,,,,,
v1a,120,0,1.998,ATTACKER,120,0,,,,,
v1a,120,0,1.998,ATTACKER,121,0,,,,,
v1a,120,0,1.998,ATTACKER,122,0,,,,,
v1a,120,0,1.998,ATTACKER,123,0,,,,,
v1a,120,0,1.998,ATTACKER,124,0,,,,,
v1a,120,0,1.998,NETWORK,0,,0,200,0.000000,0.600000,0.000000,0.600000
v1a,120,1,2.998,ATTACKER,5,10,,,,,
v1a,120,1,2.998,ATTACKER,6,10,,,,,
v1a,120,1,2.998,ATTACKER,7,10,,,,,
v1a,120,1,2.998,ATTACKER,8,10,,,,,
v1a,120,1,2.998,ATTACKER,9,10,,,,,
v1a,120,1,2.998,ATTACKER,10,10,,,,,
v1a,120,1,2.998,ATTACKER,11,10,,,,,
v1a,120,1,2.998,ATTACKER,12,10,,,,,
v1a,120,1,2.998,ATTACKER,13,10,,,,,
v1a,120,1,2.998,ATTACKER,14,10,,,,,
v1a,120,1,2.998,ATTACKER,15,10,,,,,
v1a,120,1,2.998,ATTACKER,16,10,,,,,
v1a,120,1,2.998,ATTACKER,17,10,,,,,
v1a,120,1,2.998,ATTACKER,18,10,,,,,
v1a,120,1,2.998,ATTACKER,19,10,,,,,
v1a,120,1,2.998,ATTACKER,20,10,,,,,
v1a,120,1,2.998,ATTACKER,21,10,,,,,
v1a,120,1,2.998,ATTACKER,22,10,,,,,
v1a,120,1,2.998,ATTACKER,23,10,,,,,
v1a,120,1,2.998,ATTACKER,24,10,,,,,
v1a,120,1,2.998,ATTACKER,25,10,,,,,
v1a,120,1,2.998,ATTACKER,26,10,,,,,
v1a,120,1,2.998,ATTACKER,27,10,,,,,
v1a,120,1,2.998,ATTACKER,28,10,,,,,
v1a,120,1,2.998,ATTACKER,29,10,,,,,
v1a,120,1,2.998,ATTACKER,30,10,,,,,
v1a,120,1,2.998,ATTACKER,31,10,,,,,
v1a,120,1,2.998,ATTACKER,32,10,,,,,
v1a,120,1,2.998,ATTACKER,33,10,,,,,
v1a,120,1,2.998,ATTACKER,34,10,,,,,
v1a,120,1,2.998,ATTACKER,35,10,,,,,
v1a,120,1,2.998,ATTACKER,36,10,,,,,
v1a,120,1,2.998,ATTACKER,37,10,,,,,
v1a,120,1,2.998,ATTACKER,38,10,,,,,
v1a,120,1,2.998,ATTACKER,39,10,,,,,
v1a,120,1,2.998,ATTACKER,40,10,,,,,
v1a,120,1,2.998,ATTACKER,41,10,,,,,
v1a,120,1,2.998,ATTACKER,42,10,,,,,
v1a,120,1,2.998,ATTACKER,43,10,,,,,
v1a,120,1,2.998,ATTACKER,44,10,,,,,
v1a,120,1,2.998,ATTACKER,45,10,,,,,
v1a,120,1,2.998,ATTACKER,46,10,,,,,
v1a,120,1,2.998,ATTACKER,47,10,,,,,
v1a,120,1,2.998,ATTACKER,48,10,,,,,
v1a,120,1,2.998,ATTACKER,49,10,,,,,
v1a,120,1,2.998,ATTACKER,50,10,,,,,
v1a,120,1,2.998,ATTACKER,51,10,,,,,
v1a,120,1,2.998,ATTACKER,52,10,,,,,
v1a,120,1,2.998,ATTACKER,53,10,,,,,
v1a,120,1,2.998,ATTACKER,54,10,,,,,
v1a,120,1,2.998,ATTACKER,55,10,,,,,
v1a,120,1,2.998,ATTACKER,56,10,,,,,
v1a,120,1,2.998,ATTACKER,57,10,,,,,
v1a,120,1,2.998,ATTACKER,58,10,,,,,
v1a,120,1,2.998,ATTACKER,59,10,,,,,
v1a,120,1,2.998,ATTACKER,60,10,,,,,
v1a,120,1,2.998,ATTACKER,61,10,,,,,
v1a,120,1,2.998,ATTACKER,62,10,,,,,
v1a,120,1,2.998,ATTACKER,63,10,,,,,
v1a,120,1,2.998,ATTACKER,64,10,,,,,
v1a,120,1,2.998,ATTACKER,65,10,,,,,
v1a,120,1,2.998,ATTACKER,66,10,,,,,
v1a,120,1,2.998,ATTACKER,67,10,,,,,
v1a,120,1,2.998,ATTACKER,68,10,,,,,
v1a,120,1,2.998,ATTACKER,69,10,,,,,
v1a,120,1,2.998,ATTACKER,70,10,,,,,
v1a,120,1,2.998,ATTACKER,71,10,,,,,
v1a,120,1,2.998,ATTACKER,72,10,,,,,
v1a,120,1,2.998,ATTACKER,73,10,,,,,
v1a,120,1,2.998,ATTACKER,74,10,,,,,
v1a,120,1,2.998,ATTACKER,75,10,,,,,
v1a,120,1,2.998,ATTACKER,76,10,,,,,
v1a,120,1,2.998,ATTACKER,77,10,,,,,
v1a,120,1,2.998,ATTACKER,78,10,,,,,
v1a,120,1,2.998,ATTACKER,79,10,,,,,
v1a,120,1,2.998,ATTACKER,80,10,,,,,
v1a,120,1,2.998,ATTACKER,81,10,,,,,
v1a,120,1,2.998,ATTACKER,82,10,,,,,
v1a,120,1,2.998,ATTACKER,83,10,,,,,
v1a,120,1,2.998,ATTACKER,84,10,,,,,
v1a,120,1,2.998,ATTACKER,85,10,,,,,
v1a,120,1,2.998,ATTACKER,86,10,,,,,
v1a,120,1,2.998,ATTACKER,87,10,,,,,
v1a,120,1,2.998,ATTACKER,88,10,,,,,
v1a,120,1,2.998,ATTACKER,89,10,,,,,
v1a,120,1,2.998,ATTACKER,90,10,,,,,
v1a,120,1,2.998,ATTACKER,91,10,,,,,
v1a,120,1,2.998,ATTACKER,92,10,,,,,
v1a,120,1,2.998,ATTACKER,93,10,,,,,
v1a,120,1,2.998,ATTACKER,94,10,,,,,
v1a,120,1,2.998,ATTACKER,95,10,,,,,
v1a,120,1,2.998,ATTACKER,96,10,,,,,
v1a,120,1,2.998,ATTACKER,97,10,,,,,
v1a,120,1,2.998,ATTACKER,98,10,,,,,
v1a,120,1,2.998,ATTACKER,99,10,,,,,
v1a,120,1,2.998,ATTACKER,100,10,,,,,
v1a,120,1,2.998,ATTACKER,101,10,,,,,
v1a,120,1,2.998,ATTACKER,102,10,,,,,
v1a,120,1,2.998,ATTACKER,103,10,,,,,
v1a,120,1,2.998,ATTACKER,104,10,,,,,
v1a,120,1,2.998,ATTACKER,105,10,,,,,
v1a,120,1,2.998,ATTACKER,106,10,,,,,
v1a,120,1,2.998,ATTACKER,107,10,,,,,
v1a,120,1,2.998,ATTACKER,108,10,,,,,
v1a,120,1,2.998,ATTACKER,109,10,,,,,
v1a,120,1,2.998,ATTACKER,110,10,,,,,
v1a,120,1,2.998,ATTACKER,111,10,,,,,
v1a,120,1,2.998,ATTACKER,112,10,,,,,
v1a,120,1,2.998,ATTACKER,113,10,,,,,
v1a,120,1,2.998,ATTACKER,114,10,,,,,
v1a,120,1,2.998,ATTACKER,115,10,,,,,
v1a,120,1,2.998,ATTACKER,116,10,,,,,
v1a,120,1,2.998,ATTACKER,117,10,,,,,
v1a,120,1,2.998,ATTACKER,118,10,,,,,
v1a,120,1,2.998,ATTACKER,119,10,,,,,
v1a,120,1,2.998,ATTACKER,120,10,,,,,
v1a,120,1,2.998,ATTACKER,121,10,,,,,
v1a,120,1,2.998,ATTACKER,122,10,,,,,
v1a,120,1,2.998,ATTACKER,123,10,,,,,
v1a,120,1,2.998,ATTACKER,124,10,,,,,
v1a,120,1,2.998,NETWORK,0,,1200,200,0.857143,0.942857,0.942857,2.742857
v1a,120,2,4.998,ATTACKER,5,10,,,,,
v1a,120,2,4.998,ATTACKER,6,10,,,,,
v1a,120,2,4.998,ATTACKER,7,10,,,,,
v1a,120,2,4.998,ATTACKER,8,10,,,,,
v1a,120,2,4.998,ATTACKER,9,10,,,,,
v1a,120,2,4.998,ATTACKER,10,10,,,,,
v1a,120,2,4.998,ATTACKER,11,10,,,,,
v1a,120,2,4.998,ATTACKER,12,10,,,,,
v1a,120,2,4.998,ATTACKER,13,10,,,,,
v1a,120,2,4.998,ATTACKER,14,10,,,,,
v1a,120,2,4.998,ATTACKER,15,10,,,,,
v1a,120,2,4.998,ATTACKER,16,10,,,,,
v1a,120,2,4.998,ATTACKER,17,10,,,,,
v1a,120,2,4.998,ATTACKER,18,10,,,,,
v1a,120,2,4.998,ATTACKER,19,10,,,,,
v1a,120,2,4.998,ATTACKER,20,10,,,,,
v1a,120,2,4.998,ATTACKER,21,10,,,,,
v1a,120,2,4.998,ATTACKER,22,10,,,,,
v1a,120,2,4.998,ATTACKER,23,10,,,,,
v1a,120,2,4.998,ATTACKER,24,10,,,,,
v1a,120,2,4.998,ATTACKER,25,10,,,,,
v1a,120,2,4.998,ATTACKER,26,10,,,,,
v1a,120,2,4.998,ATTACKER,27,10,,,,,
v1a,120,2,4.998,ATTACKER,28,10,,,,,
v1a,120,2,4.998,ATTACKER,29,10,,,,,
v1a,120,2,4.998,ATTACKER,30,10,,,,,
v1a,120,2,4.998,ATTACKER,31,10,,,,,
v1a,120,2,4.998,ATTACKER,32,10,,,,,
v1a,120,2,4.998,ATTACKER,33,10,,,,,
v1a,120,2,4.998,ATTACKER,34,10,,,,,
v1a,120,2,4.998,ATTACKER,35,10,,,,,
v1a,120,2,4.998,ATTACKER,36,10,,,,,
v1a,120,2,4.998,ATTACKER,37,10,,,,,
v1a,120,2,4.998,ATTACKER,38,10,,,,,
v1a,120,2,4.998,ATTACKER,39,10,,,,,
v1a,120,2,4.998,ATTACKER,40,10,,,,,
v1a,120,2,4.998,ATTACKER,41,10,,,,,
v1a,120,2,4.998,ATTACKER,42,10,,,,,
v1a,120,2,4.998,ATTACKER,43,10,,,,,
v1a,120,2,4.998,ATTACKER,44,10,,,,,
v1a,120,2,4.998,ATTACKER,45,10,,,,,
v1a,120,2,4.998,ATTACKER,46,10,,,,,
v1a,120,2,4.998,ATTACKER,47,10,,,,,
v1a,120,2,4.998,ATTACKER,48,10,,,,,
v1a,120,2,4.998,ATTACKER,49,10,,,,,
v1a,120,2,4.998,ATTACKER,50,10,,,,,
v1a,120,2,4.998,ATTACKER,51,10,,,,,
v1a,120,2,4.998,ATTACKER,52,10,,,,,
v1a,120,2,4.998,ATTACKER,53,10,,,,,
v1a,120,2,4.998,ATTACKER,54,10,,,,,
v1a,120,2,4.998,ATTACKER,55,10,,,,,
v1a,120,2,4.998,ATTACKER,56,10,,,,,
v1a,120,2,4.998,ATTACKER,57,10,,,,,
v1a,120,2,4.998,ATTACKER,58,10,,,,,
v1a,120,2,4.998,ATTACKER,59,10,,,,,
v1a,120,2,4.998,ATTACKER,60,10,,,,,
v1a,120,2,4.998,ATTACKER,61,10,,,,,
v1a,120,2,4.998,ATTACKER,62,10,,,,,
v1a,120,2,4.998,ATTACKER,63,10,,,,,
v1a,120,2,4.998,ATTACKER,64,10,,,,,
v1a,120,2,4.998,ATTACKER,65,10,,,,,
v1a,120,2,4.998,ATTACKER,66,10,,,,,
v1a,120,2,4.998,ATTACKER,67,10,,,,,
v1a,120,2,4.998,ATTACKER,68,10,,,,,
v1a,120,2,4.998,ATTACKER,69,10,,,,,
v1a,120,2,4.998,ATTACKER,70,10,,,,,
v1a,120,2,4.998,ATTACKER,71,10,,,,,
v1a,120,2,4.998,ATTACKER,72,10,,,,,
v1a,120,2,4.998,ATTACKER,73,10,,,,,
v1a,120,2,4.998,ATTACKER,74,10,,,,,
v1a,120,2,4.998,ATTACKER,75,10,,,,,
v1a,120,2,4.998,ATTACKER,76,10,,,,,
v1a,120,2,4.998,ATTACKER,77,10,,,,,
v1a,120,2,4.998,ATTACKER,78,10,,,,,
v1a,120,2,4.998,ATTACKER,79,10,,,,,
v1a,120,2,4.998,ATTACKER,80,10,,,,,
v1a,120,2,4.998,ATTACKER,81,10,,,,,
v1a,120,2,4.998,ATTACKER,82,10,,,,,
v1a,120,2,4.998,ATTACKER,83,10,,,,,
v1a,120,2,4.998,ATTACKER,84,10,,,,,
v1a,120,2,4.998,ATTACKER,85,10,,,,,
v1a,120,2,4.998,ATTACKER,86,10,,,,,
v1a,120,2,4.998,ATTACKER,87,10,,,,,
v1a,120,2,4.998,ATTACKER,88,10,,,,,
v1a,120,2,4.998,ATTACKER,89,10,,,,,
v1a,120,2,4.998,ATTACKER,90,10,,,,,
v1a,120,2,4.998,ATTACKER,91,10,,,,,
v1a,120,2,4.998,ATTACKER,92,10,,,,,
v1a,120,2,4.998,ATTACKER,93,10,,,,,
v1a,120,2,4.998,ATTACKER,94,10,,,,,
v1a,120,2,4.998,ATTACKER,95,10,,,,,
v1a,120,2,4.998,ATTACKER,96,10,,,,,
v1a,120,2,4.998,ATTACKER,97,10,,,,,
v1a,120,2,4.998,ATTACKER,98,10,,,,,
v1a,120,2,4.998,ATTACKER,99,10,,,,,
v1a,120,2,4.998,ATTACKER,100,10,,,,,
v1a,120,2,4.998,ATTACKER,101,10,,,,,
v1a,120,2,4.998,ATTACKER,102,10,,,,,
v1a,120,2,4.998,ATTACKER,103,10,,,,,
v1a,120,2,4.998,ATTACKER,104,10,,,,,
v1a,120,2,4.998,ATTACKER,105,10,,,,,
v1a,120,2,4.998,ATTACKER,106,10,,,,,
v1a,120,2,4.998,ATTACKER,107,10,,,,,
v1a,120,2,4.998,ATTACKER,108,10,,,,,
v1a,120,2,4.998,ATTACKER,109,10,,,,,
v1a,120,2,4.998,ATTACKER,110,10,,,,,
v1a,120,2,4.998,ATTACKER,111,10,,,,,
v1a,120,2,4.998,ATTACKER,112,10,,,,,
v1a,120,2,4.998,ATTACKER,113,10,,,,,
v1a,120,2,4.998,ATTACKER,114,10,,,,,
v1a,120,2,4.998,ATTACKER,115,10,,,,,
v1a,120,2,4.998,ATTACKER,116,10,,,,,
v1a,120,2,4.998,ATTACKER,117,10,,,,,
v1a,120,2,4.998,ATTACKER,118,10,,,,,
v1a,120,2,4.998,ATTACKER,119,10,,,,,
v1a,120,2,4.998,ATTACKER,120,10,,,,,
v1a,120,2,4.998,ATTACKER,121,10,,,,,
v1a,120,2,4.998,ATTACKER,122,10,,,,,
v1a,120,2,4.998,ATTACKER,123,10,,,,,
v1a,120,2,4.998,ATTACKER,124,10,,,,,
v1a,120,2,4.998,NETWORK,0,,1200,200,0.857143,0.942857,0.942857,2.742857
v1a,120,3,6.998,ATTACKER,5,10,,,,,
v1a,120,3,6.998,ATTACKER,6,10,,,,,
v1a,120,3,6.998,ATTACKER,7,10,,,,,
v1a,120,3,6.998,ATTACKER,8,10,,,,,
v1a,120,3,6.998,ATTACKER,9,10,,,,,
v1a,120,3,6.998,ATTACKER,10,10,,,,,
v1a,120,3,6.998,ATTACKER,11,10,,,,,
v1a,120,3,6.998,ATTACKER,12,10,,,,,
v1a,120,3,6.998,ATTACKER,13,10,,,,,
v1a,120,3,6.998,ATTACKER,14,10,,,,,
v1a,120,3,6.998,ATTACKER,15,10,,,,,
v1a,120,3,6.998,ATTACKER,16,10,,,,,
v1a,120,3,6.998,ATTACKER,17,10,,,,,
v1a,120,3,6.998,ATTACKER,18,10,,,,,
v1a,120,3,6.998,ATTACKER,19,10,,,,,
v1a,120,3,6.998,ATTACKER,20,10,,,,,
v1a,120,3,6.998,ATTACKER,21,10,,,,,
v1a,120,3,6.998,ATTACKER,22,10,,,,,
v1a,120,3,6.998,ATTACKER,23,10,,,,,
v1a,120,3,6.998,ATTACKER,24,10,,,,,
v1a,120,3,6.998,ATTACKER,25,10,,,,,
v1a,120,3,6.998,ATTACKER,26,10,,,,,
v1a,120,3,6.998,ATTACKER,27,10,,,,,
v1a,120,3,6.998,ATTACKER,28,10,,,,,
v1a,120,3,6.998,ATTACKER,29,10,,,,,
v1a,120,3,6.998,ATTACKER,30,10,,,,,
v1a,120,3,6.998,ATTACKER,31,10,,,,,
v1a,120,3,6.998,ATTACKER,32,10,,,,,
v1a,120,3,6.998,ATTACKER,33,10,,,,,
v1a,120,3,6.998,ATTACKER,34,10,,,,,
v1a,120,3,6.998,ATTACKER,35,10,,,,,
v1a,120,3,6.998,ATTACKER,36,10,,,,,
v1a,120,3,6.998,ATTACKER,37,10,,,,,
v1a,120,3,6.998,ATTACKER,38,10,,,,,
v1a,120,3,6.998,ATTACKER,39,10,,,,,
v1a,120,3,6.998,ATTACKER,40,10,,,,,
v1a,120,3,6.998,ATTACKER,41,10,,,,,
v1a,120,3,6.998,ATTACKER,42,10,,,,,
v1a,120,3,6.998,ATTACKER,43,10,,,,,
v1a,120,3,6.998,ATTACKER,44,10,,,,,
v1a,120,3,6.998,ATTACKER,45,10,,,,,
v1a,120,3,6.998,ATTACKER,46,10,,,,,
v1a,120,3,6.998,ATTACKER,47,10,,,,,
v1a,120,3,6.998,ATTACKER,48,10,,,,,
v1a,120,3,6.998,ATTACKER,49,10,,,,,
v1a,120,3,6.998,ATTACKER,50,10,,,,,
v1a,120,3,6.998,ATTACKER,51,10,,,,,
v1a,120,3,6.998,ATTACKER,52,10,,,,,
v1a,120,3,6.998,ATTACKER,53,10,,,,,
v1a,120,3,6.998,ATTACKER,54,10,,,,,
v1a,120,3,6.998,ATTACKER,55,10,,,,,
v1a,120,3,6.998,ATTACKER,56,10,,,,,
v1a,120,3,6.998,ATTACKER,57,10,,,,,
v1a,120,3,6.998,ATTACKER,58,10,,,,,
v1a,120,3,6.998,ATTACKER,59,10,,,,,
v1a,120,3,6.998,ATTACKER,60,10,,,,,
v1a,120,3,6.998,ATTACKER,61,10,,,,,
v1a,120,3,6.998,ATTACKER,62,10,,,,,
v1a,120,3,6.998,ATTACKER,63,10,,,,,
v1a,120,3,6.998,ATTACKER,64,10,,,,,
v1a,120,3,6.998,ATTACKER,65,10,,,,,
v1a,120,3,6.998,ATTACKER,66,10,,,,,
v1a,120,3,6.998,ATTACKER,67,10,,,,,
v1a,120,3,6.998,ATTACKER,68,10,,,,,
v1a,120,3,6.998,ATTACKER,69,10,,,,,
v1a,120,3,6.998,ATTACKER,70,10,,,,,
v1a,120,3,6.998,ATTACKER,71,10,,,,,
v1a,120,3,6.998,ATTACKER,72,10,,,,,
v1a,120,3,6.998,ATTACKER,73,10,,,,,
v1a,120,3,6.998,ATTACKER,74,10,,,,,
v1a,120,3,6.998,ATTACKER,75,10,,,,,
v1a,120,3,6.998,ATTACKER,76,10,,,,,
v1a,120,3,6.998,ATTACKER,77,10,,,,,
v1a,120,3,6.998,ATTACKER,78,10,,,,,
v1a,120,3,6.998,ATTACKER,79,10,,,,,
v1a,120,3,6.998,ATTACKER,80,10,,,,,
v1a,120,3,6.998,ATTACKER,81,10,,,,,
v1a,120,3,6.998,ATTACKER,82,10,,,,,
v1a,120,3,6.998,ATTACKER,83,10,,,,,
v1a,120,3,6.998,ATTACKER,84,10,,,,,
v1a,120,3,6.998,ATTACKER,85,10,,,,,
v1a,120,3,6.998,ATTACKER,86,10,,,,,
v1a,120,3,6.998,ATTACKER,87,10,,,,,
v1a,120,3,6.998,ATTACKER,88,10,,,,,
v1a,120,3,6.998,ATTACKER,89,10,,,,,
v1a,120,3,6.998,ATTACKER,90,10,,,,,
v1a,120,3,6.998,ATTACKER,91,10,,,,,
v1a,120,3,6.998,ATTACKER,92,10,,,,,
v1a,120,3,6.998,ATTACKER,93,10,,,,,
v1a,120,3,6.998,ATTACKER,94,10,,,,,
v1a,120,3,6.998,ATTACKER,95,10,,,,,
v1a,120,3,6.998,ATTACKER,96,10,,,,,
v1a,120,3,6.998,ATTACKER,97,10,,,,,
v1a,120,3,6.998,ATTACKER,98,10,,,,,
v1a,120,3,6.998,ATTACKER,99,10,,,,,
v1a,120,3,6.998,ATTACKER,100,10,,,,,
v1a,120,3,6.998,ATTACKER,101,10,,,,,
v1a,120,3,6.998,ATTACKER,102,10,,,,,
v1a,120,3,6.998,ATTACKER,103,10,,,,,
v1a,120,3,6.998,ATTACKER,104,10,,,,,
v1a,120,3,6.998,ATTACKER,105,10,,,,,
v1a,120,3,6.998,ATTACKER,106,10,,,,,
v1a,120,3,6.998,ATTACKER,107,10,,,,,
v1a,120,3,6.998,ATTACKER,108,10,,,,,
v1a,120,3,6.998,ATTACKER,109,10,,,,,
v1a,120,3,6.998,ATTACKER,110,10,,,,,
v1a,120,3,6.998,ATTACKER,111,10,,,,,
v1a,120,3,6.998,ATTACKER,112,10,,,,,
v1a,120,3,6.998,ATTACKER,113,10,,,,,
v1a,120,3,6.998,ATTACKER,114,10,,,,,
v1a,120,3,6.998,ATTACKER,115,10,,,,,
v1a,120,3,6.998,ATTACKER,116,10,,,,,
v1a,120,3,6.998,ATTACKER,117,10,,,,,
v1a,120,3,6.998,ATTACKER,118,10,,,,,
v1a,120,3,6.998,ATTACKER,119,10,,,,,
v1a,120,3,6.998,ATTACKER,120,10,,,,,
v1a,120,3,6.998,ATTACKER,121,10,,,,,
v1a,120,3,6.998,ATTACKER,122,10,,,,,
v1a,120,3,6.998,ATTACKER,123,10,,,,,
v1a,120,3,6.998,ATTACKER,124,10,,,,,
v1a,120,3,6.998,NETWORK,0,,1200,200,0.857143,0.942857,0.942857,2.742857
v1a,120,4,8.998,ATTACKER,5,10,,,,,
v1a,120,4,8.998,ATTACKER,6,10,,,,,
v1a,120,4,8.998,ATTACKER,7,10,,,,,
v1a,120,4,8.998,ATTACKER,8,10,,,,,
v1a,120,4,8.998,ATTACKER,9,10,,,,,
v1a,120,4,8.998,ATTACKER,10,10,,,,,
v1a,120,4,8.998,ATTACKER,11,10,,,,,
v1a,120,4,8.998,ATTACKER,12,10,,,,,
v1a,120,4,8.998,ATTACKER,13,10,,,,,
v1a,120,4,8.998,ATTACKER,14,10,,,,,
v1a,120,4,8.998,ATTACKER,15,10,,,,,
v1a,120,4,8.998,ATTACKER,16,10,,,,,
v1a,120,4,8.998,ATTACKER,17,10,,,,,
v1a,120,4,8.998,ATTACKER,18,10,,,,,
v1a,120,4,8.998,ATTACKER,19,10,,,,,
v1a,120,4,8.998,ATTACKER,20,10,,,,,
v1a,120,4,8.998,ATTACKER,21,10,,,,,
v1a,120,4,8.998,ATTACKER,22,10,,,,,
v1a,120,4,8.998,ATTACKER,23,10,,,,,
v1a,120,4,8.998,ATTACKER,24,10,,,,,
v1a,120,4,8.998,ATTACKER,25,10,,,,,
v1a,120,4,8.998,ATTACKER,26,10,,,,,
v1a,120,4,8.998,ATTACKER,27,10,,,,,
v1a,120,4,8.998,ATTACKER,28,10,,,,,
v1a,120,4,8.998,ATTACKER,29,10,,,,,
v1a,120,4,8.998,ATTACKER,30,10,,,,,
v1a,120,4,8.998,ATTACKER,31,10,,,,,
v1a,120,4,8.998,ATTACKER,32,10,,,,,
v1a,120,4,8.998,ATTACKER,33,10,,,,,
v1a,120,4,8.998,ATTACKER,34,10,,,,,
v1a,120,4,8.998,ATTACKER,35,10,,,,,
v1a,120,4,8.998,ATTACKER,36,10,,,,,
v1a,120,4,8.998,ATTACKER,37,10,,,,,
v1a,120,4,8.998,ATTACKER,38,10,,,,,
v1a,120,4,8.998,ATTACKER,39,10,,,,,
v1a,120,4,8.998,ATTACKER,40,10,,,,,
v1a,120,4,8.998,ATTACKER,41,10,,,,,
v1a,120,4,8.998,ATTACKER,42,10,,,,,
v1a,120,4,8.998,ATTACKER,43,10,,,,,
v1a,120,4,8.998,ATTACKER,44,10,,,,,
v1a,120,4,8.998,ATTACKER,45,10,,,,,
v1a,120,4,8.998,ATTACKER,46,10,,,,,
v1a,120,4,8.998,ATTACKER,47,10,,,,,
v1a,120,4,8.998,ATTACKER,48,10,,,,,
v1a,120,4,8.998,ATTACKER,49,10,,,,,
v1a,120,4,8.998,ATTACKER,50,10,,,,,
v1a,120,4,8.998,ATTACKER,51,10,,,,,
v1a,120,4,8.998,ATTACKER,52,10,,,,,
v1a,120,4,8.998,ATTACKER,53,10,,,,,
v1a,120,4,8.998,ATTACKER,54,10,,,,,
v1a,120,4,8.998,ATTACKER,55,10,,,,,
v1a,120,4,8.998,ATTACKER,56,10,,,,,
v1a,120,4,8.998,ATTACKER,57,10,,,,,
v1a,120,4,8.998,ATTACKER,58,10,,,,,
v1a,120,4,8.998,ATTACKER,59,10,,,,,
v1a,120,4,8.998,ATTACKER,60,10,,,,,
v1a,120,4,8.998,ATTACKER,61,10,,,,,
v1a,120,4,8.998,ATTACKER,62,10,,,,,
v1a,120,4,8.998,ATTACKER,63,10,,,,,
v1a,120,4,8.998,ATTACKER,64,10,,,,,
v1a,120,4,8.998,ATTACKER,65,10,,,,,
v1a,120,4,8.998,ATTACKER,66,10,,,,,
v1a,120,4,8.998,ATTACKER,67,10,,,,,
v1a,120,4,8.998,ATTACKER,68,10,,,,,
v1a,120,4,8.998,ATTACKER,69,10,,,,,
v1a,120,4,8.998,ATTACKER,70,10,,,,,
v1a,120,4,8.998,ATTACKER,71,10,,,,,
v1a,120,4,8.998,ATTACKER,72,10,,,,,
v1a,120,4,8.998,ATTACKER,73,10,,,,,
v1a,120,4,8.998,ATTACKER,74,10,,,,,
v1a,120,4,8.998,ATTACKER,75,10,,,,,
v1a,120,4,8.998,ATTACKER,76,10,,,,,
v1a,120,4,8.998,ATTACKER,77,10,,,,,
v1a,120,4,8.998,ATTACKER,78,10,,,,,
v1a,120,4,8.998,ATTACKER,79,10,,,,,
v1a,120,4,8.998,ATTACKER,80,10,,,,,
v1a,120,4,8.998,ATTACKER,81,10,,,,,
v1a,120,4,8.998,ATTACKER,82,10,,,,,
v1a,120,4,8.998,ATTACKER,83,10,,,,,
v1a,120,4,8.998,ATTACKER,84,10,,,,,
v1a,120,4,8.998,ATTACKER,85,10,,,,,
v1a,120,4,8.998,ATTACKER,86,10,,,,,
v1a,120,4,8.998,ATTACKER,87,10,,,,,
v1a,120,4,8.998,ATTACKER,88,10,,,,,
v1a,120,4,8.998,ATTACKER,89,10,,,,,
v1a,120,4,8.998,ATTACKER,90,10,,,,,
v1a,120,4,8.998,ATTACKER,91,10,,,,,
v1a,120,4,8.998,ATTACKER,92,10,,,,,
v1a,120,4,8.998,ATTACKER,93,10,,,,,
v1a,120,4,8.998,ATTACKER,94,10,,,,,
v1a,120,4,8.998,ATTACKER,95,10,,,,,
v1a,120,4,8.998,ATTACKER,96,10,,,,,
v1a,120,4,8.998,ATTACKER,97,10,,,,,
v1a,120,4,8.998,ATTACKER,98,10,,,,,
v1a,120,4,8.998,ATTACKER,99,10,,,,,
v1a,120,4,8.998,ATTACKER,100,10,,,,,
v1a,120,4,8.998,ATTACKER,101,10,,,,,
v1a,120,4,8.998,ATTACKER,102,10,,,,,
v1a,120,4,8.998,ATTACKER,103,10,,,,,
v1a,120,4,8.998,ATTACKER,104,10,,,,,
v1a,120,4,8.998,ATTACKER,105,10,,,,,
v1a,120,4,8.998,ATTACKER,106,10,,,,,
v1a,120,4,8.998,ATTACKER,107,10,,,,,
v1a,120,4,8.998,ATTACKER,108,10,,,,,
v1a,120,4,8.998,ATTACKER,109,10,,,,,
v1a,120,4,8.998,ATTACKER,110,10,,,,,
v1a,120,4,8.998,ATTACKER,111,10,,,,,
v1a,120,4,8.998,ATTACKER,112,10,,,,,
v1a,120,4,8.998,ATTACKER,113,10,,,,,
v1a,120,4,8.998,ATTACKER,114,10,,,,,
v1a,120,4,8.998,ATTACKER,115,10,,,,,
v1a,120,4,8.998,ATTACKER,116,10,,,,,
v1a,120,4,8.998,ATTACKER,117,10,,,,,
v1a,120,4,8.998,ATTACKER,118,10,,,,,
v1a,120,4,8.998,ATTACKER,119,10,,,,,
v1a,120,4,8.998,ATTACKER,120,10,,,,,
v1a,120,4,8.998,ATTACKER,121,10,,,,,
v1a,120,4,8.998,ATTACKER,122,10,,,,,
v1a,120,4,8.998,ATTACKER,123,10,,,,,
v1a,120,4,8.998,ATTACKER,124,10,,,,,
v1a,120,4,8.998,NETWORK,0,,1200,200,0.857143,0.942857,0.942857,2.742857
v1a,120,5,10.998,ATTACKER,5,10,,,,,
v1a,120,5,10.998,ATTACKER,6,10,,,,,
v1a,120,5,10.998,ATTACKER,7,10,,,,,
v1a,120,5,10.998,ATTACKER,8,10,,,,,
v1a,120,5,10.998,ATTACKER,9,10,,,,,
v1a,120,5,10.998,ATTACKER,10,10,,,,,
v1a,120,5,10.998,ATTACKER,11,10,,,,,
v1a,120,5,10.998,ATTACKER,12,10,,,,,
v1a,120,5,10.998,ATTACKER,13,10,,,,,
v1a,120,5,10.998,ATTACKER,14,10,,,,,
v1a,120,5,10.998,ATTACKER,15,10,,,,,
v1a,120,5,10.998,ATTACKER,16,10,,,,,
v1a,120,5,10.998,ATTACKER,17,10,,,,,
v1a,120,5,10.998,ATTACKER,18,10,,,,,
v1a,120,5,10.998,ATTACKER,19,10,,,,,
v1a,120,5,10.998,ATTACKER,20,10,,,,,
v1a,120,5,10.998,ATTACKER,21,10,,,,,
v1a,120,5,10.998,ATTACKER,22,10,,,,,
v1a,120,5,10.998,ATTACKER,23,10,,,,,
v1a,120,5,10.998,ATTACKER,24,10,,,,,
v1a,120,5,10.998,ATTACKER,25,10,,,,,
v1a,120,5,10.998,ATTACKER,26,10,,,,,
v1a,120,5,10.998,ATTACKER,27,10,,,,,
v1a,120,5,10.998,ATTACKER,28,10,,,,,
v1a,120,5,10.998,ATTACKER,29,10,,,,,
v1a,120,5,10.998,ATTACKER,30,10,,,,,
v1a,120,5,10.998,ATTACKER,31,10,,,,,
v1a,120,5,10.998,ATTACKER,32,10,,,,,
v1a,120,5,10.998,ATTACKER,33,10,,,,,
v1a,120,5,10.998,ATTACKER,34,10,,,,,
v1a,120,5,10.998,ATTACKER,35,10,,,,,
v1a,120,5,10.998,ATTACKER,36,10,,,,,
v1a,120,5,10.998,ATTACKER,37,10,,,,,
v1a,120,5,10.998,ATTACKER,38,10,,,,,
v1a,120,5,10.998,ATTACKER,39,10,,,,,
v1a,120,5,10.998,ATTACKER,40,10,,,,,
v1a,120,5,10.998,ATTACKER,41,10,,,,,
v1a,120,5,10.998,ATTACKER,42,10,,,,,
v1a,120,5,10.998,ATTACKER,43,10,,,,,
v1a,120,5,10.998,ATTACKER,44,10,,,,,
v1a,120,5,10.998,ATTACKER,45,10,,,,,
v1a,120,5,10.998,ATTACKER,46,10,,,,,
v1a,120,5,10.998,ATTACKER,47,10,,,,,
v1a,120,5,10.998,ATTACKER,48,10,,,,,
v1a,120,5,10.998,ATTACKER,49,10,,,,,
v1a,120,5,10.998,ATTACKER,50,10,,,,,
v1a,120,5,10.998,ATTACKER,51,10,,,,,
v1a,120,5,10.998,ATTACKER,52,10,,,,,
v1a,120,5,10.998,ATTACKER,53,10,,,,,
v1a,120,5,10.998,ATTACKER,54,10,,,,,
v1a,120,5,10.998,ATTACKER,55,10,,,,,
v1a,120,5,10.998,ATTACKER,56,10,,,,,
v1a,120,5,10.998,ATTACKER,57,10,,,,,
v1a,120,5,10.998,ATTACKER,58,10,,,,,
v1a,120,5,10.998,ATTACKER,59,10,,,,,
v1a,120,5,10.998,ATTACKER,60,10,,,,,
v1a,120,5,10.998,ATTACKER,61,10,,,,,
v1a,120,5,10.998,ATTACKER,62,10,,,,,
v1a,120,5,10.998,ATTACKER,63,10,,,,,
v1a,120,5,10.998,ATTACKER,64,10,,,,,
v1a,120,5,10.998,ATTACKER,65,10,,,,,
v1a,120,5,10.998,ATTACKER,66,10,,,,,
v1a,120,5,10.998,ATTACKER,67,10,,,,,
v1a,120,5,10.998,ATTACKER,68,10,,,,,
v1a,120,5,10.998,ATTACKER,69,10,,,,,
v1a,120,5,10.998,ATTACKER,70,10,,,,,
v1a,120,5,10.998,ATTACKER,71,10,,,,,
v1a,120,5,10.998,ATTACKER,72,10,,,,,
v1a,120,5,10.998,ATTACKER,73,10,,,,,
v1a,120,5,10.998,ATTACKER,74,10,,,,,
v1a,120,5,10.998,ATTACKER,75,10,,,,,
v1a,120,5,10.998,ATTACKER,76,10,,,,,
v1a,120,5,10.998,ATTACKER,77,10,,,,,
v1a,120,5,10.998,ATTACKER,78,10,,,,,
v1a,120,5,10.998,ATTACKER,79,10,,,,,
v1a,120,5,10.998,ATTACKER,80,10,,,,,
v1a,120,5,10.998,ATTACKER,81,10,,,,,
v1a,120,5,10.998,ATTACKER,82,10,,,,,
v1a,120,5,10.998,ATTACKER,83,10,,,,,
v1a,120,5,10.998,ATTACKER,84,10,,,,,
v1a,120,5,10.998,ATTACKER,85,10,,,,,
v1a,120,5,10.998,ATTACKER,86,10,,,,,
v1a,120,5,10.998,ATTACKER,87,10,,,,,
v1a,120,5,10.998,ATTACKER,88,10,,,,,
v1a,120,5,10.998,ATTACKER,89,10,,,,,
v1a,120,5,10.998,ATTACKER,90,10,,,,,
v1a,120,5,10.998,ATTACKER,91,10,,,,,
v1a,120,5,10.998,ATTACKER,92,10,,,,,
v1a,120,5,10.998,ATTACKER,93,10,,,,,
v1a,120,5,10.998,ATTACKER,94,10,,,,,
v1a,120,5,10.998,ATTACKER,95,10,,,,,
v1a,120,5,10.998,ATTACKER,96,10,,,,,
v1a,120,5,10.998,ATTACKER,97,10,,,,,
v1a,120,5,10.998,ATTACKER,98,10,,,,,
v1a,120,5,10.998,ATTACKER,99,10,,,,,
v1a,120,5,10.998,ATTACKER,100,10,,,,,
v1a,120,5,10.998,ATTACKER,101,10,,,,,
v1a,120,5,10.998,ATTACKER,102,10,,,,,
v1a,120,5,10.998,ATTACKER,103,10,,,,,
v1a,120,5,10.998,ATTACKER,104,10,,,,,
v1a,120,5,10.998,ATTACKER,105,10,,,,,
v1a,120,5,10.998,ATTACKER,106,10,,,,,
v1a,120,5,10.998,ATTACKER,107,10,,,,,
v1a,120,5,10.998,ATTACKER,108,10,,,,,
v1a,120,5,10.998,ATTACKER,109,10,,,,,
v1a,120,5,10.998,ATTACKER,110,10,,,,,
v1a,120,5,10.998,ATTACKER,111,10,,,,,
v1a,120,5,10.998,ATTACKER,112,10,,,,,
v1a,120,5,10.998,ATTACKER,113,10,,,,,
v1a,120,5,10.998,ATTACKER,114,10,,,,,
v1a,120,5,10.998,ATTACKER,115,10,,,,,
v1a,120,5,10.998,ATTACKER,116,10,,,,,
v1a,120,5,10.998,ATTACKER,117,10,,,,,
v1a,120,5,10.998,ATTACKER,118,10,,,,,
v1a,120,5,10.998,ATTACKER,119,10,,,,,
v1a,120,5,10.998,ATTACKER,120,10,,,,,
v1a,120,5,10.998,ATTACKER,121,10,,,,,
v1a,120,5,10.998,ATTACKER,122,10,,,,,
v1a,120,5,10.998,ATTACKER,123,10,,,,,
v1a,120,5,10.998,ATTACKER,124,10,,,,,
v1a,120,5,10.998,NETWORK,0,,1200,200,0.857143,0.942857,0.942857,2.742857
v1a,120,6,12.998,ATTACKER,5,10,,,,,
v1a,120,6,12.998,ATTACKER,6,10,,,,,
v1a,120,6,12.998,ATTACKER,7,10,,,,,
v1a,120,6,12.998,ATTACKER,8,10,,,,,
v1a,120,6,12.998,ATTACKER,9,10,,,,,
v1a,120,6,12.998,ATTACKER,10,10,,,,,
v1a,120,6,12.998,ATTACKER,11,10,,,,,
v1a,120,6,12.998,ATTACKER,12,10,,,,,
v1a,120,6,12.998,ATTACKER,13,10,,,,,
v1a,120,6,12.998,ATTACKER,14,10,,,,,
v1a,120,6,12.998,ATTACKER,15,10,,,,,
v1a,120,6,12.998,ATTACKER,16,10,,,,,
v1a,120,6,12.998,ATTACKER,17,10,,,,,
v1a,120,6,12.998,ATTACKER,18,10,,,,,
v1a,120,6,12.998,ATTACKER,19,10,,,,,
v1a,120,6,12.998,ATTACKER,20,10,,,,,
v1a,120,6,12.998,ATTACKER,21,10,,,,,
v1a,120,6,12.998,ATTACKER,22,10,,,,,
v1a,120,6,12.998,ATTACKER,23,10,,,,,
v1a,120,6,12.998,ATTACKER,24,10,,,,,
v1a,120,6,12.998,ATTACKER,25,10,,,,,
v1a,120,6,12.998,ATTACKER,26,10,,,,,
v1a,120,6,12.998,ATTACKER,27,10,,,,,
v1a,120,6,12.998,ATTACKER,28,10,,,,,
v1a,120,6,12.998,ATTACKER,29,10,,,,,
v1a,120,6,12.998,ATTACKER,30,10,,,,,
v1a,120,6,12.998,ATTACKER,31,10,,,,,
v1a,120,6,12.998,ATTACKER,32,10,,,,,
v1a,120,6,12.998,ATTACKER,33,10,,,,,
v1a,120,6,12.998,ATTACKER,34,10,,,,,
v1a,120,6,12.998,ATTACKER,35,10,,,,,
v1a,120,6,12.998,ATTACKER,36,10,,,,,
v1a,120,6,12.998,ATTACKER,37,10,,,,,
v1a,120,6,12.998,ATTACKER,38,10,,,,,
v1a,120,6,12.998,ATTACKER,39,10,,,,,
v1a,120,6,12.998,ATTACKER,40,10,,,,,
v1a,120,6,12.998,ATTACKER,41,10,,,,,
v1a,120,6,12.998,ATTACKER,42,10,,,,,
v1a,120,6,12.998,ATTACKER,43,10,,,,,
v1a,120,6,12.998,ATTACKER,44,10,,,,,
v1a,120,6,12.998,ATTACKER,45,10,,,,,
v1a,120,6,12.998,ATTACKER,46,10,,,,,
v1a,120,6,12.998,ATTACKER,47,10,,,,,
v1a,120,6,12.998,ATTACKER,48,10,,,,,
v1a,120,6,12.998,ATTACKER,49,10,,,,,
v1a,120,6,12.998,ATTACKER,50,10,,,,,
v1a,120,6,12.998,ATTACKER,51,10,,,,,
v1a,120,6,12.998,ATTACKER,52,10,,,,,
v1a,120,6,12.998,ATTACKER,53,10,,,,,
v1a,120,6,12.998,ATTACKER,54,10,,,,,
v1a,120,6,12.998,ATTACKER,55,10,,,,,
v1a,120,6,12.998,ATTACKER,56,10,,,,,
v1a,120,6,12.998,ATTACKER,57,10,,,,,
v1a,120,6,12.998,ATTACKER,58,10,,,,,
v1a,120,6,12.998,ATTACKER,59,10,,,,,
v1a,120,6,12.998,ATTACKER,60,10,,,,,
v1a,120,6,12.998,ATTACKER,61,10,,,,,
v1a,120,6,12.998,ATTACKER,62,10,,,,,
v1a,120,6,12.998,ATTACKER,63,10,,,,,
v1a,120,6,12.998,ATTACKER,64,10,,,,,
v1a,120,6,12.998,ATTACKER,65,10,,,,,
v1a,120,6,12.998,ATTACKER,66,10,,,,,
v1a,120,6,12.998,ATTACKER,67,10,,,,,
v1a,120,6,12.998,ATTACKER,68,10,,,,,
v1a,120,6,12.998,ATTACKER,69,10,,,,,
v1a,120,6,12.998,ATTACKER,70,10,,,,,
v1a,120,6,12.998,ATTACKER,71,10,,,,,
v1a,120,6,12.998,ATTACKER,72,10,,,,,
v1a,120,6,12.998,ATTACKER,73,10,,,,,
v1a,120,6,12.998,ATTACKER,74,10,,,,,
v1a,120,6,12.998,ATTACKER,75,10,,,,,
v1a,120,6,12.998,ATTACKER,76,10,,,,,
v1a,120,6,12.998,ATTACKER,77,10,,,,,
v1a,120,6,12.998,ATTACKER,78,10,,,,,
v1a,120,6,12.998,ATTACKER,79,10,,,,,
v1a,120,6,12.998,ATTACKER,80,10,,,,,
v1a,120,6,12.998,ATTACKER,81,10,,,,,
v1a,120,6,12.998,ATTACKER,82,10,,,,,
v1a,120,6,12.998,ATTACKER,83,10,,,,,
v1a,120,6,12.998,ATTACKER,84,10,,,,,
v1a,120,6,12.998,ATTACKER,85,10,,,,,
v1a,120,6,12.998,ATTACKER,86,10,,,,,
v1a,120,6,12.998,ATTACKER,87,10,,,,,
v1a,120,6,12.998,ATTACKER,88,10,,,,,
v1a,120,6,12.998,ATTACKER,89,10,,,,,
v1a,120,6,12.998,ATTACKER,90,10,,,,,
v1a,120,6,12.998,ATTACKER,91,10,,,,,
v1a,120,6,12.998,ATTACKER,92,10,,,,,
v1a,120,6,12.998,ATTACKER,93,10,,,,,
v1a,120,6,12.998,ATTACKER,94,10,,,,,
v1a,120,6,12.998,ATTACKER,95,10,,,,,
v1a,120,6,12.998,ATTACKER,96,10,,,,,
v1a,120,6,12.998,ATTACKER,97,10,,,,,
v1a,120,6,12.998,ATTACKER,98,10,,,,,
v1a,120,6,12.998,ATTACKER,99,10,,,,,
v1a,120,6,12.998,ATTACKER,100,10,,,,,
v1a,120,6,12.998,ATTACKER,101,10,,,,,
v1a,120,6,12.998,ATTACKER,102,10,,,,,
v1a,120,6,12.998,ATTACKER,103,10,,,,,
v1a,120,6,12.998,ATTACKER,104,10,,,,,
v1a,120,6,12.998,ATTACKER,105,10,,,,,
v1a,120,6,12.998,ATTACKER,106,10,,,,,
v1a,120,6,12.998,ATTACKER,107,10,,,,,
v1a,120,6,12.998,ATTACKER,108,10,,,,,
v1a,120,6,12.998,ATTACKER,109,10,,,,,
v1a,120,6,12.998,ATTACKER,110,10,,,,,
v1a,120,6,12.998,ATTACKER,111,10,,,,,
v1a,120,6,12.998,ATTACKER,112,10,,,,,
v1a,120,6,12.998,ATTACKER,113,10,,,,,
v1a,120,6,12.998,ATTACKER,114,10,,,,,
v1a,120,6,12.998,ATTACKER,115,10,,,,,
v1a,120,6,12.998,ATTACKER,116,10,,,,,
v1a,120,6,12.998,ATTACKER,117,10,,,,,
v1a,120,6,12.998,ATTACKER,118,10,,,,,
v1a,120,6,12.998,ATTACKER,119,10,,,,,
v1a,120,6,12.998,ATTACKER,120,10,,,,,
v1a,120,6,12.998,ATTACKER,121,10,,,,,
v1a,120,6,12.998,ATTACKER,122,10,,,,,
v1a,120,6,12.998,ATTACKER,123,10,,,,,
v1a,120,6,12.998,ATTACKER,124,10,,,,,
v1a,120,6,12.998,NETWORK,0,,1200,200,0.857143,0.942857,0.942857,2.742857
v1a,150,0,1.998,ATTACKER,5,0,,,,,
v1a,150,0,1.998,ATTACKER,6,0,,,,,
v1a,150,0,1.998,ATTACKER,7,0,,,,,
v1a,150,0,1.998,ATTACKER,8,0,,,,,
v1a,150,0,1.998,ATTACKER,9,0,,,,,
v1a,150,0,1.998,ATTACKER,10,0,,,,,
v1a,150,0,1.998,ATTACKER,11,0,,,,,
v1a,150,0,1.998,ATTACKER,12,0,,,,,
v1a,150,0,1.998,ATTACKER,13,0,,,,,
v1a,150,0,1.998,ATTACKER,14,0,,,,,
v1a,150,0,1.998,ATTACKER,15,0,,,,,
v1a,150,0,1.998,ATTACKER,16,0,,,,,
v1a,150,0,1.998,ATTACKER,17,0,,,,,
v1a,150,0,1.998,ATTACKER,18,0,,,,,
v1a,150,0,1.998,ATTACKER,19,0,,,,,
v1a,150,0,1.998,ATTACKER,20,0,,,,,
v1a,150,0,1.998,ATTACKER,21,0,,,,,
v1a,150,0,1.998,ATTACKER,22,0,,,,,
v1a,150,0,1.998,ATTACKER,23,0,,,,,
v1a,150,0,1.998,ATTACKER,24,0,,,,,
v1a,150,0,1.998,ATTACKER,25,0,,,,,
v1a,150,0,1.998,ATTACKER,26,0,,,,,
v1a,150,0,1.998,ATTACKER,27,0,,,,,
v1a,150,0,1.998,ATTACKER,28,0,,,,,
v1a,150,0,1.998,ATTACKER,29,0,,,,,
v1a,150,0,1.998,ATTACKER,30,0,,,,,
v1a,150,0,1.998,ATTACKER,31,0,,,,,
v1a,150,0,1.998,ATTACKER,32,0,,,,,
v1a,150,0,1.998,ATTACKER,33,0,,,,,
v1a,150,0,1.998,ATTACKER,34,0,,,,,
v1a,150,0,1.998,ATTACKER,35,0,,,,,
v1a,150,0,1.998,ATTACKER,36,0,,,,,
v1a,150,0,1.998,ATTACKER,37,0,,,,,
v1a,150,0,1.998,ATTACKER,38,0,,,,,
v1a,150,0,1.998,ATTACKER,39,0,,,,,
v1a,150,0,1.998,ATTACKER,40,0,,,,,
v1a,150,0,1.998,ATTACKER,41,0,,,,,
v1a,150,0,1.998,ATTACKER,42,0,,,,,
v1a,150,0,1.998,ATTACKER,43,0,,,,,
v1a,150,0,1.998,ATTACKER,44,0,,,,,
v1a,150,0,1.998,ATTACKER,45,0,,,,,
v1a,150,0,1.998,ATTACKER,46,0,,,,,
v1a,150,0,1.998,ATTACKER,47,0,,,,,
v1a,150,0,1.998,ATTACKER,48,0,,,,,
v1a,150,0,1.998,ATTACKER,49,0,,,,,
v1a,150,0,1.998,ATTACKER,50,0,,,,,
v1a,150,0,1.998,ATTACKER,51,0,,,,,
v1a,150,0,1.998,ATTACKER,52,0,,,,,
v1a,150,0,1.998,ATTACKER,53,0,,,,,
v1a,150,0,1.998,ATTACKER,54,0,,,,,
v1a,150,0,1.998,ATTACKER,55,0,,,,,
v1a,150,0,1.998,ATTACKER,56,0,,,,,
v1a,150,0,1.998,ATTACKER,57,0,,,,,
v1a,150,0,1.998,ATTACKER,58,0,,,,,
v1a,150,0,1.998,ATTACKER,59,0,,,,,
v1a,150,0,1.998,ATTACKER,60,0,,,,,
v1a,150,0,1.998,ATTACKER,61,0,,,,,
v1a,150,0,1.998,ATTACKER,62,0,,,,,
v1a,150,0,1.998,ATTACKER,63,0,,,,,
v1a,150,0,1.998,ATTACKER,64,0,,,,,
v1a,150,0,1.998,ATTACKER,65,0,,,,,
v1a,150,0,1.998,ATTACKER,66,0,,,,,
v1a,150,0,1.998,ATTACKER,67,0,,,,,
v1a,150,0,1.998,ATTACKER,68,0,,,,,
v1a,150,0,1.998,ATTACKER,69,0,,,,,
v1a,150,0,1.998,ATTACKER,70,0,,,,,
v1a,150,0,1.998,ATTACKER,71,0,,,,,
v1a,150,0,1.998,ATTACKER,72,0,,,,,
v1a,150,0,1.998,ATTACKER,73,0,,,,,
v1a,150,0,1.998,ATTACKER,74,0,,,,,
v1a,150,0,1.998,ATTACKER,75,0,,,,,
v1a,150,0,1.998,ATTACKER,76,0,,,,,
v1a,150,0,1.998,ATTACKER,77,0,,,,,
v1a,150,0,1.998,ATTACKER,78,0,,,,,
v1a,150,0,1.998,ATTACKER,79,0,,,,,
v1a,150,0,1.998,ATTACKER,80,0,,,,,
v1a,150,0,1.998,ATTACKER,81,0,,,,,
v1a,150,0,1.998,ATTACKER,82,0,,,,,
v1a,150,0,1.998,ATTACKER,83,0,,,,,
v1a,150,0,1.998,ATTACKER,84,0,,,,,
v1a,150,0,1.998,ATTACKER,85,0,,,,,
v1a,150,0,1.998,ATTACKER,86,0,,,,,
v1a,150,0,1.998,ATTACKER,87,0,,,,,
v1a,150,0,1.998,ATTACKER,88,0,,,,,
v1a,150,0,1.998,ATTACKER,89,0,,,,,
v1a,150,0,1.998,ATTACKER,90,0,,,,,
v1a,150,0,1.998,ATTACKER,91,0,,,,,
v1a,150,0,1.998,ATTACKER,92,0,,,,,
v1a,150,0,1.998,ATTACKER,93,0,,,,,
v1a,150,0,1.998,ATTACKER,94,0,,,,,
v1a,150,0,1.998,ATTACKER,95,0,,,,,
v1a,150,0,1.998,ATTACKER,96,0,,,,,
v1a,150,0,1.998,ATTACKER,97,0,,,,,
v1a,150,0,1.998,ATTACKER,98,0,,,,,
v1a,150,0,1.998,ATTACKER,99,0,,,,,
v1a,150,0,1.998,ATTACKER,100,0,,,,,
v1a,150,0,1.998,ATTACKER,101,0,,,,,
v1a,150,0,1.998,ATTACKER,102,0,,,,,
v1a,150,0,1.998,ATTACKER,103,0,,,,,
v1a,150,0,1.998,ATTACKER,104,0,,,,,
v1a,150,0,1.998,ATTACKER,105,0,,,,,
v1a,150,0,1.998,ATTACKER,106,0,,,,,
v1a,150,0,1.998,ATTACKER,107,0,,,,,
v1a,150,0,1.998,ATTACKER,108,0,,,,,
v1a,150,0,1.998,ATTACKER,109,0,,,,,
v1a,150,0,1.998,ATTACKER,110,0,,,,,
v1a,150,0,1.998,ATTACKER,111,0,,,,,
v1a,150,0,1.998,ATTACKER,112,0,,,,,
v1a,150,0,1.998,ATTACKER,113,0,,,,,
v1a,150,0,1.998,ATTACKER,114,0,,,,,
v1a,150,0,1.998,ATTACKER,115,0,,,,,
v1a,150,0,1.998,ATTACKER,116,0,,,,,
v1a,150,0,1.998,ATTACKER,117,0,,,,,
v1a,150,0,1.998,ATTACKER,118,0,,,,,
v1a,150,0,1.998,ATTACKER,119,0,,,,,
v1a,150,0,1.998,ATTACKER,120,0,,,,,
v1a,150,0,1.998,ATTACKER,121,0,,,,,
v1a,150,0,1.998,ATTACKER,122,0,,,,,
v1a,150,0,1.998,ATTACKER,123,0,,,,,
v1a,150,0,1.998,ATTACKER,124,0,,,,,
v1a,150,0,1.998,ATTACKER,125,0,,,,,
v1a,150,0,1.998,ATTACKER,126,0,,,,,
v1a,150,0,1.998,ATTACKER,127,0,,,,,
v1a,150,0,1.998,ATTACKER,128,0,,,,,
v1a,150,0,1.998,ATTACKER,129,0,,,,,
v1a,150,0,1.998,ATTACKER,130,0,,,,,
v1a,150,0,1.998,ATTACKER,131,0,,,,,
v1a,150,0,1.998,ATTACKER,132,0,,,,,
v1a,150,0,1.998,ATTACKER,133,0,,,,,
v1a,150,0,1.998,ATTACKER,134,0,,,,,
v1a,150,0,1.998,ATTACKER,135,0,,,,,
v1a,150,0,1.998,ATTACKER,136,0,,,,,
v1a,150,0,1.998,ATTACKER,137,0,,,,,
v1a,150,0,1.998,ATTACKER,138,0,,,,,
v1a,150,0,1.998,ATTACKER,139,0,,,,,
v1a,150,0,1.998,ATTACKER,140,0,,,,,
v1a,150,0,1.998,ATTACKER,141,0,,,,,
v1a,150,0,1.998,ATTACKER,142,0,,,,,
v1a,150,0,1.998,ATTACKER,143,0,,,,,
v1a,150,0,1.998,ATTACKER,144,0,,,,,
v1a,150,0,1.998,ATTACKER,145,0,,,,,
v1a,150,0,1.998,ATTACKER,146,0,,,,,
v1a,150,0,1.998,ATTACKER,147,0,,,,,
v1a,150,0,1.998,ATTACKER,148,0,,,,,
v1a,150,0,1.998,ATTACKER,149,0,,,,,
v1a,150,0,1.998,ATTACKER,150,0,,,,,
v1a,150,0,1.998,ATTACKER,151,0,,,,,
v1a,150,0,1.998,ATTACKER,152,0,,,,,
v1a,150,0,1.998,ATTACKER,153,0,,,,,
v1a,150,0,1.998,ATTACKER,154,0,,,,,
v1a,150,0,1.998,NETWORK,0,,0,200,0.000000,0.750000,0.000000,0.750000
v1a,150,1,2.998,ATTACKER,5,10,,,,,
v1a,150,1,2.998,ATTACKER,6,10,,,,,
v1a,150,1,2.998,ATTACKER,7,10,,,,,
v1a,150,1,2.998,ATTACKER,8,10,,,,,
v1a,150,1,2.998,ATTACKER,9,10,,,,,
v1a,150,1,2.998,ATTACKER,10,10,,,,,
v1a,150,1,2.998,ATTACKER,11,10,,,,,
v1a,150,1,2.998,ATTACKER,12,10,,,,,
v1a,150,1,2.998,ATTACKER,13,10,,,,,
v1a,150,1,2.998,ATTACKER,14,10,,,,,
v1a,150,1,2.998,ATTACKER,15,10,,,,,
v1a,150,1,2.998,ATTACKER,16,10,,,,,
v1a,150,1,2.998,ATTACKER,17,10,,,,,
v1a,150,1,2.998,ATTACKER,18,10,,,,,
v1a,150,1,2.998,ATTACKER,19,10,,,,,
v1a,150,1,2.998,ATTACKER,20,10,,,,,
v1a,150,1,2.998,ATTACKER,21,10,,,,,
v1a,150,1,2.998,ATTACKER,22,10,,,,,
v1a,150,1,2.998,ATTACKER,23,10,,,,,
v1a,150,1,2.998,ATTACKER,24,10,,,,,
v1a,150,1,2.998,ATTACKER,25,10,,,,,
v1a,150,1,2.998,ATTACKER,26,10,,,,,
v1a,150,1,2.998,ATTACKER,27,10,,,,,
v1a,150,1,2.998,ATTACKER,28,10,,,,,
v1a,150,1,2.998,ATTACKER,29,10,,,,,
v1a,150,1,2.998,ATTACKER,30,10,,,,,
v1a,150,1,2.998,ATTACKER,31,10,,,,,
v1a,150,1,2.998,ATTACKER,32,10,,,,,
v1a,150,1,2.998,ATTACKER,33,10,,,,,
v1a,150,1,2.998,ATTACKER,34,10,,,,,
v1a,150,1,2.998,ATTACKER,35,10,,,,,
v1a,150,1,2.998,ATTACKER,36,10,,,,,
v1a,150,1,2.998,ATTACKER,37,10,,,,,
v1a,150,1,2.998,ATTACKER,38,10,,,,,
v1a,150,1,2.998,ATTACKER,39,10,,,,,
v1a,150,1,2.998,ATTACKER,40,10,,,,,
v1a,150,1,2.998,ATTACKER,41,10,,,,,
v1a,150,1,2.998,ATTACKER,42,10,,,,,
v1a,150,1,2.998,ATTACKER,43,10,,,,,
v1a,150,1,2.998,ATTACKER,44,10,,,,,
v1a,150,1,2.998,ATTACKER,45,10,,,,,
v1a,150,1,2.998,ATTACKER,46,10,,,,,
v1a,150,1,2.998,ATTACKER,47,10,,,,,
v1a,150,1,2.998,ATTACKER,48,10,,,,,
v1a,150,1,2.998,ATTACKER,49,10,,,,,
v1a,150,1,2.998,ATTACKER,50,10,,,,,
v1a,150,1,2.998,ATTACKER,51,10,,,,,
v1a,150,1,2.998,ATTACKER,52,10,,,,,
v1a,150,1,2.998,ATTACKER,53,10,,,,,
v1a,150,1,2.998,ATTACKER,54,10,,,,,
v1a,150,1,2.998,ATTACKER,55,10,,,,,
v1a,150,1,2.998,ATTACKER,56,10,,,,,
v1a,150,1,2.998,ATTACKER,57,10,,,,,
v1a,150,1,2.998,ATTACKER,58,10,,,,,
v1a,150,1,2.998,ATTACKER,59,10,,,,,
v1a,150,1,2.998,ATTACKER,60,10,,,,,
v1a,150,1,2.998,ATTACKER,61,10,,,,,
v1a,150,1,2.998,ATTACKER,62,10,,,,,
v1a,150,1,2.998,ATTACKER,63,10,,,,,
v1a,150,1,2.998,ATTACKER,64,10,,,,,
v1a,150,1,2.998,ATTACKER,65,10,,,,,
v1a,150,1,2.998,ATTACKER,66,10,,,,,
v1a,150,1,2.998,ATTACKER,67,10,,,,,
v1a,150,1,2.998,ATTACKER,68,10,,,,,
v1a,150,1,2.998,ATTACKER,69,10,,,,,
v1a,150,1,2.998,ATTACKER,70,10,,,,,
v1a,150,1,2.998,ATTACKER,71,10,,,,,
v1a,150,1,2.998,ATTACKER,72,10,,,,,
v1a,150,1,2.998,ATTACKER,73,10,,,,,
v1a,150,1,2.998,ATTACKER,74,10,,,,,
v1a,150,1,2.998,ATTACKER,75,10,,,,,
v1a,150,1,2.998,ATTACKER,76,10,,,,,
v1a,150,1,2.998,ATTACKER,77,10,,,,,
v1a,150,1,2.998,ATTACKER,78,10,,,,,
v1a,150,1,2.998,ATTACKER,79,10,,,,,
v1a,150,1,2.998,ATTACKER,80,10,,,,,
v1a,150,1,2.998,ATTACKER,81,10,,,,,
v1a,150,1,2.998,ATTACKER,82,10,,,,,
v1a,150,1,2.998,ATTACKER,83,10,,,,,
v1a,150,1,2.998,ATTACKER,84,10,,,,,
v1a,150,1,2.998,ATTACKER,85,10,,,,,
v1a,150,1,2.998,ATTACKER,86,10,,,,,
v1a,150,1,2.998,ATTACKER,87,10,,,,,
v1a,150,1,2.998,ATTACKER,88,10,,,,,
v1a,150,1,2.998,ATTACKER,89,10,,,,,
v1a,150,1,2.998,ATTACKER,90,10,,,,,
v1a,150,1,2.998,ATTACKER,91,10,,,,,
v1a,150,1,2.998,ATTACKER,92,10,,,,,
v1a,150,1,2.998,ATTACKER,93,10,,,,,
v1a,150,1,2.998,ATTACKER,94,10,,,,,
v1a,150,1,2.998,ATTACKER,95,10,,,,,
v1a,150,1,2.998,ATTACKER,96,10,,,,,
v1a,150,1,2.998,ATTACKER,97,10,,,,,
v1a,150,1,2.998,ATTACKER,98,10,,,,,
v1a,150,1,2.998,ATTACKER,99,10,,,,,
v1a,150,1,2.998,ATTACKER,100,10,,,,,
v1a,150,1,2.998,ATTACKER,101,10,,,,,
v1a,150,1,2.998,ATTACKER,102,10,,,,,
v1a,150,1,2.998,ATTACKER,103,10,,,,,
v1a,150,1,2.998,ATTACKER,104,10,,,,,
v1a,150,1,2.998,ATTACKER,105,10,,,,,
v1a,150,1,2.998,ATTACKER,106,10,,,,,
v1a,150,1,2.998,ATTACKER,107,10,,,,,
v1a,150,1,2.998,ATTACKER,108,10,,,,,
v1a,150,1,2.998,ATTACKER,109,10,,,,,
v1a,150,1,2.998,ATTACKER,110,10,,,,,
v1a,150,1,2.998,ATTACKER,111,10,,,,,
v1a,150,1,2.998,ATTACKER,112,10,,,,,
v1a,150,1,2.998,ATTACKER,113,10,,,,,
v1a,150,1,2.998,ATTACKER,114,10,,,,,
v1a,150,1,2.998,ATTACKER,115,10,,,,,
v1a,150,1,2.998,ATTACKER,116,10,,,,,
v1a,150,1,2.998,ATTACKER,117,10,,,,,
v1a,150,1,2.998,ATTACKER,118,10,,,,,
v1a,150,1,2.998,ATTACKER,119,10,,,,,
v1a,150,1,2.998,ATTACKER,120,10,,,,,
v1a,150,1,2.998,ATTACKER,121,10,,,,,
v1a,150,1,2.998,ATTACKER,122,10,,,,,
v1a,150,1,2.998,ATTACKER,123,10,,,,,
v1a,150,1,2.998,ATTACKER,124,10,,,,,
v1a,150,1,2.998,ATTACKER,125,10,,,,,
v1a,150,1,2.998,ATTACKER,126,10,,,,,
v1a,150,1,2.998,ATTACKER,127,10,,,,,
v1a,150,1,2.998,ATTACKER,128,10,,,,,
v1a,150,1,2.998,ATTACKER,129,10,,,,,
v1a,150,1,2.998,ATTACKER,130,10,,,,,
v1a,150,1,2.998,ATTACKER,131,10,,,,,
v1a,150,1,2.998,ATTACKER,132,10,,,,,
v1a,150,1,2.998,ATTACKER,133,10,,,,,
v1a,150,1,2.998,ATTACKER,134,10,,,,,
v1a,150,1,2.998,ATTACKER,135,10,,,,,
v1a,150,1,2.998,ATTACKER,136,10,,,,,
v1a,150,1,2.998,ATTACKER,137,10,,,,,
v1a,150,1,2.998,ATTACKER,138,10,,,,,
v1a,150,1,2.998,ATTACKER,139,10,,,,,
v1a,150,1,2.998,ATTACKER,140,10,,,,,
v1a,150,1,2.998,ATTACKER,141,10,,,,,
v1a,150,1,2.998,ATTACKER,142,10,,,,,
v1a,150,1,2.998,ATTACKER,143,10,,,,,
v1a,150,1,2.998,ATTACKER,144,10,,,,,
v1a,150,1,2.998,ATTACKER,145,10,,,,,
v1a,150,1,2.998,ATTACKER,146,10,,,,,
v1a,150,1,2.998,ATTACKER,147,10,,,,,
v1a,150,1,2.998,ATTACKER,148,10,,,,,
v1a,150,1,2.998,ATTACKER,149,10,,,,,
v1a,150,1,2.998,ATTACKER,150,10,,,,,
v1a,150,1,2.998,ATTACKER,151,10,,,,,
v1a,150,1,2.998,ATTACKER,152,10,,,,,
v1a,150,1,2.998,ATTACKER,153,10,,,,,
v1a,150,1,2.998,ATTACKER,154,10,,,,,
v1a,150,1,2.998,NETWORK,0,,1500,200,0.882353,0.970588,0.970588,2.823529
v1a,150,2,4.998,ATTACKER,5,10,,,,,
v1a,150,2,4.998,ATTACKER,6,10,,,,,
v1a,150,2,4.998,ATTACKER,7,10,,,,,
v1a,150,2,4.998,ATTACKER,8,10,,,,,
v1a,150,2,4.998,ATTACKER,9,10,,,,,
v1a,150,2,4.998,ATTACKER,10,10,,,,,
v1a,150,2,4.998,ATTACKER,11,10,,,,,
v1a,150,2,4.998,ATTACKER,12,10,,,,,
v1a,150,2,4.998,ATTACKER,13,10,,,,,
v1a,150,2,4.998,ATTACKER,14,10,,,,,
v1a,150,2,4.998,ATTACKER,15,10,,,,,
v1a,150,2,4.998,ATTACKER,16,10,,,,,
v1a,150,2,4.998,ATTACKER,17,10,,,,,
v1a,150,2,4.998,ATTACKER,18,10,,,,,
v1a,150,2,4.998,ATTACKER,19,10,,,,,
v1a,150,2,4.998,ATTACKER,20,10,,,,,
v1a,150,2,4.998,ATTACKER,21,10,,,,,
v1a,150,2,4.998,ATTACKER,22,10,,,,,
v1a,150,2,4.998,ATTACKER,23,10,,,,,
v1a,150,2,4.998,ATTACKER,24,10,,,,,
v1a,150,2,4.998,ATTACKER,25,10,,,,,
v1a,150,2,4.998,ATTACKER,26,10,,,,,
v1a,150,2,4.998,ATTACKER,27,10,,,,,
v1a,150,2,4.998,ATTACKER,28,10,,,,,
v1a,150,2,4.998,ATTACKER,29,10,,,,,
v1a,150,2,4.998,ATTACKER,30,10,,,,,
v1a,150,2,4.998,ATTACKER,31,10,,,,,
v1a,150,2,4.998,ATTACKER,32,10,,,,,
v1a,150,2,4.998,ATTACKER,33,10,,,,,
v1a,150,2,4.998,ATTACKER,34,10,,,,,
v1a,150,2,4.998,ATTACKER,35,10,,,,,
v1a,150,2,4.998,ATTACKER,36,10,,,,,
v1a,150,2,4.998,ATTACKER,37,10,,,,,
v1a,150,2,4.998,ATTACKER,38,10,,,,,
v1a,150,2,4.998,ATTACKER,39,10,,,,,
v1a,150,2,4.998,ATTACKER,40,10,,,,,
v1a,150,2,4.998,ATTACKER,41,10,,,,,
v1a,150,2,4.998,ATTACKER,42,10,,,,,
v1a,150,2,4.998,ATTACKER,43,10,,,,,
v1a,150,2,4.998,ATTACKER,44,10,,,,,
v1a,150,2,4.998,ATTACKER,45,10,,,,,
v1a,150,2,4.998,ATTACKER,46,10,,,,,
v1a,150,2,4.998,ATTACKER,47,10,,,,,
v1a,150,2,4.998,ATTACKER,48,10,,,,,
v1a,150,2,4.998,ATTACKER,49,10,,,,,
v1a,150,2,4.998,ATTACKER,50,10,,,,,
v1a,150,2,4.998,ATTACKER,51,10,,,,,
v1a,150,2,4.998,ATTACKER,52,10,,,,,
v1a,150,2,4.998,ATTACKER,53,10,,,,,
v1a,150,2,4.998,ATTACKER,54,10,,,,,
v1a,150,2,4.998,ATTACKER,55,10,,,,,
v1a,150,2,4.998,ATTACKER,56,10,,,,,
v1a,150,2,4.998,ATTACKER,57,10,,,,,
v1a,150,2,4.998,ATTACKER,58,10,,,,,
v1a,150,2,4.998,ATTACKER,59,10,,,,,
v1a,150,2,4.998,ATTACKER,60,10,,,,,
v1a,150,2,4.998,ATTACKER,61,10,,,,,
v1a,150,2,4.998,ATTACKER,62,10,,,,,
v1a,150,2,4.998,ATTACKER,63,10,,,,,
v1a,150,2,4.998,ATTACKER,64,10,,,,,
v1a,150,2,4.998,ATTACKER,65,10,,,,,
v1a,150,2,4.998,ATTACKER,66,10,,,,,
v1a,150,2,4.998,ATTACKER,67,10,,,,,
v1a,150,2,4.998,ATTACKER,68,10,,,,,
v1a,150,2,4.998,ATTACKER,69,10,,,,,
v1a,150,2,4.998,ATTACKER,70,10,,,,,
v1a,150,2,4.998,ATTACKER,71,10,,,,,
v1a,150,2,4.998,ATTACKER,72,10,,,,,
v1a,150,2,4.998,ATTACKER,73,10,,,,,
v1a,150,2,4.998,ATTACKER,74,10,,,,,
v1a,150,2,4.998,ATTACKER,75,10,,,,,
v1a,150,2,4.998,ATTACKER,76,10,,,,,
v1a,150,2,4.998,ATTACKER,77,10,,,,,
v1a,150,2,4.998,ATTACKER,78,10,,,,,
v1a,150,2,4.998,ATTACKER,79,10,,,,,
v1a,150,2,4.998,ATTACKER,80,10,,,,,
v1a,150,2,4.998,ATTACKER,81,10,,,,,
v1a,150,2,4.998,ATTACKER,82,10,,,,,
v1a,150,2,4.998,ATTACKER,83,10,,,,,
v1a,150,2,4.998,ATTACKER,84,10,,,,,
v1a,150,2,4.998,ATTACKER,85,10,,,,,
v1a,150,2,4.998,ATTACKER,86,10,,,,,
v1a,150,2,4.998,ATTACKER,87,10,,,,,
v1a,150,2,4.998,ATTACKER,88,10,,,,,
v1a,150,2,4.998,ATTACKER,89,10,,,,,
v1a,150,2,4.998,ATTACKER,90,10,,,,,
v1a,150,2,4.998,ATTACKER,91,10,,,,,
v1a,150,2,4.998,ATTACKER,92,10,,,,,
v1a,150,2,4.998,ATTACKER,93,10,,,,,
v1a,150,2,4.998,ATTACKER,94,10,,,,,
v1a,150,2,4.998,ATTACKER,95,10,,,,,
v1a,150,2,4.998,ATTACKER,96,10,,,,,
v1a,150,2,4.998,ATTACKER,97,10,,,,,
v1a,150,2,4.998,ATTACKER,98,10,,,,,
v1a,150,2,4.998,ATTACKER,99,10,,,,,
v1a,150,2,4.998,ATTACKER,100,10,,,,,
v1a,150,2,4.998,ATTACKER,101,10,,,,,
v1a,150,2,4.998,ATTACKER,102,10,,,,,
v1a,150,2,4.998,ATTACKER,103,10,,,,,
v1a,150,2,4.998,ATTACKER,104,10,,,,,
v1a,150,2,4.998,ATTACKER,105,10,,,,,
v1a,150,2,4.998,ATTACKER,106,10,,,,,
v1a,150,2,4.998,ATTACKER,107,10,,,,,
v1a,150,2,4.998,ATTACKER,108,10,,,,,
v1a,150,2,4.998,ATTACKER,109,10,,,,,
v1a,150,2,4.998,ATTACKER,110,10,,,,,
v1a,150,2,4.998,ATTACKER,111,10,,,,,
v1a,150,2,4.998,ATTACKER,112,10,,,,,
v1a,150,2,4.998,ATTACKER,113,10,,,,,
v1a,150,2,4.998,ATTACKER,114,10,,,,,
v1a,150,2,4.998,ATTACKER,115,10,,,,,
v1a,150,2,4.998,ATTACKER,116,10,,,,,
v1a,150,2,4.998,ATTACKER,117,10,,,,,
v1a,150,2,4.998,ATTACKER,118,10,,,,,
v1a,150,2,4.998,ATTACKER,119,10,,,,,
v1a,150,2,4.998,ATTACKER,120,10,,,,,
v1a,150,2,4.998,ATTACKER,121,10,,,,,
v1a,150,2,4.998,ATTACKER,122,10,,,,,
v1a,150,2,4.998,ATTACKER,123,10,,,,,
v1a,150,2,4.998,ATTACKER,124,10,,,,,
v1a,150,2,4.998,ATTACKER,125,10,,,,,
v1a,150,2,4.998,ATTACKER,126,10,,,,,
v1a,150,2,4.998,ATTACKER,127,10,,,,,
v1a,150,2,4.998,ATTACKER,128,10,,,,,
v1a,150,2,4.998,ATTACKER,129,10,,,,,
v1a,150,2,4.998,ATTACKER,130,10,,,,,
v1a,150,2,4.998,ATTACKER,131,10,,,,,
v1a,150,2,4.998,ATTACKER,132,10,,,,,
v1a,150,2,4.998,ATTACKER,133,10,,,,,
v1a,150,2,4.998,ATTACKER,134,10,,,,,
v1a,150,2,4.998,ATTACKER,135,10,,,,,
v1a,150,2,4.998,ATTACKER,136,10,,,,,
v1a,150,2,4.998,ATTACKER,137,10,,,,,
v1a,150,2,4.998,ATTACKER,138,10,,,,,
v1a,150,2,4.998,ATTACKER,139,10,,,,,
v1a,150,2,4.998,ATTACKER,140,10,,,,,
v1a,150,2,4.998,ATTACKER,141,10,,,,,
v1a,150,2,4.998,ATTACKER,142,10,,,,,
v1a,150,2,4.998,ATTACKER,143,10,,,,,
v1a,150,2,4.998,ATTACKER,144,10,,,,,
v1a,150,2,4.998,ATTACKER,145,10,,,,,
v1a,150,2,4.998,ATTACKER,146,10,,,,,
v1a,150,2,4.998,ATTACKER,147,10,,,,,
v1a,150,2,4.998,ATTACKER,148,10,,,,,
v1a,150,2,4.998,ATTACKER,149,10,,,,,
v1a,150,2,4.998,ATTACKER,150,10,,,,,
v1a,150,2,4.998,ATTACKER,151,10,,,,,
v1a,150,2,4.998,ATTACKER,152,10,,,,,
v1a,150,2,4.998,ATTACKER,153,10,,,,,
v1a,150,2,4.998,ATTACKER,154,10,,,,,
v1a,150,2,4.998,NETWORK,0,,1500,200,0.882353,0.970588,0.970588,2.823529
v1a,150,3,6.998,ATTACKER,5,10,,,,,
v1a,150,3,6.998,ATTACKER,6,10,,,,,
v1a,150,3,6.998,ATTACKER,7,10,,,,,
v1a,150,3,6.998,ATTACKER,8,10,,,,,
v1a,150,3,6.998,ATTACKER,9,10,,,,,
v1a,150,3,6.998,ATTACKER,10,10,,,,,
v1a,150,3,6.998,ATTACKER,11,10,,,,,
v1a,150,3,6.998,ATTACKER,12,10,,,,,
v1a,150,3,6.998,ATTACKER,13,10,,,,,
v1a,150,3,6.998,ATTACKER,14,10,,,,,
v1a,150,3,6.998,ATTACKER,15,10,,,,,
v1a,150,3,6.998,ATTACKER,16,10,,,,,
v1a,150,3,6.998,ATTACKER,17,10,,,,,
v1a,150,3,6.998,ATTACKER,18,10,,,,,
v1a,150,3,6.998,ATTACKER,19,10,,,,,
v1a,150,3,6.998,ATTACKER,20,10,,,,,
v1a,150,3,6.998,ATTACKER,21,10,,,,,
v1a,150,3,6.998,ATTACKER,22,10,,,,,
v1a,150,3,6.998,ATTACKER,23,10,,,,,
v1a,150,3,6.998,ATTACKER,24,10,,,,,
v1a,150,3,6.998,ATTACKER,25,10,,,,,
v1a,150,3,6.998,ATTACKER,26,10,,,,,
v1a,150,3,6.998,ATTACKER,27,10,,,,,
v1a,150,3,6.998,ATTACKER,28,10,,,,,
v1a,150,3,6.998,ATTACKER,29,10,,,,,
v1a,150,3,6.998,ATTACKER,30,10,,,,,
v1a,150,3,6.998,ATTACKER,31,10,,,,,
v1a,150,3,6.998,ATTACKER,32,10,,,,,
v1a,150,3,6.998,ATTACKER,33,10,,,,,
v1a,150,3,6.998,ATTACKER,34,10,,,,,
v1a,150,3,6.998,ATTACKER,35,10,,,,,
v1a,150,3,6.998,ATTACKER,36,10,,,,,
v1a,150,3,6.998,ATTACKER,37,10,,,,,
v1a,150,3,6.998,ATTACKER,38,10,,,,,
v1a,150,3,6.998,ATTACKER,39,10,,,,,
v1a,150,3,6.998,ATTACKER,40,10,,,,,
v1a,150,3,6.998,ATTACKER,41,10,,,,,
v1a,150,3,6.998,ATTACKER,42,10,,,,,
v1a,150,3,6.998,ATTACKER,43,10,,,,,
v1a,150,3,6.998,ATTACKER,44,10,,,,,
v1a,150,3,6.998,ATTACKER,45,10,,,,,
v1a,150,3,6.998,ATTACKER,46,10,,,,,
v1a,150,3,6.998,ATTACKER,47,10,,,,,
v1a,150,3,6.998,ATTACKER,48,10,,,,,
v1a,150,3,6.998,ATTACKER,49,10,,,,,
v1a,150,3,6.998,ATTACKER,50,10,,,,,
v1a,150,3,6.998,ATTACKER,51,10,,,,,
v1a,150,3,6.998,ATTACKER,52,10,,,,,
v1a,150,3,6.998,ATTACKER,53,10,,,,,
v1a,150,3,6.998,ATTACKER,54,10,,,,,
v1a,150,3,6.998,ATTACKER,55,10,,,,,
v1a,150,3,6.998,ATTACKER,56,10,,,,,
v1a,150,3,6.998,ATTACKER,57,10,,,,,
v1a,150,3,6.998,ATTACKER,58,10,,,,,
v1a,150,3,6.998,ATTACKER,59,10,,,,,
v1a,150,3,6.998,ATTACKER,60,10,,,,,
v1a,150,3,6.998,ATTACKER,61,10,,,,,
v1a,150,3,6.998,ATTACKER,62,10,,,,,
v1a,150,3,6.998,ATTACKER,63,10,,,,,
v1a,150,3,6.998,ATTACKER,64,10,,,,,
v1a,150,3,6.998,ATTACKER,65,10,,,,,
v1a,150,3,6.998,ATTACKER,66,10,,,,,
v1a,150,3,6.998,ATTACKER,67,10,,,,,
v1a,150,3,6.998,ATTACKER,68,10,,,,,
v1a,150,3,6.998,ATTACKER,69,10,,,,,
v1a,150,3,6.998,ATTACKER,70,10,,,,,
v1a,150,3,6.998,ATTACKER,71,10,,,,,
v1a,150,3,6.998,ATTACKER,72,10,,,,,
v1a,150,3,6.998,ATTACKER,73,10,,,,,
v1a,150,3,6.998,ATTACKER,74,10,,,,,
v1a,150,3,6.998,ATTACKER,75,10,,,,,
v1a,150,3,6.998,ATTACKER,76,10,,,,,
v1a,150,3,6.998,ATTACKER,77,10,,,,,
v1a,150,3,6.998,ATTACKER,78,10,,,,,
v1a,150,3,6.998,ATTACKER,79,10,,,,,
v1a,150,3,6.998,ATTACKER,80,10,,,,,
v1a,150,3,6.998,ATTACKER,81,10,,,,,
v1a,150,3,6.998,ATTACKER,82,10,,,,,
v1a,150,3,6.998,ATTACKER,83,10,,,,,
v1a,150,3,6.998,ATTACKER,84,10,,,,,
v1a,150,3,6.998,ATTACKER,85,10,,,,,
v1a,150,3,6.998,ATTACKER,86,10,,,,,
v1a,150,3,6.998,ATTACKER,87,10,,,,,
v1a,150,3,6.998,ATTACKER,88,10,,,,,
v1a,150,3,6.998,ATTACKER,89,10,,,,,
v1a,150,3,6.998,ATTACKER,90,10,,,,,
v1a,150,3,6.998,ATTACKER,91,10,,,,,
v1a,150,3,6.998,ATTACKER,92,10,,,,,
v1a,150,3,6.998,ATTACKER,93,10,,,,,
v1a,150,3,6.998,ATTACKER,94,10,,,,,
v1a,150,3,6.998,ATTACKER,95,10,,,,,
v1a,150,3,6.998,ATTACKER,96,10,,,,,
v1a,150,3,6.998,ATTACKER,97,10,,,,,
v1a,150,3,6.998,ATTACKER,98,10,,,,,
v1a,150,3,6.998,ATTACKER,99,10,,,,,
v1a,150,3,6.998,ATTACKER,100,10,,,,,
v1a,150,3,6.998,ATTACKER,101,10,,,,,
v1a,150,3,6.998,ATTACKER,102,10,,,,,
v1a,150,3,6.998,ATTACKER,103,10,,,,,
v1a,150,3,6.998,ATTACKER,104,10,,,,,
v1a,150,3,6.998,ATTACKER,105,10,,,,,
v1a,150,3,6.998,ATTACKER,106,10,,,,,
v1a,150,3,6.998,ATTACKER,107,10,,,,,
v1a,150,3,6.998,ATTACKER,108,10,,,,,
v1a,150,3,6.998,ATTACKER,109,10,,,,,
v1a,150,3,6.998,ATTACKER,110,10,,,,,
v1a,150,3,6.998,ATTACKER,111,10,,,,,
v1a,150,3,6.998,ATTACKER,112,10,,,,,
v1a,150,3,6.998,ATTACKER,113,10,,,,,
v1a,150,3,6.998,ATTACKER,114,10,,,,,
v1a,150,3,6.998,ATTACKER,115,10,,,,,
v1a,150,3,6.998,ATTACKER,116,10,,,,,
v1a,150,3,6.998,ATTACKER,117,10,,,,,
v1a,150,3,6.998,ATTACKER,118,10,,,,,
v1a,150,3,6.998,ATTACKER,119,10,,,,,
v1a,150,3,6.998,ATTACKER,120,10,,,,,
v1a,150,3,6.998,ATTACKER,121,10,,,,,
v1a,150,3,6.998,ATTACKER,122,10,,,,,
v1a,150,3,6.998,ATTACKER,123,10,,,,,
v1a,150,3,6.998,ATTACKER,124,10,,,,,
v1a,150,3,6.998,ATTACKER,125,10,,,,,
v1a,150,3,6.998,ATTACKER,126,10,,,,,
v1a,150,3,6.998,ATTACKER,127,10,,,,,
v1a,150,3,6.998,ATTACKER,128,10,,,,,
v1a,150,3,6.998,ATTACKER,129,10,,,,,
v1a,150,3,6.998,ATTACKER,130,10,,,,,
v1a,150,3,6.998,ATTACKER,131,10,,,,,
v1a,150,3,6.998,ATTACKER,132,10,,,,,
v1a,150,3,6.998,ATTACKER,133,10,,,,,
v1a,150,3,6.998,ATTACKER,134,10,,,,,
v1a,150,3,6.998,ATTACKER,135,10,,,,,
v1a,150,3,6.998,ATTACKER,136,10,,,,,
v1a,150,3,6.998,ATTACKER,137,10,,,,,
v1a,150,3,6.998,ATTACKER,138,10,,,,,
v1a,150,3,6.998,ATTACKER,139,10,,,,,
v1a,150,3,6.998,ATTACKER,140,10,,,,,
v1a,150,3,6.998,ATTACKER,141,10,,,,,
v1a,150,3,6.998,ATTACKER,142,10,,,,,
v1a,150,3,6.998,ATTACKER,143,10,,,,,
v1a,150,3,6.998,ATTACKER,144,10,,,,,
v1a,150,3,6.998,ATTACKER,145,10,,,,,
v1a,150,3,6.998,ATTACKER,146,10,,,,,
v1a,150,3,6.998,ATTACKER,147,10,,,,,
v1a,150,3,6.998,ATTACKER,148,10,,,,,
v1a,150,3,6.998,ATTACKER,149,10,,,,,
v1a,150,3,6.998,ATTACKER,150,10,,,,,
v1a,150,3,6.998,ATTACKER,151,10,,,,,
v1a,150,3,6.998,ATTACKER,152,10,,,,,
v1a,150,3,6.998,ATTACKER,153,10,,,,,
v1a,150,3,6.998,ATTACKER,154,10,,,,,
v1a,150,3,6.998,NETWORK,0,,1500,200,0.882353,0.970588,0.970588,2.823529
v1a,150,4,8.998,ATTACKER,5,10,,,,,
v1a,150,4,8.998,ATTACKER,6,10,,,,,
v1a,150,4,8.998,ATTACKER,7,10,,,,,
v1a,150,4,8.998,ATTACKER,8,10,,,,,
v1a,150,4,8.998,ATTACKER,9,10,,,,,
v1a,150,4,8.998,ATTACKER,10,10,,,,,
v1a,150,4,8.998,ATTACKER,11,10,,,,,
v1a,150,4,8.998,ATTACKER,12,10,,,,,
v1a,150,4,8.998,ATTACKER,13,10,,,,,
v1a,150,4,8.998,ATTACKER,14,10,,,,,
v1a,150,4,8.998,ATTACKER,15,10,,,,,
v1a,150,4,8.998,ATTACKER,16,10,,,,,
v1a,150,4,8.998,ATTACKER,17,10,,,,,
v1a,150,4,8.998,ATTACKER,18,10,,,,,
v1a,150,4,8.998,ATTACKER,19,10,,,,,
v1a,150,4,8.998,ATTACKER,20,10,,,,,
v1a,150,4,8.998,ATTACKER,21,10,,,,,
v1a,150,4,8.998,ATTACKER,22,10,,,,,
v1a,150,4,8.998,ATTACKER,23,10,,,,,
v1a,150,4,8.998,ATTACKER,24,10,,,,,
v1a,150,4,8.998,ATTACKER,25,10,,,,,
v1a,150,4,8.998,ATTACKER,26,10,,,,,
v1a,150,4,8.998,ATTACKER,27,10,,,,,
v1a,150,4,8.998,ATTACKER,28,10,,,,,
v1a,150,4,8.998,ATTACKER,29,10,,,,,
v1a,150,4,8.998,ATTACKER,30,10,,,,,
v1a,150,4,8.998,ATTACKER,31,10,,,,,
v1a,150,4,8.998,ATTACKER,32,10,,,,,
v1a,150,4,8.998,ATTACKER,33,10,,,,,
v1a,150,4,8.998,ATTACKER,34,10,,,,,
v1a,150,4,8.998,ATTACKER,35,10,,,,,
v1a,150,4,8.998,ATTACKER,36,10,,,,,
v1a,150,4,8.998,ATTACKER,37,10,,,,,
v1a,150,4,8.998,ATTACKER,38,10,,,,,
v1a,150,4,8.998,ATTACKER,39,10,,,,,
v1a,150,4,8.998,ATTACKER,40,10,,,,,
v1a,150,4,8.998,ATTACKER,41,10,,,,,
v1a,150,4,8.998,ATTACKER,42,10,,,,,
v1a,150,4,8.998,ATTACKER,43,10,,,,,
v1a,150,4,8.998,ATTACKER,44,10,,,,,
v1a,150,4,8.998,ATTACKER,45,10,,,,,
v1a,150,4,8.998,ATTACKER,46,10,,,,,
v1a,150,4,8.998,ATTACKER,47,10,,,,,
v1a,150,4,8.998,ATTACKER,48,10,,,,,
v1a,150,4,8.998,ATTACKER,49,10,,,,,
v1a,150,4,8.998,ATTACKER,50,10,,,,,
v1a,150,4,8.998,ATTACKER,51,10,,,,,
v1a,150,4,8.998,ATTACKER,52,10,,,,,
v1a,150,4,8.998,ATTACKER,53,10,,,,,
v1a,150,4,8.998,ATTACKER,54,10,,,,,
v1a,150,4,8.998,ATTACKER,55,10,,,,,
v1a,150,4,8.998,ATTACKER,56,10,,,,,
v1a,150,4,8.998,ATTACKER,57,10,,,,,
v1a,150,4,8.998,ATTACKER,58,10,,,,,
v1a,150,4,8.998,ATTACKER,59,10,,,,,
v1a,150,4,8.998,ATTACKER,60,10,,,,,
v1a,150,4,8.998,ATTACKER,61,10,,,,,
v1a,150,4,8.998,ATTACKER,62,10,,,,,
v1a,150,4,8.998,ATTACKER,63,10,,,,,
v1a,150,4,8.998,ATTACKER,64,10,,,,,
v1a,150,4,8.998,ATTACKER,65,10,,,,,
v1a,150,4,8.998,ATTACKER,66,10,,,,,
v1a,150,4,8.998,ATTACKER,67,10,,,,,
v1a,150,4,8.998,ATTACKER,68,10,,,,,
v1a,150,4,8.998,ATTACKER,69,10,,,,,
v1a,150,4,8.998,ATTACKER,70,10,,,,,
v1a,150,4,8.998,ATTACKER,71,10,,,,,
v1a,150,4,8.998,ATTACKER,72,10,,,,,
v1a,150,4,8.998,ATTACKER,73,10,,,,,
v1a,150,4,8.998,ATTACKER,74,10,,,,,
v1a,150,4,8.998,ATTACKER,75,10,,,,,
v1a,150,4,8.998,ATTACKER,76,10,,,,,
v1a,150,4,8.998,ATTACKER,77,10,,,,,
v1a,150,4,8.998,ATTACKER,78,10,,,,,
v1a,150,4,8.998,ATTACKER,79,10,,,,,
v1a,150,4,8.998,ATTACKER,80,10,,,,,
v1a,150,4,8.998,ATTACKER,81,10,,,,,
v1a,150,4,8.998,ATTACKER,82,10,,,,,
v1a,150,4,8.998,ATTACKER,83,10,,,,,
v1a,150,4,8.998,ATTACKER,84,10,,,,,
v1a,150,4,8.998,ATTACKER,85,10,,,,,
v1a,150,4,8.998,ATTACKER,86,10,,,,,
v1a,150,4,8.998,ATTACKER,87,10,,,,,
v1a,150,4,8.998,ATTACKER,88,10,,,,,
v1a,150,4,8.998,ATTACKER,89,10,,,,,
v1a,150,4,8.998,ATTACKER,90,10,,,,,
v1a,150,4,8.998,ATTACKER,91,10,,,,,
v1a,150,4,8.998,ATTACKER,92,10,,,,,
v1a,150,4,8.998,ATTACKER,93,10,,,,,
v1a,150,4,8.998,ATTACKER,94,10,,,,,
v1a,150,4,8.998,ATTACKER,95,10,,,,,
v1a,150,4,8.998,ATTACKER,96,10,,,,,
v1a,150,4,8.998,ATTACKER,97,10,,,,,
v1a,150,4,8.998,ATTACKER,98,10,,,,,
v1a,150,4,8.998,ATTACKER,99,10,,,,,
v1a,150,4,8.998,ATTACKER,100,10,,,,,
v1a,150,4,8.998,ATTACKER,101,10,,,,,
v1a,150,4,8.998,ATTACKER,102,10,,,,,
v1a,150,4,8.998,ATTACKER,103,10,,,,,
v1a,150,4,8.998,ATTACKER,104,10,,,,,
v1a,150,4,8.998,ATTACKER,105,10,,,,,
v1a,150,4,8.998,ATTACKER,106,10,,,,,
v1a,150,4,8.998,ATTACKER,107,10,,,,,
v1a,150,4,8.998,ATTACKER,108,10,,,,,
v1a,150,4,8.998,ATTACKER,109,10,,,,,
v1a,150,4,8.998,ATTACKER,110,10,,,,,
v1a,150,4,8.998,ATTACKER,111,10,,,,,
v1a,150,4,8.998,ATTACKER,112,10,,,,,
v1a,150,4,8.998,ATTACKER,113,10,,,,,
v1a,150,4,8.998,ATTACKER,114,10,,,,,
v1a,150,4,8.998,ATTACKER,115,10,,,,,
v1a,150,4,8.998,ATTACKER,116,10,,,,,
v1a,150,4,8.998,ATTACKER,117,10,,,,,
v1a,150,4,8.998,ATTACKER,118,10,,,,,
v1a,150,4,8.998,ATTACKER,119,10,,,,,
v1a,150,4,8.998,ATTACKER,120,10,,,,,
v1a,150,4,8.998,ATTACKER,121,10,,,,,
v1a,150,4,8.998,ATTACKER,122,10,,,,,
v1a,150,4,8.998,ATTACKER,123,10,,,,,
v1a,150,4,8.998,ATTACKER,124,10,,,,,
v1a,150,4,8.998,ATTACKER,125,10,,,,,
v1a,150,4,8.998,ATTACKER,126,10,,,,,
v1a,150,4,8.998,ATTACKER,127,10,,,,,
v1a,150,4,8.998,ATTACKER,128,10,,,,,
v1a,150,4,8.998,ATTACKER,129,10,,,,,
v1a,150,4,8.998,ATTACKER,130,10,,,,,
v1a,150,4,8.998,ATTACKER,131,10,,,,,
v1a,150,4,8.998,ATTACKER,132,10,,,,,
v1a,150,4,8.998,ATTACKER,133,10,,,,,
v1a,150,4,8.998,ATTACKER,134,10,,,,,
v1a,150,4,8.998,ATTACKER,135,10,,,,,
v1a,150,4,8.998,ATTACKER,136,10,,,,,
v1a,150,4,8.998,ATTACKER,137,10,,,,,
v1a,150,4,8.998,ATTACKER,138,10,,,,,
v1a,150,4,8.998,ATTACKER,139,10,,,,,
v1a,150,4,8.998,ATTACKER,140,10,,,,,
v1a,150,4,8.998,ATTACKER,141,10,,,,,
v1a,150,4,8.998,ATTACKER,142,10,,,,,
v1a,150,4,8.998,ATTACKER,143,10,,,,,
v1a,150,4,8.998,ATTACKER,144,10,,,,,
v1a,150,4,8.998,ATTACKER,145,10,,,,,
v1a,150,4,8.998,ATTACKER,146,10,,,,,
v1a,150,4,8.998,ATTACKER,147,10,,,,,
v1a,150,4,8.998,ATTACKER,148,10,,,,,
v1a,150,4,8.998,ATTACKER,149,10,,,,,
v1a,150,4,8.998,ATTACKER,150,10,,,,,
v1a,150,4,8.998,ATTACKER,151,10,,,,,
v1a,150,4,8.998,ATTACKER,152,10,,,,,
v1a,150,4,8.998,ATTACKER,153,10,,,,,
v1a,150,4,8.998,ATTACKER,154,10,,,,,
v1a,150,4,8.998,NETWORK,0,,1500,200,0.882353,0.970588,0.970588,2.823529
v1a,150,5,10.998,ATTACKER,5,10,,,,,
v1a,150,5,10.998,ATTACKER,6,10,,,,,
v1a,150,5,10.998,ATTACKER,7,10,,,,,
v1a,150,5,10.998,ATTACKER,8,10,,,,,
v1a,150,5,10.998,ATTACKER,9,10,,,,,
v1a,150,5,10.998,ATTACKER,10,10,,,,,
v1a,150,5,10.998,ATTACKER,11,10,,,,,
v1a,150,5,10.998,ATTACKER,12,10,,,,,
v1a,150,5,10.998,ATTACKER,13,10,,,,,
v1a,150,5,10.998,ATTACKER,14,10,,,,,
v1a,150,5,10.998,ATTACKER,15,10,,,,,
v1a,150,5,10.998,ATTACKER,16,10,,,,,
v1a,150,5,10.998,ATTACKER,17,10,,,,,
v1a,150,5,10.998,ATTACKER,18,10,,,,,
v1a,150,5,10.998,ATTACKER,19,10,,,,,
v1a,150,5,10.998,ATTACKER,20,10,,,,,
v1a,150,5,10.998,ATTACKER,21,10,,,,,
v1a,150,5,10.998,ATTACKER,22,10,,,,,
v1a,150,5,10.998,ATTACKER,23,10,,,,,
v1a,150,5,10.998,ATTACKER,24,10,,,,,
v1a,150,5,10.998,ATTACKER,25,10,,,,,
v1a,150,5,10.998,ATTACKER,26,10,,,,,
v1a,150,5,10.998,ATTACKER,27,10,,,,,
v1a,150,5,10.998,ATTACKER,28,10,,,,,
v1a,150,5,10.998,ATTACKER,29,10,,,,,
v1a,150,5,10.998,ATTACKER,30,10,,,,,
v1a,150,5,10.998,ATTACKER,31,10,,,,,
v1a,150,5,10.998,ATTACKER,32,10,,,,,
v1a,150,5,10.998,ATTACKER,33,10,,,,,
v1a,150,5,10.998,ATTACKER,34,10,,,,,
v1a,150,5,10.998,ATTACKER,35,10,,,,,
v1a,150,5,10.998,ATTACKER,36,10,,,,,
v1a,150,5,10.998,ATTACKER,37,10,,,,,
v1a,150,5,10.998,ATTACKER,38,10,,,,,
v1a,150,5,10.998,ATTACKER,39,10,,,,,
v1a,150,5,10.998,ATTACKER,40,10,,,,,
v1a,150,5,10.998,ATTACKER,41,10,,,,,
v1a,150,5,10.998,ATTACKER,42,10,,,,,
v1a,150,5,10.998,ATTACKER,43,10,,,,,
v1a,150,5,10.998,ATTACKER,44,10,,,,,
v1a,150,5,10.998,ATTACKER,45,10,,,,,
v1a,150,5,10.998,ATTACKER,46,10,,,,,
v1a,150,5,10.998,ATTACKER,47,10,,,,,
v1a,150,5,10.998,ATTACKER,48,10,,,,,
v1a,150,5,10.998,ATTACKER,49,10,,,,,
v1a,150,5,10.998,ATTACKER,50,10,,,,,
v1a,150,5,10.998,ATTACKER,51,10,,,,,
v1a,150,5,10.998,ATTACKER,52,10,,,,,
v1a,150,5,10.998,ATTACKER,53,10,,,,,
v1a,150,5,10.998,ATTACKER,54,10,,,,,
v1a,150,5,10.998,ATTACKER,55,10,,,,,
v1a,150,5,10.998,ATTACKER,56,10,,,,,
v1a,150,5,10.998,ATTACKER,57,10,,,,,
v1a,150,5,10.998,ATTACKER,58,10,,,,,
v1a,150,5,10.998,ATTACKER,59,10,,,,,
v1a,150,5,10.998,ATTACKER,60,10,,,,,
v1a,150,5,10.998,ATTACKER,61,10,,,,,
v1a,150,5,10.998,ATTACKER,62,10,,,,,
v1a,150,5,10.998,ATTACKER,63,10,,,,,
v1a,150,5,10.998,ATTACKER,64,10,,,,,
v1a,150,5,10.998,ATTACKER,65,10,,,,,
v1a,150,5,10.998,ATTACKER,66,10,,,,,
v1a,150,5,10.998,ATTACKER,67,10,,,,,
v1a,150,5,10.998,ATTACKER,68,10,,,,,
v1a,150,5,10.998,ATTACKER,69,10,,,,,
v1a,150,5,10.998,ATTACKER,70,10,,,,,
v1a,150,5,10.998,ATTACKER,71,10,,,,,
v1a,150,5,10.998,ATTACKER,72,10,,,,,
v1a,150,5,10.998,ATTACKER,73,10,,,,,
v1a,150,5,10.998,ATTACKER,74,10,,,,,
v1a,150,5,10.998,ATTACKER,75,10,,,,,
v1a,150,5,10.998,ATTACKER,76,10,,,,,
v1a,150,5,10.998,ATTACKER,77,10,,,,,
v1a,150,5,10.998,ATTACKER,78,10,,,,,
v1a,150,5,10.998,ATTACKER,79,10,,,,,
v1a,150,5,10.998,ATTACKER,80,10,,,,,
v1a,150,5,10.998,ATTACKER,81,10,,,,,
v1a,150,5,10.998,ATTACKER,82,10,,,,,
v1a,150,5,10.998,ATTACKER,83,10,,,,,
v1a,150,5,10.998,ATTACKER,84,10,,,,,
v1a,150,5,10.998,ATTACKER,85,10,,,,,
v1a,150,5,10.998,ATTACKER,86,10,,,,,
v1a,150,5,10.998,ATTACKER,87,10,,,,,
v1a,150,5,10.998,ATTACKER,88,10,,,,,
v1a,150,5,10.998,ATTACKER,89,10,,,,,
v1a,150,5,10.998,ATTACKER,90,10,,,,,
v1a,150,5,10.998,ATTACKER,91,10,,,,,
v1a,150,5,10.998,ATTACKER,92,10,,,,,
v1a,150,5,10.998,ATTACKER,93,10,,,,,
v1a,150,5,10.998,ATTACKER,94,10,,,,,
v1a,150,5,10.998,ATTACKER,95,10,,,,,
v1a,150,5,10.998,ATTACKER,96,10,,,,,
v1a,150,5,10.998,ATTACKER,97,10,,,,,
v1a,150,5,10.998,ATTACKER,98,10,,,,,
v1a,150,5,10.998,ATTACKER,99,10,,,,,
v1a,150,5,10.998,ATTACKER,100,10,,,,,
v1a,150,5,10.998,ATTACKER,101,10,,,,,
v1a,150,5,10.998,ATTACKER,102,10,,,,,
v1a,150,5,10.998,ATTACKER,103,10,,,,,
v1a,150,5,10.998,ATTACKER,104,10,,,,,
v1a,150,5,10.998,ATTACKER,105,10,,,,,
v1a,150,5,10.998,ATTACKER,106,10,,,,,
v1a,150,5,10.998,ATTACKER,107,10,,,,,
v1a,150,5,10.998,ATTACKER,108,10,,,,,
v1a,150,5,10.998,ATTACKER,109,10,,,,,
v1a,150,5,10.998,ATTACKER,110,10,,,,,
v1a,150,5,10.998,ATTACKER,111,10,,,,,
v1a,150,5,10.998,ATTACKER,112,10,,,,,
v1a,150,5,10.998,ATTACKER,113,10,,,,,
v1a,150,5,10.998,ATTACKER,114,10,,,,,
v1a,150,5,10.998,ATTACKER,115,10,,,,,
v1a,150,5,10.998,ATTACKER,116,10,,,,,
v1a,150,5,10.998,ATTACKER,117,10,,,,,
v1a,150,5,10.998,ATTACKER,118,10,,,,,
v1a,150,5,10.998,ATTACKER,119,10,,,,,
v1a,150,5,10.998,ATTACKER,120,10,,,,,
v1a,150,5,10.998,ATTACKER,121,10,,,,,
v1a,150,5,10.998,ATTACKER,122,10,,,,,
v1a,150,5,10.998,ATTACKER,123,10,,,,,
v1a,150,5,10.998,ATTACKER,124,10,,,,,
v1a,150,5,10.998,ATTACKER,125,10,,,,,
v1a,150,5,10.998,ATTACKER,126,10,,,,,
v1a,150,5,10.998,ATTACKER,127,10,,,,,
v1a,150,5,10.998,ATTACKER,128,10,,,,,
v1a,150,5,10.998,ATTACKER,129,10,,,,,
v1a,150,5,10.998,ATTACKER,130,10,,,,,
v1a,150,5,10.998,ATTACKER,131,10,,,,,
v1a,150,5,10.998,ATTACKER,132,10,,,,,
v1a,150,5,10.998,ATTACKER,133,10,,,,,
v1a,150,5,10.998,ATTACKER,134,10,,,,,
v1a,150,5,10.998,ATTACKER,135,10,,,,,
v1a,150,5,10.998,ATTACKER,136,10,,,,,
v1a,150,5,10.998,ATTACKER,137,10,,,,,
v1a,150,5,10.998,ATTACKER,138,10,,,,,
v1a,150,5,10.998,ATTACKER,139,10,,,,,
v1a,150,5,10.998,ATTACKER,140,10,,,,,
v1a,150,5,10.998,ATTACKER,141,10,,,,,
v1a,150,5,10.998,ATTACKER,142,10,,,,,
v1a,150,5,10.998,ATTACKER,143,10,,,,,
v1a,150,5,10.998,ATTACKER,144,10,,,,,
v1a,150,5,10.998,ATTACKER,145,10,,,,,
v1a,150,5,10.998,ATTACKER,146,10,,,,,
v1a,150,5,10.998,ATTACKER,147,10,,,,,
v1a,150,5,10.998,ATTACKER,148,10,,,,,
v1a,150,5,10.998,ATTACKER,149,10,,,,,
v1a,150,5,10.998,ATTACKER,150,10,,,,,
v1a,150,5,10.998,ATTACKER,151,10,,,,,
v1a,150,5,10.998,ATTACKER,152,10,,,,,
v1a,150,5,10.998,ATTACKER,153,10,,,,,
v1a,150,5,10.998,ATTACKER,154,10,,,,,
v1a,150,5,10.998,NETWORK,0,,1500,200,0.882353,0.970588,0.970588,2.823529
v1a,150,6,12.998,ATTACKER,5,10,,,,,
v1a,150,6,12.998,ATTACKER,6,10,,,,,
v1a,150,6,12.998,ATTACKER,7,10,,,,,
v1a,150,6,12.998,ATTACKER,8,10,,,,,
v1a,150,6,12.998,ATTACKER,9,10,,,,,
v1a,150,6,12.998,ATTACKER,10,10,,,,,
v1a,150,6,12.998,ATTACKER,11,10,,,,,
v1a,150,6,12.998,ATTACKER,12,10,,,,,
v1a,150,6,12.998,ATTACKER,13,10,,,,,
v1a,150,6,12.998,ATTACKER,14,10,,,,,
v1a,150,6,12.998,ATTACKER,15,10,,,,,
v1a,150,6,12.998,ATTACKER,16,10,,,,,
v1a,150,6,12.998,ATTACKER,17,10,,,,,
v1a,150,6,12.998,ATTACKER,18,10,,,,,
v1a,150,6,12.998,ATTACKER,19,10,,,,,
v1a,150,6,12.998,ATTACKER,20,10,,,,,
v1a,150,6,12.998,ATTACKER,21,10,,,,,
v1a,150,6,12.998,ATTACKER,22,10,,,,,
v1a,150,6,12.998,ATTACKER,23,10,,,,,
v1a,150,6,12.998,ATTACKER,24,10,,,,,
v1a,150,6,12.998,ATTACKER,25,10,,,,,
v1a,150,6,12.998,ATTACKER,26,10,,,,,
v1a,150,6,12.998,ATTACKER,27,10,,,,,
v1a,150,6,12.998,ATTACKER,28,10,,,,,
v1a,150,6,12.998,ATTACKER,29,10,,,,,
v1a,150,6,12.998,ATTACKER,30,10,,,,,
v1a,150,6,12.998,ATTACKER,31,10,,,,,
v1a,150,6,12.998,ATTACKER,32,10,,,,,
v1a,150,6,12.998,ATTACKER,33,10,,,,,
v1a,150,6,12.998,ATTACKER,34,10,,,,,
v1a,150,6,12.998,ATTACKER,35,10,,,,,
v1a,150,6,12.998,ATTACKER,36,10,,,,,
v1a,150,6,12.998,ATTACKER,37,10,,,,,
v1a,150,6,12.998,ATTACKER,38,10,,,,,
v1a,150,6,12.998,ATTACKER,39,10,,,,,
v1a,150,6,12.998,ATTACKER,40,10,,,,,
v1a,150,6,12.998,ATTACKER,41,10,,,,,
v1a,150,6,12.998,ATTACKER,42,10,,,,,
v1a,150,6,12.998,ATTACKER,43,10,,,,,
v1a,150,6,12.998,ATTACKER,44,10,,,,,
v1a,150,6,12.998,ATTACKER,45,10,,,,,
v1a,150,6,12.998,ATTACKER,46,10,,,,,
v1a,150,6,12.998,ATTACKER,47,10,,,,,
v1a,150,6,12.998,ATTACKER,48,10,,,,,
v1a,150,6,12.998,ATTACKER,49,10,,,,,
v1a,150,6,12.998,ATTACKER,50,10,,,,,
v1a,150,6,12.998,ATTACKER,51,10,,,,,
v1a,150,6,12.998,ATTACKER,52,10,,,,,
v1a,150,6,12.998,ATTACKER,53,10,,,,,
v1a,150,6,12.998,ATTACKER,54,10,,,,,
v1a,150,6,12.998,ATTACKER,55,10,,,,,
v1a,150,6,12.998,ATTACKER,56,10,,,,,
v1a,150,6,12.998,ATTACKER,57,10,,,,,
v1a,150,6,12.998,ATTACKER,58,10,,,,,
v1a,150,6,12.998,ATTACKER,59,10,,,,,
v1a,150,6,12.998,ATTACKER,60,10,,,,,
v1a,150,6,12.998,ATTACKER,61,10,,,,,
v1a,150,6,12.998,ATTACKER,62,10,,,,,
v1a,150,6,12.998,ATTACKER,63,10,,,,,
v1a,150,6,12.998,ATTACKER,64,10,,,,,
v1a,150,6,12.998,ATTACKER,65,10,,,,,
v1a,150,6,12.998,ATTACKER,66,10,,,,,
v1a,150,6,12.998,ATTACKER,67,10,,,,,
v1a,150,6,12.998,ATTACKER,68,10,,,,,
v1a,150,6,12.998,ATTACKER,69,10,,,,,
v1a,150,6,12.998,ATTACKER,70,10,,,,,
v1a,150,6,12.998,ATTACKER,71,10,,,,,
v1a,150,6,12.998,ATTACKER,72,10,,,,,
v1a,150,6,12.998,ATTACKER,73,10,,,,,
v1a,150,6,12.998,ATTACKER,74,10,,,,,
v1a,150,6,12.998,ATTACKER,75,10,,,,,
v1a,150,6,12.998,ATTACKER,76,10,,,,,
v1a,150,6,12.998,ATTACKER,77,10,,,,,
v1a,150,6,12.998,ATTACKER,78,10,,,,,
v1a,150,6,12.998,ATTACKER,79,10,,,,,
v1a,150,6,12.998,ATTACKER,80,10,,,,,
v1a,150,6,12.998,ATTACKER,81,10,,,,,
v1a,150,6,12.998,ATTACKER,82,10,,,,,
v1a,150,6,12.998,ATTACKER,83,10,,,,,
v1a,150,6,12.998,ATTACKER,84,10,,,,,
v1a,150,6,12.998,ATTACKER,85,10,,,,,
v1a,150,6,12.998,ATTACKER,86,10,,,,,
v1a,150,6,12.998,ATTACKER,87,10,,,,,
v1a,150,6,12.998,ATTACKER,88,10,,,,,
v1a,150,6,12.998,ATTACKER,89,10,,,,,
v1a,150,6,12.998,ATTACKER,90,10,,,,,
v1a,150,6,12.998,ATTACKER,91,10,,,,,
v1a,150,6,12.998,ATTACKER,92,10,,,,,
v1a,150,6,12.998,ATTACKER,93,10,,,,,
v1a,150,6,12.998,ATTACKER,94,10,,,,,
v1a,150,6,12.998,ATTACKER,95,10,,,,,
v1a,150,6,12.998,ATTACKER,96,10,,,,,
v1a,150,6,12.998,ATTACKER,97,10,,,,,
v1a,150,6,12.998,ATTACKER,98,10,,,,,
v1a,150,6,12.998,ATTACKER,99,10,,,,,
v1a,150,6,12.998,ATTACKER,100,10,,,,,
v1a,150,6,12.998,ATTACKER,101,10,,,,,
v1a,150,6,12.998,ATTACKER,102,10,,,,,
v1a,150,6,12.998,ATTACKER,103,10,,,,,
v1a,150,6,12.998,ATTACKER,104,10,,,,,
v1a,150,6,12.998,ATTACKER,105,10,,,,,
v1a,150,6,12.998,ATTACKER,106,10,,,,,
v1a,150,6,12.998,ATTACKER,107,10,,,,,
v1a,150,6,12.998,ATTACKER,108,10,,,,,
v1a,150,6,12.998,ATTACKER,109,10,,,,,
v1a,150,6,12.998,ATTACKER,110,10,,,,,
v1a,150,6,12.998,ATTACKER,111,10,,,,,
v1a,150,6,12.998,ATTACKER,112,10,,,,,
v1a,150,6,12.998,ATTACKER,113,10,,,,,
v1a,150,6,12.998,ATTACKER,114,10,,,,,
v1a,150,6,12.998,ATTACKER,115,10,,,,,
v1a,150,6,12.998,ATTACKER,116,10,,,,,
v1a,150,6,12.998,ATTACKER,117,10,,,,,
v1a,150,6,12.998,ATTACKER,118,10,,,,,
v1a,150,6,12.998,ATTACKER,119,10,,,,,
v1a,150,6,12.998,ATTACKER,120,10,,,,,
v1a,150,6,12.998,ATTACKER,121,10,,,,,
v1a,150,6,12.998,ATTACKER,122,10,,,,,
v1a,150,6,12.998,ATTACKER,123,10,,,,,
v1a,150,6,12.998,ATTACKER,124,10,,,,,
v1a,150,6,12.998,ATTACKER,125,10,,,,,
v1a,150,6,12.998,ATTACKER,126,10,,,,,
v1a,150,6,12.998,ATTACKER,127,10,,,,,
v1a,150,6,12.998,ATTACKER,128,10,,,,,
v1a,150,6,12.998,ATTACKER,129,10,,,,,
v1a,150,6,12.998,ATTACKER,130,10,,,,,
v1a,150,6,12.998,ATTACKER,131,10,,,,,
v1a,150,6,12.998,ATTACKER,132,10,,,,,
v1a,150,6,12.998,ATTACKER,133,10,,,,,
v1a,150,6,12.998,ATTACKER,134,10,,,,,
v1a,150,6,12.998,ATTACKER,135,10,,,,,
v1a,150,6,12.998,ATTACKER,136,10,,,,,
v1a,150,6,12.998,ATTACKER,137,10,,,,,
v1a,150,6,12.998,ATTACKER,138,10,,,,,
v1a,150,6,12.998,ATTACKER,139,10,,,,,
v1a,150,6,12.998,ATTACKER,140,10,,,,,
v1a,150,6,12.998,ATTACKER,141,10,,,,,
v1a,150,6,12.998,ATTACKER,142,10,,,,,
v1a,150,6,12.998,ATTACKER,143,10,,,,,
v1a,150,6,12.998,ATTACKER,144,10,,,,,
v1a,150,6,12.998,ATTACKER,145,10,,,,,
v1a,150,6,12.998,ATTACKER,146,10,,,,,
v1a,150,6,12.998,ATTACKER,147,10,,,,,
v1a,150,6,12.998,ATTACKER,148,10,,,,,
v1a,150,6,12.998,ATTACKER,149,10,,,,,
v1a,150,6,12.998,ATTACKER,150,10,,,,,
v1a,150,6,12.998,ATTACKER,151,10,,,,,
v1a,150,6,12.998,ATTACKER,152,10,,,,,
v1a,150,6,12.998,ATTACKER,153,10,,,,,
v1a,150,6,12.998,ATTACKER,154,10,,,,,
v1a,150,6,12.998,NETWORK,0,,1500,200,0.882353,0.970588,0.970588,2.823529
v1a,180,0,1.998,ATTACKER,5,0,,,,,
v1a,180,0,1.998,ATTACKER,6,0,,,,,
v1a,180,0,1.998,ATTACKER,7,0,,,,,
v1a,180,0,1.998,ATTACKER,8,0,,,,,
v1a,180,0,1.998,ATTACKER,9,0,,,,,
v1a,180,0,1.998,ATTACKER,10,0,,,,,
v1a,180,0,1.998,ATTACKER,11,0,,,,,
v1a,180,0,1.998,ATTACKER,12,0,,,,,
v1a,180,0,1.998,ATTACKER,13,0,,,,,
v1a,180,0,1.998,ATTACKER,14,0,,,,,
v1a,180,0,1.998,ATTACKER,15,0,,,,,
v1a,180,0,1.998,ATTACKER,16,0,,,,,
v1a,180,0,1.998,ATTACKER,17,0,,,,,
v1a,180,0,1.998,ATTACKER,18,0,,,,,
v1a,180,0,1.998,ATTACKER,19,0,,,,,
v1a,180,0,1.998,ATTACKER,20,0,,,,,
v1a,180,0,1.998,ATTACKER,21,0,,,,,
v1a,180,0,1.998,ATTACKER,22,0,,,,,
v1a,180,0,1.998,ATTACKER,23,0,,,,,
v1a,180,0,1.998,ATTACKER,24,0,,,,,
v1a,180,0,1.998,ATTACKER,25,0,,,,,
v1a,180,0,1.998,ATTACKER,26,0,,,,,
v1a,180,0,1.998,ATTACKER,27,0,,,,,
v1a,180,0,1.998,ATTACKER,28,0,,,,,
v1a,180,0,1.998,ATTACKER,29,0,,,,,
v1a,180,0,1.998,ATTACKER,30,0,,,,,
v1a,180,0,1.998,ATTACKER,31,0,,,,,
v1a,180,0,1.998,ATTACKER,32,0,,,,,
v1a,180,0,1.998,ATTACKER,33,0,,,,,
v1a,180,0,1.998,ATTACKER,34,0,,,,,
v1a,180,0,1.998,ATTACKER,35,0,,,,,
v1a,180,0,1.998,ATTACKER,36,0,,,,,
v1a,180,0,1.998,ATTACKER,37,0,,,,,
v1a,180,0,1.998,ATTACKER,38,0,,,,,
v1a,180,0,1.998,ATTACKER,39,0,,,,,
v1a,180,0,1.998,ATTACKER,40,0,,,,,
v1a,180,0,1.998,ATTACKER,41,0,,,,,
v1a,180,0,1.998,ATTACKER,42,0,,,,,
v1a,180,0,1.998,ATTACKER,43,0,,,,,
v1a,180,0,1.998,ATTACKER,44,0,,,,,
v1a,180,0,1.998,ATTACKER,45,0,,,,,
v1a,180,0,1.998,ATTACKER,46,0,,,,,
v1a,180,0,1.998,ATTACKER,47,0,,,,,
v1a,180,0,1.998,ATTACKER,48,0,,,,,
v1a,180,0,1.998,ATTACKER,49,0,,,,,
v1a,180,0,1.998,ATTACKER,50,0,,,,,
v1a,180,0,1.998,ATTACKER,51,0,,,,,
v1a,180,0,1.998,ATTACKER,52,0,,,,,
v1a,180,0,1.998,ATTACKER,53,0,,,,,
v1a,180,0,1.998,ATTACKER,54,0,,,,,
v1a,180,0,1.998,ATTACKER,55,0,,,,,
v1a,180,0,1.998,ATTACKER,56,0,,,,,
v1a,180,0,1.998,ATTACKER,57,0,,,,,
v1a,180,0,1.998,ATTACKER,58,0,,,,,
v1a,180,0,1.998,ATTACKER,59,0,,,,,
v1a,180,0,1.998,ATTACKER,60,0,,,,,
v1a,180,0,1.998,ATTACKER,61,0,,,,,
v1a,180,0,1.998,ATTACKER,62,0,,,,,
v1a,180,0,1.998,ATTACKER,63,0,,,,,
v1a,180,0,1.998,ATTACKER,64,0,,,,,
v1a,180,0,1.998,ATTACKER,65,0,,,,,
v1a,180,0,1.998,ATTACKER,66,0,,,,,
v1a,180,0,1.998,ATTACKER,67,0,,,,,
v1a,180,0,1.998,ATTACKER,68,0,,,,,
v1a,180,0,1.998,ATTACKER,69,0,,,,,
v1a,180,0,1.998,ATTACKER,70,0,,,,,
v1a,180,0,1.998,ATTACKER,71,0,,,,,
v1a,180,0,1.998,ATTACKER,72,0,,,,,
v1a,180,0,1.998,ATTACKER,73,0,,,,,
v1a,180,0,1.998,ATTACKER,74,0,,,,,
v1a,180,0,1.998,ATTACKER,75,0,,,,,
v1a,180,0,1.998,ATTACKER,76,0,,,,,
v1a,180,0,1.998,ATTACKER,77,0,,,,,
v1a,180,0,1.998,ATTACKER,78,0,,,,,
v1a,180,0,1.998,ATTACKER,79,0,,,,,
v1a,180,0,1.998,ATTACKER,80,0,,,,,
v1a,180,0,1.998,ATTACKER,81,0,,,,,
v1a,180,0,1.998,ATTACKER,82,0,,,,,
v1a,180,0,1.998,ATTACKER,83,0,,,,,
v1a,180,0,1.998,ATTACKER,84,0,,,,,
v1a,180,0,1.998,ATTACKER,85,0,,,,,
v1a,180,0,1.998,ATTACKER,86,0,,,,,
v1a,180,0,1.998,ATTACKER,87,0,,,,,
v1a,180,0,1.998,ATTACKER,88,0,,,,,
v1a,180,0,1.998,ATTACKER,89,0,,,,,
v1a,180,0,1.998,ATTACKER,90,0,,,,,
v1a,180,0,1.998,ATTACKER,91,0,,,,,
v1a,180,0,1.998,ATTACKER,92,0,,,,,
v1a,180,0,1.998,ATTACKER,93,0,,,,,
v1a,180,0,1.998,ATTACKER,94,0,,,,,
v1a,180,0,1.998,ATTACKER,95,0,,,,,
v1a,180,0,1.998,ATTACKER,96,0,,,,,
v1a,180,0,1.998,ATTACKER,97,0,,,,,
v1a,180,0,1.998,ATTACKER,98,0,,,,,
v1a,180,0,1.998,ATTACKER,99,0,,,,,
v1a,180,0,1.998,ATTACKER,100,0,,,,,
v1a,180,0,1.998,ATTACKER,101,0,,,,,
v1a,180,0,1.998,ATTACKER,102,0,,,,,
v1a,180,0,1.998,ATTACKER,103,0,,,,,
v1a,180,0,1.998,ATTACKER,104,0,,,,,
v1a,180,0,1.998,ATTACKER,105,0,,,,,
v1a,180,0,1.998,ATTACKER,106,0,,,,,
v1a,180,0,1.998,ATTACKER,107,0,,,,,
v1a,180,0,1.998,ATTACKER,108,0,,,,,
v1a,180,0,1.998,ATTACKER,109,0,,,,,
v1a,180,0,1.998,ATTACKER,110,0,,,,,
v1a,180,0,1.998,ATTACKER,111,0,,,,,
v1a,180,0,1.998,ATTACKER,112,0,,,,,
v1a,180,0,1.998,ATTACKER,113,0,,,,,
v1a,180,0,1.998,ATTACKER,114,0,,,,,
v1a,180,0,1.998,ATTACKER,115,0,,,,,
v1a,180,0,1.998,ATTACKER,116,0,,,,,
v1a,180,0,1.998,ATTACKER,117,0,,,,,
v1a,180,0,1.998,ATTACKER,118,0,,,,,
v1a,180,0,1.998,ATTACKER,119,0,,,,,
v1a,180,0,1.998,ATTACKER,120,0,,,,,
v1a,180,0,1.998,ATTACKER,121,0,,,,,
v1a,180,0,1.998,ATTACKER,122,0,,,,,
v1a,180,0,1.998,ATTACKER,123,0,,,,,
v1a,180,0,1.998,ATTACKER,124,0,,,,,
v1a,180,0,1.998,ATTACKER,125,0,,,,,
v1a,180,0,1.998,ATTACKER,126,0,,,,,
v1a,180,0,1.998,ATTACKER,127,0,,,,,
v1a,180,0,1.998,ATTACKER,128,0,,,,,
v1a,180,0,1.998,ATTACKER,129,0,,,,,
v1a,180,0,1.998,ATTACKER,130,0,,,,,
v1a,180,0,1.998,ATTACKER,131,0,,,,,
v1a,180,0,1.998,ATTACKER,132,0,,,,,
v1a,180,0,1.998,ATTACKER,133,0,,,,,
v1a,180,0,1.998,ATTACKER,134,0,,,,,
v1a,180,0,1.998,ATTACKER,135,0,,,,,
v1a,180,0,1.998,ATTACKER,136,0,,,,,
v1a,180,0,1.998,ATTACKER,137,0,,,,,
v1a,180,0,1.998,ATTACKER,138,0,,,,,
v1a,180,0,1.998,ATTACKER,139,0,,,,,
v1a,180,0,1.998,ATTACKER,140,0,,,,,
v1a,180,0,1.998,ATTACKER,141,0,,,,,
v1a,180,0,1.998,ATTACKER,142,0,,,,,
v1a,180,0,1.998,ATTACKER,143,0,,,,,
v1a,180,0,1.998,ATTACKER,144,0,,,,,
v1a,180,0,1.998,ATTACKER,145,0,,,,,
v1a,180,0,1.998,ATTACKER,146,0,,,,,
v1a,180,0,1.998,ATTACKER,147,0,,,,,
v1a,180,0,1.998,ATTACKER,148,0,,,,,
v1a,180,0,1.998,ATTACKER,149,0,,,,,
v1a,180,0,1.998,ATTACKER,150,0,,,,,
v1a,180,0,1.998,ATTACKER,151,0,,,,,
v1a,180,0,1.998,ATTACKER,152,0,,,,,
v1a,180,0,1.998,ATTACKER,153,0,,,,,
v1a,180,0,1.998,ATTACKER,154,0,,,,,
v1a,180,0,1.998,ATTACKER,155,0,,,,,
v1a,180,0,1.998,ATTACKER,156,0,,,,,
v1a,180,0,1.998,ATTACKER,157,0,,,,,
v1a,180,0,1.998,ATTACKER,158,0,,,,,
v1a,180,0,1.998,ATTACKER,159,0,,,,,
v1a,180,0,1.998,ATTACKER,160,0,,,,,
v1a,180,0,1.998,ATTACKER,161,0,,,,,
v1a,180,0,1.998,ATTACKER,162,0,,,,,
v1a,180,0,1.998,ATTACKER,163,0,,,,,
v1a,180,0,1.998,ATTACKER,164,0,,,,,
v1a,180,0,1.998,ATTACKER,165,0,,,,,
v1a,180,0,1.998,ATTACKER,166,0,,,,,
v1a,180,0,1.998,ATTACKER,167,0,,,,,
v1a,180,0,1.998,ATTACKER,168,0,,,,,
v1a,180,0,1.998,ATTACKER,169,0,,,,,
v1a,180,0,1.998,ATTACKER,170,0,,,,,
v1a,180,0,1.998,ATTACKER,171,0,,,,,
v1a,180,0,1.998,ATTACKER,172,0,,,,,
v1a,180,0,1.998,ATTACKER,173,0,,,,,
v1a,180,0,1.998,ATTACKER,174,0,,,,,
v1a,180,0,1.998,ATTACKER,175,0,,,,,
v1a,180,0,1.998,ATTACKER,176,0,,,,,
v1a,180,0,1.998,ATTACKER,177,0,,,,,
v1a,180,0,1.998,ATTACKER,178,0,,,,,
v1a,180,0,1.998,ATTACKER,179,0,,,,,
v1a,180,0,1.998,ATTACKER,180,0,,,,,
v1a,180,0,1.998,ATTACKER,181,0,,,,,
v1a,180,0,1.998,ATTACKER,182,0,,,,,
v1a,180,0,1.998,ATTACKER,183,0,,,,,
v1a,180,0,1.998,ATTACKER,184,0,,,,,
v1a,180,0,1.998,NETWORK,0,,0,200,0.000000,0.900000,0.000000,0.900000
v1a,180,1,2.998,ATTACKER,5,10,,,,,
v1a,180,1,2.998,ATTACKER,6,10,,,,,
v1a,180,1,2.998,ATTACKER,7,10,,,,,
v1a,180,1,2.998,ATTACKER,8,10,,,,,
v1a,180,1,2.998,ATTACKER,9,10,,,,,
v1a,180,1,2.998,ATTACKER,10,10,,,,,
v1a,180,1,2.998,ATTACKER,11,10,,,,,
v1a,180,1,2.998,ATTACKER,12,10,,,,,
v1a,180,1,2.998,ATTACKER,13,10,,,,,
v1a,180,1,2.998,ATTACKER,14,10,,,,,
v1a,180,1,2.998,ATTACKER,15,10,,,,,
v1a,180,1,2.998,ATTACKER,16,10,,,,,
v1a,180,1,2.998,ATTACKER,17,10,,,,,
v1a,180,1,2.998,ATTACKER,18,10,,,,,
v1a,180,1,2.998,ATTACKER,19,10,,,,,
v1a,180,1,2.998,ATTACKER,20,10,,,,,
v1a,180,1,2.998,ATTACKER,21,10,,,,,
v1a,180,1,2.998,ATTACKER,22,10,,,,,
v1a,180,1,2.998,ATTACKER,23,10,,,,,
v1a,180,1,2.998,ATTACKER,24,10,,,,,
v1a,180,1,2.998,ATTACKER,25,10,,,,,
v1a,180,1,2.998,ATTACKER,26,10,,,,,
v1a,180,1,2.998,ATTACKER,27,10,,,,,
v1a,180,1,2.998,ATTACKER,28,10,,,,,
v1a,180,1,2.998,ATTACKER,29,10,,,,,
v1a,180,1,2.998,ATTACKER,30,10,,,,,
v1a,180,1,2.998,ATTACKER,31,10,,,,,
v1a,180,1,2.998,ATTACKER,32,10,,,,,
v1a,180,1,2.998,ATTACKER,33,10,,,,,
v1a,180,1,2.998,ATTACKER,34,10,,,,,
v1a,180,1,2.998,ATTACKER,35,10,,,,,
v1a,180,1,2.998,ATTACKER,36,10,,,,,
v1a,180,1,2.998,ATTACKER,37,10,,,,,
v1a,180,1,2.998,ATTACKER,38,10,,,,,
v1a,180,1,2.998,ATTACKER,39,10,,,,,
v1a,180,1,2.998,ATTACKER,40,10,,,,,
v1a,180,1,2.998,ATTACKER,41,10,,,,,
v1a,180,1,2.998,ATTACKER,42,10,,,,,
v1a,180,1,2.998,ATTACKER,43,10,,,,,
v1a,180,1,2.998,ATTACKER,44,10,,,,,
v1a,180,1,2.998,ATTACKER,45,10,,,,,
v1a,180,1,2.998,ATTACKER,46,10,,,,,
v1a,180,1,2.998,ATTACKER,47,10,,,,,
v1a,180,1,2.998,ATTACKER,48,10,,,,,
v1a,180,1,2.998,ATTACKER,49,10,,,,,
v1a,180,1,2.998,ATTACKER,50,10,,,,,
v1a,180,1,2.998,ATTACKER,51,10,,,,,
v1a,180,1,2.998,ATTACKER,52,10,,,,,
v1a,180,1,2.998,ATTACKER,53,10,,,,,
v1a,180,1,2.998,ATTACKER,54,10,,,,,
v1a,180,1,2.998,ATTACKER,55,10,,,,,
v1a,180,1,2.998,ATTACKER,56,10,,,,,
v1a,180,1,2.998,ATTACKER,57,10,,,,,
v1a,180,1,2.998,ATTACKER,58,10,,,,,
v1a,180,1,2.998,ATTACKER,59,10,,,,,
v1a,180,1,2.998,ATTACKER,60,10,,,,,
v1a,180,1,2.998,ATTACKER,61,10,,,,,
v1a,180,1,2.998,ATTACKER,62,10,,,,,
v1a,180,1,2.998,ATTACKER,63,10,,,,,
v1a,180,1,2.998,ATTACKER,64,10,,,,,
v1a,180,1,2.998,ATTACKER,65,10,,,,,
v1a,180,1,2.998,ATTACKER,66,10,,,,,
v1a,180,1,2.998,ATTACKER,67,10,,,,,
v1a,180,1,2.998,ATTACKER,68,10,,,,,
v1a,180,1,2.998,ATTACKER,69,10,,,,,
v1a,180,1,2.998,ATTACKER,70,10,,,,,
v1a,180,1,2.998,ATTACKER,71,10,,,,,
v1a,180,1,2.998,ATTACKER,72,10,,,,,
v1a,180,1,2.998,ATTACKER,73,10,,,,,
v1a,180,1,2.998,ATTACKER,74,10,,,,,
v1a,180,1,2.998,ATTACKER,75,10,,,,,
v1a,180,1,2.998,ATTACKER,76,10,,,,,
v1a,180,1,2.998,ATTACKER,77,10,,,,,
v1a,180,1,2.998,ATTACKER,78,10,,,,,
v1a,180,1,2.998,ATTACKER,79,10,,,,,
v1a,180,1,2.998,ATTACKER,80,10,,,,,
v1a,180,1,2.998,ATTACKER,81,10,,,,,
v1a,180,1,2.998,ATTACKER,82,10,,,,,
v1a,180,1,2.998,ATTACKER,83,10,,,,,
v1a,180,1,2.998,ATTACKER,84,10,,,,,
v1a,180,1,2.998,ATTACKER,85,10,,,,,
v1a,180,1,2.998,ATTACKER,86,10,,,,,
v1a,180,1,2.998,ATTACKER,87,10,,,,,
v1a,180,1,2.998,ATTACKER,88,10,,,,,
v1a,180,1,2.998,ATTACKER,89,10,,,,,
v1a,180,1,2.998,ATTACKER,90,10,,,,,
v1a,180,1,2.998,ATTACKER,91,10,,,,,
v1a,180,1,2.998,ATTACKER,92,10,,,,,
v1a,180,1,2.998,ATTACKER,93,10,,,,,
v1a,180,1,2.998,ATTACKER,94,10,,,,,
v1a,180,1,2.998,ATTACKER,95,10,,,,,
v1a,180,1,2.998,ATTACKER,96,10,,,,,
v1a,180,1,2.998,ATTACKER,97,10,,,,,
v1a,180,1,2.998,ATTACKER,98,10,,,,,
v1a,180,1,2.998,ATTACKER,99,10,,,,,
v1a,180,1,2.998,ATTACKER,100,10,,,,,
v1a,180,1,2.998,ATTACKER,101,10,,,,,
v1a,180,1,2.998,ATTACKER,102,10,,,,,
v1a,180,1,2.998,ATTACKER,103,10,,,,,
v1a,180,1,2.998,ATTACKER,104,10,,,,,
v1a,180,1,2.998,ATTACKER,105,10,,,,,
v1a,180,1,2.998,ATTACKER,106,10,,,,,
v1a,180,1,2.998,ATTACKER,107,10,,,,,
v1a,180,1,2.998,ATTACKER,108,10,,,,,
v1a,180,1,2.998,ATTACKER,109,10,,,,,
v1a,180,1,2.998,ATTACKER,110,10,,,,,
v1a,180,1,2.998,ATTACKER,111,10,,,,,
v1a,180,1,2.998,ATTACKER,112,10,,,,,
v1a,180,1,2.998,ATTACKER,113,10,,,,,
v1a,180,1,2.998,ATTACKER,114,10,,,,,
v1a,180,1,2.998,ATTACKER,115,10,,,,,
v1a,180,1,2.998,ATTACKER,116,10,,,,,
v1a,180,1,2.998,ATTACKER,117,10,,,,,
v1a,180,1,2.998,ATTACKER,118,10,,,,,
v1a,180,1,2.998,ATTACKER,119,10,,,,,
v1a,180,1,2.998,ATTACKER,120,10,,,,,
v1a,180,1,2.998,ATTACKER,121,10,,,,,
v1a,180,1,2.998,ATTACKER,122,10,,,,,
v1a,180,1,2.998,ATTACKER,123,10,,,,,
v1a,180,1,2.998,ATTACKER,124,10,,,,,
v1a,180,1,2.998,ATTACKER,125,10,,,,,
v1a,180,1,2.998,ATTACKER,126,10,,,,,
v1a,180,1,2.998,ATTACKER,127,10,,,,,
v1a,180,1,2.998,ATTACKER,128,10,,,,,
v1a,180,1,2.998,ATTACKER,129,10,,,,,
v1a,180,1,2.998,ATTACKER,130,10,,,,,
v1a,180,1,2.998,ATTACKER,131,10,,,,,
v1a,180,1,2.998,ATTACKER,132,10,,,,,
v1a,180,1,2.998,ATTACKER,133,10,,,,,
v1a,180,1,2.998,ATTACKER,134,10,,,,,
v1a,180,1,2.998,ATTACKER,135,10,,,,,
v1a,180,1,2.998,ATTACKER,136,10,,,,,
v1a,180,1,2.998,ATTACKER,137,10,,,,,
v1a,180,1,2.998,ATTACKER,138,10,,,,,
v1a,180,1,2.998,ATTACKER,139,10,,,,,
v1a,180,1,2.998,ATTACKER,140,10,,,,,
v1a,180,1,2.998,ATTACKER,141,10,,,,,
v1a,180,1,2.998,ATTACKER,142,10,,,,,
v1a,180,1,2.998,ATTACKER,143,10,,,,,
v1a,180,1,2.998,ATTACKER,144,10,,,,,
v1a,180,1,2.998,ATTACKER,145,10,,,,,
v1a,180,1,2.998,ATTACKER,146,10,,,,,
v1a,180,1,2.998,ATTACKER,147,10,,,,,
v1a,180,1,2.998,ATTACKER,148,10,,,,,
v1a,180,1,2.998,ATTACKER,149,10,,,,,
v1a,180,1,2.998,ATTACKER,150,10,,,,,
v1a,180,1,2.998,ATTACKER,151,10,,,,,
v1a,180,1,2.998,ATTACKER,152,10,,,,,
v1a,180,1,2.998,ATTACKER,153,10,,,,,
v1a,180,1,2.998,ATTACKER,154,10,,,,,
v1a,180,1,2.998,ATTACKER,155,10,,,,,
v1a,180,1,2.998,ATTACKER,156,10,,,,,
v1a,180,1,2.998,ATTACKER,157,10,,,,,
v1a,180,1,2.998,ATTACKER,158,10,,,,,
v1a,180,1,2.998,ATTACKER,159,10,,,,,
v1a,180,1,2.998,ATTACKER,160,10,,,,,
v1a,180,1,2.998,ATTACKER,161,10,,,,,
v1a,180,1,2.998,ATTACKER,162,10,,,,,
v1a,180,1,2.998,ATTACKER,163,10,,,,,
v1a,180,1,2.998,ATTACKER,164,10,,,,,
v1a,180,1,2.998,ATTACKER,165,10,,,,,
v1a,180,1,2.998,ATTACKER,166,10,,,,,
v1a,180,1,2.998,ATTACKER,167,10,,,,,
v1a,180,1,2.998,ATTACKER,168,10,,,,,
v1a,180,1,2.998,ATTACKER,169,10,,,,,
v1a,180,1,2.998,ATTACKER,170,10,,,,,
v1a,180,1,2.998,ATTACKER,171,10,,,,,
v1a,180,1,2.998,ATTACKER,172,10,,,,,
v1a,180,1,2.998,ATTACKER,173,10,,,,,
v1a,180,1,2.998,ATTACKER,174,10,,,,,
v1a,180,1,2.998,ATTACKER,175,10,,,,,
v1a,180,1,2.998,ATTACKER,176,10,,,,,
v1a,180,1,2.998,ATTACKER,177,10,,,,,
v1a,180,1,2.998,ATTACKER,178,10,,,,,
v1a,180,1,2.998,ATTACKER,179,10,,,,,
v1a,180,1,2.998,ATTACKER,180,10,,,,,
v1a,180,1,2.998,ATTACKER,181,10,,,,,
v1a,180,1,2.998,ATTACKER,182,10,,,,,
v1a,180,1,2.998,ATTACKER,183,10,,,,,
v1a,180,1,2.998,ATTACKER,184,10,,,,,
v1a,180,1,2.998,NETWORK,0,,1800,200,0.900000,0.990000,0.990000,2.880000
v1a,180,2,4.998,ATTACKER,5,10,,,,,
v1a,180,2,4.998,ATTACKER,6,10,,,,,
v1a,180,2,4.998,ATTACKER,7,10,,,,,
v1a,180,2,4.998,ATTACKER,8,10,,,,,
v1a,180,2,4.998,ATTACKER,9,10,,,,,
v1a,180,2,4.998,ATTACKER,10,10,,,,,
v1a,180,2,4.998,ATTACKER,11,10,,,,,
v1a,180,2,4.998,ATTACKER,12,10,,,,,
v1a,180,2,4.998,ATTACKER,13,10,,,,,
v1a,180,2,4.998,ATTACKER,14,10,,,,,
v1a,180,2,4.998,ATTACKER,15,10,,,,,
v1a,180,2,4.998,ATTACKER,16,10,,,,,
v1a,180,2,4.998,ATTACKER,17,10,,,,,
v1a,180,2,4.998,ATTACKER,18,10,,,,,
v1a,180,2,4.998,ATTACKER,19,10,,,,,
v1a,180,2,4.998,ATTACKER,20,10,,,,,
v1a,180,2,4.998,ATTACKER,21,10,,,,,
v1a,180,2,4.998,ATTACKER,22,10,,,,,
v1a,180,2,4.998,ATTACKER,23,10,,,,,
v1a,180,2,4.998,ATTACKER,24,10,,,,,
v1a,180,2,4.998,ATTACKER,25,10,,,,,
v1a,180,2,4.998,ATTACKER,26,10,,,,,
v1a,180,2,4.998,ATTACKER,27,10,,,,,
v1a,180,2,4.998,ATTACKER,28,10,,,,,
v1a,180,2,4.998,ATTACKER,29,10,,,,,
v1a,180,2,4.998,ATTACKER,30,10,,,,,
v1a,180,2,4.998,ATTACKER,31,10,,,,,
v1a,180,2,4.998,ATTACKER,32,10,,,,,
v1a,180,2,4.998,ATTACKER,33,10,,,,,
v1a,180,2,4.998,ATTACKER,34,10,,,,,
v1a,180,2,4.998,ATTACKER,35,10,,,,,
v1a,180,2,4.998,ATTACKER,36,10,,,,,
v1a,180,2,4.998,ATTACKER,37,10,,,,,
v1a,180,2,4.998,ATTACKER,38,10,,,,,
v1a,180,2,4.998,ATTACKER,39,10,,,,,
v1a,180,2,4.998,ATTACKER,40,10,,,,,
v1a,180,2,4.998,ATTACKER,41,10,,,,,
v1a,180,2,4.998,ATTACKER,42,10,,,,,
v1a,180,2,4.998,ATTACKER,43,10,,,,,
v1a,180,2,4.998,ATTACKER,44,10,,,,,
v1a,180,2,4.998,ATTACKER,45,10,,,,,
v1a,180,2,4.998,ATTACKER,46,10,,,,,
v1a,180,2,4.998,ATTACKER,47,10,,,,,
v1a,180,2,4.998,ATTACKER,48,10,,,,,
v1a,180,2,4.998,ATTACKER,49,10,,,,,
v1a,180,2,4.998,ATTACKER,50,10,,,,,
v1a,180,2,4.998,ATTACKER,51,10,,,,,
v1a,180,2,4.998,ATTACKER,52,10,,,,,
v1a,180,2,4.998,ATTACKER,53,10,,,,,
v1a,180,2,4.998,ATTACKER,54,10,,,,,
v1a,180,2,4.998,ATTACKER,55,10,,,,,
v1a,180,2,4.998,ATTACKER,56,10,,,,,
v1a,180,2,4.998,ATTACKER,57,10,,,,,
v1a,180,2,4.998,ATTACKER,58,10,,,,,
v1a,180,2,4.998,ATTACKER,59,10,,,,,
v1a,180,2,4.998,ATTACKER,60,10,,,,,
v1a,180,2,4.998,ATTACKER,61,10,,,,,
v1a,180,2,4.998,ATTACKER,62,10,,,,,
v1a,180,2,4.998,ATTACKER,63,10,,,,,
v1a,180,2,4.998,ATTACKER,64,10,,,,,
v1a,180,2,4.998,ATTACKER,65,10,,,,,
v1a,180,2,4.998,ATTACKER,66,10,,,,,
v1a,180,2,4.998,ATTACKER,67,10,,,,,
v1a,180,2,4.998,ATTACKER,68,10,,,,,
v1a,180,2,4.998,ATTACKER,69,10,,,,,
v1a,180,2,4.998,ATTACKER,70,10,,,,,
v1a,180,2,4.998,ATTACKER,71,10,,,,,
v1a,180,2,4.998,ATTACKER,72,10,,,,,
v1a,180,2,4.998,ATTACKER,73,10,,,,,
v1a,180,2,4.998,ATTACKER,74,10,,,,,
v1a,180,2,4.998,ATTACKER,75,10,,,,,
v1a,180,2,4.998,ATTACKER,76,10,,,,,
v1a,180,2,4.998,ATTACKER,77,10,,,,,
v1a,180,2,4.998,ATTACKER,78,10,,,,,
v1a,180,2,4.998,ATTACKER,79,10,,,,,
v1a,180,2,4.998,ATTACKER,80,10,,,,,
v1a,180,2,4.998,ATTACKER,81,10,,,,,
v1a,180,2,4.998,ATTACKER,82,10,,,,,
v1a,180,2,4.998,ATTACKER,83,10,,,,,
v1a,180,2,4.998,ATTACKER,84,10,,,,,
v1a,180,2,4.998,ATTACKER,85,10,,,,,
v1a,180,2,4.998,ATTACKER,86,10,,,,,
v1a,180,2,4.998,ATTACKER,87,10,,,,,
v1a,180,2,4.998,ATTACKER,88,10,,,,,
v1a,180,2,4.998,ATTACKER,89,10,,,,,
v1a,180,2,4.998,ATTACKER,90,10,,,,,
v1a,180,2,4.998,ATTACKER,91,10,,,,,
v1a,180,2,4.998,ATTACKER,92,10,,,,,
v1a,180,2,4.998,ATTACKER,93,10,,,,,
v1a,180,2,4.998,ATTACKER,94,10,,,,,
v1a,180,2,4.998,ATTACKER,95,10,,,,,
v1a,180,2,4.998,ATTACKER,96,10,,,,,
v1a,180,2,4.998,ATTACKER,97,10,,,,,
v1a,180,2,4.998,ATTACKER,98,10,,,,,
v1a,180,2,4.998,ATTACKER,99,10,,,,,
v1a,180,2,4.998,ATTACKER,100,10,,,,,
v1a,180,2,4.998,ATTACKER,101,10,,,,,
v1a,180,2,4.998,ATTACKER,102,10,,,,,
v1a,180,2,4.998,ATTACKER,103,10,,,,,
v1a,180,2,4.998,ATTACKER,104,10,,,,,
v1a,180,2,4.998,ATTACKER,105,10,,,,,
v1a,180,2,4.998,ATTACKER,106,10,,,,,
v1a,180,2,4.998,ATTACKER,107,10,,,,,
v1a,180,2,4.998,ATTACKER,108,10,,,,,
v1a,180,2,4.998,ATTACKER,109,10,,,,,
v1a,180,2,4.998,ATTACKER,110,10,,,,,
v1a,180,2,4.998,ATTACKER,111,10,,,,,
v1a,180,2,4.998,ATTACKER,112,10,,,,,
v1a,180,2,4.998,ATTACKER,113,10,,,,,
v1a,180,2,4.998,ATTACKER,114,10,,,,,
v1a,180,2,4.998,ATTACKER,115,10,,,,,
v1a,180,2,4.998,ATTACKER,116,10,,,,,
v1a,180,2,4.998,ATTACKER,117,10,,,,,
v1a,180,2,4.998,ATTACKER,118,10,,,,,
v1a,180,2,4.998,ATTACKER,119,10,,,,,
v1a,180,2,4.998,ATTACKER,120,10,,,,,
v1a,180,2,4.998,ATTACKER,121,10,,,,,
v1a,180,2,4.998,ATTACKER,122,10,,,,,
v1a,180,2,4.998,ATTACKER,123,10,,,,,
v1a,180,2,4.998,ATTACKER,124,10,,,,,
v1a,180,2,4.998,ATTACKER,125,10,,,,,
v1a,180,2,4.998,ATTACKER,126,10,,,,,
v1a,180,2,4.998,ATTACKER,127,10,,,,,
v1a,180,2,4.998,ATTACKER,128,10,,,,,
v1a,180,2,4.998,ATTACKER,129,10,,,,,
v1a,180,2,4.998,ATTACKER,130,10,,,,,
v1a,180,2,4.998,ATTACKER,131,10,,,,,
v1a,180,2,4.998,ATTACKER,132,10,,,,,
v1a,180,2,4.998,ATTACKER,133,10,,,,,
v1a,180,2,4.998,ATTACKER,134,10,,,,,
v1a,180,2,4.998,ATTACKER,135,10,,,,,
v1a,180,2,4.998,ATTACKER,136,10,,,,,
v1a,180,2,4.998,ATTACKER,137,10,,,,,
v1a,180,2,4.998,ATTACKER,138,10,,,,,
v1a,180,2,4.998,ATTACKER,139,10,,,,,
v1a,180,2,4.998,ATTACKER,140,10,,,,,
v1a,180,2,4.998,ATTACKER,141,10,,,,,
v1a,180,2,4.998,ATTACKER,142,10,,,,,
v1a,180,2,4.998,ATTACKER,143,10,,,,,
v1a,180,2,4.998,ATTACKER,144,10,,,,,
v1a,180,2,4.998,ATTACKER,145,10,,,,,
v1a,180,2,4.998,ATTACKER,146,10,,,,,
v1a,180,2,4.998,ATTACKER,147,10,,,,,
v1a,180,2,4.998,ATTACKER,148,10,,,,,
v1a,180,2,4.998,ATTACKER,149,10,,,,,
v1a,180,2,4.998,ATTACKER,150,10,,,,,
v1a,180,2,4.998,ATTACKER,151,10,,,,,
v1a,180,2,4.998,ATTACKER,152,10,,,,,
v1a,180,2,4.998,ATTACKER,153,10,,,,,
v1a,180,2,4.998,ATTACKER,154,10,,,,,
v1a,180,2,4.998,ATTACKER,155,10,,,,,
v1a,180,2,4.998,ATTACKER,156,10,,,,,
v1a,180,2,4.998,ATTACKER,157,10,,,,,
v1a,180,2,4.998,ATTACKER,158,10,,,,,
v1a,180,2,4.998,ATTACKER,159,10,,,,,
v1a,180,2,4.998,ATTACKER,160,10,,,,,
v1a,180,2,4.998,ATTACKER,161,10,,,,,
v1a,180,2,4.998,ATTACKER,162,10,,,,,
v1a,180,2,4.998,ATTACKER,163,10,,,,,
v1a,180,2,4.998,ATTACKER,164,10,,,,,
v1a,180,2,4.998,ATTACKER,165,10,,,,,
v1a,180,2,4.998,ATTACKER,166,10,,,,,
v1a,180,2,4.998,ATTACKER,167,10,,,,,
v1a,180,2,4.998,ATTACKER,168,10,,,,,
v1a,180,2,4.998,ATTACKER,169,10,,,,,
v1a,180,2,4.998,ATTACKER,170,10,,,,,
v1a,180,2,4.998,ATTACKER,171,10,,,,,
v1a,180,2,4.998,ATTACKER,172,10,,,,,
v1a,180,2,4.998,ATTACKER,173,10,,,,,
v1a,180,2,4.998,ATTACKER,174,10,,,,,
v1a,180,2,4.998,ATTACKER,175,10,,,,,
v1a,180,2,4.998,ATTACKER,176,10,,,,,
v1a,180,2,4.998,ATTACKER,177,10,,,,,
v1a,180,2,4.998,ATTACKER,178,10,,,,,
v1a,180,2,4.998,ATTACKER,179,10,,,,,
v1a,180,2,4.998,ATTACKER,180,10,,,,,
v1a,180,2,4.998,ATTACKER,181,10,,,,,
v1a,180,2,4.998,ATTACKER,182,10,,,,,
v1a,180,2,4.998,ATTACKER,183,10,,,,,
v1a,180,2,4.998,ATTACKER,184,10,,,,,
v1a,180,2,4.998,NETWORK,0,,1800,200,0.900000,0.990000,0.990000,2.880000
v1a,180,3,6.998,ATTACKER,5,10,,,,,
v1a,180,3,6.998,ATTACKER,6,10,,,,,
v1a,180,3,6.998,ATTACKER,7,10,,,,,
v1a,180,3,6.998,ATTACKER,8,10,,,,,
v1a,180,3,6.998,ATTACKER,9,10,,,,,
v1a,180,3,6.998,ATTACKER,10,10,,,,,
v1a,180,3,6.998,ATTACKER,11,10,,,,,
v1a,180,3,6.998,ATTACKER,12,10,,,,,
v1a,180,3,6.998,ATTACKER,13,10,,,,,
v1a,180,3,6.998,ATTACKER,14,10,,,,,
v1a,180,3,6.998,ATTACKER,15,10,,,,,
v1a,180,3,6.998,ATTACKER,16,10,,,,,
v1a,180,3,6.998,ATTACKER,17,10,,,,,
v1a,180,3,6.998,ATTACKER,18,10,,,,,
v1a,180,3,6.998,ATTACKER,19,10,,,,,
v1a,180,3,6.998,ATTACKER,20,10,,,,,
v1a,180,3,6.998,ATTACKER,21,10,,,,,
v1a,180,3,6.998,ATTACKER,22,10,,,,,
v1a,180,3,6.998,ATTACKER,23,10,,,,,
v1a,180,3,6.998,ATTACKER,24,10,,,,,
v1a,180,3,6.998,ATTACKER,25,10,,,,,
v1a,180,3,6.998,ATTACKER,26,10,,,,,
v1a,180,3,6.998,ATTACKER,27,10,,,,,
v1a,180,3,6.998,ATTACKER,28,10,,,,,
v1a,180,3,6.998,ATTACKER,29,10,,,,,
v1a,180,3,6.998,ATTACKER,30,10,,,,,
v1a,180,3,6.998,ATTACKER,31,10,,,,,
v1a,180,3,6.998,ATTACKER,32,10,,,,,
v1a,180,3,6.998,ATTACKER,33,10,,,,,
v1a,180,3,6.998,ATTACKER,34,10,,,,,
v1a,180,3,6.998,ATTACKER,35,10,,,,,
v1a,180,3,6.998,ATTACKER,36,10,,,,,
v1a,180,3,6.998,ATTACKER,37,10,,,,,
v1a,180,3,6.998,ATTACKER,38,10,,,,,
v1a,180,3,6.998,ATTACKER,39,10,,,,,
v1a,180,3,6.998,ATTACKER,40,10,,,,,
v1a,180,3,6.998,ATTACKER,41,10,,,,,
v1a,180,3,6.998,ATTACKER,42,10,,,,,
v1a,180,3,6.998,ATTACKER,43,10,,,,,
v1a,180,3,6.998,ATTACKER,44,10,,,,,
v1a,180,3,6.998,ATTACKER,45,10,,,,,
v1a,180,3,6.998,ATTACKER,46,10,,,,,
v1a,180,3,6.998,ATTACKER,47,10,,,,,
v1a,180,3,6.998,ATTACKER,48,10,,,,,
v1a,180,3,6.998,ATTACKER,49,10,,,,,
v1a,180,3,6.998,ATTACKER,50,10,,,,,
v1a,180,3,6.998,ATTACKER,51,10,,,,,
v1a,180,3,6.998,ATTACKER,52,10,,,,,
v1a,180,3,6.998,ATTACKER,53,10,,,,,
v1a,180,3,6.998,ATTACKER,54,10,,,,,
v1a,180,3,6.998,ATTACKER,55,10,,,,,
v1a,180,3,6.998,ATTACKER,56,10,,,,,
v1a,180,3,6.998,ATTACKER,57,10,,,,,
v1a,180,3,6.998,ATTACKER,58,10,,,,,
v1a,180,3,6.998,ATTACKER,59,10,,,,,
v1a,180,3,6.998,ATTACKER,60,10,,,,,
v1a,180,3,6.998,ATTACKER,61,10,,,,,
v1a,180,3,6.998,ATTACKER,62,10,,,,,
v1a,180,3,6.998,ATTACKER,63,10,,,,,
v1a,180,3,6.998,ATTACKER,64,10,,,,,
v1a,180,3,6.998,ATTACKER,65,10,,,,,
v1a,180,3,6.998,ATTACKER,66,10,,,,,
v1a,180,3,6.998,ATTACKER,67,10,,,,,
v1a,180,3,6.998,ATTACKER,68,10,,,,,
v1a,180,3,6.998,ATTACKER,69,10,,,,,
v1a,180,3,6.998,ATTACKER,70,10,,,,,
v1a,180,3,6.998,ATTACKER,71,10,,,,,
v1a,180,3,6.998,ATTACKER,72,10,,,,,
v1a,180,3,6.998,ATTACKER,73,10,,,,,
v1a,180,3,6.998,ATTACKER,74,10,,,,,
v1a,180,3,6.998,ATTACKER,75,10,,,,,
v1a,180,3,6.998,ATTACKER,76,10,,,,,
v1a,180,3,6.998,ATTACKER,77,10,,,,,
v1a,180,3,6.998,ATTACKER,78,10,,,,,
v1a,180,3,6.998,ATTACKER,79,10,,,,,
v1a,180,3,6.998,ATTACKER,80,10,,,,,
v1a,180,3,6.998,ATTACKER,81,10,,,,,
v1a,180,3,6.998,ATTACKER,82,10,,,,,
v1a,180,3,6.998,ATTACKER,83,10,,,,,
v1a,180,3,6.998,ATTACKER,84,10,,,,,
v1a,180,3,6.998,ATTACKER,85,10,,,,,
v1a,180,3,6.998,ATTACKER,86,10,,,,,
v1a,180,3,6.998,ATTACKER,87,10,,,,,
v1a,180,3,6.998,ATTACKER,88,10,,,,,
v1a,180,3,6.998,ATTACKER,89,10,,,,,
v1a,180,3,6.998,ATTACKER,90,10,,,,,
v1a,180,3,6.998,ATTACKER,91,10,,,,,
v1a,180,3,6.998,ATTACKER,92,10,,,,,
v1a,180,3,6.998,ATTACKER,93,10,,,,,
v1a,180,3,6.998,ATTACKER,94,10,,,,,
v1a,180,3,6.998,ATTACKER,95,10,,,,,
v1a,180,3,6.998,ATTACKER,96,10,,,,,
v1a,180,3,6.998,ATTACKER,97,10,,,,,
v1a,180,3,6.998,ATTACKER,98,10,,,,,
v1a,180,3,6.998,ATTACKER,99,10,,,,,
v1a,180,3,6.998,ATTACKER,100,10,,,,,
v1a,180,3,6.998,ATTACKER,101,10,,,,,
v1a,180,3,6.998,ATTACKER,102,10,,,,,
v1a,180,3,6.998,ATTACKER,103,10,,,,,
v1a,180,3,6.998,ATTACKER,104,10,,,,,
v1a,180,3,6.998,ATTACKER,105,10,,,,,
v1a,180,3,6.998,ATTACKER,106,10,,,,,
v1a,180,3,6.998,ATTACKER,107,10,,,,,
v1a,180,3,6.998,ATTACKER,108,10,,,,,
v1a,180,3,6.998,ATTACKER,109,10,,,,,
v1a,180,3,6.998,ATTACKER,110,10,,,,,
v1a,180,3,6.998,ATTACKER,111,10,,,,,
v1a,180,3,6.998,ATTACKER,112,10,,,,,
v1a,180,3,6.998,ATTACKER,113,10,,,,,
v1a,180,3,6.998,ATTACKER,114,10,,,,,
v1a,180,3,6.998,ATTACKER,115,10,,,,,
v1a,180,3,6.998,ATTACKER,116,10,,,,,
v1a,180,3,6.998,ATTACKER,117,10,,,,,
v1a,180,3,6.998,ATTACKER,118,10,,,,,
v1a,180,3,6.998,ATTACKER,119,10,,,,,
v1a,180,3,6.998,ATTACKER,120,10,,,,,
v1a,180,3,6.998,ATTACKER,121,10,,,,,
v1a,180,3,6.998,ATTACKER,122,10,,,,,
v1a,180,3,6.998,ATTACKER,123,10,,,,,
v1a,180,3,6.998,ATTACKER,124,10,,,,,
v1a,180,3,6.998,ATTACKER,125,10,,,,,
v1a,180,3,6.998,ATTACKER,126,10,,,,,
v1a,180,3,6.998,ATTACKER,127,10,,,,,
v1a,180,3,6.998,ATTACKER,128,10,,,,,
v1a,180,3,6.998,ATTACKER,129,10,,,,,
v1a,180,3,6.998,ATTACKER,130,10,,,,,
v1a,180,3,6.998,ATTACKER,131,10,,,,,
v1a,180,3,6.998,ATTACKER,132,10,,,,,
v1a,180,3,6.998,ATTACKER,133,10,,,,,
v1a,180,3,6.998,ATTACKER,134,10,,,,,
v1a,180,3,6.998,ATTACKER,135,10,,,,,
v1a,180,3,6.998,ATTACKER,136,10,,,,,
v1a,180,3,6.998,ATTACKER,137,10,,,,,
v1a,180,3,6.998,ATTACKER,138,10,,,,,
v1a,180,3,6.998,ATTACKER,139,10,,,,,
v1a,180,3,6.998,ATTACKER,140,10,,,,,
v1a,180,3,6.998,ATTACKER,141,10,,,,,
v1a,180,3,6.998,ATTACKER,142,10,,,,,
v1a,180,3,6.998,ATTACKER,143,10,,,,,
v1a,180,3,6.998,ATTACKER,144,10,,,,,
v1a,180,3,6.998,ATTACKER,145,10,,,,,
v1a,180,3,6.998,ATTACKER,146,10,,,,,
v1a,180,3,6.998,ATTACKER,147,10,,,,,
v1a,180,3,6.998,ATTACKER,148,10,,,,,
v1a,180,3,6.998,ATTACKER,149,10,,,,,
v1a,180,3,6.998,ATTACKER,150,10,,,,,
v1a,180,3,6.998,ATTACKER,151,10,,,,,
v1a,180,3,6.998,ATTACKER,152,10,,,,,
v1a,180,3,6.998,ATTACKER,153,10,,,,,
v1a,180,3,6.998,ATTACKER,154,10,,,,,
v1a,180,3,6.998,ATTACKER,155,10,,,,,
v1a,180,3,6.998,ATTACKER,156,10,,,,,
v1a,180,3,6.998,ATTACKER,157,10,,,,,
v1a,180,3,6.998,ATTACKER,158,10,,,,,
v1a,180,3,6.998,ATTACKER,159,10,,,,,
v1a,180,3,6.998,ATTACKER,160,10,,,,,
v1a,180,3,6.998,ATTACKER,161,10,,,,,
v1a,180,3,6.998,ATTACKER,162,10,,,,,
v1a,180,3,6.998,ATTACKER,163,10,,,,,
v1a,180,3,6.998,ATTACKER,164,10,,,,,
v1a,180,3,6.998,ATTACKER,165,10,,,,,
v1a,180,3,6.998,ATTACKER,166,10,,,,,
v1a,180,3,6.998,ATTACKER,167,10,,,,,
v1a,180,3,6.998,ATTACKER,168,10,,,,,
v1a,180,3,6.998,ATTACKER,169,10,,,,,
v1a,180,3,6.998,ATTACKER,170,10,,,,,
v1a,180,3,6.998,ATTACKER,171,10,,,,,
v1a,180,3,6.998,ATTACKER,172,10,,,,,
v1a,180,3,6.998,ATTACKER,173,10,,,,,
v1a,180,3,6.998,ATTACKER,174,10,,,,,
v1a,180,3,6.998,ATTACKER,175,10,,,,,
v1a,180,3,6.998,ATTACKER,176,10,,,,,
v1a,180,3,6.998,ATTACKER,177,10,,,,,
v1a,180,3,6.998,ATTACKER,178,10,,,,,
v1a,180,3,6.998,ATTACKER,179,10,,,,,
v1a,180,3,6.998,ATTACKER,180,10,,,,,
v1a,180,3,6.998,ATTACKER,181,10,,,,,
v1a,180,3,6.998,ATTACKER,182,10,,,,,
v1a,180,3,6.998,ATTACKER,183,10,,,,,
v1a,180,3,6.998,ATTACKER,184,10,,,,,
v1a,180,3,6.998,NETWORK,0,,1800,200,0.900000,0.990000,0.990000,2.880000
v1a,180,4,8.998,ATTACKER,5,10,,,,,
v1a,180,4,8.998,ATTACKER,6,10,,,,,
v1a,180,4,8.998,ATTACKER,7,10,,,,,
v1a,180,4,8.998,ATTACKER,8,10,,,,,
v1a,180,4,8.998,ATTACKER,9,10,,,,,
v1a,180,4,8.998,ATTACKER,10,10,,,,,
v1a,180,4,8.998,ATTACKER,11,10,,,,,
v1a,180,4,8.998,ATTACKER,12,10,,,,,
v1a,180,4,8.998,ATTACKER,13,10,,,,,
v1a,180,4,8.998,ATTACKER,14,10,,,,,
v1a,180,4,8.998,ATTACKER,15,10,,,,,
v1a,180,4,8.998,ATTACKER,16,10,,,,,
v1a,180,4,8.998,ATTACKER,17,10,,,,,
v1a,180,4,8.998,ATTACKER,18,10,,,,,
v1a,180,4,8.998,ATTACKER,19,10,,,,,
v1a,180,4,8.998,ATTACKER,20,10,,,,,
v1a,180,4,8.998,ATTACKER,21,10,,,,,
v1a,180,4,8.998,ATTACKER,22,10,,,,,
v1a,180,4,8.998,ATTACKER,23,10,,,,,
v1a,180,4,8.998,ATTACKER,24,10,,,,,
v1a,180,4,8.998,ATTACKER,25,10,,,,,
v1a,180,4,8.998,ATTACKER,26,10,,,,,
v1a,180,4,8.998,ATTACKER,27,10,,,,,
v1a,180,4,8.998,ATTACKER,28,10,,,,,
v1a,180,4,8.998,ATTACKER,29,10,,,,,
v1a,180,4,8.998,ATTACKER,30,10,,,,,
v1a,180,4,8.998,ATTACKER,31,10,,,,,
v1a,180,4,8.998,ATTACKER,32,10,,,,,
v1a,180,4,8.998,ATTACKER,33,10,,,,,
v1a,180,4,8.998,ATTACKER,34,10,,,,,
v1a,180,4,8.998,ATTACKER,35,10,,,,,
v1a,180,4,8.998,ATTACKER,36,10,,,,,
v1a,180,4,8.998,ATTACKER,37,10,,,,,
v1a,180,4,8.998,ATTACKER,38,10,,,,,
v1a,180,4,8.998,ATTACKER,39,10,,,,,
v1a,180,4,8.998,ATTACKER,40,10,,,,,
v1a,180,4,8.998,ATTACKER,41,10,,,,,
v1a,180,4,8.998,ATTACKER,42,10,,,,,
v1a,180,4,8.998,ATTACKER,43,10,,,,,
v1a,180,4,8.998,ATTACKER,44,10,,,,,
v1a,180,4,8.998,ATTACKER,45,10,,,,,
v1a,180,4,8.998,ATTACKER,46,10,,,,,
v1a,180,4,8.998,ATTACKER,47,10,,,,,
v1a,180,4,8.998,ATTACKER,48,10,,,,,
v1a,180,4,8.998,ATTACKER,49,10,,,,,
v1a,180,4,8.998,ATTACKER,50,10,,,,,
v1a,180,4,8.998,ATTACKER,51,10,,,,,
v1a,180,4,8.998,ATTACKER,52,10,,,,,
v1a,180,4,8.998,ATTACKER,53,10,,,,,
v1a,180,4,8.998,ATTACKER,54,10,,,,,
v1a,180,4,8.998,ATTACKER,55,10,,,,,
v1a,180,4,8.998,ATTACKER,56,10,,,,,
v1a,180,4,8.998,ATTACKER,57,10,,,,,
v1a,180,4,8.998,ATTACKER,58,10,,,,,
v1a,180,4,8.998,ATTACKER,59,10,,,,,
v1a,180,4,8.998,ATTACKER,60,10,,,,,
v1a,180,4,8.998,ATTACKER,61,10,,,,,
v1a,180,4,8.998,ATTACKER,62,10,,,,,
v1a,180,4,8.998,ATTACKER,63,10,,,,,
v1a,180,4,8.998,ATTACKER,64,10,,,,,
v1a,180,4,8.998,ATTACKER,65,10,,,,,
v1a,180,4,8.998,ATTACKER,66,10,,,,,
v1a,180,4,8.998,ATTACKER,67,10,,,,,
v1a,180,4,8.998,ATTACKER,68,10,,,,,
v1a,180,4,8.998,ATTACKER,69,10,,,,,
v1a,180,4,8.998,ATTACKER,70,10,,,,,
v1a,180,4,8.998,ATTACKER,71,10,,,,,
v1a,180,4,8.998,ATTACKER,72,10,,,,,
v1a,180,4,8.998,ATTACKER,73,10,,,,,
v1a,180,4,8.998,ATTACKER,74,10,,,,,
v1a,180,4,8.998,ATTACKER,75,10,,,,,
v1a,180,4,8.998,ATTACKER,76,10,,,,,
v1a,180,4,8.998,ATTACKER,77,10,,,,,
v1a,180,4,8.998,ATTACKER,78,10,,,,,
v1a,180,4,8.998,ATTACKER,79,10,,,,,
v1a,180,4,8.998,ATTACKER,80,10,,,,,
v1a,180,4,8.998,ATTACKER,81,10,,,,,
v1a,180,4,8.998,ATTACKER,82,10,,,,,
v1a,180,4,8.998,ATTACKER,83,10,,,,,
v1a,180,4,8.998,ATTACKER,84,10,,,,,
v1a,180,4,8.998,ATTACKER,85,10,,,,,
v1a,180,4,8.998,ATTACKER,86,10,,,,,
v1a,180,4,8.998,ATTACKER,87,10,,,,,
v1a,180,4,8.998,ATTACKER,88,10,,,,,
v1a,180,4,8.998,ATTACKER,89,10,,,,,
v1a,180,4,8.998,ATTACKER,90,10,,,,,
v1a,180,4,8.998,ATTACKER,91,10,,,,,
v1a,180,4,8.998,ATTACKER,92,10,,,,,
v1a,180,4,8.998,ATTACKER,93,10,,,,,
v1a,180,4,8.998,ATTACKER,94,10,,,,,
v1a,180,4,8.998,ATTACKER,95,10,,,,,
v1a,180,4,8.998,ATTACKER,96,10,,,,,
v1a,180,4,8.998,ATTACKER,97,10,,,,,
v1a,180,4,8.998,ATTACKER,98,10,,,,,
v1a,180,4,8.998,ATTACKER,99,10,,,,,
v1a,180,4,8.998,ATTACKER,100,10,,,,,
v1a,180,4,8.998,ATTACKER,101,10,,,,,
v1a,180,4,8.998,ATTACKER,102,10,,,,,
v1a,180,4,8.998,ATTACKER,103,10,,,,,
v1a,180,4,8.998,ATTACKER,104,10,,,,,
v1a,180,4,8.998,ATTACKER,105,10,,,,,
v1a,180,4,8.998,ATTACKER,106,10,,,,,
v1a,180,4,8.998,ATTACKER,107,10,,,,,
v1a,180,4,8.998,ATTACKER,108,10,,,,,
v1a,180,4,8.998,ATTACKER,109,10,,,,,
v1a,180,4,8.998,ATTACKER,110,10,,,,,
v1a,180,4,8.998,ATTACKER,111,10,,,,,
v1a,180,4,8.998,ATTACKER,112,10,,,,,
v1a,180,4,8.998,ATTACKER,113,10,,,,,
v1a,180,4,8.998,ATTACKER,114,10,,,,,
v1a,180,4,8.998,ATTACKER,115,10,,,,,
v1a,180,4,8.998,ATTACKER,116,10,,,,,
v1a,180,4,8.998,ATTACKER,117,10,,,,,
v1a,180,4,8.998,ATTACKER,118,10,,,,,
v1a,180,4,8.998,ATTACKER,119,10,,,,,
v1a,180,4,8.998,ATTACKER,120,10,,,,,
v1a,180,4,8.998,ATTACKER,121,10,,,,,
v1a,180,4,8.998,ATTACKER,122,10,,,,,
v1a,180,4,8.998,ATTACKER,123,10,,,,,
v1a,180,4,8.998,ATTACKER,124,10,,,,,
v1a,180,4,8.998,ATTACKER,125,10,,,,,
v1a,180,4,8.998,ATTACKER,126,10,,,,,
v1a,180,4,8.998,ATTACKER,127,10,,,,,
v1a,180,4,8.998,ATTACKER,128,10,,,,,
v1a,180,4,8.998,ATTACKER,129,10,,,,,
v1a,180,4,8.998,ATTACKER,130,10,,,,,
v1a,180,4,8.998,ATTACKER,131,10,,,,,
v1a,180,4,8.998,ATTACKER,132,10,,,,,
v1a,180,4,8.998,ATTACKER,133,10,,,,,
v1a,180,4,8.998,ATTACKER,134,10,,,,,
v1a,180,4,8.998,ATTACKER,135,10,,,,,
v1a,180,4,8.998,ATTACKER,136,10,,,,,
v1a,180,4,8.998,ATTACKER,137,10,,,,,
v1a,180,4,8.998,ATTACKER,138,10,,,,,
v1a,180,4,8.998,ATTACKER,139,10,,,,,
v1a,180,4,8.998,ATTACKER,140,10,,,,,
v1a,180,4,8.998,ATTACKER,141,10,,,,,
v1a,180,4,8.998,ATTACKER,142,10,,,,,
v1a,180,4,8.998,ATTACKER,143,10,,,,,
v1a,180,4,8.998,ATTACKER,144,10,,,,,
v1a,180,4,8.998,ATTACKER,145,10,,,,,
v1a,180,4,8.998,ATTACKER,146,10,,,,,
v1a,180,4,8.998,ATTACKER,147,10,,,,,
v1a,180,4,8.998,ATTACKER,148,10,,,,,
v1a,180,4,8.998,ATTACKER,149,10,,,,,
v1a,180,4,8.998,ATTACKER,150,10,,,,,
v1a,180,4,8.998,ATTACKER,151,10,,,,,
v1a,180,4,8.998,ATTACKER,152,10,,,,,
v1a,180,4,8.998,ATTACKER,153,10,,,,,
v1a,180,4,8.998,ATTACKER,154,10,,,,,
v1a,180,4,8.998,ATTACKER,155,10,,,,,
v1a,180,4,8.998,ATTACKER,156,10,,,,,
v1a,180,4,8.998,ATTACKER,157,10,,,,,
v1a,180,4,8.998,ATTACKER,158,10,,,,,
v1a,180,4,8.998,ATTACKER,159,10,,,,,
v1a,180,4,8.998,ATTACKER,160,10,,,,,
v1a,180,4,8.998,ATTACKER,161,10,,,,,
v1a,180,4,8.998,ATTACKER,162,10,,,,,
v1a,180,4,8.998,ATTACKER,163,10,,,,,
v1a,180,4,8.998,ATTACKER,164,10,,,,,
v1a,180,4,8.998,ATTACKER,165,10,,,,,
v1a,180,4,8.998,ATTACKER,166,10,,,,,
v1a,180,4,8.998,ATTACKER,167,10,,,,,
v1a,180,4,8.998,ATTACKER,168,10,,,,,
v1a,180,4,8.998,ATTACKER,169,10,,,,,
v1a,180,4,8.998,ATTACKER,170,10,,,,,
v1a,180,4,8.998,ATTACKER,171,10,,,,,
v1a,180,4,8.998,ATTACKER,172,10,,,,,
v1a,180,4,8.998,ATTACKER,173,10,,,,,
v1a,180,4,8.998,ATTACKER,174,10,,,,,
v1a,180,4,8.998,ATTACKER,175,10,,,,,
v1a,180,4,8.998,ATTACKER,176,10,,,,,
v1a,180,4,8.998,ATTACKER,177,10,,,,,
v1a,180,4,8.998,ATTACKER,178,10,,,,,
v1a,180,4,8.998,ATTACKER,179,10,,,,,
v1a,180,4,8.998,ATTACKER,180,10,,,,,
v1a,180,4,8.998,ATTACKER,181,10,,,,,
v1a,180,4,8.998,ATTACKER,182,10,,,,,
v1a,180,4,8.998,ATTACKER,183,10,,,,,
v1a,180,4,8.998,ATTACKER,184,10,,,,,
v1a,180,4,8.998,NETWORK,0,,1800,200,0.900000,0.990000,0.990000,2.880000
v1a,180,5,10.998,ATTACKER,5,10,,,,,
v1a,180,5,10.998,ATTACKER,6,10,,,,,
v1a,180,5,10.998,ATTACKER,7,10,,,,,
v1a,180,5,10.998,ATTACKER,8,10,,,,,
v1a,180,5,10.998,ATTACKER,9,10,,,,,
v1a,180,5,10.998,ATTACKER,10,10,,,,,
v1a,180,5,10.998,ATTACKER,11,10,,,,,
v1a,180,5,10.998,ATTACKER,12,10,,,,,
v1a,180,5,10.998,ATTACKER,13,10,,,,,
v1a,180,5,10.998,ATTACKER,14,10,,,,,
v1a,180,5,10.998,ATTACKER,15,10,,,,,
v1a,180,5,10.998,ATTACKER,16,10,,,,,
v1a,180,5,10.998,ATTACKER,17,10,,,,,
v1a,180,5,10.998,ATTACKER,18,10,,,,,
v1a,180,5,10.998,ATTACKER,19,10,,,,,
v1a,180,5,10.998,ATTACKER,20,10,,,,,
v1a,180,5,10.998,ATTACKER,21,10,,,,,
v1a,180,5,10.998,ATTACKER,22,10,,,,,
v1a,180,5,10.998,ATTACKER,23,10,,,,,
v1a,180,5,10.998,ATTACKER,24,10,,,,,
v1a,180,5,10.998,ATTACKER,25,10,,,,,
v1a,180,5,10.998,ATTACKER,26,10,,,,,
v1a,180,5,10.998,ATTACKER,27,10,,,,,
v1a,180,5,10.998,ATTACKER,28,10,,,,,
v1a,180,5,10.998,ATTACKER,29,10,,,,,
v1a,180,5,10.998,ATTACKER,30,10,,,,,
v1a,180,5,10.998,ATTACKER,31,10,,,,,
v1a,180,5,10.998,ATTACKER,32,10,,,,,
v1a,180,5,10.998,ATTACKER,33,10,,,,,
v1a,180,5,10.998,ATTACKER,34,10,,,,,
v1a,180,5,10.998,ATTACKER,35,10,,,,,
v1a,180,5,10.998,ATTACKER,36,10,,,,,
v1a,180,5,10.998,ATTACKER,37,10,,,,,
v1a,180,5,10.998,ATTACKER,38,10,,,,,
v1a,180,5,10.998,ATTACKER,39,10,,,,,
v1a,180,5,10.998,ATTACKER,40,10,,,,,
v1a,180,5,10.998,ATTACKER,41,10,,,,,
v1a,180,5,10.998,ATTACKER,42,10,,,,,
v1a,180,5,10.998,ATTACKER,43,10,,,,,
v1a,180,5,10.998,ATTACKER,44,10,,,,,
v1a,180,5,10.998,ATTACKER,45,10,,,,,
v1a,180,5,10.998,ATTACKER,46,10,,,,,
v1a,180,5,10.998,ATTACKER,47,10,,,,,
v1a,180,5,10.998,ATTACKER,48,10,,,,,
v1a,180,5,10.998,ATTACKER,49,10,,,,,
v1a,180,5,10.998,ATTACKER,50,10,,,,,
v1a,180,5,10.998,ATTACKER,51,10,,,,,
v1a,180,5,10.998,ATTACKER,52,10,,,,,
v1a,180,5,10.998,ATTACKER,53,10,,,,,
v1a,180,5,10.998,ATTACKER,54,10,,,,,
v1a,180,5,10.998,ATTACKER,55,10,,,,,
v1a,180,5,10.998,ATTACKER,56,10,,,,,
v1a,180,5,10.998,ATTACKER,57,10,,,,,
v1a,180,5,10.998,ATTACKER,58,10,,,,,
v1a,180,5,10.998,ATTACKER,59,10,,,,,
v1a,180,5,10.998,ATTACKER,60,10,,,,,
v1a,180,5,10.998,ATTACKER,61,10,,,,,
v1a,180,5,10.998,ATTACKER,62,10,,,,,
v1a,180,5,10.998,ATTACKER,63,10,,,,,
v1a,180,5,10.998,ATTACKER,64,10,,,,,
v1a,180,5,10.998,ATTACKER,65,10,,,,,
v1a,180,5,10.998,ATTACKER,66,10,,,,,
v1a,180,5,10.998,ATTACKER,67,10,,,,,
v1a,180,5,10.998,ATTACKER,68,10,,,,,
v1a,180,5,10.998,ATTACKER,69,10,,,,,
v1a,180,5,10.998,ATTACKER,70,10,,,,,
v1a,180,5,10.998,ATTACKER,71,10,,,,,
v1a,180,5,10.998,ATTACKER,72,10,,,,,
v1a,180,5,10.998,ATTACKER,73,10,,,,,
v1a,180,5,10.998,ATTACKER,74,10,,,,,
v1a,180,5,10.998,ATTACKER,75,10,,,,,
v1a,180,5,10.998,ATTACKER,76,10,,,,,
v1a,180,5,10.998,ATTACKER,77,10,,,,,
v1a,180,5,10.998,ATTACKER,78,10,,,,,
v1a,180,5,10.998,ATTACKER,79,10,,,,,
v1a,180,5,10.998,ATTACKER,80,10,,,,,
v1a,180,5,10.998,ATTACKER,81,10,,,,,
v1a,180,5,10.998,ATTACKER,82,10,,,,,
v1a,180,5,10.998,ATTACKER,83,10,,,,,
v1a,180,5,10.998,ATTACKER,84,10,,,,,
v1a,180,5,10.998,ATTACKER,85,10,,,,,
v1a,180,5,10.998,ATTACKER,86,10,,,,,
v1a,180,5,10.998,ATTACKER,87,10,,,,,
v1a,180,5,10.998,ATTACKER,88,10,,,,,
v1a,180,5,10.998,ATTACKER,89,10,,,,,
v1a,180,5,10.998,ATTACKER,90,10,,,,,
v1a,180,5,10.998,ATTACKER,91,10,,,,,
v1a,180,5,10.998,ATTACKER,92,10,,,,,
v1a,180,5,10.998,ATTACKER,93,10,,,,,
v1a,180,5,10.998,ATTACKER,94,10,,,,,
v1a,180,5,10.998,ATTACKER,95,10,,,,,
v1a,180,5,10.998,ATTACKER,96,10,,,,,
v1a,180,5,10.998,ATTACKER,97,10,,,,,
v1a,180,5,10.998,ATTACKER,98,10,,,,,
v1a,180,5,10.998,ATTACKER,99,10,,,,,
v1a,180,5,10.998,ATTACKER,100,10,,,,,
v1a,180,5,10.998,ATTACKER,101,10,,,,,
v1a,180,5,10.998,ATTACKER,102,10,,,,,
v1a,180,5,10.998,ATTACKER,103,10,,,,,
v1a,180,5,10.998,ATTACKER,104,10,,,,,
v1a,180,5,10.998,ATTACKER,105,10,,,,,
v1a,180,5,10.998,ATTACKER,106,10,,,,,
v1a,180,5,10.998,ATTACKER,107,10,,,,,
v1a,180,5,10.998,ATTACKER,108,10,,,,,
v1a,180,5,10.998,ATTACKER,109,10,,,,,
v1a,180,5,10.998,ATTACKER,110,10,,,,,
v1a,180,5,10.998,ATTACKER,111,10,,,,,
v1a,180,5,10.998,ATTACKER,112,10,,,,,
v1a,180,5,10.998,ATTACKER,113,10,,,,,
v1a,180,5,10.998,ATTACKER,114,10,,,,,
v1a,180,5,10.998,ATTACKER,115,10,,,,,
v1a,180,5,10.998,ATTACKER,116,10,,,,,
v1a,180,5,10.998,ATTACKER,117,10,,,,,
v1a,180,5,10.998,ATTACKER,118,10,,,,,
v1a,180,5,10.998,ATTACKER,119,10,,,,,
v1a,180,5,10.998,ATTACKER,120,10,,,,,
v1a,180,5,10.998,ATTACKER,121,10,,,,,
v1a,180,5,10.998,ATTACKER,122,10,,,,,
v1a,180,5,10.998,ATTACKER,123,10,,,,,
v1a,180,5,10.998,ATTACKER,124,10,,,,,
v1a,180,5,10.998,ATTACKER,125,10,,,,,
v1a,180,5,10.998,ATTACKER,126,10,,,,,
v1a,180,5,10.998,ATTACKER,127,10,,,,,
v1a,180,5,10.998,ATTACKER,128,10,,,,,
v1a,180,5,10.998,ATTACKER,129,10,,,,,
v1a,180,5,10.998,ATTACKER,130,10,,,,,
v1a,180,5,10.998,ATTACKER,131,10,,,,,
v1a,180,5,10.998,ATTACKER,132,10,,,,,
v1a,180,5,10.998,ATTACKER,133,10,,,,,
v1a,180,5,10.998,ATTACKER,134,10,,,,,
v1a,180,5,10.998,ATTACKER,135,10,,,,,
v1a,180,5,10.998,ATTACKER,136,10,,,,,
v1a,180,5,10.998,ATTACKER,137,10,,,,,
v1a,180,5,10.998,ATTACKER,138,10,,,,,
v1a,180,5,10.998,ATTACKER,139,10,,,,,
v1a,180,5,10.998,ATTACKER,140,10,,,,,
v1a,180,5,10.998,ATTACKER,141,10,,,,,
v1a,180,5,10.998,ATTACKER,142,10,,,,,
v1a,180,5,10.998,ATTACKER,143,10,,,,,
v1a,180,5,10.998,ATTACKER,144,10,,,,,
v1a,180,5,10.998,ATTACKER,145,10,,,,,
v1a,180,5,10.998,ATTACKER,146,10,,,,,
v1a,180,5,10.998,ATTACKER,147,10,,,,,
v1a,180,5,10.998,ATTACKER,148,10,,,,,
v1a,180,5,10.998,ATTACKER,149,10,,,,,
v1a,180,5,10.998,ATTACKER,150,10,,,,,
v1a,180,5,10.998,ATTACKER,151,10,,,,,
v1a,180,5,10.998,ATTACKER,152,10,,,,,
v1a,180,5,10.998,ATTACKER,153,10,,,,,
v1a,180,5,10.998,ATTACKER,154,10,,,,,
v1a,180,5,10.998,ATTACKER,155,10,,,,,
v1a,180,5,10.998,ATTACKER,156,10,,,,,
v1a,180,5,10.998,ATTACKER,157,10,,,,,
v1a,180,5,10.998,ATTACKER,158,10,,,,,
v1a,180,5,10.998,ATTACKER,159,10,,,,,
v1a,180,5,10.998,ATTACKER,160,10,,,,,
v1a,180,5,10.998,ATTACKER,161,10,,,,,
v1a,180,5,10.998,ATTACKER,162,10,,,,,
v1a,180,5,10.998,ATTACKER,163,10,,,,,
v1a,180,5,10.998,ATTACKER,164,10,,,,,
v1a,180,5,10.998,ATTACKER,165,10,,,,,
v1a,180,5,10.998,ATTACKER,166,10,,,,,
v1a,180,5,10.998,ATTACKER,167,10,,,,,
v1a,180,5,10.998,ATTACKER,168,10,,,,,
v1a,180,5,10.998,ATTACKER,169,10,,,,,
v1a,180,5,10.998,ATTACKER,170,10,,,,,
v1a,180,5,10.998,ATTACKER,171,10,,,,,
v1a,180,5,10.998,ATTACKER,172,10,,,,,
v1a,180,5,10.998,ATTACKER,173,10,,,,,
v1a,180,5,10.998,ATTACKER,174,10,,,,,
v1a,180,5,10.998,ATTACKER,175,10,,,,,
v1a,180,5,10.998,ATTACKER,176,10,,,,,
v1a,180,5,10.998,ATTACKER,177,10,,,,,
v1a,180,5,10.998,ATTACKER,178,10,,,,,
v1a,180,5,10.998,ATTACKER,179,10,,,,,
v1a,180,5,10.998,ATTACKER,180,10,,,,,
v1a,180,5,10.998,ATTACKER,181,10,,,,,
v1a,180,5,10.998,ATTACKER,182,10,,,,,
v1a,180,5,10.998,ATTACKER,183,10,,,,,
v1a,180,5,10.998,ATTACKER,184,10,,,,,
v1a,180,5,10.998,NETWORK,0,,1800,200,0.900000,0.990000,0.990000,2.880000
v1a,180,6,12.998,ATTACKER,5,10,,,,,
v1a,180,6,12.998,ATTACKER,6,10,,,,,
v1a,180,6,12.998,ATTACKER,7,10,,,,,
v1a,180,6,12.998,ATTACKER,8,10,,,,,
v1a,180,6,12.998,ATTACKER,9,10,,,,,
v1a,180,6,12.998,ATTACKER,10,10,,,,,
v1a,180,6,12.998,ATTACKER,11,10,,,,,
v1a,180,6,12.998,ATTACKER,12,10,,,,,
v1a,180,6,12.998,ATTACKER,13,10,,,,,
v1a,180,6,12.998,ATTACKER,14,10,,,,,
v1a,180,6,12.998,ATTACKER,15,10,,,,,
v1a,180,6,12.998,ATTACKER,16,10,,,,,
v1a,180,6,12.998,ATTACKER,17,10,,,,,
v1a,180,6,12.998,ATTACKER,18,10,,,,,
v1a,180,6,12.998,ATTACKER,19,10,,,,,
v1a,180,6,12.998,ATTACKER,20,10,,,,,
v1a,180,6,12.998,ATTACKER,21,10,,,,,
v1a,180,6,12.998,ATTACKER,22,10,,,,,
v1a,180,6,12.998,ATTACKER,23,10,,,,,
v1a,180,6,12.998,ATTACKER,24,10,,,,,
v1a,180,6,12.998,ATTACKER,25,10,,,,,
v1a,180,6,12.998,ATTACKER,26,10,,,,,
v1a,180,6,12.998,ATTACKER,27,10,,,,,
v1a,180,6,12.998,ATTACKER,28,10,,,,,
v1a,180,6,12.998,ATTACKER,29,10,,,,,
v1a,180,6,12.998,ATTACKER,30,10,,,,,
v1a,180,6,12.998,ATTACKER,31,10,,,,,
v1a,180,6,12.998,ATTACKER,32,10,,,,,
v1a,180,6,12.998,ATTACKER,33,10,,,,,
v1a,180,6,12.998,ATTACKER,34,10,,,,,
v1a,180,6,12.998,ATTACKER,35,10,,,,,
v1a,180,6,12.998,ATTACKER,36,10,,,,,
v1a,180,6,12.998,ATTACKER,37,10,,,,,
v1a,180,6,12.998,ATTACKER,38,10,,,,,
v1a,180,6,12.998,ATTACKER,39,10,,,,,
v1a,180,6,12.998,ATTACKER,40,10,,,,,
v1a,180,6,12.998,ATTACKER,41,10,,,,,
v1a,180,6,12.998,ATTACKER,42,10,,,,,
v1a,180,6,12.998,ATTACKER,43,10,,,,,
v1a,180,6,12.998,ATTACKER,44,10,,,,,
v1a,180,6,12.998,ATTACKER,45,10,,,,,
v1a,180,6,12.998,ATTACKER,46,10,,,,,
v1a,180,6,12.998,ATTACKER,47,10,,,,,
v1a,180,6,12.998,ATTACKER,48,10,,,,,
v1a,180,6,12.998,ATTACKER,49,10,,,,,
v1a,180,6,12.998,ATTACKER,50,10,,,,,
v1a,180,6,12.998,ATTACKER,51,10,,,,,
v1a,180,6,12.998,ATTACKER,52,10,,,,,
v1a,180,6,12.998,ATTACKER,53,10,,,,,
v1a,180,6,12.998,ATTACKER,54,10,,,,,
v1a,180,6,12.998,ATTACKER,55,10,,,,,
v1a,180,6,12.998,ATTACKER,56,10,,,,,
v1a,180,6,12.998,ATTACKER,57,10,,,,,
v1a,180,6,12.998,ATTACKER,58,10,,,,,
v1a,180,6,12.998,ATTACKER,59,10,,,,,
v1a,180,6,12.998,ATTACKER,60,10,,,,,
v1a,180,6,12.998,ATTACKER,61,10,,,,,
v1a,180,6,12.998,ATTACKER,62,10,,,,,
v1a,180,6,12.998,ATTACKER,63,10,,,,,
v1a,180,6,12.998,ATTACKER,64,10,,,,,
v1a,180,6,12.998,ATTACKER,65,10,,,,,
v1a,180,6,12.998,ATTACKER,66,10,,,,,
v1a,180,6,12.998,ATTACKER,67,10,,,,,
v1a,180,6,12.998,ATTACKER,68,10,,,,,
v1a,180,6,12.998,ATTACKER,69,10,,,,,
v1a,180,6,12.998,ATTACKER,70,10,,,,,
v1a,180,6,12.998,ATTACKER,71,10,,,,,
v1a,180,6,12.998,ATTACKER,72,10,,,,,
v1a,180,6,12.998,ATTACKER,73,10,,,,,
v1a,180,6,12.998,ATTACKER,74,10,,,,,
v1a,180,6,12.998,ATTACKER,75,10,,,,,
v1a,180,6,12.998,ATTACKER,76,10,,,,,
v1a,180,6,12.998,ATTACKER,77,10,,,,,
v1a,180,6,12.998,ATTACKER,78,10,,,,,
v1a,180,6,12.998,ATTACKER,79,10,,,,,
v1a,180,6,12.998,ATTACKER,80,10,,,,,
v1a,180,6,12.998,ATTACKER,81,10,,,,,
v1a,180,6,12.998,ATTACKER,82,10,,,,,
v1a,180,6,12.998,ATTACKER,83,10,,,,,
v1a,180,6,12.998,ATTACKER,84,10,,,,,
v1a,180,6,12.998,ATTACKER,85,10,,,,,
v1a,180,6,12.998,ATTACKER,86,10,,,,,
v1a,180,6,12.998,ATTACKER,87,10,,,,,
v1a,180,6,12.998,ATTACKER,88,10,,,,,
v1a,180,6,12.998,ATTACKER,89,10,,,,,
v1a,180,6,12.998,ATTACKER,90,10,,,,,
v1a,180,6,12.998,ATTACKER,91,10,,,,,
v1a,180,6,12.998,ATTACKER,92,10,,,,,
v1a,180,6,12.998,ATTACKER,93,10,,,,,
v1a,180,6,12.998,ATTACKER,94,10,,,,,
v1a,180,6,12.998,ATTACKER,95,10,,,,,
v1a,180,6,12.998,ATTACKER,96,10,,,,,
v1a,180,6,12.998,ATTACKER,97,10,,,,,
v1a,180,6,12.998,ATTACKER,98,10,,,,,
v1a,180,6,12.998,ATTACKER,99,10,,,,,
v1a,180,6,12.998,ATTACKER,100,10,,,,,
v1a,180,6,12.998,ATTACKER,101,10,,,,,
v1a,180,6,12.998,ATTACKER,102,10,,,,,
v1a,180,6,12.998,ATTACKER,103,10,,,,,
v1a,180,6,12.998,ATTACKER,104,10,,,,,
v1a,180,6,12.998,ATTACKER,105,10,,,,,
v1a,180,6,12.998,ATTACKER,106,10,,,,,
v1a,180,6,12.998,ATTACKER,107,10,,,,,
v1a,180,6,12.998,ATTACKER,108,10,,,,,
v1a,180,6,12.998,ATTACKER,109,10,,,,,
v1a,180,6,12.998,ATTACKER,110,10,,,,,
v1a,180,6,12.998,ATTACKER,111,10,,,,,
v1a,180,6,12.998,ATTACKER,112,10,,,,,
v1a,180,6,12.998,ATTACKER,113,10,,,,,
v1a,180,6,12.998,ATTACKER,114,10,,,,,
v1a,180,6,12.998,ATTACKER,115,10,,,,,
v1a,180,6,12.998,ATTACKER,116,10,,,,,
v1a,180,6,12.998,ATTACKER,117,10,,,,,
v1a,180,6,12.998,ATTACKER,118,10,,,,,
v1a,180,6,12.998,ATTACKER,119,10,,,,,
v1a,180,6,12.998,ATTACKER,120,10,,,,,
v1a,180,6,12.998,ATTACKER,121,10,,,,,
v1a,180,6,12.998,ATTACKER,122,10,,,,,
v1a,180,6,12.998,ATTACKER,123,10,,,,,
v1a,180,6,12.998,ATTACKER,124,10,,,,,
v1a,180,6,12.998,ATTACKER,125,10,,,,,
v1a,180,6,12.998,ATTACKER,126,10,,,,,
v1a,180,6,12.998,ATTACKER,127,10,,,,,
v1a,180,6,12.998,ATTACKER,128,10,,,,,
v1a,180,6,12.998,ATTACKER,129,10,,,,,
v1a,180,6,12.998,ATTACKER,130,10,,,,,
v1a,180,6,12.998,ATTACKER,131,10,,,,,
v1a,180,6,12.998,ATTACKER,132,10,,,,,
v1a,180,6,12.998,ATTACKER,133,10,,,,,
v1a,180,6,12.998,ATTACKER,134,10,,,,,
v1a,180,6,12.998,ATTACKER,135,10,,,,,
v1a,180,6,12.998,ATTACKER,136,10,,,,,
v1a,180,6,12.998,ATTACKER,137,10,,,,,
v1a,180,6,12.998,ATTACKER,138,10,,,,,
v1a,180,6,12.998,ATTACKER,139,10,,,,,
v1a,180,6,12.998,ATTACKER,140,10,,,,,
v1a,180,6,12.998,ATTACKER,141,10,,,,,
v1a,180,6,12.998,ATTACKER,142,10,,,,,
v1a,180,6,12.998,ATTACKER,143,10,,,,,
v1a,180,6,12.998,ATTACKER,144,10,,,,,
v1a,180,6,12.998,ATTACKER,145,10,,,,,
v1a,180,6,12.998,ATTACKER,146,10,,,,,
v1a,180,6,12.998,ATTACKER,147,10,,,,,
v1a,180,6,12.998,ATTACKER,148,10,,,,,
v1a,180,6,12.998,ATTACKER,149,10,,,,,
v1a,180,6,12.998,ATTACKER,150,10,,,,,
v1a,180,6,12.998,ATTACKER,151,10,,,,,
v1a,180,6,12.998,ATTACKER,152,10,,,,,
v1a,180,6,12.998,ATTACKER,153,10,,,,,
v1a,180,6,12.998,ATTACKER,154,10,,,,,
v1a,180,6,12.998,ATTACKER,155,10,,,,,
v1a,180,6,12.998,ATTACKER,156,10,,,,,
v1a,180,6,12.998,ATTACKER,157,10,,,,,
v1a,180,6,12.998,ATTACKER,158,10,,,,,
v1a,180,6,12.998,ATTACKER,159,10,,,,,
v1a,180,6,12.998,ATTACKER,160,10,,,,,
v1a,180,6,12.998,ATTACKER,161,10,,,,,
v1a,180,6,12.998,ATTACKER,162,10,,,,,
v1a,180,6,12.998,ATTACKER,163,10,,,,,
v1a,180,6,12.998,ATTACKER,164,10,,,,,
v1a,180,6,12.998,ATTACKER,165,10,,,,,
v1a,180,6,12.998,ATTACKER,166,10,,,,,
v1a,180,6,12.998,ATTACKER,167,10,,,,,
v1a,180,6,12.998,ATTACKER,168,10,,,,,
v1a,180,6,12.998,ATTACKER,169,10,,,,,
v1a,180,6,12.998,ATTACKER,170,10,,,,,
v1a,180,6,12.998,ATTACKER,171,10,,,,,
v1a,180,6,12.998,ATTACKER,172,10,,,,,
v1a,180,6,12.998,ATTACKER,173,10,,,,,
v1a,180,6,12.998,ATTACKER,174,10,,,,,
v1a,180,6,12.998,ATTACKER,175,10,,,,,
v1a,180,6,12.998,ATTACKER,176,10,,,,,
v1a,180,6,12.998,ATTACKER,177,10,,,,,
v1a,180,6,12.998,ATTACKER,178,10,,,,,
v1a,180,6,12.998,ATTACKER,179,10,,,,,
v1a,180,6,12.998,ATTACKER,180,10,,,,,
v1a,180,6,12.998,ATTACKER,181,10,,,,,
v1a,180,6,12.998,ATTACKER,182,10,,,,,
v1a,180,6,12.998,ATTACKER,183,10,,,,,
v1a,180,6,12.998,ATTACKER,184,10,,,,,
v1a,180,6,12.998,NETWORK,0,,1800,200,0.900000,0.990000,0.990000,2.880000
